'solc --version' running
'solc /sb/0x9a4fe70bb7b39127f4772acaf0d000578644b39d.sol --combined-json abi,ast,bin,bin-runtime,srcmap,srcmap-runtime,userdoc,devdoc,hashes,compact-format --allow-paths .,/sb' running
Compilation warnings/errors on /sb/0x9a4fe70bb7b39127f4772acaf0d000578644b39d.sol:
/sb/0x9a4fe70bb7b39127f4772acaf0d000578644b39d.sol:739:45: Warning: "throw" is deprecated in favour of "revert()", "require()" and "assert()".
        if ((_nbytes == 0)||(_nbytes > 32)) throw;
                                            ^---^
/sb/0x9a4fe70bb7b39127f4772acaf0d000578644b39d.sol:829:71: Warning: "throw" is deprecated in favour of "revert()", "require()" and "assert()".
        if ((_proof[0] != "L")||(_proof[1] != "P")||(_proof[2] != 1)) throw;
                                                                      ^---^
/sb/0x9a4fe70bb7b39127f4772acaf0d000578644b39d.sol:832:37: Warning: "throw" is deprecated in favour of "revert()", "require()" and "assert()".
        if (proofVerified == false) throw;
                                    ^---^
/sb/0x9a4fe70bb7b39127f4772acaf0d000578644b39d.sol:840:14: Warning: Use of the "var" keyword is deprecated.
        for (var i=0; i<prefix.length; i++){
             ^---^
/sb/0x9a4fe70bb7b39127f4772acaf0d000578644b39d.sol:903:13: Warning: "throw" is deprecated in favour of "revert()", "require()" and "assert()".
            throw; // Should be a better way?
            ^---^
/sb/0x9a4fe70bb7b39127f4772acaf0d000578644b39d.sol:999:2: Warning: Defining constructors as functions with the same name as the contract is deprecated. Use "constructor(...) { ... }" instead.
	function owned() 
 ^ (Relevant source part starts here and spans across multiple lines).
/sb/0x9a4fe70bb7b39127f4772acaf0d000578644b39d.sol:1006:35: Warning: "throw" is deprecated in favour of "revert()", "require()" and "assert()".
        	if (msg.sender != owner) throw;
        	                         ^---^
/sb/0x9a4fe70bb7b39127f4772acaf0d000578644b39d.sol:1097:2: Warning: Defining constructors as functions with the same name as the contract is deprecated. Use "constructor(...) { ... }" instead.
	function X() 
 ^ (Relevant source part starts here and spans across multiple lines).
/sb/0x9a4fe70bb7b39127f4772acaf0d000578644b39d.sol:1327:13: Warning: "throw" is deprecated in favour of "revert()", "require()" and "assert()".
            throw;
            ^---^
/sb/0x9a4fe70bb7b39127f4772acaf0d000578644b39d.sol:1020:43: Warning: This declaration shadows an existing declaration.
	function totalSupply() constant returns (uint256 totalSupply);
	                                         ^-----------------^
/sb/0x9a4fe70bb7b39127f4772acaf0d000578644b39d.sol:1020:2: The shadowed declaration is here:
	function totalSupply() constant returns (uint256 totalSupply);
	^------------------------------------------------------------^

/sb/0x9a4fe70bb7b39127f4772acaf0d000578644b39d.sol:1272:43: Warning: This declaration shadows an existing declaration.
	function totalSupply() constant returns (uint256 totalSupply)
	                                         ^-----------------^
/sb/0x9a4fe70bb7b39127f4772acaf0d000578644b39d.sol:1272:2: The shadowed declaration is here:
	function totalSupply() constant returns (uint256 totalSupply)
 ^ (Relevant source part starts here and spans across multiple lines).

/sb/0x9a4fe70bb7b39127f4772acaf0d000578644b39d.sol:1249:14: Warning: Variable is declared as a storage pointer. Use an explicit "storage" keyword to silence this warning.
	            donation currentDonor = _donations[_donations.length - currentDistribution - 1];
	            ^-------------------^
/sb/0x9a4fe70bb7b39127f4772acaf0d000578644b39d.sol:753:50: Warning: "sha3" has been deprecated in favour of "keccak256"
        oraclize_randomDS_setCommitment(queryId, sha3(bytes8(_delay), args[1], sha256(args[0]), args[2]));
                                                 ^-----------------------------------------------------^
/sb/0x9a4fe70bb7b39127f4772acaf0d000578644b39d.sol:753:50: Warning: This function only accepts a single "bytes" argument. Please use "abi.encodePacked(...)" or a similar function to encode the data.
        oraclize_randomDS_setCommitment(queryId, sha3(bytes8(_delay), args[1], sha256(args[0]), args[2]));
                                                 ^-----------------------------------------------------^
/sb/0x9a4fe70bb7b39127f4772acaf0d000578644b39d.sol:785:21: Warning: "sha3" has been deprecated in favour of "keccak256"
        if (address(sha3(pubkey)) == signer) return true;
                    ^----------^
/sb/0x9a4fe70bb7b39127f4772acaf0d000578644b39d.sol:788:29: Warning: "sha3" has been deprecated in favour of "keccak256"
            return (address(sha3(pubkey)) == signer);
                            ^----------^
/sb/0x9a4fe70bb7b39127f4772acaf0d000578644b39d.sol:803:22: Warning: Decimal literal assigned to bytesXX variable will be left-aligned. Use an explicit conversion to silence this warning.
        tosign2[0] = 1; //role
                     ^
/sb/0x9a4fe70bb7b39127f4772acaf0d000578644b39d.sol:840:14: Warning: The type of this variable was inferred as uint8, which can hold values between 0 and 255. This is probably not desired. Use an explicit type to silence this warning.
        for (var i=0; i<prefix.length; i++){
             ^-----^
/sb/0x9a4fe70bb7b39127f4772acaf0d000578644b39d.sol:855:20: Warning: "sha3" has been deprecated in favour of "keccak256"
        checkok = (sha3(keyhash) == sha3(sha256(context_name, queryId)));
                   ^-----------^
/sb/0x9a4fe70bb7b39127f4772acaf0d000578644b39d.sol:855:42: Warning: This function only accepts a single "bytes" argument. Please use "abi.encodePacked(...)" or a similar function to encode the data.
        checkok = (sha3(keyhash) == sha3(sha256(context_name, queryId)));
                                         ^---------------------------^
/sb/0x9a4fe70bb7b39127f4772acaf0d000578644b39d.sol:855:37: Warning: "sha3" has been deprecated in favour of "keccak256"
        checkok = (sha3(keyhash) == sha3(sha256(context_name, queryId)));
                                    ^---------------------------------^
/sb/0x9a4fe70bb7b39127f4772acaf0d000578644b39d.sol:855:37: Warning: This function only accepts a single "bytes" argument. Please use "abi.encodePacked(...)" or a similar function to encode the data.
        checkok = (sha3(keyhash) == sha3(sha256(context_name, queryId)));
                                    ^---------------------------------^
/sb/0x9a4fe70bb7b39127f4772acaf0d000578644b39d.sol:855:37: Warning: The provided argument of type bytes32 is not implicitly convertible to expected type bytes memory.
        checkok = (sha3(keyhash) == sha3(sha256(context_name, queryId)));
                                    ^---------------------------------^
/sb/0x9a4fe70bb7b39127f4772acaf0d000578644b39d.sol:877:48: Warning: "sha3" has been deprecated in favour of "keccak256"
        if (oraclize_randomDS_args[queryId] == sha3(commitmentSlice1, sessionPubkeyHash)){ //unonce, nbytes and sessionKeyHash match
                                               ^---------------------------------------^
/sb/0x9a4fe70bb7b39127f4772acaf0d000578644b39d.sol:877:48: Warning: This function only accepts a single "bytes" argument. Please use "abi.encodePacked(...)" or a similar function to encode the data.
        if (oraclize_randomDS_args[queryId] == sha3(commitmentSlice1, sessionPubkeyHash)){ //unonce, nbytes and sessionKeyHash match
                                               ^---------------------------------------^
/sb/0x9a4fe70bb7b39127f4772acaf0d000578644b39d.sol:1267:35: Warning: Using contract member "balance" inherited from the address type is deprecated. Convert the contract to "address" type to access the member, for example use "address(contract).balance" instead.
	    owner.call.gas(200000).value(this.balance)();
	                                 ^----------^
/sb/0x9a4fe70bb7b39127f4772acaf0d000578644b39d.sol:1267:6: Warning: Return value of low-level calls not used.
	    owner.call.gas(200000).value(this.balance)();
	    ^------------------------------------------^
/sb/0x9a4fe70bb7b39127f4772acaf0d000578644b39d.sol:1291:6: Warning: Invoking events without "emit" prefix is deprecated.
    	Transfer(msg.sender, _to, _value);
    	^-------------------------------^
/sb/0x9a4fe70bb7b39127f4772acaf0d000578644b39d.sol:1302:15: Warning: Invoking events without "emit" prefix is deprecated.
            		Transfer(_from, _to, _amount);
            		^---------------------------^
/sb/0x9a4fe70bb7b39127f4772acaf0d000578644b39d.sol:1314:10: Warning: Invoking events without "emit" prefix is deprecated.
        	Approval(msg.sender, _spender, _amount); 
        	^-------------------------------------^
/sb/0x9a4fe70bb7b39127f4772acaf0d000578644b39d.sol:12:5: Warning: No visibility specified. Defaulting to "public". 
    function query(uint _timestamp, string _datasource, string _arg) payable returns (bytes32 _id);
    ^---------------------------------------------------------------------------------------------^
/sb/0x9a4fe70bb7b39127f4772acaf0d000578644b39d.sol:13:5: Warning: No visibility specified. Defaulting to "public". 
    function query_withGasLimit(uint _timestamp, string _datasource, string _arg, uint _gaslimit) payable returns (bytes32 _id);
    ^--------------------------------------------------------------------------------------------------------------------------^
/sb/0x9a4fe70bb7b39127f4772acaf0d000578644b39d.sol:14:5: Warning: No visibility specified. Defaulting to "public". 
    function query2(uint _timestamp, string _datasource, string _arg1, string _arg2) payable returns (bytes32 _id);
    ^-------------------------------------------------------------------------------------------------------------^
/sb/0x9a4fe70bb7b39127f4772acaf0d000578644b39d.sol:15:5: Warning: No visibility specified. Defaulting to "public". 
    function query2_withGasLimit(uint _timestamp, string _datasource, string _arg1, string _arg2, uint _gaslimit) payable returns (bytes32 _id);
    ^------------------------------------------------------------------------------------------------------------------------------------------^
/sb/0x9a4fe70bb7b39127f4772acaf0d000578644b39d.sol:16:5: Warning: No visibility specified. Defaulting to "public". 
    function queryN(uint _timestamp, string _datasource, bytes _argN) payable returns (bytes32 _id);
    ^----------------------------------------------------------------------------------------------^
/sb/0x9a4fe70bb7b39127f4772acaf0d000578644b39d.sol:17:5: Warning: No visibility specified. Defaulting to "public". 
    function queryN_withGasLimit(uint _timestamp, string _datasource, bytes _argN, uint _gaslimit) payable returns (bytes32 _id);
    ^---------------------------------------------------------------------------------------------------------------------------^
/sb/0x9a4fe70bb7b39127f4772acaf0d000578644b39d.sol:18:5: Warning: No visibility specified. Defaulting to "public". 
    function getPrice(string _datasource) returns (uint _dsprice);
    ^------------------------------------------------------------^
/sb/0x9a4fe70bb7b39127f4772acaf0d000578644b39d.sol:19:5: Warning: No visibility specified. Defaulting to "public". 
    function getPrice(string _datasource, uint gaslimit) returns (uint _dsprice);
    ^---------------------------------------------------------------------------^
/sb/0x9a4fe70bb7b39127f4772acaf0d000578644b39d.sol:20:5: Warning: No visibility specified. Defaulting to "public". 
    function useCoupon(string _coupon);
    ^---------------------------------^
/sb/0x9a4fe70bb7b39127f4772acaf0d000578644b39d.sol:21:5: Warning: No visibility specified. Defaulting to "public". 
    function setProofType(byte _proofType);
    ^-------------------------------------^
/sb/0x9a4fe70bb7b39127f4772acaf0d000578644b39d.sol:22:5: Warning: No visibility specified. Defaulting to "public". 
    function setConfig(bytes32 _config);
    ^----------------------------------^
/sb/0x9a4fe70bb7b39127f4772acaf0d000578644b39d.sol:23:5: Warning: No visibility specified. Defaulting to "public". 
    function setCustomGasPrice(uint _gasPrice);
    ^-----------------------------------------^
/sb/0x9a4fe70bb7b39127f4772acaf0d000578644b39d.sol:24:5: Warning: No visibility specified. Defaulting to "public". 
    function randomDS_getSessionPubKeyHash() returns(bytes32);
    ^--------------------------------------------------------^
/sb/0x9a4fe70bb7b39127f4772acaf0d000578644b39d.sol:27:5: Warning: No visibility specified. Defaulting to "public". 
    function getAddress() returns (address _addr);
    ^--------------------------------------------^
/sb/0x9a4fe70bb7b39127f4772acaf0d000578644b39d.sol:59:34: Warning: Unused function parameter. Remove or comment out the variable name to silence this warning.
    function oraclize_setNetwork(uint8 networkID) internal returns(bool){
                                 ^-------------^
/sb/0x9a4fe70bb7b39127f4772acaf0d000578644b39d.sol:95:5: Warning: No visibility specified. Defaulting to "public". 
    function __callback(bytes32 myid, string result) {
    ^ (Relevant source part starts here and spans across multiple lines).
/sb/0x9a4fe70bb7b39127f4772acaf0d000578644b39d.sol:98:5: Warning: No visibility specified. Defaulting to "public". 
    function __callback(bytes32 myid, string result, bytes proof) {
    ^ (Relevant source part starts here and spans across multiple lines).
/sb/0x9a4fe70bb7b39127f4772acaf0d000578644b39d.sol:98:25: Warning: Unused function parameter. Remove or comment out the variable name to silence this warning.
    function __callback(bytes32 myid, string result, bytes proof) {
                        ^----------^
/sb/0x9a4fe70bb7b39127f4772acaf0d000578644b39d.sol:98:39: Warning: Unused function parameter. Remove or comment out the variable name to silence this warning.
    function __callback(bytes32 myid, string result, bytes proof) {
                                      ^-----------^
/sb/0x9a4fe70bb7b39127f4772acaf0d000578644b39d.sol:98:54: Warning: Unused function parameter. Remove or comment out the variable name to silence this warning.
    function __callback(bytes32 myid, string result, bytes proof) {
                                                     ^---------^
/sb/0x9a4fe70bb7b39127f4772acaf0d000578644b39d.sol:999:2: Warning: No visibility specified. Defaulting to "public". 
	function owned() 
 ^ (Relevant source part starts here and spans across multiple lines).
/sb/0x9a4fe70bb7b39127f4772acaf0d000578644b39d.sol:1010:2: Warning: No visibility specified. Defaulting to "public". 
	function transferOwnership(address newOwner) onlyOwner 
 ^ (Relevant source part starts here and spans across multiple lines).
/sb/0x9a4fe70bb7b39127f4772acaf0d000578644b39d.sol:1020:2: Warning: No visibility specified. Defaulting to "public". 
	function totalSupply() constant returns (uint256 totalSupply);
	^------------------------------------------------------------^
/sb/0x9a4fe70bb7b39127f4772acaf0d000578644b39d.sol:1023:2: Warning: No visibility specified. Defaulting to "public". 
	function balanceOf(address _owner) constant returns (uint256 balance);
	^--------------------------------------------------------------------^
/sb/0x9a4fe70bb7b39127f4772acaf0d000578644b39d.sol:1026:2: Warning: No visibility specified. Defaulting to "public". 
	function transfer(address _to, uint256 _value) returns (bool success);
	^--------------------------------------------------------------------^
/sb/0x9a4fe70bb7b39127f4772acaf0d000578644b39d.sol:1029:2: Warning: No visibility specified. Defaulting to "public". 
	function transferFrom(address _from, address _to, uint256 _value) returns (bool success);
	^---------------------------------------------------------------------------------------^
/sb/0x9a4fe70bb7b39127f4772acaf0d000578644b39d.sol:1034:2: Warning: No visibility specified. Defaulting to "public". 
	function approve(address _spender, uint256 _value) returns (bool success);
	^------------------------------------------------------------------------^
/sb/0x9a4fe70bb7b39127f4772acaf0d000578644b39d.sol:1037:2: Warning: No visibility specified. Defaulting to "public". 
	function allowance(address _owner, address _spender) constant returns (uint256 remaining);
	^----------------------------------------------------------------------------------------^
/sb/0x9a4fe70bb7b39127f4772acaf0d000578644b39d.sol:1097:2: Warning: No visibility specified. Defaulting to "public". 
	function X() 
 ^ (Relevant source part starts here and spans across multiple lines).
/sb/0x9a4fe70bb7b39127f4772acaf0d000578644b39d.sol:1135:2: Warning: No visibility specified. Defaulting to "public". 
	function () payable
 ^ (Relevant source part starts here and spans across multiple lines).
/sb/0x9a4fe70bb7b39127f4772acaf0d000578644b39d.sol:1181:5: Warning: No visibility specified. Defaulting to "public". 
    function donationCount() returns (uint num)
    ^ (Relevant source part starts here and spans across multiple lines).
/sb/0x9a4fe70bb7b39127f4772acaf0d000578644b39d.sol:1185:2: Warning: No visibility specified. Defaulting to "public". 
	function crowdSaleDonate() payable returns (bool success)
 ^ (Relevant source part starts here and spans across multiple lines).
/sb/0x9a4fe70bb7b39127f4772acaf0d000578644b39d.sol:1205:2: Warning: No visibility specified. Defaulting to "public". 
	function getCurrentTokenCost() returns (uint crowdSaleCost)
 ^ (Relevant source part starts here and spans across multiple lines).
/sb/0x9a4fe70bb7b39127f4772acaf0d000578644b39d.sol:1233:2: Warning: No visibility specified. Defaulting to "public". 
	function distributeDonationTokens() onlyOwner returns (bool success)
 ^ (Relevant source part starts here and spans across multiple lines).
/sb/0x9a4fe70bb7b39127f4772acaf0d000578644b39d.sol:1259:2: Warning: No visibility specified. Defaulting to "public". 
	function changeOraclizeGasPrice(uint price) onlyOwner returns (bool success)
 ^ (Relevant source part starts here and spans across multiple lines).
/sb/0x9a4fe70bb7b39127f4772acaf0d000578644b39d.sol:1265:2: Warning: No visibility specified. Defaulting to "public". 
	function withdrawFunds() onlyOwner returns (bool success)
 ^ (Relevant source part starts here and spans across multiple lines).
/sb/0x9a4fe70bb7b39127f4772acaf0d000578644b39d.sol:1272:2: Warning: No visibility specified. Defaulting to "public". 
	function totalSupply() constant returns (uint256 totalSupply)
 ^ (Relevant source part starts here and spans across multiple lines).
/sb/0x9a4fe70bb7b39127f4772acaf0d000578644b39d.sol:1277:5: Warning: No visibility specified. Defaulting to "public". 
    function balanceOf(address _owner) constant returns (uint256 balance) 
    ^ (Relevant source part starts here and spans across multiple lines).
/sb/0x9a4fe70bb7b39127f4772acaf0d000578644b39d.sol:1282:2: Warning: No visibility specified. Defaulting to "public". 
	function transfer(address _to, uint256 _value) returns (bool success)
 ^ (Relevant source part starts here and spans across multiple lines).
/sb/0x9a4fe70bb7b39127f4772acaf0d000578644b39d.sol:1295:2: Warning: No visibility specified. Defaulting to "public". 
	function transferFrom(address _from, address _to, uint256 _amount) returns (bool success) 
 ^ (Relevant source part starts here and spans across multiple lines).
/sb/0x9a4fe70bb7b39127f4772acaf0d000578644b39d.sol:1311:2: Warning: No visibility specified. Defaulting to "public". 
	function approve(address _spender, uint256 _amount) returns (bool success)
 ^ (Relevant source part starts here and spans across multiple lines).
/sb/0x9a4fe70bb7b39127f4772acaf0d000578644b39d.sol:1318:2: Warning: No visibility specified. Defaulting to "public". 
	function allowance(address _owner, address _spender) constant returns (uint256 remaining) 
 ^ (Relevant source part starts here and spans across multiple lines).
/sb/0x9a4fe70bb7b39127f4772acaf0d000578644b39d.sol:1323:5: Warning: No visibility specified. Defaulting to "public". 
    function __callback(bytes32 myid, string result) 
    ^ (Relevant source part starts here and spans across multiple lines).
/sb/0x9a4fe70bb7b39127f4772acaf0d000578644b39d.sol:1323:25: Warning: Unused function parameter. Remove or comment out the variable name to silence this warning.
    function __callback(bytes32 myid, string result) 
                        ^----------^
/sb/0x9a4fe70bb7b39127f4772acaf0d000578644b39d.sol:1344:2: Warning: No visibility specified. Defaulting to "public". 
	function giveBlockReward() payable returns (bool success)
 ^ (Relevant source part starts here and spans across multiple lines).
/sb/0x9a4fe70bb7b39127f4772acaf0d000578644b39d.sol:98:5: Warning: Function state mutability can be restricted to pure
    function __callback(bytes32 myid, string result, bytes proof) {
    ^ (Relevant source part starts here and spans across multiple lines).
/sb/0x9a4fe70bb7b39127f4772acaf0d000578644b39d.sol:509:5: Warning: Function state mutability can be restricted to pure
    function parseAddr(string _a) internal returns (address){
    ^ (Relevant source part starts here and spans across multiple lines).
/sb/0x9a4fe70bb7b39127f4772acaf0d000578644b39d.sol:529:5: Warning: Function state mutability can be restricted to pure
    function strCompare(string _a, string _b) internal returns (int) {
    ^ (Relevant source part starts here and spans across multiple lines).
/sb/0x9a4fe70bb7b39127f4772acaf0d000578644b39d.sol:547:5: Warning: Function state mutability can be restricted to pure
    function indexOf(string _haystack, string _needle) internal returns (int) {
    ^ (Relevant source part starts here and spans across multiple lines).
/sb/0x9a4fe70bb7b39127f4772acaf0d000578644b39d.sol:574:5: Warning: Function state mutability can be restricted to pure
    function strConcat(string _a, string _b, string _c, string _d, string _e) internal returns (string) {
    ^ (Relevant source part starts here and spans across multiple lines).
/sb/0x9a4fe70bb7b39127f4772acaf0d000578644b39d.sol:609:5: Warning: Function state mutability can be restricted to pure
    function parseInt(string _a, uint _b) internal returns (uint) {
    ^ (Relevant source part starts here and spans across multiple lines).
/sb/0x9a4fe70bb7b39127f4772acaf0d000578644b39d.sol:627:5: Warning: Function state mutability can be restricted to pure
    function uint2str(uint i) internal returns (string){
    ^ (Relevant source part starts here and spans across multiple lines).
/sb/0x9a4fe70bb7b39127f4772acaf0d000578644b39d.sol:644:5: Warning: Function state mutability can be restricted to pure
    function stra2cbor(string[] arr) internal returns (bytes) {
    ^ (Relevant source part starts here and spans across multiple lines).
/sb/0x9a4fe70bb7b39127f4772acaf0d000578644b39d.sol:686:5: Warning: Function state mutability can be restricted to pure
    function ba2cbor(bytes[] arr) internal returns (bytes) {
    ^ (Relevant source part starts here and spans across multiple lines).
/sb/0x9a4fe70bb7b39127f4772acaf0d000578644b39d.sol:734:5: Warning: Function state mutability can be restricted to view
    function oraclize_getNetworkName() internal returns (string) {
    ^ (Relevant source part starts here and spans across multiple lines).
/sb/0x9a4fe70bb7b39127f4772acaf0d000578644b39d.sol:837:5: Warning: Function state mutability can be restricted to pure
    function matchBytes32Prefix(bytes32 content, bytes prefix) internal returns (bool){
    ^ (Relevant source part starts here and spans across multiple lines).
/sb/0x9a4fe70bb7b39127f4772acaf0d000578644b39d.sol:898:5: Warning: Function state mutability can be restricted to pure
    function copyBytes(bytes from, uint fromOffset, uint length, bytes to, uint toOffset) internal returns (bytes) {
    ^ (Relevant source part starts here and spans across multiple lines).
/sb/0x9a4fe70bb7b39127f4772acaf0d000578644b39d.sol:1181:5: Warning: Function state mutability can be restricted to view
    function donationCount() returns (uint num)
    ^ (Relevant source part starts here and spans across multiple lines).
/sb/0x9a4fe70bb7b39127f4772acaf0d000578644b39d.sol:1205:2: Warning: Function state mutability can be restricted to view
	function getCurrentTokenCost() returns (uint crowdSaleCost)
 ^ (Relevant source part starts here and spans across multiple lines).


X (../sb/0x9a4fe70bb7b39127f4772acaf0d000578644b39d.sol#1046-1364) contract sets array length with a user-controlled value:
	- _donations.push(donation({_donationAddress:msg.sender,_donationAmount:amount})) (../sb/0x9a4fe70bb7b39127f4772acaf0d000578644b39d.sol#1195)
X (../sb/0x9a4fe70bb7b39127f4772acaf0d000578644b39d.sol#1046-1364) contract sets array length with a user-controlled value:
	- _donations.push(donation({_donationAddress:preSale2,_donationAmount:2000000000000000})) (../sb/0x9a4fe70bb7b39127f4772acaf0d000578644b39d.sol#1120)
X (../sb/0x9a4fe70bb7b39127f4772acaf0d000578644b39d.sol#1046-1364) contract sets array length with a user-controlled value:
	- _donations.push(donation({_donationAddress:preSale1,_donationAmount:1500000000000000})) (../sb/0x9a4fe70bb7b39127f4772acaf0d000578644b39d.sol#1115)
X (../sb/0x9a4fe70bb7b39127f4772acaf0d000578644b39d.sol#1046-1364) contract sets array length with a user-controlled value:
	- regularDonations.push(donation({_donationAddress:msg.sender,_donationAmount:amount})) (../sb/0x9a4fe70bb7b39127f4772acaf0d000578644b39d.sol#1140)
Reference: https://github.com/crytic/slither/wiki/Detector-Documentation#array-length-assignment

usingOraclize.getCodeSize(address) (../sb/0x9a4fe70bb7b39127f4772acaf0d000578644b39d.sol#503-507) is declared view but contains assembly code
Reference: https://github.com/crytic/slither/wiki/Detector-Documentation#constant-functions-using-assembly-code

X.fallback() (../sb/0x9a4fe70bb7b39127f4772acaf0d000578644b39d.sol#1135-1179) performs a multiplication on the result of a division:
	- remainderEth = amount - ((amount / crowdSaleCost) * crowdSaleCost) (../sb/0x9a4fe70bb7b39127f4772acaf0d000578644b39d.sol#1150)
X.fallback() (../sb/0x9a4fe70bb7b39127f4772acaf0d000578644b39d.sol#1135-1179) performs a multiplication on the result of a division:
	- wholeNumTokens = amount / crowdSaleCost (../sb/0x9a4fe70bb7b39127f4772acaf0d000578644b39d.sol#1149)
	- balances[msg.sender] = wholeNumTokens * (10 ** decimals) (../sb/0x9a4fe70bb7b39127f4772acaf0d000578644b39d.sol#1154)
X.fallback() (../sb/0x9a4fe70bb7b39127f4772acaf0d000578644b39d.sol#1135-1179) performs a multiplication on the result of a division:
	- wholeNumTokens = amount / crowdSaleCost (../sb/0x9a4fe70bb7b39127f4772acaf0d000578644b39d.sol#1149)
	- _crowdSaleSupply -= wholeNumTokens * (10 ** decimals) (../sb/0x9a4fe70bb7b39127f4772acaf0d000578644b39d.sol#1155)
Reference: https://github.com/crytic/slither/wiki/Detector-Documentation#divide-before-multiply

X.withdrawFunds() (../sb/0x9a4fe70bb7b39127f4772acaf0d000578644b39d.sol#1265-1269) ignores return value by owner.call.gas(200000).value(this.balance)() (../sb/0x9a4fe70bb7b39127f4772acaf0d000578644b39d.sol#1267)
Reference: https://github.com/crytic/slither/wiki/Detector-Documentation#unchecked-low-level-calls

ERC20Interface.totalSupply().totalSupply (../sb/0x9a4fe70bb7b39127f4772acaf0d000578644b39d.sol#1020) shadows:
	- ERC20Interface.totalSupply() (../sb/0x9a4fe70bb7b39127f4772acaf0d000578644b39d.sol#1020) (function)
X.totalSupply().totalSupply (../sb/0x9a4fe70bb7b39127f4772acaf0d000578644b39d.sol#1272) shadows:
	- X.totalSupply() (../sb/0x9a4fe70bb7b39127f4772acaf0d000578644b39d.sol#1272-1275) (function)
	- ERC20Interface.totalSupply() (../sb/0x9a4fe70bb7b39127f4772acaf0d000578644b39d.sol#1020) (function)
Reference: https://github.com/crytic/slither/wiki/Detector-Documentation#local-variable-shadowing

owned.transferOwnership(address) (../sb/0x9a4fe70bb7b39127f4772acaf0d000578644b39d.sol#1010-1013) should emit an event for: 
	- owner = newOwner (../sb/0x9a4fe70bb7b39127f4772acaf0d000578644b39d.sol#1012) 
Reference: https://github.com/crytic/slither/wiki/Detector-Documentation#missing-events-access-control

X.changeOraclizeGasPrice(uint256) (../sb/0x9a4fe70bb7b39127f4772acaf0d000578644b39d.sol#1259-1263) should emit an event for: 
	- oraclizeGasPrice = price (../sb/0x9a4fe70bb7b39127f4772acaf0d000578644b39d.sol#1261) 
Reference: https://github.com/crytic/slither/wiki/Detector-Documentation#missing-events-arithmetic

owned.transferOwnership(address).newOwner (../sb/0x9a4fe70bb7b39127f4772acaf0d000578644b39d.sol#1010) lacks a zero-check on :
		- owner = newOwner (../sb/0x9a4fe70bb7b39127f4772acaf0d000578644b39d.sol#1012)
Reference: https://github.com/crytic/slither/wiki/Detector-Documentation#missing-zero-address-validation

Reentrancy in X.giveBlockReward() (../sb/0x9a4fe70bb7b39127f4772acaf0d000578644b39d.sol#1344-1361):
	External calls:
	- oraclize_query(URL,json(https://digitx.io/GetLotteryWinner.aspx).winner,oraclizeGasPrice) (../sb/0x9a4fe70bb7b39127f4772acaf0d000578644b39d.sol#1347)
		- price = oraclize.getPrice(datasource,gaslimit) (../sb/0x9a4fe70bb7b39127f4772acaf0d000578644b39d.sol#129)
		- oraclize = OraclizeI(OAR.getAddress()) (../sb/0x9a4fe70bb7b39127f4772acaf0d000578644b39d.sol#50)
		- oraclize.query_withGasLimit.value(price)(0,datasource,arg,gaslimit) (../sb/0x9a4fe70bb7b39127f4772acaf0d000578644b39d.sol#131)
	External calls sending eth:
	- oraclize_query(URL,json(https://digitx.io/GetLotteryWinner.aspx).winner,oraclizeGasPrice) (../sb/0x9a4fe70bb7b39127f4772acaf0d000578644b39d.sol#1347)
		- oraclize.query_withGasLimit.value(price)(0,datasource,arg,gaslimit) (../sb/0x9a4fe70bb7b39127f4772acaf0d000578644b39d.sol#131)
	State variables written after the call(s):
	- _mineableSupply -= 3 * (10 ** decimals) (../sb/0x9a4fe70bb7b39127f4772acaf0d000578644b39d.sol#1352)
	- _mineableSupply -= _mineableSupply (../sb/0x9a4fe70bb7b39127f4772acaf0d000578644b39d.sol#1358)
	- balances[block.coinbase] += 3 * (10 ** decimals) (../sb/0x9a4fe70bb7b39127f4772acaf0d000578644b39d.sol#1353)
	- balances[block.coinbase] += _mineableSupply (../sb/0x9a4fe70bb7b39127f4772acaf0d000578644b39d.sol#1357)
Reentrancy in usingOraclize.oraclize_newRandomDSQuery(uint256,uint256,uint256) (../sb/0x9a4fe70bb7b39127f4772acaf0d000578644b39d.sol#738-755):
	External calls:
	- sessionKeyHash_bytes32 = oraclize_randomDS_getSessionPubKeyHash() (../sb/0x9a4fe70bb7b39127f4772acaf0d000578644b39d.sol#744)
		- oraclize.randomDS_getSessionPubKeyHash() (../sb/0x9a4fe70bb7b39127f4772acaf0d000578644b39d.sol#500)
		- oraclize = OraclizeI(OAR.getAddress()) (../sb/0x9a4fe70bb7b39127f4772acaf0d000578644b39d.sol#50)
	- queryId = oraclize_query(_delay,random,args,_customGasLimit) (../sb/0x9a4fe70bb7b39127f4772acaf0d000578644b39d.sol#752)
		- price = oraclize.getPrice(datasource,gaslimit) (../sb/0x9a4fe70bb7b39127f4772acaf0d000578644b39d.sol#332)
		- oraclize = OraclizeI(OAR.getAddress()) (../sb/0x9a4fe70bb7b39127f4772acaf0d000578644b39d.sol#50)
		- oraclize.queryN_withGasLimit.value(price)(timestamp,datasource,args,gaslimit) (../sb/0x9a4fe70bb7b39127f4772acaf0d000578644b39d.sol#335)
	External calls sending eth:
	- queryId = oraclize_query(_delay,random,args,_customGasLimit) (../sb/0x9a4fe70bb7b39127f4772acaf0d000578644b39d.sol#752)
		- oraclize.queryN_withGasLimit.value(price)(timestamp,datasource,args,gaslimit) (../sb/0x9a4fe70bb7b39127f4772acaf0d000578644b39d.sol#335)
	State variables written after the call(s):
	- queryId = oraclize_query(_delay,random,args,_customGasLimit) (../sb/0x9a4fe70bb7b39127f4772acaf0d000578644b39d.sol#752)
		- oraclize_network_name = _network_name (../sb/0x9a4fe70bb7b39127f4772acaf0d000578644b39d.sol#731)
	- oraclize_randomDS_setCommitment(queryId,sha3()(bytes8(_delay),args[1],sha256()(args[0]),args[2])) (../sb/0x9a4fe70bb7b39127f4772acaf0d000578644b39d.sol#753)
		- oraclize_randomDS_args[queryId] = commitment (../sb/0x9a4fe70bb7b39127f4772acaf0d000578644b39d.sol#758)
Reentrancy in usingOraclize.oraclize_query(string,string[1]) (../sb/0x9a4fe70bb7b39127f4772acaf0d000578644b39d.sol#177-181):
	External calls:
	- oraclize_query(datasource,dynargs) (../sb/0x9a4fe70bb7b39127f4772acaf0d000578644b39d.sol#180)
		- price = oraclize.getPrice(datasource) (../sb/0x9a4fe70bb7b39127f4772acaf0d000578644b39d.sol#154)
		- oraclize = OraclizeI(OAR.getAddress()) (../sb/0x9a4fe70bb7b39127f4772acaf0d000578644b39d.sol#50)
		- oraclize.queryN.value(price)(0,datasource,args) (../sb/0x9a4fe70bb7b39127f4772acaf0d000578644b39d.sol#157)
	- oraclizeAPI() (../sb/0x9a4fe70bb7b39127f4772acaf0d000578644b39d.sol#177)
		- oraclize = OraclizeI(OAR.getAddress()) (../sb/0x9a4fe70bb7b39127f4772acaf0d000578644b39d.sol#50)
	External calls sending eth:
	- oraclize_query(datasource,dynargs) (../sb/0x9a4fe70bb7b39127f4772acaf0d000578644b39d.sol#180)
		- oraclize.queryN.value(price)(0,datasource,args) (../sb/0x9a4fe70bb7b39127f4772acaf0d000578644b39d.sol#157)
	State variables written after the call(s):
	- oraclize_query(datasource,dynargs) (../sb/0x9a4fe70bb7b39127f4772acaf0d000578644b39d.sol#180)
		- oraclize_network_name = _network_name (../sb/0x9a4fe70bb7b39127f4772acaf0d000578644b39d.sol#731)
Reentrancy in usingOraclize.oraclize_query(uint256,string,string[1]) (../sb/0x9a4fe70bb7b39127f4772acaf0d000578644b39d.sol#182-186):
	External calls:
	- oraclize_query(timestamp,datasource,dynargs) (../sb/0x9a4fe70bb7b39127f4772acaf0d000578644b39d.sol#185)
		- price = oraclize.getPrice(datasource) (../sb/0x9a4fe70bb7b39127f4772acaf0d000578644b39d.sol#160)
		- oraclize = OraclizeI(OAR.getAddress()) (../sb/0x9a4fe70bb7b39127f4772acaf0d000578644b39d.sol#50)
		- oraclize.queryN.value(price)(timestamp,datasource,args) (../sb/0x9a4fe70bb7b39127f4772acaf0d000578644b39d.sol#163)
	- oraclizeAPI() (../sb/0x9a4fe70bb7b39127f4772acaf0d000578644b39d.sol#182)
		- oraclize = OraclizeI(OAR.getAddress()) (../sb/0x9a4fe70bb7b39127f4772acaf0d000578644b39d.sol#50)
	External calls sending eth:
	- oraclize_query(timestamp,datasource,dynargs) (../sb/0x9a4fe70bb7b39127f4772acaf0d000578644b39d.sol#185)
		- oraclize.queryN.value(price)(timestamp,datasource,args) (../sb/0x9a4fe70bb7b39127f4772acaf0d000578644b39d.sol#163)
	State variables written after the call(s):
	- oraclize_query(timestamp,datasource,dynargs) (../sb/0x9a4fe70bb7b39127f4772acaf0d000578644b39d.sol#185)
		- oraclize_network_name = _network_name (../sb/0x9a4fe70bb7b39127f4772acaf0d000578644b39d.sol#731)
Reentrancy in usingOraclize.oraclize_query(uint256,string,string[1],uint256) (../sb/0x9a4fe70bb7b39127f4772acaf0d000578644b39d.sol#187-191):
	External calls:
	- oraclize_query(timestamp,datasource,dynargs,gaslimit) (../sb/0x9a4fe70bb7b39127f4772acaf0d000578644b39d.sol#190)
		- price = oraclize.getPrice(datasource,gaslimit) (../sb/0x9a4fe70bb7b39127f4772acaf0d000578644b39d.sol#166)
		- oraclize = OraclizeI(OAR.getAddress()) (../sb/0x9a4fe70bb7b39127f4772acaf0d000578644b39d.sol#50)
		- oraclize.queryN_withGasLimit.value(price)(timestamp,datasource,args,gaslimit) (../sb/0x9a4fe70bb7b39127f4772acaf0d000578644b39d.sol#169)
	- oraclizeAPI() (../sb/0x9a4fe70bb7b39127f4772acaf0d000578644b39d.sol#187)
		- oraclize = OraclizeI(OAR.getAddress()) (../sb/0x9a4fe70bb7b39127f4772acaf0d000578644b39d.sol#50)
	External calls sending eth:
	- oraclize_query(timestamp,datasource,dynargs,gaslimit) (../sb/0x9a4fe70bb7b39127f4772acaf0d000578644b39d.sol#190)
		- oraclize.queryN_withGasLimit.value(price)(timestamp,datasource,args,gaslimit) (../sb/0x9a4fe70bb7b39127f4772acaf0d000578644b39d.sol#169)
	State variables written after the call(s):
	- oraclize_query(timestamp,datasource,dynargs,gaslimit) (../sb/0x9a4fe70bb7b39127f4772acaf0d000578644b39d.sol#190)
		- oraclize_network_name = _network_name (../sb/0x9a4fe70bb7b39127f4772acaf0d000578644b39d.sol#731)
Reentrancy in usingOraclize.oraclize_query(string,string[1],uint256) (../sb/0x9a4fe70bb7b39127f4772acaf0d000578644b39d.sol#192-196):
	External calls:
	- oraclize_query(datasource,dynargs,gaslimit) (../sb/0x9a4fe70bb7b39127f4772acaf0d000578644b39d.sol#195)
		- price = oraclize.getPrice(datasource,gaslimit) (../sb/0x9a4fe70bb7b39127f4772acaf0d000578644b39d.sol#172)
		- oraclize = OraclizeI(OAR.getAddress()) (../sb/0x9a4fe70bb7b39127f4772acaf0d000578644b39d.sol#50)
		- oraclize.queryN_withGasLimit.value(price)(0,datasource,args,gaslimit) (../sb/0x9a4fe70bb7b39127f4772acaf0d000578644b39d.sol#175)
	- oraclizeAPI() (../sb/0x9a4fe70bb7b39127f4772acaf0d000578644b39d.sol#192)
		- oraclize = OraclizeI(OAR.getAddress()) (../sb/0x9a4fe70bb7b39127f4772acaf0d000578644b39d.sol#50)
	External calls sending eth:
	- oraclize_query(datasource,dynargs,gaslimit) (../sb/0x9a4fe70bb7b39127f4772acaf0d000578644b39d.sol#195)
		- oraclize.queryN_withGasLimit.value(price)(0,datasource,args,gaslimit) (../sb/0x9a4fe70bb7b39127f4772acaf0d000578644b39d.sol#175)
	State variables written after the call(s):
	- oraclize_query(datasource,dynargs,gaslimit) (../sb/0x9a4fe70bb7b39127f4772acaf0d000578644b39d.sol#195)
		- oraclize_network_name = _network_name (../sb/0x9a4fe70bb7b39127f4772acaf0d000578644b39d.sol#731)
Reentrancy in usingOraclize.oraclize_query(string,string[2]) (../sb/0x9a4fe70bb7b39127f4772acaf0d000578644b39d.sol#198-203):
	External calls:
	- oraclize_query(datasource,dynargs) (../sb/0x9a4fe70bb7b39127f4772acaf0d000578644b39d.sol#202)
		- price = oraclize.getPrice(datasource) (../sb/0x9a4fe70bb7b39127f4772acaf0d000578644b39d.sol#154)
		- oraclize = OraclizeI(OAR.getAddress()) (../sb/0x9a4fe70bb7b39127f4772acaf0d000578644b39d.sol#50)
		- oraclize.queryN.value(price)(0,datasource,args) (../sb/0x9a4fe70bb7b39127f4772acaf0d000578644b39d.sol#157)
	- oraclizeAPI() (../sb/0x9a4fe70bb7b39127f4772acaf0d000578644b39d.sol#198)
		- oraclize = OraclizeI(OAR.getAddress()) (../sb/0x9a4fe70bb7b39127f4772acaf0d000578644b39d.sol#50)
	External calls sending eth:
	- oraclize_query(datasource,dynargs) (../sb/0x9a4fe70bb7b39127f4772acaf0d000578644b39d.sol#202)
		- oraclize.queryN.value(price)(0,datasource,args) (../sb/0x9a4fe70bb7b39127f4772acaf0d000578644b39d.sol#157)
	State variables written after the call(s):
	- oraclize_query(datasource,dynargs) (../sb/0x9a4fe70bb7b39127f4772acaf0d000578644b39d.sol#202)
		- oraclize_network_name = _network_name (../sb/0x9a4fe70bb7b39127f4772acaf0d000578644b39d.sol#731)
Reentrancy in usingOraclize.oraclize_query(uint256,string,string[2]) (../sb/0x9a4fe70bb7b39127f4772acaf0d000578644b39d.sol#204-209):
	External calls:
	- oraclize_query(timestamp,datasource,dynargs) (../sb/0x9a4fe70bb7b39127f4772acaf0d000578644b39d.sol#208)
		- price = oraclize.getPrice(datasource) (../sb/0x9a4fe70bb7b39127f4772acaf0d000578644b39d.sol#160)
		- oraclize = OraclizeI(OAR.getAddress()) (../sb/0x9a4fe70bb7b39127f4772acaf0d000578644b39d.sol#50)
		- oraclize.queryN.value(price)(timestamp,datasource,args) (../sb/0x9a4fe70bb7b39127f4772acaf0d000578644b39d.sol#163)
	- oraclizeAPI() (../sb/0x9a4fe70bb7b39127f4772acaf0d000578644b39d.sol#204)
		- oraclize = OraclizeI(OAR.getAddress()) (../sb/0x9a4fe70bb7b39127f4772acaf0d000578644b39d.sol#50)
	External calls sending eth:
	- oraclize_query(timestamp,datasource,dynargs) (../sb/0x9a4fe70bb7b39127f4772acaf0d000578644b39d.sol#208)
		- oraclize.queryN.value(price)(timestamp,datasource,args) (../sb/0x9a4fe70bb7b39127f4772acaf0d000578644b39d.sol#163)
	State variables written after the call(s):
	- oraclize_query(timestamp,datasource,dynargs) (../sb/0x9a4fe70bb7b39127f4772acaf0d000578644b39d.sol#208)
		- oraclize_network_name = _network_name (../sb/0x9a4fe70bb7b39127f4772acaf0d000578644b39d.sol#731)
Reentrancy in usingOraclize.oraclize_query(uint256,string,string[2],uint256) (../sb/0x9a4fe70bb7b39127f4772acaf0d000578644b39d.sol#210-215):
	External calls:
	- oraclize_query(timestamp,datasource,dynargs,gaslimit) (../sb/0x9a4fe70bb7b39127f4772acaf0d000578644b39d.sol#214)
		- price = oraclize.getPrice(datasource,gaslimit) (../sb/0x9a4fe70bb7b39127f4772acaf0d000578644b39d.sol#166)
		- oraclize = OraclizeI(OAR.getAddress()) (../sb/0x9a4fe70bb7b39127f4772acaf0d000578644b39d.sol#50)
		- oraclize.queryN_withGasLimit.value(price)(timestamp,datasource,args,gaslimit) (../sb/0x9a4fe70bb7b39127f4772acaf0d000578644b39d.sol#169)
	- oraclizeAPI() (../sb/0x9a4fe70bb7b39127f4772acaf0d000578644b39d.sol#210)
		- oraclize = OraclizeI(OAR.getAddress()) (../sb/0x9a4fe70bb7b39127f4772acaf0d000578644b39d.sol#50)
	External calls sending eth:
	- oraclize_query(timestamp,datasource,dynargs,gaslimit) (../sb/0x9a4fe70bb7b39127f4772acaf0d000578644b39d.sol#214)
		- oraclize.queryN_withGasLimit.value(price)(timestamp,datasource,args,gaslimit) (../sb/0x9a4fe70bb7b39127f4772acaf0d000578644b39d.sol#169)
	State variables written after the call(s):
	- oraclize_query(timestamp,datasource,dynargs,gaslimit) (../sb/0x9a4fe70bb7b39127f4772acaf0d000578644b39d.sol#214)
		- oraclize_network_name = _network_name (../sb/0x9a4fe70bb7b39127f4772acaf0d000578644b39d.sol#731)
Reentrancy in usingOraclize.oraclize_query(string,string[2],uint256) (../sb/0x9a4fe70bb7b39127f4772acaf0d000578644b39d.sol#216-221):
	External calls:
	- oraclize_query(datasource,dynargs,gaslimit) (../sb/0x9a4fe70bb7b39127f4772acaf0d000578644b39d.sol#220)
		- price = oraclize.getPrice(datasource,gaslimit) (../sb/0x9a4fe70bb7b39127f4772acaf0d000578644b39d.sol#172)
		- oraclize = OraclizeI(OAR.getAddress()) (../sb/0x9a4fe70bb7b39127f4772acaf0d000578644b39d.sol#50)
		- oraclize.queryN_withGasLimit.value(price)(0,datasource,args,gaslimit) (../sb/0x9a4fe70bb7b39127f4772acaf0d000578644b39d.sol#175)
	- oraclizeAPI() (../sb/0x9a4fe70bb7b39127f4772acaf0d000578644b39d.sol#216)
		- oraclize = OraclizeI(OAR.getAddress()) (../sb/0x9a4fe70bb7b39127f4772acaf0d000578644b39d.sol#50)
	External calls sending eth:
	- oraclize_query(datasource,dynargs,gaslimit) (../sb/0x9a4fe70bb7b39127f4772acaf0d000578644b39d.sol#220)
		- oraclize.queryN_withGasLimit.value(price)(0,datasource,args,gaslimit) (../sb/0x9a4fe70bb7b39127f4772acaf0d000578644b39d.sol#175)
	State variables written after the call(s):
	- oraclize_query(datasource,dynargs,gaslimit) (../sb/0x9a4fe70bb7b39127f4772acaf0d000578644b39d.sol#220)
		- oraclize_network_name = _network_name (../sb/0x9a4fe70bb7b39127f4772acaf0d000578644b39d.sol#731)
Reentrancy in usingOraclize.oraclize_query(string,string[3]) (../sb/0x9a4fe70bb7b39127f4772acaf0d000578644b39d.sol#222-228):
	External calls:
	- oraclize_query(datasource,dynargs) (../sb/0x9a4fe70bb7b39127f4772acaf0d000578644b39d.sol#227)
		- price = oraclize.getPrice(datasource) (../sb/0x9a4fe70bb7b39127f4772acaf0d000578644b39d.sol#154)
		- oraclize = OraclizeI(OAR.getAddress()) (../sb/0x9a4fe70bb7b39127f4772acaf0d000578644b39d.sol#50)
		- oraclize.queryN.value(price)(0,datasource,args) (../sb/0x9a4fe70bb7b39127f4772acaf0d000578644b39d.sol#157)
	- oraclizeAPI() (../sb/0x9a4fe70bb7b39127f4772acaf0d000578644b39d.sol#222)
		- oraclize = OraclizeI(OAR.getAddress()) (../sb/0x9a4fe70bb7b39127f4772acaf0d000578644b39d.sol#50)
	External calls sending eth:
	- oraclize_query(datasource,dynargs) (../sb/0x9a4fe70bb7b39127f4772acaf0d000578644b39d.sol#227)
		- oraclize.queryN.value(price)(0,datasource,args) (../sb/0x9a4fe70bb7b39127f4772acaf0d000578644b39d.sol#157)
	State variables written after the call(s):
	- oraclize_query(datasource,dynargs) (../sb/0x9a4fe70bb7b39127f4772acaf0d000578644b39d.sol#227)
		- oraclize_network_name = _network_name (../sb/0x9a4fe70bb7b39127f4772acaf0d000578644b39d.sol#731)
Reentrancy in usingOraclize.oraclize_query(uint256,string,string[3]) (../sb/0x9a4fe70bb7b39127f4772acaf0d000578644b39d.sol#229-235):
	External calls:
	- oraclize_query(timestamp,datasource,dynargs) (../sb/0x9a4fe70bb7b39127f4772acaf0d000578644b39d.sol#234)
		- price = oraclize.getPrice(datasource) (../sb/0x9a4fe70bb7b39127f4772acaf0d000578644b39d.sol#160)
		- oraclize = OraclizeI(OAR.getAddress()) (../sb/0x9a4fe70bb7b39127f4772acaf0d000578644b39d.sol#50)
		- oraclize.queryN.value(price)(timestamp,datasource,args) (../sb/0x9a4fe70bb7b39127f4772acaf0d000578644b39d.sol#163)
	- oraclizeAPI() (../sb/0x9a4fe70bb7b39127f4772acaf0d000578644b39d.sol#229)
		- oraclize = OraclizeI(OAR.getAddress()) (../sb/0x9a4fe70bb7b39127f4772acaf0d000578644b39d.sol#50)
	External calls sending eth:
	- oraclize_query(timestamp,datasource,dynargs) (../sb/0x9a4fe70bb7b39127f4772acaf0d000578644b39d.sol#234)
		- oraclize.queryN.value(price)(timestamp,datasource,args) (../sb/0x9a4fe70bb7b39127f4772acaf0d000578644b39d.sol#163)
	State variables written after the call(s):
	- oraclize_query(timestamp,datasource,dynargs) (../sb/0x9a4fe70bb7b39127f4772acaf0d000578644b39d.sol#234)
		- oraclize_network_name = _network_name (../sb/0x9a4fe70bb7b39127f4772acaf0d000578644b39d.sol#731)
Reentrancy in usingOraclize.oraclize_query(uint256,string,string[3],uint256) (../sb/0x9a4fe70bb7b39127f4772acaf0d000578644b39d.sol#236-242):
	External calls:
	- oraclize_query(timestamp,datasource,dynargs,gaslimit) (../sb/0x9a4fe70bb7b39127f4772acaf0d000578644b39d.sol#241)
		- price = oraclize.getPrice(datasource,gaslimit) (../sb/0x9a4fe70bb7b39127f4772acaf0d000578644b39d.sol#166)
		- oraclize = OraclizeI(OAR.getAddress()) (../sb/0x9a4fe70bb7b39127f4772acaf0d000578644b39d.sol#50)
		- oraclize.queryN_withGasLimit.value(price)(timestamp,datasource,args,gaslimit) (../sb/0x9a4fe70bb7b39127f4772acaf0d000578644b39d.sol#169)
	- oraclizeAPI() (../sb/0x9a4fe70bb7b39127f4772acaf0d000578644b39d.sol#236)
		- oraclize = OraclizeI(OAR.getAddress()) (../sb/0x9a4fe70bb7b39127f4772acaf0d000578644b39d.sol#50)
	External calls sending eth:
	- oraclize_query(timestamp,datasource,dynargs,gaslimit) (../sb/0x9a4fe70bb7b39127f4772acaf0d000578644b39d.sol#241)
		- oraclize.queryN_withGasLimit.value(price)(timestamp,datasource,args,gaslimit) (../sb/0x9a4fe70bb7b39127f4772acaf0d000578644b39d.sol#169)
	State variables written after the call(s):
	- oraclize_query(timestamp,datasource,dynargs,gaslimit) (../sb/0x9a4fe70bb7b39127f4772acaf0d000578644b39d.sol#241)
		- oraclize_network_name = _network_name (../sb/0x9a4fe70bb7b39127f4772acaf0d000578644b39d.sol#731)
Reentrancy in usingOraclize.oraclize_query(string,string[3],uint256) (../sb/0x9a4fe70bb7b39127f4772acaf0d000578644b39d.sol#243-249):
	External calls:
	- oraclize_query(datasource,dynargs,gaslimit) (../sb/0x9a4fe70bb7b39127f4772acaf0d000578644b39d.sol#248)
		- price = oraclize.getPrice(datasource,gaslimit) (../sb/0x9a4fe70bb7b39127f4772acaf0d000578644b39d.sol#172)
		- oraclize = OraclizeI(OAR.getAddress()) (../sb/0x9a4fe70bb7b39127f4772acaf0d000578644b39d.sol#50)
		- oraclize.queryN_withGasLimit.value(price)(0,datasource,args,gaslimit) (../sb/0x9a4fe70bb7b39127f4772acaf0d000578644b39d.sol#175)
	- oraclizeAPI() (../sb/0x9a4fe70bb7b39127f4772acaf0d000578644b39d.sol#243)
		- oraclize = OraclizeI(OAR.getAddress()) (../sb/0x9a4fe70bb7b39127f4772acaf0d000578644b39d.sol#50)
	External calls sending eth:
	- oraclize_query(datasource,dynargs,gaslimit) (../sb/0x9a4fe70bb7b39127f4772acaf0d000578644b39d.sol#248)
		- oraclize.queryN_withGasLimit.value(price)(0,datasource,args,gaslimit) (../sb/0x9a4fe70bb7b39127f4772acaf0d000578644b39d.sol#175)
	State variables written after the call(s):
	- oraclize_query(datasource,dynargs,gaslimit) (../sb/0x9a4fe70bb7b39127f4772acaf0d000578644b39d.sol#248)
		- oraclize_network_name = _network_name (../sb/0x9a4fe70bb7b39127f4772acaf0d000578644b39d.sol#731)
Reentrancy in usingOraclize.oraclize_query(string,string[4]) (../sb/0x9a4fe70bb7b39127f4772acaf0d000578644b39d.sol#251-258):
	External calls:
	- oraclize_query(datasource,dynargs) (../sb/0x9a4fe70bb7b39127f4772acaf0d000578644b39d.sol#257)
		- price = oraclize.getPrice(datasource) (../sb/0x9a4fe70bb7b39127f4772acaf0d000578644b39d.sol#154)
		- oraclize = OraclizeI(OAR.getAddress()) (../sb/0x9a4fe70bb7b39127f4772acaf0d000578644b39d.sol#50)
		- oraclize.queryN.value(price)(0,datasource,args) (../sb/0x9a4fe70bb7b39127f4772acaf0d000578644b39d.sol#157)
	- oraclizeAPI() (../sb/0x9a4fe70bb7b39127f4772acaf0d000578644b39d.sol#251)
		- oraclize = OraclizeI(OAR.getAddress()) (../sb/0x9a4fe70bb7b39127f4772acaf0d000578644b39d.sol#50)
	External calls sending eth:
	- oraclize_query(datasource,dynargs) (../sb/0x9a4fe70bb7b39127f4772acaf0d000578644b39d.sol#257)
		- oraclize.queryN.value(price)(0,datasource,args) (../sb/0x9a4fe70bb7b39127f4772acaf0d000578644b39d.sol#157)
	State variables written after the call(s):
	- oraclize_query(datasource,dynargs) (../sb/0x9a4fe70bb7b39127f4772acaf0d000578644b39d.sol#257)
		- oraclize_network_name = _network_name (../sb/0x9a4fe70bb7b39127f4772acaf0d000578644b39d.sol#731)
Reentrancy in usingOraclize.oraclize_query(uint256,string,string[4]) (../sb/0x9a4fe70bb7b39127f4772acaf0d000578644b39d.sol#259-266):
	External calls:
	- oraclize_query(timestamp,datasource,dynargs) (../sb/0x9a4fe70bb7b39127f4772acaf0d000578644b39d.sol#265)
		- price = oraclize.getPrice(datasource) (../sb/0x9a4fe70bb7b39127f4772acaf0d000578644b39d.sol#160)
		- oraclize = OraclizeI(OAR.getAddress()) (../sb/0x9a4fe70bb7b39127f4772acaf0d000578644b39d.sol#50)
		- oraclize.queryN.value(price)(timestamp,datasource,args) (../sb/0x9a4fe70bb7b39127f4772acaf0d000578644b39d.sol#163)
	- oraclizeAPI() (../sb/0x9a4fe70bb7b39127f4772acaf0d000578644b39d.sol#259)
		- oraclize = OraclizeI(OAR.getAddress()) (../sb/0x9a4fe70bb7b39127f4772acaf0d000578644b39d.sol#50)
	External calls sending eth:
	- oraclize_query(timestamp,datasource,dynargs) (../sb/0x9a4fe70bb7b39127f4772acaf0d000578644b39d.sol#265)
		- oraclize.queryN.value(price)(timestamp,datasource,args) (../sb/0x9a4fe70bb7b39127f4772acaf0d000578644b39d.sol#163)
	State variables written after the call(s):
	- oraclize_query(timestamp,datasource,dynargs) (../sb/0x9a4fe70bb7b39127f4772acaf0d000578644b39d.sol#265)
		- oraclize_network_name = _network_name (../sb/0x9a4fe70bb7b39127f4772acaf0d000578644b39d.sol#731)
Reentrancy in usingOraclize.oraclize_query(uint256,string,string[4],uint256) (../sb/0x9a4fe70bb7b39127f4772acaf0d000578644b39d.sol#267-274):
	External calls:
	- oraclize_query(timestamp,datasource,dynargs,gaslimit) (../sb/0x9a4fe70bb7b39127f4772acaf0d000578644b39d.sol#273)
		- price = oraclize.getPrice(datasource,gaslimit) (../sb/0x9a4fe70bb7b39127f4772acaf0d000578644b39d.sol#166)
		- oraclize = OraclizeI(OAR.getAddress()) (../sb/0x9a4fe70bb7b39127f4772acaf0d000578644b39d.sol#50)
		- oraclize.queryN_withGasLimit.value(price)(timestamp,datasource,args,gaslimit) (../sb/0x9a4fe70bb7b39127f4772acaf0d000578644b39d.sol#169)
	- oraclizeAPI() (../sb/0x9a4fe70bb7b39127f4772acaf0d000578644b39d.sol#267)
		- oraclize = OraclizeI(OAR.getAddress()) (../sb/0x9a4fe70bb7b39127f4772acaf0d000578644b39d.sol#50)
	External calls sending eth:
	- oraclize_query(timestamp,datasource,dynargs,gaslimit) (../sb/0x9a4fe70bb7b39127f4772acaf0d000578644b39d.sol#273)
		- oraclize.queryN_withGasLimit.value(price)(timestamp,datasource,args,gaslimit) (../sb/0x9a4fe70bb7b39127f4772acaf0d000578644b39d.sol#169)
	State variables written after the call(s):
	- oraclize_query(timestamp,datasource,dynargs,gaslimit) (../sb/0x9a4fe70bb7b39127f4772acaf0d000578644b39d.sol#273)
		- oraclize_network_name = _network_name (../sb/0x9a4fe70bb7b39127f4772acaf0d000578644b39d.sol#731)
Reentrancy in usingOraclize.oraclize_query(string,string[4],uint256) (../sb/0x9a4fe70bb7b39127f4772acaf0d000578644b39d.sol#275-282):
	External calls:
	- oraclize_query(datasource,dynargs,gaslimit) (../sb/0x9a4fe70bb7b39127f4772acaf0d000578644b39d.sol#281)
		- price = oraclize.getPrice(datasource,gaslimit) (../sb/0x9a4fe70bb7b39127f4772acaf0d000578644b39d.sol#172)
		- oraclize = OraclizeI(OAR.getAddress()) (../sb/0x9a4fe70bb7b39127f4772acaf0d000578644b39d.sol#50)
		- oraclize.queryN_withGasLimit.value(price)(0,datasource,args,gaslimit) (../sb/0x9a4fe70bb7b39127f4772acaf0d000578644b39d.sol#175)
	- oraclizeAPI() (../sb/0x9a4fe70bb7b39127f4772acaf0d000578644b39d.sol#275)
		- oraclize = OraclizeI(OAR.getAddress()) (../sb/0x9a4fe70bb7b39127f4772acaf0d000578644b39d.sol#50)
	External calls sending eth:
	- oraclize_query(datasource,dynargs,gaslimit) (../sb/0x9a4fe70bb7b39127f4772acaf0d000578644b39d.sol#281)
		- oraclize.queryN_withGasLimit.value(price)(0,datasource,args,gaslimit) (../sb/0x9a4fe70bb7b39127f4772acaf0d000578644b39d.sol#175)
	State variables written after the call(s):
	- oraclize_query(datasource,dynargs,gaslimit) (../sb/0x9a4fe70bb7b39127f4772acaf0d000578644b39d.sol#281)
		- oraclize_network_name = _network_name (../sb/0x9a4fe70bb7b39127f4772acaf0d000578644b39d.sol#731)
Reentrancy in usingOraclize.oraclize_query(string,string[5]) (../sb/0x9a4fe70bb7b39127f4772acaf0d000578644b39d.sol#283-291):
	External calls:
	- oraclize_query(datasource,dynargs) (../sb/0x9a4fe70bb7b39127f4772acaf0d000578644b39d.sol#290)
		- price = oraclize.getPrice(datasource) (../sb/0x9a4fe70bb7b39127f4772acaf0d000578644b39d.sol#154)
		- oraclize = OraclizeI(OAR.getAddress()) (../sb/0x9a4fe70bb7b39127f4772acaf0d000578644b39d.sol#50)
		- oraclize.queryN.value(price)(0,datasource,args) (../sb/0x9a4fe70bb7b39127f4772acaf0d000578644b39d.sol#157)
	- oraclizeAPI() (../sb/0x9a4fe70bb7b39127f4772acaf0d000578644b39d.sol#283)
		- oraclize = OraclizeI(OAR.getAddress()) (../sb/0x9a4fe70bb7b39127f4772acaf0d000578644b39d.sol#50)
	External calls sending eth:
	- oraclize_query(datasource,dynargs) (../sb/0x9a4fe70bb7b39127f4772acaf0d000578644b39d.sol#290)
		- oraclize.queryN.value(price)(0,datasource,args) (../sb/0x9a4fe70bb7b39127f4772acaf0d000578644b39d.sol#157)
	State variables written after the call(s):
	- oraclize_query(datasource,dynargs) (../sb/0x9a4fe70bb7b39127f4772acaf0d000578644b39d.sol#290)
		- oraclize_network_name = _network_name (../sb/0x9a4fe70bb7b39127f4772acaf0d000578644b39d.sol#731)
Reentrancy in usingOraclize.oraclize_query(uint256,string,string[5]) (../sb/0x9a4fe70bb7b39127f4772acaf0d000578644b39d.sol#292-300):
	External calls:
	- oraclize_query(timestamp,datasource,dynargs) (../sb/0x9a4fe70bb7b39127f4772acaf0d000578644b39d.sol#299)
		- price = oraclize.getPrice(datasource) (../sb/0x9a4fe70bb7b39127f4772acaf0d000578644b39d.sol#160)
		- oraclize = OraclizeI(OAR.getAddress()) (../sb/0x9a4fe70bb7b39127f4772acaf0d000578644b39d.sol#50)
		- oraclize.queryN.value(price)(timestamp,datasource,args) (../sb/0x9a4fe70bb7b39127f4772acaf0d000578644b39d.sol#163)
	- oraclizeAPI() (../sb/0x9a4fe70bb7b39127f4772acaf0d000578644b39d.sol#292)
		- oraclize = OraclizeI(OAR.getAddress()) (../sb/0x9a4fe70bb7b39127f4772acaf0d000578644b39d.sol#50)
	External calls sending eth:
	- oraclize_query(timestamp,datasource,dynargs) (../sb/0x9a4fe70bb7b39127f4772acaf0d000578644b39d.sol#299)
		- oraclize.queryN.value(price)(timestamp,datasource,args) (../sb/0x9a4fe70bb7b39127f4772acaf0d000578644b39d.sol#163)
	State variables written after the call(s):
	- oraclize_query(timestamp,datasource,dynargs) (../sb/0x9a4fe70bb7b39127f4772acaf0d000578644b39d.sol#299)
		- oraclize_network_name = _network_name (../sb/0x9a4fe70bb7b39127f4772acaf0d000578644b39d.sol#731)
Reentrancy in usingOraclize.oraclize_query(uint256,string,string[5],uint256) (../sb/0x9a4fe70bb7b39127f4772acaf0d000578644b39d.sol#301-309):
	External calls:
	- oraclize_query(timestamp,datasource,dynargs,gaslimit) (../sb/0x9a4fe70bb7b39127f4772acaf0d000578644b39d.sol#308)
		- price = oraclize.getPrice(datasource,gaslimit) (../sb/0x9a4fe70bb7b39127f4772acaf0d000578644b39d.sol#166)
		- oraclize = OraclizeI(OAR.getAddress()) (../sb/0x9a4fe70bb7b39127f4772acaf0d000578644b39d.sol#50)
		- oraclize.queryN_withGasLimit.value(price)(timestamp,datasource,args,gaslimit) (../sb/0x9a4fe70bb7b39127f4772acaf0d000578644b39d.sol#169)
	- oraclizeAPI() (../sb/0x9a4fe70bb7b39127f4772acaf0d000578644b39d.sol#301)
		- oraclize = OraclizeI(OAR.getAddress()) (../sb/0x9a4fe70bb7b39127f4772acaf0d000578644b39d.sol#50)
	External calls sending eth:
	- oraclize_query(timestamp,datasource,dynargs,gaslimit) (../sb/0x9a4fe70bb7b39127f4772acaf0d000578644b39d.sol#308)
		- oraclize.queryN_withGasLimit.value(price)(timestamp,datasource,args,gaslimit) (../sb/0x9a4fe70bb7b39127f4772acaf0d000578644b39d.sol#169)
	State variables written after the call(s):
	- oraclize_query(timestamp,datasource,dynargs,gaslimit) (../sb/0x9a4fe70bb7b39127f4772acaf0d000578644b39d.sol#308)
		- oraclize_network_name = _network_name (../sb/0x9a4fe70bb7b39127f4772acaf0d000578644b39d.sol#731)
Reentrancy in usingOraclize.oraclize_query(string,string[5],uint256) (../sb/0x9a4fe70bb7b39127f4772acaf0d000578644b39d.sol#310-318):
	External calls:
	- oraclize_query(datasource,dynargs,gaslimit) (../sb/0x9a4fe70bb7b39127f4772acaf0d000578644b39d.sol#317)
		- price = oraclize.getPrice(datasource,gaslimit) (../sb/0x9a4fe70bb7b39127f4772acaf0d000578644b39d.sol#172)
		- oraclize = OraclizeI(OAR.getAddress()) (../sb/0x9a4fe70bb7b39127f4772acaf0d000578644b39d.sol#50)
		- oraclize.queryN_withGasLimit.value(price)(0,datasource,args,gaslimit) (../sb/0x9a4fe70bb7b39127f4772acaf0d000578644b39d.sol#175)
	- oraclizeAPI() (../sb/0x9a4fe70bb7b39127f4772acaf0d000578644b39d.sol#310)
		- oraclize = OraclizeI(OAR.getAddress()) (../sb/0x9a4fe70bb7b39127f4772acaf0d000578644b39d.sol#50)
	External calls sending eth:
	- oraclize_query(datasource,dynargs,gaslimit) (../sb/0x9a4fe70bb7b39127f4772acaf0d000578644b39d.sol#317)
		- oraclize.queryN_withGasLimit.value(price)(0,datasource,args,gaslimit) (../sb/0x9a4fe70bb7b39127f4772acaf0d000578644b39d.sol#175)
	State variables written after the call(s):
	- oraclize_query(datasource,dynargs,gaslimit) (../sb/0x9a4fe70bb7b39127f4772acaf0d000578644b39d.sol#317)
		- oraclize_network_name = _network_name (../sb/0x9a4fe70bb7b39127f4772acaf0d000578644b39d.sol#731)
Reentrancy in usingOraclize.oraclize_query(string,bytes[1]) (../sb/0x9a4fe70bb7b39127f4772acaf0d000578644b39d.sol#343-347):
	External calls:
	- oraclize_query(datasource,dynargs) (../sb/0x9a4fe70bb7b39127f4772acaf0d000578644b39d.sol#346)
		- price = oraclize.getPrice(datasource) (../sb/0x9a4fe70bb7b39127f4772acaf0d000578644b39d.sol#320)
		- oraclize = OraclizeI(OAR.getAddress()) (../sb/0x9a4fe70bb7b39127f4772acaf0d000578644b39d.sol#50)
		- oraclize.queryN.value(price)(0,datasource,args) (../sb/0x9a4fe70bb7b39127f4772acaf0d000578644b39d.sol#323)
	- oraclizeAPI() (../sb/0x9a4fe70bb7b39127f4772acaf0d000578644b39d.sol#343)
		- oraclize = OraclizeI(OAR.getAddress()) (../sb/0x9a4fe70bb7b39127f4772acaf0d000578644b39d.sol#50)
	External calls sending eth:
	- oraclize_query(datasource,dynargs) (../sb/0x9a4fe70bb7b39127f4772acaf0d000578644b39d.sol#346)
		- oraclize.queryN.value(price)(0,datasource,args) (../sb/0x9a4fe70bb7b39127f4772acaf0d000578644b39d.sol#323)
	State variables written after the call(s):
	- oraclize_query(datasource,dynargs) (../sb/0x9a4fe70bb7b39127f4772acaf0d000578644b39d.sol#346)
		- oraclize_network_name = _network_name (../sb/0x9a4fe70bb7b39127f4772acaf0d000578644b39d.sol#731)
Reentrancy in usingOraclize.oraclize_query(uint256,string,bytes[1]) (../sb/0x9a4fe70bb7b39127f4772acaf0d000578644b39d.sol#348-352):
	External calls:
	- oraclize_query(timestamp,datasource,dynargs) (../sb/0x9a4fe70bb7b39127f4772acaf0d000578644b39d.sol#351)
		- price = oraclize.getPrice(datasource) (../sb/0x9a4fe70bb7b39127f4772acaf0d000578644b39d.sol#326)
		- oraclize = OraclizeI(OAR.getAddress()) (../sb/0x9a4fe70bb7b39127f4772acaf0d000578644b39d.sol#50)
		- oraclize.queryN.value(price)(timestamp,datasource,args) (../sb/0x9a4fe70bb7b39127f4772acaf0d000578644b39d.sol#329)
	- oraclizeAPI() (../sb/0x9a4fe70bb7b39127f4772acaf0d000578644b39d.sol#348)
		- oraclize = OraclizeI(OAR.getAddress()) (../sb/0x9a4fe70bb7b39127f4772acaf0d000578644b39d.sol#50)
	External calls sending eth:
	- oraclize_query(timestamp,datasource,dynargs) (../sb/0x9a4fe70bb7b39127f4772acaf0d000578644b39d.sol#351)
		- oraclize.queryN.value(price)(timestamp,datasource,args) (../sb/0x9a4fe70bb7b39127f4772acaf0d000578644b39d.sol#329)
	State variables written after the call(s):
	- oraclize_query(timestamp,datasource,dynargs) (../sb/0x9a4fe70bb7b39127f4772acaf0d000578644b39d.sol#351)
		- oraclize_network_name = _network_name (../sb/0x9a4fe70bb7b39127f4772acaf0d000578644b39d.sol#731)
Reentrancy in usingOraclize.oraclize_query(uint256,string,bytes[1],uint256) (../sb/0x9a4fe70bb7b39127f4772acaf0d000578644b39d.sol#353-357):
	External calls:
	- oraclize_query(timestamp,datasource,dynargs,gaslimit) (../sb/0x9a4fe70bb7b39127f4772acaf0d000578644b39d.sol#356)
		- price = oraclize.getPrice(datasource,gaslimit) (../sb/0x9a4fe70bb7b39127f4772acaf0d000578644b39d.sol#332)
		- oraclize = OraclizeI(OAR.getAddress()) (../sb/0x9a4fe70bb7b39127f4772acaf0d000578644b39d.sol#50)
		- oraclize.queryN_withGasLimit.value(price)(timestamp,datasource,args,gaslimit) (../sb/0x9a4fe70bb7b39127f4772acaf0d000578644b39d.sol#335)
	- oraclizeAPI() (../sb/0x9a4fe70bb7b39127f4772acaf0d000578644b39d.sol#353)
		- oraclize = OraclizeI(OAR.getAddress()) (../sb/0x9a4fe70bb7b39127f4772acaf0d000578644b39d.sol#50)
	External calls sending eth:
	- oraclize_query(timestamp,datasource,dynargs,gaslimit) (../sb/0x9a4fe70bb7b39127f4772acaf0d000578644b39d.sol#356)
		- oraclize.queryN_withGasLimit.value(price)(timestamp,datasource,args,gaslimit) (../sb/0x9a4fe70bb7b39127f4772acaf0d000578644b39d.sol#335)
	State variables written after the call(s):
	- oraclize_query(timestamp,datasource,dynargs,gaslimit) (../sb/0x9a4fe70bb7b39127f4772acaf0d000578644b39d.sol#356)
		- oraclize_network_name = _network_name (../sb/0x9a4fe70bb7b39127f4772acaf0d000578644b39d.sol#731)
Reentrancy in usingOraclize.oraclize_query(string,bytes[1],uint256) (../sb/0x9a4fe70bb7b39127f4772acaf0d000578644b39d.sol#358-362):
	External calls:
	- oraclize_query(datasource,dynargs,gaslimit) (../sb/0x9a4fe70bb7b39127f4772acaf0d000578644b39d.sol#361)
		- price = oraclize.getPrice(datasource,gaslimit) (../sb/0x9a4fe70bb7b39127f4772acaf0d000578644b39d.sol#338)
		- oraclize = OraclizeI(OAR.getAddress()) (../sb/0x9a4fe70bb7b39127f4772acaf0d000578644b39d.sol#50)
		- oraclize.queryN_withGasLimit.value(price)(0,datasource,args,gaslimit) (../sb/0x9a4fe70bb7b39127f4772acaf0d000578644b39d.sol#341)
	- oraclizeAPI() (../sb/0x9a4fe70bb7b39127f4772acaf0d000578644b39d.sol#358)
		- oraclize = OraclizeI(OAR.getAddress()) (../sb/0x9a4fe70bb7b39127f4772acaf0d000578644b39d.sol#50)
	External calls sending eth:
	- oraclize_query(datasource,dynargs,gaslimit) (../sb/0x9a4fe70bb7b39127f4772acaf0d000578644b39d.sol#361)
		- oraclize.queryN_withGasLimit.value(price)(0,datasource,args,gaslimit) (../sb/0x9a4fe70bb7b39127f4772acaf0d000578644b39d.sol#341)
	State variables written after the call(s):
	- oraclize_query(datasource,dynargs,gaslimit) (../sb/0x9a4fe70bb7b39127f4772acaf0d000578644b39d.sol#361)
		- oraclize_network_name = _network_name (../sb/0x9a4fe70bb7b39127f4772acaf0d000578644b39d.sol#731)
Reentrancy in usingOraclize.oraclize_query(string,bytes[2]) (../sb/0x9a4fe70bb7b39127f4772acaf0d000578644b39d.sol#364-369):
	External calls:
	- oraclize_query(datasource,dynargs) (../sb/0x9a4fe70bb7b39127f4772acaf0d000578644b39d.sol#368)
		- price = oraclize.getPrice(datasource) (../sb/0x9a4fe70bb7b39127f4772acaf0d000578644b39d.sol#320)
		- oraclize = OraclizeI(OAR.getAddress()) (../sb/0x9a4fe70bb7b39127f4772acaf0d000578644b39d.sol#50)
		- oraclize.queryN.value(price)(0,datasource,args) (../sb/0x9a4fe70bb7b39127f4772acaf0d000578644b39d.sol#323)
	- oraclizeAPI() (../sb/0x9a4fe70bb7b39127f4772acaf0d000578644b39d.sol#364)
		- oraclize = OraclizeI(OAR.getAddress()) (../sb/0x9a4fe70bb7b39127f4772acaf0d000578644b39d.sol#50)
	External calls sending eth:
	- oraclize_query(datasource,dynargs) (../sb/0x9a4fe70bb7b39127f4772acaf0d000578644b39d.sol#368)
		- oraclize.queryN.value(price)(0,datasource,args) (../sb/0x9a4fe70bb7b39127f4772acaf0d000578644b39d.sol#323)
	State variables written after the call(s):
	- oraclize_query(datasource,dynargs) (../sb/0x9a4fe70bb7b39127f4772acaf0d000578644b39d.sol#368)
		- oraclize_network_name = _network_name (../sb/0x9a4fe70bb7b39127f4772acaf0d000578644b39d.sol#731)
Reentrancy in usingOraclize.oraclize_query(uint256,string,bytes[2]) (../sb/0x9a4fe70bb7b39127f4772acaf0d000578644b39d.sol#370-375):
	External calls:
	- oraclize_query(timestamp,datasource,dynargs) (../sb/0x9a4fe70bb7b39127f4772acaf0d000578644b39d.sol#374)
		- price = oraclize.getPrice(datasource) (../sb/0x9a4fe70bb7b39127f4772acaf0d000578644b39d.sol#326)
		- oraclize = OraclizeI(OAR.getAddress()) (../sb/0x9a4fe70bb7b39127f4772acaf0d000578644b39d.sol#50)
		- oraclize.queryN.value(price)(timestamp,datasource,args) (../sb/0x9a4fe70bb7b39127f4772acaf0d000578644b39d.sol#329)
	- oraclizeAPI() (../sb/0x9a4fe70bb7b39127f4772acaf0d000578644b39d.sol#370)
		- oraclize = OraclizeI(OAR.getAddress()) (../sb/0x9a4fe70bb7b39127f4772acaf0d000578644b39d.sol#50)
	External calls sending eth:
	- oraclize_query(timestamp,datasource,dynargs) (../sb/0x9a4fe70bb7b39127f4772acaf0d000578644b39d.sol#374)
		- oraclize.queryN.value(price)(timestamp,datasource,args) (../sb/0x9a4fe70bb7b39127f4772acaf0d000578644b39d.sol#329)
	State variables written after the call(s):
	- oraclize_query(timestamp,datasource,dynargs) (../sb/0x9a4fe70bb7b39127f4772acaf0d000578644b39d.sol#374)
		- oraclize_network_name = _network_name (../sb/0x9a4fe70bb7b39127f4772acaf0d000578644b39d.sol#731)
Reentrancy in usingOraclize.oraclize_query(uint256,string,bytes[2],uint256) (../sb/0x9a4fe70bb7b39127f4772acaf0d000578644b39d.sol#376-381):
	External calls:
	- oraclize_query(timestamp,datasource,dynargs,gaslimit) (../sb/0x9a4fe70bb7b39127f4772acaf0d000578644b39d.sol#380)
		- price = oraclize.getPrice(datasource,gaslimit) (../sb/0x9a4fe70bb7b39127f4772acaf0d000578644b39d.sol#332)
		- oraclize = OraclizeI(OAR.getAddress()) (../sb/0x9a4fe70bb7b39127f4772acaf0d000578644b39d.sol#50)
		- oraclize.queryN_withGasLimit.value(price)(timestamp,datasource,args,gaslimit) (../sb/0x9a4fe70bb7b39127f4772acaf0d000578644b39d.sol#335)
	- oraclizeAPI() (../sb/0x9a4fe70bb7b39127f4772acaf0d000578644b39d.sol#376)
		- oraclize = OraclizeI(OAR.getAddress()) (../sb/0x9a4fe70bb7b39127f4772acaf0d000578644b39d.sol#50)
	External calls sending eth:
	- oraclize_query(timestamp,datasource,dynargs,gaslimit) (../sb/0x9a4fe70bb7b39127f4772acaf0d000578644b39d.sol#380)
		- oraclize.queryN_withGasLimit.value(price)(timestamp,datasource,args,gaslimit) (../sb/0x9a4fe70bb7b39127f4772acaf0d000578644b39d.sol#335)
	State variables written after the call(s):
	- oraclize_query(timestamp,datasource,dynargs,gaslimit) (../sb/0x9a4fe70bb7b39127f4772acaf0d000578644b39d.sol#380)
		- oraclize_network_name = _network_name (../sb/0x9a4fe70bb7b39127f4772acaf0d000578644b39d.sol#731)
Reentrancy in usingOraclize.oraclize_query(string,bytes[2],uint256) (../sb/0x9a4fe70bb7b39127f4772acaf0d000578644b39d.sol#382-387):
	External calls:
	- oraclize_query(datasource,dynargs,gaslimit) (../sb/0x9a4fe70bb7b39127f4772acaf0d000578644b39d.sol#386)
		- price = oraclize.getPrice(datasource,gaslimit) (../sb/0x9a4fe70bb7b39127f4772acaf0d000578644b39d.sol#338)
		- oraclize = OraclizeI(OAR.getAddress()) (../sb/0x9a4fe70bb7b39127f4772acaf0d000578644b39d.sol#50)
		- oraclize.queryN_withGasLimit.value(price)(0,datasource,args,gaslimit) (../sb/0x9a4fe70bb7b39127f4772acaf0d000578644b39d.sol#341)
	- oraclizeAPI() (../sb/0x9a4fe70bb7b39127f4772acaf0d000578644b39d.sol#382)
		- oraclize = OraclizeI(OAR.getAddress()) (../sb/0x9a4fe70bb7b39127f4772acaf0d000578644b39d.sol#50)
	External calls sending eth:
	- oraclize_query(datasource,dynargs,gaslimit) (../sb/0x9a4fe70bb7b39127f4772acaf0d000578644b39d.sol#386)
		- oraclize.queryN_withGasLimit.value(price)(0,datasource,args,gaslimit) (../sb/0x9a4fe70bb7b39127f4772acaf0d000578644b39d.sol#341)
	State variables written after the call(s):
	- oraclize_query(datasource,dynargs,gaslimit) (../sb/0x9a4fe70bb7b39127f4772acaf0d000578644b39d.sol#386)
		- oraclize_network_name = _network_name (../sb/0x9a4fe70bb7b39127f4772acaf0d000578644b39d.sol#731)
Reentrancy in usingOraclize.oraclize_query(string,bytes[3]) (../sb/0x9a4fe70bb7b39127f4772acaf0d000578644b39d.sol#388-394):
	External calls:
	- oraclize_query(datasource,dynargs) (../sb/0x9a4fe70bb7b39127f4772acaf0d000578644b39d.sol#393)
		- price = oraclize.getPrice(datasource) (../sb/0x9a4fe70bb7b39127f4772acaf0d000578644b39d.sol#320)
		- oraclize = OraclizeI(OAR.getAddress()) (../sb/0x9a4fe70bb7b39127f4772acaf0d000578644b39d.sol#50)
		- oraclize.queryN.value(price)(0,datasource,args) (../sb/0x9a4fe70bb7b39127f4772acaf0d000578644b39d.sol#323)
	- oraclizeAPI() (../sb/0x9a4fe70bb7b39127f4772acaf0d000578644b39d.sol#388)
		- oraclize = OraclizeI(OAR.getAddress()) (../sb/0x9a4fe70bb7b39127f4772acaf0d000578644b39d.sol#50)
	External calls sending eth:
	- oraclize_query(datasource,dynargs) (../sb/0x9a4fe70bb7b39127f4772acaf0d000578644b39d.sol#393)
		- oraclize.queryN.value(price)(0,datasource,args) (../sb/0x9a4fe70bb7b39127f4772acaf0d000578644b39d.sol#323)
	State variables written after the call(s):
	- oraclize_query(datasource,dynargs) (../sb/0x9a4fe70bb7b39127f4772acaf0d000578644b39d.sol#393)
		- oraclize_network_name = _network_name (../sb/0x9a4fe70bb7b39127f4772acaf0d000578644b39d.sol#731)
Reentrancy in usingOraclize.oraclize_query(uint256,string,bytes[3]) (../sb/0x9a4fe70bb7b39127f4772acaf0d000578644b39d.sol#395-401):
	External calls:
	- oraclize_query(timestamp,datasource,dynargs) (../sb/0x9a4fe70bb7b39127f4772acaf0d000578644b39d.sol#400)
		- price = oraclize.getPrice(datasource) (../sb/0x9a4fe70bb7b39127f4772acaf0d000578644b39d.sol#326)
		- oraclize = OraclizeI(OAR.getAddress()) (../sb/0x9a4fe70bb7b39127f4772acaf0d000578644b39d.sol#50)
		- oraclize.queryN.value(price)(timestamp,datasource,args) (../sb/0x9a4fe70bb7b39127f4772acaf0d000578644b39d.sol#329)
	- oraclizeAPI() (../sb/0x9a4fe70bb7b39127f4772acaf0d000578644b39d.sol#395)
		- oraclize = OraclizeI(OAR.getAddress()) (../sb/0x9a4fe70bb7b39127f4772acaf0d000578644b39d.sol#50)
	External calls sending eth:
	- oraclize_query(timestamp,datasource,dynargs) (../sb/0x9a4fe70bb7b39127f4772acaf0d000578644b39d.sol#400)
		- oraclize.queryN.value(price)(timestamp,datasource,args) (../sb/0x9a4fe70bb7b39127f4772acaf0d000578644b39d.sol#329)
	State variables written after the call(s):
	- oraclize_query(timestamp,datasource,dynargs) (../sb/0x9a4fe70bb7b39127f4772acaf0d000578644b39d.sol#400)
		- oraclize_network_name = _network_name (../sb/0x9a4fe70bb7b39127f4772acaf0d000578644b39d.sol#731)
Reentrancy in usingOraclize.oraclize_query(uint256,string,bytes[3],uint256) (../sb/0x9a4fe70bb7b39127f4772acaf0d000578644b39d.sol#402-408):
	External calls:
	- oraclize_query(timestamp,datasource,dynargs,gaslimit) (../sb/0x9a4fe70bb7b39127f4772acaf0d000578644b39d.sol#407)
		- price = oraclize.getPrice(datasource,gaslimit) (../sb/0x9a4fe70bb7b39127f4772acaf0d000578644b39d.sol#332)
		- oraclize = OraclizeI(OAR.getAddress()) (../sb/0x9a4fe70bb7b39127f4772acaf0d000578644b39d.sol#50)
		- oraclize.queryN_withGasLimit.value(price)(timestamp,datasource,args,gaslimit) (../sb/0x9a4fe70bb7b39127f4772acaf0d000578644b39d.sol#335)
	- oraclizeAPI() (../sb/0x9a4fe70bb7b39127f4772acaf0d000578644b39d.sol#402)
		- oraclize = OraclizeI(OAR.getAddress()) (../sb/0x9a4fe70bb7b39127f4772acaf0d000578644b39d.sol#50)
	External calls sending eth:
	- oraclize_query(timestamp,datasource,dynargs,gaslimit) (../sb/0x9a4fe70bb7b39127f4772acaf0d000578644b39d.sol#407)
		- oraclize.queryN_withGasLimit.value(price)(timestamp,datasource,args,gaslimit) (../sb/0x9a4fe70bb7b39127f4772acaf0d000578644b39d.sol#335)
	State variables written after the call(s):
	- oraclize_query(timestamp,datasource,dynargs,gaslimit) (../sb/0x9a4fe70bb7b39127f4772acaf0d000578644b39d.sol#407)
		- oraclize_network_name = _network_name (../sb/0x9a4fe70bb7b39127f4772acaf0d000578644b39d.sol#731)
Reentrancy in usingOraclize.oraclize_query(string,bytes[3],uint256) (../sb/0x9a4fe70bb7b39127f4772acaf0d000578644b39d.sol#409-415):
	External calls:
	- oraclize_query(datasource,dynargs,gaslimit) (../sb/0x9a4fe70bb7b39127f4772acaf0d000578644b39d.sol#414)
		- price = oraclize.getPrice(datasource,gaslimit) (../sb/0x9a4fe70bb7b39127f4772acaf0d000578644b39d.sol#338)
		- oraclize = OraclizeI(OAR.getAddress()) (../sb/0x9a4fe70bb7b39127f4772acaf0d000578644b39d.sol#50)
		- oraclize.queryN_withGasLimit.value(price)(0,datasource,args,gaslimit) (../sb/0x9a4fe70bb7b39127f4772acaf0d000578644b39d.sol#341)
	- oraclizeAPI() (../sb/0x9a4fe70bb7b39127f4772acaf0d000578644b39d.sol#409)
		- oraclize = OraclizeI(OAR.getAddress()) (../sb/0x9a4fe70bb7b39127f4772acaf0d000578644b39d.sol#50)
	External calls sending eth:
	- oraclize_query(datasource,dynargs,gaslimit) (../sb/0x9a4fe70bb7b39127f4772acaf0d000578644b39d.sol#414)
		- oraclize.queryN_withGasLimit.value(price)(0,datasource,args,gaslimit) (../sb/0x9a4fe70bb7b39127f4772acaf0d000578644b39d.sol#341)
	State variables written after the call(s):
	- oraclize_query(datasource,dynargs,gaslimit) (../sb/0x9a4fe70bb7b39127f4772acaf0d000578644b39d.sol#414)
		- oraclize_network_name = _network_name (../sb/0x9a4fe70bb7b39127f4772acaf0d000578644b39d.sol#731)
Reentrancy in usingOraclize.oraclize_query(string,bytes[4]) (../sb/0x9a4fe70bb7b39127f4772acaf0d000578644b39d.sol#417-424):
	External calls:
	- oraclize_query(datasource,dynargs) (../sb/0x9a4fe70bb7b39127f4772acaf0d000578644b39d.sol#423)
		- price = oraclize.getPrice(datasource) (../sb/0x9a4fe70bb7b39127f4772acaf0d000578644b39d.sol#320)
		- oraclize = OraclizeI(OAR.getAddress()) (../sb/0x9a4fe70bb7b39127f4772acaf0d000578644b39d.sol#50)
		- oraclize.queryN.value(price)(0,datasource,args) (../sb/0x9a4fe70bb7b39127f4772acaf0d000578644b39d.sol#323)
	- oraclizeAPI() (../sb/0x9a4fe70bb7b39127f4772acaf0d000578644b39d.sol#417)
		- oraclize = OraclizeI(OAR.getAddress()) (../sb/0x9a4fe70bb7b39127f4772acaf0d000578644b39d.sol#50)
	External calls sending eth:
	- oraclize_query(datasource,dynargs) (../sb/0x9a4fe70bb7b39127f4772acaf0d000578644b39d.sol#423)
		- oraclize.queryN.value(price)(0,datasource,args) (../sb/0x9a4fe70bb7b39127f4772acaf0d000578644b39d.sol#323)
	State variables written after the call(s):
	- oraclize_query(datasource,dynargs) (../sb/0x9a4fe70bb7b39127f4772acaf0d000578644b39d.sol#423)
		- oraclize_network_name = _network_name (../sb/0x9a4fe70bb7b39127f4772acaf0d000578644b39d.sol#731)
Reentrancy in usingOraclize.oraclize_query(uint256,string,bytes[4]) (../sb/0x9a4fe70bb7b39127f4772acaf0d000578644b39d.sol#425-432):
	External calls:
	- oraclize_query(timestamp,datasource,dynargs) (../sb/0x9a4fe70bb7b39127f4772acaf0d000578644b39d.sol#431)
		- price = oraclize.getPrice(datasource) (../sb/0x9a4fe70bb7b39127f4772acaf0d000578644b39d.sol#326)
		- oraclize = OraclizeI(OAR.getAddress()) (../sb/0x9a4fe70bb7b39127f4772acaf0d000578644b39d.sol#50)
		- oraclize.queryN.value(price)(timestamp,datasource,args) (../sb/0x9a4fe70bb7b39127f4772acaf0d000578644b39d.sol#329)
	- oraclizeAPI() (../sb/0x9a4fe70bb7b39127f4772acaf0d000578644b39d.sol#425)
		- oraclize = OraclizeI(OAR.getAddress()) (../sb/0x9a4fe70bb7b39127f4772acaf0d000578644b39d.sol#50)
	External calls sending eth:
	- oraclize_query(timestamp,datasource,dynargs) (../sb/0x9a4fe70bb7b39127f4772acaf0d000578644b39d.sol#431)
		- oraclize.queryN.value(price)(timestamp,datasource,args) (../sb/0x9a4fe70bb7b39127f4772acaf0d000578644b39d.sol#329)
	State variables written after the call(s):
	- oraclize_query(timestamp,datasource,dynargs) (../sb/0x9a4fe70bb7b39127f4772acaf0d000578644b39d.sol#431)
		- oraclize_network_name = _network_name (../sb/0x9a4fe70bb7b39127f4772acaf0d000578644b39d.sol#731)
Reentrancy in usingOraclize.oraclize_query(uint256,string,bytes[4],uint256) (../sb/0x9a4fe70bb7b39127f4772acaf0d000578644b39d.sol#433-440):
	External calls:
	- oraclize_query(timestamp,datasource,dynargs,gaslimit) (../sb/0x9a4fe70bb7b39127f4772acaf0d000578644b39d.sol#439)
		- price = oraclize.getPrice(datasource,gaslimit) (../sb/0x9a4fe70bb7b39127f4772acaf0d000578644b39d.sol#332)
		- oraclize = OraclizeI(OAR.getAddress()) (../sb/0x9a4fe70bb7b39127f4772acaf0d000578644b39d.sol#50)
		- oraclize.queryN_withGasLimit.value(price)(timestamp,datasource,args,gaslimit) (../sb/0x9a4fe70bb7b39127f4772acaf0d000578644b39d.sol#335)
	- oraclizeAPI() (../sb/0x9a4fe70bb7b39127f4772acaf0d000578644b39d.sol#433)
		- oraclize = OraclizeI(OAR.getAddress()) (../sb/0x9a4fe70bb7b39127f4772acaf0d000578644b39d.sol#50)
	External calls sending eth:
	- oraclize_query(timestamp,datasource,dynargs,gaslimit) (../sb/0x9a4fe70bb7b39127f4772acaf0d000578644b39d.sol#439)
		- oraclize.queryN_withGasLimit.value(price)(timestamp,datasource,args,gaslimit) (../sb/0x9a4fe70bb7b39127f4772acaf0d000578644b39d.sol#335)
	State variables written after the call(s):
	- oraclize_query(timestamp,datasource,dynargs,gaslimit) (../sb/0x9a4fe70bb7b39127f4772acaf0d000578644b39d.sol#439)
		- oraclize_network_name = _network_name (../sb/0x9a4fe70bb7b39127f4772acaf0d000578644b39d.sol#731)
Reentrancy in usingOraclize.oraclize_query(string,bytes[4],uint256) (../sb/0x9a4fe70bb7b39127f4772acaf0d000578644b39d.sol#441-448):
	External calls:
	- oraclize_query(datasource,dynargs,gaslimit) (../sb/0x9a4fe70bb7b39127f4772acaf0d000578644b39d.sol#447)
		- price = oraclize.getPrice(datasource,gaslimit) (../sb/0x9a4fe70bb7b39127f4772acaf0d000578644b39d.sol#338)
		- oraclize = OraclizeI(OAR.getAddress()) (../sb/0x9a4fe70bb7b39127f4772acaf0d000578644b39d.sol#50)
		- oraclize.queryN_withGasLimit.value(price)(0,datasource,args,gaslimit) (../sb/0x9a4fe70bb7b39127f4772acaf0d000578644b39d.sol#341)
	- oraclizeAPI() (../sb/0x9a4fe70bb7b39127f4772acaf0d000578644b39d.sol#441)
		- oraclize = OraclizeI(OAR.getAddress()) (../sb/0x9a4fe70bb7b39127f4772acaf0d000578644b39d.sol#50)
	External calls sending eth:
	- oraclize_query(datasource,dynargs,gaslimit) (../sb/0x9a4fe70bb7b39127f4772acaf0d000578644b39d.sol#447)
		- oraclize.queryN_withGasLimit.value(price)(0,datasource,args,gaslimit) (../sb/0x9a4fe70bb7b39127f4772acaf0d000578644b39d.sol#341)
	State variables written after the call(s):
	- oraclize_query(datasource,dynargs,gaslimit) (../sb/0x9a4fe70bb7b39127f4772acaf0d000578644b39d.sol#447)
		- oraclize_network_name = _network_name (../sb/0x9a4fe70bb7b39127f4772acaf0d000578644b39d.sol#731)
Reentrancy in usingOraclize.oraclize_query(string,bytes[5]) (../sb/0x9a4fe70bb7b39127f4772acaf0d000578644b39d.sol#449-457):
	External calls:
	- oraclize_query(datasource,dynargs) (../sb/0x9a4fe70bb7b39127f4772acaf0d000578644b39d.sol#456)
		- price = oraclize.getPrice(datasource) (../sb/0x9a4fe70bb7b39127f4772acaf0d000578644b39d.sol#320)
		- oraclize = OraclizeI(OAR.getAddress()) (../sb/0x9a4fe70bb7b39127f4772acaf0d000578644b39d.sol#50)
		- oraclize.queryN.value(price)(0,datasource,args) (../sb/0x9a4fe70bb7b39127f4772acaf0d000578644b39d.sol#323)
	- oraclizeAPI() (../sb/0x9a4fe70bb7b39127f4772acaf0d000578644b39d.sol#449)
		- oraclize = OraclizeI(OAR.getAddress()) (../sb/0x9a4fe70bb7b39127f4772acaf0d000578644b39d.sol#50)
	External calls sending eth:
	- oraclize_query(datasource,dynargs) (../sb/0x9a4fe70bb7b39127f4772acaf0d000578644b39d.sol#456)
		- oraclize.queryN.value(price)(0,datasource,args) (../sb/0x9a4fe70bb7b39127f4772acaf0d000578644b39d.sol#323)
	State variables written after the call(s):
	- oraclize_query(datasource,dynargs) (../sb/0x9a4fe70bb7b39127f4772acaf0d000578644b39d.sol#456)
		- oraclize_network_name = _network_name (../sb/0x9a4fe70bb7b39127f4772acaf0d000578644b39d.sol#731)
Reentrancy in usingOraclize.oraclize_query(uint256,string,bytes[5]) (../sb/0x9a4fe70bb7b39127f4772acaf0d000578644b39d.sol#458-466):
	External calls:
	- oraclize_query(timestamp,datasource,dynargs) (../sb/0x9a4fe70bb7b39127f4772acaf0d000578644b39d.sol#465)
		- price = oraclize.getPrice(datasource) (../sb/0x9a4fe70bb7b39127f4772acaf0d000578644b39d.sol#326)
		- oraclize = OraclizeI(OAR.getAddress()) (../sb/0x9a4fe70bb7b39127f4772acaf0d000578644b39d.sol#50)
		- oraclize.queryN.value(price)(timestamp,datasource,args) (../sb/0x9a4fe70bb7b39127f4772acaf0d000578644b39d.sol#329)
	- oraclizeAPI() (../sb/0x9a4fe70bb7b39127f4772acaf0d000578644b39d.sol#458)
		- oraclize = OraclizeI(OAR.getAddress()) (../sb/0x9a4fe70bb7b39127f4772acaf0d000578644b39d.sol#50)
	External calls sending eth:
	- oraclize_query(timestamp,datasource,dynargs) (../sb/0x9a4fe70bb7b39127f4772acaf0d000578644b39d.sol#465)
		- oraclize.queryN.value(price)(timestamp,datasource,args) (../sb/0x9a4fe70bb7b39127f4772acaf0d000578644b39d.sol#329)
	State variables written after the call(s):
	- oraclize_query(timestamp,datasource,dynargs) (../sb/0x9a4fe70bb7b39127f4772acaf0d000578644b39d.sol#465)
		- oraclize_network_name = _network_name (../sb/0x9a4fe70bb7b39127f4772acaf0d000578644b39d.sol#731)
Reentrancy in usingOraclize.oraclize_query(uint256,string,bytes[5],uint256) (../sb/0x9a4fe70bb7b39127f4772acaf0d000578644b39d.sol#467-475):
	External calls:
	- oraclize_query(timestamp,datasource,dynargs,gaslimit) (../sb/0x9a4fe70bb7b39127f4772acaf0d000578644b39d.sol#474)
		- price = oraclize.getPrice(datasource,gaslimit) (../sb/0x9a4fe70bb7b39127f4772acaf0d000578644b39d.sol#332)
		- oraclize = OraclizeI(OAR.getAddress()) (../sb/0x9a4fe70bb7b39127f4772acaf0d000578644b39d.sol#50)
		- oraclize.queryN_withGasLimit.value(price)(timestamp,datasource,args,gaslimit) (../sb/0x9a4fe70bb7b39127f4772acaf0d000578644b39d.sol#335)
	- oraclizeAPI() (../sb/0x9a4fe70bb7b39127f4772acaf0d000578644b39d.sol#467)
		- oraclize = OraclizeI(OAR.getAddress()) (../sb/0x9a4fe70bb7b39127f4772acaf0d000578644b39d.sol#50)
	External calls sending eth:
	- oraclize_query(timestamp,datasource,dynargs,gaslimit) (../sb/0x9a4fe70bb7b39127f4772acaf0d000578644b39d.sol#474)
		- oraclize.queryN_withGasLimit.value(price)(timestamp,datasource,args,gaslimit) (../sb/0x9a4fe70bb7b39127f4772acaf0d000578644b39d.sol#335)
	State variables written after the call(s):
	- oraclize_query(timestamp,datasource,dynargs,gaslimit) (../sb/0x9a4fe70bb7b39127f4772acaf0d000578644b39d.sol#474)
		- oraclize_network_name = _network_name (../sb/0x9a4fe70bb7b39127f4772acaf0d000578644b39d.sol#731)
Reentrancy in usingOraclize.oraclize_query(string,bytes[5],uint256) (../sb/0x9a4fe70bb7b39127f4772acaf0d000578644b39d.sol#476-484):
	External calls:
	- oraclize_query(datasource,dynargs,gaslimit) (../sb/0x9a4fe70bb7b39127f4772acaf0d000578644b39d.sol#483)
		- price = oraclize.getPrice(datasource,gaslimit) (../sb/0x9a4fe70bb7b39127f4772acaf0d000578644b39d.sol#338)
		- oraclize = OraclizeI(OAR.getAddress()) (../sb/0x9a4fe70bb7b39127f4772acaf0d000578644b39d.sol#50)
		- oraclize.queryN_withGasLimit.value(price)(0,datasource,args,gaslimit) (../sb/0x9a4fe70bb7b39127f4772acaf0d000578644b39d.sol#341)
	- oraclizeAPI() (../sb/0x9a4fe70bb7b39127f4772acaf0d000578644b39d.sol#476)
		- oraclize = OraclizeI(OAR.getAddress()) (../sb/0x9a4fe70bb7b39127f4772acaf0d000578644b39d.sol#50)
	External calls sending eth:
	- oraclize_query(datasource,dynargs,gaslimit) (../sb/0x9a4fe70bb7b39127f4772acaf0d000578644b39d.sol#483)
		- oraclize.queryN_withGasLimit.value(price)(0,datasource,args,gaslimit) (../sb/0x9a4fe70bb7b39127f4772acaf0d000578644b39d.sol#341)
	State variables written after the call(s):
	- oraclize_query(datasource,dynargs,gaslimit) (../sb/0x9a4fe70bb7b39127f4772acaf0d000578644b39d.sol#483)
		- oraclize_network_name = _network_name (../sb/0x9a4fe70bb7b39127f4772acaf0d000578644b39d.sol#731)
Reference: https://github.com/crytic/slither/wiki/Detector-Documentation#reentrancy-vulnerabilities-2

X.withdrawFunds() (../sb/0x9a4fe70bb7b39127f4772acaf0d000578644b39d.sol#1265-1269) tries to limit the gas of an external call that controls implicit decoding
	owner.call.gas(200000).value(this.balance)() (../sb/0x9a4fe70bb7b39127f4772acaf0d000578644b39d.sol#1267)
Reference: https://github.com/crytic/slither/wiki/Detector-Documentation#return-bomb

X.fallback() (../sb/0x9a4fe70bb7b39127f4772acaf0d000578644b39d.sol#1135-1179) uses timestamp for comparisons
	Dangerous comparisons:
	- now > _jan18 (../sb/0x9a4fe70bb7b39127f4772acaf0d000578644b39d.sol#1138)
X.crowdSaleDonate() (../sb/0x9a4fe70bb7b39127f4772acaf0d000578644b39d.sol#1185-1203) uses timestamp for comparisons
	Dangerous comparisons:
	- now > _jan18 (../sb/0x9a4fe70bb7b39127f4772acaf0d000578644b39d.sol#1187)
X.getCurrentTokenCost() (../sb/0x9a4fe70bb7b39127f4772acaf0d000578644b39d.sol#1205-1231) uses timestamp for comparisons
	Dangerous comparisons:
	- now < _aug17 (../sb/0x9a4fe70bb7b39127f4772acaf0d000578644b39d.sol#1207)
	- now < _sep17 (../sb/0x9a4fe70bb7b39127f4772acaf0d000578644b39d.sol#1211)
	- now < _oct17 (../sb/0x9a4fe70bb7b39127f4772acaf0d000578644b39d.sol#1215)
	- now < _nov17 (../sb/0x9a4fe70bb7b39127f4772acaf0d000578644b39d.sol#1219)
	- now < _dec17 (../sb/0x9a4fe70bb7b39127f4772acaf0d000578644b39d.sol#1223)
X.distributeDonationTokens() (../sb/0x9a4fe70bb7b39127f4772acaf0d000578644b39d.sol#1233-1257) uses timestamp for comparisons
	Dangerous comparisons:
	- now > _jan18 (../sb/0x9a4fe70bb7b39127f4772acaf0d000578644b39d.sol#1235)
Reference: https://github.com/crytic/slither/wiki/Detector-Documentation#block-timestamp

usingOraclize.getCodeSize(address) (../sb/0x9a4fe70bb7b39127f4772acaf0d000578644b39d.sol#503-507) uses assembly
	- INLINE ASM (../sb/0x9a4fe70bb7b39127f4772acaf0d000578644b39d.sol#504-507)
usingOraclize.oraclize_newRandomDSQuery(uint256,uint256,uint256) (../sb/0x9a4fe70bb7b39127f4772acaf0d000578644b39d.sol#738-755) uses assembly
	- INLINE ASM (../sb/0x9a4fe70bb7b39127f4772acaf0d000578644b39d.sol#745-751)
usingOraclize.verifySig(bytes32,bytes,bytes) (../sb/0x9a4fe70bb7b39127f4772acaf0d000578644b39d.sol#764-790) uses assembly
	- INLINE ASM (../sb/0x9a4fe70bb7b39127f4772acaf0d000578644b39d.sol#778-784)
usingOraclize.copyBytes(bytes,uint256,uint256,bytes,uint256) (../sb/0x9a4fe70bb7b39127f4772acaf0d000578644b39d.sol#898-920) uses assembly
	- INLINE ASM (../sb/0x9a4fe70bb7b39127f4772acaf0d000578644b39d.sol#911-915)
usingOraclize.safer_ecrecover(bytes32,uint8,bytes32,bytes32) (../sb/0x9a4fe70bb7b39127f4772acaf0d000578644b39d.sol#924-949) uses assembly
	- INLINE ASM (../sb/0x9a4fe70bb7b39127f4772acaf0d000578644b39d.sol#935-948)
usingOraclize.ecrecovery(bytes32,bytes) (../sb/0x9a4fe70bb7b39127f4772acaf0d000578644b39d.sol#952-990) uses assembly
	- INLINE ASM (../sb/0x9a4fe70bb7b39127f4772acaf0d000578644b39d.sol#963-983)
Reference: https://github.com/crytic/slither/wiki/Detector-Documentation#assembly-usage

usingOraclize.oraclize_randomDS_proofVerify__sessionKeyValidity(bytes,uint256) (../sb/0x9a4fe70bb7b39127f4772acaf0d000578644b39d.sol#792-825) compares to a boolean constant:
	-sigok == false (../sb/0x9a4fe70bb7b39127f4772acaf0d000578644b39d.sol#809)
usingOraclize.oraclize_randomDS_proofVerify__main(bytes,bytes32,bytes,string) (../sb/0x9a4fe70bb7b39127f4772acaf0d000578644b39d.sol#847-894) compares to a boolean constant:
	-oraclize_randomDS_sessionKeysHashVerified[sessionPubkeyHash] == false (../sb/0x9a4fe70bb7b39127f4772acaf0d000578644b39d.sol#889)
usingOraclize.oraclize_randomDS_proofVerify__main(bytes,bytes32,bytes,string) (../sb/0x9a4fe70bb7b39127f4772acaf0d000578644b39d.sol#847-894) compares to a boolean constant:
	-checkok == false (../sb/0x9a4fe70bb7b39127f4772acaf0d000578644b39d.sol#886)
usingOraclize.oraclize_randomDS_proofVerify__main(bytes,bytes32,bytes,string) (../sb/0x9a4fe70bb7b39127f4772acaf0d000578644b39d.sol#847-894) compares to a boolean constant:
	-checkok == false (../sb/0x9a4fe70bb7b39127f4772acaf0d000578644b39d.sol#864)
usingOraclize.oraclize_randomDS_proofVerify__main(bytes,bytes32,bytes,string) (../sb/0x9a4fe70bb7b39127f4772acaf0d000578644b39d.sol#847-894) compares to a boolean constant:
	-checkok == false (../sb/0x9a4fe70bb7b39127f4772acaf0d000578644b39d.sol#856)
usingOraclize.oraclize_randomDS_proofVerify(bytes32,string,bytes) (../sb/0x9a4fe70bb7b39127f4772acaf0d000578644b39d.sol#827-835) compares to a boolean constant:
	-proofVerified == false (../sb/0x9a4fe70bb7b39127f4772acaf0d000578644b39d.sol#832)
Reference: https://github.com/crytic/slither/wiki/Detector-Documentation#boolean-equality

X.distributeDonationTokens() (../sb/0x9a4fe70bb7b39127f4772acaf0d000578644b39d.sol#1233-1257) has costly operations inside a loop:
	- delete _donations[_donations.length - currentDistribution - 1] (../sb/0x9a4fe70bb7b39127f4772acaf0d000578644b39d.sol#1252)
Reference: https://github.com/crytic/slither/wiki/Detector-Documentation#costly-operations-inside-a-loop

usingOraclize.ba2cbor(bytes[]) (../sb/0x9a4fe70bb7b39127f4772acaf0d000578644b39d.sol#686-726) is never used and should be removed
usingOraclize.copyBytes(bytes,uint256,uint256,bytes,uint256) (../sb/0x9a4fe70bb7b39127f4772acaf0d000578644b39d.sol#898-920) is never used and should be removed
usingOraclize.ecrecovery(bytes32,bytes) (../sb/0x9a4fe70bb7b39127f4772acaf0d000578644b39d.sol#952-990) is never used and should be removed
usingOraclize.indexOf(string,string) (../sb/0x9a4fe70bb7b39127f4772acaf0d000578644b39d.sol#547-572) is never used and should be removed
usingOraclize.matchBytes32Prefix(bytes32,bytes) (../sb/0x9a4fe70bb7b39127f4772acaf0d000578644b39d.sol#837-845) is never used and should be removed
usingOraclize.oraclize_getNetworkName() (../sb/0x9a4fe70bb7b39127f4772acaf0d000578644b39d.sol#734-736) is never used and should be removed
usingOraclize.oraclize_getPrice(string) (../sb/0x9a4fe70bb7b39127f4772acaf0d000578644b39d.sol#105-107) is never used and should be removed
usingOraclize.oraclize_getPrice(string,uint256) (../sb/0x9a4fe70bb7b39127f4772acaf0d000578644b39d.sol#109-111) is never used and should be removed
usingOraclize.oraclize_newRandomDSQuery(uint256,uint256,uint256) (../sb/0x9a4fe70bb7b39127f4772acaf0d000578644b39d.sol#738-755) is never used and should be removed
usingOraclize.oraclize_query(string,bytes[1]) (../sb/0x9a4fe70bb7b39127f4772acaf0d000578644b39d.sol#343-347) is never used and should be removed
usingOraclize.oraclize_query(string,bytes[1],uint256) (../sb/0x9a4fe70bb7b39127f4772acaf0d000578644b39d.sol#358-362) is never used and should be removed
usingOraclize.oraclize_query(string,bytes[2]) (../sb/0x9a4fe70bb7b39127f4772acaf0d000578644b39d.sol#364-369) is never used and should be removed
usingOraclize.oraclize_query(string,bytes[2],uint256) (../sb/0x9a4fe70bb7b39127f4772acaf0d000578644b39d.sol#382-387) is never used and should be removed
usingOraclize.oraclize_query(string,bytes[3]) (../sb/0x9a4fe70bb7b39127f4772acaf0d000578644b39d.sol#388-394) is never used and should be removed
usingOraclize.oraclize_query(string,bytes[3],uint256) (../sb/0x9a4fe70bb7b39127f4772acaf0d000578644b39d.sol#409-415) is never used and should be removed
usingOraclize.oraclize_query(string,bytes[4]) (../sb/0x9a4fe70bb7b39127f4772acaf0d000578644b39d.sol#417-424) is never used and should be removed
usingOraclize.oraclize_query(string,bytes[4],uint256) (../sb/0x9a4fe70bb7b39127f4772acaf0d000578644b39d.sol#441-448) is never used and should be removed
usingOraclize.oraclize_query(string,bytes[5]) (../sb/0x9a4fe70bb7b39127f4772acaf0d000578644b39d.sol#449-457) is never used and should be removed
usingOraclize.oraclize_query(string,bytes[5],uint256) (../sb/0x9a4fe70bb7b39127f4772acaf0d000578644b39d.sol#476-484) is never used and should be removed
usingOraclize.oraclize_query(string,bytes[]) (../sb/0x9a4fe70bb7b39127f4772acaf0d000578644b39d.sol#319-324) is never used and should be removed
usingOraclize.oraclize_query(string,bytes[],uint256) (../sb/0x9a4fe70bb7b39127f4772acaf0d000578644b39d.sol#337-342) is never used and should be removed
usingOraclize.oraclize_query(string,string) (../sb/0x9a4fe70bb7b39127f4772acaf0d000578644b39d.sol#113-117) is never used and should be removed
usingOraclize.oraclize_query(string,string,string) (../sb/0x9a4fe70bb7b39127f4772acaf0d000578644b39d.sol#133-137) is never used and should be removed
usingOraclize.oraclize_query(string,string,string,uint256) (../sb/0x9a4fe70bb7b39127f4772acaf0d000578644b39d.sol#148-152) is never used and should be removed
usingOraclize.oraclize_query(string,string[1]) (../sb/0x9a4fe70bb7b39127f4772acaf0d000578644b39d.sol#177-181) is never used and should be removed
usingOraclize.oraclize_query(string,string[1],uint256) (../sb/0x9a4fe70bb7b39127f4772acaf0d000578644b39d.sol#192-196) is never used and should be removed
usingOraclize.oraclize_query(string,string[2]) (../sb/0x9a4fe70bb7b39127f4772acaf0d000578644b39d.sol#198-203) is never used and should be removed
usingOraclize.oraclize_query(string,string[2],uint256) (../sb/0x9a4fe70bb7b39127f4772acaf0d000578644b39d.sol#216-221) is never used and should be removed
usingOraclize.oraclize_query(string,string[3]) (../sb/0x9a4fe70bb7b39127f4772acaf0d000578644b39d.sol#222-228) is never used and should be removed
usingOraclize.oraclize_query(string,string[3],uint256) (../sb/0x9a4fe70bb7b39127f4772acaf0d000578644b39d.sol#243-249) is never used and should be removed
usingOraclize.oraclize_query(string,string[4]) (../sb/0x9a4fe70bb7b39127f4772acaf0d000578644b39d.sol#251-258) is never used and should be removed
usingOraclize.oraclize_query(string,string[4],uint256) (../sb/0x9a4fe70bb7b39127f4772acaf0d000578644b39d.sol#275-282) is never used and should be removed
usingOraclize.oraclize_query(string,string[5]) (../sb/0x9a4fe70bb7b39127f4772acaf0d000578644b39d.sol#283-291) is never used and should be removed
usingOraclize.oraclize_query(string,string[5],uint256) (../sb/0x9a4fe70bb7b39127f4772acaf0d000578644b39d.sol#310-318) is never used and should be removed
usingOraclize.oraclize_query(string,string[]) (../sb/0x9a4fe70bb7b39127f4772acaf0d000578644b39d.sol#153-158) is never used and should be removed
usingOraclize.oraclize_query(string,string[],uint256) (../sb/0x9a4fe70bb7b39127f4772acaf0d000578644b39d.sol#171-176) is never used and should be removed
usingOraclize.oraclize_query(uint256,string,bytes[1]) (../sb/0x9a4fe70bb7b39127f4772acaf0d000578644b39d.sol#348-352) is never used and should be removed
usingOraclize.oraclize_query(uint256,string,bytes[1],uint256) (../sb/0x9a4fe70bb7b39127f4772acaf0d000578644b39d.sol#353-357) is never used and should be removed
usingOraclize.oraclize_query(uint256,string,bytes[2]) (../sb/0x9a4fe70bb7b39127f4772acaf0d000578644b39d.sol#370-375) is never used and should be removed
usingOraclize.oraclize_query(uint256,string,bytes[2],uint256) (../sb/0x9a4fe70bb7b39127f4772acaf0d000578644b39d.sol#376-381) is never used and should be removed
usingOraclize.oraclize_query(uint256,string,bytes[3]) (../sb/0x9a4fe70bb7b39127f4772acaf0d000578644b39d.sol#395-401) is never used and should be removed
usingOraclize.oraclize_query(uint256,string,bytes[3],uint256) (../sb/0x9a4fe70bb7b39127f4772acaf0d000578644b39d.sol#402-408) is never used and should be removed
usingOraclize.oraclize_query(uint256,string,bytes[4]) (../sb/0x9a4fe70bb7b39127f4772acaf0d000578644b39d.sol#425-432) is never used and should be removed
usingOraclize.oraclize_query(uint256,string,bytes[4],uint256) (../sb/0x9a4fe70bb7b39127f4772acaf0d000578644b39d.sol#433-440) is never used and should be removed
usingOraclize.oraclize_query(uint256,string,bytes[5]) (../sb/0x9a4fe70bb7b39127f4772acaf0d000578644b39d.sol#458-466) is never used and should be removed
usingOraclize.oraclize_query(uint256,string,bytes[5],uint256) (../sb/0x9a4fe70bb7b39127f4772acaf0d000578644b39d.sol#467-475) is never used and should be removed
usingOraclize.oraclize_query(uint256,string,bytes[]) (../sb/0x9a4fe70bb7b39127f4772acaf0d000578644b39d.sol#325-330) is never used and should be removed
usingOraclize.oraclize_query(uint256,string,bytes[],uint256) (../sb/0x9a4fe70bb7b39127f4772acaf0d000578644b39d.sol#331-336) is never used and should be removed
usingOraclize.oraclize_query(uint256,string,string) (../sb/0x9a4fe70bb7b39127f4772acaf0d000578644b39d.sol#118-122) is never used and should be removed
usingOraclize.oraclize_query(uint256,string,string,string) (../sb/0x9a4fe70bb7b39127f4772acaf0d000578644b39d.sol#138-142) is never used and should be removed
usingOraclize.oraclize_query(uint256,string,string,string,uint256) (../sb/0x9a4fe70bb7b39127f4772acaf0d000578644b39d.sol#143-147) is never used and should be removed
usingOraclize.oraclize_query(uint256,string,string,uint256) (../sb/0x9a4fe70bb7b39127f4772acaf0d000578644b39d.sol#123-127) is never used and should be removed
usingOraclize.oraclize_query(uint256,string,string[1]) (../sb/0x9a4fe70bb7b39127f4772acaf0d000578644b39d.sol#182-186) is never used and should be removed
usingOraclize.oraclize_query(uint256,string,string[1],uint256) (../sb/0x9a4fe70bb7b39127f4772acaf0d000578644b39d.sol#187-191) is never used and should be removed
usingOraclize.oraclize_query(uint256,string,string[2]) (../sb/0x9a4fe70bb7b39127f4772acaf0d000578644b39d.sol#204-209) is never used and should be removed
usingOraclize.oraclize_query(uint256,string,string[2],uint256) (../sb/0x9a4fe70bb7b39127f4772acaf0d000578644b39d.sol#210-215) is never used and should be removed
usingOraclize.oraclize_query(uint256,string,string[3]) (../sb/0x9a4fe70bb7b39127f4772acaf0d000578644b39d.sol#229-235) is never used and should be removed
usingOraclize.oraclize_query(uint256,string,string[3],uint256) (../sb/0x9a4fe70bb7b39127f4772acaf0d000578644b39d.sol#236-242) is never used and should be removed
usingOraclize.oraclize_query(uint256,string,string[4]) (../sb/0x9a4fe70bb7b39127f4772acaf0d000578644b39d.sol#259-266) is never used and should be removed
usingOraclize.oraclize_query(uint256,string,string[4],uint256) (../sb/0x9a4fe70bb7b39127f4772acaf0d000578644b39d.sol#267-274) is never used and should be removed
usingOraclize.oraclize_query(uint256,string,string[5]) (../sb/0x9a4fe70bb7b39127f4772acaf0d000578644b39d.sol#292-300) is never used and should be removed
usingOraclize.oraclize_query(uint256,string,string[5],uint256) (../sb/0x9a4fe70bb7b39127f4772acaf0d000578644b39d.sol#301-309) is never used and should be removed
usingOraclize.oraclize_query(uint256,string,string[]) (../sb/0x9a4fe70bb7b39127f4772acaf0d000578644b39d.sol#159-164) is never used and should be removed
usingOraclize.oraclize_query(uint256,string,string[],uint256) (../sb/0x9a4fe70bb7b39127f4772acaf0d000578644b39d.sol#165-170) is never used and should be removed
usingOraclize.oraclize_randomDS_getSessionPubKeyHash() (../sb/0x9a4fe70bb7b39127f4772acaf0d000578644b39d.sol#499-501) is never used and should be removed
usingOraclize.oraclize_randomDS_proofVerify__main(bytes,bytes32,bytes,string) (../sb/0x9a4fe70bb7b39127f4772acaf0d000578644b39d.sol#847-894) is never used and should be removed
usingOraclize.oraclize_randomDS_proofVerify__sessionKeyValidity(bytes,uint256) (../sb/0x9a4fe70bb7b39127f4772acaf0d000578644b39d.sol#792-825) is never used and should be removed
usingOraclize.oraclize_randomDS_setCommitment(bytes32,bytes32) (../sb/0x9a4fe70bb7b39127f4772acaf0d000578644b39d.sol#757-759) is never used and should be removed
usingOraclize.oraclize_setConfig(bytes32) (../sb/0x9a4fe70bb7b39127f4772acaf0d000578644b39d.sol#495-497) is never used and should be removed
usingOraclize.oraclize_setCustomGasPrice(uint256) (../sb/0x9a4fe70bb7b39127f4772acaf0d000578644b39d.sol#492-494) is never used and should be removed
usingOraclize.oraclize_setProof(bytes1) (../sb/0x9a4fe70bb7b39127f4772acaf0d000578644b39d.sol#489-491) is never used and should be removed
usingOraclize.oraclize_useCoupon(string) (../sb/0x9a4fe70bb7b39127f4772acaf0d000578644b39d.sol#101-103) is never used and should be removed
usingOraclize.parseInt(string) (../sb/0x9a4fe70bb7b39127f4772acaf0d000578644b39d.sol#604-606) is never used and should be removed
usingOraclize.parseInt(string,uint256) (../sb/0x9a4fe70bb7b39127f4772acaf0d000578644b39d.sol#609-625) is never used and should be removed
usingOraclize.safer_ecrecover(bytes32,uint8,bytes32,bytes32) (../sb/0x9a4fe70bb7b39127f4772acaf0d000578644b39d.sol#924-949) is never used and should be removed
usingOraclize.strCompare(string,string) (../sb/0x9a4fe70bb7b39127f4772acaf0d000578644b39d.sol#529-545) is never used and should be removed
usingOraclize.strConcat(string,string) (../sb/0x9a4fe70bb7b39127f4772acaf0d000578644b39d.sol#599-601) is never used and should be removed
usingOraclize.strConcat(string,string,string) (../sb/0x9a4fe70bb7b39127f4772acaf0d000578644b39d.sol#595-597) is never used and should be removed
usingOraclize.strConcat(string,string,string,string) (../sb/0x9a4fe70bb7b39127f4772acaf0d000578644b39d.sol#591-593) is never used and should be removed
usingOraclize.strConcat(string,string,string,string,string) (../sb/0x9a4fe70bb7b39127f4772acaf0d000578644b39d.sol#574-589) is never used and should be removed
usingOraclize.stra2cbor(string[]) (../sb/0x9a4fe70bb7b39127f4772acaf0d000578644b39d.sol#644-684) is never used and should be removed
usingOraclize.uint2str(uint256) (../sb/0x9a4fe70bb7b39127f4772acaf0d000578644b39d.sol#627-642) is never used and should be removed
usingOraclize.verifySig(bytes32,bytes,bytes) (../sb/0x9a4fe70bb7b39127f4772acaf0d000578644b39d.sol#764-790) is never used and should be removed
Reference: https://github.com/crytic/slither/wiki/Detector-Documentation#dead-code

Deprecated standard detected THROW (../sb/0x9a4fe70bb7b39127f4772acaf0d000578644b39d.sol#739):
	- Usage of "throw" should be replaced with "revert()"
Deprecated standard detected oraclize_randomDS_setCommitment(queryId,sha3()(bytes8(_delay),args[1],sha256()(args[0]),args[2])) (../sb/0x9a4fe70bb7b39127f4772acaf0d000578644b39d.sol#753):
	- Usage of "sha3()" should be replaced with "keccak256()"
Deprecated standard detected address(sha3()(pubkey)) == signer (../sb/0x9a4fe70bb7b39127f4772acaf0d000578644b39d.sol#785):
	- Usage of "sha3()" should be replaced with "keccak256()"
Deprecated standard detected (address(sha3()(pubkey)) == signer) (../sb/0x9a4fe70bb7b39127f4772acaf0d000578644b39d.sol#788):
	- Usage of "sha3()" should be replaced with "keccak256()"
Deprecated standard detected checkok = (sha3()(keyhash) == sha3()(sha256()(context_name,queryId))) (../sb/0x9a4fe70bb7b39127f4772acaf0d000578644b39d.sol#855):
	- Usage of "sha3()" should be replaced with "keccak256()"
Deprecated standard detected oraclize_randomDS_args[queryId] == sha3()(commitmentSlice1,sessionPubkeyHash) (../sb/0x9a4fe70bb7b39127f4772acaf0d000578644b39d.sol#877):
	- Usage of "sha3()" should be replaced with "keccak256()"
Deprecated standard detected THROW (../sb/0x9a4fe70bb7b39127f4772acaf0d000578644b39d.sol#903):
	- Usage of "throw" should be replaced with "revert()"
Deprecated standard detected THROW (../sb/0x9a4fe70bb7b39127f4772acaf0d000578644b39d.sol#829):
	- Usage of "throw" should be replaced with "revert()"
Deprecated standard detected THROW (../sb/0x9a4fe70bb7b39127f4772acaf0d000578644b39d.sol#832):
	- Usage of "throw" should be replaced with "revert()"
Deprecated standard detected THROW (../sb/0x9a4fe70bb7b39127f4772acaf0d000578644b39d.sol#1006):
	- Usage of "throw" should be replaced with "revert()"
Deprecated standard detected THROW (../sb/0x9a4fe70bb7b39127f4772acaf0d000578644b39d.sol#1327):
	- Usage of "throw" should be replaced with "revert()"
Reference: https://github.com/crytic/slither/wiki/Detector-Documentation#deprecated-standards

Version constraint ^0.4.13 contains known severe issues (https://solidity.readthedocs.io/en/latest/bugs.html)
	- DirtyBytesArrayToStorage
	- KeccakCaching
	- EmptyByteArrayCopy
	- DynamicArrayCleanup
	- ImplicitConstructorCallvalueCheck
	- TupleAssignmentMultiStackSlotComponents
	- MemoryArrayCreationOverflow
	- privateCanBeOverridden
	- SignedArrayStorageCopy
	- UninitializedFunctionPointerInConstructor_0.4.x
	- IncorrectEventSignatureInLibraries_0.4.x
	- ExpExponentCleanup
	- NestedArrayFunctionCallDecoder
	- ZeroFunctionSelector
	- DelegateCallReturnValue
	- ECRecoverMalformedInput.
It is used by:
	- ^0.4.13 (../sb/0x9a4fe70bb7b39127f4772acaf0d000578644b39d.sol#8)
solc-0.4.26 is an outdated solc version. Use a more recent version (at least 0.8.0), if possible.
Reference: https://github.com/crytic/slither/wiki/Detector-Documentation#incorrect-versions-of-solidity

Low level call in X.withdrawFunds() (../sb/0x9a4fe70bb7b39127f4772acaf0d000578644b39d.sol#1265-1269):
	- owner.call.gas(200000).value(this.balance)() (../sb/0x9a4fe70bb7b39127f4772acaf0d000578644b39d.sol#1267)
Reference: https://github.com/crytic/slither/wiki/Detector-Documentation#low-level-calls

Function OraclizeI.query_withGasLimit(uint256,string,string,uint256) (../sb/0x9a4fe70bb7b39127f4772acaf0d000578644b39d.sol#13) is not in mixedCase
Function OraclizeI.query2_withGasLimit(uint256,string,string,string,uint256) (../sb/0x9a4fe70bb7b39127f4772acaf0d000578644b39d.sol#15) is not in mixedCase
Function OraclizeI.queryN_withGasLimit(uint256,string,bytes,uint256) (../sb/0x9a4fe70bb7b39127f4772acaf0d000578644b39d.sol#17) is not in mixedCase
Function OraclizeI.randomDS_getSessionPubKeyHash() (../sb/0x9a4fe70bb7b39127f4772acaf0d000578644b39d.sol#24) is not in mixedCase
Contract usingOraclize (../sb/0x9a4fe70bb7b39127f4772acaf0d000578644b39d.sol#29-992) is not in CapWords
Function usingOraclize.oraclize_setNetwork(uint8) (../sb/0x9a4fe70bb7b39127f4772acaf0d000578644b39d.sol#59-93) is not in mixedCase
Function usingOraclize.__callback(bytes32,string) (../sb/0x9a4fe70bb7b39127f4772acaf0d000578644b39d.sol#95-97) is not in mixedCase
Function usingOraclize.__callback(bytes32,string,bytes) (../sb/0x9a4fe70bb7b39127f4772acaf0d000578644b39d.sol#98-99) is not in mixedCase
Function usingOraclize.oraclize_useCoupon(string) (../sb/0x9a4fe70bb7b39127f4772acaf0d000578644b39d.sol#101-103) is not in mixedCase
Function usingOraclize.oraclize_getPrice(string) (../sb/0x9a4fe70bb7b39127f4772acaf0d000578644b39d.sol#105-107) is not in mixedCase
Function usingOraclize.oraclize_getPrice(string,uint256) (../sb/0x9a4fe70bb7b39127f4772acaf0d000578644b39d.sol#109-111) is not in mixedCase
Function usingOraclize.oraclize_query(string,string) (../sb/0x9a4fe70bb7b39127f4772acaf0d000578644b39d.sol#113-117) is not in mixedCase
Function usingOraclize.oraclize_query(uint256,string,string) (../sb/0x9a4fe70bb7b39127f4772acaf0d000578644b39d.sol#118-122) is not in mixedCase
Function usingOraclize.oraclize_query(uint256,string,string,uint256) (../sb/0x9a4fe70bb7b39127f4772acaf0d000578644b39d.sol#123-127) is not in mixedCase
Function usingOraclize.oraclize_query(string,string,uint256) (../sb/0x9a4fe70bb7b39127f4772acaf0d000578644b39d.sol#128-132) is not in mixedCase
Function usingOraclize.oraclize_query(string,string,string) (../sb/0x9a4fe70bb7b39127f4772acaf0d000578644b39d.sol#133-137) is not in mixedCase
Function usingOraclize.oraclize_query(uint256,string,string,string) (../sb/0x9a4fe70bb7b39127f4772acaf0d000578644b39d.sol#138-142) is not in mixedCase
Function usingOraclize.oraclize_query(uint256,string,string,string,uint256) (../sb/0x9a4fe70bb7b39127f4772acaf0d000578644b39d.sol#143-147) is not in mixedCase
Function usingOraclize.oraclize_query(string,string,string,uint256) (../sb/0x9a4fe70bb7b39127f4772acaf0d000578644b39d.sol#148-152) is not in mixedCase
Function usingOraclize.oraclize_query(string,string[]) (../sb/0x9a4fe70bb7b39127f4772acaf0d000578644b39d.sol#153-158) is not in mixedCase
Function usingOraclize.oraclize_query(uint256,string,string[]) (../sb/0x9a4fe70bb7b39127f4772acaf0d000578644b39d.sol#159-164) is not in mixedCase
Function usingOraclize.oraclize_query(uint256,string,string[],uint256) (../sb/0x9a4fe70bb7b39127f4772acaf0d000578644b39d.sol#165-170) is not in mixedCase
Function usingOraclize.oraclize_query(string,string[],uint256) (../sb/0x9a4fe70bb7b39127f4772acaf0d000578644b39d.sol#171-176) is not in mixedCase
Function usingOraclize.oraclize_query(string,string[1]) (../sb/0x9a4fe70bb7b39127f4772acaf0d000578644b39d.sol#177-181) is not in mixedCase
Function usingOraclize.oraclize_query(uint256,string,string[1]) (../sb/0x9a4fe70bb7b39127f4772acaf0d000578644b39d.sol#182-186) is not in mixedCase
Function usingOraclize.oraclize_query(uint256,string,string[1],uint256) (../sb/0x9a4fe70bb7b39127f4772acaf0d000578644b39d.sol#187-191) is not in mixedCase
Function usingOraclize.oraclize_query(string,string[1],uint256) (../sb/0x9a4fe70bb7b39127f4772acaf0d000578644b39d.sol#192-196) is not in mixedCase
Function usingOraclize.oraclize_query(string,string[2]) (../sb/0x9a4fe70bb7b39127f4772acaf0d000578644b39d.sol#198-203) is not in mixedCase
Function usingOraclize.oraclize_query(uint256,string,string[2]) (../sb/0x9a4fe70bb7b39127f4772acaf0d000578644b39d.sol#204-209) is not in mixedCase
Function usingOraclize.oraclize_query(uint256,string,string[2],uint256) (../sb/0x9a4fe70bb7b39127f4772acaf0d000578644b39d.sol#210-215) is not in mixedCase
Function usingOraclize.oraclize_query(string,string[2],uint256) (../sb/0x9a4fe70bb7b39127f4772acaf0d000578644b39d.sol#216-221) is not in mixedCase
Function usingOraclize.oraclize_query(string,string[3]) (../sb/0x9a4fe70bb7b39127f4772acaf0d000578644b39d.sol#222-228) is not in mixedCase
Function usingOraclize.oraclize_query(uint256,string,string[3]) (../sb/0x9a4fe70bb7b39127f4772acaf0d000578644b39d.sol#229-235) is not in mixedCase
Function usingOraclize.oraclize_query(uint256,string,string[3],uint256) (../sb/0x9a4fe70bb7b39127f4772acaf0d000578644b39d.sol#236-242) is not in mixedCase
Function usingOraclize.oraclize_query(string,string[3],uint256) (../sb/0x9a4fe70bb7b39127f4772acaf0d000578644b39d.sol#243-249) is not in mixedCase
Function usingOraclize.oraclize_query(string,string[4]) (../sb/0x9a4fe70bb7b39127f4772acaf0d000578644b39d.sol#251-258) is not in mixedCase
Function usingOraclize.oraclize_query(uint256,string,string[4]) (../sb/0x9a4fe70bb7b39127f4772acaf0d000578644b39d.sol#259-266) is not in mixedCase
Function usingOraclize.oraclize_query(uint256,string,string[4],uint256) (../sb/0x9a4fe70bb7b39127f4772acaf0d000578644b39d.sol#267-274) is not in mixedCase
Function usingOraclize.oraclize_query(string,string[4],uint256) (../sb/0x9a4fe70bb7b39127f4772acaf0d000578644b39d.sol#275-282) is not in mixedCase
Function usingOraclize.oraclize_query(string,string[5]) (../sb/0x9a4fe70bb7b39127f4772acaf0d000578644b39d.sol#283-291) is not in mixedCase
Function usingOraclize.oraclize_query(uint256,string,string[5]) (../sb/0x9a4fe70bb7b39127f4772acaf0d000578644b39d.sol#292-300) is not in mixedCase
Function usingOraclize.oraclize_query(uint256,string,string[5],uint256) (../sb/0x9a4fe70bb7b39127f4772acaf0d000578644b39d.sol#301-309) is not in mixedCase
Function usingOraclize.oraclize_query(string,string[5],uint256) (../sb/0x9a4fe70bb7b39127f4772acaf0d000578644b39d.sol#310-318) is not in mixedCase
Function usingOraclize.oraclize_query(string,bytes[]) (../sb/0x9a4fe70bb7b39127f4772acaf0d000578644b39d.sol#319-324) is not in mixedCase
Function usingOraclize.oraclize_query(uint256,string,bytes[]) (../sb/0x9a4fe70bb7b39127f4772acaf0d000578644b39d.sol#325-330) is not in mixedCase
Function usingOraclize.oraclize_query(uint256,string,bytes[],uint256) (../sb/0x9a4fe70bb7b39127f4772acaf0d000578644b39d.sol#331-336) is not in mixedCase
Function usingOraclize.oraclize_query(string,bytes[],uint256) (../sb/0x9a4fe70bb7b39127f4772acaf0d000578644b39d.sol#337-342) is not in mixedCase
Function usingOraclize.oraclize_query(string,bytes[1]) (../sb/0x9a4fe70bb7b39127f4772acaf0d000578644b39d.sol#343-347) is not in mixedCase
Function usingOraclize.oraclize_query(uint256,string,bytes[1]) (../sb/0x9a4fe70bb7b39127f4772acaf0d000578644b39d.sol#348-352) is not in mixedCase
Function usingOraclize.oraclize_query(uint256,string,bytes[1],uint256) (../sb/0x9a4fe70bb7b39127f4772acaf0d000578644b39d.sol#353-357) is not in mixedCase
Function usingOraclize.oraclize_query(string,bytes[1],uint256) (../sb/0x9a4fe70bb7b39127f4772acaf0d000578644b39d.sol#358-362) is not in mixedCase
Function usingOraclize.oraclize_query(string,bytes[2]) (../sb/0x9a4fe70bb7b39127f4772acaf0d000578644b39d.sol#364-369) is not in mixedCase
Function usingOraclize.oraclize_query(uint256,string,bytes[2]) (../sb/0x9a4fe70bb7b39127f4772acaf0d000578644b39d.sol#370-375) is not in mixedCase
Function usingOraclize.oraclize_query(uint256,string,bytes[2],uint256) (../sb/0x9a4fe70bb7b39127f4772acaf0d000578644b39d.sol#376-381) is not in mixedCase
Function usingOraclize.oraclize_query(string,bytes[2],uint256) (../sb/0x9a4fe70bb7b39127f4772acaf0d000578644b39d.sol#382-387) is not in mixedCase
Function usingOraclize.oraclize_query(string,bytes[3]) (../sb/0x9a4fe70bb7b39127f4772acaf0d000578644b39d.sol#388-394) is not in mixedCase
Function usingOraclize.oraclize_query(uint256,string,bytes[3]) (../sb/0x9a4fe70bb7b39127f4772acaf0d000578644b39d.sol#395-401) is not in mixedCase
Function usingOraclize.oraclize_query(uint256,string,bytes[3],uint256) (../sb/0x9a4fe70bb7b39127f4772acaf0d000578644b39d.sol#402-408) is not in mixedCase
Function usingOraclize.oraclize_query(string,bytes[3],uint256) (../sb/0x9a4fe70bb7b39127f4772acaf0d000578644b39d.sol#409-415) is not in mixedCase
Function usingOraclize.oraclize_query(string,bytes[4]) (../sb/0x9a4fe70bb7b39127f4772acaf0d000578644b39d.sol#417-424) is not in mixedCase
Function usingOraclize.oraclize_query(uint256,string,bytes[4]) (../sb/0x9a4fe70bb7b39127f4772acaf0d000578644b39d.sol#425-432) is not in mixedCase
Function usingOraclize.oraclize_query(uint256,string,bytes[4],uint256) (../sb/0x9a4fe70bb7b39127f4772acaf0d000578644b39d.sol#433-440) is not in mixedCase
Function usingOraclize.oraclize_query(string,bytes[4],uint256) (../sb/0x9a4fe70bb7b39127f4772acaf0d000578644b39d.sol#441-448) is not in mixedCase
Function usingOraclize.oraclize_query(string,bytes[5]) (../sb/0x9a4fe70bb7b39127f4772acaf0d000578644b39d.sol#449-457) is not in mixedCase
Function usingOraclize.oraclize_query(uint256,string,bytes[5]) (../sb/0x9a4fe70bb7b39127f4772acaf0d000578644b39d.sol#458-466) is not in mixedCase
Function usingOraclize.oraclize_query(uint256,string,bytes[5],uint256) (../sb/0x9a4fe70bb7b39127f4772acaf0d000578644b39d.sol#467-475) is not in mixedCase
Function usingOraclize.oraclize_query(string,bytes[5],uint256) (../sb/0x9a4fe70bb7b39127f4772acaf0d000578644b39d.sol#476-484) is not in mixedCase
Function usingOraclize.oraclize_cbAddress() (../sb/0x9a4fe70bb7b39127f4772acaf0d000578644b39d.sol#486-488) is not in mixedCase
Function usingOraclize.oraclize_setProof(bytes1) (../sb/0x9a4fe70bb7b39127f4772acaf0d000578644b39d.sol#489-491) is not in mixedCase
Function usingOraclize.oraclize_setCustomGasPrice(uint256) (../sb/0x9a4fe70bb7b39127f4772acaf0d000578644b39d.sol#492-494) is not in mixedCase
Function usingOraclize.oraclize_setConfig(bytes32) (../sb/0x9a4fe70bb7b39127f4772acaf0d000578644b39d.sol#495-497) is not in mixedCase
Function usingOraclize.oraclize_randomDS_getSessionPubKeyHash() (../sb/0x9a4fe70bb7b39127f4772acaf0d000578644b39d.sol#499-501) is not in mixedCase
Parameter usingOraclize.parseAddr(string)._a (../sb/0x9a4fe70bb7b39127f4772acaf0d000578644b39d.sol#509) is not in mixedCase
Parameter usingOraclize.strCompare(string,string)._a (../sb/0x9a4fe70bb7b39127f4772acaf0d000578644b39d.sol#529) is not in mixedCase
Parameter usingOraclize.strCompare(string,string)._b (../sb/0x9a4fe70bb7b39127f4772acaf0d000578644b39d.sol#529) is not in mixedCase
Parameter usingOraclize.indexOf(string,string)._haystack (../sb/0x9a4fe70bb7b39127f4772acaf0d000578644b39d.sol#547) is not in mixedCase
Parameter usingOraclize.indexOf(string,string)._needle (../sb/0x9a4fe70bb7b39127f4772acaf0d000578644b39d.sol#547) is not in mixedCase
Parameter usingOraclize.strConcat(string,string,string,string,string)._a (../sb/0x9a4fe70bb7b39127f4772acaf0d000578644b39d.sol#574) is not in mixedCase
Parameter usingOraclize.strConcat(string,string,string,string,string)._b (../sb/0x9a4fe70bb7b39127f4772acaf0d000578644b39d.sol#574) is not in mixedCase
Parameter usingOraclize.strConcat(string,string,string,string,string)._c (../sb/0x9a4fe70bb7b39127f4772acaf0d000578644b39d.sol#574) is not in mixedCase
Parameter usingOraclize.strConcat(string,string,string,string,string)._d (../sb/0x9a4fe70bb7b39127f4772acaf0d000578644b39d.sol#574) is not in mixedCase
Parameter usingOraclize.strConcat(string,string,string,string,string)._e (../sb/0x9a4fe70bb7b39127f4772acaf0d000578644b39d.sol#574) is not in mixedCase
Parameter usingOraclize.strConcat(string,string,string,string)._a (../sb/0x9a4fe70bb7b39127f4772acaf0d000578644b39d.sol#591) is not in mixedCase
Parameter usingOraclize.strConcat(string,string,string,string)._b (../sb/0x9a4fe70bb7b39127f4772acaf0d000578644b39d.sol#591) is not in mixedCase
Parameter usingOraclize.strConcat(string,string,string,string)._c (../sb/0x9a4fe70bb7b39127f4772acaf0d000578644b39d.sol#591) is not in mixedCase
Parameter usingOraclize.strConcat(string,string,string,string)._d (../sb/0x9a4fe70bb7b39127f4772acaf0d000578644b39d.sol#591) is not in mixedCase
Parameter usingOraclize.strConcat(string,string,string)._a (../sb/0x9a4fe70bb7b39127f4772acaf0d000578644b39d.sol#595) is not in mixedCase
Parameter usingOraclize.strConcat(string,string,string)._b (../sb/0x9a4fe70bb7b39127f4772acaf0d000578644b39d.sol#595) is not in mixedCase
Parameter usingOraclize.strConcat(string,string,string)._c (../sb/0x9a4fe70bb7b39127f4772acaf0d000578644b39d.sol#595) is not in mixedCase
Parameter usingOraclize.strConcat(string,string)._a (../sb/0x9a4fe70bb7b39127f4772acaf0d000578644b39d.sol#599) is not in mixedCase
Parameter usingOraclize.strConcat(string,string)._b (../sb/0x9a4fe70bb7b39127f4772acaf0d000578644b39d.sol#599) is not in mixedCase
Parameter usingOraclize.parseInt(string)._a (../sb/0x9a4fe70bb7b39127f4772acaf0d000578644b39d.sol#604) is not in mixedCase
Parameter usingOraclize.parseInt(string,uint256)._a (../sb/0x9a4fe70bb7b39127f4772acaf0d000578644b39d.sol#609) is not in mixedCase
Parameter usingOraclize.parseInt(string,uint256)._b (../sb/0x9a4fe70bb7b39127f4772acaf0d000578644b39d.sol#609) is not in mixedCase
Function usingOraclize.oraclize_setNetworkName(string) (../sb/0x9a4fe70bb7b39127f4772acaf0d000578644b39d.sol#730-732) is not in mixedCase
Parameter usingOraclize.oraclize_setNetworkName(string)._network_name (../sb/0x9a4fe70bb7b39127f4772acaf0d000578644b39d.sol#730) is not in mixedCase
Function usingOraclize.oraclize_getNetworkName() (../sb/0x9a4fe70bb7b39127f4772acaf0d000578644b39d.sol#734-736) is not in mixedCase
Function usingOraclize.oraclize_newRandomDSQuery(uint256,uint256,uint256) (../sb/0x9a4fe70bb7b39127f4772acaf0d000578644b39d.sol#738-755) is not in mixedCase
Parameter usingOraclize.oraclize_newRandomDSQuery(uint256,uint256,uint256)._delay (../sb/0x9a4fe70bb7b39127f4772acaf0d000578644b39d.sol#738) is not in mixedCase
Parameter usingOraclize.oraclize_newRandomDSQuery(uint256,uint256,uint256)._nbytes (../sb/0x9a4fe70bb7b39127f4772acaf0d000578644b39d.sol#738) is not in mixedCase
Parameter usingOraclize.oraclize_newRandomDSQuery(uint256,uint256,uint256)._customGasLimit (../sb/0x9a4fe70bb7b39127f4772acaf0d000578644b39d.sol#738) is not in mixedCase
Function usingOraclize.oraclize_randomDS_setCommitment(bytes32,bytes32) (../sb/0x9a4fe70bb7b39127f4772acaf0d000578644b39d.sol#757-759) is not in mixedCase
Function usingOraclize.oraclize_randomDS_proofVerify__sessionKeyValidity(bytes,uint256) (../sb/0x9a4fe70bb7b39127f4772acaf0d000578644b39d.sol#792-825) is not in mixedCase
Function usingOraclize.oraclize_randomDS_proofVerify__main(bytes,bytes32,bytes,string) (../sb/0x9a4fe70bb7b39127f4772acaf0d000578644b39d.sol#847-894) is not in mixedCase
Parameter usingOraclize.oraclize_randomDS_proofVerify__main(bytes,bytes32,bytes,string).context_name (../sb/0x9a4fe70bb7b39127f4772acaf0d000578644b39d.sol#847) is not in mixedCase
Function usingOraclize.safer_ecrecover(bytes32,uint8,bytes32,bytes32) (../sb/0x9a4fe70bb7b39127f4772acaf0d000578644b39d.sol#924-949) is not in mixedCase
Constant usingOraclize.day (../sb/0x9a4fe70bb7b39127f4772acaf0d000578644b39d.sol#30) is not in UPPER_CASE_WITH_UNDERSCORES
Constant usingOraclize.week (../sb/0x9a4fe70bb7b39127f4772acaf0d000578644b39d.sol#31) is not in UPPER_CASE_WITH_UNDERSCORES
Constant usingOraclize.month (../sb/0x9a4fe70bb7b39127f4772acaf0d000578644b39d.sol#32) is not in UPPER_CASE_WITH_UNDERSCORES
Constant usingOraclize.proofType_NONE (../sb/0x9a4fe70bb7b39127f4772acaf0d000578644b39d.sol#33) is not in UPPER_CASE_WITH_UNDERSCORES
Constant usingOraclize.proofType_TLSNotary (../sb/0x9a4fe70bb7b39127f4772acaf0d000578644b39d.sol#34) is not in UPPER_CASE_WITH_UNDERSCORES
Constant usingOraclize.proofType_Android (../sb/0x9a4fe70bb7b39127f4772acaf0d000578644b39d.sol#35) is not in UPPER_CASE_WITH_UNDERSCORES
Constant usingOraclize.proofType_Ledger (../sb/0x9a4fe70bb7b39127f4772acaf0d000578644b39d.sol#36) is not in UPPER_CASE_WITH_UNDERSCORES
Constant usingOraclize.proofType_Native (../sb/0x9a4fe70bb7b39127f4772acaf0d000578644b39d.sol#37) is not in UPPER_CASE_WITH_UNDERSCORES
Constant usingOraclize.proofStorage_IPFS (../sb/0x9a4fe70bb7b39127f4772acaf0d000578644b39d.sol#38) is not in UPPER_CASE_WITH_UNDERSCORES
Constant usingOraclize.networkID_auto (../sb/0x9a4fe70bb7b39127f4772acaf0d000578644b39d.sol#39) is not in UPPER_CASE_WITH_UNDERSCORES
Constant usingOraclize.networkID_mainnet (../sb/0x9a4fe70bb7b39127f4772acaf0d000578644b39d.sol#40) is not in UPPER_CASE_WITH_UNDERSCORES
Constant usingOraclize.networkID_testnet (../sb/0x9a4fe70bb7b39127f4772acaf0d000578644b39d.sol#41) is not in UPPER_CASE_WITH_UNDERSCORES
Constant usingOraclize.networkID_morden (../sb/0x9a4fe70bb7b39127f4772acaf0d000578644b39d.sol#42) is not in UPPER_CASE_WITH_UNDERSCORES
Constant usingOraclize.networkID_consensys (../sb/0x9a4fe70bb7b39127f4772acaf0d000578644b39d.sol#43) is not in UPPER_CASE_WITH_UNDERSCORES
Variable usingOraclize.OAR (../sb/0x9a4fe70bb7b39127f4772acaf0d000578644b39d.sol#45) is not in mixedCase
Variable usingOraclize.oraclize_network_name (../sb/0x9a4fe70bb7b39127f4772acaf0d000578644b39d.sol#729) is not in mixedCase
Variable usingOraclize.oraclize_randomDS_args (../sb/0x9a4fe70bb7b39127f4772acaf0d000578644b39d.sol#761) is not in mixedCase
Variable usingOraclize.oraclize_randomDS_sessionKeysHashVerified (../sb/0x9a4fe70bb7b39127f4772acaf0d000578644b39d.sol#762) is not in mixedCase
Modifier usingOraclize.oraclize_randomDS_proofVerify(bytes32,string,bytes) (../sb/0x9a4fe70bb7b39127f4772acaf0d000578644b39d.sol#827-835) is not in mixedCase
Contract owned (../sb/0x9a4fe70bb7b39127f4772acaf0d000578644b39d.sol#995-1014) is not in CapWords
Struct X.donation (../sb/0x9a4fe70bb7b39127f4772acaf0d000578644b39d.sol#1051-1055) is not in CapWords
Parameter X.balanceOf(address)._owner (../sb/0x9a4fe70bb7b39127f4772acaf0d000578644b39d.sol#1277) is not in mixedCase
Parameter X.transfer(address,uint256)._to (../sb/0x9a4fe70bb7b39127f4772acaf0d000578644b39d.sol#1282) is not in mixedCase
Parameter X.transfer(address,uint256)._value (../sb/0x9a4fe70bb7b39127f4772acaf0d000578644b39d.sol#1282) is not in mixedCase
Parameter X.transferFrom(address,address,uint256)._from (../sb/0x9a4fe70bb7b39127f4772acaf0d000578644b39d.sol#1295) is not in mixedCase
Parameter X.transferFrom(address,address,uint256)._to (../sb/0x9a4fe70bb7b39127f4772acaf0d000578644b39d.sol#1295) is not in mixedCase
Parameter X.transferFrom(address,address,uint256)._amount (../sb/0x9a4fe70bb7b39127f4772acaf0d000578644b39d.sol#1295) is not in mixedCase
Parameter X.approve(address,uint256)._spender (../sb/0x9a4fe70bb7b39127f4772acaf0d000578644b39d.sol#1311) is not in mixedCase
Parameter X.approve(address,uint256)._amount (../sb/0x9a4fe70bb7b39127f4772acaf0d000578644b39d.sol#1311) is not in mixedCase
Parameter X.allowance(address,address)._owner (../sb/0x9a4fe70bb7b39127f4772acaf0d000578644b39d.sol#1318) is not in mixedCase
Parameter X.allowance(address,address)._spender (../sb/0x9a4fe70bb7b39127f4772acaf0d000578644b39d.sol#1318) is not in mixedCase
Function X.__callback(bytes32,string) (../sb/0x9a4fe70bb7b39127f4772acaf0d000578644b39d.sol#1323-1340) is not in mixedCase
Variable X._donations (../sb/0x9a4fe70bb7b39127f4772acaf0d000578644b39d.sol#1056) is not in mixedCase
Variable X._totalDonations (../sb/0x9a4fe70bb7b39127f4772acaf0d000578644b39d.sol#1069) is not in mixedCase
Variable X._regularDonationsTotal (../sb/0x9a4fe70bb7b39127f4772acaf0d000578644b39d.sol#1070) is not in mixedCase
Variable X._crowdSaleSupply (../sb/0x9a4fe70bb7b39127f4772acaf0d000578644b39d.sol#1072) is not in mixedCase
Variable X._donationSupply (../sb/0x9a4fe70bb7b39127f4772acaf0d000578644b39d.sol#1073) is not in mixedCase
Variable X._foundationSupply (../sb/0x9a4fe70bb7b39127f4772acaf0d000578644b39d.sol#1074) is not in mixedCase
Variable X._AIExchangeSupply (../sb/0x9a4fe70bb7b39127f4772acaf0d000578644b39d.sol#1075) is not in mixedCase
Variable X._lotterySupply (../sb/0x9a4fe70bb7b39127f4772acaf0d000578644b39d.sol#1076) is not in mixedCase
Variable X._mineableSupply (../sb/0x9a4fe70bb7b39127f4772acaf0d000578644b39d.sol#1077) is not in mixedCase
Reference: https://github.com/crytic/slither/wiki/Detector-Documentation#conformance-to-solidity-naming-conventions

usingOraclize.oraclize_query(string,string) (../sb/0x9a4fe70bb7b39127f4772acaf0d000578644b39d.sol#113-117) uses literals with too many digits:
	- price > 1000000000000000000 + tx.gasprice * 200000 (../sb/0x9a4fe70bb7b39127f4772acaf0d000578644b39d.sol#115)
usingOraclize.oraclize_query(uint256,string,string) (../sb/0x9a4fe70bb7b39127f4772acaf0d000578644b39d.sol#118-122) uses literals with too many digits:
	- price > 1000000000000000000 + tx.gasprice * 200000 (../sb/0x9a4fe70bb7b39127f4772acaf0d000578644b39d.sol#120)
usingOraclize.oraclize_query(string,string,string) (../sb/0x9a4fe70bb7b39127f4772acaf0d000578644b39d.sol#133-137) uses literals with too many digits:
	- price > 1000000000000000000 + tx.gasprice * 200000 (../sb/0x9a4fe70bb7b39127f4772acaf0d000578644b39d.sol#135)
usingOraclize.oraclize_query(uint256,string,string,string) (../sb/0x9a4fe70bb7b39127f4772acaf0d000578644b39d.sol#138-142) uses literals with too many digits:
	- price > 1000000000000000000 + tx.gasprice * 200000 (../sb/0x9a4fe70bb7b39127f4772acaf0d000578644b39d.sol#140)
usingOraclize.oraclize_query(string,string[]) (../sb/0x9a4fe70bb7b39127f4772acaf0d000578644b39d.sol#153-158) uses literals with too many digits:
	- price > 1000000000000000000 + tx.gasprice * 200000 (../sb/0x9a4fe70bb7b39127f4772acaf0d000578644b39d.sol#155)
usingOraclize.oraclize_query(uint256,string,string[]) (../sb/0x9a4fe70bb7b39127f4772acaf0d000578644b39d.sol#159-164) uses literals with too many digits:
	- price > 1000000000000000000 + tx.gasprice * 200000 (../sb/0x9a4fe70bb7b39127f4772acaf0d000578644b39d.sol#161)
usingOraclize.oraclize_query(string,bytes[]) (../sb/0x9a4fe70bb7b39127f4772acaf0d000578644b39d.sol#319-324) uses literals with too many digits:
	- price > 1000000000000000000 + tx.gasprice * 200000 (../sb/0x9a4fe70bb7b39127f4772acaf0d000578644b39d.sol#321)
usingOraclize.oraclize_query(uint256,string,bytes[]) (../sb/0x9a4fe70bb7b39127f4772acaf0d000578644b39d.sol#325-330) uses literals with too many digits:
	- price > 1000000000000000000 + tx.gasprice * 200000 (../sb/0x9a4fe70bb7b39127f4772acaf0d000578644b39d.sol#327)
X.X() (../sb/0x9a4fe70bb7b39127f4772acaf0d000578644b39d.sol#1097-1132) uses literals with too many digits:
	- balances[preSale1] = 1100000000 (../sb/0x9a4fe70bb7b39127f4772acaf0d000578644b39d.sol#1114)
X.X() (../sb/0x9a4fe70bb7b39127f4772acaf0d000578644b39d.sol#1097-1132) uses literals with too many digits:
	- balances[preSale2] = 62800000000 (../sb/0x9a4fe70bb7b39127f4772acaf0d000578644b39d.sol#1119)
X.X() (../sb/0x9a4fe70bb7b39127f4772acaf0d000578644b39d.sol#1097-1132) uses literals with too many digits:
	- balances[preSale3] = 8000000000 (../sb/0x9a4fe70bb7b39127f4772acaf0d000578644b39d.sol#1124)
X.X() (../sb/0x9a4fe70bb7b39127f4772acaf0d000578644b39d.sol#1097-1132) uses literals with too many digits:
	- balances[preSale4] = 1000000000 (../sb/0x9a4fe70bb7b39127f4772acaf0d000578644b39d.sol#1127)
X.X() (../sb/0x9a4fe70bb7b39127f4772acaf0d000578644b39d.sol#1097-1132) uses literals with too many digits:
	- balances[preSale5] = 20000000000 (../sb/0x9a4fe70bb7b39127f4772acaf0d000578644b39d.sol#1130)
X.withdrawFunds() (../sb/0x9a4fe70bb7b39127f4772acaf0d000578644b39d.sol#1265-1269) uses literals with too many digits:
	- owner.call.gas(200000).value(this.balance)() (../sb/0x9a4fe70bb7b39127f4772acaf0d000578644b39d.sol#1267)
X.slitherConstructorVariables() (../sb/0x9a4fe70bb7b39127f4772acaf0d000578644b39d.sol#1046-1364) uses literals with too many digits:
	- _totalSupply = 100000000000000000 (../sb/0x9a4fe70bb7b39127f4772acaf0d000578644b39d.sol#1065)
X.slitherConstructorVariables() (../sb/0x9a4fe70bb7b39127f4772acaf0d000578644b39d.sol#1046-1364) uses literals with too many digits:
	- _totalDonationSupply = 1000000000000000 (../sb/0x9a4fe70bb7b39127f4772acaf0d000578644b39d.sol#1066)
X.slitherConstructorVariables() (../sb/0x9a4fe70bb7b39127f4772acaf0d000578644b39d.sol#1046-1364) uses literals with too many digits:
	- _crowdSaleSupply = 100000000000000 (../sb/0x9a4fe70bb7b39127f4772acaf0d000578644b39d.sol#1072)
X.slitherConstructorVariables() (../sb/0x9a4fe70bb7b39127f4772acaf0d000578644b39d.sol#1046-1364) uses literals with too many digits:
	- _donationSupply = 1000000000000000 (../sb/0x9a4fe70bb7b39127f4772acaf0d000578644b39d.sol#1073)
X.slitherConstructorVariables() (../sb/0x9a4fe70bb7b39127f4772acaf0d000578644b39d.sol#1046-1364) uses literals with too many digits:
	- _foundationSupply = 13000000000000000 (../sb/0x9a4fe70bb7b39127f4772acaf0d000578644b39d.sol#1074)
X.slitherConstructorVariables() (../sb/0x9a4fe70bb7b39127f4772acaf0d000578644b39d.sol#1046-1364) uses literals with too many digits:
	- _AIExchangeSupply = 10900000000000000 (../sb/0x9a4fe70bb7b39127f4772acaf0d000578644b39d.sol#1075)
X.slitherConstructorVariables() (../sb/0x9a4fe70bb7b39127f4772acaf0d000578644b39d.sol#1046-1364) uses literals with too many digits:
	- _lotterySupply = 18750000000000000 (../sb/0x9a4fe70bb7b39127f4772acaf0d000578644b39d.sol#1076)
X.slitherConstructorVariables() (../sb/0x9a4fe70bb7b39127f4772acaf0d000578644b39d.sol#1046-1364) uses literals with too many digits:
	- _mineableSupply = 56250000000000000 (../sb/0x9a4fe70bb7b39127f4772acaf0d000578644b39d.sol#1077)
X.slitherConstructorVariables() (../sb/0x9a4fe70bb7b39127f4772acaf0d000578644b39d.sol#1046-1364) uses literals with too many digits:
	- oraclizeGasPrice = 200000 (../sb/0x9a4fe70bb7b39127f4772acaf0d000578644b39d.sol#1095)
Reference: https://github.com/crytic/slither/wiki/Detector-Documentation#too-many-digits

usingOraclize.day (../sb/0x9a4fe70bb7b39127f4772acaf0d000578644b39d.sol#30) is never used in X (../sb/0x9a4fe70bb7b39127f4772acaf0d000578644b39d.sol#1046-1364)
usingOraclize.week (../sb/0x9a4fe70bb7b39127f4772acaf0d000578644b39d.sol#31) is never used in X (../sb/0x9a4fe70bb7b39127f4772acaf0d000578644b39d.sol#1046-1364)
usingOraclize.month (../sb/0x9a4fe70bb7b39127f4772acaf0d000578644b39d.sol#32) is never used in X (../sb/0x9a4fe70bb7b39127f4772acaf0d000578644b39d.sol#1046-1364)
usingOraclize.proofType_NONE (../sb/0x9a4fe70bb7b39127f4772acaf0d000578644b39d.sol#33) is never used in X (../sb/0x9a4fe70bb7b39127f4772acaf0d000578644b39d.sol#1046-1364)
usingOraclize.proofType_TLSNotary (../sb/0x9a4fe70bb7b39127f4772acaf0d000578644b39d.sol#34) is never used in X (../sb/0x9a4fe70bb7b39127f4772acaf0d000578644b39d.sol#1046-1364)
usingOraclize.proofType_Android (../sb/0x9a4fe70bb7b39127f4772acaf0d000578644b39d.sol#35) is never used in X (../sb/0x9a4fe70bb7b39127f4772acaf0d000578644b39d.sol#1046-1364)
usingOraclize.proofType_Ledger (../sb/0x9a4fe70bb7b39127f4772acaf0d000578644b39d.sol#36) is never used in X (../sb/0x9a4fe70bb7b39127f4772acaf0d000578644b39d.sol#1046-1364)
usingOraclize.proofType_Native (../sb/0x9a4fe70bb7b39127f4772acaf0d000578644b39d.sol#37) is never used in X (../sb/0x9a4fe70bb7b39127f4772acaf0d000578644b39d.sol#1046-1364)
usingOraclize.proofStorage_IPFS (../sb/0x9a4fe70bb7b39127f4772acaf0d000578644b39d.sol#38) is never used in X (../sb/0x9a4fe70bb7b39127f4772acaf0d000578644b39d.sol#1046-1364)
usingOraclize.networkID_mainnet (../sb/0x9a4fe70bb7b39127f4772acaf0d000578644b39d.sol#40) is never used in X (../sb/0x9a4fe70bb7b39127f4772acaf0d000578644b39d.sol#1046-1364)
usingOraclize.networkID_testnet (../sb/0x9a4fe70bb7b39127f4772acaf0d000578644b39d.sol#41) is never used in X (../sb/0x9a4fe70bb7b39127f4772acaf0d000578644b39d.sol#1046-1364)
usingOraclize.networkID_morden (../sb/0x9a4fe70bb7b39127f4772acaf0d000578644b39d.sol#42) is never used in X (../sb/0x9a4fe70bb7b39127f4772acaf0d000578644b39d.sol#1046-1364)
usingOraclize.networkID_consensys (../sb/0x9a4fe70bb7b39127f4772acaf0d000578644b39d.sol#43) is never used in X (../sb/0x9a4fe70bb7b39127f4772acaf0d000578644b39d.sol#1046-1364)
X._presalePrice (../sb/0x9a4fe70bb7b39127f4772acaf0d000578644b39d.sol#1079) is never used in X (../sb/0x9a4fe70bb7b39127f4772acaf0d000578644b39d.sol#1046-1364)
Reference: https://github.com/crytic/slither/wiki/Detector-Documentation#unused-state-variable

X._aug17 (../sb/0x9a4fe70bb7b39127f4772acaf0d000578644b39d.sol#1087) should be constant 
X._augPrice (../sb/0x9a4fe70bb7b39127f4772acaf0d000578644b39d.sol#1081) should be constant 
X._dec17 (../sb/0x9a4fe70bb7b39127f4772acaf0d000578644b39d.sol#1091) should be constant 
X._decPrice (../sb/0x9a4fe70bb7b39127f4772acaf0d000578644b39d.sol#1085) should be constant 
X._donationSupply (../sb/0x9a4fe70bb7b39127f4772acaf0d000578644b39d.sol#1073) should be constant 
X._jan18 (../sb/0x9a4fe70bb7b39127f4772acaf0d000578644b39d.sol#1092) should be constant 
X._julPrice (../sb/0x9a4fe70bb7b39127f4772acaf0d000578644b39d.sol#1080) should be constant 
X._nov17 (../sb/0x9a4fe70bb7b39127f4772acaf0d000578644b39d.sol#1090) should be constant 
X._novPrice (../sb/0x9a4fe70bb7b39127f4772acaf0d000578644b39d.sol#1084) should be constant 
X._oct17 (../sb/0x9a4fe70bb7b39127f4772acaf0d000578644b39d.sol#1089) should be constant 
X._octPrice (../sb/0x9a4fe70bb7b39127f4772acaf0d000578644b39d.sol#1083) should be constant 
X._presalePrice (../sb/0x9a4fe70bb7b39127f4772acaf0d000578644b39d.sol#1079) should be constant 
X._sep17 (../sb/0x9a4fe70bb7b39127f4772acaf0d000578644b39d.sol#1088) should be constant 
X._sepPrice (../sb/0x9a4fe70bb7b39127f4772acaf0d000578644b39d.sol#1082) should be constant 
X._totalDonationSupply (../sb/0x9a4fe70bb7b39127f4772acaf0d000578644b39d.sol#1066) should be constant 
X._totalSupply (../sb/0x9a4fe70bb7b39127f4772acaf0d000578644b39d.sol#1065) should be constant 
Reference: https://github.com/crytic/slither/wiki/Detector-Documentation#state-variables-that-could-be-declared-constant

query(uint256,string,string) should be declared external:
	- OraclizeI.query(uint256,string,string) (../sb/0x9a4fe70bb7b39127f4772acaf0d000578644b39d.sol#12)
query_withGasLimit(uint256,string,string,uint256) should be declared external:
	- OraclizeI.query_withGasLimit(uint256,string,string,uint256) (../sb/0x9a4fe70bb7b39127f4772acaf0d000578644b39d.sol#13)
query2(uint256,string,string,string) should be declared external:
	- OraclizeI.query2(uint256,string,string,string) (../sb/0x9a4fe70bb7b39127f4772acaf0d000578644b39d.sol#14)
query2_withGasLimit(uint256,string,string,string,uint256) should be declared external:
	- OraclizeI.query2_withGasLimit(uint256,string,string,string,uint256) (../sb/0x9a4fe70bb7b39127f4772acaf0d000578644b39d.sol#15)
queryN(uint256,string,bytes) should be declared external:
	- OraclizeI.queryN(uint256,string,bytes) (../sb/0x9a4fe70bb7b39127f4772acaf0d000578644b39d.sol#16)
queryN_withGasLimit(uint256,string,bytes,uint256) should be declared external:
	- OraclizeI.queryN_withGasLimit(uint256,string,bytes,uint256) (../sb/0x9a4fe70bb7b39127f4772acaf0d000578644b39d.sol#17)
getPrice(string) should be declared external:
	- OraclizeI.getPrice(string) (../sb/0x9a4fe70bb7b39127f4772acaf0d000578644b39d.sol#18)
getPrice(string,uint256) should be declared external:
	- OraclizeI.getPrice(string,uint256) (../sb/0x9a4fe70bb7b39127f4772acaf0d000578644b39d.sol#19)
useCoupon(string) should be declared external:
	- OraclizeI.useCoupon(string) (../sb/0x9a4fe70bb7b39127f4772acaf0d000578644b39d.sol#20)
__callback(bytes32,string) should be declared external:
	- X.__callback(bytes32,string) (../sb/0x9a4fe70bb7b39127f4772acaf0d000578644b39d.sol#1323-1340)
	- usingOraclize.__callback(bytes32,string) (../sb/0x9a4fe70bb7b39127f4772acaf0d000578644b39d.sol#95-97)
Reference: https://github.com/crytic/slither/wiki/Detector-Documentation#public-function-that-could-be-declared-external
/sb/0x9a4fe70bb7b39127f4772acaf0d000578644b39d.sol analyzed (6 contracts with 100 detectors), 381 result(s) found
