A new version of Solhint is available: 6.0.1
Please consider updating your Solhint package.
/sb/0x008c69e0c66ebd4b228d27f2162ad54ab1b7dde1.sol:3:1: Found more than One contract per file. 8 contracts found! [Warning/one-contract-per-file]
/sb/0x008c69e0c66ebd4b228d27f2162ad54ab1b7dde1.sol:3:1: Compiler version ^0.8.2 does not satisfy the ^0.8.24 semver requirement [Error/compiler-version]
/sb/0x008c69e0c66ebd4b228d27f2162ad54ab1b7dde1.sol:25:1: Missing @title tag in contract 'IERC165' [Warning/use-natspec]
/sb/0x008c69e0c66ebd4b228d27f2162ad54ab1b7dde1.sol:25:1: Missing @author tag in contract 'IERC165' [Warning/use-natspec]
/sb/0x008c69e0c66ebd4b228d27f2162ad54ab1b7dde1.sol:25:1: Missing @notice tag in contract 'IERC165' [Warning/use-natspec]
/sb/0x008c69e0c66ebd4b228d27f2162ad54ab1b7dde1.sol:43:5: Missing @notice tag in function 'supportsInterface' [Warning/use-natspec]
/sb/0x008c69e0c66ebd4b228d27f2162ad54ab1b7dde1.sol:43:5: Missing @param tag in function 'supportsInterface' [Warning/use-natspec]
/sb/0x008c69e0c66ebd4b228d27f2162ad54ab1b7dde1.sol:43:5: Mismatch in @param names for function 'supportsInterface'. Expected: [interfaceId], Found: [] [Warning/use-natspec]
/sb/0x008c69e0c66ebd4b228d27f2162ad54ab1b7dde1.sol:43:5: Missing @return tag in function 'supportsInterface' [Warning/use-natspec]
/sb/0x008c69e0c66ebd4b228d27f2162ad54ab1b7dde1.sol:43:5: Mismatch in @return count for function 'supportsInterface'. Expected: 1, Found: 0 [Warning/use-natspec]
/sb/0x008c69e0c66ebd4b228d27f2162ad54ab1b7dde1.sol:59:1: Missing @title tag in contract 'IERC721' [Warning/use-natspec]
/sb/0x008c69e0c66ebd4b228d27f2162ad54ab1b7dde1.sol:59:1: Missing @author tag in contract 'IERC721' [Warning/use-natspec]
/sb/0x008c69e0c66ebd4b228d27f2162ad54ab1b7dde1.sol:59:1: Missing @notice tag in contract 'IERC721' [Warning/use-natspec]
/sb/0x008c69e0c66ebd4b228d27f2162ad54ab1b7dde1.sol:67:5: Missing @notice tag in event 'Transfer' [Warning/use-natspec]
/sb/0x008c69e0c66ebd4b228d27f2162ad54ab1b7dde1.sol:67:5: Missing @param tag in event 'Transfer' [Warning/use-natspec]
/sb/0x008c69e0c66ebd4b228d27f2162ad54ab1b7dde1.sol:67:5: Mismatch in @param names for event 'Transfer'. Expected: [from, to, tokenId], Found: [] [Warning/use-natspec]
/sb/0x008c69e0c66ebd4b228d27f2162ad54ab1b7dde1.sol:77:5: Missing @notice tag in event 'Approval' [Warning/use-natspec]
/sb/0x008c69e0c66ebd4b228d27f2162ad54ab1b7dde1.sol:77:5: Missing @param tag in event 'Approval' [Warning/use-natspec]
/sb/0x008c69e0c66ebd4b228d27f2162ad54ab1b7dde1.sol:77:5: Mismatch in @param names for event 'Approval'. Expected: [owner, approved, tokenId], Found: [] [Warning/use-natspec]
/sb/0x008c69e0c66ebd4b228d27f2162ad54ab1b7dde1.sol:87:5: Missing @notice tag in event 'ApprovalForAll' [Warning/use-natspec]
/sb/0x008c69e0c66ebd4b228d27f2162ad54ab1b7dde1.sol:87:5: Missing @param tag in event 'ApprovalForAll' [Warning/use-natspec]
/sb/0x008c69e0c66ebd4b228d27f2162ad54ab1b7dde1.sol:87:5: Mismatch in @param names for event 'ApprovalForAll'. Expected: [owner, operator, approved], Found: [] [Warning/use-natspec]
/sb/0x008c69e0c66ebd4b228d27f2162ad54ab1b7dde1.sol:87:5: GC: [approved] on Event [ApprovalForAll] could be Indexed [Warning/gas-indexed-events]
/sb/0x008c69e0c66ebd4b228d27f2162ad54ab1b7dde1.sol:97:5: Missing @notice tag in function 'balanceOf' [Warning/use-natspec]
/sb/0x008c69e0c66ebd4b228d27f2162ad54ab1b7dde1.sol:97:5: Missing @param tag in function 'balanceOf' [Warning/use-natspec]
/sb/0x008c69e0c66ebd4b228d27f2162ad54ab1b7dde1.sol:97:5: Mismatch in @param names for function 'balanceOf'. Expected: [owner], Found: [] [Warning/use-natspec]
/sb/0x008c69e0c66ebd4b228d27f2162ad54ab1b7dde1.sol:97:5: Missing @return tag in function 'balanceOf' [Warning/use-natspec]
/sb/0x008c69e0c66ebd4b228d27f2162ad54ab1b7dde1.sol:97:5: Mismatch in @return names for function 'balanceOf'. Expected: [balance], Found: [] [Warning/use-natspec]
/sb/0x008c69e0c66ebd4b228d27f2162ad54ab1b7dde1.sol:115:5: Missing @notice tag in function 'ownerOf' [Warning/use-natspec]
/sb/0x008c69e0c66ebd4b228d27f2162ad54ab1b7dde1.sol:115:5: Missing @param tag in function 'ownerOf' [Warning/use-natspec]
/sb/0x008c69e0c66ebd4b228d27f2162ad54ab1b7dde1.sol:115:5: Mismatch in @param names for function 'ownerOf'. Expected: [tokenId], Found: [] [Warning/use-natspec]
/sb/0x008c69e0c66ebd4b228d27f2162ad54ab1b7dde1.sol:115:5: Missing @return tag in function 'ownerOf' [Warning/use-natspec]
/sb/0x008c69e0c66ebd4b228d27f2162ad54ab1b7dde1.sol:115:5: Mismatch in @return names for function 'ownerOf'. Expected: [owner], Found: [] [Warning/use-natspec]
/sb/0x008c69e0c66ebd4b228d27f2162ad54ab1b7dde1.sol:145:5: Missing @notice tag in function 'safeTransferFrom' [Warning/use-natspec]
/sb/0x008c69e0c66ebd4b228d27f2162ad54ab1b7dde1.sol:145:5: Missing @param tag in function 'safeTransferFrom' [Warning/use-natspec]
/sb/0x008c69e0c66ebd4b228d27f2162ad54ab1b7dde1.sol:145:5: Mismatch in @param names for function 'safeTransferFrom'. Expected: [from, to, tokenId, data], Found: [] [Warning/use-natspec]
/sb/0x008c69e0c66ebd4b228d27f2162ad54ab1b7dde1.sol:187:5: Missing @notice tag in function 'safeTransferFrom' [Warning/use-natspec]
/sb/0x008c69e0c66ebd4b228d27f2162ad54ab1b7dde1.sol:187:5: Missing @param tag in function 'safeTransferFrom' [Warning/use-natspec]
/sb/0x008c69e0c66ebd4b228d27f2162ad54ab1b7dde1.sol:187:5: Mismatch in @param names for function 'safeTransferFrom'. Expected: [from, to, tokenId], Found: [] [Warning/use-natspec]
/sb/0x008c69e0c66ebd4b228d27f2162ad54ab1b7dde1.sol:227:5: Missing @notice tag in function 'transferFrom' [Warning/use-natspec]
/sb/0x008c69e0c66ebd4b228d27f2162ad54ab1b7dde1.sol:227:5: Missing @param tag in function 'transferFrom' [Warning/use-natspec]
/sb/0x008c69e0c66ebd4b228d27f2162ad54ab1b7dde1.sol:227:5: Mismatch in @param names for function 'transferFrom'. Expected: [from, to, tokenId], Found: [] [Warning/use-natspec]
/sb/0x008c69e0c66ebd4b228d27f2162ad54ab1b7dde1.sol:265:5: Missing @notice tag in function 'approve' [Warning/use-natspec]
/sb/0x008c69e0c66ebd4b228d27f2162ad54ab1b7dde1.sol:265:5: Missing @param tag in function 'approve' [Warning/use-natspec]
/sb/0x008c69e0c66ebd4b228d27f2162ad54ab1b7dde1.sol:265:5: Mismatch in @param names for function 'approve'. Expected: [to, tokenId], Found: [] [Warning/use-natspec]
/sb/0x008c69e0c66ebd4b228d27f2162ad54ab1b7dde1.sol:289:5: Missing @notice tag in function 'setApprovalForAll' [Warning/use-natspec]
/sb/0x008c69e0c66ebd4b228d27f2162ad54ab1b7dde1.sol:289:5: Missing @param tag in function 'setApprovalForAll' [Warning/use-natspec]
/sb/0x008c69e0c66ebd4b228d27f2162ad54ab1b7dde1.sol:289:5: Mismatch in @param names for function 'setApprovalForAll'. Expected: [operator, _approved], Found: [] [Warning/use-natspec]
/sb/0x008c69e0c66ebd4b228d27f2162ad54ab1b7dde1.sol:307:5: Missing @notice tag in function 'getApproved' [Warning/use-natspec]
/sb/0x008c69e0c66ebd4b228d27f2162ad54ab1b7dde1.sol:307:5: Missing @param tag in function 'getApproved' [Warning/use-natspec]
/sb/0x008c69e0c66ebd4b228d27f2162ad54ab1b7dde1.sol:307:5: Mismatch in @param names for function 'getApproved'. Expected: [tokenId], Found: [] [Warning/use-natspec]
/sb/0x008c69e0c66ebd4b228d27f2162ad54ab1b7dde1.sol:307:5: Missing @return tag in function 'getApproved' [Warning/use-natspec]
/sb/0x008c69e0c66ebd4b228d27f2162ad54ab1b7dde1.sol:307:5: Mismatch in @return names for function 'getApproved'. Expected: [operator], Found: [] [Warning/use-natspec]
/sb/0x008c69e0c66ebd4b228d27f2162ad54ab1b7dde1.sol:321:5: Missing @notice tag in function 'isApprovedForAll' [Warning/use-natspec]
/sb/0x008c69e0c66ebd4b228d27f2162ad54ab1b7dde1.sol:321:5: Missing @param tag in function 'isApprovedForAll' [Warning/use-natspec]
/sb/0x008c69e0c66ebd4b228d27f2162ad54ab1b7dde1.sol:321:5: Mismatch in @param names for function 'isApprovedForAll'. Expected: [owner, operator], Found: [] [Warning/use-natspec]
/sb/0x008c69e0c66ebd4b228d27f2162ad54ab1b7dde1.sol:321:5: Missing @return tag in function 'isApprovedForAll' [Warning/use-natspec]
/sb/0x008c69e0c66ebd4b228d27f2162ad54ab1b7dde1.sol:321:5: Mismatch in @return count for function 'isApprovedForAll'. Expected: 1, Found: 0 [Warning/use-natspec]
/sb/0x008c69e0c66ebd4b228d27f2162ad54ab1b7dde1.sol:339:1: Missing @author tag in contract 'IERC721Receiver' [Warning/use-natspec]
/sb/0x008c69e0c66ebd4b228d27f2162ad54ab1b7dde1.sol:339:1: Missing @notice tag in contract 'IERC721Receiver' [Warning/use-natspec]
/sb/0x008c69e0c66ebd4b228d27f2162ad54ab1b7dde1.sol:359:5: Missing @notice tag in function 'onERC721Received' [Warning/use-natspec]
/sb/0x008c69e0c66ebd4b228d27f2162ad54ab1b7dde1.sol:359:5: Missing @param tag in function 'onERC721Received' [Warning/use-natspec]
/sb/0x008c69e0c66ebd4b228d27f2162ad54ab1b7dde1.sol:359:5: Mismatch in @param names for function 'onERC721Received'. Expected: [operator, from, tokenId, data], Found: [] [Warning/use-natspec]
/sb/0x008c69e0c66ebd4b228d27f2162ad54ab1b7dde1.sol:359:5: Missing @return tag in function 'onERC721Received' [Warning/use-natspec]
/sb/0x008c69e0c66ebd4b228d27f2162ad54ab1b7dde1.sol:359:5: Mismatch in @return count for function 'onERC721Received'. Expected: 1, Found: 0 [Warning/use-natspec]
/sb/0x008c69e0c66ebd4b228d27f2162ad54ab1b7dde1.sol:385:1: Missing @author tag in contract 'IERC721Metadata' [Warning/use-natspec]
/sb/0x008c69e0c66ebd4b228d27f2162ad54ab1b7dde1.sol:385:1: Missing @notice tag in contract 'IERC721Metadata' [Warning/use-natspec]
/sb/0x008c69e0c66ebd4b228d27f2162ad54ab1b7dde1.sol:393:5: Missing @notice tag in function 'name' [Warning/use-natspec]
/sb/0x008c69e0c66ebd4b228d27f2162ad54ab1b7dde1.sol:393:5: Missing @return tag in function 'name' [Warning/use-natspec]
/sb/0x008c69e0c66ebd4b228d27f2162ad54ab1b7dde1.sol:393:5: Mismatch in @return count for function 'name'. Expected: 1, Found: 0 [Warning/use-natspec]
/sb/0x008c69e0c66ebd4b228d27f2162ad54ab1b7dde1.sol:403:5: Missing @notice tag in function 'symbol' [Warning/use-natspec]
/sb/0x008c69e0c66ebd4b228d27f2162ad54ab1b7dde1.sol:403:5: Missing @return tag in function 'symbol' [Warning/use-natspec]
/sb/0x008c69e0c66ebd4b228d27f2162ad54ab1b7dde1.sol:403:5: Mismatch in @return count for function 'symbol'. Expected: 1, Found: 0 [Warning/use-natspec]
/sb/0x008c69e0c66ebd4b228d27f2162ad54ab1b7dde1.sol:413:5: Missing @notice tag in function 'tokenURI' [Warning/use-natspec]
/sb/0x008c69e0c66ebd4b228d27f2162ad54ab1b7dde1.sol:413:5: Missing @param tag in function 'tokenURI' [Warning/use-natspec]
/sb/0x008c69e0c66ebd4b228d27f2162ad54ab1b7dde1.sol:413:5: Mismatch in @param names for function 'tokenURI'. Expected: [tokenId], Found: [] [Warning/use-natspec]
/sb/0x008c69e0c66ebd4b228d27f2162ad54ab1b7dde1.sol:413:5: Missing @return tag in function 'tokenURI' [Warning/use-natspec]
/sb/0x008c69e0c66ebd4b228d27f2162ad54ab1b7dde1.sol:413:5: Mismatch in @return count for function 'tokenURI'. Expected: 1, Found: 0 [Warning/use-natspec]
/sb/0x008c69e0c66ebd4b228d27f2162ad54ab1b7dde1.sol:431:1: Missing @title tag in contract 'Address' [Warning/use-natspec]
/sb/0x008c69e0c66ebd4b228d27f2162ad54ab1b7dde1.sol:431:1: Missing @author tag in contract 'Address' [Warning/use-natspec]
/sb/0x008c69e0c66ebd4b228d27f2162ad54ab1b7dde1.sol:431:1: Missing @notice tag in contract 'Address' [Warning/use-natspec]
/sb/0x008c69e0c66ebd4b228d27f2162ad54ab1b7dde1.sol:485:5: Missing @notice tag in function 'isContract' [Warning/use-natspec]
/sb/0x008c69e0c66ebd4b228d27f2162ad54ab1b7dde1.sol:485:5: Missing @param tag in function 'isContract' [Warning/use-natspec]
/sb/0x008c69e0c66ebd4b228d27f2162ad54ab1b7dde1.sol:485:5: Mismatch in @param names for function 'isContract'. Expected: [account], Found: [] [Warning/use-natspec]
/sb/0x008c69e0c66ebd4b228d27f2162ad54ab1b7dde1.sol:485:5: Missing @return tag in function 'isContract' [Warning/use-natspec]
/sb/0x008c69e0c66ebd4b228d27f2162ad54ab1b7dde1.sol:485:5: Mismatch in @return count for function 'isContract'. Expected: 1, Found: 0 [Warning/use-natspec]
/sb/0x008c69e0c66ebd4b228d27f2162ad54ab1b7dde1.sol:533:5: Missing @notice tag in function 'sendValue' [Warning/use-natspec]
/sb/0x008c69e0c66ebd4b228d27f2162ad54ab1b7dde1.sol:533:5: Missing @param tag in function 'sendValue' [Warning/use-natspec]
/sb/0x008c69e0c66ebd4b228d27f2162ad54ab1b7dde1.sol:533:5: Mismatch in @param names for function 'sendValue'. Expected: [recipient, amount], Found: [] [Warning/use-natspec]
/sb/0x008c69e0c66ebd4b228d27f2162ad54ab1b7dde1.sol:535:9: GC: Use Custom Errors instead of require statements [Warning/gas-custom-errors]
/sb/0x008c69e0c66ebd4b228d27f2162ad54ab1b7dde1.sol:535:17: GC: Non strict inequality found. Try converting to a strict one [Warning/gas-strict-inequalities]
/sb/0x008c69e0c66ebd4b228d27f2162ad54ab1b7dde1.sol:541:9: Error message for require is too long: 58 counted / 32 allowed [Warning/reason-string]
/sb/0x008c69e0c66ebd4b228d27f2162ad54ab1b7dde1.sol:541:9: GC: String exceeds 32 bytes [Warning/gas-small-strings]
/sb/0x008c69e0c66ebd4b228d27f2162ad54ab1b7dde1.sol:541:9: GC: Use Custom Errors instead of require statements [Warning/gas-custom-errors]
/sb/0x008c69e0c66ebd4b228d27f2162ad54ab1b7dde1.sol:583:5: Missing @notice tag in function 'functionCall' [Warning/use-natspec]
/sb/0x008c69e0c66ebd4b228d27f2162ad54ab1b7dde1.sol:583:5: Missing @param tag in function 'functionCall' [Warning/use-natspec]
/sb/0x008c69e0c66ebd4b228d27f2162ad54ab1b7dde1.sol:583:5: Mismatch in @param names for function 'functionCall'. Expected: [target, data], Found: [] [Warning/use-natspec]
/sb/0x008c69e0c66ebd4b228d27f2162ad54ab1b7dde1.sol:583:5: Missing @return tag in function 'functionCall' [Warning/use-natspec]
/sb/0x008c69e0c66ebd4b228d27f2162ad54ab1b7dde1.sol:583:5: Mismatch in @return count for function 'functionCall'. Expected: 1, Found: 0 [Warning/use-natspec]
/sb/0x008c69e0c66ebd4b228d27f2162ad54ab1b7dde1.sol:603:5: Missing @notice tag in function 'functionCall' [Warning/use-natspec]
/sb/0x008c69e0c66ebd4b228d27f2162ad54ab1b7dde1.sol:603:5: Missing @param tag in function 'functionCall' [Warning/use-natspec]
/sb/0x008c69e0c66ebd4b228d27f2162ad54ab1b7dde1.sol:603:5: Mismatch in @param names for function 'functionCall'. Expected: [target, data, errorMessage], Found: [] [Warning/use-natspec]
/sb/0x008c69e0c66ebd4b228d27f2162ad54ab1b7dde1.sol:603:5: Missing @return tag in function 'functionCall' [Warning/use-natspec]
/sb/0x008c69e0c66ebd4b228d27f2162ad54ab1b7dde1.sol:603:5: Mismatch in @return count for function 'functionCall'. Expected: 1, Found: 0 [Warning/use-natspec]
/sb/0x008c69e0c66ebd4b228d27f2162ad54ab1b7dde1.sol:641:5: Missing @notice tag in function 'functionCallWithValue' [Warning/use-natspec]
/sb/0x008c69e0c66ebd4b228d27f2162ad54ab1b7dde1.sol:641:5: Missing @param tag in function 'functionCallWithValue' [Warning/use-natspec]
/sb/0x008c69e0c66ebd4b228d27f2162ad54ab1b7dde1.sol:641:5: Mismatch in @param names for function 'functionCallWithValue'. Expected: [target, data, value], Found: [] [Warning/use-natspec]
/sb/0x008c69e0c66ebd4b228d27f2162ad54ab1b7dde1.sol:641:5: Missing @return tag in function 'functionCallWithValue' [Warning/use-natspec]
/sb/0x008c69e0c66ebd4b228d27f2162ad54ab1b7dde1.sol:641:5: Mismatch in @return count for function 'functionCallWithValue'. Expected: 1, Found: 0 [Warning/use-natspec]
/sb/0x008c69e0c66ebd4b228d27f2162ad54ab1b7dde1.sol:651:16: GC: String exceeds 32 bytes [Warning/gas-small-strings]
/sb/0x008c69e0c66ebd4b228d27f2162ad54ab1b7dde1.sol:669:5: Missing @notice tag in function 'functionCallWithValue' [Warning/use-natspec]
/sb/0x008c69e0c66ebd4b228d27f2162ad54ab1b7dde1.sol:669:5: Missing @param tag in function 'functionCallWithValue' [Warning/use-natspec]
/sb/0x008c69e0c66ebd4b228d27f2162ad54ab1b7dde1.sol:669:5: Mismatch in @param names for function 'functionCallWithValue'. Expected: [target, data, value, errorMessage], Found: [] [Warning/use-natspec]
/sb/0x008c69e0c66ebd4b228d27f2162ad54ab1b7dde1.sol:669:5: Missing @return tag in function 'functionCallWithValue' [Warning/use-natspec]
/sb/0x008c69e0c66ebd4b228d27f2162ad54ab1b7dde1.sol:669:5: Mismatch in @return count for function 'functionCallWithValue'. Expected: 1, Found: 0 [Warning/use-natspec]
/sb/0x008c69e0c66ebd4b228d27f2162ad54ab1b7dde1.sol:681:9: Error message for require is too long: 38 counted / 32 allowed [Warning/reason-string]
/sb/0x008c69e0c66ebd4b228d27f2162ad54ab1b7dde1.sol:681:9: GC: String exceeds 32 bytes [Warning/gas-small-strings]
/sb/0x008c69e0c66ebd4b228d27f2162ad54ab1b7dde1.sol:681:9: GC: Use Custom Errors instead of require statements [Warning/gas-custom-errors]
/sb/0x008c69e0c66ebd4b228d27f2162ad54ab1b7dde1.sol:681:17: GC: Non strict inequality found. Try converting to a strict one [Warning/gas-strict-inequalities]
/sb/0x008c69e0c66ebd4b228d27f2162ad54ab1b7dde1.sol:683:9: GC: Use Custom Errors instead of require statements [Warning/gas-custom-errors]
/sb/0x008c69e0c66ebd4b228d27f2162ad54ab1b7dde1.sol:707:5: Missing @notice tag in function 'functionStaticCall' [Warning/use-natspec]
/sb/0x008c69e0c66ebd4b228d27f2162ad54ab1b7dde1.sol:707:5: Missing @param tag in function 'functionStaticCall' [Warning/use-natspec]
/sb/0x008c69e0c66ebd4b228d27f2162ad54ab1b7dde1.sol:707:5: Mismatch in @param names for function 'functionStaticCall'. Expected: [target, data], Found: [] [Warning/use-natspec]
/sb/0x008c69e0c66ebd4b228d27f2162ad54ab1b7dde1.sol:707:5: Missing @return tag in function 'functionStaticCall' [Warning/use-natspec]
/sb/0x008c69e0c66ebd4b228d27f2162ad54ab1b7dde1.sol:707:5: Mismatch in @return count for function 'functionStaticCall'. Expected: 1, Found: 0 [Warning/use-natspec]
/sb/0x008c69e0c66ebd4b228d27f2162ad54ab1b7dde1.sol:709:16: GC: String exceeds 32 bytes [Warning/gas-small-strings]
/sb/0x008c69e0c66ebd4b228d27f2162ad54ab1b7dde1.sol:727:5: Missing @notice tag in function 'functionStaticCall' [Warning/use-natspec]
/sb/0x008c69e0c66ebd4b228d27f2162ad54ab1b7dde1.sol:727:5: Missing @param tag in function 'functionStaticCall' [Warning/use-natspec]
/sb/0x008c69e0c66ebd4b228d27f2162ad54ab1b7dde1.sol:727:5: Mismatch in @param names for function 'functionStaticCall'. Expected: [target, data, errorMessage], Found: [] [Warning/use-natspec]
/sb/0x008c69e0c66ebd4b228d27f2162ad54ab1b7dde1.sol:727:5: Missing @return tag in function 'functionStaticCall' [Warning/use-natspec]
/sb/0x008c69e0c66ebd4b228d27f2162ad54ab1b7dde1.sol:727:5: Mismatch in @return count for function 'functionStaticCall'. Expected: 1, Found: 0 [Warning/use-natspec]
/sb/0x008c69e0c66ebd4b228d27f2162ad54ab1b7dde1.sol:737:9: Error message for require is too long: 36 counted / 32 allowed [Warning/reason-string]
/sb/0x008c69e0c66ebd4b228d27f2162ad54ab1b7dde1.sol:737:9: GC: String exceeds 32 bytes [Warning/gas-small-strings]
/sb/0x008c69e0c66ebd4b228d27f2162ad54ab1b7dde1.sol:737:9: GC: Use Custom Errors instead of require statements [Warning/gas-custom-errors]
/sb/0x008c69e0c66ebd4b228d27f2162ad54ab1b7dde1.sol:761:5: Missing @notice tag in function 'functionDelegateCall' [Warning/use-natspec]
/sb/0x008c69e0c66ebd4b228d27f2162ad54ab1b7dde1.sol:761:5: Missing @param tag in function 'functionDelegateCall' [Warning/use-natspec]
/sb/0x008c69e0c66ebd4b228d27f2162ad54ab1b7dde1.sol:761:5: Mismatch in @param names for function 'functionDelegateCall'. Expected: [target, data], Found: [] [Warning/use-natspec]
/sb/0x008c69e0c66ebd4b228d27f2162ad54ab1b7dde1.sol:761:5: Missing @return tag in function 'functionDelegateCall' [Warning/use-natspec]
/sb/0x008c69e0c66ebd4b228d27f2162ad54ab1b7dde1.sol:761:5: Mismatch in @return count for function 'functionDelegateCall'. Expected: 1, Found: 0 [Warning/use-natspec]
/sb/0x008c69e0c66ebd4b228d27f2162ad54ab1b7dde1.sol:763:16: GC: String exceeds 32 bytes [Warning/gas-small-strings]
/sb/0x008c69e0c66ebd4b228d27f2162ad54ab1b7dde1.sol:781:5: Missing @notice tag in function 'functionDelegateCall' [Warning/use-natspec]
/sb/0x008c69e0c66ebd4b228d27f2162ad54ab1b7dde1.sol:781:5: Missing @param tag in function 'functionDelegateCall' [Warning/use-natspec]
/sb/0x008c69e0c66ebd4b228d27f2162ad54ab1b7dde1.sol:781:5: Mismatch in @param names for function 'functionDelegateCall'. Expected: [target, data, errorMessage], Found: [] [Warning/use-natspec]
/sb/0x008c69e0c66ebd4b228d27f2162ad54ab1b7dde1.sol:781:5: Missing @return tag in function 'functionDelegateCall' [Warning/use-natspec]
/sb/0x008c69e0c66ebd4b228d27f2162ad54ab1b7dde1.sol:781:5: Mismatch in @return count for function 'functionDelegateCall'. Expected: 1, Found: 0 [Warning/use-natspec]
/sb/0x008c69e0c66ebd4b228d27f2162ad54ab1b7dde1.sol:791:9: Error message for require is too long: 38 counted / 32 allowed [Warning/reason-string]
/sb/0x008c69e0c66ebd4b228d27f2162ad54ab1b7dde1.sol:791:9: GC: String exceeds 32 bytes [Warning/gas-small-strings]
/sb/0x008c69e0c66ebd4b228d27f2162ad54ab1b7dde1.sol:791:9: GC: Use Custom Errors instead of require statements [Warning/gas-custom-errors]
/sb/0x008c69e0c66ebd4b228d27f2162ad54ab1b7dde1.sol:795:51: Avoid to use low level calls. [Warning/avoid-low-level-calls]
/sb/0x008c69e0c66ebd4b228d27f2162ad54ab1b7dde1.sol:815:5: Missing @notice tag in function 'verifyCallResult' [Warning/use-natspec]
/sb/0x008c69e0c66ebd4b228d27f2162ad54ab1b7dde1.sol:815:5: Missing @param tag in function 'verifyCallResult' [Warning/use-natspec]
/sb/0x008c69e0c66ebd4b228d27f2162ad54ab1b7dde1.sol:815:5: Mismatch in @param names for function 'verifyCallResult'. Expected: [success, returndata, errorMessage], Found: [] [Warning/use-natspec]
/sb/0x008c69e0c66ebd4b228d27f2162ad54ab1b7dde1.sol:815:5: Missing @return tag in function 'verifyCallResult' [Warning/use-natspec]
/sb/0x008c69e0c66ebd4b228d27f2162ad54ab1b7dde1.sol:815:5: Mismatch in @return count for function 'verifyCallResult'. Expected: 1, Found: 0 [Warning/use-natspec]
/sb/0x008c69e0c66ebd4b228d27f2162ad54ab1b7dde1.sol:839:17: Avoid to use inline assembly. It is acceptable only in rare cases [Warning/no-inline-assembly]
/sb/0x008c69e0c66ebd4b228d27f2162ad54ab1b7dde1.sol:887:1: Missing @title tag in contract 'Context' [Warning/use-natspec]
/sb/0x008c69e0c66ebd4b228d27f2162ad54ab1b7dde1.sol:887:1: Missing @author tag in contract 'Context' [Warning/use-natspec]
/sb/0x008c69e0c66ebd4b228d27f2162ad54ab1b7dde1.sol:887:1: Missing @notice tag in contract 'Context' [Warning/use-natspec]
/sb/0x008c69e0c66ebd4b228d27f2162ad54ab1b7dde1.sol:889:5: Missing @notice tag in function '_msgSender' [Warning/use-natspec]
/sb/0x008c69e0c66ebd4b228d27f2162ad54ab1b7dde1.sol:889:5: Missing @return tag in function '_msgSender' [Warning/use-natspec]
/sb/0x008c69e0c66ebd4b228d27f2162ad54ab1b7dde1.sol:889:5: Mismatch in @return count for function '_msgSender'. Expected: 1, Found: 0 [Warning/use-natspec]
/sb/0x008c69e0c66ebd4b228d27f2162ad54ab1b7dde1.sol:897:5: Missing @notice tag in function '_msgData' [Warning/use-natspec]
/sb/0x008c69e0c66ebd4b228d27f2162ad54ab1b7dde1.sol:897:5: Missing @return tag in function '_msgData' [Warning/use-natspec]
/sb/0x008c69e0c66ebd4b228d27f2162ad54ab1b7dde1.sol:897:5: Mismatch in @return count for function '_msgData'. Expected: 1, Found: 0 [Warning/use-natspec]
/sb/0x008c69e0c66ebd4b228d27f2162ad54ab1b7dde1.sol:919:1: Missing @title tag in contract 'Strings' [Warning/use-natspec]
/sb/0x008c69e0c66ebd4b228d27f2162ad54ab1b7dde1.sol:919:1: Missing @author tag in contract 'Strings' [Warning/use-natspec]
/sb/0x008c69e0c66ebd4b228d27f2162ad54ab1b7dde1.sol:919:1: Missing @notice tag in contract 'Strings' [Warning/use-natspec]
/sb/0x008c69e0c66ebd4b228d27f2162ad54ab1b7dde1.sol:931:5: Missing @notice tag in function 'toString' [Warning/use-natspec]
/sb/0x008c69e0c66ebd4b228d27f2162ad54ab1b7dde1.sol:931:5: Missing @param tag in function 'toString' [Warning/use-natspec]
/sb/0x008c69e0c66ebd4b228d27f2162ad54ab1b7dde1.sol:931:5: Mismatch in @param names for function 'toString'. Expected: [value], Found: [] [Warning/use-natspec]
/sb/0x008c69e0c66ebd4b228d27f2162ad54ab1b7dde1.sol:931:5: Missing @return tag in function 'toString' [Warning/use-natspec]
/sb/0x008c69e0c66ebd4b228d27f2162ad54ab1b7dde1.sol:931:5: Mismatch in @return count for function 'toString'. Expected: 1, Found: 0 [Warning/use-natspec]
/sb/0x008c69e0c66ebd4b228d27f2162ad54ab1b7dde1.sol:951:13: GC: For [ digits ] variable, increment/decrement by 1 using: [ ++variable ] to save gas [Warning/gas-increment-by-one]
/sb/0x008c69e0c66ebd4b228d27f2162ad54ab1b7dde1.sol:961:13: GC: For [ digits ] variable, increment/decrement by 1 using: [ ++variable ] to save gas [Warning/gas-increment-by-one]
/sb/0x008c69e0c66ebd4b228d27f2162ad54ab1b7dde1.sol:981:5: Missing @notice tag in function 'toHexString' [Warning/use-natspec]
/sb/0x008c69e0c66ebd4b228d27f2162ad54ab1b7dde1.sol:981:5: Missing @param tag in function 'toHexString' [Warning/use-natspec]
/sb/0x008c69e0c66ebd4b228d27f2162ad54ab1b7dde1.sol:981:5: Mismatch in @param names for function 'toHexString'. Expected: [value], Found: [] [Warning/use-natspec]
/sb/0x008c69e0c66ebd4b228d27f2162ad54ab1b7dde1.sol:981:5: Missing @return tag in function 'toHexString' [Warning/use-natspec]
/sb/0x008c69e0c66ebd4b228d27f2162ad54ab1b7dde1.sol:981:5: Mismatch in @return count for function 'toHexString'. Expected: 1, Found: 0 [Warning/use-natspec]
/sb/0x008c69e0c66ebd4b228d27f2162ad54ab1b7dde1.sol:995:13: GC: For [ length ] variable, increment/decrement by 1 using: [ ++variable ] to save gas [Warning/gas-increment-by-one]
/sb/0x008c69e0c66ebd4b228d27f2162ad54ab1b7dde1.sol:1013:5: Missing @notice tag in function 'toHexString' [Warning/use-natspec]
/sb/0x008c69e0c66ebd4b228d27f2162ad54ab1b7dde1.sol:1013:5: Missing @param tag in function 'toHexString' [Warning/use-natspec]
/sb/0x008c69e0c66ebd4b228d27f2162ad54ab1b7dde1.sol:1013:5: Mismatch in @param names for function 'toHexString'. Expected: [value, length], Found: [] [Warning/use-natspec]
/sb/0x008c69e0c66ebd4b228d27f2162ad54ab1b7dde1.sol:1013:5: Missing @return tag in function 'toHexString' [Warning/use-natspec]
/sb/0x008c69e0c66ebd4b228d27f2162ad54ab1b7dde1.sol:1013:5: Mismatch in @return count for function 'toHexString'. Expected: 1, Found: 0 [Warning/use-natspec]
/sb/0x008c69e0c66ebd4b228d27f2162ad54ab1b7dde1.sol:1029:9: GC: Use Custom Errors instead of require statements [Warning/gas-custom-errors]
/sb/0x008c69e0c66ebd4b228d27f2162ad54ab1b7dde1.sol:1071:1: Missing @title tag in contract 'ERC165' [Warning/use-natspec]
/sb/0x008c69e0c66ebd4b228d27f2162ad54ab1b7dde1.sol:1071:1: Missing @author tag in contract 'ERC165' [Warning/use-natspec]
/sb/0x008c69e0c66ebd4b228d27f2162ad54ab1b7dde1.sol:1071:1: Missing @notice tag in contract 'ERC165' [Warning/use-natspec]
/sb/0x008c69e0c66ebd4b228d27f2162ad54ab1b7dde1.sol:1079:5: Missing @notice tag in function 'supportsInterface' [Warning/use-natspec]
/sb/0x008c69e0c66ebd4b228d27f2162ad54ab1b7dde1.sol:1079:5: Missing @param tag in function 'supportsInterface' [Warning/use-natspec]
/sb/0x008c69e0c66ebd4b228d27f2162ad54ab1b7dde1.sol:1079:5: Mismatch in @param names for function 'supportsInterface'. Expected: [interfaceId], Found: [] [Warning/use-natspec]
/sb/0x008c69e0c66ebd4b228d27f2162ad54ab1b7dde1.sol:1079:5: Missing @return tag in function 'supportsInterface' [Warning/use-natspec]
/sb/0x008c69e0c66ebd4b228d27f2162ad54ab1b7dde1.sol:1079:5: Mismatch in @return count for function 'supportsInterface'. Expected: 1, Found: 0 [Warning/use-natspec]
/sb/0x008c69e0c66ebd4b228d27f2162ad54ab1b7dde1.sol:1113:1: Missing @title tag in contract 'ERC721' [Warning/use-natspec]
/sb/0x008c69e0c66ebd4b228d27f2162ad54ab1b7dde1.sol:1113:1: Missing @author tag in contract 'ERC721' [Warning/use-natspec]
/sb/0x008c69e0c66ebd4b228d27f2162ad54ab1b7dde1.sol:1113:1: Missing @notice tag in contract 'ERC721' [Warning/use-natspec]
/sb/0x008c69e0c66ebd4b228d27f2162ad54ab1b7dde1.sol:1163:5: Missing @notice tag in function '<anonymous>' [Warning/use-natspec]
/sb/0x008c69e0c66ebd4b228d27f2162ad54ab1b7dde1.sol:1163:5: Missing @param tag in function '<anonymous>' [Warning/use-natspec]
/sb/0x008c69e0c66ebd4b228d27f2162ad54ab1b7dde1.sol:1163:5: Mismatch in @param names for function '<anonymous>'. Expected: [name_, symbol_], Found: [] [Warning/use-natspec]
/sb/0x008c69e0c66ebd4b228d27f2162ad54ab1b7dde1.sol:1163:5: Explicitly mark visibility in function (Set ignoreConstructors to true if using solidity >=0.7.0) [Warning/func-visibility]
/sb/0x008c69e0c66ebd4b228d27f2162ad54ab1b7dde1.sol:1179:5: Missing @notice tag in function 'supportsInterface' [Warning/use-natspec]
/sb/0x008c69e0c66ebd4b228d27f2162ad54ab1b7dde1.sol:1179:5: Missing @param tag in function 'supportsInterface' [Warning/use-natspec]
/sb/0x008c69e0c66ebd4b228d27f2162ad54ab1b7dde1.sol:1179:5: Mismatch in @param names for function 'supportsInterface'. Expected: [interfaceId], Found: [] [Warning/use-natspec]
/sb/0x008c69e0c66ebd4b228d27f2162ad54ab1b7dde1.sol:1179:5: Missing @return tag in function 'supportsInterface' [Warning/use-natspec]
/sb/0x008c69e0c66ebd4b228d27f2162ad54ab1b7dde1.sol:1179:5: Mismatch in @return count for function 'supportsInterface'. Expected: 1, Found: 0 [Warning/use-natspec]
/sb/0x008c69e0c66ebd4b228d27f2162ad54ab1b7dde1.sol:1199:5: Missing @notice tag in function 'balanceOf' [Warning/use-natspec]
/sb/0x008c69e0c66ebd4b228d27f2162ad54ab1b7dde1.sol:1199:5: Missing @param tag in function 'balanceOf' [Warning/use-natspec]
/sb/0x008c69e0c66ebd4b228d27f2162ad54ab1b7dde1.sol:1199:5: Mismatch in @param names for function 'balanceOf'. Expected: [owner], Found: [] [Warning/use-natspec]
/sb/0x008c69e0c66ebd4b228d27f2162ad54ab1b7dde1.sol:1199:5: Missing @return tag in function 'balanceOf' [Warning/use-natspec]
/sb/0x008c69e0c66ebd4b228d27f2162ad54ab1b7dde1.sol:1199:5: Mismatch in @return count for function 'balanceOf'. Expected: 1, Found: 0 [Warning/use-natspec]
/sb/0x008c69e0c66ebd4b228d27f2162ad54ab1b7dde1.sol:1201:9: Error message for require is too long: 42 counted / 32 allowed [Warning/reason-string]
/sb/0x008c69e0c66ebd4b228d27f2162ad54ab1b7dde1.sol:1201:9: GC: String exceeds 32 bytes [Warning/gas-small-strings]
/sb/0x008c69e0c66ebd4b228d27f2162ad54ab1b7dde1.sol:1201:9: GC: Use Custom Errors instead of require statements [Warning/gas-custom-errors]
/sb/0x008c69e0c66ebd4b228d27f2162ad54ab1b7dde1.sol:1215:5: Missing @notice tag in function 'ownerOf' [Warning/use-natspec]
/sb/0x008c69e0c66ebd4b228d27f2162ad54ab1b7dde1.sol:1215:5: Missing @param tag in function 'ownerOf' [Warning/use-natspec]
/sb/0x008c69e0c66ebd4b228d27f2162ad54ab1b7dde1.sol:1215:5: Mismatch in @param names for function 'ownerOf'. Expected: [tokenId], Found: [] [Warning/use-natspec]
/sb/0x008c69e0c66ebd4b228d27f2162ad54ab1b7dde1.sol:1215:5: Missing @return tag in function 'ownerOf' [Warning/use-natspec]
/sb/0x008c69e0c66ebd4b228d27f2162ad54ab1b7dde1.sol:1215:5: Mismatch in @return count for function 'ownerOf'. Expected: 1, Found: 0 [Warning/use-natspec]
/sb/0x008c69e0c66ebd4b228d27f2162ad54ab1b7dde1.sol:1219:9: Error message for require is too long: 41 counted / 32 allowed [Warning/reason-string]
/sb/0x008c69e0c66ebd4b228d27f2162ad54ab1b7dde1.sol:1219:9: GC: String exceeds 32 bytes [Warning/gas-small-strings]
/sb/0x008c69e0c66ebd4b228d27f2162ad54ab1b7dde1.sol:1219:9: GC: Use Custom Errors instead of require statements [Warning/gas-custom-errors]
/sb/0x008c69e0c66ebd4b228d27f2162ad54ab1b7dde1.sol:1233:5: Missing @notice tag in function 'name' [Warning/use-natspec]
/sb/0x008c69e0c66ebd4b228d27f2162ad54ab1b7dde1.sol:1233:5: Missing @return tag in function 'name' [Warning/use-natspec]
/sb/0x008c69e0c66ebd4b228d27f2162ad54ab1b7dde1.sol:1233:5: Mismatch in @return count for function 'name'. Expected: 1, Found: 0 [Warning/use-natspec]
/sb/0x008c69e0c66ebd4b228d27f2162ad54ab1b7dde1.sol:1247:5: Missing @notice tag in function 'symbol' [Warning/use-natspec]
/sb/0x008c69e0c66ebd4b228d27f2162ad54ab1b7dde1.sol:1247:5: Missing @return tag in function 'symbol' [Warning/use-natspec]
/sb/0x008c69e0c66ebd4b228d27f2162ad54ab1b7dde1.sol:1247:5: Mismatch in @return count for function 'symbol'. Expected: 1, Found: 0 [Warning/use-natspec]
/sb/0x008c69e0c66ebd4b228d27f2162ad54ab1b7dde1.sol:1261:5: Missing @notice tag in function 'tokenURI' [Warning/use-natspec]
/sb/0x008c69e0c66ebd4b228d27f2162ad54ab1b7dde1.sol:1261:5: Missing @param tag in function 'tokenURI' [Warning/use-natspec]
/sb/0x008c69e0c66ebd4b228d27f2162ad54ab1b7dde1.sol:1261:5: Mismatch in @param names for function 'tokenURI'. Expected: [tokenId], Found: [] [Warning/use-natspec]
/sb/0x008c69e0c66ebd4b228d27f2162ad54ab1b7dde1.sol:1261:5: Missing @return tag in function 'tokenURI' [Warning/use-natspec]
/sb/0x008c69e0c66ebd4b228d27f2162ad54ab1b7dde1.sol:1261:5: Mismatch in @return count for function 'tokenURI'. Expected: 1, Found: 0 [Warning/use-natspec]
/sb/0x008c69e0c66ebd4b228d27f2162ad54ab1b7dde1.sol:1263:9: Error message for require is too long: 47 counted / 32 allowed [Warning/reason-string]
/sb/0x008c69e0c66ebd4b228d27f2162ad54ab1b7dde1.sol:1263:9: GC: String exceeds 32 bytes [Warning/gas-small-strings]
/sb/0x008c69e0c66ebd4b228d27f2162ad54ab1b7dde1.sol:1263:9: GC: Use Custom Errors instead of require statements [Warning/gas-custom-errors]
/sb/0x008c69e0c66ebd4b228d27f2162ad54ab1b7dde1.sol:1285:5: Missing @notice tag in function '_baseURI' [Warning/use-natspec]
/sb/0x008c69e0c66ebd4b228d27f2162ad54ab1b7dde1.sol:1285:5: Missing @return tag in function '_baseURI' [Warning/use-natspec]
/sb/0x008c69e0c66ebd4b228d27f2162ad54ab1b7dde1.sol:1285:5: Mismatch in @return count for function '_baseURI'. Expected: 1, Found: 0 [Warning/use-natspec]
/sb/0x008c69e0c66ebd4b228d27f2162ad54ab1b7dde1.sol:1299:5: Missing @notice tag in function 'approve' [Warning/use-natspec]
/sb/0x008c69e0c66ebd4b228d27f2162ad54ab1b7dde1.sol:1299:5: Missing @param tag in function 'approve' [Warning/use-natspec]
/sb/0x008c69e0c66ebd4b228d27f2162ad54ab1b7dde1.sol:1299:5: Mismatch in @param names for function 'approve'. Expected: [to, tokenId], Found: [] [Warning/use-natspec]
/sb/0x008c69e0c66ebd4b228d27f2162ad54ab1b7dde1.sol:1303:9: Error message for require is too long: 33 counted / 32 allowed [Warning/reason-string]
/sb/0x008c69e0c66ebd4b228d27f2162ad54ab1b7dde1.sol:1303:9: GC: String exceeds 32 bytes [Warning/gas-small-strings]
/sb/0x008c69e0c66ebd4b228d27f2162ad54ab1b7dde1.sol:1303:9: GC: Use Custom Errors instead of require statements [Warning/gas-custom-errors]
/sb/0x008c69e0c66ebd4b228d27f2162ad54ab1b7dde1.sol:1307:9: Error message for require is too long: 56 counted / 32 allowed [Warning/reason-string]
/sb/0x008c69e0c66ebd4b228d27f2162ad54ab1b7dde1.sol:1307:9: GC: String exceeds 32 bytes [Warning/gas-small-strings]
/sb/0x008c69e0c66ebd4b228d27f2162ad54ab1b7dde1.sol:1307:9: GC: Use Custom Errors instead of require statements [Warning/gas-custom-errors]
/sb/0x008c69e0c66ebd4b228d27f2162ad54ab1b7dde1.sol:1329:5: Missing @notice tag in function 'getApproved' [Warning/use-natspec]
/sb/0x008c69e0c66ebd4b228d27f2162ad54ab1b7dde1.sol:1329:5: Missing @param tag in function 'getApproved' [Warning/use-natspec]
/sb/0x008c69e0c66ebd4b228d27f2162ad54ab1b7dde1.sol:1329:5: Mismatch in @param names for function 'getApproved'. Expected: [tokenId], Found: [] [Warning/use-natspec]
/sb/0x008c69e0c66ebd4b228d27f2162ad54ab1b7dde1.sol:1329:5: Missing @return tag in function 'getApproved' [Warning/use-natspec]
/sb/0x008c69e0c66ebd4b228d27f2162ad54ab1b7dde1.sol:1329:5: Mismatch in @return count for function 'getApproved'. Expected: 1, Found: 0 [Warning/use-natspec]
/sb/0x008c69e0c66ebd4b228d27f2162ad54ab1b7dde1.sol:1331:9: Error message for require is too long: 44 counted / 32 allowed [Warning/reason-string]
/sb/0x008c69e0c66ebd4b228d27f2162ad54ab1b7dde1.sol:1331:9: GC: String exceeds 32 bytes [Warning/gas-small-strings]
/sb/0x008c69e0c66ebd4b228d27f2162ad54ab1b7dde1.sol:1331:9: GC: Use Custom Errors instead of require statements [Warning/gas-custom-errors]
/sb/0x008c69e0c66ebd4b228d27f2162ad54ab1b7dde1.sol:1347:5: Missing @notice tag in function 'setApprovalForAll' [Warning/use-natspec]
/sb/0x008c69e0c66ebd4b228d27f2162ad54ab1b7dde1.sol:1347:5: Missing @param tag in function 'setApprovalForAll' [Warning/use-natspec]
/sb/0x008c69e0c66ebd4b228d27f2162ad54ab1b7dde1.sol:1347:5: Mismatch in @param names for function 'setApprovalForAll'. Expected: [operator, approved], Found: [] [Warning/use-natspec]
/sb/0x008c69e0c66ebd4b228d27f2162ad54ab1b7dde1.sol:1361:5: Missing @notice tag in function 'isApprovedForAll' [Warning/use-natspec]
/sb/0x008c69e0c66ebd4b228d27f2162ad54ab1b7dde1.sol:1361:5: Missing @param tag in function 'isApprovedForAll' [Warning/use-natspec]
/sb/0x008c69e0c66ebd4b228d27f2162ad54ab1b7dde1.sol:1361:5: Mismatch in @param names for function 'isApprovedForAll'. Expected: [owner, operator], Found: [] [Warning/use-natspec]
/sb/0x008c69e0c66ebd4b228d27f2162ad54ab1b7dde1.sol:1361:5: Missing @return tag in function 'isApprovedForAll' [Warning/use-natspec]
/sb/0x008c69e0c66ebd4b228d27f2162ad54ab1b7dde1.sol:1361:5: Mismatch in @return count for function 'isApprovedForAll'. Expected: 1, Found: 0 [Warning/use-natspec]
/sb/0x008c69e0c66ebd4b228d27f2162ad54ab1b7dde1.sol:1375:5: Missing @notice tag in function 'transferFrom' [Warning/use-natspec]
/sb/0x008c69e0c66ebd4b228d27f2162ad54ab1b7dde1.sol:1375:5: Missing @param tag in function 'transferFrom' [Warning/use-natspec]
/sb/0x008c69e0c66ebd4b228d27f2162ad54ab1b7dde1.sol:1375:5: Mismatch in @param names for function 'transferFrom'. Expected: [from, to, tokenId], Found: [] [Warning/use-natspec]
/sb/0x008c69e0c66ebd4b228d27f2162ad54ab1b7dde1.sol:1387:9: Error message for require is too long: 49 counted / 32 allowed [Warning/reason-string]
/sb/0x008c69e0c66ebd4b228d27f2162ad54ab1b7dde1.sol:1387:9: GC: String exceeds 32 bytes [Warning/gas-small-strings]
/sb/0x008c69e0c66ebd4b228d27f2162ad54ab1b7dde1.sol:1387:9: GC: Use Custom Errors instead of require statements [Warning/gas-custom-errors]
/sb/0x008c69e0c66ebd4b228d27f2162ad54ab1b7dde1.sol:1403:5: Missing @notice tag in function 'safeTransferFrom' [Warning/use-natspec]
/sb/0x008c69e0c66ebd4b228d27f2162ad54ab1b7dde1.sol:1403:5: Missing @param tag in function 'safeTransferFrom' [Warning/use-natspec]
/sb/0x008c69e0c66ebd4b228d27f2162ad54ab1b7dde1.sol:1403:5: Mismatch in @param names for function 'safeTransferFrom'. Expected: [from, to, tokenId], Found: [] [Warning/use-natspec]
/sb/0x008c69e0c66ebd4b228d27f2162ad54ab1b7dde1.sol:1425:5: Missing @notice tag in function 'safeTransferFrom' [Warning/use-natspec]
/sb/0x008c69e0c66ebd4b228d27f2162ad54ab1b7dde1.sol:1425:5: Missing @param tag in function 'safeTransferFrom' [Warning/use-natspec]
/sb/0x008c69e0c66ebd4b228d27f2162ad54ab1b7dde1.sol:1425:5: Mismatch in @param names for function 'safeTransferFrom'. Expected: [from, to, tokenId, _data], Found: [] [Warning/use-natspec]
/sb/0x008c69e0c66ebd4b228d27f2162ad54ab1b7dde1.sol:1437:9: Error message for require is too long: 49 counted / 32 allowed [Warning/reason-string]
/sb/0x008c69e0c66ebd4b228d27f2162ad54ab1b7dde1.sol:1437:9: GC: String exceeds 32 bytes [Warning/gas-small-strings]
/sb/0x008c69e0c66ebd4b228d27f2162ad54ab1b7dde1.sol:1437:9: GC: Use Custom Errors instead of require statements [Warning/gas-custom-errors]
/sb/0x008c69e0c66ebd4b228d27f2162ad54ab1b7dde1.sol:1481:5: Missing @notice tag in function '_safeTransfer' [Warning/use-natspec]
/sb/0x008c69e0c66ebd4b228d27f2162ad54ab1b7dde1.sol:1481:5: Missing @param tag in function '_safeTransfer' [Warning/use-natspec]
/sb/0x008c69e0c66ebd4b228d27f2162ad54ab1b7dde1.sol:1481:5: Mismatch in @param names for function '_safeTransfer'. Expected: [from, to, tokenId, _data], Found: [] [Warning/use-natspec]
/sb/0x008c69e0c66ebd4b228d27f2162ad54ab1b7dde1.sol:1495:9: Error message for require is too long: 50 counted / 32 allowed [Warning/reason-string]
/sb/0x008c69e0c66ebd4b228d27f2162ad54ab1b7dde1.sol:1495:9: GC: String exceeds 32 bytes [Warning/gas-small-strings]
/sb/0x008c69e0c66ebd4b228d27f2162ad54ab1b7dde1.sol:1495:9: GC: Use Custom Errors instead of require statements [Warning/gas-custom-errors]
/sb/0x008c69e0c66ebd4b228d27f2162ad54ab1b7dde1.sol:1517:5: Missing @notice tag in function '_exists' [Warning/use-natspec]
/sb/0x008c69e0c66ebd4b228d27f2162ad54ab1b7dde1.sol:1517:5: Missing @param tag in function '_exists' [Warning/use-natspec]
/sb/0x008c69e0c66ebd4b228d27f2162ad54ab1b7dde1.sol:1517:5: Mismatch in @param names for function '_exists'. Expected: [tokenId], Found: [] [Warning/use-natspec]
/sb/0x008c69e0c66ebd4b228d27f2162ad54ab1b7dde1.sol:1517:5: Missing @return tag in function '_exists' [Warning/use-natspec]
/sb/0x008c69e0c66ebd4b228d27f2162ad54ab1b7dde1.sol:1517:5: Mismatch in @return count for function '_exists'. Expected: 1, Found: 0 [Warning/use-natspec]
/sb/0x008c69e0c66ebd4b228d27f2162ad54ab1b7dde1.sol:1539:5: Missing @notice tag in function '_isApprovedOrOwner' [Warning/use-natspec]
/sb/0x008c69e0c66ebd4b228d27f2162ad54ab1b7dde1.sol:1539:5: Missing @param tag in function '_isApprovedOrOwner' [Warning/use-natspec]
/sb/0x008c69e0c66ebd4b228d27f2162ad54ab1b7dde1.sol:1539:5: Mismatch in @param names for function '_isApprovedOrOwner'. Expected: [spender, tokenId], Found: [] [Warning/use-natspec]
/sb/0x008c69e0c66ebd4b228d27f2162ad54ab1b7dde1.sol:1539:5: Missing @return tag in function '_isApprovedOrOwner' [Warning/use-natspec]
/sb/0x008c69e0c66ebd4b228d27f2162ad54ab1b7dde1.sol:1539:5: Mismatch in @return count for function '_isApprovedOrOwner'. Expected: 1, Found: 0 [Warning/use-natspec]
/sb/0x008c69e0c66ebd4b228d27f2162ad54ab1b7dde1.sol:1541:9: Error message for require is too long: 44 counted / 32 allowed [Warning/reason-string]
/sb/0x008c69e0c66ebd4b228d27f2162ad54ab1b7dde1.sol:1541:9: GC: String exceeds 32 bytes [Warning/gas-small-strings]
/sb/0x008c69e0c66ebd4b228d27f2162ad54ab1b7dde1.sol:1541:9: GC: Use Custom Errors instead of require statements [Warning/gas-custom-errors]
/sb/0x008c69e0c66ebd4b228d27f2162ad54ab1b7dde1.sol:1571:5: Missing @notice tag in function '_safeMint' [Warning/use-natspec]
/sb/0x008c69e0c66ebd4b228d27f2162ad54ab1b7dde1.sol:1571:5: Missing @param tag in function '_safeMint' [Warning/use-natspec]
/sb/0x008c69e0c66ebd4b228d27f2162ad54ab1b7dde1.sol:1571:5: Mismatch in @param names for function '_safeMint'. Expected: [to, tokenId], Found: [] [Warning/use-natspec]
/sb/0x008c69e0c66ebd4b228d27f2162ad54ab1b7dde1.sol:1587:5: Missing @notice tag in function '_safeMint' [Warning/use-natspec]
/sb/0x008c69e0c66ebd4b228d27f2162ad54ab1b7dde1.sol:1587:5: Missing @param tag in function '_safeMint' [Warning/use-natspec]
/sb/0x008c69e0c66ebd4b228d27f2162ad54ab1b7dde1.sol:1587:5: Mismatch in @param names for function '_safeMint'. Expected: [to, tokenId, _data], Found: [] [Warning/use-natspec]
/sb/0x008c69e0c66ebd4b228d27f2162ad54ab1b7dde1.sol:1599:9: Error message for require is too long: 50 counted / 32 allowed [Warning/reason-string]
/sb/0x008c69e0c66ebd4b228d27f2162ad54ab1b7dde1.sol:1599:9: GC: String exceeds 32 bytes [Warning/gas-small-strings]
/sb/0x008c69e0c66ebd4b228d27f2162ad54ab1b7dde1.sol:1599:9: GC: Use Custom Errors instead of require statements [Warning/gas-custom-errors]
/sb/0x008c69e0c66ebd4b228d27f2162ad54ab1b7dde1.sol:1635:5: Missing @notice tag in function '_mint' [Warning/use-natspec]
/sb/0x008c69e0c66ebd4b228d27f2162ad54ab1b7dde1.sol:1635:5: Missing @param tag in function '_mint' [Warning/use-natspec]
/sb/0x008c69e0c66ebd4b228d27f2162ad54ab1b7dde1.sol:1635:5: Mismatch in @param names for function '_mint'. Expected: [to, tokenId], Found: [] [Warning/use-natspec]
/sb/0x008c69e0c66ebd4b228d27f2162ad54ab1b7dde1.sol:1637:9: GC: Use Custom Errors instead of require statements [Warning/gas-custom-errors]
/sb/0x008c69e0c66ebd4b228d27f2162ad54ab1b7dde1.sol:1639:9: GC: Use Custom Errors instead of require statements [Warning/gas-custom-errors]
/sb/0x008c69e0c66ebd4b228d27f2162ad54ab1b7dde1.sol:1647:9: GC: For [ _balances ] variable, increment/decrement by 1 using: [ ++variable ] to save gas [Warning/gas-increment-by-one]
/sb/0x008c69e0c66ebd4b228d27f2162ad54ab1b7dde1.sol:1683:5: Missing @notice tag in function '_burn' [Warning/use-natspec]
/sb/0x008c69e0c66ebd4b228d27f2162ad54ab1b7dde1.sol:1683:5: Missing @param tag in function '_burn' [Warning/use-natspec]
/sb/0x008c69e0c66ebd4b228d27f2162ad54ab1b7dde1.sol:1683:5: Mismatch in @param names for function '_burn'. Expected: [tokenId], Found: [] [Warning/use-natspec]
/sb/0x008c69e0c66ebd4b228d27f2162ad54ab1b7dde1.sol:1699:9: GC: For [ _balances ] variable, increment/decrement by 1 using: [ ++variable ] to save gas [Warning/gas-increment-by-one]
/sb/0x008c69e0c66ebd4b228d27f2162ad54ab1b7dde1.sol:1737:5: Missing @notice tag in function '_transfer' [Warning/use-natspec]
/sb/0x008c69e0c66ebd4b228d27f2162ad54ab1b7dde1.sol:1737:5: Missing @param tag in function '_transfer' [Warning/use-natspec]
/sb/0x008c69e0c66ebd4b228d27f2162ad54ab1b7dde1.sol:1737:5: Mismatch in @param names for function '_transfer'. Expected: [from, to, tokenId], Found: [] [Warning/use-natspec]
/sb/0x008c69e0c66ebd4b228d27f2162ad54ab1b7dde1.sol:1747:9: Error message for require is too long: 37 counted / 32 allowed [Warning/reason-string]
/sb/0x008c69e0c66ebd4b228d27f2162ad54ab1b7dde1.sol:1747:9: GC: String exceeds 32 bytes [Warning/gas-small-strings]
/sb/0x008c69e0c66ebd4b228d27f2162ad54ab1b7dde1.sol:1747:9: GC: Use Custom Errors instead of require statements [Warning/gas-custom-errors]
/sb/0x008c69e0c66ebd4b228d27f2162ad54ab1b7dde1.sol:1749:9: Error message for require is too long: 36 counted / 32 allowed [Warning/reason-string]
/sb/0x008c69e0c66ebd4b228d27f2162ad54ab1b7dde1.sol:1749:9: GC: String exceeds 32 bytes [Warning/gas-small-strings]
/sb/0x008c69e0c66ebd4b228d27f2162ad54ab1b7dde1.sol:1749:9: GC: Use Custom Errors instead of require statements [Warning/gas-custom-errors]
/sb/0x008c69e0c66ebd4b228d27f2162ad54ab1b7dde1.sol:1763:9: GC: For [ _balances ] variable, increment/decrement by 1 using: [ ++variable ] to save gas [Warning/gas-increment-by-one]
/sb/0x008c69e0c66ebd4b228d27f2162ad54ab1b7dde1.sol:1765:9: GC: For [ _balances ] variable, increment/decrement by 1 using: [ ++variable ] to save gas [Warning/gas-increment-by-one]
/sb/0x008c69e0c66ebd4b228d27f2162ad54ab1b7dde1.sol:1791:5: Missing @notice tag in function '_approve' [Warning/use-natspec]
/sb/0x008c69e0c66ebd4b228d27f2162ad54ab1b7dde1.sol:1791:5: Missing @param tag in function '_approve' [Warning/use-natspec]
/sb/0x008c69e0c66ebd4b228d27f2162ad54ab1b7dde1.sol:1791:5: Mismatch in @param names for function '_approve'. Expected: [to, tokenId], Found: [] [Warning/use-natspec]
/sb/0x008c69e0c66ebd4b228d27f2162ad54ab1b7dde1.sol:1811:5: Missing @notice tag in function '_setApprovalForAll' [Warning/use-natspec]
/sb/0x008c69e0c66ebd4b228d27f2162ad54ab1b7dde1.sol:1811:5: Missing @param tag in function '_setApprovalForAll' [Warning/use-natspec]
/sb/0x008c69e0c66ebd4b228d27f2162ad54ab1b7dde1.sol:1811:5: Mismatch in @param names for function '_setApprovalForAll'. Expected: [owner, operator, approved], Found: [] [Warning/use-natspec]
/sb/0x008c69e0c66ebd4b228d27f2162ad54ab1b7dde1.sol:1821:9: GC: Use Custom Errors instead of require statements [Warning/gas-custom-errors]
/sb/0x008c69e0c66ebd4b228d27f2162ad54ab1b7dde1.sol:1851:5: Missing @notice tag in function '_checkOnERC721Received' [Warning/use-natspec]
/sb/0x008c69e0c66ebd4b228d27f2162ad54ab1b7dde1.sol:1873:21: Error message for revert is too long: 50 counted / 32 allowed [Warning/reason-string]
/sb/0x008c69e0c66ebd4b228d27f2162ad54ab1b7dde1.sol:1873:21: GC: String exceeds 32 bytes [Warning/gas-small-strings]
/sb/0x008c69e0c66ebd4b228d27f2162ad54ab1b7dde1.sol:1873:21: GC: Use Custom Errors instead of revert statements [Warning/gas-custom-errors]
/sb/0x008c69e0c66ebd4b228d27f2162ad54ab1b7dde1.sol:1877:21: Avoid to use inline assembly. It is acceptable only in rare cases [Warning/no-inline-assembly]
/sb/0x008c69e0c66ebd4b228d27f2162ad54ab1b7dde1.sol:1925:5: Missing @notice tag in function '_beforeTokenTransfer' [Warning/use-natspec]
/sb/0x008c69e0c66ebd4b228d27f2162ad54ab1b7dde1.sol:1925:5: Missing @param tag in function '_beforeTokenTransfer' [Warning/use-natspec]
/sb/0x008c69e0c66ebd4b228d27f2162ad54ab1b7dde1.sol:1925:5: Mismatch in @param names for function '_beforeTokenTransfer'. Expected: [from, to, tokenId], Found: [] [Warning/use-natspec]
/sb/0x008c69e0c66ebd4b228d27f2162ad54ab1b7dde1.sol:1933:24: Code contains empty blocks [Warning/no-empty-blocks]
/sb/0x008c69e0c66ebd4b228d27f2162ad54ab1b7dde1.sol:1959:5: Missing @notice tag in function '_afterTokenTransfer' [Warning/use-natspec]
/sb/0x008c69e0c66ebd4b228d27f2162ad54ab1b7dde1.sol:1959:5: Missing @param tag in function '_afterTokenTransfer' [Warning/use-natspec]
/sb/0x008c69e0c66ebd4b228d27f2162ad54ab1b7dde1.sol:1959:5: Mismatch in @param names for function '_afterTokenTransfer'. Expected: [from, to, tokenId], Found: [] [Warning/use-natspec]
/sb/0x008c69e0c66ebd4b228d27f2162ad54ab1b7dde1.sol:1967:24: Code contains empty blocks [Warning/no-empty-blocks]
/sb/0x008c69e0c66ebd4b228d27f2162ad54ab1b7dde1.sol:1999:1: Missing @title tag in contract 'Ownable' [Warning/use-natspec]
/sb/0x008c69e0c66ebd4b228d27f2162ad54ab1b7dde1.sol:1999:1: Missing @author tag in contract 'Ownable' [Warning/use-natspec]
/sb/0x008c69e0c66ebd4b228d27f2162ad54ab1b7dde1.sol:1999:1: Missing @notice tag in contract 'Ownable' [Warning/use-natspec]
/sb/0x008c69e0c66ebd4b228d27f2162ad54ab1b7dde1.sol:2005:5: Missing @notice tag in event 'OwnershipTransferred' [Warning/use-natspec]
/sb/0x008c69e0c66ebd4b228d27f2162ad54ab1b7dde1.sol:2005:5: Missing @param tag in event 'OwnershipTransferred' [Warning/use-natspec]
/sb/0x008c69e0c66ebd4b228d27f2162ad54ab1b7dde1.sol:2005:5: Mismatch in @param names for event 'OwnershipTransferred'. Expected: [previousOwner, newOwner], Found: [] [Warning/use-natspec]
/sb/0x008c69e0c66ebd4b228d27f2162ad54ab1b7dde1.sol:2015:5: Missing @notice tag in function '<anonymous>' [Warning/use-natspec]
/sb/0x008c69e0c66ebd4b228d27f2162ad54ab1b7dde1.sol:2015:5: Explicitly mark visibility in function (Set ignoreConstructors to true if using solidity >=0.7.0) [Warning/func-visibility]
/sb/0x008c69e0c66ebd4b228d27f2162ad54ab1b7dde1.sol:2029:5: Missing @notice tag in function 'owner' [Warning/use-natspec]
/sb/0x008c69e0c66ebd4b228d27f2162ad54ab1b7dde1.sol:2029:5: Missing @return tag in function 'owner' [Warning/use-natspec]
/sb/0x008c69e0c66ebd4b228d27f2162ad54ab1b7dde1.sol:2029:5: Mismatch in @return count for function 'owner'. Expected: 1, Found: 0 [Warning/use-natspec]
/sb/0x008c69e0c66ebd4b228d27f2162ad54ab1b7dde1.sol:2045:9: GC: Use Custom Errors instead of require statements [Warning/gas-custom-errors]
/sb/0x008c69e0c66ebd4b228d27f2162ad54ab1b7dde1.sol:2067:5: Missing @notice tag in function 'renounceOwnership' [Warning/use-natspec]
/sb/0x008c69e0c66ebd4b228d27f2162ad54ab1b7dde1.sol:2083:5: Missing @notice tag in function 'transferOwnership' [Warning/use-natspec]
/sb/0x008c69e0c66ebd4b228d27f2162ad54ab1b7dde1.sol:2083:5: Missing @param tag in function 'transferOwnership' [Warning/use-natspec]
/sb/0x008c69e0c66ebd4b228d27f2162ad54ab1b7dde1.sol:2083:5: Mismatch in @param names for function 'transferOwnership'. Expected: [newOwner], Found: [] [Warning/use-natspec]
/sb/0x008c69e0c66ebd4b228d27f2162ad54ab1b7dde1.sol:2085:9: Error message for require is too long: 38 counted / 32 allowed [Warning/reason-string]
/sb/0x008c69e0c66ebd4b228d27f2162ad54ab1b7dde1.sol:2085:9: GC: String exceeds 32 bytes [Warning/gas-small-strings]
/sb/0x008c69e0c66ebd4b228d27f2162ad54ab1b7dde1.sol:2085:9: GC: Use Custom Errors instead of require statements [Warning/gas-custom-errors]
/sb/0x008c69e0c66ebd4b228d27f2162ad54ab1b7dde1.sol:2101:5: Missing @notice tag in function '_transferOwnership' [Warning/use-natspec]
/sb/0x008c69e0c66ebd4b228d27f2162ad54ab1b7dde1.sol:2101:5: Missing @param tag in function '_transferOwnership' [Warning/use-natspec]
/sb/0x008c69e0c66ebd4b228d27f2162ad54ab1b7dde1.sol:2101:5: Mismatch in @param names for function '_transferOwnership'. Expected: [newOwner], Found: [] [Warning/use-natspec]
/sb/0x008c69e0c66ebd4b228d27f2162ad54ab1b7dde1.sol:2133:1: Missing @notice tag in contract 'Counters' [Warning/use-natspec]
/sb/0x008c69e0c66ebd4b228d27f2162ad54ab1b7dde1.sol:2149:5: Missing @notice tag in function 'current' [Warning/use-natspec]
/sb/0x008c69e0c66ebd4b228d27f2162ad54ab1b7dde1.sol:2149:5: Missing @param tag in function 'current' [Warning/use-natspec]
/sb/0x008c69e0c66ebd4b228d27f2162ad54ab1b7dde1.sol:2149:5: Mismatch in @param names for function 'current'. Expected: [counter], Found: [] [Warning/use-natspec]
/sb/0x008c69e0c66ebd4b228d27f2162ad54ab1b7dde1.sol:2149:5: Missing @return tag in function 'current' [Warning/use-natspec]
/sb/0x008c69e0c66ebd4b228d27f2162ad54ab1b7dde1.sol:2149:5: Mismatch in @return count for function 'current'. Expected: 1, Found: 0 [Warning/use-natspec]
/sb/0x008c69e0c66ebd4b228d27f2162ad54ab1b7dde1.sol:2157:5: Missing @notice tag in function 'increment' [Warning/use-natspec]
/sb/0x008c69e0c66ebd4b228d27f2162ad54ab1b7dde1.sol:2157:5: Missing @param tag in function 'increment' [Warning/use-natspec]
/sb/0x008c69e0c66ebd4b228d27f2162ad54ab1b7dde1.sol:2157:5: Mismatch in @param names for function 'increment'. Expected: [counter], Found: [] [Warning/use-natspec]
/sb/0x008c69e0c66ebd4b228d27f2162ad54ab1b7dde1.sol:2161:13: GC: For [ counter ] variable, increment/decrement by 1 using: [ ++variable ] to save gas [Warning/gas-increment-by-one]
/sb/0x008c69e0c66ebd4b228d27f2162ad54ab1b7dde1.sol:2169:5: Missing @notice tag in function 'decrement' [Warning/use-natspec]
/sb/0x008c69e0c66ebd4b228d27f2162ad54ab1b7dde1.sol:2169:5: Missing @param tag in function 'decrement' [Warning/use-natspec]
/sb/0x008c69e0c66ebd4b228d27f2162ad54ab1b7dde1.sol:2169:5: Mismatch in @param names for function 'decrement'. Expected: [counter], Found: [] [Warning/use-natspec]
/sb/0x008c69e0c66ebd4b228d27f2162ad54ab1b7dde1.sol:2173:9: GC: Use Custom Errors instead of require statements [Warning/gas-custom-errors]
/sb/0x008c69e0c66ebd4b228d27f2162ad54ab1b7dde1.sol:2185:5: Missing @notice tag in function 'reset' [Warning/use-natspec]
/sb/0x008c69e0c66ebd4b228d27f2162ad54ab1b7dde1.sol:2185:5: Missing @param tag in function 'reset' [Warning/use-natspec]
/sb/0x008c69e0c66ebd4b228d27f2162ad54ab1b7dde1.sol:2185:5: Mismatch in @param names for function 'reset'. Expected: [counter], Found: [] [Warning/use-natspec]
/sb/0x008c69e0c66ebd4b228d27f2162ad54ab1b7dde1.sol:2201:1: Contract has 27 states declarations but allowed no more than 15 [Warning/max-states-count]
/sb/0x008c69e0c66ebd4b228d27f2162ad54ab1b7dde1.sol:2201:1: Missing @title tag in contract 'BIG3' [Warning/use-natspec]
/sb/0x008c69e0c66ebd4b228d27f2162ad54ab1b7dde1.sol:2201:1: Missing @author tag in contract 'BIG3' [Warning/use-natspec]
/sb/0x008c69e0c66ebd4b228d27f2162ad54ab1b7dde1.sol:2201:1: Missing @notice tag in contract 'BIG3' [Warning/use-natspec]
/sb/0x008c69e0c66ebd4b228d27f2162ad54ab1b7dde1.sol:2207:5: Missing @notice tag in variable 'baseURI' [Warning/use-natspec]
/sb/0x008c69e0c66ebd4b228d27f2162ad54ab1b7dde1.sol:2207:5: GC: String exceeds 32 bytes [Warning/gas-small-strings]
/sb/0x008c69e0c66ebd4b228d27f2162ad54ab1b7dde1.sol:2217:5: Missing @notice tag in variable 'fundsTo' [Warning/use-natspec]
/sb/0x008c69e0c66ebd4b228d27f2162ad54ab1b7dde1.sol:2219:5: Missing @notice tag in variable 'fundsToDev' [Warning/use-natspec]
/sb/0x008c69e0c66ebd4b228d27f2162ad54ab1b7dde1.sol:2225:5: Missing @notice tag in variable '_teamTierTokenURIs' [Warning/use-natspec]
/sb/0x008c69e0c66ebd4b228d27f2162ad54ab1b7dde1.sol:2229:5: Missing @notice tag in variable '_paymentIds' [Warning/use-natspec]
/sb/0x008c69e0c66ebd4b228d27f2162ad54ab1b7dde1.sol:2233:5: Missing @notice tag in variable '_paymentIdLogs' [Warning/use-natspec]
/sb/0x008c69e0c66ebd4b228d27f2162ad54ab1b7dde1.sol:2237:5: Missing @notice tag in variable 'vipSale' [Warning/use-natspec]
/sb/0x008c69e0c66ebd4b228d27f2162ad54ab1b7dde1.sol:2239:5: Missing @notice tag in variable 'sale' [Warning/use-natspec]
/sb/0x008c69e0c66ebd4b228d27f2162ad54ab1b7dde1.sol:2241:5: Missing @notice tag in variable 'whiteListSale' [Warning/use-natspec]
/sb/0x008c69e0c66ebd4b228d27f2162ad54ab1b7dde1.sol:2251:9: Missing @notice tag in variable 'maxWallet' [Warning/use-natspec]
/sb/0x008c69e0c66ebd4b228d27f2162ad54ab1b7dde1.sol:2253:9: Missing @notice tag in variable 'maxWhiteListLimit' [Warning/use-natspec]
/sb/0x008c69e0c66ebd4b228d27f2162ad54ab1b7dde1.sol:2261:5: Missing @notice tag in variable 'FirePriceWhiteList' [Warning/use-natspec]
/sb/0x008c69e0c66ebd4b228d27f2162ad54ab1b7dde1.sol:2261:5: Variable name must be in mixedCase FirePriceWhiteList [Warning/var-name-mixedcase]
/sb/0x008c69e0c66ebd4b228d27f2162ad54ab1b7dde1.sol:2263:5: Missing @notice tag in variable 'FirePrice' [Warning/use-natspec]
/sb/0x008c69e0c66ebd4b228d27f2162ad54ab1b7dde1.sol:2263:5: Variable name must be in mixedCase FirePrice [Warning/var-name-mixedcase]
/sb/0x008c69e0c66ebd4b228d27f2162ad54ab1b7dde1.sol:2267:5: Missing @notice tag in variable 'GoldPriceWhiteList' [Warning/use-natspec]
/sb/0x008c69e0c66ebd4b228d27f2162ad54ab1b7dde1.sol:2267:5: Variable name must be in mixedCase GoldPriceWhiteList [Warning/var-name-mixedcase]
/sb/0x008c69e0c66ebd4b228d27f2162ad54ab1b7dde1.sol:2269:5: Missing @notice tag in variable 'GoldPrice' [Warning/use-natspec]
/sb/0x008c69e0c66ebd4b228d27f2162ad54ab1b7dde1.sol:2269:5: Variable name must be in mixedCase GoldPrice [Warning/var-name-mixedcase]
/sb/0x008c69e0c66ebd4b228d27f2162ad54ab1b7dde1.sol:2303:5: Missing @notice tag in variable 'FireTier' [Warning/use-natspec]
/sb/0x008c69e0c66ebd4b228d27f2162ad54ab1b7dde1.sol:2303:5: Variable name must be in mixedCase FireTier [Warning/var-name-mixedcase]
/sb/0x008c69e0c66ebd4b228d27f2162ad54ab1b7dde1.sol:2305:5: Missing @notice tag in variable 'GoldTier' [Warning/use-natspec]
/sb/0x008c69e0c66ebd4b228d27f2162ad54ab1b7dde1.sol:2305:5: Variable name must be in mixedCase GoldTier [Warning/var-name-mixedcase]
/sb/0x008c69e0c66ebd4b228d27f2162ad54ab1b7dde1.sol:2321:5: Explicitly mark visibility of state [Warning/state-visibility]
/sb/0x008c69e0c66ebd4b228d27f2162ad54ab1b7dde1.sol:2325:5: Missing @notice tag in variable 'goldTierLimit' [Warning/use-natspec]
/sb/0x008c69e0c66ebd4b228d27f2162ad54ab1b7dde1.sol:2327:5: Missing @notice tag in variable 'goldTierMintCounts' [Warning/use-natspec]
/sb/0x008c69e0c66ebd4b228d27f2162ad54ab1b7dde1.sol:2333:5: Explicitly mark visibility of state [Warning/state-visibility]
/sb/0x008c69e0c66ebd4b228d27f2162ad54ab1b7dde1.sol:2335:5: Explicitly mark visibility of state [Warning/state-visibility]
/sb/0x008c69e0c66ebd4b228d27f2162ad54ab1b7dde1.sol:2337:5: Explicitly mark visibility of state [Warning/state-visibility]
/sb/0x008c69e0c66ebd4b228d27f2162ad54ab1b7dde1.sol:2339:5: Explicitly mark visibility of state [Warning/state-visibility]
/sb/0x008c69e0c66ebd4b228d27f2162ad54ab1b7dde1.sol:2341:5: Explicitly mark visibility of state [Warning/state-visibility]
/sb/0x008c69e0c66ebd4b228d27f2162ad54ab1b7dde1.sol:2345:5: Missing @notice tag in variable 'minted' [Warning/use-natspec]
/sb/0x008c69e0c66ebd4b228d27f2162ad54ab1b7dde1.sol:2353:5: Function body contains 63 lines but allowed no more than 50 lines [Warning/function-max-lines]
/sb/0x008c69e0c66ebd4b228d27f2162ad54ab1b7dde1.sol:2353:5: Missing @notice tag in function '<anonymous>' [Warning/use-natspec]
/sb/0x008c69e0c66ebd4b228d27f2162ad54ab1b7dde1.sol:2353:5: Missing @param tag in function '<anonymous>' [Warning/use-natspec]
/sb/0x008c69e0c66ebd4b228d27f2162ad54ab1b7dde1.sol:2353:5: Mismatch in @param names for function '<anonymous>'. Expected: [fundsTo_, fundsToDev_], Found: [] [Warning/use-natspec]
/sb/0x008c69e0c66ebd4b228d27f2162ad54ab1b7dde1.sol:2353:5: Explicitly mark visibility in function (Set ignoreConstructors to true if using solidity >=0.7.0) [Warning/func-visibility]
/sb/0x008c69e0c66ebd4b228d27f2162ad54ab1b7dde1.sol:2423:5: Missing @notice tag in function 'updateFundsTo' [Warning/use-natspec]
/sb/0x008c69e0c66ebd4b228d27f2162ad54ab1b7dde1.sol:2423:5: Missing @param tag in function 'updateFundsTo' [Warning/use-natspec]
/sb/0x008c69e0c66ebd4b228d27f2162ad54ab1b7dde1.sol:2423:5: Mismatch in @param names for function 'updateFundsTo'. Expected: [newFundsTo], Found: [] [Warning/use-natspec]
/sb/0x008c69e0c66ebd4b228d27f2162ad54ab1b7dde1.sol:2429:5: Missing @notice tag in function 'updateFundsToDev' [Warning/use-natspec]
/sb/0x008c69e0c66ebd4b228d27f2162ad54ab1b7dde1.sol:2429:5: Missing @param tag in function 'updateFundsToDev' [Warning/use-natspec]
/sb/0x008c69e0c66ebd4b228d27f2162ad54ab1b7dde1.sol:2429:5: Mismatch in @param names for function 'updateFundsToDev'. Expected: [newFundsToDev], Found: [] [Warning/use-natspec]
/sb/0x008c69e0c66ebd4b228d27f2162ad54ab1b7dde1.sol:2439:5: Missing @notice tag in function 'claimBalance' [Warning/use-natspec]
/sb/0x008c69e0c66ebd4b228d27f2162ad54ab1b7dde1.sol:2447:9: GC: Use Custom Errors instead of require statements [Warning/gas-custom-errors]
/sb/0x008c69e0c66ebd4b228d27f2162ad54ab1b7dde1.sol:2447:45: GC: Use Custom Errors instead of require statements [Warning/gas-custom-errors]
/sb/0x008c69e0c66ebd4b228d27f2162ad54ab1b7dde1.sol:2455:5: Missing @notice tag in function 'setMaxWallet' [Warning/use-natspec]
/sb/0x008c69e0c66ebd4b228d27f2162ad54ab1b7dde1.sol:2455:5: Missing @param tag in function 'setMaxWallet' [Warning/use-natspec]
/sb/0x008c69e0c66ebd4b228d27f2162ad54ab1b7dde1.sol:2455:5: Mismatch in @param names for function 'setMaxWallet'. Expected: [_newMaxWallet], Found: [] [Warning/use-natspec]
/sb/0x008c69e0c66ebd4b228d27f2162ad54ab1b7dde1.sol:2455:27: Rule is set with explicit type [var/s: uint] [Warning/explicit-types]
/sb/0x008c69e0c66ebd4b228d27f2162ad54ab1b7dde1.sol:2463:5: Missing @notice tag in function 'setMaxWhiteListLimit' [Warning/use-natspec]
/sb/0x008c69e0c66ebd4b228d27f2162ad54ab1b7dde1.sol:2463:5: Missing @param tag in function 'setMaxWhiteListLimit' [Warning/use-natspec]
/sb/0x008c69e0c66ebd4b228d27f2162ad54ab1b7dde1.sol:2463:5: Mismatch in @param names for function 'setMaxWhiteListLimit'. Expected: [_newMaxWhiteListLimit], Found: [] [Warning/use-natspec]
/sb/0x008c69e0c66ebd4b228d27f2162ad54ab1b7dde1.sol:2463:35: Rule is set with explicit type [var/s: uint] [Warning/explicit-types]
/sb/0x008c69e0c66ebd4b228d27f2162ad54ab1b7dde1.sol:2471:5: Missing @notice tag in function 'setFirePriceWhiteList' [Warning/use-natspec]
/sb/0x008c69e0c66ebd4b228d27f2162ad54ab1b7dde1.sol:2471:5: Missing @param tag in function 'setFirePriceWhiteList' [Warning/use-natspec]
/sb/0x008c69e0c66ebd4b228d27f2162ad54ab1b7dde1.sol:2471:5: Mismatch in @param names for function 'setFirePriceWhiteList'. Expected: [FirePriceWhiteList_], Found: [] [Warning/use-natspec]
/sb/0x008c69e0c66ebd4b228d27f2162ad54ab1b7dde1.sol:2471:36: Variable name must be in mixedCase FirePriceWhiteList_ [Warning/var-name-mixedcase]
/sb/0x008c69e0c66ebd4b228d27f2162ad54ab1b7dde1.sol:2481:5: Missing @notice tag in function 'setGoldPriceWhiteList' [Warning/use-natspec]
/sb/0x008c69e0c66ebd4b228d27f2162ad54ab1b7dde1.sol:2481:5: Missing @param tag in function 'setGoldPriceWhiteList' [Warning/use-natspec]
/sb/0x008c69e0c66ebd4b228d27f2162ad54ab1b7dde1.sol:2481:5: Mismatch in @param names for function 'setGoldPriceWhiteList'. Expected: [GoldPriceWhiteList_], Found: [] [Warning/use-natspec]
/sb/0x008c69e0c66ebd4b228d27f2162ad54ab1b7dde1.sol:2481:36: Variable name must be in mixedCase GoldPriceWhiteList_ [Warning/var-name-mixedcase]
/sb/0x008c69e0c66ebd4b228d27f2162ad54ab1b7dde1.sol:2489:5: Missing @notice tag in function 'setGoldPrice' [Warning/use-natspec]
/sb/0x008c69e0c66ebd4b228d27f2162ad54ab1b7dde1.sol:2489:5: Missing @param tag in function 'setGoldPrice' [Warning/use-natspec]
/sb/0x008c69e0c66ebd4b228d27f2162ad54ab1b7dde1.sol:2489:5: Mismatch in @param names for function 'setGoldPrice'. Expected: [GoldPrice_], Found: [] [Warning/use-natspec]
/sb/0x008c69e0c66ebd4b228d27f2162ad54ab1b7dde1.sol:2489:27: Variable name must be in mixedCase GoldPrice_ [Warning/var-name-mixedcase]
/sb/0x008c69e0c66ebd4b228d27f2162ad54ab1b7dde1.sol:2497:5: Missing @notice tag in function 'setFirePrice' [Warning/use-natspec]
/sb/0x008c69e0c66ebd4b228d27f2162ad54ab1b7dde1.sol:2497:5: Missing @param tag in function 'setFirePrice' [Warning/use-natspec]
/sb/0x008c69e0c66ebd4b228d27f2162ad54ab1b7dde1.sol:2497:5: Mismatch in @param names for function 'setFirePrice'. Expected: [FirePrice_], Found: [] [Warning/use-natspec]
/sb/0x008c69e0c66ebd4b228d27f2162ad54ab1b7dde1.sol:2497:27: Variable name must be in mixedCase FirePrice_ [Warning/var-name-mixedcase]
/sb/0x008c69e0c66ebd4b228d27f2162ad54ab1b7dde1.sol:2505:5: Missing @notice tag in function 'flipVipSaleState' [Warning/use-natspec]
/sb/0x008c69e0c66ebd4b228d27f2162ad54ab1b7dde1.sol:2511:5: Missing @notice tag in function 'flipSaleState' [Warning/use-natspec]
/sb/0x008c69e0c66ebd4b228d27f2162ad54ab1b7dde1.sol:2519:5: Missing @notice tag in function 'flipWhiteListSaleState' [Warning/use-natspec]
/sb/0x008c69e0c66ebd4b228d27f2162ad54ab1b7dde1.sol:2531:5: Missing @notice tag in function 'isVipWallet' [Warning/use-natspec]
/sb/0x008c69e0c66ebd4b228d27f2162ad54ab1b7dde1.sol:2531:5: Missing @param tag in function 'isVipWallet' [Warning/use-natspec]
/sb/0x008c69e0c66ebd4b228d27f2162ad54ab1b7dde1.sol:2531:5: Mismatch in @param names for function 'isVipWallet'. Expected: [wallet, team, tier], Found: [] [Warning/use-natspec]
/sb/0x008c69e0c66ebd4b228d27f2162ad54ab1b7dde1.sol:2531:5: Missing @return tag in function 'isVipWallet' [Warning/use-natspec]
/sb/0x008c69e0c66ebd4b228d27f2162ad54ab1b7dde1.sol:2531:5: Mismatch in @return count for function 'isVipWallet'. Expected: 1, Found: 0 [Warning/use-natspec]
/sb/0x008c69e0c66ebd4b228d27f2162ad54ab1b7dde1.sol:2537:5: Missing @notice tag in function 'isVipWalletGold' [Warning/use-natspec]
/sb/0x008c69e0c66ebd4b228d27f2162ad54ab1b7dde1.sol:2537:5: Missing @param tag in function 'isVipWalletGold' [Warning/use-natspec]
/sb/0x008c69e0c66ebd4b228d27f2162ad54ab1b7dde1.sol:2537:5: Mismatch in @param names for function 'isVipWalletGold'. Expected: [wallet], Found: [] [Warning/use-natspec]
/sb/0x008c69e0c66ebd4b228d27f2162ad54ab1b7dde1.sol:2537:5: Missing @return tag in function 'isVipWalletGold' [Warning/use-natspec]
/sb/0x008c69e0c66ebd4b228d27f2162ad54ab1b7dde1.sol:2537:5: Mismatch in @return count for function 'isVipWalletGold'. Expected: 1, Found: 0 [Warning/use-natspec]
/sb/0x008c69e0c66ebd4b228d27f2162ad54ab1b7dde1.sol:2543:5: Missing @notice tag in function 'whitelistVipAddresses' [Warning/use-natspec]
/sb/0x008c69e0c66ebd4b228d27f2162ad54ab1b7dde1.sol:2543:5: Missing @param tag in function 'whitelistVipAddresses' [Warning/use-natspec]
/sb/0x008c69e0c66ebd4b228d27f2162ad54ab1b7dde1.sol:2543:5: Mismatch in @param names for function 'whitelistVipAddresses'. Expected: [wallets, quantities, team, tiers], Found: [] [Warning/use-natspec]
/sb/0x008c69e0c66ebd4b228d27f2162ad54ab1b7dde1.sol:2547:45: GC: For [ i ] variable, increment/decrement by 1 using: [ ++variable ] to save gas [Warning/gas-increment-by-one]
/sb/0x008c69e0c66ebd4b228d27f2162ad54ab1b7dde1.sol:2555:5: Missing @notice tag in function 'whitelistVipGoldAddresses' [Warning/use-natspec]
/sb/0x008c69e0c66ebd4b228d27f2162ad54ab1b7dde1.sol:2555:5: Missing @param tag in function 'whitelistVipGoldAddresses' [Warning/use-natspec]
/sb/0x008c69e0c66ebd4b228d27f2162ad54ab1b7dde1.sol:2555:5: Mismatch in @param names for function 'whitelistVipGoldAddresses'. Expected: [wallets, quantities], Found: [] [Warning/use-natspec]
/sb/0x008c69e0c66ebd4b228d27f2162ad54ab1b7dde1.sol:2559:45: GC: For [ i ] variable, increment/decrement by 1 using: [ ++variable ] to save gas [Warning/gas-increment-by-one]
/sb/0x008c69e0c66ebd4b228d27f2162ad54ab1b7dde1.sol:2567:5: Missing @notice tag in function 'whitelistAddresses' [Warning/use-natspec]
/sb/0x008c69e0c66ebd4b228d27f2162ad54ab1b7dde1.sol:2567:5: Missing @param tag in function 'whitelistAddresses' [Warning/use-natspec]
/sb/0x008c69e0c66ebd4b228d27f2162ad54ab1b7dde1.sol:2567:5: Mismatch in @param names for function 'whitelistAddresses'. Expected: [wallets, enableDisables], Found: [] [Warning/use-natspec]
/sb/0x008c69e0c66ebd4b228d27f2162ad54ab1b7dde1.sol:2571:45: GC: For [ i ] variable, increment/decrement by 1 using: [ ++variable ] to save gas [Warning/gas-increment-by-one]
/sb/0x008c69e0c66ebd4b228d27f2162ad54ab1b7dde1.sol:2579:5: Missing @notice tag in function 'reduceLimit' [Warning/use-natspec]
/sb/0x008c69e0c66ebd4b228d27f2162ad54ab1b7dde1.sol:2579:5: Missing @param tag in function 'reduceLimit' [Warning/use-natspec]
/sb/0x008c69e0c66ebd4b228d27f2162ad54ab1b7dde1.sol:2579:5: Mismatch in @param names for function 'reduceLimit'. Expected: [wallet, quantity, team, tier], Found: [] [Warning/use-natspec]
/sb/0x008c69e0c66ebd4b228d27f2162ad54ab1b7dde1.sol:2585:5: Missing @notice tag in function 'reduceLimitGold' [Warning/use-natspec]
/sb/0x008c69e0c66ebd4b228d27f2162ad54ab1b7dde1.sol:2585:5: Missing @param tag in function 'reduceLimitGold' [Warning/use-natspec]
/sb/0x008c69e0c66ebd4b228d27f2162ad54ab1b7dde1.sol:2585:5: Mismatch in @param names for function 'reduceLimitGold'. Expected: [wallet, quantity], Found: [] [Warning/use-natspec]
/sb/0x008c69e0c66ebd4b228d27f2162ad54ab1b7dde1.sol:2591:5: Missing @notice tag in function 'incrementTeamTierMintCount' [Warning/use-natspec]
/sb/0x008c69e0c66ebd4b228d27f2162ad54ab1b7dde1.sol:2591:5: Missing @param tag in function 'incrementTeamTierMintCount' [Warning/use-natspec]
/sb/0x008c69e0c66ebd4b228d27f2162ad54ab1b7dde1.sol:2591:5: Mismatch in @param names for function 'incrementTeamTierMintCount'. Expected: [team, tier], Found: [] [Warning/use-natspec]
/sb/0x008c69e0c66ebd4b228d27f2162ad54ab1b7dde1.sol:2593:9: GC: For [ teamTierMintCounts ] variable, increment/decrement by 1 using: [ ++variable ] to save gas [Warning/gas-increment-by-one]
/sb/0x008c69e0c66ebd4b228d27f2162ad54ab1b7dde1.sol:2599:5: Missing @notice tag in function 'getTeamTierMintCount' [Warning/use-natspec]
/sb/0x008c69e0c66ebd4b228d27f2162ad54ab1b7dde1.sol:2599:5: Missing @param tag in function 'getTeamTierMintCount' [Warning/use-natspec]
/sb/0x008c69e0c66ebd4b228d27f2162ad54ab1b7dde1.sol:2599:5: Mismatch in @param names for function 'getTeamTierMintCount'. Expected: [team, tier], Found: [] [Warning/use-natspec]
/sb/0x008c69e0c66ebd4b228d27f2162ad54ab1b7dde1.sol:2599:5: Missing @return tag in function 'getTeamTierMintCount' [Warning/use-natspec]
/sb/0x008c69e0c66ebd4b228d27f2162ad54ab1b7dde1.sol:2599:5: Mismatch in @return count for function 'getTeamTierMintCount'. Expected: 1, Found: 0 [Warning/use-natspec]
/sb/0x008c69e0c66ebd4b228d27f2162ad54ab1b7dde1.sol:2607:5: Missing @notice tag in function 'getTeamTierSupply' [Warning/use-natspec]
/sb/0x008c69e0c66ebd4b228d27f2162ad54ab1b7dde1.sol:2607:5: Missing @param tag in function 'getTeamTierSupply' [Warning/use-natspec]
/sb/0x008c69e0c66ebd4b228d27f2162ad54ab1b7dde1.sol:2607:5: Mismatch in @param names for function 'getTeamTierSupply'. Expected: [team, tier], Found: [] [Warning/use-natspec]
/sb/0x008c69e0c66ebd4b228d27f2162ad54ab1b7dde1.sol:2607:5: Missing @return tag in function 'getTeamTierSupply' [Warning/use-natspec]
/sb/0x008c69e0c66ebd4b228d27f2162ad54ab1b7dde1.sol:2607:5: Mismatch in @return count for function 'getTeamTierSupply'. Expected: 1, Found: 0 [Warning/use-natspec]
/sb/0x008c69e0c66ebd4b228d27f2162ad54ab1b7dde1.sol:2617:5: Missing @notice tag in function 'checkTeamTierAvailableSupply' [Warning/use-natspec]
/sb/0x008c69e0c66ebd4b228d27f2162ad54ab1b7dde1.sol:2617:5: Missing @param tag in function 'checkTeamTierAvailableSupply' [Warning/use-natspec]
/sb/0x008c69e0c66ebd4b228d27f2162ad54ab1b7dde1.sol:2617:5: Mismatch in @param names for function 'checkTeamTierAvailableSupply'. Expected: [team, tier], Found: [] [Warning/use-natspec]
/sb/0x008c69e0c66ebd4b228d27f2162ad54ab1b7dde1.sol:2617:5: Missing @return tag in function 'checkTeamTierAvailableSupply' [Warning/use-natspec]
/sb/0x008c69e0c66ebd4b228d27f2162ad54ab1b7dde1.sol:2617:5: Mismatch in @return count for function 'checkTeamTierAvailableSupply'. Expected: 1, Found: 0 [Warning/use-natspec]
/sb/0x008c69e0c66ebd4b228d27f2162ad54ab1b7dde1.sol:2631:5: Missing @notice tag in function 'setBaseURI' [Warning/use-natspec]
/sb/0x008c69e0c66ebd4b228d27f2162ad54ab1b7dde1.sol:2631:5: Missing @param tag in function 'setBaseURI' [Warning/use-natspec]
/sb/0x008c69e0c66ebd4b228d27f2162ad54ab1b7dde1.sol:2631:5: Mismatch in @param names for function 'setBaseURI'. Expected: [__baseURI], Found: [] [Warning/use-natspec]
/sb/0x008c69e0c66ebd4b228d27f2162ad54ab1b7dde1.sol:2631:5: GC: [__baseURI] argument on Function [setBaseURI] could be [calldata] if it's not being updated [Warning/gas-calldata-parameters]
/sb/0x008c69e0c66ebd4b228d27f2162ad54ab1b7dde1.sol:2643:5: Missing @notice tag in function '_baseURI' [Warning/use-natspec]
/sb/0x008c69e0c66ebd4b228d27f2162ad54ab1b7dde1.sol:2643:5: Missing @return tag in function '_baseURI' [Warning/use-natspec]
/sb/0x008c69e0c66ebd4b228d27f2162ad54ab1b7dde1.sol:2643:5: Mismatch in @return count for function '_baseURI'. Expected: 1, Found: 0 [Warning/use-natspec]
/sb/0x008c69e0c66ebd4b228d27f2162ad54ab1b7dde1.sol:2653:5: Missing @notice tag in function 'tokenURI' [Warning/use-natspec]
/sb/0x008c69e0c66ebd4b228d27f2162ad54ab1b7dde1.sol:2653:5: Missing @param tag in function 'tokenURI' [Warning/use-natspec]
/sb/0x008c69e0c66ebd4b228d27f2162ad54ab1b7dde1.sol:2653:5: Mismatch in @param names for function 'tokenURI'. Expected: [tokenId], Found: [] [Warning/use-natspec]
/sb/0x008c69e0c66ebd4b228d27f2162ad54ab1b7dde1.sol:2653:5: Missing @return tag in function 'tokenURI' [Warning/use-natspec]
/sb/0x008c69e0c66ebd4b228d27f2162ad54ab1b7dde1.sol:2653:5: Mismatch in @return count for function 'tokenURI'. Expected: 1, Found: 0 [Warning/use-natspec]
/sb/0x008c69e0c66ebd4b228d27f2162ad54ab1b7dde1.sol:2655:9: Error message for require is too long: 33 counted / 32 allowed [Warning/reason-string]
/sb/0x008c69e0c66ebd4b228d27f2162ad54ab1b7dde1.sol:2655:9: GC: String exceeds 32 bytes [Warning/gas-small-strings]
/sb/0x008c69e0c66ebd4b228d27f2162ad54ab1b7dde1.sol:2655:9: GC: Use Custom Errors instead of require statements [Warning/gas-custom-errors]
/sb/0x008c69e0c66ebd4b228d27f2162ad54ab1b7dde1.sol:2689:5: Missing @notice tag in function '_isWhitelistAddress' [Warning/use-natspec]
/sb/0x008c69e0c66ebd4b228d27f2162ad54ab1b7dde1.sol:2689:5: Missing @param tag in function '_isWhitelistAddress' [Warning/use-natspec]
/sb/0x008c69e0c66ebd4b228d27f2162ad54ab1b7dde1.sol:2689:5: Mismatch in @param names for function '_isWhitelistAddress'. Expected: [wallet], Found: [] [Warning/use-natspec]
/sb/0x008c69e0c66ebd4b228d27f2162ad54ab1b7dde1.sol:2689:5: Missing @return tag in function '_isWhitelistAddress' [Warning/use-natspec]
/sb/0x008c69e0c66ebd4b228d27f2162ad54ab1b7dde1.sol:2689:5: Mismatch in @return count for function '_isWhitelistAddress'. Expected: 1, Found: 0 [Warning/use-natspec]
/sb/0x008c69e0c66ebd4b228d27f2162ad54ab1b7dde1.sol:2695:5: Missing @notice tag in function 'totalSupplyMinted' [Warning/use-natspec]
/sb/0x008c69e0c66ebd4b228d27f2162ad54ab1b7dde1.sol:2695:5: Missing @return tag in function 'totalSupplyMinted' [Warning/use-natspec]
/sb/0x008c69e0c66ebd4b228d27f2162ad54ab1b7dde1.sol:2695:5: Mismatch in @return count for function 'totalSupplyMinted'. Expected: 1, Found: 0 [Warning/use-natspec]
/sb/0x008c69e0c66ebd4b228d27f2162ad54ab1b7dde1.sol:2711:5: Missing @notice tag in function '_safeMintLoop' [Warning/use-natspec]
/sb/0x008c69e0c66ebd4b228d27f2162ad54ab1b7dde1.sol:2711:5: Missing @param tag in function '_safeMintLoop' [Warning/use-natspec]
/sb/0x008c69e0c66ebd4b228d27f2162ad54ab1b7dde1.sol:2711:5: Mismatch in @param names for function '_safeMintLoop'. Expected: [wallet, team, tier, quantity, _paymentId], Found: [] [Warning/use-natspec]
/sb/0x008c69e0c66ebd4b228d27f2162ad54ab1b7dde1.sol:2717:43: GC: For [ i ] variable, increment/decrement by 1 using: [ ++variable ] to save gas [Warning/gas-increment-by-one]
/sb/0x008c69e0c66ebd4b228d27f2162ad54ab1b7dde1.sol:2739:5: Missing @notice tag in function '_safeMintLoopGold' [Warning/use-natspec]
/sb/0x008c69e0c66ebd4b228d27f2162ad54ab1b7dde1.sol:2739:5: Missing @param tag in function '_safeMintLoopGold' [Warning/use-natspec]
/sb/0x008c69e0c66ebd4b228d27f2162ad54ab1b7dde1.sol:2739:5: Mismatch in @param names for function '_safeMintLoopGold'. Expected: [wallet, tier, quantity, _paymentId], Found: [] [Warning/use-natspec]
/sb/0x008c69e0c66ebd4b228d27f2162ad54ab1b7dde1.sol:2745:43: GC: For [ i ] variable, increment/decrement by 1 using: [ ++variable ] to save gas [Warning/gas-increment-by-one]
/sb/0x008c69e0c66ebd4b228d27f2162ad54ab1b7dde1.sol:2761:5: Missing @notice tag in function '_setTokenURI' [Warning/use-natspec]
/sb/0x008c69e0c66ebd4b228d27f2162ad54ab1b7dde1.sol:2761:5: Missing @param tag in function '_setTokenURI' [Warning/use-natspec]
/sb/0x008c69e0c66ebd4b228d27f2162ad54ab1b7dde1.sol:2761:5: Mismatch in @param names for function '_setTokenURI'. Expected: [tokenId, _tokenURI], Found: [] [Warning/use-natspec]
/sb/0x008c69e0c66ebd4b228d27f2162ad54ab1b7dde1.sol:2765:9: Error message for require is too long: 46 counted / 32 allowed [Warning/reason-string]
/sb/0x008c69e0c66ebd4b228d27f2162ad54ab1b7dde1.sol:2765:9: GC: String exceeds 32 bytes [Warning/gas-small-strings]
/sb/0x008c69e0c66ebd4b228d27f2162ad54ab1b7dde1.sol:2765:9: GC: Use Custom Errors instead of require statements [Warning/gas-custom-errors]
/sb/0x008c69e0c66ebd4b228d27f2162ad54ab1b7dde1.sol:2771:5: Missing @notice tag in function 'mintVipFire' [Warning/use-natspec]
/sb/0x008c69e0c66ebd4b228d27f2162ad54ab1b7dde1.sol:2771:5: Missing @param tag in function 'mintVipFire' [Warning/use-natspec]
/sb/0x008c69e0c66ebd4b228d27f2162ad54ab1b7dde1.sol:2771:5: Mismatch in @param names for function 'mintVipFire'. Expected: [wallet, quantity, team], Found: [] [Warning/use-natspec]
/sb/0x008c69e0c66ebd4b228d27f2162ad54ab1b7dde1.sol:2771:79: Visibility modifier must be first in list of modifiers [Warning/visibility-modifier-order]
/sb/0x008c69e0c66ebd4b228d27f2162ad54ab1b7dde1.sol:2773:9: GC: Use Custom Errors instead of require statements [Warning/gas-custom-errors]
/sb/0x008c69e0c66ebd4b228d27f2162ad54ab1b7dde1.sol:2775:9: Error message for require is too long: 33 counted / 32 allowed [Warning/reason-string]
/sb/0x008c69e0c66ebd4b228d27f2162ad54ab1b7dde1.sol:2775:9: GC: String exceeds 32 bytes [Warning/gas-small-strings]
/sb/0x008c69e0c66ebd4b228d27f2162ad54ab1b7dde1.sol:2775:9: GC: Use Custom Errors instead of require statements [Warning/gas-custom-errors]
/sb/0x008c69e0c66ebd4b228d27f2162ad54ab1b7dde1.sol:2777:9: GC: Use Custom Errors instead of require statements [Warning/gas-custom-errors]
/sb/0x008c69e0c66ebd4b228d27f2162ad54ab1b7dde1.sol:2777:17: GC: Non strict inequality found. Try converting to a strict one [Warning/gas-strict-inequalities]
/sb/0x008c69e0c66ebd4b228d27f2162ad54ab1b7dde1.sol:2779:9: Error message for require is too long: 52 counted / 32 allowed [Warning/reason-string]
/sb/0x008c69e0c66ebd4b228d27f2162ad54ab1b7dde1.sol:2779:9: GC: String exceeds 32 bytes [Warning/gas-small-strings]
/sb/0x008c69e0c66ebd4b228d27f2162ad54ab1b7dde1.sol:2779:9: GC: Use Custom Errors instead of require statements [Warning/gas-custom-errors]
/sb/0x008c69e0c66ebd4b228d27f2162ad54ab1b7dde1.sol:2779:17: GC: Non strict inequality found. Try converting to a strict one [Warning/gas-strict-inequalities]
/sb/0x008c69e0c66ebd4b228d27f2162ad54ab1b7dde1.sol:2781:9: GC: Use Custom Errors instead of require statements [Warning/gas-custom-errors]
/sb/0x008c69e0c66ebd4b228d27f2162ad54ab1b7dde1.sol:2781:17: GC: Non strict inequality found. Try converting to a strict one [Warning/gas-strict-inequalities]
/sb/0x008c69e0c66ebd4b228d27f2162ad54ab1b7dde1.sol:2793:5: Missing @notice tag in function 'mintVipFireOwner' [Warning/use-natspec]
/sb/0x008c69e0c66ebd4b228d27f2162ad54ab1b7dde1.sol:2793:5: Missing @param tag in function 'mintVipFireOwner' [Warning/use-natspec]
/sb/0x008c69e0c66ebd4b228d27f2162ad54ab1b7dde1.sol:2793:5: Mismatch in @param names for function 'mintVipFireOwner'. Expected: [wallet, quantity, team, _paymentId], Found: [] [Warning/use-natspec]
/sb/0x008c69e0c66ebd4b228d27f2162ad54ab1b7dde1.sol:2795:9: Error message for require is too long: 33 counted / 32 allowed [Warning/reason-string]
/sb/0x008c69e0c66ebd4b228d27f2162ad54ab1b7dde1.sol:2795:9: GC: String exceeds 32 bytes [Warning/gas-small-strings]
/sb/0x008c69e0c66ebd4b228d27f2162ad54ab1b7dde1.sol:2795:9: GC: Use Custom Errors instead of require statements [Warning/gas-custom-errors]
/sb/0x008c69e0c66ebd4b228d27f2162ad54ab1b7dde1.sol:2797:9: GC: Use Custom Errors instead of require statements [Warning/gas-custom-errors]
/sb/0x008c69e0c66ebd4b228d27f2162ad54ab1b7dde1.sol:2799:9: Error message for require is too long: 52 counted / 32 allowed [Warning/reason-string]
/sb/0x008c69e0c66ebd4b228d27f2162ad54ab1b7dde1.sol:2799:9: GC: String exceeds 32 bytes [Warning/gas-small-strings]
/sb/0x008c69e0c66ebd4b228d27f2162ad54ab1b7dde1.sol:2799:9: GC: Use Custom Errors instead of require statements [Warning/gas-custom-errors]
/sb/0x008c69e0c66ebd4b228d27f2162ad54ab1b7dde1.sol:2799:17: GC: Non strict inequality found. Try converting to a strict one [Warning/gas-strict-inequalities]
/sb/0x008c69e0c66ebd4b228d27f2162ad54ab1b7dde1.sol:2801:9: GC: Use Custom Errors instead of require statements [Warning/gas-custom-errors]
/sb/0x008c69e0c66ebd4b228d27f2162ad54ab1b7dde1.sol:2801:17: GC: Non strict inequality found. Try converting to a strict one [Warning/gas-strict-inequalities]
/sb/0x008c69e0c66ebd4b228d27f2162ad54ab1b7dde1.sol:2815:5: Missing @notice tag in function 'mintWhitelistFire' [Warning/use-natspec]
/sb/0x008c69e0c66ebd4b228d27f2162ad54ab1b7dde1.sol:2815:5: Missing @param tag in function 'mintWhitelistFire' [Warning/use-natspec]
/sb/0x008c69e0c66ebd4b228d27f2162ad54ab1b7dde1.sol:2815:5: Mismatch in @param names for function 'mintWhitelistFire'. Expected: [wallet, quantity, team], Found: [] [Warning/use-natspec]
/sb/0x008c69e0c66ebd4b228d27f2162ad54ab1b7dde1.sol:2815:85: Visibility modifier must be first in list of modifiers [Warning/visibility-modifier-order]
/sb/0x008c69e0c66ebd4b228d27f2162ad54ab1b7dde1.sol:2817:9: GC: Use Custom Errors instead of require statements [Warning/gas-custom-errors]
/sb/0x008c69e0c66ebd4b228d27f2162ad54ab1b7dde1.sol:2819:9: Error message for require is too long: 33 counted / 32 allowed [Warning/reason-string]
/sb/0x008c69e0c66ebd4b228d27f2162ad54ab1b7dde1.sol:2819:9: GC: String exceeds 32 bytes [Warning/gas-small-strings]
/sb/0x008c69e0c66ebd4b228d27f2162ad54ab1b7dde1.sol:2819:9: GC: Use Custom Errors instead of require statements [Warning/gas-custom-errors]
/sb/0x008c69e0c66ebd4b228d27f2162ad54ab1b7dde1.sol:2821:9: GC: Use Custom Errors instead of require statements [Warning/gas-custom-errors]
/sb/0x008c69e0c66ebd4b228d27f2162ad54ab1b7dde1.sol:2821:17: GC: Non strict inequality found. Try converting to a strict one [Warning/gas-strict-inequalities]
/sb/0x008c69e0c66ebd4b228d27f2162ad54ab1b7dde1.sol:2823:9: Error message for require is too long: 52 counted / 32 allowed [Warning/reason-string]
/sb/0x008c69e0c66ebd4b228d27f2162ad54ab1b7dde1.sol:2823:9: GC: String exceeds 32 bytes [Warning/gas-small-strings]
/sb/0x008c69e0c66ebd4b228d27f2162ad54ab1b7dde1.sol:2823:9: GC: Use Custom Errors instead of require statements [Warning/gas-custom-errors]
/sb/0x008c69e0c66ebd4b228d27f2162ad54ab1b7dde1.sol:2825:9: GC: Use Custom Errors instead of require statements [Warning/gas-custom-errors]
/sb/0x008c69e0c66ebd4b228d27f2162ad54ab1b7dde1.sol:2825:17: GC: Non strict inequality found. Try converting to a strict one [Warning/gas-strict-inequalities]
/sb/0x008c69e0c66ebd4b228d27f2162ad54ab1b7dde1.sol:2827:9: GC: Use Custom Errors instead of require statements [Warning/gas-custom-errors]
/sb/0x008c69e0c66ebd4b228d27f2162ad54ab1b7dde1.sol:2827:17: GC: Non strict inequality found. Try converting to a strict one [Warning/gas-strict-inequalities]
/sb/0x008c69e0c66ebd4b228d27f2162ad54ab1b7dde1.sol:2837:5: Missing @notice tag in function 'mintWhitelistFireOwner' [Warning/use-natspec]
/sb/0x008c69e0c66ebd4b228d27f2162ad54ab1b7dde1.sol:2837:5: Missing @param tag in function 'mintWhitelistFireOwner' [Warning/use-natspec]
/sb/0x008c69e0c66ebd4b228d27f2162ad54ab1b7dde1.sol:2837:5: Mismatch in @param names for function 'mintWhitelistFireOwner'. Expected: [wallet, quantity, team, _paymentId], Found: [] [Warning/use-natspec]
/sb/0x008c69e0c66ebd4b228d27f2162ad54ab1b7dde1.sol:2839:9: GC: Use Custom Errors instead of require statements [Warning/gas-custom-errors]
/sb/0x008c69e0c66ebd4b228d27f2162ad54ab1b7dde1.sol:2841:9: Error message for require is too long: 33 counted / 32 allowed [Warning/reason-string]
/sb/0x008c69e0c66ebd4b228d27f2162ad54ab1b7dde1.sol:2841:9: GC: String exceeds 32 bytes [Warning/gas-small-strings]
/sb/0x008c69e0c66ebd4b228d27f2162ad54ab1b7dde1.sol:2841:9: GC: Use Custom Errors instead of require statements [Warning/gas-custom-errors]
/sb/0x008c69e0c66ebd4b228d27f2162ad54ab1b7dde1.sol:2843:9: Error message for require is too long: 52 counted / 32 allowed [Warning/reason-string]
/sb/0x008c69e0c66ebd4b228d27f2162ad54ab1b7dde1.sol:2843:9: GC: String exceeds 32 bytes [Warning/gas-small-strings]
/sb/0x008c69e0c66ebd4b228d27f2162ad54ab1b7dde1.sol:2843:9: GC: Use Custom Errors instead of require statements [Warning/gas-custom-errors]
/sb/0x008c69e0c66ebd4b228d27f2162ad54ab1b7dde1.sol:2845:9: GC: Use Custom Errors instead of require statements [Warning/gas-custom-errors]
/sb/0x008c69e0c66ebd4b228d27f2162ad54ab1b7dde1.sol:2845:17: GC: Non strict inequality found. Try converting to a strict one [Warning/gas-strict-inequalities]
/sb/0x008c69e0c66ebd4b228d27f2162ad54ab1b7dde1.sol:2847:9: GC: Use Custom Errors instead of require statements [Warning/gas-custom-errors]
/sb/0x008c69e0c66ebd4b228d27f2162ad54ab1b7dde1.sol:2847:17: GC: Non strict inequality found. Try converting to a strict one [Warning/gas-strict-inequalities]
/sb/0x008c69e0c66ebd4b228d27f2162ad54ab1b7dde1.sol:2849:9: GC: Use Custom Errors instead of require statements [Warning/gas-custom-errors]
/sb/0x008c69e0c66ebd4b228d27f2162ad54ab1b7dde1.sol:2863:5: Missing @notice tag in function 'mintFireNormal' [Warning/use-natspec]
/sb/0x008c69e0c66ebd4b228d27f2162ad54ab1b7dde1.sol:2863:5: Missing @param tag in function 'mintFireNormal' [Warning/use-natspec]
/sb/0x008c69e0c66ebd4b228d27f2162ad54ab1b7dde1.sol:2863:5: Mismatch in @param names for function 'mintFireNormal'. Expected: [wallet, quantity, team], Found: [] [Warning/use-natspec]
/sb/0x008c69e0c66ebd4b228d27f2162ad54ab1b7dde1.sol:2863:82: Visibility modifier must be first in list of modifiers [Warning/visibility-modifier-order]
/sb/0x008c69e0c66ebd4b228d27f2162ad54ab1b7dde1.sol:2865:9: GC: Use Custom Errors instead of require statements [Warning/gas-custom-errors]
/sb/0x008c69e0c66ebd4b228d27f2162ad54ab1b7dde1.sol:2867:9: Error message for require is too long: 33 counted / 32 allowed [Warning/reason-string]
/sb/0x008c69e0c66ebd4b228d27f2162ad54ab1b7dde1.sol:2867:9: GC: String exceeds 32 bytes [Warning/gas-small-strings]
/sb/0x008c69e0c66ebd4b228d27f2162ad54ab1b7dde1.sol:2867:9: GC: Use Custom Errors instead of require statements [Warning/gas-custom-errors]
/sb/0x008c69e0c66ebd4b228d27f2162ad54ab1b7dde1.sol:2869:9: Error message for require is too long: 33 counted / 32 allowed [Warning/reason-string]
/sb/0x008c69e0c66ebd4b228d27f2162ad54ab1b7dde1.sol:2869:9: GC: String exceeds 32 bytes [Warning/gas-small-strings]
/sb/0x008c69e0c66ebd4b228d27f2162ad54ab1b7dde1.sol:2869:9: GC: Use Custom Errors instead of require statements [Warning/gas-custom-errors]
/sb/0x008c69e0c66ebd4b228d27f2162ad54ab1b7dde1.sol:2871:9: GC: Use Custom Errors instead of require statements [Warning/gas-custom-errors]
/sb/0x008c69e0c66ebd4b228d27f2162ad54ab1b7dde1.sol:2871:17: GC: Non strict inequality found. Try converting to a strict one [Warning/gas-strict-inequalities]
/sb/0x008c69e0c66ebd4b228d27f2162ad54ab1b7dde1.sol:2873:9: GC: Use Custom Errors instead of require statements [Warning/gas-custom-errors]
/sb/0x008c69e0c66ebd4b228d27f2162ad54ab1b7dde1.sol:2873:17: GC: Non strict inequality found. Try converting to a strict one [Warning/gas-strict-inequalities]
/sb/0x008c69e0c66ebd4b228d27f2162ad54ab1b7dde1.sol:2875:9: GC: Use Custom Errors instead of require statements [Warning/gas-custom-errors]
/sb/0x008c69e0c66ebd4b228d27f2162ad54ab1b7dde1.sol:2875:17: GC: Non strict inequality found. Try converting to a strict one [Warning/gas-strict-inequalities]
/sb/0x008c69e0c66ebd4b228d27f2162ad54ab1b7dde1.sol:2887:5: Missing @notice tag in function 'mintFireNormalOwner' [Warning/use-natspec]
/sb/0x008c69e0c66ebd4b228d27f2162ad54ab1b7dde1.sol:2887:5: Missing @param tag in function 'mintFireNormalOwner' [Warning/use-natspec]
/sb/0x008c69e0c66ebd4b228d27f2162ad54ab1b7dde1.sol:2887:5: Mismatch in @param names for function 'mintFireNormalOwner'. Expected: [wallet, quantity, team, _paymentId], Found: [] [Warning/use-natspec]
/sb/0x008c69e0c66ebd4b228d27f2162ad54ab1b7dde1.sol:2889:9: GC: Use Custom Errors instead of require statements [Warning/gas-custom-errors]
/sb/0x008c69e0c66ebd4b228d27f2162ad54ab1b7dde1.sol:2891:9: Error message for require is too long: 33 counted / 32 allowed [Warning/reason-string]
/sb/0x008c69e0c66ebd4b228d27f2162ad54ab1b7dde1.sol:2891:9: GC: String exceeds 32 bytes [Warning/gas-small-strings]
/sb/0x008c69e0c66ebd4b228d27f2162ad54ab1b7dde1.sol:2891:9: GC: Use Custom Errors instead of require statements [Warning/gas-custom-errors]
/sb/0x008c69e0c66ebd4b228d27f2162ad54ab1b7dde1.sol:2893:9: GC: Use Custom Errors instead of require statements [Warning/gas-custom-errors]
/sb/0x008c69e0c66ebd4b228d27f2162ad54ab1b7dde1.sol:2893:17: GC: Non strict inequality found. Try converting to a strict one [Warning/gas-strict-inequalities]
/sb/0x008c69e0c66ebd4b228d27f2162ad54ab1b7dde1.sol:2895:9: GC: Use Custom Errors instead of require statements [Warning/gas-custom-errors]
/sb/0x008c69e0c66ebd4b228d27f2162ad54ab1b7dde1.sol:2895:17: GC: Non strict inequality found. Try converting to a strict one [Warning/gas-strict-inequalities]
/sb/0x008c69e0c66ebd4b228d27f2162ad54ab1b7dde1.sol:2897:9: GC: Use Custom Errors instead of require statements [Warning/gas-custom-errors]
/sb/0x008c69e0c66ebd4b228d27f2162ad54ab1b7dde1.sol:2909:5: Missing @notice tag in function 'mintVipGold' [Warning/use-natspec]
/sb/0x008c69e0c66ebd4b228d27f2162ad54ab1b7dde1.sol:2909:5: Missing @param tag in function 'mintVipGold' [Warning/use-natspec]
/sb/0x008c69e0c66ebd4b228d27f2162ad54ab1b7dde1.sol:2909:5: Mismatch in @param names for function 'mintVipGold'. Expected: [wallet, quantity], Found: [] [Warning/use-natspec]
/sb/0x008c69e0c66ebd4b228d27f2162ad54ab1b7dde1.sol:2909:68: Visibility modifier must be first in list of modifiers [Warning/visibility-modifier-order]
/sb/0x008c69e0c66ebd4b228d27f2162ad54ab1b7dde1.sol:2911:9: GC: Use Custom Errors instead of require statements [Warning/gas-custom-errors]
/sb/0x008c69e0c66ebd4b228d27f2162ad54ab1b7dde1.sol:2913:9: Error message for require is too long: 33 counted / 32 allowed [Warning/reason-string]
/sb/0x008c69e0c66ebd4b228d27f2162ad54ab1b7dde1.sol:2913:9: GC: String exceeds 32 bytes [Warning/gas-small-strings]
/sb/0x008c69e0c66ebd4b228d27f2162ad54ab1b7dde1.sol:2913:9: GC: Use Custom Errors instead of require statements [Warning/gas-custom-errors]
/sb/0x008c69e0c66ebd4b228d27f2162ad54ab1b7dde1.sol:2915:9: GC: Use Custom Errors instead of require statements [Warning/gas-custom-errors]
/sb/0x008c69e0c66ebd4b228d27f2162ad54ab1b7dde1.sol:2915:17: GC: Non strict inequality found. Try converting to a strict one [Warning/gas-strict-inequalities]
/sb/0x008c69e0c66ebd4b228d27f2162ad54ab1b7dde1.sol:2917:9: Error message for require is too long: 52 counted / 32 allowed [Warning/reason-string]
/sb/0x008c69e0c66ebd4b228d27f2162ad54ab1b7dde1.sol:2917:9: GC: String exceeds 32 bytes [Warning/gas-small-strings]
/sb/0x008c69e0c66ebd4b228d27f2162ad54ab1b7dde1.sol:2917:9: GC: Use Custom Errors instead of require statements [Warning/gas-custom-errors]
/sb/0x008c69e0c66ebd4b228d27f2162ad54ab1b7dde1.sol:2917:17: GC: Non strict inequality found. Try converting to a strict one [Warning/gas-strict-inequalities]
/sb/0x008c69e0c66ebd4b228d27f2162ad54ab1b7dde1.sol:2919:9: GC: Use Custom Errors instead of require statements [Warning/gas-custom-errors]
/sb/0x008c69e0c66ebd4b228d27f2162ad54ab1b7dde1.sol:2919:17: GC: Non strict inequality found. Try converting to a strict one [Warning/gas-strict-inequalities]
/sb/0x008c69e0c66ebd4b228d27f2162ad54ab1b7dde1.sol:2933:5: Missing @notice tag in function 'mintVipGoldOwner' [Warning/use-natspec]
/sb/0x008c69e0c66ebd4b228d27f2162ad54ab1b7dde1.sol:2933:5: Missing @param tag in function 'mintVipGoldOwner' [Warning/use-natspec]
/sb/0x008c69e0c66ebd4b228d27f2162ad54ab1b7dde1.sol:2933:5: Mismatch in @param names for function 'mintVipGoldOwner'. Expected: [wallet, quantity, _paymentId], Found: [] [Warning/use-natspec]
/sb/0x008c69e0c66ebd4b228d27f2162ad54ab1b7dde1.sol:2935:9: Error message for require is too long: 33 counted / 32 allowed [Warning/reason-string]
/sb/0x008c69e0c66ebd4b228d27f2162ad54ab1b7dde1.sol:2935:9: GC: String exceeds 32 bytes [Warning/gas-small-strings]
/sb/0x008c69e0c66ebd4b228d27f2162ad54ab1b7dde1.sol:2935:9: GC: Use Custom Errors instead of require statements [Warning/gas-custom-errors]
/sb/0x008c69e0c66ebd4b228d27f2162ad54ab1b7dde1.sol:2937:9: Error message for require is too long: 52 counted / 32 allowed [Warning/reason-string]
/sb/0x008c69e0c66ebd4b228d27f2162ad54ab1b7dde1.sol:2937:9: GC: String exceeds 32 bytes [Warning/gas-small-strings]
/sb/0x008c69e0c66ebd4b228d27f2162ad54ab1b7dde1.sol:2937:9: GC: Use Custom Errors instead of require statements [Warning/gas-custom-errors]
/sb/0x008c69e0c66ebd4b228d27f2162ad54ab1b7dde1.sol:2937:17: GC: Non strict inequality found. Try converting to a strict one [Warning/gas-strict-inequalities]
/sb/0x008c69e0c66ebd4b228d27f2162ad54ab1b7dde1.sol:2939:9: GC: Use Custom Errors instead of require statements [Warning/gas-custom-errors]
/sb/0x008c69e0c66ebd4b228d27f2162ad54ab1b7dde1.sol:2939:17: GC: Non strict inequality found. Try converting to a strict one [Warning/gas-strict-inequalities]
/sb/0x008c69e0c66ebd4b228d27f2162ad54ab1b7dde1.sol:2941:9: GC: Use Custom Errors instead of require statements [Warning/gas-custom-errors]
/sb/0x008c69e0c66ebd4b228d27f2162ad54ab1b7dde1.sol:2959:5: Missing @notice tag in function 'mintWhitelistGold' [Warning/use-natspec]
/sb/0x008c69e0c66ebd4b228d27f2162ad54ab1b7dde1.sol:2959:5: Missing @param tag in function 'mintWhitelistGold' [Warning/use-natspec]
/sb/0x008c69e0c66ebd4b228d27f2162ad54ab1b7dde1.sol:2959:5: Mismatch in @param names for function 'mintWhitelistGold'. Expected: [wallet, quantity], Found: [] [Warning/use-natspec]
/sb/0x008c69e0c66ebd4b228d27f2162ad54ab1b7dde1.sol:2959:74: Visibility modifier must be first in list of modifiers [Warning/visibility-modifier-order]
/sb/0x008c69e0c66ebd4b228d27f2162ad54ab1b7dde1.sol:2961:9: GC: Use Custom Errors instead of require statements [Warning/gas-custom-errors]
/sb/0x008c69e0c66ebd4b228d27f2162ad54ab1b7dde1.sol:2963:9: Error message for require is too long: 33 counted / 32 allowed [Warning/reason-string]
/sb/0x008c69e0c66ebd4b228d27f2162ad54ab1b7dde1.sol:2963:9: GC: String exceeds 32 bytes [Warning/gas-small-strings]
/sb/0x008c69e0c66ebd4b228d27f2162ad54ab1b7dde1.sol:2963:9: GC: Use Custom Errors instead of require statements [Warning/gas-custom-errors]
/sb/0x008c69e0c66ebd4b228d27f2162ad54ab1b7dde1.sol:2965:9: GC: Use Custom Errors instead of require statements [Warning/gas-custom-errors]
/sb/0x008c69e0c66ebd4b228d27f2162ad54ab1b7dde1.sol:2965:17: GC: Non strict inequality found. Try converting to a strict one [Warning/gas-strict-inequalities]
/sb/0x008c69e0c66ebd4b228d27f2162ad54ab1b7dde1.sol:2967:9: Error message for require is too long: 52 counted / 32 allowed [Warning/reason-string]
/sb/0x008c69e0c66ebd4b228d27f2162ad54ab1b7dde1.sol:2967:9: GC: String exceeds 32 bytes [Warning/gas-small-strings]
/sb/0x008c69e0c66ebd4b228d27f2162ad54ab1b7dde1.sol:2967:9: GC: Use Custom Errors instead of require statements [Warning/gas-custom-errors]
/sb/0x008c69e0c66ebd4b228d27f2162ad54ab1b7dde1.sol:2969:9: GC: Use Custom Errors instead of require statements [Warning/gas-custom-errors]
/sb/0x008c69e0c66ebd4b228d27f2162ad54ab1b7dde1.sol:2969:17: GC: Non strict inequality found. Try converting to a strict one [Warning/gas-strict-inequalities]
/sb/0x008c69e0c66ebd4b228d27f2162ad54ab1b7dde1.sol:2971:9: GC: Use Custom Errors instead of require statements [Warning/gas-custom-errors]
/sb/0x008c69e0c66ebd4b228d27f2162ad54ab1b7dde1.sol:2971:17: GC: Non strict inequality found. Try converting to a strict one [Warning/gas-strict-inequalities]
/sb/0x008c69e0c66ebd4b228d27f2162ad54ab1b7dde1.sol:2983:5: Missing @notice tag in function 'mintWhitelistGoldOwner' [Warning/use-natspec]
/sb/0x008c69e0c66ebd4b228d27f2162ad54ab1b7dde1.sol:2983:5: Missing @param tag in function 'mintWhitelistGoldOwner' [Warning/use-natspec]
/sb/0x008c69e0c66ebd4b228d27f2162ad54ab1b7dde1.sol:2983:5: Mismatch in @param names for function 'mintWhitelistGoldOwner'. Expected: [wallet, quantity, _paymentId], Found: [] [Warning/use-natspec]
/sb/0x008c69e0c66ebd4b228d27f2162ad54ab1b7dde1.sol:2985:9: GC: Use Custom Errors instead of require statements [Warning/gas-custom-errors]
/sb/0x008c69e0c66ebd4b228d27f2162ad54ab1b7dde1.sol:2987:9: Error message for require is too long: 33 counted / 32 allowed [Warning/reason-string]
/sb/0x008c69e0c66ebd4b228d27f2162ad54ab1b7dde1.sol:2987:9: GC: String exceeds 32 bytes [Warning/gas-small-strings]
/sb/0x008c69e0c66ebd4b228d27f2162ad54ab1b7dde1.sol:2987:9: GC: Use Custom Errors instead of require statements [Warning/gas-custom-errors]
/sb/0x008c69e0c66ebd4b228d27f2162ad54ab1b7dde1.sol:2989:9: Error message for require is too long: 52 counted / 32 allowed [Warning/reason-string]
/sb/0x008c69e0c66ebd4b228d27f2162ad54ab1b7dde1.sol:2989:9: GC: String exceeds 32 bytes [Warning/gas-small-strings]
/sb/0x008c69e0c66ebd4b228d27f2162ad54ab1b7dde1.sol:2989:9: GC: Use Custom Errors instead of require statements [Warning/gas-custom-errors]
/sb/0x008c69e0c66ebd4b228d27f2162ad54ab1b7dde1.sol:2991:9: GC: Use Custom Errors instead of require statements [Warning/gas-custom-errors]
/sb/0x008c69e0c66ebd4b228d27f2162ad54ab1b7dde1.sol:2991:17: GC: Non strict inequality found. Try converting to a strict one [Warning/gas-strict-inequalities]
/sb/0x008c69e0c66ebd4b228d27f2162ad54ab1b7dde1.sol:2993:9: GC: Use Custom Errors instead of require statements [Warning/gas-custom-errors]
/sb/0x008c69e0c66ebd4b228d27f2162ad54ab1b7dde1.sol:2993:17: GC: Non strict inequality found. Try converting to a strict one [Warning/gas-strict-inequalities]
/sb/0x008c69e0c66ebd4b228d27f2162ad54ab1b7dde1.sol:2995:9: GC: Use Custom Errors instead of require statements [Warning/gas-custom-errors]
/sb/0x008c69e0c66ebd4b228d27f2162ad54ab1b7dde1.sol:3011:5: Missing @notice tag in function 'mintGoldNormal' [Warning/use-natspec]
/sb/0x008c69e0c66ebd4b228d27f2162ad54ab1b7dde1.sol:3011:5: Missing @param tag in function 'mintGoldNormal' [Warning/use-natspec]
/sb/0x008c69e0c66ebd4b228d27f2162ad54ab1b7dde1.sol:3011:5: Mismatch in @param names for function 'mintGoldNormal'. Expected: [wallet, quantity], Found: [] [Warning/use-natspec]
/sb/0x008c69e0c66ebd4b228d27f2162ad54ab1b7dde1.sol:3011:71: Visibility modifier must be first in list of modifiers [Warning/visibility-modifier-order]
/sb/0x008c69e0c66ebd4b228d27f2162ad54ab1b7dde1.sol:3013:9: GC: Use Custom Errors instead of require statements [Warning/gas-custom-errors]
/sb/0x008c69e0c66ebd4b228d27f2162ad54ab1b7dde1.sol:3015:9: Error message for require is too long: 33 counted / 32 allowed [Warning/reason-string]
/sb/0x008c69e0c66ebd4b228d27f2162ad54ab1b7dde1.sol:3015:9: GC: String exceeds 32 bytes [Warning/gas-small-strings]
/sb/0x008c69e0c66ebd4b228d27f2162ad54ab1b7dde1.sol:3015:9: GC: Use Custom Errors instead of require statements [Warning/gas-custom-errors]
/sb/0x008c69e0c66ebd4b228d27f2162ad54ab1b7dde1.sol:3017:9: Error message for require is too long: 33 counted / 32 allowed [Warning/reason-string]
/sb/0x008c69e0c66ebd4b228d27f2162ad54ab1b7dde1.sol:3017:9: GC: String exceeds 32 bytes [Warning/gas-small-strings]
/sb/0x008c69e0c66ebd4b228d27f2162ad54ab1b7dde1.sol:3017:9: GC: Use Custom Errors instead of require statements [Warning/gas-custom-errors]
/sb/0x008c69e0c66ebd4b228d27f2162ad54ab1b7dde1.sol:3019:9: GC: Use Custom Errors instead of require statements [Warning/gas-custom-errors]
/sb/0x008c69e0c66ebd4b228d27f2162ad54ab1b7dde1.sol:3019:17: GC: Non strict inequality found. Try converting to a strict one [Warning/gas-strict-inequalities]
/sb/0x008c69e0c66ebd4b228d27f2162ad54ab1b7dde1.sol:3021:9: GC: Use Custom Errors instead of require statements [Warning/gas-custom-errors]
/sb/0x008c69e0c66ebd4b228d27f2162ad54ab1b7dde1.sol:3021:17: GC: Non strict inequality found. Try converting to a strict one [Warning/gas-strict-inequalities]
/sb/0x008c69e0c66ebd4b228d27f2162ad54ab1b7dde1.sol:3023:9: GC: Use Custom Errors instead of require statements [Warning/gas-custom-errors]
/sb/0x008c69e0c66ebd4b228d27f2162ad54ab1b7dde1.sol:3023:17: GC: Non strict inequality found. Try converting to a strict one [Warning/gas-strict-inequalities]
/sb/0x008c69e0c66ebd4b228d27f2162ad54ab1b7dde1.sol:3035:5: Missing @notice tag in function 'mintGoldNormalOwner' [Warning/use-natspec]
/sb/0x008c69e0c66ebd4b228d27f2162ad54ab1b7dde1.sol:3035:5: Missing @param tag in function 'mintGoldNormalOwner' [Warning/use-natspec]
/sb/0x008c69e0c66ebd4b228d27f2162ad54ab1b7dde1.sol:3035:5: Mismatch in @param names for function 'mintGoldNormalOwner'. Expected: [wallet, quantity, _paymentId], Found: [] [Warning/use-natspec]
/sb/0x008c69e0c66ebd4b228d27f2162ad54ab1b7dde1.sol:3037:9: GC: Use Custom Errors instead of require statements [Warning/gas-custom-errors]
/sb/0x008c69e0c66ebd4b228d27f2162ad54ab1b7dde1.sol:3039:9: Error message for require is too long: 33 counted / 32 allowed [Warning/reason-string]
/sb/0x008c69e0c66ebd4b228d27f2162ad54ab1b7dde1.sol:3039:9: GC: String exceeds 32 bytes [Warning/gas-small-strings]
/sb/0x008c69e0c66ebd4b228d27f2162ad54ab1b7dde1.sol:3039:9: GC: Use Custom Errors instead of require statements [Warning/gas-custom-errors]
/sb/0x008c69e0c66ebd4b228d27f2162ad54ab1b7dde1.sol:3041:9: GC: Use Custom Errors instead of require statements [Warning/gas-custom-errors]
/sb/0x008c69e0c66ebd4b228d27f2162ad54ab1b7dde1.sol:3041:17: GC: Non strict inequality found. Try converting to a strict one [Warning/gas-strict-inequalities]
/sb/0x008c69e0c66ebd4b228d27f2162ad54ab1b7dde1.sol:3043:9: GC: Use Custom Errors instead of require statements [Warning/gas-custom-errors]
/sb/0x008c69e0c66ebd4b228d27f2162ad54ab1b7dde1.sol:3043:17: GC: Non strict inequality found. Try converting to a strict one [Warning/gas-strict-inequalities]
/sb/0x008c69e0c66ebd4b228d27f2162ad54ab1b7dde1.sol:3045:9: GC: Use Custom Errors instead of require statements [Warning/gas-custom-errors]
/sb/0x008c69e0c66ebd4b228d27f2162ad54ab1b7dde1.sol:3057:5: Missing @notice tag in function 'checkTokenExists' [Warning/use-natspec]
/sb/0x008c69e0c66ebd4b228d27f2162ad54ab1b7dde1.sol:3057:5: Missing @param tag in function 'checkTokenExists' [Warning/use-natspec]
/sb/0x008c69e0c66ebd4b228d27f2162ad54ab1b7dde1.sol:3057:5: Mismatch in @param names for function 'checkTokenExists'. Expected: [tokenId], Found: [] [Warning/use-natspec]
/sb/0x008c69e0c66ebd4b228d27f2162ad54ab1b7dde1.sol:3057:5: Missing @return tag in function 'checkTokenExists' [Warning/use-natspec]
/sb/0x008c69e0c66ebd4b228d27f2162ad54ab1b7dde1.sol:3057:5: Mismatch in @return count for function 'checkTokenExists'. Expected: 1, Found: 0 [Warning/use-natspec]
/sb/0x008c69e0c66ebd4b228d27f2162ad54ab1b7dde1.sol:3061:9: Error message for require is too long: 47 counted / 32 allowed [Warning/reason-string]
/sb/0x008c69e0c66ebd4b228d27f2162ad54ab1b7dde1.sol:3061:9: GC: String exceeds 32 bytes [Warning/gas-small-strings]
/sb/0x008c69e0c66ebd4b228d27f2162ad54ab1b7dde1.sol:3061:9: GC: Use Custom Errors instead of require statements [Warning/gas-custom-errors]
/sb/0x008c69e0c66ebd4b228d27f2162ad54ab1b7dde1.sol:3067:5: Missing @notice tag in function 'totalSupply' [Warning/use-natspec]
/sb/0x008c69e0c66ebd4b228d27f2162ad54ab1b7dde1.sol:3067:5: Missing @return tag in function 'totalSupply' [Warning/use-natspec]
/sb/0x008c69e0c66ebd4b228d27f2162ad54ab1b7dde1.sol:3067:5: Mismatch in @return count for function 'totalSupply'. Expected: 1, Found: 0 [Warning/use-natspec]

740 problem/s (1 error/s, 739 warning/s)
