A new version of Solhint is available: 6.0.1
Please consider updating your Solhint package.
/sb/0x0cbe2df57ca9191b64a7af3baa3f946fa7df2f25.sol:9:1: Found more than One contract per file. 18 contracts found! [Warning/one-contract-per-file]
/sb/0x0cbe2df57ca9191b64a7af3baa3f946fa7df2f25.sol:9:1: Compiler version ^0.4.24 does not satisfy the ^0.8.24 semver requirement [Error/compiler-version]
/sb/0x0cbe2df57ca9191b64a7af3baa3f946fa7df2f25.sol:15:1: Missing @author tag in contract 'SafeMath' [Warning/use-natspec]
/sb/0x0cbe2df57ca9191b64a7af3baa3f946fa7df2f25.sol:15:1: Missing @notice tag in contract 'SafeMath' [Warning/use-natspec]
/sb/0x0cbe2df57ca9191b64a7af3baa3f946fa7df2f25.sol:20:3: Missing @notice tag in function 'mul' [Warning/use-natspec]
/sb/0x0cbe2df57ca9191b64a7af3baa3f946fa7df2f25.sol:20:3: Missing @param tag in function 'mul' [Warning/use-natspec]
/sb/0x0cbe2df57ca9191b64a7af3baa3f946fa7df2f25.sol:20:3: Mismatch in @param names for function 'mul'. Expected: [a, b], Found: [] [Warning/use-natspec]
/sb/0x0cbe2df57ca9191b64a7af3baa3f946fa7df2f25.sol:20:3: Missing @return tag in function 'mul' [Warning/use-natspec]
/sb/0x0cbe2df57ca9191b64a7af3baa3f946fa7df2f25.sol:20:3: Mismatch in @return count for function 'mul'. Expected: 1, Found: 0 [Warning/use-natspec]
/sb/0x0cbe2df57ca9191b64a7af3baa3f946fa7df2f25.sol:29:5: Provide an error message for require [Warning/reason-string]
/sb/0x0cbe2df57ca9191b64a7af3baa3f946fa7df2f25.sol:37:3: Missing @notice tag in function 'div' [Warning/use-natspec]
/sb/0x0cbe2df57ca9191b64a7af3baa3f946fa7df2f25.sol:37:3: Missing @param tag in function 'div' [Warning/use-natspec]
/sb/0x0cbe2df57ca9191b64a7af3baa3f946fa7df2f25.sol:37:3: Mismatch in @param names for function 'div'. Expected: [a, b], Found: [] [Warning/use-natspec]
/sb/0x0cbe2df57ca9191b64a7af3baa3f946fa7df2f25.sol:37:3: Missing @return tag in function 'div' [Warning/use-natspec]
/sb/0x0cbe2df57ca9191b64a7af3baa3f946fa7df2f25.sol:37:3: Mismatch in @return count for function 'div'. Expected: 1, Found: 0 [Warning/use-natspec]
/sb/0x0cbe2df57ca9191b64a7af3baa3f946fa7df2f25.sol:38:5: Provide an error message for require [Warning/reason-string]
/sb/0x0cbe2df57ca9191b64a7af3baa3f946fa7df2f25.sol:48:3: Missing @notice tag in function 'sub' [Warning/use-natspec]
/sb/0x0cbe2df57ca9191b64a7af3baa3f946fa7df2f25.sol:48:3: Missing @param tag in function 'sub' [Warning/use-natspec]
/sb/0x0cbe2df57ca9191b64a7af3baa3f946fa7df2f25.sol:48:3: Mismatch in @param names for function 'sub'. Expected: [a, b], Found: [] [Warning/use-natspec]
/sb/0x0cbe2df57ca9191b64a7af3baa3f946fa7df2f25.sol:48:3: Missing @return tag in function 'sub' [Warning/use-natspec]
/sb/0x0cbe2df57ca9191b64a7af3baa3f946fa7df2f25.sol:48:3: Mismatch in @return count for function 'sub'. Expected: 1, Found: 0 [Warning/use-natspec]
/sb/0x0cbe2df57ca9191b64a7af3baa3f946fa7df2f25.sol:49:5: Provide an error message for require [Warning/reason-string]
/sb/0x0cbe2df57ca9191b64a7af3baa3f946fa7df2f25.sol:49:13: GC: Non strict inequality found. Try converting to a strict one [Warning/gas-strict-inequalities]
/sb/0x0cbe2df57ca9191b64a7af3baa3f946fa7df2f25.sol:58:3: Missing @notice tag in function 'add' [Warning/use-natspec]
/sb/0x0cbe2df57ca9191b64a7af3baa3f946fa7df2f25.sol:58:3: Missing @param tag in function 'add' [Warning/use-natspec]
/sb/0x0cbe2df57ca9191b64a7af3baa3f946fa7df2f25.sol:58:3: Mismatch in @param names for function 'add'. Expected: [a, b], Found: [] [Warning/use-natspec]
/sb/0x0cbe2df57ca9191b64a7af3baa3f946fa7df2f25.sol:58:3: Missing @return tag in function 'add' [Warning/use-natspec]
/sb/0x0cbe2df57ca9191b64a7af3baa3f946fa7df2f25.sol:58:3: Mismatch in @return count for function 'add'. Expected: 1, Found: 0 [Warning/use-natspec]
/sb/0x0cbe2df57ca9191b64a7af3baa3f946fa7df2f25.sol:60:5: Provide an error message for require [Warning/reason-string]
/sb/0x0cbe2df57ca9191b64a7af3baa3f946fa7df2f25.sol:60:13: GC: Non strict inequality found. Try converting to a strict one [Warning/gas-strict-inequalities]
/sb/0x0cbe2df57ca9191b64a7af3baa3f946fa7df2f25.sol:69:3: Missing @notice tag in function 'mod' [Warning/use-natspec]
/sb/0x0cbe2df57ca9191b64a7af3baa3f946fa7df2f25.sol:69:3: Missing @param tag in function 'mod' [Warning/use-natspec]
/sb/0x0cbe2df57ca9191b64a7af3baa3f946fa7df2f25.sol:69:3: Mismatch in @param names for function 'mod'. Expected: [a, b], Found: [] [Warning/use-natspec]
/sb/0x0cbe2df57ca9191b64a7af3baa3f946fa7df2f25.sol:69:3: Missing @return tag in function 'mod' [Warning/use-natspec]
/sb/0x0cbe2df57ca9191b64a7af3baa3f946fa7df2f25.sol:69:3: Mismatch in @return count for function 'mod'. Expected: 1, Found: 0 [Warning/use-natspec]
/sb/0x0cbe2df57ca9191b64a7af3baa3f946fa7df2f25.sol:70:5: Provide an error message for require [Warning/reason-string]
/sb/0x0cbe2df57ca9191b64a7af3baa3f946fa7df2f25.sol:109:1: Missing @author tag in contract 'SafeDecimalMath' [Warning/use-natspec]
/sb/0x0cbe2df57ca9191b64a7af3baa3f946fa7df2f25.sol:109:1: Missing @notice tag in contract 'SafeDecimalMath' [Warning/use-natspec]
/sb/0x0cbe2df57ca9191b64a7af3baa3f946fa7df2f25.sol:114:5: Missing @notice tag in variable 'decimals' [Warning/use-natspec]
/sb/0x0cbe2df57ca9191b64a7af3baa3f946fa7df2f25.sol:114:5: Constant name must be in capitalized SNAKE_CASE [Warning/const-name-snakecase]
/sb/0x0cbe2df57ca9191b64a7af3baa3f946fa7df2f25.sol:115:5: Missing @notice tag in variable 'highPrecisionDecimals' [Warning/use-natspec]
/sb/0x0cbe2df57ca9191b64a7af3baa3f946fa7df2f25.sol:115:5: Constant name must be in capitalized SNAKE_CASE [Warning/const-name-snakecase]
/sb/0x0cbe2df57ca9191b64a7af3baa3f946fa7df2f25.sol:118:5: Rule is set with explicit type [var/s: uint] [Warning/explicit-types]
/sb/0x0cbe2df57ca9191b64a7af3baa3f946fa7df2f25.sol:118:5: Rule is set with explicit type [var/s: uint] [Warning/explicit-types]
/sb/0x0cbe2df57ca9191b64a7af3baa3f946fa7df2f25.sol:118:5: Missing @notice tag in variable 'UNIT' [Warning/use-natspec]
/sb/0x0cbe2df57ca9191b64a7af3baa3f946fa7df2f25.sol:121:5: Rule is set with explicit type [var/s: uint] [Warning/explicit-types]
/sb/0x0cbe2df57ca9191b64a7af3baa3f946fa7df2f25.sol:121:5: Rule is set with explicit type [var/s: uint] [Warning/explicit-types]
/sb/0x0cbe2df57ca9191b64a7af3baa3f946fa7df2f25.sol:121:5: Missing @notice tag in variable 'PRECISE_UNIT' [Warning/use-natspec]
/sb/0x0cbe2df57ca9191b64a7af3baa3f946fa7df2f25.sol:122:5: Rule is set with explicit type [var/s: uint] [Warning/explicit-types]
/sb/0x0cbe2df57ca9191b64a7af3baa3f946fa7df2f25.sol:122:5: Rule is set with explicit type [var/s: uint] [Warning/explicit-types]
/sb/0x0cbe2df57ca9191b64a7af3baa3f946fa7df2f25.sol:127:5: Missing @notice tag in function 'unit' [Warning/use-natspec]
/sb/0x0cbe2df57ca9191b64a7af3baa3f946fa7df2f25.sol:130:18: Rule is set with explicit type [var/s: uint] [Warning/explicit-types]
/sb/0x0cbe2df57ca9191b64a7af3baa3f946fa7df2f25.sol:138:5: Missing @notice tag in function 'preciseUnit' [Warning/use-natspec]
/sb/0x0cbe2df57ca9191b64a7af3baa3f946fa7df2f25.sol:141:18: Rule is set with explicit type [var/s: uint] [Warning/explicit-types]
/sb/0x0cbe2df57ca9191b64a7af3baa3f946fa7df2f25.sol:155:5: Missing @notice tag in function 'multiplyDecimal' [Warning/use-natspec]
/sb/0x0cbe2df57ca9191b64a7af3baa3f946fa7df2f25.sol:155:5: Missing @param tag in function 'multiplyDecimal' [Warning/use-natspec]
/sb/0x0cbe2df57ca9191b64a7af3baa3f946fa7df2f25.sol:155:5: Mismatch in @param names for function 'multiplyDecimal'. Expected: [x, y], Found: [] [Warning/use-natspec]
/sb/0x0cbe2df57ca9191b64a7af3baa3f946fa7df2f25.sol:155:30: Rule is set with explicit type [var/s: uint] [Warning/explicit-types]
/sb/0x0cbe2df57ca9191b64a7af3baa3f946fa7df2f25.sol:155:38: Rule is set with explicit type [var/s: uint] [Warning/explicit-types]
/sb/0x0cbe2df57ca9191b64a7af3baa3f946fa7df2f25.sol:158:18: Rule is set with explicit type [var/s: uint] [Warning/explicit-types]
/sb/0x0cbe2df57ca9191b64a7af3baa3f946fa7df2f25.sol:176:5: Missing @notice tag in function '_multiplyDecimalRound' [Warning/use-natspec]
/sb/0x0cbe2df57ca9191b64a7af3baa3f946fa7df2f25.sol:176:5: Missing @param tag in function '_multiplyDecimalRound' [Warning/use-natspec]
/sb/0x0cbe2df57ca9191b64a7af3baa3f946fa7df2f25.sol:176:5: Mismatch in @param names for function '_multiplyDecimalRound'. Expected: [x, y, precisionUnit], Found: [] [Warning/use-natspec]
/sb/0x0cbe2df57ca9191b64a7af3baa3f946fa7df2f25.sol:176:36: Rule is set with explicit type [var/s: uint] [Warning/explicit-types]
/sb/0x0cbe2df57ca9191b64a7af3baa3f946fa7df2f25.sol:176:44: Rule is set with explicit type [var/s: uint] [Warning/explicit-types]
/sb/0x0cbe2df57ca9191b64a7af3baa3f946fa7df2f25.sol:176:52: Rule is set with explicit type [var/s: uint] [Warning/explicit-types]
/sb/0x0cbe2df57ca9191b64a7af3baa3f946fa7df2f25.sol:179:18: Rule is set with explicit type [var/s: uint] [Warning/explicit-types]
/sb/0x0cbe2df57ca9191b64a7af3baa3f946fa7df2f25.sol:182:9: Rule is set with explicit type [var/s: uint] [Warning/explicit-types]
/sb/0x0cbe2df57ca9191b64a7af3baa3f946fa7df2f25.sol:184:13: GC: Non strict inequality found. Try converting to a strict one [Warning/gas-strict-inequalities]
/sb/0x0cbe2df57ca9191b64a7af3baa3f946fa7df2f25.sol:203:5: Missing @notice tag in function 'multiplyDecimalRoundPrecise' [Warning/use-natspec]
/sb/0x0cbe2df57ca9191b64a7af3baa3f946fa7df2f25.sol:203:5: Missing @param tag in function 'multiplyDecimalRoundPrecise' [Warning/use-natspec]
/sb/0x0cbe2df57ca9191b64a7af3baa3f946fa7df2f25.sol:203:5: Mismatch in @param names for function 'multiplyDecimalRoundPrecise'. Expected: [x, y], Found: [] [Warning/use-natspec]
/sb/0x0cbe2df57ca9191b64a7af3baa3f946fa7df2f25.sol:203:42: Rule is set with explicit type [var/s: uint] [Warning/explicit-types]
/sb/0x0cbe2df57ca9191b64a7af3baa3f946fa7df2f25.sol:203:50: Rule is set with explicit type [var/s: uint] [Warning/explicit-types]
/sb/0x0cbe2df57ca9191b64a7af3baa3f946fa7df2f25.sol:206:18: Rule is set with explicit type [var/s: uint] [Warning/explicit-types]
/sb/0x0cbe2df57ca9191b64a7af3baa3f946fa7df2f25.sol:223:5: Missing @notice tag in function 'multiplyDecimalRound' [Warning/use-natspec]
/sb/0x0cbe2df57ca9191b64a7af3baa3f946fa7df2f25.sol:223:5: Missing @param tag in function 'multiplyDecimalRound' [Warning/use-natspec]
/sb/0x0cbe2df57ca9191b64a7af3baa3f946fa7df2f25.sol:223:5: Mismatch in @param names for function 'multiplyDecimalRound'. Expected: [x, y], Found: [] [Warning/use-natspec]
/sb/0x0cbe2df57ca9191b64a7af3baa3f946fa7df2f25.sol:223:35: Rule is set with explicit type [var/s: uint] [Warning/explicit-types]
/sb/0x0cbe2df57ca9191b64a7af3baa3f946fa7df2f25.sol:223:43: Rule is set with explicit type [var/s: uint] [Warning/explicit-types]
/sb/0x0cbe2df57ca9191b64a7af3baa3f946fa7df2f25.sol:226:18: Rule is set with explicit type [var/s: uint] [Warning/explicit-types]
/sb/0x0cbe2df57ca9191b64a7af3baa3f946fa7df2f25.sol:240:5: Missing @notice tag in function 'divideDecimal' [Warning/use-natspec]
/sb/0x0cbe2df57ca9191b64a7af3baa3f946fa7df2f25.sol:240:5: Missing @param tag in function 'divideDecimal' [Warning/use-natspec]
/sb/0x0cbe2df57ca9191b64a7af3baa3f946fa7df2f25.sol:240:5: Mismatch in @param names for function 'divideDecimal'. Expected: [x, y], Found: [] [Warning/use-natspec]
/sb/0x0cbe2df57ca9191b64a7af3baa3f946fa7df2f25.sol:240:28: Rule is set with explicit type [var/s: uint] [Warning/explicit-types]
/sb/0x0cbe2df57ca9191b64a7af3baa3f946fa7df2f25.sol:240:36: Rule is set with explicit type [var/s: uint] [Warning/explicit-types]
/sb/0x0cbe2df57ca9191b64a7af3baa3f946fa7df2f25.sol:243:18: Rule is set with explicit type [var/s: uint] [Warning/explicit-types]
/sb/0x0cbe2df57ca9191b64a7af3baa3f946fa7df2f25.sol:257:5: Missing @notice tag in function '_divideDecimalRound' [Warning/use-natspec]
/sb/0x0cbe2df57ca9191b64a7af3baa3f946fa7df2f25.sol:257:5: Missing @param tag in function '_divideDecimalRound' [Warning/use-natspec]
/sb/0x0cbe2df57ca9191b64a7af3baa3f946fa7df2f25.sol:257:5: Mismatch in @param names for function '_divideDecimalRound'. Expected: [x, y, precisionUnit], Found: [] [Warning/use-natspec]
/sb/0x0cbe2df57ca9191b64a7af3baa3f946fa7df2f25.sol:257:34: Rule is set with explicit type [var/s: uint] [Warning/explicit-types]
/sb/0x0cbe2df57ca9191b64a7af3baa3f946fa7df2f25.sol:257:42: Rule is set with explicit type [var/s: uint] [Warning/explicit-types]
/sb/0x0cbe2df57ca9191b64a7af3baa3f946fa7df2f25.sol:257:50: Rule is set with explicit type [var/s: uint] [Warning/explicit-types]
/sb/0x0cbe2df57ca9191b64a7af3baa3f946fa7df2f25.sol:260:18: Rule is set with explicit type [var/s: uint] [Warning/explicit-types]
/sb/0x0cbe2df57ca9191b64a7af3baa3f946fa7df2f25.sol:262:9: Rule is set with explicit type [var/s: uint] [Warning/explicit-types]
/sb/0x0cbe2df57ca9191b64a7af3baa3f946fa7df2f25.sol:264:13: GC: Non strict inequality found. Try converting to a strict one [Warning/gas-strict-inequalities]
/sb/0x0cbe2df57ca9191b64a7af3baa3f946fa7df2f25.sol:279:5: Missing @notice tag in function 'divideDecimalRound' [Warning/use-natspec]
/sb/0x0cbe2df57ca9191b64a7af3baa3f946fa7df2f25.sol:279:5: Missing @param tag in function 'divideDecimalRound' [Warning/use-natspec]
/sb/0x0cbe2df57ca9191b64a7af3baa3f946fa7df2f25.sol:279:5: Mismatch in @param names for function 'divideDecimalRound'. Expected: [x, y], Found: [] [Warning/use-natspec]
/sb/0x0cbe2df57ca9191b64a7af3baa3f946fa7df2f25.sol:279:33: Rule is set with explicit type [var/s: uint] [Warning/explicit-types]
/sb/0x0cbe2df57ca9191b64a7af3baa3f946fa7df2f25.sol:279:41: Rule is set with explicit type [var/s: uint] [Warning/explicit-types]
/sb/0x0cbe2df57ca9191b64a7af3baa3f946fa7df2f25.sol:282:18: Rule is set with explicit type [var/s: uint] [Warning/explicit-types]
/sb/0x0cbe2df57ca9191b64a7af3baa3f946fa7df2f25.sol:295:5: Missing @notice tag in function 'divideDecimalRoundPrecise' [Warning/use-natspec]
/sb/0x0cbe2df57ca9191b64a7af3baa3f946fa7df2f25.sol:295:5: Missing @param tag in function 'divideDecimalRoundPrecise' [Warning/use-natspec]
/sb/0x0cbe2df57ca9191b64a7af3baa3f946fa7df2f25.sol:295:5: Mismatch in @param names for function 'divideDecimalRoundPrecise'. Expected: [x, y], Found: [] [Warning/use-natspec]
/sb/0x0cbe2df57ca9191b64a7af3baa3f946fa7df2f25.sol:295:40: Rule is set with explicit type [var/s: uint] [Warning/explicit-types]
/sb/0x0cbe2df57ca9191b64a7af3baa3f946fa7df2f25.sol:295:48: Rule is set with explicit type [var/s: uint] [Warning/explicit-types]
/sb/0x0cbe2df57ca9191b64a7af3baa3f946fa7df2f25.sol:298:18: Rule is set with explicit type [var/s: uint] [Warning/explicit-types]
/sb/0x0cbe2df57ca9191b64a7af3baa3f946fa7df2f25.sol:306:5: Missing @notice tag in function 'decimalToPreciseDecimal' [Warning/use-natspec]
/sb/0x0cbe2df57ca9191b64a7af3baa3f946fa7df2f25.sol:306:5: Missing @param tag in function 'decimalToPreciseDecimal' [Warning/use-natspec]
/sb/0x0cbe2df57ca9191b64a7af3baa3f946fa7df2f25.sol:306:5: Mismatch in @param names for function 'decimalToPreciseDecimal'. Expected: [i], Found: [] [Warning/use-natspec]
/sb/0x0cbe2df57ca9191b64a7af3baa3f946fa7df2f25.sol:306:5: Missing @return tag in function 'decimalToPreciseDecimal' [Warning/use-natspec]
/sb/0x0cbe2df57ca9191b64a7af3baa3f946fa7df2f25.sol:306:5: Mismatch in @return count for function 'decimalToPreciseDecimal'. Expected: 1, Found: 0 [Warning/use-natspec]
/sb/0x0cbe2df57ca9191b64a7af3baa3f946fa7df2f25.sol:306:38: Rule is set with explicit type [var/s: uint] [Warning/explicit-types]
/sb/0x0cbe2df57ca9191b64a7af3baa3f946fa7df2f25.sol:309:18: Rule is set with explicit type [var/s: uint] [Warning/explicit-types]
/sb/0x0cbe2df57ca9191b64a7af3baa3f946fa7df2f25.sol:317:5: Missing @notice tag in function 'preciseDecimalToDecimal' [Warning/use-natspec]
/sb/0x0cbe2df57ca9191b64a7af3baa3f946fa7df2f25.sol:317:5: Missing @param tag in function 'preciseDecimalToDecimal' [Warning/use-natspec]
/sb/0x0cbe2df57ca9191b64a7af3baa3f946fa7df2f25.sol:317:5: Mismatch in @param names for function 'preciseDecimalToDecimal'. Expected: [i], Found: [] [Warning/use-natspec]
/sb/0x0cbe2df57ca9191b64a7af3baa3f946fa7df2f25.sol:317:5: Missing @return tag in function 'preciseDecimalToDecimal' [Warning/use-natspec]
/sb/0x0cbe2df57ca9191b64a7af3baa3f946fa7df2f25.sol:317:5: Mismatch in @return count for function 'preciseDecimalToDecimal'. Expected: 1, Found: 0 [Warning/use-natspec]
/sb/0x0cbe2df57ca9191b64a7af3baa3f946fa7df2f25.sol:317:38: Rule is set with explicit type [var/s: uint] [Warning/explicit-types]
/sb/0x0cbe2df57ca9191b64a7af3baa3f946fa7df2f25.sol:320:18: Rule is set with explicit type [var/s: uint] [Warning/explicit-types]
/sb/0x0cbe2df57ca9191b64a7af3baa3f946fa7df2f25.sol:322:9: Rule is set with explicit type [var/s: uint] [Warning/explicit-types]
/sb/0x0cbe2df57ca9191b64a7af3baa3f946fa7df2f25.sol:324:13: GC: Non strict inequality found. Try converting to a strict one [Warning/gas-strict-inequalities]
/sb/0x0cbe2df57ca9191b64a7af3baa3f946fa7df2f25.sol:368:1: Missing @author tag in contract 'Owned' [Warning/use-natspec]
/sb/0x0cbe2df57ca9191b64a7af3baa3f946fa7df2f25.sol:369:5: Missing @notice tag in variable 'owner' [Warning/use-natspec]
/sb/0x0cbe2df57ca9191b64a7af3baa3f946fa7df2f25.sol:370:5: Missing @notice tag in variable 'nominatedOwner' [Warning/use-natspec]
/sb/0x0cbe2df57ca9191b64a7af3baa3f946fa7df2f25.sol:375:5: Missing @notice tag in function '<anonymous>' [Warning/use-natspec]
/sb/0x0cbe2df57ca9191b64a7af3baa3f946fa7df2f25.sol:375:5: Missing @param tag in function '<anonymous>' [Warning/use-natspec]
/sb/0x0cbe2df57ca9191b64a7af3baa3f946fa7df2f25.sol:375:5: Mismatch in @param names for function '<anonymous>'. Expected: [_owner], Found: [] [Warning/use-natspec]
/sb/0x0cbe2df57ca9191b64a7af3baa3f946fa7df2f25.sol:387:5: Missing @param tag in function 'nominateNewOwner' [Warning/use-natspec]
/sb/0x0cbe2df57ca9191b64a7af3baa3f946fa7df2f25.sol:387:5: Mismatch in @param names for function 'nominateNewOwner'. Expected: [_owner], Found: [] [Warning/use-natspec]
/sb/0x0cbe2df57ca9191b64a7af3baa3f946fa7df2f25.sol:401:9: Error message for require is too long: 53 counted / 32 allowed [Warning/reason-string]
/sb/0x0cbe2df57ca9191b64a7af3baa3f946fa7df2f25.sol:401:9: GC: String exceeds 32 bytes [Warning/gas-small-strings]
/sb/0x0cbe2df57ca9191b64a7af3baa3f946fa7df2f25.sol:409:9: Error message for require is too long: 47 counted / 32 allowed [Warning/reason-string]
/sb/0x0cbe2df57ca9191b64a7af3baa3f946fa7df2f25.sol:409:9: GC: String exceeds 32 bytes [Warning/gas-small-strings]
/sb/0x0cbe2df57ca9191b64a7af3baa3f946fa7df2f25.sol:413:5: Missing @notice tag in event 'OwnerNominated' [Warning/use-natspec]
/sb/0x0cbe2df57ca9191b64a7af3baa3f946fa7df2f25.sol:413:5: Missing @param tag in event 'OwnerNominated' [Warning/use-natspec]
/sb/0x0cbe2df57ca9191b64a7af3baa3f946fa7df2f25.sol:413:5: Mismatch in @param names for event 'OwnerNominated'. Expected: [newOwner], Found: [] [Warning/use-natspec]
/sb/0x0cbe2df57ca9191b64a7af3baa3f946fa7df2f25.sol:413:5: GC: [newOwner] on Event [OwnerNominated] could be Indexed [Warning/gas-indexed-events]
/sb/0x0cbe2df57ca9191b64a7af3baa3f946fa7df2f25.sol:414:5: Missing @notice tag in event 'OwnerChanged' [Warning/use-natspec]
/sb/0x0cbe2df57ca9191b64a7af3baa3f946fa7df2f25.sol:414:5: Missing @param tag in event 'OwnerChanged' [Warning/use-natspec]
/sb/0x0cbe2df57ca9191b64a7af3baa3f946fa7df2f25.sol:414:5: Mismatch in @param names for event 'OwnerChanged'. Expected: [oldOwner, newOwner], Found: [] [Warning/use-natspec]
/sb/0x0cbe2df57ca9191b64a7af3baa3f946fa7df2f25.sol:414:5: GC: [oldOwner] on Event [OwnerChanged] could be Indexed [Warning/gas-indexed-events]
/sb/0x0cbe2df57ca9191b64a7af3baa3f946fa7df2f25.sol:414:5: GC: [newOwner] on Event [OwnerChanged] could be Indexed [Warning/gas-indexed-events]
/sb/0x0cbe2df57ca9191b64a7af3baa3f946fa7df2f25.sol:444:1: Missing @author tag in contract 'SelfDestructible' [Warning/use-natspec]
/sb/0x0cbe2df57ca9191b64a7af3baa3f946fa7df2f25.sol:444:1: Missing @notice tag in contract 'SelfDestructible' [Warning/use-natspec]
/sb/0x0cbe2df57ca9191b64a7af3baa3f946fa7df2f25.sol:446:5: Rule is set with explicit type [var/s: uint] [Warning/explicit-types]
/sb/0x0cbe2df57ca9191b64a7af3baa3f946fa7df2f25.sol:446:5: Missing @notice tag in variable 'initiationTime' [Warning/use-natspec]
/sb/0x0cbe2df57ca9191b64a7af3baa3f946fa7df2f25.sol:447:5: Missing @notice tag in variable 'selfDestructInitiated' [Warning/use-natspec]
/sb/0x0cbe2df57ca9191b64a7af3baa3f946fa7df2f25.sol:448:5: Missing @notice tag in variable 'selfDestructBeneficiary' [Warning/use-natspec]
/sb/0x0cbe2df57ca9191b64a7af3baa3f946fa7df2f25.sol:449:5: Rule is set with explicit type [var/s: uint] [Warning/explicit-types]
/sb/0x0cbe2df57ca9191b64a7af3baa3f946fa7df2f25.sol:449:5: Missing @notice tag in variable 'SELFDESTRUCT_DELAY' [Warning/use-natspec]
/sb/0x0cbe2df57ca9191b64a7af3baa3f946fa7df2f25.sol:455:5: Missing @notice tag in function '<anonymous>' [Warning/use-natspec]
/sb/0x0cbe2df57ca9191b64a7af3baa3f946fa7df2f25.sol:457:9: Visibility modifier must be first in list of modifiers [Warning/visibility-modifier-order]
/sb/0x0cbe2df57ca9191b64a7af3baa3f946fa7df2f25.sol:459:9: Error message for require is too long: 34 counted / 32 allowed [Warning/reason-string]
/sb/0x0cbe2df57ca9191b64a7af3baa3f946fa7df2f25.sol:459:9: GC: String exceeds 32 bytes [Warning/gas-small-strings]
/sb/0x0cbe2df57ca9191b64a7af3baa3f946fa7df2f25.sol:473:9: Error message for require is too long: 40 counted / 32 allowed [Warning/reason-string]
/sb/0x0cbe2df57ca9191b64a7af3baa3f946fa7df2f25.sol:473:9: GC: String exceeds 32 bytes [Warning/gas-small-strings]
/sb/0x0cbe2df57ca9191b64a7af3baa3f946fa7df2f25.sol:514:9: Error message for require is too long: 40 counted / 32 allowed [Warning/reason-string]
/sb/0x0cbe2df57ca9191b64a7af3baa3f946fa7df2f25.sol:514:9: GC: String exceeds 32 bytes [Warning/gas-small-strings]
/sb/0x0cbe2df57ca9191b64a7af3baa3f946fa7df2f25.sol:515:9: Error message for require is too long: 39 counted / 32 allowed [Warning/reason-string]
/sb/0x0cbe2df57ca9191b64a7af3baa3f946fa7df2f25.sol:515:9: GC: String exceeds 32 bytes [Warning/gas-small-strings]
/sb/0x0cbe2df57ca9191b64a7af3baa3f946fa7df2f25.sol:521:5: Missing @notice tag in event 'SelfDestructTerminated' [Warning/use-natspec]
/sb/0x0cbe2df57ca9191b64a7af3baa3f946fa7df2f25.sol:522:5: Missing @notice tag in event 'SelfDestructed' [Warning/use-natspec]
/sb/0x0cbe2df57ca9191b64a7af3baa3f946fa7df2f25.sol:522:5: Missing @param tag in event 'SelfDestructed' [Warning/use-natspec]
/sb/0x0cbe2df57ca9191b64a7af3baa3f946fa7df2f25.sol:522:5: Mismatch in @param names for event 'SelfDestructed'. Expected: [beneficiary], Found: [] [Warning/use-natspec]
/sb/0x0cbe2df57ca9191b64a7af3baa3f946fa7df2f25.sol:522:5: GC: [beneficiary] on Event [SelfDestructed] could be Indexed [Warning/gas-indexed-events]
/sb/0x0cbe2df57ca9191b64a7af3baa3f946fa7df2f25.sol:523:5: Missing @notice tag in event 'SelfDestructInitiated' [Warning/use-natspec]
/sb/0x0cbe2df57ca9191b64a7af3baa3f946fa7df2f25.sol:523:5: Missing @param tag in event 'SelfDestructInitiated' [Warning/use-natspec]
/sb/0x0cbe2df57ca9191b64a7af3baa3f946fa7df2f25.sol:523:5: Mismatch in @param names for event 'SelfDestructInitiated'. Expected: [selfDestructDelay], Found: [] [Warning/use-natspec]
/sb/0x0cbe2df57ca9191b64a7af3baa3f946fa7df2f25.sol:523:5: GC: [selfDestructDelay] on Event [SelfDestructInitiated] could be Indexed [Warning/gas-indexed-events]
/sb/0x0cbe2df57ca9191b64a7af3baa3f946fa7df2f25.sol:523:33: Rule is set with explicit type [var/s: uint] [Warning/explicit-types]
/sb/0x0cbe2df57ca9191b64a7af3baa3f946fa7df2f25.sol:524:5: Missing @notice tag in event 'SelfDestructBeneficiaryUpdated' [Warning/use-natspec]
/sb/0x0cbe2df57ca9191b64a7af3baa3f946fa7df2f25.sol:524:5: Missing @param tag in event 'SelfDestructBeneficiaryUpdated' [Warning/use-natspec]
/sb/0x0cbe2df57ca9191b64a7af3baa3f946fa7df2f25.sol:524:5: Mismatch in @param names for event 'SelfDestructBeneficiaryUpdated'. Expected: [newBeneficiary], Found: [] [Warning/use-natspec]
/sb/0x0cbe2df57ca9191b64a7af3baa3f946fa7df2f25.sol:524:5: GC: [newBeneficiary] on Event [SelfDestructBeneficiaryUpdated] could be Indexed [Warning/gas-indexed-events]
/sb/0x0cbe2df57ca9191b64a7af3baa3f946fa7df2f25.sol:561:1: Missing @title tag in contract 'State' [Warning/use-natspec]
/sb/0x0cbe2df57ca9191b64a7af3baa3f946fa7df2f25.sol:561:1: Missing @author tag in contract 'State' [Warning/use-natspec]
/sb/0x0cbe2df57ca9191b64a7af3baa3f946fa7df2f25.sol:561:1: Missing @notice tag in contract 'State' [Warning/use-natspec]
/sb/0x0cbe2df57ca9191b64a7af3baa3f946fa7df2f25.sol:564:5: Missing @notice tag in variable 'associatedContract' [Warning/use-natspec]
/sb/0x0cbe2df57ca9191b64a7af3baa3f946fa7df2f25.sol:567:5: Missing @notice tag in function '<anonymous>' [Warning/use-natspec]
/sb/0x0cbe2df57ca9191b64a7af3baa3f946fa7df2f25.sol:567:5: Missing @param tag in function '<anonymous>' [Warning/use-natspec]
/sb/0x0cbe2df57ca9191b64a7af3baa3f946fa7df2f25.sol:567:5: Mismatch in @param names for function '<anonymous>'. Expected: [_owner, _associatedContract], Found: [] [Warning/use-natspec]
/sb/0x0cbe2df57ca9191b64a7af3baa3f946fa7df2f25.sol:569:9: Visibility modifier must be first in list of modifiers [Warning/visibility-modifier-order]
/sb/0x0cbe2df57ca9191b64a7af3baa3f946fa7df2f25.sol:578:5: Missing @notice tag in function 'setAssociatedContract' [Warning/use-natspec]
/sb/0x0cbe2df57ca9191b64a7af3baa3f946fa7df2f25.sol:578:5: Missing @param tag in function 'setAssociatedContract' [Warning/use-natspec]
/sb/0x0cbe2df57ca9191b64a7af3baa3f946fa7df2f25.sol:578:5: Mismatch in @param names for function 'setAssociatedContract'. Expected: [_associatedContract], Found: [] [Warning/use-natspec]
/sb/0x0cbe2df57ca9191b64a7af3baa3f946fa7df2f25.sol:590:9: Error message for require is too long: 52 counted / 32 allowed [Warning/reason-string]
/sb/0x0cbe2df57ca9191b64a7af3baa3f946fa7df2f25.sol:590:9: GC: String exceeds 32 bytes [Warning/gas-small-strings]
/sb/0x0cbe2df57ca9191b64a7af3baa3f946fa7df2f25.sol:596:5: Missing @notice tag in event 'AssociatedContractUpdated' [Warning/use-natspec]
/sb/0x0cbe2df57ca9191b64a7af3baa3f946fa7df2f25.sol:596:5: Missing @param tag in event 'AssociatedContractUpdated' [Warning/use-natspec]
/sb/0x0cbe2df57ca9191b64a7af3baa3f946fa7df2f25.sol:596:5: Mismatch in @param names for event 'AssociatedContractUpdated'. Expected: [associatedContract], Found: [] [Warning/use-natspec]
/sb/0x0cbe2df57ca9191b64a7af3baa3f946fa7df2f25.sol:596:5: GC: [associatedContract] on Event [AssociatedContractUpdated] could be Indexed [Warning/gas-indexed-events]
/sb/0x0cbe2df57ca9191b64a7af3baa3f946fa7df2f25.sol:639:1: Missing @author tag in contract 'TokenState' [Warning/use-natspec]
/sb/0x0cbe2df57ca9191b64a7af3baa3f946fa7df2f25.sol:642:5: Rule is set with explicit type [var/s: uint] [Warning/explicit-types]
/sb/0x0cbe2df57ca9191b64a7af3baa3f946fa7df2f25.sol:642:5: Missing @notice tag in variable 'balanceOf' [Warning/use-natspec]
/sb/0x0cbe2df57ca9191b64a7af3baa3f946fa7df2f25.sol:643:5: Rule is set with explicit type [var/s: uint] [Warning/explicit-types]
/sb/0x0cbe2df57ca9191b64a7af3baa3f946fa7df2f25.sol:643:5: Missing @notice tag in variable 'allowance' [Warning/use-natspec]
/sb/0x0cbe2df57ca9191b64a7af3baa3f946fa7df2f25.sol:650:5: Missing @notice tag in function '<anonymous>' [Warning/use-natspec]
/sb/0x0cbe2df57ca9191b64a7af3baa3f946fa7df2f25.sol:652:9: Visibility modifier must be first in list of modifiers [Warning/visibility-modifier-order]
/sb/0x0cbe2df57ca9191b64a7af3baa3f946fa7df2f25.sol:665:64: Rule is set with explicit type [var/s: uint] [Warning/explicit-types]
/sb/0x0cbe2df57ca9191b64a7af3baa3f946fa7df2f25.sol:678:44: Rule is set with explicit type [var/s: uint] [Warning/explicit-types]
/sb/0x0cbe2df57ca9191b64a7af3baa3f946fa7df2f25.sol:719:1: Missing @title tag in contract 'Proxy' [Warning/use-natspec]
/sb/0x0cbe2df57ca9191b64a7af3baa3f946fa7df2f25.sol:719:1: Missing @author tag in contract 'Proxy' [Warning/use-natspec]
/sb/0x0cbe2df57ca9191b64a7af3baa3f946fa7df2f25.sol:719:1: Missing @notice tag in contract 'Proxy' [Warning/use-natspec]
/sb/0x0cbe2df57ca9191b64a7af3baa3f946fa7df2f25.sol:721:5: Missing @notice tag in variable 'target' [Warning/use-natspec]
/sb/0x0cbe2df57ca9191b64a7af3baa3f946fa7df2f25.sol:722:5: Missing @notice tag in variable 'useDELEGATECALL' [Warning/use-natspec]
/sb/0x0cbe2df57ca9191b64a7af3baa3f946fa7df2f25.sol:724:5: Missing @notice tag in function '<anonymous>' [Warning/use-natspec]
/sb/0x0cbe2df57ca9191b64a7af3baa3f946fa7df2f25.sol:724:5: Missing @param tag in function '<anonymous>' [Warning/use-natspec]
/sb/0x0cbe2df57ca9191b64a7af3baa3f946fa7df2f25.sol:724:5: Mismatch in @param names for function '<anonymous>'. Expected: [_owner], Found: [] [Warning/use-natspec]
/sb/0x0cbe2df57ca9191b64a7af3baa3f946fa7df2f25.sol:726:9: Visibility modifier must be first in list of modifiers [Warning/visibility-modifier-order]
/sb/0x0cbe2df57ca9191b64a7af3baa3f946fa7df2f25.sol:729:5: Missing @notice tag in function 'setTarget' [Warning/use-natspec]
/sb/0x0cbe2df57ca9191b64a7af3baa3f946fa7df2f25.sol:729:5: Missing @param tag in function 'setTarget' [Warning/use-natspec]
/sb/0x0cbe2df57ca9191b64a7af3baa3f946fa7df2f25.sol:729:5: Mismatch in @param names for function 'setTarget'. Expected: [_target], Found: [] [Warning/use-natspec]
/sb/0x0cbe2df57ca9191b64a7af3baa3f946fa7df2f25.sol:737:5: Missing @notice tag in function 'setUseDELEGATECALL' [Warning/use-natspec]
/sb/0x0cbe2df57ca9191b64a7af3baa3f946fa7df2f25.sol:737:5: Missing @param tag in function 'setUseDELEGATECALL' [Warning/use-natspec]
/sb/0x0cbe2df57ca9191b64a7af3baa3f946fa7df2f25.sol:737:5: Mismatch in @param names for function 'setUseDELEGATECALL'. Expected: [value], Found: [] [Warning/use-natspec]
/sb/0x0cbe2df57ca9191b64a7af3baa3f946fa7df2f25.sol:744:5: Missing @notice tag in function '_emit' [Warning/use-natspec]
/sb/0x0cbe2df57ca9191b64a7af3baa3f946fa7df2f25.sol:744:5: Missing @param tag in function '_emit' [Warning/use-natspec]
/sb/0x0cbe2df57ca9191b64a7af3baa3f946fa7df2f25.sol:744:5: Mismatch in @param names for function '_emit'. Expected: [callData, numTopics, topic1, topic2, topic3, topic4], Found: [] [Warning/use-natspec]
/sb/0x0cbe2df57ca9191b64a7af3baa3f946fa7df2f25.sol:744:36: Rule is set with explicit type [var/s: uint] [Warning/explicit-types]
/sb/0x0cbe2df57ca9191b64a7af3baa3f946fa7df2f25.sol:748:9: Rule is set with explicit type [var/s: uint] [Warning/explicit-types]
/sb/0x0cbe2df57ca9191b64a7af3baa3f946fa7df2f25.sol:751:9: Avoid to use inline assembly. It is acceptable only in rare cases [Warning/no-inline-assembly]
/sb/0x0cbe2df57ca9191b64a7af3baa3f946fa7df2f25.sol:776:5: Missing @notice tag in function '<anonymous>' [Warning/use-natspec]
/sb/0x0cbe2df57ca9191b64a7af3baa3f946fa7df2f25.sol:781:13: Avoid to use inline assembly. It is acceptable only in rare cases [Warning/no-inline-assembly]
/sb/0x0cbe2df57ca9191b64a7af3baa3f946fa7df2f25.sol:798:13: Avoid to use inline assembly. It is acceptable only in rare cases [Warning/no-inline-assembly]
/sb/0x0cbe2df57ca9191b64a7af3baa3f946fa7df2f25.sol:817:5: Missing @notice tag in event 'TargetUpdated' [Warning/use-natspec]
/sb/0x0cbe2df57ca9191b64a7af3baa3f946fa7df2f25.sol:817:5: Missing @param tag in event 'TargetUpdated' [Warning/use-natspec]
/sb/0x0cbe2df57ca9191b64a7af3baa3f946fa7df2f25.sol:817:5: Mismatch in @param names for event 'TargetUpdated'. Expected: [newTarget], Found: [] [Warning/use-natspec]
/sb/0x0cbe2df57ca9191b64a7af3baa3f946fa7df2f25.sol:848:1: Missing @title tag in contract 'Proxyable' [Warning/use-natspec]
/sb/0x0cbe2df57ca9191b64a7af3baa3f946fa7df2f25.sol:848:1: Missing @author tag in contract 'Proxyable' [Warning/use-natspec]
/sb/0x0cbe2df57ca9191b64a7af3baa3f946fa7df2f25.sol:848:1: Missing @notice tag in contract 'Proxyable' [Warning/use-natspec]
/sb/0x0cbe2df57ca9191b64a7af3baa3f946fa7df2f25.sol:850:5: Missing @notice tag in variable 'proxy' [Warning/use-natspec]
/sb/0x0cbe2df57ca9191b64a7af3baa3f946fa7df2f25.sol:855:5: Explicitly mark visibility of state [Warning/state-visibility]
/sb/0x0cbe2df57ca9191b64a7af3baa3f946fa7df2f25.sol:857:5: Missing @notice tag in function '<anonymous>' [Warning/use-natspec]
/sb/0x0cbe2df57ca9191b64a7af3baa3f946fa7df2f25.sol:857:5: Missing @param tag in function '<anonymous>' [Warning/use-natspec]
/sb/0x0cbe2df57ca9191b64a7af3baa3f946fa7df2f25.sol:857:5: Mismatch in @param names for function '<anonymous>'. Expected: [_proxy, _owner], Found: [] [Warning/use-natspec]
/sb/0x0cbe2df57ca9191b64a7af3baa3f946fa7df2f25.sol:859:9: Visibility modifier must be first in list of modifiers [Warning/visibility-modifier-order]
/sb/0x0cbe2df57ca9191b64a7af3baa3f946fa7df2f25.sol:865:5: Missing @notice tag in function 'setProxy' [Warning/use-natspec]
/sb/0x0cbe2df57ca9191b64a7af3baa3f946fa7df2f25.sol:865:5: Missing @param tag in function 'setProxy' [Warning/use-natspec]
/sb/0x0cbe2df57ca9191b64a7af3baa3f946fa7df2f25.sol:865:5: Mismatch in @param names for function 'setProxy'. Expected: [_proxy], Found: [] [Warning/use-natspec]
/sb/0x0cbe2df57ca9191b64a7af3baa3f946fa7df2f25.sol:873:5: Missing @notice tag in function 'setMessageSender' [Warning/use-natspec]
/sb/0x0cbe2df57ca9191b64a7af3baa3f946fa7df2f25.sol:873:5: Missing @param tag in function 'setMessageSender' [Warning/use-natspec]
/sb/0x0cbe2df57ca9191b64a7af3baa3f946fa7df2f25.sol:873:5: Mismatch in @param names for function 'setMessageSender'. Expected: [sender], Found: [] [Warning/use-natspec]
/sb/0x0cbe2df57ca9191b64a7af3baa3f946fa7df2f25.sol:881:9: Error message for require is too long: 37 counted / 32 allowed [Warning/reason-string]
/sb/0x0cbe2df57ca9191b64a7af3baa3f946fa7df2f25.sol:881:9: GC: String exceeds 32 bytes [Warning/gas-small-strings]
/sb/0x0cbe2df57ca9191b64a7af3baa3f946fa7df2f25.sol:898:9: Error message for require is too long: 46 counted / 32 allowed [Warning/reason-string]
/sb/0x0cbe2df57ca9191b64a7af3baa3f946fa7df2f25.sol:898:9: GC: String exceeds 32 bytes [Warning/gas-small-strings]
/sb/0x0cbe2df57ca9191b64a7af3baa3f946fa7df2f25.sol:902:5: Missing @notice tag in event 'ProxyUpdated' [Warning/use-natspec]
/sb/0x0cbe2df57ca9191b64a7af3baa3f946fa7df2f25.sol:902:5: Missing @param tag in event 'ProxyUpdated' [Warning/use-natspec]
/sb/0x0cbe2df57ca9191b64a7af3baa3f946fa7df2f25.sol:902:5: Mismatch in @param names for event 'ProxyUpdated'. Expected: [proxyAddress], Found: [] [Warning/use-natspec]
/sb/0x0cbe2df57ca9191b64a7af3baa3f946fa7df2f25.sol:902:5: GC: [proxyAddress] on Event [ProxyUpdated] could be Indexed [Warning/gas-indexed-events]
/sb/0x0cbe2df57ca9191b64a7af3baa3f946fa7df2f25.sol:929:1: Missing @title tag in contract 'ReentrancyPreventer' [Warning/use-natspec]
/sb/0x0cbe2df57ca9191b64a7af3baa3f946fa7df2f25.sol:929:1: Missing @author tag in contract 'ReentrancyPreventer' [Warning/use-natspec]
/sb/0x0cbe2df57ca9191b64a7af3baa3f946fa7df2f25.sol:929:1: Missing @notice tag in contract 'ReentrancyPreventer' [Warning/use-natspec]
/sb/0x0cbe2df57ca9191b64a7af3baa3f946fa7df2f25.sol:931:5: Explicitly mark visibility of state [Warning/state-visibility]
/sb/0x0cbe2df57ca9191b64a7af3baa3f946fa7df2f25.sol:967:1: Missing @title tag in contract 'TokenFallbackCaller' [Warning/use-natspec]
/sb/0x0cbe2df57ca9191b64a7af3baa3f946fa7df2f25.sol:967:1: Missing @author tag in contract 'TokenFallbackCaller' [Warning/use-natspec]
/sb/0x0cbe2df57ca9191b64a7af3baa3f946fa7df2f25.sol:967:1: Missing @notice tag in contract 'TokenFallbackCaller' [Warning/use-natspec]
/sb/0x0cbe2df57ca9191b64a7af3baa3f946fa7df2f25.sol:968:5: Missing @notice tag in function 'callTokenFallbackIfNeeded' [Warning/use-natspec]
/sb/0x0cbe2df57ca9191b64a7af3baa3f946fa7df2f25.sol:968:5: Missing @param tag in function 'callTokenFallbackIfNeeded' [Warning/use-natspec]
/sb/0x0cbe2df57ca9191b64a7af3baa3f946fa7df2f25.sol:968:5: Mismatch in @param names for function 'callTokenFallbackIfNeeded'. Expected: [sender, recipient, amount, data], Found: [] [Warning/use-natspec]
/sb/0x0cbe2df57ca9191b64a7af3baa3f946fa7df2f25.sol:968:75: Rule is set with explicit type [var/s: uint] [Warning/explicit-types]
/sb/0x0cbe2df57ca9191b64a7af3baa3f946fa7df2f25.sol:982:9: Rule is set with explicit type [var/s: uint] [Warning/explicit-types]
/sb/0x0cbe2df57ca9191b64a7af3baa3f946fa7df2f25.sol:985:9: Avoid to use inline assembly. It is acceptable only in rare cases [Warning/no-inline-assembly]
/sb/0x0cbe2df57ca9191b64a7af3baa3f946fa7df2f25.sol:996:13: Avoid to use low level calls. [Warning/avoid-low-level-calls]
/sb/0x0cbe2df57ca9191b64a7af3baa3f946fa7df2f25.sol:996:28: GC: String exceeds 32 bytes [Warning/gas-small-strings]
/sb/0x0cbe2df57ca9191b64a7af3baa3f946fa7df2f25.sol:1034:1: Missing @author tag in contract 'ExternStateToken' [Warning/use-natspec]
/sb/0x0cbe2df57ca9191b64a7af3baa3f946fa7df2f25.sol:1034:1: Missing @notice tag in contract 'ExternStateToken' [Warning/use-natspec]
/sb/0x0cbe2df57ca9191b64a7af3baa3f946fa7df2f25.sol:1042:5: Missing @notice tag in variable 'tokenState' [Warning/use-natspec]
/sb/0x0cbe2df57ca9191b64a7af3baa3f946fa7df2f25.sol:1045:5: Missing @notice tag in variable 'name' [Warning/use-natspec]
/sb/0x0cbe2df57ca9191b64a7af3baa3f946fa7df2f25.sol:1046:5: Missing @notice tag in variable 'symbol' [Warning/use-natspec]
/sb/0x0cbe2df57ca9191b64a7af3baa3f946fa7df2f25.sol:1047:5: Rule is set with explicit type [var/s: uint] [Warning/explicit-types]
/sb/0x0cbe2df57ca9191b64a7af3baa3f946fa7df2f25.sol:1047:5: Missing @notice tag in variable 'totalSupply' [Warning/use-natspec]
/sb/0x0cbe2df57ca9191b64a7af3baa3f946fa7df2f25.sol:1048:5: Missing @notice tag in variable 'decimals' [Warning/use-natspec]
/sb/0x0cbe2df57ca9191b64a7af3baa3f946fa7df2f25.sol:1059:5: Missing @notice tag in function '<anonymous>' [Warning/use-natspec]
/sb/0x0cbe2df57ca9191b64a7af3baa3f946fa7df2f25.sol:1059:5: Mismatch in @param names for function '<anonymous>'. Expected: [_proxy, _tokenState, _name, _symbol, _totalSupply, _decimals, _owner], Found: [_proxy, _name, _symbol, _totalSupply, _tokenState, _owner] [Warning/use-natspec]
/sb/0x0cbe2df57ca9191b64a7af3baa3f946fa7df2f25.sol:1060:47: Rule is set with explicit type [var/s: uint] [Warning/explicit-types]
/sb/0x0cbe2df57ca9191b64a7af3baa3f946fa7df2f25.sol:1064:9: Visibility modifier must be first in list of modifiers [Warning/visibility-modifier-order]
/sb/0x0cbe2df57ca9191b64a7af3baa3f946fa7df2f25.sol:1081:5: Missing @return tag in function 'allowance' [Warning/use-natspec]
/sb/0x0cbe2df57ca9191b64a7af3baa3f946fa7df2f25.sol:1081:5: Mismatch in @return count for function 'allowance'. Expected: 1, Found: 0 [Warning/use-natspec]
/sb/0x0cbe2df57ca9191b64a7af3baa3f946fa7df2f25.sol:1084:18: Rule is set with explicit type [var/s: uint] [Warning/explicit-types]
/sb/0x0cbe2df57ca9191b64a7af3baa3f946fa7df2f25.sol:1092:5: Missing @param tag in function 'balanceOf' [Warning/use-natspec]
/sb/0x0cbe2df57ca9191b64a7af3baa3f946fa7df2f25.sol:1092:5: Mismatch in @param names for function 'balanceOf'. Expected: [account], Found: [] [Warning/use-natspec]
/sb/0x0cbe2df57ca9191b64a7af3baa3f946fa7df2f25.sol:1092:5: Missing @return tag in function 'balanceOf' [Warning/use-natspec]
/sb/0x0cbe2df57ca9191b64a7af3baa3f946fa7df2f25.sol:1092:5: Mismatch in @return count for function 'balanceOf'. Expected: 1, Found: 0 [Warning/use-natspec]
/sb/0x0cbe2df57ca9191b64a7af3baa3f946fa7df2f25.sol:1095:18: Rule is set with explicit type [var/s: uint] [Warning/explicit-types]
/sb/0x0cbe2df57ca9191b64a7af3baa3f946fa7df2f25.sol:1107:5: Missing @param tag in function 'setTokenState' [Warning/use-natspec]
/sb/0x0cbe2df57ca9191b64a7af3baa3f946fa7df2f25.sol:1107:5: Mismatch in @param names for function 'setTokenState'. Expected: [_tokenState], Found: [] [Warning/use-natspec]
/sb/0x0cbe2df57ca9191b64a7af3baa3f946fa7df2f25.sol:1115:5: Missing @notice tag in function '_internalTransfer' [Warning/use-natspec]
/sb/0x0cbe2df57ca9191b64a7af3baa3f946fa7df2f25.sol:1115:5: Missing @param tag in function '_internalTransfer' [Warning/use-natspec]
/sb/0x0cbe2df57ca9191b64a7af3baa3f946fa7df2f25.sol:1115:5: Mismatch in @param names for function '_internalTransfer'. Expected: [from, to, value, data], Found: [] [Warning/use-natspec]
/sb/0x0cbe2df57ca9191b64a7af3baa3f946fa7df2f25.sol:1115:5: Missing @return tag in function '_internalTransfer' [Warning/use-natspec]
/sb/0x0cbe2df57ca9191b64a7af3baa3f946fa7df2f25.sol:1115:5: Mismatch in @return count for function '_internalTransfer'. Expected: 1, Found: 0 [Warning/use-natspec]
/sb/0x0cbe2df57ca9191b64a7af3baa3f946fa7df2f25.sol:1115:58: Rule is set with explicit type [var/s: uint] [Warning/explicit-types]
/sb/0x0cbe2df57ca9191b64a7af3baa3f946fa7df2f25.sol:1121:9: Error message for require is too long: 42 counted / 32 allowed [Warning/reason-string]
/sb/0x0cbe2df57ca9191b64a7af3baa3f946fa7df2f25.sol:1121:9: GC: String exceeds 32 bytes [Warning/gas-small-strings]
/sb/0x0cbe2df57ca9191b64a7af3baa3f946fa7df2f25.sol:1122:9: Error message for require is too long: 37 counted / 32 allowed [Warning/reason-string]
/sb/0x0cbe2df57ca9191b64a7af3baa3f946fa7df2f25.sol:1122:9: GC: String exceeds 32 bytes [Warning/gas-small-strings]
/sb/0x0cbe2df57ca9191b64a7af3baa3f946fa7df2f25.sol:1143:5: Missing @notice tag in function '_transfer_byProxy' [Warning/use-natspec]
/sb/0x0cbe2df57ca9191b64a7af3baa3f946fa7df2f25.sol:1143:5: Missing @param tag in function '_transfer_byProxy' [Warning/use-natspec]
/sb/0x0cbe2df57ca9191b64a7af3baa3f946fa7df2f25.sol:1143:5: Mismatch in @param names for function '_transfer_byProxy'. Expected: [from, to, value, data], Found: [] [Warning/use-natspec]
/sb/0x0cbe2df57ca9191b64a7af3baa3f946fa7df2f25.sol:1143:5: Missing @return tag in function '_transfer_byProxy' [Warning/use-natspec]
/sb/0x0cbe2df57ca9191b64a7af3baa3f946fa7df2f25.sol:1143:5: Mismatch in @return count for function '_transfer_byProxy'. Expected: 1, Found: 0 [Warning/use-natspec]
/sb/0x0cbe2df57ca9191b64a7af3baa3f946fa7df2f25.sol:1143:5: Function name must be in mixedCase [Warning/func-name-mixedcase]
/sb/0x0cbe2df57ca9191b64a7af3baa3f946fa7df2f25.sol:1143:58: Rule is set with explicit type [var/s: uint] [Warning/explicit-types]
/sb/0x0cbe2df57ca9191b64a7af3baa3f946fa7df2f25.sol:1154:5: Missing @notice tag in function '_transferFrom_byProxy' [Warning/use-natspec]
/sb/0x0cbe2df57ca9191b64a7af3baa3f946fa7df2f25.sol:1154:5: Missing @param tag in function '_transferFrom_byProxy' [Warning/use-natspec]
/sb/0x0cbe2df57ca9191b64a7af3baa3f946fa7df2f25.sol:1154:5: Mismatch in @param names for function '_transferFrom_byProxy'. Expected: [sender, from, to, value, data], Found: [] [Warning/use-natspec]
/sb/0x0cbe2df57ca9191b64a7af3baa3f946fa7df2f25.sol:1154:5: Missing @return tag in function '_transferFrom_byProxy' [Warning/use-natspec]
/sb/0x0cbe2df57ca9191b64a7af3baa3f946fa7df2f25.sol:1154:5: Mismatch in @return count for function '_transferFrom_byProxy'. Expected: 1, Found: 0 [Warning/use-natspec]
/sb/0x0cbe2df57ca9191b64a7af3baa3f946fa7df2f25.sol:1154:5: Function name must be in mixedCase [Warning/func-name-mixedcase]
/sb/0x0cbe2df57ca9191b64a7af3baa3f946fa7df2f25.sol:1154:78: Rule is set with explicit type [var/s: uint] [Warning/explicit-types]
/sb/0x0cbe2df57ca9191b64a7af3baa3f946fa7df2f25.sol:1166:5: Missing @param tag in function 'approve' [Warning/use-natspec]
/sb/0x0cbe2df57ca9191b64a7af3baa3f946fa7df2f25.sol:1166:5: Mismatch in @param names for function 'approve'. Expected: [spender, value], Found: [] [Warning/use-natspec]
/sb/0x0cbe2df57ca9191b64a7af3baa3f946fa7df2f25.sol:1166:5: Missing @return tag in function 'approve' [Warning/use-natspec]
/sb/0x0cbe2df57ca9191b64a7af3baa3f946fa7df2f25.sol:1166:5: Mismatch in @return count for function 'approve'. Expected: 1, Found: 0 [Warning/use-natspec]
/sb/0x0cbe2df57ca9191b64a7af3baa3f946fa7df2f25.sol:1166:39: Rule is set with explicit type [var/s: uint] [Warning/explicit-types]
/sb/0x0cbe2df57ca9191b64a7af3baa3f946fa7df2f25.sol:1180:5: Missing @notice tag in event 'Transfer' [Warning/use-natspec]
/sb/0x0cbe2df57ca9191b64a7af3baa3f946fa7df2f25.sol:1180:5: Missing @param tag in event 'Transfer' [Warning/use-natspec]
/sb/0x0cbe2df57ca9191b64a7af3baa3f946fa7df2f25.sol:1180:5: Mismatch in @param names for event 'Transfer'. Expected: [from, to, value], Found: [] [Warning/use-natspec]
/sb/0x0cbe2df57ca9191b64a7af3baa3f946fa7df2f25.sol:1180:5: GC: [value] on Event [Transfer] could be Indexed [Warning/gas-indexed-events]
/sb/0x0cbe2df57ca9191b64a7af3baa3f946fa7df2f25.sol:1180:62: Rule is set with explicit type [var/s: uint] [Warning/explicit-types]
/sb/0x0cbe2df57ca9191b64a7af3baa3f946fa7df2f25.sol:1181:5: Explicitly mark visibility of state [Warning/state-visibility]
/sb/0x0cbe2df57ca9191b64a7af3baa3f946fa7df2f25.sol:1181:37: GC: String exceeds 32 bytes [Warning/gas-small-strings]
/sb/0x0cbe2df57ca9191b64a7af3baa3f946fa7df2f25.sol:1181:37: GC: String exceeds 32 bytes [Warning/gas-small-strings]
/sb/0x0cbe2df57ca9191b64a7af3baa3f946fa7df2f25.sol:1182:5: Missing @notice tag in function 'emitTransfer' [Warning/use-natspec]
/sb/0x0cbe2df57ca9191b64a7af3baa3f946fa7df2f25.sol:1182:5: Missing @param tag in function 'emitTransfer' [Warning/use-natspec]
/sb/0x0cbe2df57ca9191b64a7af3baa3f946fa7df2f25.sol:1182:5: Mismatch in @param names for function 'emitTransfer'. Expected: [from, to, value], Found: [] [Warning/use-natspec]
/sb/0x0cbe2df57ca9191b64a7af3baa3f946fa7df2f25.sol:1182:53: Rule is set with explicit type [var/s: uint] [Warning/explicit-types]
/sb/0x0cbe2df57ca9191b64a7af3baa3f946fa7df2f25.sol:1186:5: Missing @notice tag in event 'Approval' [Warning/use-natspec]
/sb/0x0cbe2df57ca9191b64a7af3baa3f946fa7df2f25.sol:1186:5: Missing @param tag in event 'Approval' [Warning/use-natspec]
/sb/0x0cbe2df57ca9191b64a7af3baa3f946fa7df2f25.sol:1186:5: Mismatch in @param names for event 'Approval'. Expected: [owner, spender, value], Found: [] [Warning/use-natspec]
/sb/0x0cbe2df57ca9191b64a7af3baa3f946fa7df2f25.sol:1186:5: GC: [value] on Event [Approval] could be Indexed [Warning/gas-indexed-events]
/sb/0x0cbe2df57ca9191b64a7af3baa3f946fa7df2f25.sol:1186:68: Rule is set with explicit type [var/s: uint] [Warning/explicit-types]
/sb/0x0cbe2df57ca9191b64a7af3baa3f946fa7df2f25.sol:1187:5: Explicitly mark visibility of state [Warning/state-visibility]
/sb/0x0cbe2df57ca9191b64a7af3baa3f946fa7df2f25.sol:1187:37: GC: String exceeds 32 bytes [Warning/gas-small-strings]
/sb/0x0cbe2df57ca9191b64a7af3baa3f946fa7df2f25.sol:1187:37: GC: String exceeds 32 bytes [Warning/gas-small-strings]
/sb/0x0cbe2df57ca9191b64a7af3baa3f946fa7df2f25.sol:1188:5: Missing @notice tag in function 'emitApproval' [Warning/use-natspec]
/sb/0x0cbe2df57ca9191b64a7af3baa3f946fa7df2f25.sol:1188:5: Missing @param tag in function 'emitApproval' [Warning/use-natspec]
/sb/0x0cbe2df57ca9191b64a7af3baa3f946fa7df2f25.sol:1188:5: Mismatch in @param names for function 'emitApproval'. Expected: [owner, spender, value], Found: [] [Warning/use-natspec]
/sb/0x0cbe2df57ca9191b64a7af3baa3f946fa7df2f25.sol:1188:59: Rule is set with explicit type [var/s: uint] [Warning/explicit-types]
/sb/0x0cbe2df57ca9191b64a7af3baa3f946fa7df2f25.sol:1192:5: Missing @notice tag in event 'TokenStateUpdated' [Warning/use-natspec]
/sb/0x0cbe2df57ca9191b64a7af3baa3f946fa7df2f25.sol:1192:5: Missing @param tag in event 'TokenStateUpdated' [Warning/use-natspec]
/sb/0x0cbe2df57ca9191b64a7af3baa3f946fa7df2f25.sol:1192:5: Mismatch in @param names for event 'TokenStateUpdated'. Expected: [newTokenState], Found: [] [Warning/use-natspec]
/sb/0x0cbe2df57ca9191b64a7af3baa3f946fa7df2f25.sol:1192:5: GC: [newTokenState] on Event [TokenStateUpdated] could be Indexed [Warning/gas-indexed-events]
/sb/0x0cbe2df57ca9191b64a7af3baa3f946fa7df2f25.sol:1193:5: Explicitly mark visibility of state [Warning/state-visibility]
/sb/0x0cbe2df57ca9191b64a7af3baa3f946fa7df2f25.sol:1194:5: Missing @notice tag in function 'emitTokenStateUpdated' [Warning/use-natspec]
/sb/0x0cbe2df57ca9191b64a7af3baa3f946fa7df2f25.sol:1194:5: Missing @param tag in function 'emitTokenStateUpdated' [Warning/use-natspec]
/sb/0x0cbe2df57ca9191b64a7af3baa3f946fa7df2f25.sol:1194:5: Mismatch in @param names for function 'emitTokenStateUpdated'. Expected: [newTokenState], Found: [] [Warning/use-natspec]
/sb/0x0cbe2df57ca9191b64a7af3baa3f946fa7df2f25.sol:1227:1: Missing @author tag in contract 'LimitedSetup' [Warning/use-natspec]
/sb/0x0cbe2df57ca9191b64a7af3baa3f946fa7df2f25.sol:1227:1: Missing @notice tag in contract 'LimitedSetup' [Warning/use-natspec]
/sb/0x0cbe2df57ca9191b64a7af3baa3f946fa7df2f25.sol:1229:5: Explicitly mark visibility of state [Warning/state-visibility]
/sb/0x0cbe2df57ca9191b64a7af3baa3f946fa7df2f25.sol:1229:5: Rule is set with explicit type [var/s: uint] [Warning/explicit-types]
/sb/0x0cbe2df57ca9191b64a7af3baa3f946fa7df2f25.sol:1235:5: Missing @notice tag in function '<anonymous>' [Warning/use-natspec]
/sb/0x0cbe2df57ca9191b64a7af3baa3f946fa7df2f25.sol:1235:17: Rule is set with explicit type [var/s: uint] [Warning/explicit-types]
/sb/0x0cbe2df57ca9191b64a7af3baa3f946fa7df2f25.sol:1243:9: Error message for require is too long: 41 counted / 32 allowed [Warning/reason-string]
/sb/0x0cbe2df57ca9191b64a7af3baa3f946fa7df2f25.sol:1243:9: GC: String exceeds 32 bytes [Warning/gas-small-strings]
/sb/0x0cbe2df57ca9191b64a7af3baa3f946fa7df2f25.sol:1286:1: Missing @author tag in contract 'SynthetixEscrow' [Warning/use-natspec]
/sb/0x0cbe2df57ca9191b64a7af3baa3f946fa7df2f25.sol:1286:1: Missing @notice tag in contract 'SynthetixEscrow' [Warning/use-natspec]
/sb/0x0cbe2df57ca9191b64a7af3baa3f946fa7df2f25.sol:1291:5: Missing @notice tag in variable 'synthetix' [Warning/use-natspec]
/sb/0x0cbe2df57ca9191b64a7af3baa3f946fa7df2f25.sol:1295:5: Rule is set with explicit type [var/s: uint] [Warning/explicit-types]
/sb/0x0cbe2df57ca9191b64a7af3baa3f946fa7df2f25.sol:1295:5: Missing @notice tag in variable 'vestingSchedules' [Warning/use-natspec]
/sb/0x0cbe2df57ca9191b64a7af3baa3f946fa7df2f25.sol:1298:5: Rule is set with explicit type [var/s: uint] [Warning/explicit-types]
/sb/0x0cbe2df57ca9191b64a7af3baa3f946fa7df2f25.sol:1298:5: Missing @notice tag in variable 'totalVestedAccountBalance' [Warning/use-natspec]
/sb/0x0cbe2df57ca9191b64a7af3baa3f946fa7df2f25.sol:1301:5: Rule is set with explicit type [var/s: uint] [Warning/explicit-types]
/sb/0x0cbe2df57ca9191b64a7af3baa3f946fa7df2f25.sol:1301:5: Missing @notice tag in variable 'totalVestedBalance' [Warning/use-natspec]
/sb/0x0cbe2df57ca9191b64a7af3baa3f946fa7df2f25.sol:1303:5: Explicitly mark visibility of state [Warning/state-visibility]
/sb/0x0cbe2df57ca9191b64a7af3baa3f946fa7df2f25.sol:1303:5: Rule is set with explicit type [var/s: uint] [Warning/explicit-types]
/sb/0x0cbe2df57ca9191b64a7af3baa3f946fa7df2f25.sol:1304:5: Explicitly mark visibility of state [Warning/state-visibility]
/sb/0x0cbe2df57ca9191b64a7af3baa3f946fa7df2f25.sol:1304:5: Rule is set with explicit type [var/s: uint] [Warning/explicit-types]
/sb/0x0cbe2df57ca9191b64a7af3baa3f946fa7df2f25.sol:1307:5: Explicitly mark visibility of state [Warning/state-visibility]
/sb/0x0cbe2df57ca9191b64a7af3baa3f946fa7df2f25.sol:1307:5: Rule is set with explicit type [var/s: uint] [Warning/explicit-types]
/sb/0x0cbe2df57ca9191b64a7af3baa3f946fa7df2f25.sol:1312:5: Missing @notice tag in function '<anonymous>' [Warning/use-natspec]
/sb/0x0cbe2df57ca9191b64a7af3baa3f946fa7df2f25.sol:1312:5: Missing @param tag in function '<anonymous>' [Warning/use-natspec]
/sb/0x0cbe2df57ca9191b64a7af3baa3f946fa7df2f25.sol:1312:5: Mismatch in @param names for function '<anonymous>'. Expected: [_owner, _synthetix], Found: [] [Warning/use-natspec]
/sb/0x0cbe2df57ca9191b64a7af3baa3f946fa7df2f25.sol:1314:9: Visibility modifier must be first in list of modifiers [Warning/visibility-modifier-order]
/sb/0x0cbe2df57ca9191b64a7af3baa3f946fa7df2f25.sol:1322:5: Missing @notice tag in function 'setSynthetix' [Warning/use-natspec]
/sb/0x0cbe2df57ca9191b64a7af3baa3f946fa7df2f25.sol:1322:5: Missing @param tag in function 'setSynthetix' [Warning/use-natspec]
/sb/0x0cbe2df57ca9191b64a7af3baa3f946fa7df2f25.sol:1322:5: Mismatch in @param names for function 'setSynthetix'. Expected: [_synthetix], Found: [] [Warning/use-natspec]
/sb/0x0cbe2df57ca9191b64a7af3baa3f946fa7df2f25.sol:1336:5: Missing @param tag in function 'balanceOf' [Warning/use-natspec]
/sb/0x0cbe2df57ca9191b64a7af3baa3f946fa7df2f25.sol:1336:5: Mismatch in @param names for function 'balanceOf'. Expected: [account], Found: [] [Warning/use-natspec]
/sb/0x0cbe2df57ca9191b64a7af3baa3f946fa7df2f25.sol:1336:5: Missing @return tag in function 'balanceOf' [Warning/use-natspec]
/sb/0x0cbe2df57ca9191b64a7af3baa3f946fa7df2f25.sol:1336:5: Mismatch in @return count for function 'balanceOf'. Expected: 1, Found: 0 [Warning/use-natspec]
/sb/0x0cbe2df57ca9191b64a7af3baa3f946fa7df2f25.sol:1339:18: Rule is set with explicit type [var/s: uint] [Warning/explicit-types]
/sb/0x0cbe2df57ca9191b64a7af3baa3f946fa7df2f25.sol:1347:5: Missing @param tag in function 'numVestingEntries' [Warning/use-natspec]
/sb/0x0cbe2df57ca9191b64a7af3baa3f946fa7df2f25.sol:1347:5: Mismatch in @param names for function 'numVestingEntries'. Expected: [account], Found: [] [Warning/use-natspec]
/sb/0x0cbe2df57ca9191b64a7af3baa3f946fa7df2f25.sol:1347:5: Missing @return tag in function 'numVestingEntries' [Warning/use-natspec]
/sb/0x0cbe2df57ca9191b64a7af3baa3f946fa7df2f25.sol:1347:5: Mismatch in @return count for function 'numVestingEntries'. Expected: 1, Found: 0 [Warning/use-natspec]
/sb/0x0cbe2df57ca9191b64a7af3baa3f946fa7df2f25.sol:1350:18: Rule is set with explicit type [var/s: uint] [Warning/explicit-types]
/sb/0x0cbe2df57ca9191b64a7af3baa3f946fa7df2f25.sol:1359:5: Missing @param tag in function 'getVestingScheduleEntry' [Warning/use-natspec]
/sb/0x0cbe2df57ca9191b64a7af3baa3f946fa7df2f25.sol:1359:5: Mismatch in @param names for function 'getVestingScheduleEntry'. Expected: [account, index], Found: [] [Warning/use-natspec]
/sb/0x0cbe2df57ca9191b64a7af3baa3f946fa7df2f25.sol:1359:55: Rule is set with explicit type [var/s: uint] [Warning/explicit-types]
/sb/0x0cbe2df57ca9191b64a7af3baa3f946fa7df2f25.sol:1362:18: Rule is set with explicit type [var/s: uint] [Warning/explicit-types]
/sb/0x0cbe2df57ca9191b64a7af3baa3f946fa7df2f25.sol:1370:5: Missing @param tag in function 'getVestingTime' [Warning/use-natspec]
/sb/0x0cbe2df57ca9191b64a7af3baa3f946fa7df2f25.sol:1370:5: Mismatch in @param names for function 'getVestingTime'. Expected: [account, index], Found: [] [Warning/use-natspec]
/sb/0x0cbe2df57ca9191b64a7af3baa3f946fa7df2f25.sol:1370:5: Missing @return tag in function 'getVestingTime' [Warning/use-natspec]
/sb/0x0cbe2df57ca9191b64a7af3baa3f946fa7df2f25.sol:1370:5: Mismatch in @return count for function 'getVestingTime'. Expected: 1, Found: 0 [Warning/use-natspec]
/sb/0x0cbe2df57ca9191b64a7af3baa3f946fa7df2f25.sol:1370:46: Rule is set with explicit type [var/s: uint] [Warning/explicit-types]
/sb/0x0cbe2df57ca9191b64a7af3baa3f946fa7df2f25.sol:1373:18: Rule is set with explicit type [var/s: uint] [Warning/explicit-types]
/sb/0x0cbe2df57ca9191b64a7af3baa3f946fa7df2f25.sol:1381:5: Missing @param tag in function 'getVestingQuantity' [Warning/use-natspec]
/sb/0x0cbe2df57ca9191b64a7af3baa3f946fa7df2f25.sol:1381:5: Mismatch in @param names for function 'getVestingQuantity'. Expected: [account, index], Found: [] [Warning/use-natspec]
/sb/0x0cbe2df57ca9191b64a7af3baa3f946fa7df2f25.sol:1381:5: Missing @return tag in function 'getVestingQuantity' [Warning/use-natspec]
/sb/0x0cbe2df57ca9191b64a7af3baa3f946fa7df2f25.sol:1381:5: Mismatch in @return count for function 'getVestingQuantity'. Expected: 1, Found: 0 [Warning/use-natspec]
/sb/0x0cbe2df57ca9191b64a7af3baa3f946fa7df2f25.sol:1381:50: Rule is set with explicit type [var/s: uint] [Warning/explicit-types]
/sb/0x0cbe2df57ca9191b64a7af3baa3f946fa7df2f25.sol:1384:18: Rule is set with explicit type [var/s: uint] [Warning/explicit-types]
/sb/0x0cbe2df57ca9191b64a7af3baa3f946fa7df2f25.sol:1392:5: Missing @param tag in function 'getNextVestingIndex' [Warning/use-natspec]
/sb/0x0cbe2df57ca9191b64a7af3baa3f946fa7df2f25.sol:1392:5: Mismatch in @param names for function 'getNextVestingIndex'. Expected: [account], Found: [] [Warning/use-natspec]
/sb/0x0cbe2df57ca9191b64a7af3baa3f946fa7df2f25.sol:1392:5: Missing @return tag in function 'getNextVestingIndex' [Warning/use-natspec]
/sb/0x0cbe2df57ca9191b64a7af3baa3f946fa7df2f25.sol:1392:5: Mismatch in @return count for function 'getNextVestingIndex'. Expected: 1, Found: 0 [Warning/use-natspec]
/sb/0x0cbe2df57ca9191b64a7af3baa3f946fa7df2f25.sol:1395:18: Rule is set with explicit type [var/s: uint] [Warning/explicit-types]
/sb/0x0cbe2df57ca9191b64a7af3baa3f946fa7df2f25.sol:1397:9: Rule is set with explicit type [var/s: uint] [Warning/explicit-types]
/sb/0x0cbe2df57ca9191b64a7af3baa3f946fa7df2f25.sol:1398:14: Rule is set with explicit type [var/s: uint] [Warning/explicit-types]
/sb/0x0cbe2df57ca9191b64a7af3baa3f946fa7df2f25.sol:1398:35: GC: For [ i ] variable, increment/decrement by 1 using: [ ++variable ] to save gas [Warning/gas-increment-by-one]
/sb/0x0cbe2df57ca9191b64a7af3baa3f946fa7df2f25.sol:1409:5: Missing @param tag in function 'getNextVestingEntry' [Warning/use-natspec]
/sb/0x0cbe2df57ca9191b64a7af3baa3f946fa7df2f25.sol:1409:5: Mismatch in @param names for function 'getNextVestingEntry'. Expected: [account], Found: [] [Warning/use-natspec]
/sb/0x0cbe2df57ca9191b64a7af3baa3f946fa7df2f25.sol:1412:18: Rule is set with explicit type [var/s: uint] [Warning/explicit-types]
/sb/0x0cbe2df57ca9191b64a7af3baa3f946fa7df2f25.sol:1414:9: Rule is set with explicit type [var/s: uint] [Warning/explicit-types]
/sb/0x0cbe2df57ca9191b64a7af3baa3f946fa7df2f25.sol:1424:5: Missing @param tag in function 'getNextVestingTime' [Warning/use-natspec]
/sb/0x0cbe2df57ca9191b64a7af3baa3f946fa7df2f25.sol:1424:5: Mismatch in @param names for function 'getNextVestingTime'. Expected: [account], Found: [] [Warning/use-natspec]
/sb/0x0cbe2df57ca9191b64a7af3baa3f946fa7df2f25.sol:1424:5: Missing @return tag in function 'getNextVestingTime' [Warning/use-natspec]
/sb/0x0cbe2df57ca9191b64a7af3baa3f946fa7df2f25.sol:1424:5: Mismatch in @return count for function 'getNextVestingTime'. Expected: 1, Found: 0 [Warning/use-natspec]
/sb/0x0cbe2df57ca9191b64a7af3baa3f946fa7df2f25.sol:1427:18: Rule is set with explicit type [var/s: uint] [Warning/explicit-types]
/sb/0x0cbe2df57ca9191b64a7af3baa3f946fa7df2f25.sol:1435:5: Missing @param tag in function 'getNextVestingQuantity' [Warning/use-natspec]
/sb/0x0cbe2df57ca9191b64a7af3baa3f946fa7df2f25.sol:1435:5: Mismatch in @param names for function 'getNextVestingQuantity'. Expected: [account], Found: [] [Warning/use-natspec]
/sb/0x0cbe2df57ca9191b64a7af3baa3f946fa7df2f25.sol:1435:5: Missing @return tag in function 'getNextVestingQuantity' [Warning/use-natspec]
/sb/0x0cbe2df57ca9191b64a7af3baa3f946fa7df2f25.sol:1435:5: Mismatch in @return count for function 'getNextVestingQuantity'. Expected: 1, Found: 0 [Warning/use-natspec]
/sb/0x0cbe2df57ca9191b64a7af3baa3f946fa7df2f25.sol:1438:18: Rule is set with explicit type [var/s: uint] [Warning/explicit-types]
/sb/0x0cbe2df57ca9191b64a7af3baa3f946fa7df2f25.sol:1450:5: Missing @param tag in function 'withdrawSynthetix' [Warning/use-natspec]
/sb/0x0cbe2df57ca9191b64a7af3baa3f946fa7df2f25.sol:1450:5: Mismatch in @param names for function 'withdrawSynthetix'. Expected: [quantity], Found: [] [Warning/use-natspec]
/sb/0x0cbe2df57ca9191b64a7af3baa3f946fa7df2f25.sol:1450:32: Rule is set with explicit type [var/s: uint] [Warning/explicit-types]
/sb/0x0cbe2df57ca9191b64a7af3baa3f946fa7df2f25.sol:1461:5: Missing @param tag in function 'purgeAccount' [Warning/use-natspec]
/sb/0x0cbe2df57ca9191b64a7af3baa3f946fa7df2f25.sol:1461:5: Mismatch in @param names for function 'purgeAccount'. Expected: [account], Found: [] [Warning/use-natspec]
/sb/0x0cbe2df57ca9191b64a7af3baa3f946fa7df2f25.sol:1484:50: Rule is set with explicit type [var/s: uint] [Warning/explicit-types]
/sb/0x0cbe2df57ca9191b64a7af3baa3f946fa7df2f25.sol:1484:61: Rule is set with explicit type [var/s: uint] [Warning/explicit-types]
/sb/0x0cbe2df57ca9191b64a7af3baa3f946fa7df2f25.sol:1495:9: Error message for require is too long: 71 counted / 32 allowed [Warning/reason-string]
/sb/0x0cbe2df57ca9191b64a7af3baa3f946fa7df2f25.sol:1495:9: GC: String exceeds 32 bytes [Warning/gas-small-strings]
/sb/0x0cbe2df57ca9191b64a7af3baa3f946fa7df2f25.sol:1495:17: GC: Non strict inequality found. Try converting to a strict one [Warning/gas-strict-inequalities]
/sb/0x0cbe2df57ca9191b64a7af3baa3f946fa7df2f25.sol:1498:9: Rule is set with explicit type [var/s: uint] [Warning/explicit-types]
/sb/0x0cbe2df57ca9191b64a7af3baa3f946fa7df2f25.sol:1499:17: GC: Non strict inequality found. Try converting to a strict one [Warning/gas-strict-inequalities]
/sb/0x0cbe2df57ca9191b64a7af3baa3f946fa7df2f25.sol:1506:13: Error message for require is too long: 55 counted / 32 allowed [Warning/reason-string]
/sb/0x0cbe2df57ca9191b64a7af3baa3f946fa7df2f25.sol:1506:13: GC: String exceeds 32 bytes [Warning/gas-small-strings]
/sb/0x0cbe2df57ca9191b64a7af3baa3f946fa7df2f25.sol:1520:5: Missing @param tag in function 'addVestingSchedule' [Warning/use-natspec]
/sb/0x0cbe2df57ca9191b64a7af3baa3f946fa7df2f25.sol:1520:5: Mismatch in @param names for function 'addVestingSchedule'. Expected: [account, times, quantities], Found: [] [Warning/use-natspec]
/sb/0x0cbe2df57ca9191b64a7af3baa3f946fa7df2f25.sol:1520:50: Rule is set with explicit type [var/s: uint] [Warning/explicit-types]
/sb/0x0cbe2df57ca9191b64a7af3baa3f946fa7df2f25.sol:1520:64: Rule is set with explicit type [var/s: uint] [Warning/explicit-types]
/sb/0x0cbe2df57ca9191b64a7af3baa3f946fa7df2f25.sol:1525:14: Rule is set with explicit type [var/s: uint] [Warning/explicit-types]
/sb/0x0cbe2df57ca9191b64a7af3baa3f946fa7df2f25.sol:1525:44: GC: For [ i ] variable, increment/decrement by 1 using: [ ++variable ] to save gas [Warning/gas-increment-by-one]
/sb/0x0cbe2df57ca9191b64a7af3baa3f946fa7df2f25.sol:1537:9: Rule is set with explicit type [var/s: uint] [Warning/explicit-types]
/sb/0x0cbe2df57ca9191b64a7af3baa3f946fa7df2f25.sol:1538:9: Rule is set with explicit type [var/s: uint] [Warning/explicit-types]
/sb/0x0cbe2df57ca9191b64a7af3baa3f946fa7df2f25.sol:1539:14: Rule is set with explicit type [var/s: uint] [Warning/explicit-types]
/sb/0x0cbe2df57ca9191b64a7af3baa3f946fa7df2f25.sol:1539:42: GC: For [ i ] variable, increment/decrement by 1 using: [ ++variable ] to save gas [Warning/gas-increment-by-one]
/sb/0x0cbe2df57ca9191b64a7af3baa3f946fa7df2f25.sol:1540:13: Rule is set with explicit type [var/s: uint] [Warning/explicit-types]
/sb/0x0cbe2df57ca9191b64a7af3baa3f946fa7df2f25.sol:1545:13: Rule is set with explicit type [var/s: uint] [Warning/explicit-types]
/sb/0x0cbe2df57ca9191b64a7af3baa3f946fa7df2f25.sol:1565:5: Missing @notice tag in event 'SynthetixUpdated' [Warning/use-natspec]
/sb/0x0cbe2df57ca9191b64a7af3baa3f946fa7df2f25.sol:1565:5: Missing @param tag in event 'SynthetixUpdated' [Warning/use-natspec]
/sb/0x0cbe2df57ca9191b64a7af3baa3f946fa7df2f25.sol:1565:5: Mismatch in @param names for event 'SynthetixUpdated'. Expected: [newSynthetix], Found: [] [Warning/use-natspec]
/sb/0x0cbe2df57ca9191b64a7af3baa3f946fa7df2f25.sol:1565:5: GC: [newSynthetix] on Event [SynthetixUpdated] could be Indexed [Warning/gas-indexed-events]
/sb/0x0cbe2df57ca9191b64a7af3baa3f946fa7df2f25.sol:1567:5: Missing @notice tag in event 'Vested' [Warning/use-natspec]
/sb/0x0cbe2df57ca9191b64a7af3baa3f946fa7df2f25.sol:1567:5: Missing @param tag in event 'Vested' [Warning/use-natspec]
/sb/0x0cbe2df57ca9191b64a7af3baa3f946fa7df2f25.sol:1567:5: Mismatch in @param names for event 'Vested'. Expected: [beneficiary, time, value], Found: [] [Warning/use-natspec]
/sb/0x0cbe2df57ca9191b64a7af3baa3f946fa7df2f25.sol:1567:5: GC: [time] on Event [Vested] could be Indexed [Warning/gas-indexed-events]
/sb/0x0cbe2df57ca9191b64a7af3baa3f946fa7df2f25.sol:1567:5: GC: [value] on Event [Vested] could be Indexed [Warning/gas-indexed-events]
/sb/0x0cbe2df57ca9191b64a7af3baa3f946fa7df2f25.sol:1567:47: Rule is set with explicit type [var/s: uint] [Warning/explicit-types]
/sb/0x0cbe2df57ca9191b64a7af3baa3f946fa7df2f25.sol:1567:58: Rule is set with explicit type [var/s: uint] [Warning/explicit-types]
/sb/0x0cbe2df57ca9191b64a7af3baa3f946fa7df2f25.sol:1611:1: Missing @author tag in contract 'SynthetixState' [Warning/use-natspec]
/sb/0x0cbe2df57ca9191b64a7af3baa3f946fa7df2f25.sol:1622:9: Rule is set with explicit type [var/s: uint] [Warning/explicit-types]
/sb/0x0cbe2df57ca9191b64a7af3baa3f946fa7df2f25.sol:1626:9: Rule is set with explicit type [var/s: uint] [Warning/explicit-types]
/sb/0x0cbe2df57ca9191b64a7af3baa3f946fa7df2f25.sol:1630:5: Missing @notice tag in variable 'issuanceData' [Warning/use-natspec]
/sb/0x0cbe2df57ca9191b64a7af3baa3f946fa7df2f25.sol:1633:5: Rule is set with explicit type [var/s: uint] [Warning/explicit-types]
/sb/0x0cbe2df57ca9191b64a7af3baa3f946fa7df2f25.sol:1633:5: Missing @notice tag in variable 'totalIssuerCount' [Warning/use-natspec]
/sb/0x0cbe2df57ca9191b64a7af3baa3f946fa7df2f25.sol:1636:5: Rule is set with explicit type [var/s: uint] [Warning/explicit-types]
/sb/0x0cbe2df57ca9191b64a7af3baa3f946fa7df2f25.sol:1636:5: Missing @notice tag in variable 'debtLedger' [Warning/use-natspec]
/sb/0x0cbe2df57ca9191b64a7af3baa3f946fa7df2f25.sol:1639:5: Rule is set with explicit type [var/s: uint] [Warning/explicit-types]
/sb/0x0cbe2df57ca9191b64a7af3baa3f946fa7df2f25.sol:1639:5: Missing @notice tag in variable 'importedXDRAmount' [Warning/use-natspec]
/sb/0x0cbe2df57ca9191b64a7af3baa3f946fa7df2f25.sol:1643:5: Rule is set with explicit type [var/s: uint] [Warning/explicit-types]
/sb/0x0cbe2df57ca9191b64a7af3baa3f946fa7df2f25.sol:1643:5: Missing @notice tag in variable 'issuanceRatio' [Warning/use-natspec]
/sb/0x0cbe2df57ca9191b64a7af3baa3f946fa7df2f25.sol:1645:5: Explicitly mark visibility of state [Warning/state-visibility]
/sb/0x0cbe2df57ca9191b64a7af3baa3f946fa7df2f25.sol:1645:5: Rule is set with explicit type [var/s: uint] [Warning/explicit-types]
/sb/0x0cbe2df57ca9191b64a7af3baa3f946fa7df2f25.sol:1649:5: Missing @notice tag in variable 'preferredCurrency' [Warning/use-natspec]
/sb/0x0cbe2df57ca9191b64a7af3baa3f946fa7df2f25.sol:1656:5: Missing @notice tag in function '<anonymous>' [Warning/use-natspec]
/sb/0x0cbe2df57ca9191b64a7af3baa3f946fa7df2f25.sol:1659:9: Visibility modifier must be first in list of modifiers [Warning/visibility-modifier-order]
/sb/0x0cbe2df57ca9191b64a7af3baa3f946fa7df2f25.sol:1670:54: Rule is set with explicit type [var/s: uint] [Warning/explicit-types]
/sb/0x0cbe2df57ca9191b64a7af3baa3f946fa7df2f25.sol:1717:36: Rule is set with explicit type [var/s: uint] [Warning/explicit-types]
/sb/0x0cbe2df57ca9191b64a7af3baa3f946fa7df2f25.sol:1741:5: Missing @param tag in function 'setIssuanceRatio' [Warning/use-natspec]
/sb/0x0cbe2df57ca9191b64a7af3baa3f946fa7df2f25.sol:1741:5: Mismatch in @param names for function 'setIssuanceRatio'. Expected: [_issuanceRatio], Found: [] [Warning/use-natspec]
/sb/0x0cbe2df57ca9191b64a7af3baa3f946fa7df2f25.sol:1741:31: Rule is set with explicit type [var/s: uint] [Warning/explicit-types]
/sb/0x0cbe2df57ca9191b64a7af3baa3f946fa7df2f25.sol:1745:9: Error message for require is too long: 51 counted / 32 allowed [Warning/reason-string]
/sb/0x0cbe2df57ca9191b64a7af3baa3f946fa7df2f25.sol:1745:9: GC: String exceeds 32 bytes [Warning/gas-small-strings]
/sb/0x0cbe2df57ca9191b64a7af3baa3f946fa7df2f25.sol:1745:17: GC: Non strict inequality found. Try converting to a strict one [Warning/gas-strict-inequalities]
/sb/0x0cbe2df57ca9191b64a7af3baa3f946fa7df2f25.sol:1754:5: Missing @param tag in function 'importIssuerData' [Warning/use-natspec]
/sb/0x0cbe2df57ca9191b64a7af3baa3f946fa7df2f25.sol:1754:5: Mismatch in @param names for function 'importIssuerData'. Expected: [accounts, sUSDAmounts], Found: [] [Warning/use-natspec]
/sb/0x0cbe2df57ca9191b64a7af3baa3f946fa7df2f25.sol:1754:51: Rule is set with explicit type [var/s: uint] [Warning/explicit-types]
/sb/0x0cbe2df57ca9191b64a7af3baa3f946fa7df2f25.sol:1761:48: GC: For [ i ] variable, increment/decrement by 1 using: [ ++variable ] to save gas [Warning/gas-increment-by-one]
/sb/0x0cbe2df57ca9191b64a7af3baa3f946fa7df2f25.sol:1770:5: Function body contains 52 lines but allowed no more than 50 lines [Warning/function-max-lines]
/sb/0x0cbe2df57ca9191b64a7af3baa3f946fa7df2f25.sol:1770:5: Missing @param tag in function '_addToDebtRegister' [Warning/use-natspec]
/sb/0x0cbe2df57ca9191b64a7af3baa3f946fa7df2f25.sol:1770:5: Mismatch in @param names for function '_addToDebtRegister'. Expected: [account, amount], Found: [] [Warning/use-natspec]
/sb/0x0cbe2df57ca9191b64a7af3baa3f946fa7df2f25.sol:1770:50: Rule is set with explicit type [var/s: uint] [Warning/explicit-types]
/sb/0x0cbe2df57ca9191b64a7af3baa3f946fa7df2f25.sol:1778:9: Rule is set with explicit type [var/s: uint] [Warning/explicit-types]
/sb/0x0cbe2df57ca9191b64a7af3baa3f946fa7df2f25.sol:1781:9: Rule is set with explicit type [var/s: uint] [Warning/explicit-types]
/sb/0x0cbe2df57ca9191b64a7af3baa3f946fa7df2f25.sol:1784:9: Rule is set with explicit type [var/s: uint] [Warning/explicit-types]
/sb/0x0cbe2df57ca9191b64a7af3baa3f946fa7df2f25.sol:1790:9: Rule is set with explicit type [var/s: uint] [Warning/explicit-types]
/sb/0x0cbe2df57ca9191b64a7af3baa3f946fa7df2f25.sol:1796:9: Rule is set with explicit type [var/s: uint] [Warning/explicit-types]
/sb/0x0cbe2df57ca9191b64a7af3baa3f946fa7df2f25.sol:1798:9: Rule is set with explicit type [var/s: uint] [Warning/explicit-types]
/sb/0x0cbe2df57ca9191b64a7af3baa3f946fa7df2f25.sol:1830:5: Missing @return tag in function 'debtLedgerLength' [Warning/use-natspec]
/sb/0x0cbe2df57ca9191b64a7af3baa3f946fa7df2f25.sol:1830:5: Mismatch in @return count for function 'debtLedgerLength'. Expected: 1, Found: 0 [Warning/use-natspec]
/sb/0x0cbe2df57ca9191b64a7af3baa3f946fa7df2f25.sol:1833:18: Rule is set with explicit type [var/s: uint] [Warning/explicit-types]
/sb/0x0cbe2df57ca9191b64a7af3baa3f946fa7df2f25.sol:1841:5: Missing @return tag in function 'lastDebtLedgerEntry' [Warning/use-natspec]
/sb/0x0cbe2df57ca9191b64a7af3baa3f946fa7df2f25.sol:1841:5: Mismatch in @return count for function 'lastDebtLedgerEntry'. Expected: 1, Found: 0 [Warning/use-natspec]
/sb/0x0cbe2df57ca9191b64a7af3baa3f946fa7df2f25.sol:1844:18: Rule is set with explicit type [var/s: uint] [Warning/explicit-types]
/sb/0x0cbe2df57ca9191b64a7af3baa3f946fa7df2f25.sol:1853:5: Missing @return tag in function 'hasIssued' [Warning/use-natspec]
/sb/0x0cbe2df57ca9191b64a7af3baa3f946fa7df2f25.sol:1853:5: Mismatch in @return count for function 'hasIssued'. Expected: 1, Found: 0 [Warning/use-natspec]
/sb/0x0cbe2df57ca9191b64a7af3baa3f946fa7df2f25.sol:1861:5: Missing @notice tag in event 'IssuanceRatioUpdated' [Warning/use-natspec]
/sb/0x0cbe2df57ca9191b64a7af3baa3f946fa7df2f25.sol:1861:5: Missing @param tag in event 'IssuanceRatioUpdated' [Warning/use-natspec]
/sb/0x0cbe2df57ca9191b64a7af3baa3f946fa7df2f25.sol:1861:5: Mismatch in @param names for event 'IssuanceRatioUpdated'. Expected: [newRatio], Found: [] [Warning/use-natspec]
/sb/0x0cbe2df57ca9191b64a7af3baa3f946fa7df2f25.sol:1861:5: GC: [newRatio] on Event [IssuanceRatioUpdated] could be Indexed [Warning/gas-indexed-events]
/sb/0x0cbe2df57ca9191b64a7af3baa3f946fa7df2f25.sol:1861:32: Rule is set with explicit type [var/s: uint] [Warning/explicit-types]
/sb/0x0cbe2df57ca9191b64a7af3baa3f946fa7df2f25.sol:1895:1: Missing @author tag in contract 'ExchangeRates' [Warning/use-natspec]
/sb/0x0cbe2df57ca9191b64a7af3baa3f946fa7df2f25.sol:1895:1: Missing @notice tag in contract 'ExchangeRates' [Warning/use-natspec]
/sb/0x0cbe2df57ca9191b64a7af3baa3f946fa7df2f25.sol:1900:5: Rule is set with explicit type [var/s: uint] [Warning/explicit-types]
/sb/0x0cbe2df57ca9191b64a7af3baa3f946fa7df2f25.sol:1900:5: Missing @notice tag in variable 'rates' [Warning/use-natspec]
/sb/0x0cbe2df57ca9191b64a7af3baa3f946fa7df2f25.sol:1903:5: Rule is set with explicit type [var/s: uint] [Warning/explicit-types]
/sb/0x0cbe2df57ca9191b64a7af3baa3f946fa7df2f25.sol:1903:5: Missing @notice tag in variable 'lastRateUpdateTimes' [Warning/use-natspec]
/sb/0x0cbe2df57ca9191b64a7af3baa3f946fa7df2f25.sol:1906:5: Missing @notice tag in variable 'oracle' [Warning/use-natspec]
/sb/0x0cbe2df57ca9191b64a7af3baa3f946fa7df2f25.sol:1909:5: Explicitly mark visibility of state [Warning/state-visibility]
/sb/0x0cbe2df57ca9191b64a7af3baa3f946fa7df2f25.sol:1909:5: Rule is set with explicit type [var/s: uint] [Warning/explicit-types]
/sb/0x0cbe2df57ca9191b64a7af3baa3f946fa7df2f25.sol:1912:5: Rule is set with explicit type [var/s: uint] [Warning/explicit-types]
/sb/0x0cbe2df57ca9191b64a7af3baa3f946fa7df2f25.sol:1912:5: Missing @notice tag in variable 'rateStalePeriod' [Warning/use-natspec]
/sb/0x0cbe2df57ca9191b64a7af3baa3f946fa7df2f25.sol:1917:5: Missing @notice tag in variable 'xdrParticipants' [Warning/use-natspec]
/sb/0x0cbe2df57ca9191b64a7af3baa3f946fa7df2f25.sol:1929:5: Missing @notice tag in function '<anonymous>' [Warning/use-natspec]
/sb/0x0cbe2df57ca9191b64a7af3baa3f946fa7df2f25.sol:1936:9: Rule is set with explicit type [var/s: uint] [Warning/explicit-types]
/sb/0x0cbe2df57ca9191b64a7af3baa3f946fa7df2f25.sol:1940:9: Visibility modifier must be first in list of modifiers [Warning/visibility-modifier-order]
/sb/0x0cbe2df57ca9191b64a7af3baa3f946fa7df2f25.sol:1942:9: Error message for require is too long: 47 counted / 32 allowed [Warning/reason-string]
/sb/0x0cbe2df57ca9191b64a7af3baa3f946fa7df2f25.sol:1942:9: GC: String exceeds 32 bytes [Warning/gas-small-strings]
/sb/0x0cbe2df57ca9191b64a7af3baa3f946fa7df2f25.sol:1978:5: Missing @return tag in function 'updateRates' [Warning/use-natspec]
/sb/0x0cbe2df57ca9191b64a7af3baa3f946fa7df2f25.sol:1978:5: Mismatch in @return count for function 'updateRates'. Expected: 1, Found: 0 [Warning/use-natspec]
/sb/0x0cbe2df57ca9191b64a7af3baa3f946fa7df2f25.sol:1978:49: Rule is set with explicit type [var/s: uint] [Warning/explicit-types]
/sb/0x0cbe2df57ca9191b64a7af3baa3f946fa7df2f25.sol:1978:66: Rule is set with explicit type [var/s: uint] [Warning/explicit-types]
/sb/0x0cbe2df57ca9191b64a7af3baa3f946fa7df2f25.sol:1994:5: Missing @return tag in function 'internalUpdateRates' [Warning/use-natspec]
/sb/0x0cbe2df57ca9191b64a7af3baa3f946fa7df2f25.sol:1994:5: Mismatch in @return count for function 'internalUpdateRates'. Expected: 1, Found: 0 [Warning/use-natspec]
/sb/0x0cbe2df57ca9191b64a7af3baa3f946fa7df2f25.sol:1994:57: Rule is set with explicit type [var/s: uint] [Warning/explicit-types]
/sb/0x0cbe2df57ca9191b64a7af3baa3f946fa7df2f25.sol:1994:74: Rule is set with explicit type [var/s: uint] [Warning/explicit-types]
/sb/0x0cbe2df57ca9191b64a7af3baa3f946fa7df2f25.sol:1998:9: Error message for require is too long: 56 counted / 32 allowed [Warning/reason-string]
/sb/0x0cbe2df57ca9191b64a7af3baa3f946fa7df2f25.sol:1998:9: GC: String exceeds 32 bytes [Warning/gas-small-strings]
/sb/0x0cbe2df57ca9191b64a7af3baa3f946fa7df2f25.sol:2002:14: Rule is set with explicit type [var/s: uint] [Warning/explicit-types]
/sb/0x0cbe2df57ca9191b64a7af3baa3f946fa7df2f25.sol:2002:51: GC: For [ i ] variable, increment/decrement by 1 using: [ ++variable ] to save gas [Warning/gas-increment-by-one]
/sb/0x0cbe2df57ca9191b64a7af3baa3f946fa7df2f25.sol:2006:13: Error message for require is too long: 57 counted / 32 allowed [Warning/reason-string]
/sb/0x0cbe2df57ca9191b64a7af3baa3f946fa7df2f25.sol:2006:13: GC: String exceeds 32 bytes [Warning/gas-small-strings]
/sb/0x0cbe2df57ca9191b64a7af3baa3f946fa7df2f25.sol:2007:13: Error message for require is too long: 49 counted / 32 allowed [Warning/reason-string]
/sb/0x0cbe2df57ca9191b64a7af3baa3f946fa7df2f25.sol:2007:13: GC: String exceeds 32 bytes [Warning/gas-small-strings]
/sb/0x0cbe2df57ca9191b64a7af3baa3f946fa7df2f25.sol:2010:17: GC: Non strict inequality found. Try converting to a strict one [Warning/gas-strict-inequalities]
/sb/0x0cbe2df57ca9191b64a7af3baa3f946fa7df2f25.sol:2028:5: Missing @param tag in function 'updateXDRRate' [Warning/use-natspec]
/sb/0x0cbe2df57ca9191b64a7af3baa3f946fa7df2f25.sol:2028:5: Mismatch in @param names for function 'updateXDRRate'. Expected: [timeSent], Found: [] [Warning/use-natspec]
/sb/0x0cbe2df57ca9191b64a7af3baa3f946fa7df2f25.sol:2028:28: Rule is set with explicit type [var/s: uint] [Warning/explicit-types]
/sb/0x0cbe2df57ca9191b64a7af3baa3f946fa7df2f25.sol:2031:9: Rule is set with explicit type [var/s: uint] [Warning/explicit-types]
/sb/0x0cbe2df57ca9191b64a7af3baa3f946fa7df2f25.sol:2033:14: Rule is set with explicit type [var/s: uint] [Warning/explicit-types]
/sb/0x0cbe2df57ca9191b64a7af3baa3f946fa7df2f25.sol:2033:54: GC: For [ i ] variable, increment/decrement by 1 using: [ ++variable ] to save gas [Warning/gas-increment-by-one]
/sb/0x0cbe2df57ca9191b64a7af3baa3f946fa7df2f25.sol:2048:35: Rule is set with explicit type [var/s: uint] [Warning/explicit-types]
/sb/0x0cbe2df57ca9191b64a7af3baa3f946fa7df2f25.sol:2048:9: Rule is set with explicit type [var/s: uint] [Warning/explicit-types]
/sb/0x0cbe2df57ca9191b64a7af3baa3f946fa7df2f25.sol:2086:33: Rule is set with explicit type [var/s: uint] [Warning/explicit-types]
/sb/0x0cbe2df57ca9191b64a7af3baa3f946fa7df2f25.sol:2099:5: Missing @param tag in function 'rateForCurrency' [Warning/use-natspec]
/sb/0x0cbe2df57ca9191b64a7af3baa3f946fa7df2f25.sol:2099:5: Mismatch in @param names for function 'rateForCurrency'. Expected: [currencyKey], Found: [] [Warning/use-natspec]
/sb/0x0cbe2df57ca9191b64a7af3baa3f946fa7df2f25.sol:2099:5: Missing @return tag in function 'rateForCurrency' [Warning/use-natspec]
/sb/0x0cbe2df57ca9191b64a7af3baa3f946fa7df2f25.sol:2099:5: Mismatch in @return count for function 'rateForCurrency'. Expected: 1, Found: 0 [Warning/use-natspec]
/sb/0x0cbe2df57ca9191b64a7af3baa3f946fa7df2f25.sol:2102:18: Rule is set with explicit type [var/s: uint] [Warning/explicit-types]
/sb/0x0cbe2df57ca9191b64a7af3baa3f946fa7df2f25.sol:2110:5: Missing @param tag in function 'ratesForCurrencies' [Warning/use-natspec]
/sb/0x0cbe2df57ca9191b64a7af3baa3f946fa7df2f25.sol:2110:5: Mismatch in @param names for function 'ratesForCurrencies'. Expected: [currencyKeys], Found: [] [Warning/use-natspec]
/sb/0x0cbe2df57ca9191b64a7af3baa3f946fa7df2f25.sol:2110:5: Missing @return tag in function 'ratesForCurrencies' [Warning/use-natspec]
/sb/0x0cbe2df57ca9191b64a7af3baa3f946fa7df2f25.sol:2110:5: Mismatch in @return count for function 'ratesForCurrencies'. Expected: 1, Found: 0 [Warning/use-natspec]
/sb/0x0cbe2df57ca9191b64a7af3baa3f946fa7df2f25.sol:2113:18: Rule is set with explicit type [var/s: uint] [Warning/explicit-types]
/sb/0x0cbe2df57ca9191b64a7af3baa3f946fa7df2f25.sol:2115:32: Rule is set with explicit type [var/s: uint] [Warning/explicit-types]
/sb/0x0cbe2df57ca9191b64a7af3baa3f946fa7df2f25.sol:2115:9: Rule is set with explicit type [var/s: uint] [Warning/explicit-types]
/sb/0x0cbe2df57ca9191b64a7af3baa3f946fa7df2f25.sol:2117:52: GC: For [ i ] variable, increment/decrement by 1 using: [ ++variable ] to save gas [Warning/gas-increment-by-one]
/sb/0x0cbe2df57ca9191b64a7af3baa3f946fa7df2f25.sol:2127:5: Missing @param tag in function 'lastRateUpdateTimeForCurrency' [Warning/use-natspec]
/sb/0x0cbe2df57ca9191b64a7af3baa3f946fa7df2f25.sol:2127:5: Mismatch in @param names for function 'lastRateUpdateTimeForCurrency'. Expected: [currencyKey], Found: [] [Warning/use-natspec]
/sb/0x0cbe2df57ca9191b64a7af3baa3f946fa7df2f25.sol:2127:5: Missing @return tag in function 'lastRateUpdateTimeForCurrency' [Warning/use-natspec]
/sb/0x0cbe2df57ca9191b64a7af3baa3f946fa7df2f25.sol:2127:5: Mismatch in @return count for function 'lastRateUpdateTimeForCurrency'. Expected: 1, Found: 0 [Warning/use-natspec]
/sb/0x0cbe2df57ca9191b64a7af3baa3f946fa7df2f25.sol:2130:18: Rule is set with explicit type [var/s: uint] [Warning/explicit-types]
/sb/0x0cbe2df57ca9191b64a7af3baa3f946fa7df2f25.sol:2138:5: Missing @param tag in function 'lastRateUpdateTimesForCurrencies' [Warning/use-natspec]
/sb/0x0cbe2df57ca9191b64a7af3baa3f946fa7df2f25.sol:2138:5: Mismatch in @param names for function 'lastRateUpdateTimesForCurrencies'. Expected: [currencyKeys], Found: [] [Warning/use-natspec]
/sb/0x0cbe2df57ca9191b64a7af3baa3f946fa7df2f25.sol:2138:5: Missing @return tag in function 'lastRateUpdateTimesForCurrencies' [Warning/use-natspec]
/sb/0x0cbe2df57ca9191b64a7af3baa3f946fa7df2f25.sol:2138:5: Mismatch in @return count for function 'lastRateUpdateTimesForCurrencies'. Expected: 1, Found: 0 [Warning/use-natspec]
/sb/0x0cbe2df57ca9191b64a7af3baa3f946fa7df2f25.sol:2141:18: Rule is set with explicit type [var/s: uint] [Warning/explicit-types]
/sb/0x0cbe2df57ca9191b64a7af3baa3f946fa7df2f25.sol:2143:41: Rule is set with explicit type [var/s: uint] [Warning/explicit-types]
/sb/0x0cbe2df57ca9191b64a7af3baa3f946fa7df2f25.sol:2143:9: Rule is set with explicit type [var/s: uint] [Warning/explicit-types]
/sb/0x0cbe2df57ca9191b64a7af3baa3f946fa7df2f25.sol:2145:52: GC: For [ i ] variable, increment/decrement by 1 using: [ ++variable ] to save gas [Warning/gas-increment-by-one]
/sb/0x0cbe2df57ca9191b64a7af3baa3f946fa7df2f25.sol:2155:5: Missing @param tag in function 'rateIsStale' [Warning/use-natspec]
/sb/0x0cbe2df57ca9191b64a7af3baa3f946fa7df2f25.sol:2155:5: Mismatch in @param names for function 'rateIsStale'. Expected: [currencyKey], Found: [] [Warning/use-natspec]
/sb/0x0cbe2df57ca9191b64a7af3baa3f946fa7df2f25.sol:2155:5: Missing @return tag in function 'rateIsStale' [Warning/use-natspec]
/sb/0x0cbe2df57ca9191b64a7af3baa3f946fa7df2f25.sol:2155:5: Mismatch in @return count for function 'rateIsStale'. Expected: 1, Found: 0 [Warning/use-natspec]
/sb/0x0cbe2df57ca9191b64a7af3baa3f946fa7df2f25.sol:2169:5: Missing @param tag in function 'anyRateIsStale' [Warning/use-natspec]
/sb/0x0cbe2df57ca9191b64a7af3baa3f946fa7df2f25.sol:2169:5: Mismatch in @param names for function 'anyRateIsStale'. Expected: [currencyKeys], Found: [] [Warning/use-natspec]
/sb/0x0cbe2df57ca9191b64a7af3baa3f946fa7df2f25.sol:2169:5: Missing @return tag in function 'anyRateIsStale' [Warning/use-natspec]
/sb/0x0cbe2df57ca9191b64a7af3baa3f946fa7df2f25.sol:2169:5: Mismatch in @return count for function 'anyRateIsStale'. Expected: 1, Found: 0 [Warning/use-natspec]
/sb/0x0cbe2df57ca9191b64a7af3baa3f946fa7df2f25.sol:2182:13: GC: For [ i ] variable, increment/decrement by 1 using: [ ++variable ] to save gas [Warning/gas-increment-by-one]
/sb/0x0cbe2df57ca9191b64a7af3baa3f946fa7df2f25.sol:2192:9: Error message for require is too long: 39 counted / 32 allowed [Warning/reason-string]
/sb/0x0cbe2df57ca9191b64a7af3baa3f946fa7df2f25.sol:2192:9: GC: String exceeds 32 bytes [Warning/gas-small-strings]
/sb/0x0cbe2df57ca9191b64a7af3baa3f946fa7df2f25.sol:2198:5: Missing @notice tag in event 'OracleUpdated' [Warning/use-natspec]
/sb/0x0cbe2df57ca9191b64a7af3baa3f946fa7df2f25.sol:2198:5: Missing @param tag in event 'OracleUpdated' [Warning/use-natspec]
/sb/0x0cbe2df57ca9191b64a7af3baa3f946fa7df2f25.sol:2198:5: Mismatch in @param names for event 'OracleUpdated'. Expected: [newOracle], Found: [] [Warning/use-natspec]
/sb/0x0cbe2df57ca9191b64a7af3baa3f946fa7df2f25.sol:2198:5: GC: [newOracle] on Event [OracleUpdated] could be Indexed [Warning/gas-indexed-events]
/sb/0x0cbe2df57ca9191b64a7af3baa3f946fa7df2f25.sol:2199:5: Missing @notice tag in event 'RateStalePeriodUpdated' [Warning/use-natspec]
/sb/0x0cbe2df57ca9191b64a7af3baa3f946fa7df2f25.sol:2199:5: Missing @param tag in event 'RateStalePeriodUpdated' [Warning/use-natspec]
/sb/0x0cbe2df57ca9191b64a7af3baa3f946fa7df2f25.sol:2199:5: Mismatch in @param names for event 'RateStalePeriodUpdated'. Expected: [rateStalePeriod], Found: [] [Warning/use-natspec]
/sb/0x0cbe2df57ca9191b64a7af3baa3f946fa7df2f25.sol:2199:5: GC: [rateStalePeriod] on Event [RateStalePeriodUpdated] could be Indexed [Warning/gas-indexed-events]
/sb/0x0cbe2df57ca9191b64a7af3baa3f946fa7df2f25.sol:2199:34: Rule is set with explicit type [var/s: uint] [Warning/explicit-types]
/sb/0x0cbe2df57ca9191b64a7af3baa3f946fa7df2f25.sol:2200:5: Missing @notice tag in event 'RatesUpdated' [Warning/use-natspec]
/sb/0x0cbe2df57ca9191b64a7af3baa3f946fa7df2f25.sol:2200:5: Missing @param tag in event 'RatesUpdated' [Warning/use-natspec]
/sb/0x0cbe2df57ca9191b64a7af3baa3f946fa7df2f25.sol:2200:5: Mismatch in @param names for event 'RatesUpdated'. Expected: [currencyKeys, newRates], Found: [] [Warning/use-natspec]
/sb/0x0cbe2df57ca9191b64a7af3baa3f946fa7df2f25.sol:2200:47: Rule is set with explicit type [var/s: uint] [Warning/explicit-types]
/sb/0x0cbe2df57ca9191b64a7af3baa3f946fa7df2f25.sol:2201:5: Missing @notice tag in event 'RateDeleted' [Warning/use-natspec]
/sb/0x0cbe2df57ca9191b64a7af3baa3f946fa7df2f25.sol:2201:5: Missing @param tag in event 'RateDeleted' [Warning/use-natspec]
/sb/0x0cbe2df57ca9191b64a7af3baa3f946fa7df2f25.sol:2201:5: Mismatch in @param names for event 'RateDeleted'. Expected: [currencyKey], Found: [] [Warning/use-natspec]
/sb/0x0cbe2df57ca9191b64a7af3baa3f946fa7df2f25.sol:2329:1: Missing @author tag in contract 'Synthetix' [Warning/use-natspec]
/sb/0x0cbe2df57ca9191b64a7af3baa3f946fa7df2f25.sol:2334:5: Missing @notice tag in variable 'availableSynths' [Warning/use-natspec]
/sb/0x0cbe2df57ca9191b64a7af3baa3f946fa7df2f25.sol:2335:5: Missing @notice tag in variable 'synths' [Warning/use-natspec]
/sb/0x0cbe2df57ca9191b64a7af3baa3f946fa7df2f25.sol:2337:5: Missing @notice tag in variable 'feePool' [Warning/use-natspec]
/sb/0x0cbe2df57ca9191b64a7af3baa3f946fa7df2f25.sol:2338:5: Missing @notice tag in variable 'escrow' [Warning/use-natspec]
/sb/0x0cbe2df57ca9191b64a7af3baa3f946fa7df2f25.sol:2339:5: Missing @notice tag in variable 'exchangeRates' [Warning/use-natspec]
/sb/0x0cbe2df57ca9191b64a7af3baa3f946fa7df2f25.sol:2340:5: Missing @notice tag in variable 'synthetixState' [Warning/use-natspec]
/sb/0x0cbe2df57ca9191b64a7af3baa3f946fa7df2f25.sol:2342:5: Explicitly mark visibility of state [Warning/state-visibility]
/sb/0x0cbe2df57ca9191b64a7af3baa3f946fa7df2f25.sol:2342:5: Rule is set with explicit type [var/s: uint] [Warning/explicit-types]
/sb/0x0cbe2df57ca9191b64a7af3baa3f946fa7df2f25.sol:2343:5: Explicitly mark visibility of state [Warning/state-visibility]
/sb/0x0cbe2df57ca9191b64a7af3baa3f946fa7df2f25.sol:2344:5: Explicitly mark visibility of state [Warning/state-visibility]
/sb/0x0cbe2df57ca9191b64a7af3baa3f946fa7df2f25.sol:2345:5: Explicitly mark visibility of state [Warning/state-visibility]
/sb/0x0cbe2df57ca9191b64a7af3baa3f946fa7df2f25.sol:2355:5: Missing @notice tag in function '<anonymous>' [Warning/use-natspec]
/sb/0x0cbe2df57ca9191b64a7af3baa3f946fa7df2f25.sol:2355:5: Mismatch in @param names for function '<anonymous>'. Expected: [_proxy, _tokenState, _synthetixState, _owner, _exchangeRates, _feePool], Found: [_tokenState, _owner] [Warning/use-natspec]
/sb/0x0cbe2df57ca9191b64a7af3baa3f946fa7df2f25.sol:2359:9: Visibility modifier must be first in list of modifiers [Warning/visibility-modifier-order]
/sb/0x0cbe2df57ca9191b64a7af3baa3f946fa7df2f25.sol:2372:5: Missing @param tag in function 'addSynth' [Warning/use-natspec]
/sb/0x0cbe2df57ca9191b64a7af3baa3f946fa7df2f25.sol:2372:5: Mismatch in @param names for function 'addSynth'. Expected: [synth], Found: [] [Warning/use-natspec]
/sb/0x0cbe2df57ca9191b64a7af3baa3f946fa7df2f25.sol:2390:5: Missing @param tag in function 'removeSynth' [Warning/use-natspec]
/sb/0x0cbe2df57ca9191b64a7af3baa3f946fa7df2f25.sol:2390:5: Mismatch in @param names for function 'removeSynth'. Expected: [currencyKey], Found: [] [Warning/use-natspec]
/sb/0x0cbe2df57ca9191b64a7af3baa3f946fa7df2f25.sol:2402:55: GC: For [ i ] variable, increment/decrement by 1 using: [ ++variable ] to save gas [Warning/gas-increment-by-one]
/sb/0x0cbe2df57ca9191b64a7af3baa3f946fa7df2f25.sol:2412:17: GC: For [ availableSynths ] variable, increment/decrement by 1 using: [ ++variable ] to save gas [Warning/gas-increment-by-one]
/sb/0x0cbe2df57ca9191b64a7af3baa3f946fa7df2f25.sol:2428:5: Missing @param tag in function 'setEscrow' [Warning/use-natspec]
/sb/0x0cbe2df57ca9191b64a7af3baa3f946fa7df2f25.sol:2428:5: Mismatch in @param names for function 'setEscrow'. Expected: [_escrow], Found: [] [Warning/use-natspec]
/sb/0x0cbe2df57ca9191b64a7af3baa3f946fa7df2f25.sol:2442:5: Missing @param tag in function 'setExchangeRates' [Warning/use-natspec]
/sb/0x0cbe2df57ca9191b64a7af3baa3f946fa7df2f25.sol:2442:5: Mismatch in @param names for function 'setExchangeRates'. Expected: [_exchangeRates], Found: [] [Warning/use-natspec]
/sb/0x0cbe2df57ca9191b64a7af3baa3f946fa7df2f25.sol:2456:5: Missing @param tag in function 'setSynthetixState' [Warning/use-natspec]
/sb/0x0cbe2df57ca9191b64a7af3baa3f946fa7df2f25.sol:2456:5: Mismatch in @param names for function 'setSynthetixState'. Expected: [_synthetixState], Found: [] [Warning/use-natspec]
/sb/0x0cbe2df57ca9191b64a7af3baa3f946fa7df2f25.sol:2469:5: Missing @param tag in function 'setPreferredCurrency' [Warning/use-natspec]
/sb/0x0cbe2df57ca9191b64a7af3baa3f946fa7df2f25.sol:2469:5: Mismatch in @param names for function 'setPreferredCurrency'. Expected: [currencyKey], Found: [] [Warning/use-natspec]
/sb/0x0cbe2df57ca9191b64a7af3baa3f946fa7df2f25.sol:2473:9: Error message for require is too long: 40 counted / 32 allowed [Warning/reason-string]
/sb/0x0cbe2df57ca9191b64a7af3baa3f946fa7df2f25.sol:2473:9: GC: String exceeds 32 bytes [Warning/gas-small-strings]
/sb/0x0cbe2df57ca9191b64a7af3baa3f946fa7df2f25.sol:2488:5: Missing @return tag in function 'effectiveValue' [Warning/use-natspec]
/sb/0x0cbe2df57ca9191b64a7af3baa3f946fa7df2f25.sol:2488:5: Mismatch in @return count for function 'effectiveValue'. Expected: 1, Found: 0 [Warning/use-natspec]
/sb/0x0cbe2df57ca9191b64a7af3baa3f946fa7df2f25.sol:2488:55: Rule is set with explicit type [var/s: uint] [Warning/explicit-types]
/sb/0x0cbe2df57ca9191b64a7af3baa3f946fa7df2f25.sol:2493:18: Rule is set with explicit type [var/s: uint] [Warning/explicit-types]
/sb/0x0cbe2df57ca9191b64a7af3baa3f946fa7df2f25.sol:2507:5: Missing @return tag in function 'totalIssuedSynths' [Warning/use-natspec]
/sb/0x0cbe2df57ca9191b64a7af3baa3f946fa7df2f25.sol:2507:5: Mismatch in @return count for function 'totalIssuedSynths'. Expected: 1, Found: 0 [Warning/use-natspec]
/sb/0x0cbe2df57ca9191b64a7af3baa3f946fa7df2f25.sol:2511:18: Rule is set with explicit type [var/s: uint] [Warning/explicit-types]
/sb/0x0cbe2df57ca9191b64a7af3baa3f946fa7df2f25.sol:2513:9: Rule is set with explicit type [var/s: uint] [Warning/explicit-types]
/sb/0x0cbe2df57ca9191b64a7af3baa3f946fa7df2f25.sol:2514:9: Rule is set with explicit type [var/s: uint] [Warning/explicit-types]
/sb/0x0cbe2df57ca9191b64a7af3baa3f946fa7df2f25.sol:2516:55: GC: For [ i ] variable, increment/decrement by 1 using: [ ++variable ] to save gas [Warning/gas-increment-by-one]
/sb/0x0cbe2df57ca9191b64a7af3baa3f946fa7df2f25.sol:2526:13: Rule is set with explicit type [var/s: uint] [Warning/explicit-types]
/sb/0x0cbe2df57ca9191b64a7af3baa3f946fa7df2f25.sol:2538:5: Missing @return tag in function 'availableSynthCount' [Warning/use-natspec]
/sb/0x0cbe2df57ca9191b64a7af3baa3f946fa7df2f25.sol:2538:5: Mismatch in @return count for function 'availableSynthCount'. Expected: 1, Found: 0 [Warning/use-natspec]
/sb/0x0cbe2df57ca9191b64a7af3baa3f946fa7df2f25.sol:2541:18: Rule is set with explicit type [var/s: uint] [Warning/explicit-types]
/sb/0x0cbe2df57ca9191b64a7af3baa3f946fa7df2f25.sol:2551:5: Missing @param tag in function 'transfer' [Warning/use-natspec]
/sb/0x0cbe2df57ca9191b64a7af3baa3f946fa7df2f25.sol:2551:5: Mismatch in @param names for function 'transfer'. Expected: [to, value], Found: [] [Warning/use-natspec]
/sb/0x0cbe2df57ca9191b64a7af3baa3f946fa7df2f25.sol:2551:5: Missing @return tag in function 'transfer' [Warning/use-natspec]
/sb/0x0cbe2df57ca9191b64a7af3baa3f946fa7df2f25.sol:2551:5: Mismatch in @return count for function 'transfer'. Expected: 1, Found: 0 [Warning/use-natspec]
/sb/0x0cbe2df57ca9191b64a7af3baa3f946fa7df2f25.sol:2551:35: Rule is set with explicit type [var/s: uint] [Warning/explicit-types]
/sb/0x0cbe2df57ca9191b64a7af3baa3f946fa7df2f25.sol:2565:5: Missing @param tag in function 'transfer' [Warning/use-natspec]
/sb/0x0cbe2df57ca9191b64a7af3baa3f946fa7df2f25.sol:2565:5: Mismatch in @param names for function 'transfer'. Expected: [to, value, data], Found: [] [Warning/use-natspec]
/sb/0x0cbe2df57ca9191b64a7af3baa3f946fa7df2f25.sol:2565:5: Missing @return tag in function 'transfer' [Warning/use-natspec]
/sb/0x0cbe2df57ca9191b64a7af3baa3f946fa7df2f25.sol:2565:5: Mismatch in @return count for function 'transfer'. Expected: 1, Found: 0 [Warning/use-natspec]
/sb/0x0cbe2df57ca9191b64a7af3baa3f946fa7df2f25.sol:2565:35: Rule is set with explicit type [var/s: uint] [Warning/explicit-types]
/sb/0x0cbe2df57ca9191b64a7af3baa3f946fa7df2f25.sol:2571:17: GC: Non strict inequality found. Try converting to a strict one [Warning/gas-strict-inequalities]
/sb/0x0cbe2df57ca9191b64a7af3baa3f946fa7df2f25.sol:2582:5: Missing @param tag in function 'transferFrom' [Warning/use-natspec]
/sb/0x0cbe2df57ca9191b64a7af3baa3f946fa7df2f25.sol:2582:5: Mismatch in @param names for function 'transferFrom'. Expected: [from, to, value], Found: [] [Warning/use-natspec]
/sb/0x0cbe2df57ca9191b64a7af3baa3f946fa7df2f25.sol:2582:5: Missing @return tag in function 'transferFrom' [Warning/use-natspec]
/sb/0x0cbe2df57ca9191b64a7af3baa3f946fa7df2f25.sol:2582:5: Mismatch in @return count for function 'transferFrom'. Expected: 1, Found: 0 [Warning/use-natspec]
/sb/0x0cbe2df57ca9191b64a7af3baa3f946fa7df2f25.sol:2582:53: Rule is set with explicit type [var/s: uint] [Warning/explicit-types]
/sb/0x0cbe2df57ca9191b64a7af3baa3f946fa7df2f25.sol:2596:5: Missing @param tag in function 'transferFrom' [Warning/use-natspec]
/sb/0x0cbe2df57ca9191b64a7af3baa3f946fa7df2f25.sol:2596:5: Mismatch in @param names for function 'transferFrom'. Expected: [from, to, value, data], Found: [] [Warning/use-natspec]
/sb/0x0cbe2df57ca9191b64a7af3baa3f946fa7df2f25.sol:2596:5: Missing @return tag in function 'transferFrom' [Warning/use-natspec]
/sb/0x0cbe2df57ca9191b64a7af3baa3f946fa7df2f25.sol:2596:5: Mismatch in @return count for function 'transferFrom'. Expected: 1, Found: 0 [Warning/use-natspec]
/sb/0x0cbe2df57ca9191b64a7af3baa3f946fa7df2f25.sol:2596:53: Rule is set with explicit type [var/s: uint] [Warning/explicit-types]
/sb/0x0cbe2df57ca9191b64a7af3baa3f946fa7df2f25.sol:2602:17: GC: Non strict inequality found. Try converting to a strict one [Warning/gas-strict-inequalities]
/sb/0x0cbe2df57ca9191b64a7af3baa3f946fa7df2f25.sol:2619:49: Rule is set with explicit type [var/s: uint] [Warning/explicit-types]
/sb/0x0cbe2df57ca9191b64a7af3baa3f946fa7df2f25.sol:2625:9: Error message for require is too long: 34 counted / 32 allowed [Warning/reason-string]
/sb/0x0cbe2df57ca9191b64a7af3baa3f946fa7df2f25.sol:2625:9: GC: String exceeds 32 bytes [Warning/gas-small-strings]
/sb/0x0cbe2df57ca9191b64a7af3baa3f946fa7df2f25.sol:2652:9: Rule is set with explicit type [var/s: uint] [Warning/explicit-types]
/sb/0x0cbe2df57ca9191b64a7af3baa3f946fa7df2f25.sol:2685:9: Rule is set with explicit type [var/s: uint] [Warning/explicit-types]
/sb/0x0cbe2df57ca9191b64a7af3baa3f946fa7df2f25.sol:2720:5: Function body contains 52 lines but allowed no more than 50 lines [Warning/function-max-lines]
/sb/0x0cbe2df57ca9191b64a7af3baa3f946fa7df2f25.sol:2723:9: Rule is set with explicit type [var/s: uint] [Warning/explicit-types]
/sb/0x0cbe2df57ca9191b64a7af3baa3f946fa7df2f25.sol:2743:9: Rule is set with explicit type [var/s: uint] [Warning/explicit-types]
/sb/0x0cbe2df57ca9191b64a7af3baa3f946fa7df2f25.sol:2746:9: Rule is set with explicit type [var/s: uint] [Warning/explicit-types]
/sb/0x0cbe2df57ca9191b64a7af3baa3f946fa7df2f25.sol:2747:9: Rule is set with explicit type [var/s: uint] [Warning/explicit-types]
/sb/0x0cbe2df57ca9191b64a7af3baa3f946fa7df2f25.sol:2759:13: Rule is set with explicit type [var/s: uint] [Warning/explicit-types]
/sb/0x0cbe2df57ca9191b64a7af3baa3f946fa7df2f25.sol:2781:53: Rule is set with explicit type [var/s: uint] [Warning/explicit-types]
/sb/0x0cbe2df57ca9191b64a7af3baa3f946fa7df2f25.sol:2786:9: Rule is set with explicit type [var/s: uint] [Warning/explicit-types]
/sb/0x0cbe2df57ca9191b64a7af3baa3f946fa7df2f25.sol:2789:9: Rule is set with explicit type [var/s: uint] [Warning/explicit-types]
/sb/0x0cbe2df57ca9191b64a7af3baa3f946fa7df2f25.sol:2792:9: Rule is set with explicit type [var/s: uint] [Warning/explicit-types]
/sb/0x0cbe2df57ca9191b64a7af3baa3f946fa7df2f25.sol:2795:9: Rule is set with explicit type [var/s: uint] [Warning/explicit-types]
/sb/0x0cbe2df57ca9191b64a7af3baa3f946fa7df2f25.sol:2801:9: Rule is set with explicit type [var/s: uint] [Warning/explicit-types]
/sb/0x0cbe2df57ca9191b64a7af3baa3f946fa7df2f25.sol:2804:9: Rule is set with explicit type [var/s: uint] [Warning/explicit-types]
/sb/0x0cbe2df57ca9191b64a7af3baa3f946fa7df2f25.sol:2836:46: Rule is set with explicit type [var/s: uint] [Warning/explicit-types]
/sb/0x0cbe2df57ca9191b64a7af3baa3f946fa7df2f25.sol:2842:17: GC: Non strict inequality found. Try converting to a strict one [Warning/gas-strict-inequalities]
/sb/0x0cbe2df57ca9191b64a7af3baa3f946fa7df2f25.sol:2861:9: Rule is set with explicit type [var/s: uint] [Warning/explicit-types]
/sb/0x0cbe2df57ca9191b64a7af3baa3f946fa7df2f25.sol:2872:45: Rule is set with explicit type [var/s: uint] [Warning/explicit-types]
/sb/0x0cbe2df57ca9191b64a7af3baa3f946fa7df2f25.sol:2879:9: Rule is set with explicit type [var/s: uint] [Warning/explicit-types]
/sb/0x0cbe2df57ca9191b64a7af3baa3f946fa7df2f25.sol:2885:9: Rule is set with explicit type [var/s: uint] [Warning/explicit-types]
/sb/0x0cbe2df57ca9191b64a7af3baa3f946fa7df2f25.sol:2899:58: Rule is set with explicit type [var/s: uint] [Warning/explicit-types]
/sb/0x0cbe2df57ca9191b64a7af3baa3f946fa7df2f25.sol:2903:9: Rule is set with explicit type [var/s: uint] [Warning/explicit-types]
/sb/0x0cbe2df57ca9191b64a7af3baa3f946fa7df2f25.sol:2906:9: Rule is set with explicit type [var/s: uint] [Warning/explicit-types]
/sb/0x0cbe2df57ca9191b64a7af3baa3f946fa7df2f25.sol:2909:9: Rule is set with explicit type [var/s: uint] [Warning/explicit-types]
/sb/0x0cbe2df57ca9191b64a7af3baa3f946fa7df2f25.sol:2910:9: Rule is set with explicit type [var/s: uint] [Warning/explicit-types]
/sb/0x0cbe2df57ca9191b64a7af3baa3f946fa7df2f25.sol:2915:9: Rule is set with explicit type [var/s: uint] [Warning/explicit-types]
/sb/0x0cbe2df57ca9191b64a7af3baa3f946fa7df2f25.sol:2923:13: Rule is set with explicit type [var/s: uint] [Warning/explicit-types]
/sb/0x0cbe2df57ca9191b64a7af3baa3f946fa7df2f25.sol:2924:13: Rule is set with explicit type [var/s: uint] [Warning/explicit-types]
/sb/0x0cbe2df57ca9191b64a7af3baa3f946fa7df2f25.sol:2925:13: Rule is set with explicit type [var/s: uint] [Warning/explicit-types]
/sb/0x0cbe2df57ca9191b64a7af3baa3f946fa7df2f25.sol:2943:5: Missing @param tag in function 'maxIssuableSynths' [Warning/use-natspec]
/sb/0x0cbe2df57ca9191b64a7af3baa3f946fa7df2f25.sol:2943:5: Mismatch in @param names for function 'maxIssuableSynths'. Expected: [issuer, currencyKey], Found: [] [Warning/use-natspec]
/sb/0x0cbe2df57ca9191b64a7af3baa3f946fa7df2f25.sol:2943:5: Missing @return tag in function 'maxIssuableSynths' [Warning/use-natspec]
/sb/0x0cbe2df57ca9191b64a7af3baa3f946fa7df2f25.sol:2943:5: Mismatch in @return count for function 'maxIssuableSynths'. Expected: 1, Found: 0 [Warning/use-natspec]
/sb/0x0cbe2df57ca9191b64a7af3baa3f946fa7df2f25.sol:2947:18: Rule is set with explicit type [var/s: uint] [Warning/explicit-types]
/sb/0x0cbe2df57ca9191b64a7af3baa3f946fa7df2f25.sol:2950:9: Rule is set with explicit type [var/s: uint] [Warning/explicit-types]
/sb/0x0cbe2df57ca9191b64a7af3baa3f946fa7df2f25.sol:2964:5: Missing @param tag in function 'collateralisationRatio' [Warning/use-natspec]
/sb/0x0cbe2df57ca9191b64a7af3baa3f946fa7df2f25.sol:2964:5: Mismatch in @param names for function 'collateralisationRatio'. Expected: [issuer], Found: [] [Warning/use-natspec]
/sb/0x0cbe2df57ca9191b64a7af3baa3f946fa7df2f25.sol:2964:5: Missing @return tag in function 'collateralisationRatio' [Warning/use-natspec]
/sb/0x0cbe2df57ca9191b64a7af3baa3f946fa7df2f25.sol:2964:5: Mismatch in @return count for function 'collateralisationRatio'. Expected: 1, Found: 0 [Warning/use-natspec]
/sb/0x0cbe2df57ca9191b64a7af3baa3f946fa7df2f25.sol:2967:18: Rule is set with explicit type [var/s: uint] [Warning/explicit-types]
/sb/0x0cbe2df57ca9191b64a7af3baa3f946fa7df2f25.sol:2969:9: Rule is set with explicit type [var/s: uint] [Warning/explicit-types]
/sb/0x0cbe2df57ca9191b64a7af3baa3f946fa7df2f25.sol:2972:9: Rule is set with explicit type [var/s: uint] [Warning/explicit-types]
/sb/0x0cbe2df57ca9191b64a7af3baa3f946fa7df2f25.sol:2982:5: Missing @param tag in function 'debtBalanceOf' [Warning/use-natspec]
/sb/0x0cbe2df57ca9191b64a7af3baa3f946fa7df2f25.sol:2982:5: Mismatch in @param names for function 'debtBalanceOf'. Expected: [issuer, currencyKey], Found: [] [Warning/use-natspec]
/sb/0x0cbe2df57ca9191b64a7af3baa3f946fa7df2f25.sol:2982:5: Missing @return tag in function 'debtBalanceOf' [Warning/use-natspec]
/sb/0x0cbe2df57ca9191b64a7af3baa3f946fa7df2f25.sol:2982:5: Mismatch in @return count for function 'debtBalanceOf'. Expected: 1, Found: 0 [Warning/use-natspec]
/sb/0x0cbe2df57ca9191b64a7af3baa3f946fa7df2f25.sol:2986:18: Rule is set with explicit type [var/s: uint] [Warning/explicit-types]
/sb/0x0cbe2df57ca9191b64a7af3baa3f946fa7df2f25.sol:2989:9: Rule is set with explicit type [var/s: uint] [Warning/explicit-types]
/sb/0x0cbe2df57ca9191b64a7af3baa3f946fa7df2f25.sol:2990:9: Rule is set with explicit type [var/s: uint] [Warning/explicit-types]
/sb/0x0cbe2df57ca9191b64a7af3baa3f946fa7df2f25.sol:2998:9: Rule is set with explicit type [var/s: uint] [Warning/explicit-types]
/sb/0x0cbe2df57ca9191b64a7af3baa3f946fa7df2f25.sol:3003:9: Rule is set with explicit type [var/s: uint] [Warning/explicit-types]
/sb/0x0cbe2df57ca9191b64a7af3baa3f946fa7df2f25.sol:3006:9: Rule is set with explicit type [var/s: uint] [Warning/explicit-types]
/sb/0x0cbe2df57ca9191b64a7af3baa3f946fa7df2f25.sol:3017:5: Missing @return tag in function 'remainingIssuableSynths' [Warning/use-natspec]
/sb/0x0cbe2df57ca9191b64a7af3baa3f946fa7df2f25.sol:3017:5: Mismatch in @return count for function 'remainingIssuableSynths'. Expected: 1, Found: 0 [Warning/use-natspec]
/sb/0x0cbe2df57ca9191b64a7af3baa3f946fa7df2f25.sol:3021:18: Rule is set with explicit type [var/s: uint] [Warning/explicit-types]
/sb/0x0cbe2df57ca9191b64a7af3baa3f946fa7df2f25.sol:3023:9: Rule is set with explicit type [var/s: uint] [Warning/explicit-types]
/sb/0x0cbe2df57ca9191b64a7af3baa3f946fa7df2f25.sol:3024:9: Rule is set with explicit type [var/s: uint] [Warning/explicit-types]
/sb/0x0cbe2df57ca9191b64a7af3baa3f946fa7df2f25.sol:3026:13: GC: Non strict inequality found. Try converting to a strict one [Warning/gas-strict-inequalities]
/sb/0x0cbe2df57ca9191b64a7af3baa3f946fa7df2f25.sol:3039:5: Missing @param tag in function 'collateral' [Warning/use-natspec]
/sb/0x0cbe2df57ca9191b64a7af3baa3f946fa7df2f25.sol:3039:5: Mismatch in @param names for function 'collateral'. Expected: [account], Found: [] [Warning/use-natspec]
/sb/0x0cbe2df57ca9191b64a7af3baa3f946fa7df2f25.sol:3039:5: Missing @return tag in function 'collateral' [Warning/use-natspec]
/sb/0x0cbe2df57ca9191b64a7af3baa3f946fa7df2f25.sol:3039:5: Mismatch in @return count for function 'collateral'. Expected: 1, Found: 0 [Warning/use-natspec]
/sb/0x0cbe2df57ca9191b64a7af3baa3f946fa7df2f25.sol:3042:18: Rule is set with explicit type [var/s: uint] [Warning/explicit-types]
/sb/0x0cbe2df57ca9191b64a7af3baa3f946fa7df2f25.sol:3044:9: Rule is set with explicit type [var/s: uint] [Warning/explicit-types]
/sb/0x0cbe2df57ca9191b64a7af3baa3f946fa7df2f25.sol:3059:5: Missing @param tag in function 'transferableSynthetix' [Warning/use-natspec]
/sb/0x0cbe2df57ca9191b64a7af3baa3f946fa7df2f25.sol:3059:5: Mismatch in @param names for function 'transferableSynthetix'. Expected: [account], Found: [] [Warning/use-natspec]
/sb/0x0cbe2df57ca9191b64a7af3baa3f946fa7df2f25.sol:3059:5: Missing @return tag in function 'transferableSynthetix' [Warning/use-natspec]
/sb/0x0cbe2df57ca9191b64a7af3baa3f946fa7df2f25.sol:3059:5: Mismatch in @return count for function 'transferableSynthetix'. Expected: 1, Found: 0 [Warning/use-natspec]
/sb/0x0cbe2df57ca9191b64a7af3baa3f946fa7df2f25.sol:3063:18: Rule is set with explicit type [var/s: uint] [Warning/explicit-types]
/sb/0x0cbe2df57ca9191b64a7af3baa3f946fa7df2f25.sol:3068:9: Rule is set with explicit type [var/s: uint] [Warning/explicit-types]
/sb/0x0cbe2df57ca9191b64a7af3baa3f946fa7df2f25.sol:3074:9: Rule is set with explicit type [var/s: uint] [Warning/explicit-types]
/sb/0x0cbe2df57ca9191b64a7af3baa3f946fa7df2f25.sol:3077:13: GC: Non strict inequality found. Try converting to a strict one [Warning/gas-strict-inequalities]
/sb/0x0cbe2df57ca9191b64a7af3baa3f946fa7df2f25.sol:3087:9: Error message for require is too long: 34 counted / 32 allowed [Warning/reason-string]
/sb/0x0cbe2df57ca9191b64a7af3baa3f946fa7df2f25.sol:3087:9: GC: String exceeds 32 bytes [Warning/gas-small-strings]
/sb/0x0cbe2df57ca9191b64a7af3baa3f946fa7df2f25.sol:3100:55: GC: For [ i ] variable, increment/decrement by 1 using: [ ++variable ] to save gas [Warning/gas-increment-by-one]
/sb/0x0cbe2df57ca9191b64a7af3baa3f946fa7df2f25.sol:3111:28: Rule is set with explicit type [var/s: uint] [Warning/explicit-types]
/sb/0x0cbe2df57ca9191b64a7af3baa3f946fa7df2f25.sol:3118:5: Missing @notice tag in event 'PreferredCurrencyChanged' [Warning/use-natspec]
/sb/0x0cbe2df57ca9191b64a7af3baa3f946fa7df2f25.sol:3118:5: Missing @param tag in event 'PreferredCurrencyChanged' [Warning/use-natspec]
/sb/0x0cbe2df57ca9191b64a7af3baa3f946fa7df2f25.sol:3118:5: Mismatch in @param names for event 'PreferredCurrencyChanged'. Expected: [account, newPreferredCurrency], Found: [] [Warning/use-natspec]
/sb/0x0cbe2df57ca9191b64a7af3baa3f946fa7df2f25.sol:3119:5: Explicitly mark visibility of state [Warning/state-visibility]
/sb/0x0cbe2df57ca9191b64a7af3baa3f946fa7df2f25.sol:3119:53: GC: String exceeds 32 bytes [Warning/gas-small-strings]
/sb/0x0cbe2df57ca9191b64a7af3baa3f946fa7df2f25.sol:3119:53: GC: String exceeds 32 bytes [Warning/gas-small-strings]
/sb/0x0cbe2df57ca9191b64a7af3baa3f946fa7df2f25.sol:3120:5: Missing @notice tag in function 'emitPreferredCurrencyChanged' [Warning/use-natspec]
/sb/0x0cbe2df57ca9191b64a7af3baa3f946fa7df2f25.sol:3120:5: Missing @param tag in function 'emitPreferredCurrencyChanged' [Warning/use-natspec]
/sb/0x0cbe2df57ca9191b64a7af3baa3f946fa7df2f25.sol:3120:5: Mismatch in @param names for function 'emitPreferredCurrencyChanged'. Expected: [account, newPreferredCurrency], Found: [] [Warning/use-natspec]
/sb/0x0cbe2df57ca9191b64a7af3baa3f946fa7df2f25.sol:3124:5: Missing @notice tag in event 'StateContractChanged' [Warning/use-natspec]
/sb/0x0cbe2df57ca9191b64a7af3baa3f946fa7df2f25.sol:3124:5: Missing @param tag in event 'StateContractChanged' [Warning/use-natspec]
/sb/0x0cbe2df57ca9191b64a7af3baa3f946fa7df2f25.sol:3124:5: Mismatch in @param names for event 'StateContractChanged'. Expected: [stateContract], Found: [] [Warning/use-natspec]
/sb/0x0cbe2df57ca9191b64a7af3baa3f946fa7df2f25.sol:3124:5: GC: [stateContract] on Event [StateContractChanged] could be Indexed [Warning/gas-indexed-events]
/sb/0x0cbe2df57ca9191b64a7af3baa3f946fa7df2f25.sol:3125:5: Explicitly mark visibility of state [Warning/state-visibility]
/sb/0x0cbe2df57ca9191b64a7af3baa3f946fa7df2f25.sol:3126:5: Missing @notice tag in function 'emitStateContractChanged' [Warning/use-natspec]
/sb/0x0cbe2df57ca9191b64a7af3baa3f946fa7df2f25.sol:3126:5: Missing @param tag in function 'emitStateContractChanged' [Warning/use-natspec]
/sb/0x0cbe2df57ca9191b64a7af3baa3f946fa7df2f25.sol:3126:5: Mismatch in @param names for function 'emitStateContractChanged'. Expected: [stateContract], Found: [] [Warning/use-natspec]
/sb/0x0cbe2df57ca9191b64a7af3baa3f946fa7df2f25.sol:3130:5: Missing @notice tag in event 'SynthAdded' [Warning/use-natspec]
/sb/0x0cbe2df57ca9191b64a7af3baa3f946fa7df2f25.sol:3130:5: Missing @param tag in event 'SynthAdded' [Warning/use-natspec]
/sb/0x0cbe2df57ca9191b64a7af3baa3f946fa7df2f25.sol:3130:5: Mismatch in @param names for event 'SynthAdded'. Expected: [currencyKey, newSynth], Found: [] [Warning/use-natspec]
/sb/0x0cbe2df57ca9191b64a7af3baa3f946fa7df2f25.sol:3130:5: GC: [newSynth] on Event [SynthAdded] could be Indexed [Warning/gas-indexed-events]
/sb/0x0cbe2df57ca9191b64a7af3baa3f946fa7df2f25.sol:3131:5: Explicitly mark visibility of state [Warning/state-visibility]
/sb/0x0cbe2df57ca9191b64a7af3baa3f946fa7df2f25.sol:3132:5: Missing @notice tag in function 'emitSynthAdded' [Warning/use-natspec]
/sb/0x0cbe2df57ca9191b64a7af3baa3f946fa7df2f25.sol:3132:5: Missing @param tag in function 'emitSynthAdded' [Warning/use-natspec]
/sb/0x0cbe2df57ca9191b64a7af3baa3f946fa7df2f25.sol:3132:5: Mismatch in @param names for function 'emitSynthAdded'. Expected: [currencyKey, newSynth], Found: [] [Warning/use-natspec]
/sb/0x0cbe2df57ca9191b64a7af3baa3f946fa7df2f25.sol:3136:5: Missing @notice tag in event 'SynthRemoved' [Warning/use-natspec]
/sb/0x0cbe2df57ca9191b64a7af3baa3f946fa7df2f25.sol:3136:5: Missing @param tag in event 'SynthRemoved' [Warning/use-natspec]
/sb/0x0cbe2df57ca9191b64a7af3baa3f946fa7df2f25.sol:3136:5: Mismatch in @param names for event 'SynthRemoved'. Expected: [currencyKey, removedSynth], Found: [] [Warning/use-natspec]
/sb/0x0cbe2df57ca9191b64a7af3baa3f946fa7df2f25.sol:3136:5: GC: [removedSynth] on Event [SynthRemoved] could be Indexed [Warning/gas-indexed-events]
/sb/0x0cbe2df57ca9191b64a7af3baa3f946fa7df2f25.sol:3137:5: Explicitly mark visibility of state [Warning/state-visibility]
/sb/0x0cbe2df57ca9191b64a7af3baa3f946fa7df2f25.sol:3138:5: Missing @notice tag in function 'emitSynthRemoved' [Warning/use-natspec]
/sb/0x0cbe2df57ca9191b64a7af3baa3f946fa7df2f25.sol:3138:5: Missing @param tag in function 'emitSynthRemoved' [Warning/use-natspec]
/sb/0x0cbe2df57ca9191b64a7af3baa3f946fa7df2f25.sol:3138:5: Mismatch in @param names for function 'emitSynthRemoved'. Expected: [currencyKey, removedSynth], Found: [] [Warning/use-natspec]
/sb/0x0cbe2df57ca9191b64a7af3baa3f946fa7df2f25.sol:3182:1: Missing @title tag in contract 'FeePool' [Warning/use-natspec]
/sb/0x0cbe2df57ca9191b64a7af3baa3f946fa7df2f25.sol:3182:1: Missing @author tag in contract 'FeePool' [Warning/use-natspec]
/sb/0x0cbe2df57ca9191b64a7af3baa3f946fa7df2f25.sol:3182:1: Missing @notice tag in contract 'FeePool' [Warning/use-natspec]
/sb/0x0cbe2df57ca9191b64a7af3baa3f946fa7df2f25.sol:3187:5: Missing @notice tag in variable 'synthetix' [Warning/use-natspec]
/sb/0x0cbe2df57ca9191b64a7af3baa3f946fa7df2f25.sol:3190:5: Rule is set with explicit type [var/s: uint] [Warning/explicit-types]
/sb/0x0cbe2df57ca9191b64a7af3baa3f946fa7df2f25.sol:3190:5: Missing @notice tag in variable 'transferFeeRate' [Warning/use-natspec]
/sb/0x0cbe2df57ca9191b64a7af3baa3f946fa7df2f25.sol:3193:5: Rule is set with explicit type [var/s: uint] [Warning/explicit-types]
/sb/0x0cbe2df57ca9191b64a7af3baa3f946fa7df2f25.sol:3193:5: Missing @notice tag in variable 'MAX_TRANSFER_FEE_RATE' [Warning/use-natspec]
/sb/0x0cbe2df57ca9191b64a7af3baa3f946fa7df2f25.sol:3196:5: Rule is set with explicit type [var/s: uint] [Warning/explicit-types]
/sb/0x0cbe2df57ca9191b64a7af3baa3f946fa7df2f25.sol:3196:5: Missing @notice tag in variable 'exchangeFeeRate' [Warning/use-natspec]
/sb/0x0cbe2df57ca9191b64a7af3baa3f946fa7df2f25.sol:3199:5: Rule is set with explicit type [var/s: uint] [Warning/explicit-types]
/sb/0x0cbe2df57ca9191b64a7af3baa3f946fa7df2f25.sol:3199:5: Missing @notice tag in variable 'MAX_EXCHANGE_FEE_RATE' [Warning/use-natspec]
/sb/0x0cbe2df57ca9191b64a7af3baa3f946fa7df2f25.sol:3202:5: Missing @notice tag in variable 'feeAuthority' [Warning/use-natspec]
/sb/0x0cbe2df57ca9191b64a7af3baa3f946fa7df2f25.sol:3205:5: Missing @notice tag in variable 'FEE_ADDRESS' [Warning/use-natspec]
/sb/0x0cbe2df57ca9191b64a7af3baa3f946fa7df2f25.sol:3209:9: Rule is set with explicit type [var/s: uint] [Warning/explicit-types]
/sb/0x0cbe2df57ca9191b64a7af3baa3f946fa7df2f25.sol:3210:9: Rule is set with explicit type [var/s: uint] [Warning/explicit-types]
/sb/0x0cbe2df57ca9191b64a7af3baa3f946fa7df2f25.sol:3211:9: Rule is set with explicit type [var/s: uint] [Warning/explicit-types]
/sb/0x0cbe2df57ca9191b64a7af3baa3f946fa7df2f25.sol:3212:9: Rule is set with explicit type [var/s: uint] [Warning/explicit-types]
/sb/0x0cbe2df57ca9191b64a7af3baa3f946fa7df2f25.sol:3213:9: Rule is set with explicit type [var/s: uint] [Warning/explicit-types]
/sb/0x0cbe2df57ca9191b64a7af3baa3f946fa7df2f25.sol:3220:5: Missing @notice tag in variable 'FEE_PERIOD_LENGTH' [Warning/use-natspec]
/sb/0x0cbe2df57ca9191b64a7af3baa3f946fa7df2f25.sol:3221:5: Missing @notice tag in variable 'recentFeePeriods' [Warning/use-natspec]
/sb/0x0cbe2df57ca9191b64a7af3baa3f946fa7df2f25.sol:3224:5: Rule is set with explicit type [var/s: uint] [Warning/explicit-types]
/sb/0x0cbe2df57ca9191b64a7af3baa3f946fa7df2f25.sol:3224:5: Missing @notice tag in variable 'nextFeePeriodId' [Warning/use-natspec]
/sb/0x0cbe2df57ca9191b64a7af3baa3f946fa7df2f25.sol:3230:5: Rule is set with explicit type [var/s: uint] [Warning/explicit-types]
/sb/0x0cbe2df57ca9191b64a7af3baa3f946fa7df2f25.sol:3230:5: Missing @notice tag in variable 'feePeriodDuration' [Warning/use-natspec]
/sb/0x0cbe2df57ca9191b64a7af3baa3f946fa7df2f25.sol:3233:5: Rule is set with explicit type [var/s: uint] [Warning/explicit-types]
/sb/0x0cbe2df57ca9191b64a7af3baa3f946fa7df2f25.sol:3233:5: Missing @notice tag in variable 'MIN_FEE_PERIOD_DURATION' [Warning/use-natspec]
/sb/0x0cbe2df57ca9191b64a7af3baa3f946fa7df2f25.sol:3234:5: Rule is set with explicit type [var/s: uint] [Warning/explicit-types]
/sb/0x0cbe2df57ca9191b64a7af3baa3f946fa7df2f25.sol:3234:5: Missing @notice tag in variable 'MAX_FEE_PERIOD_DURATION' [Warning/use-natspec]
/sb/0x0cbe2df57ca9191b64a7af3baa3f946fa7df2f25.sol:3237:5: Rule is set with explicit type [var/s: uint] [Warning/explicit-types]
/sb/0x0cbe2df57ca9191b64a7af3baa3f946fa7df2f25.sol:3237:5: Missing @notice tag in variable 'lastFeeWithdrawal' [Warning/use-natspec]
/sb/0x0cbe2df57ca9191b64a7af3baa3f946fa7df2f25.sol:3241:5: Explicitly mark visibility of state [Warning/state-visibility]
/sb/0x0cbe2df57ca9191b64a7af3baa3f946fa7df2f25.sol:3241:5: Rule is set with explicit type [var/s: uint] [Warning/explicit-types]
/sb/0x0cbe2df57ca9191b64a7af3baa3f946fa7df2f25.sol:3242:5: Explicitly mark visibility of state [Warning/state-visibility]
/sb/0x0cbe2df57ca9191b64a7af3baa3f946fa7df2f25.sol:3242:5: Rule is set with explicit type [var/s: uint] [Warning/explicit-types]
/sb/0x0cbe2df57ca9191b64a7af3baa3f946fa7df2f25.sol:3243:5: Explicitly mark visibility of state [Warning/state-visibility]
/sb/0x0cbe2df57ca9191b64a7af3baa3f946fa7df2f25.sol:3243:5: Rule is set with explicit type [var/s: uint] [Warning/explicit-types]
/sb/0x0cbe2df57ca9191b64a7af3baa3f946fa7df2f25.sol:3244:5: Explicitly mark visibility of state [Warning/state-visibility]
/sb/0x0cbe2df57ca9191b64a7af3baa3f946fa7df2f25.sol:3244:5: Rule is set with explicit type [var/s: uint] [Warning/explicit-types]
/sb/0x0cbe2df57ca9191b64a7af3baa3f946fa7df2f25.sol:3245:5: Explicitly mark visibility of state [Warning/state-visibility]
/sb/0x0cbe2df57ca9191b64a7af3baa3f946fa7df2f25.sol:3245:5: Rule is set with explicit type [var/s: uint] [Warning/explicit-types]
/sb/0x0cbe2df57ca9191b64a7af3baa3f946fa7df2f25.sol:3246:5: Explicitly mark visibility of state [Warning/state-visibility]
/sb/0x0cbe2df57ca9191b64a7af3baa3f946fa7df2f25.sol:3246:5: Rule is set with explicit type [var/s: uint] [Warning/explicit-types]
/sb/0x0cbe2df57ca9191b64a7af3baa3f946fa7df2f25.sol:3248:5: Missing @notice tag in function '<anonymous>' [Warning/use-natspec]
/sb/0x0cbe2df57ca9191b64a7af3baa3f946fa7df2f25.sol:3248:5: Missing @param tag in function '<anonymous>' [Warning/use-natspec]
/sb/0x0cbe2df57ca9191b64a7af3baa3f946fa7df2f25.sol:3248:5: Mismatch in @param names for function '<anonymous>'. Expected: [_proxy, _owner, _synthetix, _feeAuthority, _transferFeeRate, _exchangeFeeRate], Found: [] [Warning/use-natspec]
/sb/0x0cbe2df57ca9191b64a7af3baa3f946fa7df2f25.sol:3248:94: Rule is set with explicit type [var/s: uint] [Warning/explicit-types]
/sb/0x0cbe2df57ca9191b64a7af3baa3f946fa7df2f25.sol:3248:117: Rule is set with explicit type [var/s: uint] [Warning/explicit-types]
/sb/0x0cbe2df57ca9191b64a7af3baa3f946fa7df2f25.sol:3251:9: Visibility modifier must be first in list of modifiers [Warning/visibility-modifier-order]
/sb/0x0cbe2df57ca9191b64a7af3baa3f946fa7df2f25.sol:3254:9: Error message for require is too long: 65 counted / 32 allowed [Warning/reason-string]
/sb/0x0cbe2df57ca9191b64a7af3baa3f946fa7df2f25.sol:3254:9: GC: String exceeds 32 bytes [Warning/gas-small-strings]
/sb/0x0cbe2df57ca9191b64a7af3baa3f946fa7df2f25.sol:3254:17: GC: Non strict inequality found. Try converting to a strict one [Warning/gas-strict-inequalities]
/sb/0x0cbe2df57ca9191b64a7af3baa3f946fa7df2f25.sol:3255:9: Error message for require is too long: 65 counted / 32 allowed [Warning/reason-string]
/sb/0x0cbe2df57ca9191b64a7af3baa3f946fa7df2f25.sol:3255:9: GC: String exceeds 32 bytes [Warning/gas-small-strings]
/sb/0x0cbe2df57ca9191b64a7af3baa3f946fa7df2f25.sol:3255:17: GC: Non strict inequality found. Try converting to a strict one [Warning/gas-strict-inequalities]
/sb/0x0cbe2df57ca9191b64a7af3baa3f946fa7df2f25.sol:3277:5: Missing @param tag in function 'setExchangeFeeRate' [Warning/use-natspec]
/sb/0x0cbe2df57ca9191b64a7af3baa3f946fa7df2f25.sol:3277:5: Mismatch in @param names for function 'setExchangeFeeRate'. Expected: [_exchangeFeeRate], Found: [] [Warning/use-natspec]
/sb/0x0cbe2df57ca9191b64a7af3baa3f946fa7df2f25.sol:3277:33: Rule is set with explicit type [var/s: uint] [Warning/explicit-types]
/sb/0x0cbe2df57ca9191b64a7af3baa3f946fa7df2f25.sol:3281:9: Error message for require is too long: 53 counted / 32 allowed [Warning/reason-string]
/sb/0x0cbe2df57ca9191b64a7af3baa3f946fa7df2f25.sol:3281:9: GC: String exceeds 32 bytes [Warning/gas-small-strings]
/sb/0x0cbe2df57ca9191b64a7af3baa3f946fa7df2f25.sol:3281:17: GC: Non strict inequality found. Try converting to a strict one [Warning/gas-strict-inequalities]
/sb/0x0cbe2df57ca9191b64a7af3baa3f946fa7df2f25.sol:3292:5: Missing @param tag in function 'setTransferFeeRate' [Warning/use-natspec]
/sb/0x0cbe2df57ca9191b64a7af3baa3f946fa7df2f25.sol:3292:5: Mismatch in @param names for function 'setTransferFeeRate'. Expected: [_transferFeeRate], Found: [] [Warning/use-natspec]
/sb/0x0cbe2df57ca9191b64a7af3baa3f946fa7df2f25.sol:3292:33: Rule is set with explicit type [var/s: uint] [Warning/explicit-types]
/sb/0x0cbe2df57ca9191b64a7af3baa3f946fa7df2f25.sol:3296:9: Error message for require is too long: 53 counted / 32 allowed [Warning/reason-string]
/sb/0x0cbe2df57ca9191b64a7af3baa3f946fa7df2f25.sol:3296:9: GC: String exceeds 32 bytes [Warning/gas-small-strings]
/sb/0x0cbe2df57ca9191b64a7af3baa3f946fa7df2f25.sol:3296:17: GC: Non strict inequality found. Try converting to a strict one [Warning/gas-strict-inequalities]
/sb/0x0cbe2df57ca9191b64a7af3baa3f946fa7df2f25.sol:3307:5: Missing @param tag in function 'setFeeAuthority' [Warning/use-natspec]
/sb/0x0cbe2df57ca9191b64a7af3baa3f946fa7df2f25.sol:3307:5: Mismatch in @param names for function 'setFeeAuthority'. Expected: [_feeAuthority], Found: [] [Warning/use-natspec]
/sb/0x0cbe2df57ca9191b64a7af3baa3f946fa7df2f25.sol:3319:5: Missing @param tag in function 'setFeePeriodDuration' [Warning/use-natspec]
/sb/0x0cbe2df57ca9191b64a7af3baa3f946fa7df2f25.sol:3319:5: Mismatch in @param names for function 'setFeePeriodDuration'. Expected: [_feePeriodDuration], Found: [] [Warning/use-natspec]
/sb/0x0cbe2df57ca9191b64a7af3baa3f946fa7df2f25.sol:3319:35: Rule is set with explicit type [var/s: uint] [Warning/explicit-types]
/sb/0x0cbe2df57ca9191b64a7af3baa3f946fa7df2f25.sol:3323:9: Error message for require is too long: 62 counted / 32 allowed [Warning/reason-string]
/sb/0x0cbe2df57ca9191b64a7af3baa3f946fa7df2f25.sol:3323:9: GC: String exceeds 32 bytes [Warning/gas-small-strings]
/sb/0x0cbe2df57ca9191b64a7af3baa3f946fa7df2f25.sol:3323:17: GC: Non strict inequality found. Try converting to a strict one [Warning/gas-strict-inequalities]
/sb/0x0cbe2df57ca9191b64a7af3baa3f946fa7df2f25.sol:3324:9: Error message for require is too long: 65 counted / 32 allowed [Warning/reason-string]
/sb/0x0cbe2df57ca9191b64a7af3baa3f946fa7df2f25.sol:3324:9: GC: String exceeds 32 bytes [Warning/gas-small-strings]
/sb/0x0cbe2df57ca9191b64a7af3baa3f946fa7df2f25.sol:3324:17: GC: Non strict inequality found. Try converting to a strict one [Warning/gas-strict-inequalities]
/sb/0x0cbe2df57ca9191b64a7af3baa3f946fa7df2f25.sol:3334:5: Missing @param tag in function 'setSynthetix' [Warning/use-natspec]
/sb/0x0cbe2df57ca9191b64a7af3baa3f946fa7df2f25.sol:3334:5: Mismatch in @param names for function 'setSynthetix'. Expected: [_synthetix], Found: [] [Warning/use-natspec]
/sb/0x0cbe2df57ca9191b64a7af3baa3f946fa7df2f25.sol:3348:5: Missing @param tag in function 'feePaid' [Warning/use-natspec]
/sb/0x0cbe2df57ca9191b64a7af3baa3f946fa7df2f25.sol:3348:5: Mismatch in @param names for function 'feePaid'. Expected: [currencyKey, amount], Found: [] [Warning/use-natspec]
/sb/0x0cbe2df57ca9191b64a7af3baa3f946fa7df2f25.sol:3348:42: Rule is set with explicit type [var/s: uint] [Warning/explicit-types]
/sb/0x0cbe2df57ca9191b64a7af3baa3f946fa7df2f25.sol:3352:9: Rule is set with explicit type [var/s: uint] [Warning/explicit-types]
/sb/0x0cbe2df57ca9191b64a7af3baa3f946fa7df2f25.sol:3365:9: Error message for require is too long: 47 counted / 32 allowed [Warning/reason-string]
/sb/0x0cbe2df57ca9191b64a7af3baa3f946fa7df2f25.sol:3365:9: GC: String exceeds 32 bytes [Warning/gas-small-strings]
/sb/0x0cbe2df57ca9191b64a7af3baa3f946fa7df2f25.sol:3365:17: GC: Non strict inequality found. Try converting to a strict one [Warning/gas-strict-inequalities]
/sb/0x0cbe2df57ca9191b64a7af3baa3f946fa7df2f25.sol:3384:14: Rule is set with explicit type [var/s: uint] [Warning/explicit-types]
/sb/0x0cbe2df57ca9191b64a7af3baa3f946fa7df2f25.sol:3384:69: GC: For [ i ] variable, increment/decrement by 1 using: [ ++variable ] to save gas [Warning/gas-increment-by-one]
/sb/0x0cbe2df57ca9191b64a7af3baa3f946fa7df2f25.sol:3385:13: Rule is set with explicit type [var/s: uint] [Warning/explicit-types]
/sb/0x0cbe2df57ca9191b64a7af3baa3f946fa7df2f25.sol:3411:5: Missing @return tag in function 'claimFees' [Warning/use-natspec]
/sb/0x0cbe2df57ca9191b64a7af3baa3f946fa7df2f25.sol:3411:5: Mismatch in @return count for function 'claimFees'. Expected: 1, Found: 0 [Warning/use-natspec]
/sb/0x0cbe2df57ca9191b64a7af3baa3f946fa7df2f25.sol:3416:9: Rule is set with explicit type [var/s: uint] [Warning/explicit-types]
/sb/0x0cbe2df57ca9191b64a7af3baa3f946fa7df2f25.sol:3418:9: Error message for require is too long: 53 counted / 32 allowed [Warning/reason-string]
/sb/0x0cbe2df57ca9191b64a7af3baa3f946fa7df2f25.sol:3418:9: GC: String exceeds 32 bytes [Warning/gas-small-strings]
/sb/0x0cbe2df57ca9191b64a7af3baa3f946fa7df2f25.sol:3437:32: Rule is set with explicit type [var/s: uint] [Warning/explicit-types]
/sb/0x0cbe2df57ca9191b64a7af3baa3f946fa7df2f25.sol:3441:9: Rule is set with explicit type [var/s: uint] [Warning/explicit-types]
/sb/0x0cbe2df57ca9191b64a7af3baa3f946fa7df2f25.sol:3446:14: Rule is set with explicit type [var/s: uint] [Warning/explicit-types]
/sb/0x0cbe2df57ca9191b64a7af3baa3f946fa7df2f25.sol:3446:69: GC: For [ i ] variable, increment/decrement by 1 using: [ ++variable ] to save gas [Warning/gas-increment-by-one]
/sb/0x0cbe2df57ca9191b64a7af3baa3f946fa7df2f25.sol:3447:13: Rule is set with explicit type [var/s: uint] [Warning/explicit-types]
/sb/0x0cbe2df57ca9191b64a7af3baa3f946fa7df2f25.sol:3451:17: Rule is set with explicit type [var/s: uint] [Warning/explicit-types]
/sb/0x0cbe2df57ca9191b64a7af3baa3f946fa7df2f25.sol:3472:40: Rule is set with explicit type [var/s: uint] [Warning/explicit-types]
/sb/0x0cbe2df57ca9191b64a7af3baa3f946fa7df2f25.sol:3491:9: Rule is set with explicit type [var/s: uint] [Warning/explicit-types]
/sb/0x0cbe2df57ca9191b64a7af3baa3f946fa7df2f25.sol:3508:5: Missing @param tag in function 'transferFeeIncurred' [Warning/use-natspec]
/sb/0x0cbe2df57ca9191b64a7af3baa3f946fa7df2f25.sol:3508:5: Mismatch in @param names for function 'transferFeeIncurred'. Expected: [value], Found: [] [Warning/use-natspec]
/sb/0x0cbe2df57ca9191b64a7af3baa3f946fa7df2f25.sol:3508:34: Rule is set with explicit type [var/s: uint] [Warning/explicit-types]
/sb/0x0cbe2df57ca9191b64a7af3baa3f946fa7df2f25.sol:3511:18: Rule is set with explicit type [var/s: uint] [Warning/explicit-types]
/sb/0x0cbe2df57ca9191b64a7af3baa3f946fa7df2f25.sol:3529:5: Missing @return tag in function 'transferredAmountToReceive' [Warning/use-natspec]
/sb/0x0cbe2df57ca9191b64a7af3baa3f946fa7df2f25.sol:3529:5: Mismatch in @return count for function 'transferredAmountToReceive'. Expected: 1, Found: 0 [Warning/use-natspec]
/sb/0x0cbe2df57ca9191b64a7af3baa3f946fa7df2f25.sol:3529:41: Rule is set with explicit type [var/s: uint] [Warning/explicit-types]
/sb/0x0cbe2df57ca9191b64a7af3baa3f946fa7df2f25.sol:3532:18: Rule is set with explicit type [var/s: uint] [Warning/explicit-types]
/sb/0x0cbe2df57ca9191b64a7af3baa3f946fa7df2f25.sol:3541:5: Missing @return tag in function 'amountReceivedFromTransfer' [Warning/use-natspec]
/sb/0x0cbe2df57ca9191b64a7af3baa3f946fa7df2f25.sol:3541:5: Mismatch in @return count for function 'amountReceivedFromTransfer'. Expected: 1, Found: 0 [Warning/use-natspec]
/sb/0x0cbe2df57ca9191b64a7af3baa3f946fa7df2f25.sol:3541:41: Rule is set with explicit type [var/s: uint] [Warning/explicit-types]
/sb/0x0cbe2df57ca9191b64a7af3baa3f946fa7df2f25.sol:3544:18: Rule is set with explicit type [var/s: uint] [Warning/explicit-types]
/sb/0x0cbe2df57ca9191b64a7af3baa3f946fa7df2f25.sol:3553:5: Missing @param tag in function 'exchangeFeeIncurred' [Warning/use-natspec]
/sb/0x0cbe2df57ca9191b64a7af3baa3f946fa7df2f25.sol:3553:5: Mismatch in @param names for function 'exchangeFeeIncurred'. Expected: [value], Found: [] [Warning/use-natspec]
/sb/0x0cbe2df57ca9191b64a7af3baa3f946fa7df2f25.sol:3553:34: Rule is set with explicit type [var/s: uint] [Warning/explicit-types]
/sb/0x0cbe2df57ca9191b64a7af3baa3f946fa7df2f25.sol:3556:18: Rule is set with explicit type [var/s: uint] [Warning/explicit-types]
/sb/0x0cbe2df57ca9191b64a7af3baa3f946fa7df2f25.sol:3574:5: Missing @return tag in function 'exchangedAmountToReceive' [Warning/use-natspec]
/sb/0x0cbe2df57ca9191b64a7af3baa3f946fa7df2f25.sol:3574:5: Mismatch in @return count for function 'exchangedAmountToReceive'. Expected: 1, Found: 0 [Warning/use-natspec]
/sb/0x0cbe2df57ca9191b64a7af3baa3f946fa7df2f25.sol:3574:39: Rule is set with explicit type [var/s: uint] [Warning/explicit-types]
/sb/0x0cbe2df57ca9191b64a7af3baa3f946fa7df2f25.sol:3577:18: Rule is set with explicit type [var/s: uint] [Warning/explicit-types]
/sb/0x0cbe2df57ca9191b64a7af3baa3f946fa7df2f25.sol:3587:5: Missing @return tag in function 'amountReceivedFromExchange' [Warning/use-natspec]
/sb/0x0cbe2df57ca9191b64a7af3baa3f946fa7df2f25.sol:3587:5: Mismatch in @return count for function 'amountReceivedFromExchange'. Expected: 1, Found: 0 [Warning/use-natspec]
/sb/0x0cbe2df57ca9191b64a7af3baa3f946fa7df2f25.sol:3587:41: Rule is set with explicit type [var/s: uint] [Warning/explicit-types]
/sb/0x0cbe2df57ca9191b64a7af3baa3f946fa7df2f25.sol:3590:18: Rule is set with explicit type [var/s: uint] [Warning/explicit-types]
/sb/0x0cbe2df57ca9191b64a7af3baa3f946fa7df2f25.sol:3599:5: Missing @return tag in function 'totalFeesAvailable' [Warning/use-natspec]
/sb/0x0cbe2df57ca9191b64a7af3baa3f946fa7df2f25.sol:3599:5: Mismatch in @return count for function 'totalFeesAvailable'. Expected: 1, Found: 0 [Warning/use-natspec]
/sb/0x0cbe2df57ca9191b64a7af3baa3f946fa7df2f25.sol:3602:18: Rule is set with explicit type [var/s: uint] [Warning/explicit-types]
/sb/0x0cbe2df57ca9191b64a7af3baa3f946fa7df2f25.sol:3604:9: Rule is set with explicit type [var/s: uint] [Warning/explicit-types]
/sb/0x0cbe2df57ca9191b64a7af3baa3f946fa7df2f25.sol:3607:14: Rule is set with explicit type [var/s: uint] [Warning/explicit-types]
/sb/0x0cbe2df57ca9191b64a7af3baa3f946fa7df2f25.sol:3607:49: GC: For [ i ] variable, increment/decrement by 1 using: [ ++variable ] to save gas [Warning/gas-increment-by-one]
/sb/0x0cbe2df57ca9191b64a7af3baa3f946fa7df2f25.sol:3619:5: Mismatch in @param names for function 'feesAvailable'. Expected: [account, currencyKey], Found: [currencyKey] [Warning/use-natspec]
/sb/0x0cbe2df57ca9191b64a7af3baa3f946fa7df2f25.sol:3619:5: Missing @return tag in function 'feesAvailable' [Warning/use-natspec]
/sb/0x0cbe2df57ca9191b64a7af3baa3f946fa7df2f25.sol:3619:5: Mismatch in @return count for function 'feesAvailable'. Expected: 1, Found: 0 [Warning/use-natspec]
/sb/0x0cbe2df57ca9191b64a7af3baa3f946fa7df2f25.sol:3622:18: Rule is set with explicit type [var/s: uint] [Warning/explicit-types]
/sb/0x0cbe2df57ca9191b64a7af3baa3f946fa7df2f25.sol:3625:9: Rule is set with explicit type [var/s: uint] [Warning/explicit-types]
/sb/0x0cbe2df57ca9191b64a7af3baa3f946fa7df2f25.sol:3627:9: Rule is set with explicit type [var/s: uint] [Warning/explicit-types]
/sb/0x0cbe2df57ca9191b64a7af3baa3f946fa7df2f25.sol:3630:14: Rule is set with explicit type [var/s: uint] [Warning/explicit-types]
/sb/0x0cbe2df57ca9191b64a7af3baa3f946fa7df2f25.sol:3630:49: GC: For [ i ] variable, increment/decrement by 1 using: [ ++variable ] to save gas [Warning/gas-increment-by-one]
/sb/0x0cbe2df57ca9191b64a7af3baa3f946fa7df2f25.sol:3642:5: Missing @return tag in function 'currentPenalty' [Warning/use-natspec]
/sb/0x0cbe2df57ca9191b64a7af3baa3f946fa7df2f25.sol:3642:5: Mismatch in @return count for function 'currentPenalty'. Expected: 1, Found: 0 [Warning/use-natspec]
/sb/0x0cbe2df57ca9191b64a7af3baa3f946fa7df2f25.sol:3645:18: Rule is set with explicit type [var/s: uint] [Warning/explicit-types]
/sb/0x0cbe2df57ca9191b64a7af3baa3f946fa7df2f25.sol:3647:9: Rule is set with explicit type [var/s: uint] [Warning/explicit-types]
/sb/0x0cbe2df57ca9191b64a7af3baa3f946fa7df2f25.sol:3654:13: GC: Non strict inequality found. Try converting to a strict one [Warning/gas-strict-inequalities]
/sb/0x0cbe2df57ca9191b64a7af3baa3f946fa7df2f25.sol:3656:46: GC: Non strict inequality found. Try converting to a strict one [Warning/gas-strict-inequalities]
/sb/0x0cbe2df57ca9191b64a7af3baa3f946fa7df2f25.sol:3658:46: GC: Non strict inequality found. Try converting to a strict one [Warning/gas-strict-inequalities]
/sb/0x0cbe2df57ca9191b64a7af3baa3f946fa7df2f25.sol:3669:5: Missing @return tag in function 'feesByPeriod' [Warning/use-natspec]
/sb/0x0cbe2df57ca9191b64a7af3baa3f946fa7df2f25.sol:3669:5: Mismatch in @return count for function 'feesByPeriod'. Expected: 1, Found: 0 [Warning/use-nat
