'solc --version' running
'solc /sb/0x587a7c22f24f4f00e3a2b1c984ef290ce7d132d9.sol --combined-json abi,ast,bin,bin-runtime,srcmap,srcmap-runtime,userdoc,devdoc,hashes,compact-format --allow-paths .,/sb' running
Compilation warnings/errors on /sb/0x587a7c22f24f4f00e3a2b1c984ef290ce7d132d9.sol:
/sb/0x587a7c22f24f4f00e3a2b1c984ef290ce7d132d9.sol:68:5: Warning: Defining constructors as functions with the same name as the contract is deprecated. Use "constructor(...) { ... }" instead.
    function Ownable() public {
    ^ (Relevant source part starts here and spans across multiple lines).
/sb/0x587a7c22f24f4f00e3a2b1c984ef290ce7d132d9.sol:1212:5: Warning: Defining constructors as functions with the same name as the contract is deprecated. Use "constructor(...) { ... }" instead.
    function EtherHiLo() public {
    ^ (Relevant source part starts here and spans across multiple lines).
/sb/0x587a7c22f24f4f00e3a2b1c984ef290ce7d132d9.sol:86:9: Warning: Invoking events without "emit" prefix is deprecated.
        OwnershipTransferred(owner, newOwner);
        ^-----------------------------------^
/sb/0x587a7c22f24f4f00e3a2b1c984ef290ce7d132d9.sol:893:50: Warning: This function only accepts a single "bytes" argument. Please use "abi.encodePacked(...)" or a similar function to encode the data.
        oraclize_randomDS_setCommitment(queryId, keccak256(delay_bytes8_left, args[1], sha256(args[0]), args[2]));
                                                 ^-------------------------------------------------------------^
/sb/0x587a7c22f24f4f00e3a2b1c984ef290ce7d132d9.sol:1005:47: Warning: This function only accepts a single "bytes" argument. Please use "abi.encodePacked(...)" or a similar function to encode the data.
        if (!(keccak256(keyhash) == keccak256(sha256(context_name, queryId)))) return false;
                                              ^---------------------------^
/sb/0x587a7c22f24f4f00e3a2b1c984ef290ce7d132d9.sol:1005:37: Warning: This function only accepts a single "bytes" argument. Please use "abi.encodePacked(...)" or a similar function to encode the data.
        if (!(keccak256(keyhash) == keccak256(sha256(context_name, queryId)))) return false;
                                    ^--------------------------------------^
/sb/0x587a7c22f24f4f00e3a2b1c984ef290ce7d132d9.sol:1005:37: Warning: The provided argument of type bytes32 is not implicitly convertible to expected type bytes memory.
        if (!(keccak256(keyhash) == keccak256(sha256(context_name, queryId)))) return false;
                                    ^--------------------------------------^
/sb/0x587a7c22f24f4f00e3a2b1c984ef290ce7d132d9.sol:1023:48: Warning: This function only accepts a single "bytes" argument. Please use "abi.encodePacked(...)" or a similar function to encode the data.
        if (oraclize_randomDS_args[queryId] == keccak256(commitmentSlice1, sessionPubkeyHash)){ //unonce, nbytes and sessionKeyHash match
                                               ^--------------------------------------------^
/sb/0x587a7c22f24f4f00e3a2b1c984ef290ce7d132d9.sol:1245:30: Warning: This function only accepts a single "bytes" argument. Please use "abi.encodePacked(...)" or a similar function to encode the data.
            id:         uint(keccak256(block.number, block.timestamp, player, bet)),
                             ^---------------------------------------------------^
/sb/0x587a7c22f24f4f00e3a2b1c984ef290ce7d132d9.sol:1258:13: Warning: Invoking events without "emit" prefix is deprecated.
            GameStarted(player, game.id, bet);
            ^-------------------------------^
/sb/0x587a7c22f24f4f00e3a2b1c984ef290ce7d132d9.sol:1275:13: Warning: Invoking events without "emit" prefix is deprecated.
            DirectionChosen(player, game.id, game.bet, game.firstRoll, direction);
            ^-------------------------------------------------------------------^
/sb/0x587a7c22f24f4f00e3a2b1c984ef290ce7d132d9.sol:1300:55: Warning: Using contract member "balance" inherited from the address type is deprecated. Convert the contract to "address" type to access the member, for example use "address(contract).balance" instead.
        return SafeMath.div(SafeMath.div(SafeMath.mul(this.balance - balanceInPlay, maxBetThresholdPct), 100), 12);
                                                      ^----------^
/sb/0x587a7c22f24f4f00e3a2b1c984ef290ce7d132d9.sol:1383:13: Warning: Invoking events without "emit" prefix is deprecated.
            FirstRoll(player, game.id, game.bet, game.firstRoll);
            ^--------------------------------------------------^
/sb/0x587a7c22f24f4f00e3a2b1c984ef290ce7d132d9.sol:1408:30: Warning: Using contract member "balance" inherited from the address type is deprecated. Convert the contract to "address" type to access the member, for example use "address(contract).balance" instead.
        if (transferAmount > this.balance) {
                             ^----------^
/sb/0x587a7c22f24f4f00e3a2b1c984ef290ce7d132d9.sol:1409:28: Warning: Using contract member "balance" inherited from the address type is deprecated. Convert the contract to "address" type to access the member, for example use "address(contract).balance" instead.
            if (game.bet < this.balance) {
                           ^----------^
/sb/0x587a7c22f24f4f00e3a2b1c984ef290ce7d132d9.sol:1412:60: Warning: Using contract member "balance" inherited from the address type is deprecated. Convert the contract to "address" type to access the member, for example use "address(contract).balance" instead.
                transferAmount = SafeMath.div(SafeMath.mul(this.balance, 90), 100);
                                                           ^----------^
/sb/0x587a7c22f24f4f00e3a2b1c984ef290ce7d132d9.sol:1424:9: Warning: Invoking events without "emit" prefix is deprecated.
        GameFinished(player, game.id, game.bet, game.firstRoll, finalRoll, winnings, transferAmount);
        ^------------------------------------------------------------------------------------------^
/sb/0x587a7c22f24f4f00e3a2b1c984ef290ce7d132d9.sol:1434:28: Warning: This function only accepts a single "bytes" argument. Please use "abi.encodePacked(...)" or a similar function to encode the data.
        uint rollId = uint(keccak256(_queryId));
                           ^-----------------^
/sb/0x587a7c22f24f4f00e3a2b1c984ef290ce7d132d9.sol:1434:28: Warning: The provided argument of type bytes32 is not implicitly convertible to expected type bytes memory.
        uint rollId = uint(keccak256(_queryId));
                           ^-----------------^
/sb/0x587a7c22f24f4f00e3a2b1c984ef290ce7d132d9.sol:1461:9: Warning: Invoking events without "emit" prefix is deprecated.
        GameError(player, gameId, rollId);
        ^-------------------------------^
/sb/0x587a7c22f24f4f00e3a2b1c984ef290ce7d132d9.sol:1472:28: Warning: This function only accepts a single "bytes" argument. Please use "abi.encodePacked(...)" or a similar function to encode the data.
        uint rollId = uint(keccak256(_queryId));
                           ^-----------------^
/sb/0x587a7c22f24f4f00e3a2b1c984ef290ce7d132d9.sol:1472:28: Warning: The provided argument of type bytes32 is not implicitly convertible to expected type bytes memory.
        uint rollId = uint(keccak256(_queryId));
                           ^-----------------^
/sb/0x587a7c22f24f4f00e3a2b1c984ef290ce7d132d9.sol:1485:39: Warning: This function only accepts a single "bytes" argument. Please use "abi.encodePacked(...)" or a similar function to encode the data.
            uint randomNumber = (uint(keccak256(_result)) % NUM_DICE_SIDES) + 1;
                                      ^----------------^
/sb/0x587a7c22f24f4f00e3a2b1c984ef290ce7d132d9.sol:1485:39: Warning: The provided argument of type string memory is not implicitly convertible to expected type bytes memory.
            uint randomNumber = (uint(keccak256(_result)) % NUM_DICE_SIDES) + 1;
                                      ^----------------^
/sb/0x587a7c22f24f4f00e3a2b1c984ef290ce7d132d9.sol:217:5: Warning: Function state mutability can be restricted to pure
    function __callback(bytes32 myid, string result, bytes proof) public {
    ^ (Relevant source part starts here and spans across multiple lines).


usingOraclize.getCodeSize(address) (../sb/0x587a7c22f24f4f00e3a2b1c984ef290ce7d132d9.sol#617-621) is declared view but contains assembly code
usingOraclize.copyBytes(bytes,uint256,uint256,bytes,uint256) (../sb/0x587a7c22f24f4f00e3a2b1c984ef290ce7d132d9.sol#1042-1062) is declared view but contains assembly code
Reference: https://github.com/crytic/slither/wiki/Detector-Documentation#constant-functions-using-assembly-code

EtherHiLo.cleanupErrorGame(address,uint256,uint256) (../sb/0x587a7c22f24f4f00e3a2b1c984ef290ce7d132d9.sol#1448-1462) uses a dangerous strict equality:
	- gameId == 0 (../sb/0x587a7c22f24f4f00e3a2b1c984ef290ce7d132d9.sol#1450)
Reference: https://github.com/crytic/slither/wiki/Detector-Documentation#dangerous-strict-equalities

Reentrancy in usingOraclize.oraclizeAPI() (../sb/0x587a7c22f24f4f00e3a2b1c984ef290ce7d132d9.sol#160-168):
	External calls:
	- address(oraclize) != OAR.getAddress() (../sb/0x587a7c22f24f4f00e3a2b1c984ef290ce7d132d9.sol#164)
	- oraclize = OraclizeI(OAR.getAddress()) (../sb/0x587a7c22f24f4f00e3a2b1c984ef290ce7d132d9.sol#165)
	State variables written after the call(s):
	- oraclize = OraclizeI(OAR.getAddress()) (../sb/0x587a7c22f24f4f00e3a2b1c984ef290ce7d132d9.sol#165)
Reference: https://github.com/crytic/slither/wiki/Detector-Documentation#reentrancy-vulnerabilities-1

EtherHiLo.setRNGCallbackGas(uint256) (../sb/0x587a7c22f24f4f00e3a2b1c984ef290ce7d132d9.sol#1517-1519) should emit an event for: 
	- rngCallbackGas = gas (../sb/0x587a7c22f24f4f00e3a2b1c984ef290ce7d132d9.sol#1518) 
EtherHiLo.setMinBet(uint256) (../sb/0x587a7c22f24f4f00e3a2b1c984ef290ce7d132d9.sol#1527-1529) should emit an event for: 
	- minBet = bet (../sb/0x587a7c22f24f4f00e3a2b1c984ef290ce7d132d9.sol#1528) 
EtherHiLo.setMaxBetThresholdPct(uint256) (../sb/0x587a7c22f24f4f00e3a2b1c984ef290ce7d132d9.sol#1537-1539) should emit an event for: 
	- maxBetThresholdPct = v (../sb/0x587a7c22f24f4f00e3a2b1c984ef290ce7d132d9.sol#1538) 
Reference: https://github.com/crytic/slither/wiki/Detector-Documentation#missing-events-arithmetic

EtherHiLo.transferBalance(address,uint256).to (../sb/0x587a7c22f24f4f00e3a2b1c984ef290ce7d132d9.sol#1497) lacks a zero-check on :
		- to.transfer(amount) (../sb/0x587a7c22f24f4f00e3a2b1c984ef290ce7d132d9.sol#1498)
Reference: https://github.com/crytic/slither/wiki/Detector-Documentation#missing-zero-address-validation

Reentrancy in EtherHiLo.__callback(bytes32,string,bytes) (../sb/0x587a7c22f24f4f00e3a2b1c984ef290ce7d132d9.sol#1471-1491):
	External calls:
	- onlyOraclize() (../sb/0x587a7c22f24f4f00e3a2b1c984ef290ce7d132d9.sol#1471)
		- oraclize.cbAddress() (../sb/0x587a7c22f24f4f00e3a2b1c984ef290ce7d132d9.sol#604)
		- address(oraclize) != OAR.getAddress() (../sb/0x587a7c22f24f4f00e3a2b1c984ef290ce7d132d9.sol#164)
		- oraclize = OraclizeI(OAR.getAddress()) (../sb/0x587a7c22f24f4f00e3a2b1c984ef290ce7d132d9.sol#165)
	State variables written after the call(s):
	- failedRolls[rollId] = rollId (../sb/0x587a7c22f24f4f00e3a2b1c984ef290ce7d132d9.sol#1477)
	- oraclize_randomDS_proofVerify__returnCode(_queryId,_result,_proof) != 0 (../sb/0x587a7c22f24f4f00e3a2b1c984ef290ce7d132d9.sol#1481)
		- delete oraclize_randomDS_args[queryId] (../sb/0x587a7c22f24f4f00e3a2b1c984ef290ce7d132d9.sol#1024)
	- oraclize_randomDS_proofVerify__returnCode(_queryId,_result,_proof) != 0 (../sb/0x587a7c22f24f4f00e3a2b1c984ef290ce7d132d9.sol#1481)
		- oraclize_randomDS_sessionKeysHashVerified[sessionPubkeyHash] = oraclize_randomDS_proofVerify__sessionKeyValidity(proof,sig2offset) (../sb/0x587a7c22f24f4f00e3a2b1c984ef290ce7d132d9.sol#1035)
Reentrancy in EtherHiLo.__callback(bytes32,string,bytes) (../sb/0x587a7c22f24f4f00e3a2b1c984ef290ce7d132d9.sol#1471-1491):
	External calls:
	- onlyOraclize() (../sb/0x587a7c22f24f4f00e3a2b1c984ef290ce7d132d9.sol#1471)
		- oraclize.cbAddress() (../sb/0x587a7c22f24f4f00e3a2b1c984ef290ce7d132d9.sol#604)
		- address(oraclize) != OAR.getAddress() (../sb/0x587a7c22f24f4f00e3a2b1c984ef290ce7d132d9.sol#164)
		- oraclize = OraclizeI(OAR.getAddress()) (../sb/0x587a7c22f24f4f00e3a2b1c984ef290ce7d132d9.sol#165)
	External calls sending eth:
	- cleanupErrorGame(player,0,rollId) (../sb/0x587a7c22f24f4f00e3a2b1c984ef290ce7d132d9.sol#1482)
		- game.player.transfer(game.bet) (../sb/0x587a7c22f24f4f00e3a2b1c984ef290ce7d132d9.sol#1455)
	State variables written after the call(s):
	- cleanupErrorGame(player,0,rollId) (../sb/0x587a7c22f24f4f00e3a2b1c984ef290ce7d132d9.sol#1482)
		- delete failedRolls[rollId] (../sb/0x587a7c22f24f4f00e3a2b1c984ef290ce7d132d9.sol#1460)
	- cleanupErrorGame(player,0,rollId) (../sb/0x587a7c22f24f4f00e3a2b1c984ef290ce7d132d9.sol#1482)
		- delete gamesInProgress[player] (../sb/0x587a7c22f24f4f00e3a2b1c984ef290ce7d132d9.sol#1458)
	- cleanupErrorGame(player,0,rollId) (../sb/0x587a7c22f24f4f00e3a2b1c984ef290ce7d132d9.sol#1482)
		- delete rollIdToGameAddress[rollId] (../sb/0x587a7c22f24f4f00e3a2b1c984ef290ce7d132d9.sol#1459)
Reentrancy in EtherHiLo.__callback(bytes32,string,bytes) (../sb/0x587a7c22f24f4f00e3a2b1c984ef290ce7d132d9.sol#1471-1491):
	External calls:
	- onlyOraclize() (../sb/0x587a7c22f24f4f00e3a2b1c984ef290ce7d132d9.sol#1471)
		- oraclize.cbAddress() (../sb/0x587a7c22f24f4f00e3a2b1c984ef290ce7d132d9.sol#604)
		- address(oraclize) != OAR.getAddress() (../sb/0x587a7c22f24f4f00e3a2b1c984ef290ce7d132d9.sol#164)
		- oraclize = OraclizeI(OAR.getAddress()) (../sb/0x587a7c22f24f4f00e3a2b1c984ef290ce7d132d9.sol#165)
	External calls sending eth:
	- processDiceRoll(player,randomNumber) (../sb/0x587a7c22f24f4f00e3a2b1c984ef290ce7d132d9.sol#1486)
		- game.player.transfer(transferAmount) (../sb/0x587a7c22f24f4f00e3a2b1c984ef290ce7d132d9.sol#1419)
	State variables written after the call(s):
	- processDiceRoll(player,randomNumber) (../sb/0x587a7c22f24f4f00e3a2b1c984ef290ce7d132d9.sol#1486)
		- balanceInPlay = balanceInPlay - game.bet (../sb/0x587a7c22f24f4f00e3a2b1c984ef290ce7d132d9.sol#1416)
	- processDiceRoll(player,randomNumber) (../sb/0x587a7c22f24f4f00e3a2b1c984ef290ce7d132d9.sol#1486)
		- game.firstRoll = roll (../sb/0x587a7c22f24f4f00e3a2b1c984ef290ce7d132d9.sol#1380)
		- gamesInProgress[player] = game (../sb/0x587a7c22f24f4f00e3a2b1c984ef290ce7d132d9.sol#1381)
		- delete gamesInProgress[player] (../sb/0x587a7c22f24f4f00e3a2b1c984ef290ce7d132d9.sol#1426)
	- processDiceRoll(player,randomNumber) (../sb/0x587a7c22f24f4f00e3a2b1c984ef290ce7d132d9.sol#1486)
		- totalWinnings = totalWinnings + winnings (../sb/0x587a7c22f24f4f00e3a2b1c984ef290ce7d132d9.sol#1422)
Reentrancy in EtherHiLo.__callback(bytes32,string,bytes) (../sb/0x587a7c22f24f4f00e3a2b1c984ef290ce7d132d9.sol#1471-1491):
	External calls:
	- onlyOraclize() (../sb/0x587a7c22f24f4f00e3a2b1c984ef290ce7d132d9.sol#1471)
		- oraclize.cbAddress() (../sb/0x587a7c22f24f4f00e3a2b1c984ef290ce7d132d9.sol#604)
		- address(oraclize) != OAR.getAddress() (../sb/0x587a7c22f24f4f00e3a2b1c984ef290ce7d132d9.sol#164)
		- oraclize = OraclizeI(OAR.getAddress()) (../sb/0x587a7c22f24f4f00e3a2b1c984ef290ce7d132d9.sol#165)
	External calls sending eth:
	- cleanupErrorGame(player,0,rollId) (../sb/0x587a7c22f24f4f00e3a2b1c984ef290ce7d132d9.sol#1482)
		- game.player.transfer(game.bet) (../sb/0x587a7c22f24f4f00e3a2b1c984ef290ce7d132d9.sol#1455)
	- processDiceRoll(player,randomNumber) (../sb/0x587a7c22f24f4f00e3a2b1c984ef290ce7d132d9.sol#1486)
		- game.player.transfer(transferAmount) (../sb/0x587a7c22f24f4f00e3a2b1c984ef290ce7d132d9.sol#1419)
	State variables written after the call(s):
	- delete rollIdToGameAddress[rollId] (../sb/0x587a7c22f24f4f00e3a2b1c984ef290ce7d132d9.sol#1490)
Reentrancy in usingOraclize.oraclize_newRandomDSQuery(uint256,uint256,uint256) (../sb/0x587a7c22f24f4f00e3a2b1c984ef290ce7d132d9.sol#852-895):
	External calls:
	- sessionKeyHash_bytes32 = oraclize_randomDS_getSessionPubKeyHash() (../sb/0x587a7c22f24f4f00e3a2b1c984ef290ce7d132d9.sol#860)
		- oraclize.randomDS_getSessionPubKeyHash() (../sb/0x587a7c22f24f4f00e3a2b1c984ef290ce7d132d9.sol#614)
		- address(oraclize) != OAR.getAddress() (../sb/0x587a7c22f24f4f00e3a2b1c984ef290ce7d132d9.sol#164)
		- oraclize = OraclizeI(OAR.getAddress()) (../sb/0x587a7c22f24f4f00e3a2b1c984ef290ce7d132d9.sol#165)
	- queryId = oraclize_query(random,args,_customGasLimit) (../sb/0x587a7c22f24f4f00e3a2b1c984ef290ce7d132d9.sol#876)
		- price = oraclize.getPrice(datasource,gaslimit) (../sb/0x587a7c22f24f4f00e3a2b1c984ef290ce7d132d9.sol#455)
		- address(oraclize) != OAR.getAddress() (../sb/0x587a7c22f24f4f00e3a2b1c984ef290ce7d132d9.sol#164)
		- oraclize = OraclizeI(OAR.getAddress()) (../sb/0x587a7c22f24f4f00e3a2b1c984ef290ce7d132d9.sol#165)
		- oraclize.queryN_withGasLimit.value(price)(0,datasource,args,gaslimit) (../sb/0x587a7c22f24f4f00e3a2b1c984ef290ce7d132d9.sol#458)
	External calls sending eth:
	- queryId = oraclize_query(random,args,_customGasLimit) (../sb/0x587a7c22f24f4f00e3a2b1c984ef290ce7d132d9.sol#876)
		- oraclize.queryN_withGasLimit.value(price)(0,datasource,args,gaslimit) (../sb/0x587a7c22f24f4f00e3a2b1c984ef290ce7d132d9.sol#458)
	State variables written after the call(s):
	- queryId = oraclize_query(random,args,_customGasLimit) (../sb/0x587a7c22f24f4f00e3a2b1c984ef290ce7d132d9.sol#876)
		- oraclize_network_name = _network_name (../sb/0x587a7c22f24f4f00e3a2b1c984ef290ce7d132d9.sol#845)
	- oraclize_randomDS_setCommitment(queryId,keccak256()(delay_bytes8_left,args[1],sha256()(args[0]),args[2])) (../sb/0x587a7c22f24f4f00e3a2b1c984ef290ce7d132d9.sol#893)
		- oraclize_randomDS_args[queryId] = commitment (../sb/0x587a7c22f24f4f00e3a2b1c984ef290ce7d132d9.sol#898)
Reentrancy in usingOraclize.oraclize_query(string,string[1]) (../sb/0x587a7c22f24f4f00e3a2b1c984ef290ce7d132d9.sol#294-298):
	External calls:
	- oraclize_query(datasource,dynargs) (../sb/0x587a7c22f24f4f00e3a2b1c984ef290ce7d132d9.sol#297)
		- price = oraclize.getPrice(datasource) (../sb/0x587a7c22f24f4f00e3a2b1c984ef290ce7d132d9.sol#271)
		- address(oraclize) != OAR.getAddress() (../sb/0x587a7c22f24f4f00e3a2b1c984ef290ce7d132d9.sol#164)
		- oraclize = OraclizeI(OAR.getAddress()) (../sb/0x587a7c22f24f4f00e3a2b1c984ef290ce7d132d9.sol#165)
		- oraclize.queryN.value(price)(0,datasource,args) (../sb/0x587a7c22f24f4f00e3a2b1c984ef290ce7d132d9.sol#274)
	- oraclizeAPI() (../sb/0x587a7c22f24f4f00e3a2b1c984ef290ce7d132d9.sol#294)
		- address(oraclize) != OAR.getAddress() (../sb/0x587a7c22f24f4f00e3a2b1c984ef290ce7d132d9.sol#164)
		- oraclize = OraclizeI(OAR.getAddress()) (../sb/0x587a7c22f24f4f00e3a2b1c984ef290ce7d132d9.sol#165)
	External calls sending eth:
	- oraclize_query(datasource,dynargs) (../sb/0x587a7c22f24f4f00e3a2b1c984ef290ce7d132d9.sol#297)
		- oraclize.queryN.value(price)(0,datasource,args) (../sb/0x587a7c22f24f4f00e3a2b1c984ef290ce7d132d9.sol#274)
	State variables written after the call(s):
	- oraclize_query(datasource,dynargs) (../sb/0x587a7c22f24f4f00e3a2b1c984ef290ce7d132d9.sol#297)
		- oraclize_network_name = _network_name (../sb/0x587a7c22f24f4f00e3a2b1c984ef290ce7d132d9.sol#845)
Reentrancy in usingOraclize.oraclize_query(uint256,string,string[1]) (../sb/0x587a7c22f24f4f00e3a2b1c984ef290ce7d132d9.sol#299-303):
	External calls:
	- oraclize_query(timestamp,datasource,dynargs) (../sb/0x587a7c22f24f4f00e3a2b1c984ef290ce7d132d9.sol#302)
		- price = oraclize.getPrice(datasource) (../sb/0x587a7c22f24f4f00e3a2b1c984ef290ce7d132d9.sol#277)
		- address(oraclize) != OAR.getAddress() (../sb/0x587a7c22f24f4f00e3a2b1c984ef290ce7d132d9.sol#164)
		- oraclize = OraclizeI(OAR.getAddress()) (../sb/0x587a7c22f24f4f00e3a2b1c984ef290ce7d132d9.sol#165)
		- oraclize.queryN.value(price)(timestamp,datasource,args) (../sb/0x587a7c22f24f4f00e3a2b1c984ef290ce7d132d9.sol#280)
	- oraclizeAPI() (../sb/0x587a7c22f24f4f00e3a2b1c984ef290ce7d132d9.sol#299)
		- address(oraclize) != OAR.getAddress() (../sb/0x587a7c22f24f4f00e3a2b1c984ef290ce7d132d9.sol#164)
		- oraclize = OraclizeI(OAR.getAddress()) (../sb/0x587a7c22f24f4f00e3a2b1c984ef290ce7d132d9.sol#165)
	External calls sending eth:
	- oraclize_query(timestamp,datasource,dynargs) (../sb/0x587a7c22f24f4f00e3a2b1c984ef290ce7d132d9.sol#302)
		- oraclize.queryN.value(price)(timestamp,datasource,args) (../sb/0x587a7c22f24f4f00e3a2b1c984ef290ce7d132d9.sol#280)
	State variables written after the call(s):
	- oraclize_query(timestamp,datasource,dynargs) (../sb/0x587a7c22f24f4f00e3a2b1c984ef290ce7d132d9.sol#302)
		- oraclize_network_name = _network_name (../sb/0x587a7c22f24f4f00e3a2b1c984ef290ce7d132d9.sol#845)
Reentrancy in usingOraclize.oraclize_query(uint256,string,string[1],uint256) (../sb/0x587a7c22f24f4f00e3a2b1c984ef290ce7d132d9.sol#304-308):
	External calls:
	- oraclize_query(timestamp,datasource,dynargs,gaslimit) (../sb/0x587a7c22f24f4f00e3a2b1c984ef290ce7d132d9.sol#307)
		- price = oraclize.getPrice(datasource,gaslimit) (../sb/0x587a7c22f24f4f00e3a2b1c984ef290ce7d132d9.sol#283)
		- address(oraclize) != OAR.getAddress() (../sb/0x587a7c22f24f4f00e3a2b1c984ef290ce7d132d9.sol#164)
		- oraclize = OraclizeI(OAR.getAddress()) (../sb/0x587a7c22f24f4f00e3a2b1c984ef290ce7d132d9.sol#165)
		- oraclize.queryN_withGasLimit.value(price)(timestamp,datasource,args,gaslimit) (../sb/0x587a7c22f24f4f00e3a2b1c984ef290ce7d132d9.sol#286)
	- oraclizeAPI() (../sb/0x587a7c22f24f4f00e3a2b1c984ef290ce7d132d9.sol#304)
		- address(oraclize) != OAR.getAddress() (../sb/0x587a7c22f24f4f00e3a2b1c984ef290ce7d132d9.sol#164)
		- oraclize = OraclizeI(OAR.getAddress()) (../sb/0x587a7c22f24f4f00e3a2b1c984ef290ce7d132d9.sol#165)
	External calls sending eth:
	- oraclize_query(timestamp,datasource,dynargs,gaslimit) (../sb/0x587a7c22f24f4f00e3a2b1c984ef290ce7d132d9.sol#307)
		- oraclize.queryN_withGasLimit.value(price)(timestamp,datasource,args,gaslimit) (../sb/0x587a7c22f24f4f00e3a2b1c984ef290ce7d132d9.sol#286)
	State variables written after the call(s):
	- oraclize_query(timestamp,datasource,dynargs,gaslimit) (../sb/0x587a7c22f24f4f00e3a2b1c984ef290ce7d132d9.sol#307)
		- oraclize_network_name = _network_name (../sb/0x587a7c22f24f4f00e3a2b1c984ef290ce7d132d9.sol#845)
Reentrancy in usingOraclize.oraclize_query(string,string[1],uint256) (../sb/0x587a7c22f24f4f00e3a2b1c984ef290ce7d132d9.sol#309-313):
	External calls:
	- oraclize_query(datasource,dynargs,gaslimit) (../sb/0x587a7c22f24f4f00e3a2b1c984ef290ce7d132d9.sol#312)
		- price = oraclize.getPrice(datasource,gaslimit) (../sb/0x587a7c22f24f4f00e3a2b1c984ef290ce7d132d9.sol#289)
		- address(oraclize) != OAR.getAddress() (../sb/0x587a7c22f24f4f00e3a2b1c984ef290ce7d132d9.sol#164)
		- oraclize = OraclizeI(OAR.getAddress()) (../sb/0x587a7c22f24f4f00e3a2b1c984ef290ce7d132d9.sol#165)
		- oraclize.queryN_withGasLimit.value(price)(0,datasource,args,gaslimit) (../sb/0x587a7c22f24f4f00e3a2b1c984ef290ce7d132d9.sol#292)
	- oraclizeAPI() (../sb/0x587a7c22f24f4f00e3a2b1c984ef290ce7d132d9.sol#309)
		- address(oraclize) != OAR.getAddress() (../sb/0x587a7c22f24f4f00e3a2b1c984ef290ce7d132d9.sol#164)
		- oraclize = OraclizeI(OAR.getAddress()) (../sb/0x587a7c22f24f4f00e3a2b1c984ef290ce7d132d9.sol#165)
	External calls sending eth:
	- oraclize_query(datasource,dynargs,gaslimit) (../sb/0x587a7c22f24f4f00e3a2b1c984ef290ce7d132d9.sol#312)
		- oraclize.queryN_withGasLimit.value(price)(0,datasource,args,gaslimit) (../sb/0x587a7c22f24f4f00e3a2b1c984ef290ce7d132d9.sol#292)
	State variables written after the call(s):
	- oraclize_query(datasource,dynargs,gaslimit) (../sb/0x587a7c22f24f4f00e3a2b1c984ef290ce7d132d9.sol#312)
		- oraclize_network_name = _network_name (../sb/0x587a7c22f24f4f00e3a2b1c984ef290ce7d132d9.sol#845)
Reentrancy in usingOraclize.oraclize_query(string,string[2]) (../sb/0x587a7c22f24f4f00e3a2b1c984ef290ce7d132d9.sol#315-320):
	External calls:
	- oraclize_query(datasource,dynargs) (../sb/0x587a7c22f24f4f00e3a2b1c984ef290ce7d132d9.sol#319)
		- price = oraclize.getPrice(datasource) (../sb/0x587a7c22f24f4f00e3a2b1c984ef290ce7d132d9.sol#271)
		- address(oraclize) != OAR.getAddress() (../sb/0x587a7c22f24f4f00e3a2b1c984ef290ce7d132d9.sol#164)
		- oraclize = OraclizeI(OAR.getAddress()) (../sb/0x587a7c22f24f4f00e3a2b1c984ef290ce7d132d9.sol#165)
		- oraclize.queryN.value(price)(0,datasource,args) (../sb/0x587a7c22f24f4f00e3a2b1c984ef290ce7d132d9.sol#274)
	- oraclizeAPI() (../sb/0x587a7c22f24f4f00e3a2b1c984ef290ce7d132d9.sol#315)
		- address(oraclize) != OAR.getAddress() (../sb/0x587a7c22f24f4f00e3a2b1c984ef290ce7d132d9.sol#164)
		- oraclize = OraclizeI(OAR.getAddress()) (../sb/0x587a7c22f24f4f00e3a2b1c984ef290ce7d132d9.sol#165)
	External calls sending eth:
	- oraclize_query(datasource,dynargs) (../sb/0x587a7c22f24f4f00e3a2b1c984ef290ce7d132d9.sol#319)
		- oraclize.queryN.value(price)(0,datasource,args) (../sb/0x587a7c22f24f4f00e3a2b1c984ef290ce7d132d9.sol#274)
	State variables written after the call(s):
	- oraclize_query(datasource,dynargs) (../sb/0x587a7c22f24f4f00e3a2b1c984ef290ce7d132d9.sol#319)
		- oraclize_network_name = _network_name (../sb/0x587a7c22f24f4f00e3a2b1c984ef290ce7d132d9.sol#845)
Reentrancy in usingOraclize.oraclize_query(uint256,string,string[2]) (../sb/0x587a7c22f24f4f00e3a2b1c984ef290ce7d132d9.sol#321-326):
	External calls:
	- oraclize_query(timestamp,datasource,dynargs) (../sb/0x587a7c22f24f4f00e3a2b1c984ef290ce7d132d9.sol#325)
		- price = oraclize.getPrice(datasource) (../sb/0x587a7c22f24f4f00e3a2b1c984ef290ce7d132d9.sol#277)
		- address(oraclize) != OAR.getAddress() (../sb/0x587a7c22f24f4f00e3a2b1c984ef290ce7d132d9.sol#164)
		- oraclize = OraclizeI(OAR.getAddress()) (../sb/0x587a7c22f24f4f00e3a2b1c984ef290ce7d132d9.sol#165)
		- oraclize.queryN.value(price)(timestamp,datasource,args) (../sb/0x587a7c22f24f4f00e3a2b1c984ef290ce7d132d9.sol#280)
	- oraclizeAPI() (../sb/0x587a7c22f24f4f00e3a2b1c984ef290ce7d132d9.sol#321)
		- address(oraclize) != OAR.getAddress() (../sb/0x587a7c22f24f4f00e3a2b1c984ef290ce7d132d9.sol#164)
		- oraclize = OraclizeI(OAR.getAddress()) (../sb/0x587a7c22f24f4f00e3a2b1c984ef290ce7d132d9.sol#165)
	External calls sending eth:
	- oraclize_query(timestamp,datasource,dynargs) (../sb/0x587a7c22f24f4f00e3a2b1c984ef290ce7d132d9.sol#325)
		- oraclize.queryN.value(price)(timestamp,datasource,args) (../sb/0x587a7c22f24f4f00e3a2b1c984ef290ce7d132d9.sol#280)
	State variables written after the call(s):
	- oraclize_query(timestamp,datasource,dynargs) (../sb/0x587a7c22f24f4f00e3a2b1c984ef290ce7d132d9.sol#325)
		- oraclize_network_name = _network_name (../sb/0x587a7c22f24f4f00e3a2b1c984ef290ce7d132d9.sol#845)
Reentrancy in usingOraclize.oraclize_query(uint256,string,string[2],uint256) (../sb/0x587a7c22f24f4f00e3a2b1c984ef290ce7d132d9.sol#327-332):
	External calls:
	- oraclize_query(timestamp,datasource,dynargs,gaslimit) (../sb/0x587a7c22f24f4f00e3a2b1c984ef290ce7d132d9.sol#331)
		- price = oraclize.getPrice(datasource,gaslimit) (../sb/0x587a7c22f24f4f00e3a2b1c984ef290ce7d132d9.sol#283)
		- address(oraclize) != OAR.getAddress() (../sb/0x587a7c22f24f4f00e3a2b1c984ef290ce7d132d9.sol#164)
		- oraclize = OraclizeI(OAR.getAddress()) (../sb/0x587a7c22f24f4f00e3a2b1c984ef290ce7d132d9.sol#165)
		- oraclize.queryN_withGasLimit.value(price)(timestamp,datasource,args,gaslimit) (../sb/0x587a7c22f24f4f00e3a2b1c984ef290ce7d132d9.sol#286)
	- oraclizeAPI() (../sb/0x587a7c22f24f4f00e3a2b1c984ef290ce7d132d9.sol#327)
		- address(oraclize) != OAR.getAddress() (../sb/0x587a7c22f24f4f00e3a2b1c984ef290ce7d132d9.sol#164)
		- oraclize = OraclizeI(OAR.getAddress()) (../sb/0x587a7c22f24f4f00e3a2b1c984ef290ce7d132d9.sol#165)
	External calls sending eth:
	- oraclize_query(timestamp,datasource,dynargs,gaslimit) (../sb/0x587a7c22f24f4f00e3a2b1c984ef290ce7d132d9.sol#331)
		- oraclize.queryN_withGasLimit.value(price)(timestamp,datasource,args,gaslimit) (../sb/0x587a7c22f24f4f00e3a2b1c984ef290ce7d132d9.sol#286)
	State variables written after the call(s):
	- oraclize_query(timestamp,datasource,dynargs,gaslimit) (../sb/0x587a7c22f24f4f00e3a2b1c984ef290ce7d132d9.sol#331)
		- oraclize_network_name = _network_name (../sb/0x587a7c22f24f4f00e3a2b1c984ef290ce7d132d9.sol#845)
Reentrancy in usingOraclize.oraclize_query(string,string[2],uint256) (../sb/0x587a7c22f24f4f00e3a2b1c984ef290ce7d132d9.sol#333-338):
	External calls:
	- oraclize_query(datasource,dynargs,gaslimit) (../sb/0x587a7c22f24f4f00e3a2b1c984ef290ce7d132d9.sol#337)
		- price = oraclize.getPrice(datasource,gaslimit) (../sb/0x587a7c22f24f4f00e3a2b1c984ef290ce7d132d9.sol#289)
		- address(oraclize) != OAR.getAddress() (../sb/0x587a7c22f24f4f00e3a2b1c984ef290ce7d132d9.sol#164)
		- oraclize = OraclizeI(OAR.getAddress()) (../sb/0x587a7c22f24f4f00e3a2b1c984ef290ce7d132d9.sol#165)
		- oraclize.queryN_withGasLimit.value(price)(0,datasource,args,gaslimit) (../sb/0x587a7c22f24f4f00e3a2b1c984ef290ce7d132d9.sol#292)
	- oraclizeAPI() (../sb/0x587a7c22f24f4f00e3a2b1c984ef290ce7d132d9.sol#333)
		- address(oraclize) != OAR.getAddress() (../sb/0x587a7c22f24f4f00e3a2b1c984ef290ce7d132d9.sol#164)
		- oraclize = OraclizeI(OAR.getAddress()) (../sb/0x587a7c22f24f4f00e3a2b1c984ef290ce7d132d9.sol#165)
	External calls sending eth:
	- oraclize_query(datasource,dynargs,gaslimit) (../sb/0x587a7c22f24f4f00e3a2b1c984ef290ce7d132d9.sol#337)
		- oraclize.queryN_withGasLimit.value(price)(0,datasource,args,gaslimit) (../sb/0x587a7c22f24f4f00e3a2b1c984ef290ce7d132d9.sol#292)
	State variables written after the call(s):
	- oraclize_query(datasource,dynargs,gaslimit) (../sb/0x587a7c22f24f4f00e3a2b1c984ef290ce7d132d9.sol#337)
		- oraclize_network_name = _network_name (../sb/0x587a7c22f24f4f00e3a2b1c984ef290ce7d132d9.sol#845)
Reentrancy in usingOraclize.oraclize_query(string,string[3]) (../sb/0x587a7c22f24f4f00e3a2b1c984ef290ce7d132d9.sol#339-345):
	External calls:
	- oraclize_query(datasource,dynargs) (../sb/0x587a7c22f24f4f00e3a2b1c984ef290ce7d132d9.sol#344)
		- price = oraclize.getPrice(datasource) (../sb/0x587a7c22f24f4f00e3a2b1c984ef290ce7d132d9.sol#271)
		- address(oraclize) != OAR.getAddress() (../sb/0x587a7c22f24f4f00e3a2b1c984ef290ce7d132d9.sol#164)
		- oraclize = OraclizeI(OAR.getAddress()) (../sb/0x587a7c22f24f4f00e3a2b1c984ef290ce7d132d9.sol#165)
		- oraclize.queryN.value(price)(0,datasource,args) (../sb/0x587a7c22f24f4f00e3a2b1c984ef290ce7d132d9.sol#274)
	- oraclizeAPI() (../sb/0x587a7c22f24f4f00e3a2b1c984ef290ce7d132d9.sol#339)
		- address(oraclize) != OAR.getAddress() (../sb/0x587a7c22f24f4f00e3a2b1c984ef290ce7d132d9.sol#164)
		- oraclize = OraclizeI(OAR.getAddress()) (../sb/0x587a7c22f24f4f00e3a2b1c984ef290ce7d132d9.sol#165)
	External calls sending eth:
	- oraclize_query(datasource,dynargs) (../sb/0x587a7c22f24f4f00e3a2b1c984ef290ce7d132d9.sol#344)
		- oraclize.queryN.value(price)(0,datasource,args) (../sb/0x587a7c22f24f4f00e3a2b1c984ef290ce7d132d9.sol#274)
	State variables written after the call(s):
	- oraclize_query(datasource,dynargs) (../sb/0x587a7c22f24f4f00e3a2b1c984ef290ce7d132d9.sol#344)
		- oraclize_network_name = _network_name (../sb/0x587a7c22f24f4f00e3a2b1c984ef290ce7d132d9.sol#845)
Reentrancy in usingOraclize.oraclize_query(uint256,string,string[3]) (../sb/0x587a7c22f24f4f00e3a2b1c984ef290ce7d132d9.sol#346-352):
	External calls:
	- oraclize_query(timestamp,datasource,dynargs) (../sb/0x587a7c22f24f4f00e3a2b1c984ef290ce7d132d9.sol#351)
		- price = oraclize.getPrice(datasource) (../sb/0x587a7c22f24f4f00e3a2b1c984ef290ce7d132d9.sol#277)
		- address(oraclize) != OAR.getAddress() (../sb/0x587a7c22f24f4f00e3a2b1c984ef290ce7d132d9.sol#164)
		- oraclize = OraclizeI(OAR.getAddress()) (../sb/0x587a7c22f24f4f00e3a2b1c984ef290ce7d132d9.sol#165)
		- oraclize.queryN.value(price)(timestamp,datasource,args) (../sb/0x587a7c22f24f4f00e3a2b1c984ef290ce7d132d9.sol#280)
	- oraclizeAPI() (../sb/0x587a7c22f24f4f00e3a2b1c984ef290ce7d132d9.sol#346)
		- address(oraclize) != OAR.getAddress() (../sb/0x587a7c22f24f4f00e3a2b1c984ef290ce7d132d9.sol#164)
		- oraclize = OraclizeI(OAR.getAddress()) (../sb/0x587a7c22f24f4f00e3a2b1c984ef290ce7d132d9.sol#165)
	External calls sending eth:
	- oraclize_query(timestamp,datasource,dynargs) (../sb/0x587a7c22f24f4f00e3a2b1c984ef290ce7d132d9.sol#351)
		- oraclize.queryN.value(price)(timestamp,datasource,args) (../sb/0x587a7c22f24f4f00e3a2b1c984ef290ce7d132d9.sol#280)
	State variables written after the call(s):
	- oraclize_query(timestamp,datasource,dynargs) (../sb/0x587a7c22f24f4f00e3a2b1c984ef290ce7d132d9.sol#351)
		- oraclize_network_name = _network_name (../sb/0x587a7c22f24f4f00e3a2b1c984ef290ce7d132d9.sol#845)
Reentrancy in usingOraclize.oraclize_query(uint256,string,string[3],uint256) (../sb/0x587a7c22f24f4f00e3a2b1c984ef290ce7d132d9.sol#353-359):
	External calls:
	- oraclize_query(timestamp,datasource,dynargs,gaslimit) (../sb/0x587a7c22f24f4f00e3a2b1c984ef290ce7d132d9.sol#358)
		- price = oraclize.getPrice(datasource,gaslimit) (../sb/0x587a7c22f24f4f00e3a2b1c984ef290ce7d132d9.sol#283)
		- address(oraclize) != OAR.getAddress() (../sb/0x587a7c22f24f4f00e3a2b1c984ef290ce7d132d9.sol#164)
		- oraclize = OraclizeI(OAR.getAddress()) (../sb/0x587a7c22f24f4f00e3a2b1c984ef290ce7d132d9.sol#165)
		- oraclize.queryN_withGasLimit.value(price)(timestamp,datasource,args,gaslimit) (../sb/0x587a7c22f24f4f00e3a2b1c984ef290ce7d132d9.sol#286)
	- oraclizeAPI() (../sb/0x587a7c22f24f4f00e3a2b1c984ef290ce7d132d9.sol#353)
		- address(oraclize) != OAR.getAddress() (../sb/0x587a7c22f24f4f00e3a2b1c984ef290ce7d132d9.sol#164)
		- oraclize = OraclizeI(OAR.getAddress()) (../sb/0x587a7c22f24f4f00e3a2b1c984ef290ce7d132d9.sol#165)
	External calls sending eth:
	- oraclize_query(timestamp,datasource,dynargs,gaslimit) (../sb/0x587a7c22f24f4f00e3a2b1c984ef290ce7d132d9.sol#358)
		- oraclize.queryN_withGasLimit.value(price)(timestamp,datasource,args,gaslimit) (../sb/0x587a7c22f24f4f00e3a2b1c984ef290ce7d132d9.sol#286)
	State variables written after the call(s):
	- oraclize_query(timestamp,datasource,dynargs,gaslimit) (../sb/0x587a7c22f24f4f00e3a2b1c984ef290ce7d132d9.sol#358)
		- oraclize_network_name = _network_name (../sb/0x587a7c22f24f4f00e3a2b1c984ef290ce7d132d9.sol#845)
Reentrancy in usingOraclize.oraclize_query(string,string[3],uint256) (../sb/0x587a7c22f24f4f00e3a2b1c984ef290ce7d132d9.sol#360-366):
	External calls:
	- oraclize_query(datasource,dynargs,gaslimit) (../sb/0x587a7c22f24f4f00e3a2b1c984ef290ce7d132d9.sol#365)
		- price = oraclize.getPrice(datasource,gaslimit) (../sb/0x587a7c22f24f4f00e3a2b1c984ef290ce7d132d9.sol#289)
		- address(oraclize) != OAR.getAddress() (../sb/0x587a7c22f24f4f00e3a2b1c984ef290ce7d132d9.sol#164)
		- oraclize = OraclizeI(OAR.getAddress()) (../sb/0x587a7c22f24f4f00e3a2b1c984ef290ce7d132d9.sol#165)
		- oraclize.queryN_withGasLimit.value(price)(0,datasource,args,gaslimit) (../sb/0x587a7c22f24f4f00e3a2b1c984ef290ce7d132d9.sol#292)
	- oraclizeAPI() (../sb/0x587a7c22f24f4f00e3a2b1c984ef290ce7d132d9.sol#360)
		- address(oraclize) != OAR.getAddress() (../sb/0x587a7c22f24f4f00e3a2b1c984ef290ce7d132d9.sol#164)
		- oraclize = OraclizeI(OAR.getAddress()) (../sb/0x587a7c22f24f4f00e3a2b1c984ef290ce7d132d9.sol#165)
	External calls sending eth:
	- oraclize_query(datasource,dynargs,gaslimit) (../sb/0x587a7c22f24f4f00e3a2b1c984ef290ce7d132d9.sol#365)
		- oraclize.queryN_withGasLimit.value(price)(0,datasource,args,gaslimit) (../sb/0x587a7c22f24f4f00e3a2b1c984ef290ce7d132d9.sol#292)
	State variables written after the call(s):
	- oraclize_query(datasource,dynargs,gaslimit) (../sb/0x587a7c22f24f4f00e3a2b1c984ef290ce7d132d9.sol#365)
		- oraclize_network_name = _network_name (../sb/0x587a7c22f24f4f00e3a2b1c984ef290ce7d132d9.sol#845)
Reentrancy in usingOraclize.oraclize_query(string,string[4]) (../sb/0x587a7c22f24f4f00e3a2b1c984ef290ce7d132d9.sol#368-375):
	External calls:
	- oraclize_query(datasource,dynargs) (../sb/0x587a7c22f24f4f00e3a2b1c984ef290ce7d132d9.sol#374)
		- price = oraclize.getPrice(datasource) (../sb/0x587a7c22f24f4f00e3a2b1c984ef290ce7d132d9.sol#271)
		- address(oraclize) != OAR.getAddress() (../sb/0x587a7c22f24f4f00e3a2b1c984ef290ce7d132d9.sol#164)
		- oraclize = OraclizeI(OAR.getAddress()) (../sb/0x587a7c22f24f4f00e3a2b1c984ef290ce7d132d9.sol#165)
		- oraclize.queryN.value(price)(0,datasource,args) (../sb/0x587a7c22f24f4f00e3a2b1c984ef290ce7d132d9.sol#274)
	- oraclizeAPI() (../sb/0x587a7c22f24f4f00e3a2b1c984ef290ce7d132d9.sol#368)
		- address(oraclize) != OAR.getAddress() (../sb/0x587a7c22f24f4f00e3a2b1c984ef290ce7d132d9.sol#164)
		- oraclize = OraclizeI(OAR.getAddress()) (../sb/0x587a7c22f24f4f00e3a2b1c984ef290ce7d132d9.sol#165)
	External calls sending eth:
	- oraclize_query(datasource,dynargs) (../sb/0x587a7c22f24f4f00e3a2b1c984ef290ce7d132d9.sol#374)
		- oraclize.queryN.value(price)(0,datasource,args) (../sb/0x587a7c22f24f4f00e3a2b1c984ef290ce7d132d9.sol#274)
	State variables written after the call(s):
	- oraclize_query(datasource,dynargs) (../sb/0x587a7c22f24f4f00e3a2b1c984ef290ce7d132d9.sol#374)
		- oraclize_network_name = _network_name (../sb/0x587a7c22f24f4f00e3a2b1c984ef290ce7d132d9.sol#845)
Reentrancy in usingOraclize.oraclize_query(uint256,string,string[4]) (../sb/0x587a7c22f24f4f00e3a2b1c984ef290ce7d132d9.sol#376-383):
	External calls:
	- oraclize_query(timestamp,datasource,dynargs) (../sb/0x587a7c22f24f4f00e3a2b1c984ef290ce7d132d9.sol#382)
		- price = oraclize.getPrice(datasource) (../sb/0x587a7c22f24f4f00e3a2b1c984ef290ce7d132d9.sol#277)
		- address(oraclize) != OAR.getAddress() (../sb/0x587a7c22f24f4f00e3a2b1c984ef290ce7d132d9.sol#164)
		- oraclize = OraclizeI(OAR.getAddress()) (../sb/0x587a7c22f24f4f00e3a2b1c984ef290ce7d132d9.sol#165)
		- oraclize.queryN.value(price)(timestamp,datasource,args) (../sb/0x587a7c22f24f4f00e3a2b1c984ef290ce7d132d9.sol#280)
	- oraclizeAPI() (../sb/0x587a7c22f24f4f00e3a2b1c984ef290ce7d132d9.sol#376)
		- address(oraclize) != OAR.getAddress() (../sb/0x587a7c22f24f4f00e3a2b1c984ef290ce7d132d9.sol#164)
		- oraclize = OraclizeI(OAR.getAddress()) (../sb/0x587a7c22f24f4f00e3a2b1c984ef290ce7d132d9.sol#165)
	External calls sending eth:
	- oraclize_query(timestamp,datasource,dynargs) (../sb/0x587a7c22f24f4f00e3a2b1c984ef290ce7d132d9.sol#382)
		- oraclize.queryN.value(price)(timestamp,datasource,args) (../sb/0x587a7c22f24f4f00e3a2b1c984ef290ce7d132d9.sol#280)
	State variables written after the call(s):
	- oraclize_query(timestamp,datasource,dynargs) (../sb/0x587a7c22f24f4f00e3a2b1c984ef290ce7d132d9.sol#382)
		- oraclize_network_name = _network_name (../sb/0x587a7c22f24f4f00e3a2b1c984ef290ce7d132d9.sol#845)
Reentrancy in usingOraclize.oraclize_query(uint256,string,string[4],uint256) (../sb/0x587a7c22f24f4f00e3a2b1c984ef290ce7d132d9.sol#384-391):
	External calls:
	- oraclize_query(timestamp,datasource,dynargs,gaslimit) (../sb/0x587a7c22f24f4f00e3a2b1c984ef290ce7d132d9.sol#390)
		- price = oraclize.getPrice(datasource,gaslimit) (../sb/0x587a7c22f24f4f00e3a2b1c984ef290ce7d132d9.sol#283)
		- address(oraclize) != OAR.getAddress() (../sb/0x587a7c22f24f4f00e3a2b1c984ef290ce7d132d9.sol#164)
		- oraclize = OraclizeI(OAR.getAddress()) (../sb/0x587a7c22f24f4f00e3a2b1c984ef290ce7d132d9.sol#165)
		- oraclize.queryN_withGasLimit.value(price)(timestamp,datasource,args,gaslimit) (../sb/0x587a7c22f24f4f00e3a2b1c984ef290ce7d132d9.sol#286)
	- oraclizeAPI() (../sb/0x587a7c22f24f4f00e3a2b1c984ef290ce7d132d9.sol#384)
		- address(oraclize) != OAR.getAddress() (../sb/0x587a7c22f24f4f00e3a2b1c984ef290ce7d132d9.sol#164)
		- oraclize = OraclizeI(OAR.getAddress()) (../sb/0x587a7c22f24f4f00e3a2b1c984ef290ce7d132d9.sol#165)
	External calls sending eth:
	- oraclize_query(timestamp,datasource,dynargs,gaslimit) (../sb/0x587a7c22f24f4f00e3a2b1c984ef290ce7d132d9.sol#390)
		- oraclize.queryN_withGasLimit.value(price)(timestamp,datasource,args,gaslimit) (../sb/0x587a7c22f24f4f00e3a2b1c984ef290ce7d132d9.sol#286)
	State variables written after the call(s):
	- oraclize_query(timestamp,datasource,dynargs,gaslimit) (../sb/0x587a7c22f24f4f00e3a2b1c984ef290ce7d132d9.sol#390)
		- oraclize_network_name = _network_name (../sb/0x587a7c22f24f4f00e3a2b1c984ef290ce7d132d9.sol#845)
Reentrancy in usingOraclize.oraclize_query(string,string[4],uint256) (../sb/0x587a7c22f24f4f00e3a2b1c984ef290ce7d132d9.sol#392-399):
	External calls:
	- oraclize_query(datasource,dynargs,gaslimit) (../sb/0x587a7c22f24f4f00e3a2b1c984ef290ce7d132d9.sol#398)
		- price = oraclize.getPrice(datasource,gaslimit) (../sb/0x587a7c22f24f4f00e3a2b1c984ef290ce7d132d9.sol#289)
		- address(oraclize) != OAR.getAddress() (../sb/0x587a7c22f24f4f00e3a2b1c984ef290ce7d132d9.sol#164)
		- oraclize = OraclizeI(OAR.getAddress()) (../sb/0x587a7c22f24f4f00e3a2b1c984ef290ce7d132d9.sol#165)
		- oraclize.queryN_withGasLimit.value(price)(0,datasource,args,gaslimit) (../sb/0x587a7c22f24f4f00e3a2b1c984ef290ce7d132d9.sol#292)
	- oraclizeAPI() (../sb/0x587a7c22f24f4f00e3a2b1c984ef290ce7d132d9.sol#392)
		- address(oraclize) != OAR.getAddress() (../sb/0x587a7c22f24f4f00e3a2b1c984ef290ce7d132d9.sol#164)
		- oraclize = OraclizeI(OAR.getAddress()) (../sb/0x587a7c22f24f4f00e3a2b1c984ef290ce7d132d9.sol#165)
	External calls sending eth:
	- oraclize_query(datasource,dynargs,gaslimit) (../sb/0x587a7c22f24f4f00e3a2b1c984ef290ce7d132d9.sol#398)
		- oraclize.queryN_withGasLimit.value(price)(0,datasource,args,gaslimit) (../sb/0x587a7c22f24f4f00e3a2b1c984ef290ce7d132d9.sol#292)
	State variables written after the call(s):
	- oraclize_query(datasource,dynargs,gaslimit) (../sb/0x587a7c22f24f4f00e3a2b1c984ef290ce7d132d9.sol#398)
		- oraclize_network_name = _network_name (../sb/0x587a7c22f24f4f00e3a2b1c984ef290ce7d132d9.sol#845)
Reentrancy in usingOraclize.oraclize_query(string,string[5]) (../sb/0x587a7c22f24f4f00e3a2b1c984ef290ce7d132d9.sol#400-408):
	External calls:
	- oraclize_query(datasource,dynargs) (../sb/0x587a7c22f24f4f00e3a2b1c984ef290ce7d132d9.sol#407)
		- price = oraclize.getPrice(datasource) (../sb/0x587a7c22f24f4f00e3a2b1c984ef290ce7d132d9.sol#271)
		- address(oraclize) != OAR.getAddress() (../sb/0x587a7c22f24f4f00e3a2b1c984ef290ce7d132d9.sol#164)
		- oraclize = OraclizeI(OAR.getAddress()) (../sb/0x587a7c22f24f4f00e3a2b1c984ef290ce7d132d9.sol#165)
		- oraclize.queryN.value(price)(0,datasource,args) (../sb/0x587a7c22f24f4f00e3a2b1c984ef290ce7d132d9.sol#274)
	- oraclizeAPI() (../sb/0x587a7c22f24f4f00e3a2b1c984ef290ce7d132d9.sol#400)
		- address(oraclize) != OAR.getAddress() (../sb/0x587a7c22f24f4f00e3a2b1c984ef290ce7d132d9.sol#164)
		- oraclize = OraclizeI(OAR.getAddress()) (../sb/0x587a7c22f24f4f00e3a2b1c984ef290ce7d132d9.sol#165)
	External calls sending eth:
	- oraclize_query(datasource,dynargs) (../sb/0x587a7c22f24f4f00e3a2b1c984ef290ce7d132d9.sol#407)
		- oraclize.queryN.value(price)(0,datasource,args) (../sb/0x587a7c22f24f4f00e3a2b1c984ef290ce7d132d9.sol#274)
	State variables written after the call(s):
	- oraclize_query(datasource,dynargs) (../sb/0x587a7c22f24f4f00e3a2b1c984ef290ce7d132d9.sol#407)
		- oraclize_network_name = _network_name (../sb/0x587a7c22f24f4f00e3a2b1c984ef290ce7d132d9.sol#845)
Reentrancy in usingOraclize.oraclize_query(uint256,string,string[5]) (../sb/0x587a7c22f24f4f00e3a2b1c984ef290ce7d132d9.sol#409-417):
	External calls:
	- oraclize_query(timestamp,datasource,dynargs) (../sb/0x587a7c22f24f4f00e3a2b1c984ef290ce7d132d9.sol#416)
		- price = oraclize.getPrice(datasource) (../sb/0x587a7c22f24f4f00e3a2b1c984ef290ce7d132d9.sol#277)
		- address(oraclize) != OAR.getAddress() (../sb/0x587a7c22f24f4f00e3a2b1c984ef290ce7d132d9.sol#164)
		- oraclize = OraclizeI(OAR.getAddress()) (../sb/0x587a7c22f24f4f00e3a2b1c984ef290ce7d132d9.sol#165)
		- oraclize.queryN.value(price)(timestamp,datasource,args) (../sb/0x587a7c22f24f4f00e3a2b1c984ef290ce7d132d9.sol#280)
	- oraclizeAPI() (../sb/0x587a7c22f24f4f00e3a2b1c984ef290ce7d132d9.sol#409)
		- address(oraclize) != OAR.getAddress() (../sb/0x587a7c22f24f4f00e3a2b1c984ef290ce7d132d9.sol#164)
		- oraclize = OraclizeI(OAR.getAddress()) (../sb/0x587a7c22f24f4f00e3a2b1c984ef290ce7d132d9.sol#165)
	External calls sending eth:
	- oraclize_query(timestamp,datasource,dynargs) (../sb/0x587a7c22f24f4f00e3a2b1c984ef290ce7d132d9.sol#416)
		- oraclize.queryN.value(price)(timestamp,datasource,args) (../sb/0x587a7c22f24f4f00e3a2b1c984ef290ce7d132d9.sol#280)
	State variables written after the call(s):
	- oraclize_query(timestamp,datasource,dynargs) (../sb/0x587a7c22f24f4f00e3a2b1c984ef290ce7d132d9.sol#416)
		- oraclize_network_name = _network_name (../sb/0x587a7c22f24f4f00e3a2b1c984ef290ce7d132d9.sol#845)
Reentrancy in usingOraclize.oraclize_query(uint256,string,string[5],uint256) (../sb/0x587a7c22f24f4f00e3a2b1c984ef290ce7d132d9.sol#418-426):
	External calls:
	- oraclize_query(timestamp,datasource,dynargs,gaslimit) (../sb/0x587a7c22f24f4f00e3a2b1c984ef290ce7d132d9.sol#425)
		- price = oraclize.getPrice(datasource,gaslimit) (../sb/0x587a7c22f24f4f00e3a2b1c984ef290ce7d132d9.sol#283)
		- address(oraclize) != OAR.getAddress() (../sb/0x587a7c22f24f4f00e3a2b1c984ef290ce7d132d9.sol#164)
		- oraclize = OraclizeI(OAR.getAddress()) (../sb/0x587a7c22f24f4f00e3a2b1c984ef290ce7d132d9.sol#165)
		- oraclize.queryN_withGasLimit.value(price)(timestamp,datasource,args,gaslimit) (../sb/0x587a7c22f24f4f00e3a2b1c984ef290ce7d132d9.sol#286)
	- oraclizeAPI() (../sb/0x587a7c22f24f4f00e3a2b1c984ef290ce7d132d9.sol#418)
		- address(oraclize) != OAR.getAddress() (../sb/0x587a7c22f24f4f00e3a2b1c984ef290ce7d132d9.sol#164)
		- oraclize = OraclizeI(OAR.getAddress()) (../sb/0x587a7c22f24f4f00e3a2b1c984ef290ce7d132d9.sol#165)
	External calls sending eth:
	- oraclize_query(timestamp,datasource,dynargs,gaslimit) (../sb/0x587a7c22f24f4f00e3a2b1c984ef290ce7d132d9.sol#425)
		- oraclize.queryN_withGasLimit.value(price)(timestamp,datasource,args,gaslimit) (../sb/0x587a7c22f24f4f00e3a2b1c984ef290ce7d132d9.sol#286)
	State variables written after the call(s):
	- oraclize_query(timestamp,datasource,dynargs,gaslimit) (../sb/0x587a7c22f24f4f00e3a2b1c984ef290ce7d132d9.sol#425)
		- oraclize_network_name = _network_name (../sb/0x587a7c22f24f4f00e3a2b1c984ef290ce7d132d9.sol#845)
Reentrancy in usingOraclize.oraclize_query(string,string[5],uint256) (../sb/0x587a7c22f24f4f00e3a2b1c984ef290ce7d132d9.sol#427-435):
	External calls:
	- oraclize_query(datasource,dynargs,gaslimit) (../sb/0x587a7c22f24f4f00e3a2b1c984ef290ce7d132d9.sol#434)
		- price = oraclize.getPrice(datasource,gaslimit) (../sb/0x587a7c22f24f4f00e3a2b1c984ef290ce7d132d9.sol#289)
		- address(oraclize) != OAR.getAddress() (../sb/0x587a7c22f24f4f00e3a2b1c984ef290ce7d132d9.sol#164)
		- oraclize = OraclizeI(OAR.getAddress()) (../sb/0x587a7c22f24f4f00e3a2b1c984ef290ce7d132d9.sol#165)
		- oraclize.queryN_withGasLimit.value(price)(0,datasource,args,gaslimit) (../sb/0x587a7c22f24f4f00e3a2b1c984ef290ce7d132d9.sol#292)
	- oraclizeAPI() (../sb/0x587a7c22f24f4f00e3a2b1c984ef290ce7d132d9.sol#427)
		- address(oraclize) != OAR.getAddress() (../sb/0x587a7c22f24f4f00e3a2b1c984ef290ce7d132d9.sol#164)
		- oraclize = OraclizeI(OAR.getAddress()) (../sb/0x587a7c22f24f4f00e3a2b1c984ef290ce7d132d9.sol#165)
	External calls sending eth:
	- oraclize_query(datasource,dynargs,gaslimit) (../sb/0x587a7c22f24f4f00e3a2b1c984ef290ce7d132d9.sol#434)
		- oraclize.queryN_withGasLimit.value(price)(0,datasource,args,gaslimit) (../sb/0x587a7c22f24f4f00e3a2b1c984ef290ce7d132d9.sol#292)
	State variables written after the call(s):
	- oraclize_query(datasource,dynargs,gaslimit) (../sb/0x587a7c22f24f4f00e3a2b1c984ef290ce7d132d9.sol#434)
		- oraclize_network_name = _network_name (../sb/0x587a7c22f24f4f00e3a2b1c984ef290ce7d132d9.sol#845)
Reentrancy in usingOraclize.oraclize_query(string,bytes[1]) (../sb/0x587a7c22f24f4f00e3a2b1c984ef290ce7d132d9.sol#460-464):
	External calls:
	- oraclize_query(datasource,dynargs) (../sb/0x587a7c22f24f4f00e3a2b1c984ef290ce7d132d9.sol#463)
		- price = oraclize.getPrice(datasource) (../sb/0x587a7c22f24f4f00e3a2b1c984ef290ce7d132d9.sol#437)
		- address(oraclize) != OAR.getAddress() (../sb/0x587a7c22f24f4f00e3a2b1c984ef290ce7d132d9.sol#164)
		- oraclize = OraclizeI(OAR.getAddress()) (../sb/0x587a7c22f24f4f00e3a2b1c984ef290ce7d132d9.sol#165)
		- oraclize.queryN.value(price)(0,datasource,args) (../sb/0x587a7c22f24f4f00e3a2b1c984ef290ce7d132d9.sol#440)
	- oraclizeAPI() (../sb/0x587a7c22f24f4f00e3a2b1c984ef290ce7d132d9.sol#460)
		- address(oraclize) != OAR.getAddress() (../sb/0x587a7c22f24f4f00e3a2b1c984ef290ce7d132d9.sol#164)
		- oraclize = OraclizeI(OAR.getAddress()) (../sb/0x587a7c22f24f4f00e3a2b1c984ef290ce7d132d9.sol#165)
	External calls sending eth:
	- oraclize_query(datasource,dynargs) (../sb/0x587a7c22f24f4f00e3a2b1c984ef290ce7d132d9.sol#463)
		- oraclize.queryN.value(price)(0,datasource,args) (../sb/0x587a7c22f24f4f00e3a2b1c984ef290ce7d132d9.sol#440)
	State variables written after the call(s):
	- oraclize_query(datasource,dynargs) (../sb/0x587a7c22f24f4f00e3a2b1c984ef290ce7d132d9.sol#463)
		- oraclize_network_name = _network_name (../sb/0x587a7c22f24f4f00e3a2b1c984ef290ce7d132d9.sol#845)
Reentrancy in usingOraclize.oraclize_query(uint256,string,bytes[1]) (../sb/0x587a7c22f24f4f00e3a2b1c984ef290ce7d132d9.sol#465-469):
	External calls:
	- oraclize_query(timestamp,datasource,dynargs) (../sb/0x587a7c22f24f4f00e3a2b1c984ef290ce7d132d9.sol#468)
		- price = oraclize.getPrice(datasource) (../sb/0x587a7c22f24f4f00e3a2b1c984ef290ce7d132d9.sol#443)
		- address(oraclize) != OAR.getAddress() (../sb/0x587a7c22f24f4f00e3a2b1c984ef290ce7d132d9.sol#164)
		- oraclize = OraclizeI(OAR.getAddress()) (../sb/0x587a7c22f24f4f00e3a2b1c984ef290ce7d132d9.sol#165)
		- oraclize.queryN.value(price)(timestamp,datasource,args) (../sb/0x587a7c22f24f4f00e3a2b1c984ef290ce7d132d9.sol#446)
	- oraclizeAPI() (../sb/0x587a7c22f24f4f00e3a2b1c984ef290ce7d132d9.sol#465)
		- address(oraclize) != OAR.getAddress() (../sb/0x587a7c22f24f4f00e3a2b1c984ef290ce7d132d9.sol#164)
		- oraclize = OraclizeI(OAR.getAddress()) (../sb/0x587a7c22f24f4f00e3a2b1c984ef290ce7d132d9.sol#165)
	External calls sending eth:
	- oraclize_query(timestamp,datasource,dynargs) (../sb/0x587a7c22f24f4f00e3a2b1c984ef290ce7d132d9.sol#468)
		- oraclize.queryN.value(price)(timestamp,datasource,args) (../sb/0x587a7c22f24f4f00e3a2b1c984ef290ce7d132d9.sol#446)
	State variables written after the call(s):
	- oraclize_query(timestamp,datasource,dynargs) (../sb/0x587a7c22f24f4f00e3a2b1c984ef290ce7d132d9.sol#468)
		- oraclize_network_name = _network_name (../sb/0x587a7c22f24f4f00e3a2b1c984ef290ce7d132d9.sol#845)
Reentrancy in usingOraclize.oraclize_query(uint256,string,bytes[1],uint256) (../sb/0x587a7c22f24f4f00e3a2b1c984ef290ce7d132d9.sol#470-474):
	External calls:
	- oraclize_query(timestamp,datasource,dynargs,gaslimit) (../sb/0x587a7c22f24f4f00e3a2b1c984ef290ce7d132d9.sol#473)
		- price = oraclize.getPrice(datasource,gaslimit) (../sb/0x587a7c22f24f4f00e3a2b1c984ef290ce7d132d9.sol#449)
		- address(oraclize) != OAR.getAddress() (../sb/0x587a7c22f24f4f00e3a2b1c984ef290ce7d132d9.sol#164)
		- oraclize = OraclizeI(OAR.getAddress()) (../sb/0x587a7c22f24f4f00e3a2b1c984ef290ce7d132d9.sol#165)
		- oraclize.queryN_withGasLimit.value(price)(timestamp,datasource,args,gaslimit) (../sb/0x587a7c22f24f4f00e3a2b1c984ef290ce7d132d9.sol#452)
	- oraclizeAPI() (../sb/0x587a7c22f24f4f00e3a2b1c984ef290ce7d132d9.sol#470)
		- address(oraclize) != OAR.getAddress() (../sb/0x587a7c22f24f4f00e3a2b1c984ef290ce7d132d9.sol#164)
		- oraclize = OraclizeI(OAR.getAddress()) (../sb/0x587a7c22f24f4f00e3a2b1c984ef290ce7d132d9.sol#165)
	External calls sending eth:
	- oraclize_query(timestamp,datasource,dynargs,gaslimit) (../sb/0x587a7c22f24f4f00e3a2b1c984ef290ce7d132d9.sol#473)
		- oraclize.queryN_withGasLimit.value(price)(timestamp,datasource,args,gaslimit) (../sb/0x587a7c22f24f4f00e3a2b1c984ef290ce7d132d9.sol#452)
	State variables written after the call(s):
	- oraclize_query(timestamp,datasource,dynargs,gaslimit) (../sb/0x587a7c22f24f4f00e3a2b1c984ef290ce7d132d9.sol#473)
		- oraclize_network_name = _network_name (../sb/0x587a7c22f24f4f00e3a2b1c984ef290ce7d132d9.sol#845)
Reentrancy in usingOraclize.oraclize_query(string,bytes[1],uint256) (../sb/0x587a7c22f24f4f00e3a2b1c984ef290ce7d132d9.sol#475-479):
	External calls:
	- oraclize_query(datasource,dynargs,gaslimit) (../sb/0x587a7c22f24f4f00e3a2b1c984ef290ce7d132d9.sol#478)
		- price = oraclize.getPrice(datasource,gaslimit) (../sb/0x587a7c22f24f4f00e3a2b1c984ef290ce7d132d9.sol#455)
		- address(oraclize) != OAR.getAddress() (../sb/0x587a7c22f24f4f00e3a2b1c984ef290ce7d132d9.sol#164)
		- oraclize = OraclizeI(OAR.getAddress()) (../sb/0x587a7c22f24f4f00e3a2b1c984ef290ce7d132d9.sol#165)
		- oraclize.queryN_withGasLimit.value(price)(0,datasource,args,gaslimit) (../sb/0x587a7c22f24f4f00e3a2b1c984ef290ce7d132d9.sol#458)
	- oraclizeAPI() (../sb/0x587a7c22f24f4f00e3a2b1c984ef290ce7d132d9.sol#475)
		- address(oraclize) != OAR.getAddress() (../sb/0x587a7c22f24f4f00e3a2b1c984ef290ce7d132d9.sol#164)
		- oraclize = OraclizeI(OAR.getAddress()) (../sb/0x587a7c22f24f4f00e3a2b1c984ef290ce7d132d9.sol#165)
	External calls sending eth:
	- oraclize_query(datasource,dynargs,gaslimit) (../sb/0x587a7c22f24f4f00e3a2b1c984ef290ce7d132d9.sol#478)
		- oraclize.queryN_withGasLimit.value(price)(0,datasource,args,gaslimit) (../sb/0x587a7c22f24f4f00e3a2b1c984ef290ce7d132d9.sol#458)
	State variables written after the call(s):
	- oraclize_query(datasource,dynargs,gaslimit) (../sb/0x587a7c22f24f4f00e3a2b1c984ef290ce7d132d9.sol#478)
		- oraclize_network_name = _network_name (../sb/0x587a7c22f24f4f00e3a2b1c984ef290ce7d132d9.sol#845)
Reentrancy in usingOraclize.oraclize_query(string,bytes[2]) (../sb/0x587a7c22f24f4f00e3a2b1c984ef290ce7d132d9.sol#481-486):
	External calls:
	- oraclize_query(datasource,dynargs) (../sb/0x587a7c22f24f4f00e3a2b1c984ef290ce7d132d9.sol#485)
		- price = oraclize.getPrice(datasource) (../sb/0x587a7c22f24f4f00e3a2b1c984ef290ce7d132d9.sol#437)
		- address(oraclize) != OAR.getAddress() (../sb/0x587a7c22f24f4f00e3a2b1c984ef290ce7d132d9.sol#164)
		- oraclize = OraclizeI(OAR.getAddress()) (../sb/0x587a7c22f24f4f00e3a2b1c984ef290ce7d132d9.sol#165)
		- oraclize.queryN.value(price)(0,datasource,args) (../sb/0x587a7c22f24f4f00e3a2b1c984ef290ce7d132d9.sol#440)
	- oraclizeAPI() (../sb/0x587a7c22f24f4f00e3a2b1c984ef290ce7d132d9.sol#481)
		- address(oraclize) != OAR.getAddress() (../sb/0x587a7c22f24f4f00e3a2b1c984ef290ce7d132d9.sol#164)
		- oraclize = OraclizeI(OAR.getAddress()) (../sb/0x587a7c22f24f4f00e3a2b1c984ef290ce7d132d9.sol#165)
	External calls sending eth:
	- oraclize_query(datasource,dynargs) (../sb/0x587a7c22f24f4f00e3a2b1c984ef290ce7d132d9.sol#485)
		- oraclize.queryN.value(price)(0,datasource,args) (../sb/0x587a7c22f24f4f00e3a2b1c984ef290ce7d132d9.sol#440)
	State variables written after the call(s):
	- oraclize_query(datasource,dynargs) (../sb/0x587a7c22f24f4f00e3a2b1c984ef290ce7d132d9.sol#485)
		- oraclize_network_name = _network_name (../sb/0x587a7c22f24f4f00e3a2b1c984ef290ce7d132d9.sol#845)
Reentrancy in usingOraclize.oraclize_query(uint256,string,bytes[2]) (../sb/0x587a7c22f24f4f00e3a2b1c984ef290ce7d132d9.sol#487-492):
	External calls:
	- oraclize_query(timestamp,datasource,dynargs) (../sb/0x587a7c22f24f4f00e3a2b1c984ef290ce7d132d9.sol#491)
		- price = oraclize.getPrice(datasource) (../sb/0x587a7c22f24f4f00e3a2b1c984ef290ce7d132d9.sol#443)
		- address(oraclize) != OAR.getAddress() (../sb/0x587a7c22f24f4f00e3a2b1c984ef290ce7d132d9.sol#164)
		- oraclize = OraclizeI(OAR.getAddress()) (../sb/0x587a7c22f24f4f00e3a2b1c984ef290ce7d132d9.sol#165)
		- oraclize.queryN.value(price)(timestamp,datasource,args) (../sb/0x587a7c22f24f4f00e3a2b1c984ef290ce7d132d9.sol#446)
	- oraclizeAPI() (../sb/0x587a7c22f24f4f00e3a2b1c984ef290ce7d132d9.sol#487)
		- address(oraclize) != OAR.getAddress() (../sb/0x587a7c22f24f4f00e3a2b1c984ef290ce7d132d9.sol#164)
		- oraclize = OraclizeI(OAR.getAddress()) (../sb/0x587a7c22f24f4f00e3a2b1c984ef290ce7d132d9.sol#165)
	External calls sending eth:
	- oraclize_query(timestamp,datasource,dynargs) (../sb/0x587a7c22f24f4f00e3a2b1c984ef290ce7d132d9.sol#491)
		- oraclize.queryN.value(price)(timestamp,datasource,args) (../sb/0x587a7c22f24f4f00e3a2b1c984ef290ce7d132d9.sol#446)
	State variables written after the call(s):
	- oraclize_query(timestamp,datasource,dynargs) (../sb/0x587a7c22f24f4f00e3a2b1c984ef290ce7d132d9.sol#491)
		- oraclize_network_name = _network_name (../sb/0x587a7c22f24f4f00e3a2b1c984ef290ce7d132d9.sol#845)
Reentrancy in usingOraclize.oraclize_query(uint256,string,bytes[2],uint256) (../sb/0x587a7c22f24f4f00e3a2b1c984ef290ce7d132d9.sol#493-498):
	External calls:
	- oraclize_query(timestamp,datasource,dynargs,gaslimit) (../sb/0x587a7c22f24f4f00e3a2b1c984ef290ce7d132d9.sol#497)
		- price = oraclize.getPrice(datasource,gaslimit) (../sb/0x587a7c22f24f4f00e3a2b1c984ef290ce7d132d9.sol#449)
		- address(oraclize) != OAR.getAddress() (../sb/0x587a7c22f24f4f00e3a2b1c984ef290ce7d132d9.sol#164)
		- oraclize = OraclizeI(OAR.getAddress()) (../sb/0x587a7c22f24f4f00e3a2b1c984ef290ce7d132d9.sol#165)
		- oraclize.queryN_withGasLimit.value(price)(timestamp,datasource,args,gaslimit) (../sb/0x587a7c22f24f4f00e3a2b1c984ef290ce7d132d9.sol#452)
	- oraclizeAPI() (../sb/0x587a7c22f24f4f00e3a2b1c984ef290ce7d132d9.sol#493)
		- address(oraclize) != OAR.getAddress() (../sb/0x587a7c22f24f4f00e3a2b1c984ef290ce7d132d9.sol#164)
		- oraclize = OraclizeI(OAR.getAddress()) (../sb/0x587a7c22f24f4f00e3a2b1c984ef290ce7d132d9.sol#165)
	External calls sending eth:
	- oraclize_query(timestamp,datasource,dynargs,gaslimit) (../sb/0x587a7c22f24f4f00e3a2b1c984ef290ce7d132d9.sol#497)
		- oraclize.queryN_withGasLimit.value(price)(timestamp,datasource,args,gaslimit) (../sb/0x587a7c22f24f4f00e3a2b1c984ef290ce7d132d9.sol#452)
	State variables written after the call(s):
	- oraclize_query(timestamp,datasource,dynargs,gaslimit) (../sb/0x587a7c22f24f4f00e3a2b1c984ef290ce7d132d9.sol#497)
		- oraclize_network_name = _network_name (../sb/0x587a7c22f24f4f00e3a2b1c984ef290ce7d132d9.sol#845)
Reentrancy in usingOraclize.oraclize_query(string,bytes[2],uint256) (../sb/0x587a7c22f24f4f00e3a2b1c984ef290ce7d132d9.sol#499-504):
	External calls:
	- oraclize_query(datasource,dynargs,gaslimit) (../sb/0x587a7c22f24f4f00e3a2b1c984ef290ce7d132d9.sol#503)
		- price = oraclize.getPrice(datasource,gaslimit) (../sb/0x587a7c22f24f4f00e3a2b1c984ef290ce7d132d9.sol#455)
		- address(oraclize) != OAR.getAddress() (../sb/0x587a7c22f24f4f00e3a2b1c984ef290ce7d132d9.sol#164)
		- oraclize = OraclizeI(OAR.getAddress()) (../sb/0x587a7c22f24f4f00e3a2b1c984ef290ce7d132d9.sol#165)
		- oraclize.queryN_withGasLimit.value(price)(0,datasource,args,gaslimit) (../sb/0x587a7c22f24f4f00e3a2b1c984ef290ce7d132d9.sol#458)
	- oraclizeAPI() (../sb/0x587a7c22f24f4f00e3a2b1c984ef290ce7d132d9.sol#499)
		- address(oraclize) != OAR.getAddress() (../sb/0x587a7c22f24f4f00e3a2b1c984ef290ce7d132d9.sol#164)
		- oraclize = OraclizeI(OAR.getAddress()) (../sb/0x587a7c22f24f4f00e3a2b1c984ef290ce7d132d9.sol#165)
	External calls sending eth:
	- oraclize_query(datasource,dynargs,gaslimit) (../sb/0x587a7c22f24f4f00e3a2b1c984ef290ce7d132d9.sol#503)
		- oraclize.queryN_withGasLimit.value(price)(0,datasource,args,gaslimit) (../sb/0x587a7c22f24f4f00e3a2b1c984ef290ce7d132d9.sol#458)
	State variables written after the call(s):
	- oraclize_query(datasource,dynargs,gaslimit) (../sb/0x587a7c22f24f4f00e3a2b1c984ef290ce7d132d9.sol#503)
		- oraclize_network_name = _network_name (../sb/0x587a7c22f24f4f00e3a2b1c984ef290ce7d132d9.sol#845)
Reentrancy in usingOraclize.oraclize_query(string,bytes[3]) (../sb/0x587a7c22f24f4f00e3a2b1c984ef290ce7d132d9.sol#505-511):
	External calls:
	- oraclize_query(datasource,dynargs) (../sb/0x587a7c22f24f4f00e3a2b1c984ef290ce7d132d9.sol#510)
		- price = oraclize.getPrice(datasource) (../sb/0x587a7c22f24f4f00e3a2b1c984ef290ce7d132d9.sol#437)
		- address(oraclize) != OAR.getAddress() (../sb/0x587a7c22f24f4f00e3a2b1c984ef290ce7d132d9.sol#164)
		- oraclize = OraclizeI(OAR.getAddress()) (../sb/0x587a7c22f24f4f00e3a2b1c984ef290ce7d132d9.sol#165)
		- oraclize.queryN.value(price)(0,datasource,args) (../sb/0x587a7c22f24f4f00e3a2b1c984ef290ce7d132d9.sol#440)
	- oraclizeAPI() (../sb/0x587a7c22f24f4f00e3a2b1c984ef290ce7d132d9.sol#505)
		- address(oraclize) != OAR.getAddress() (../sb/0x587a7c22f24f4f00e3a2b1c984ef290ce7d132d9.sol#164)
		- oraclize = OraclizeI(OAR.getAddress()) (../sb/0x587a7c22f24f4f00e3a2b1c984ef290ce7d132d9.sol#165)
	External calls sending eth:
	- oraclize_query(datasource,dynargs) (../sb/0x587a7c22f24f4f00e3a2b1c984ef290ce7d132d9.sol#510)
		- oraclize.queryN.value(price)(0,datasource,args) (../sb/0x587a7c22f24f4f00e3a2b1c984ef290ce7d132d9.sol#440)
	State variables written after the call(s):
	- oraclize_query(datasource,dynargs) (../sb/0x587a7c22f24f4f00e3a2b1c984ef290ce7d132d9.sol#510)
		- oraclize_network_name = _network_name (../sb/0x587a7c22f24f4f00e3a2b1c984ef290ce7d132d9.sol#845)
Reentrancy in usingOraclize.oraclize_query(uint256,string,bytes[3]) (../sb/0x587a7c22f24f4f00e3a2b1c984ef290ce7d132d9.sol#512-518):
	External calls:
	- oraclize_query(timestamp,datasource,dynargs) (../sb/0x587a7c22f24f4f00e3a2b1c984ef290ce7d132d9.sol#517)
		- price = oraclize.getPrice(datasource) (../sb/0x587a7c22f24f4f00e3a2b1c984ef290ce7d132d9.sol#443)
		- address(oraclize) != OAR.getAddress() (../sb/0x587a7c22f24f4f00e3a2b1c984ef290ce7d132d9.sol#164)
		- oraclize = OraclizeI(OAR.getAddress()) (../sb/0x587a7c22f24f4f00e3a2b1c984ef290ce7d132d9.sol#165)
		- oraclize.queryN.value(price)(timestamp,datasource,args) (../sb/0x587a7c22f24f4f00e3a2b1c984ef290ce7d132d9.sol#446)
	- oraclizeAPI() (../sb/0x587a7c22f24f4f00e3a2b1c984ef290ce7d132d9.sol#512)
		- address(oraclize) != OAR.getAddress() (../sb/0x587a7c22f24f4f00e3a2b1c984ef290ce7d132d9.sol#164)
		- oraclize = OraclizeI(OAR.getAddress()) (../sb/0x587a7c22f24f4f00e3a2b1c984ef290ce7d132d9.sol#165)
	External calls sending eth:
	- oraclize_query(timestamp,datasource,dynargs) (../sb/0x587a7c22f24f4f00e3a2b1c984ef290ce7d132d9.sol#517)
		- oraclize.queryN.value(price)(timestamp,datasource,args) (../sb/0x587a7c22f24f4f00e3a2b1c984ef290ce7d132d9.sol#446)
	State variables written after the call(s):
	- oraclize_query(timestamp,datasource,dynargs) (../sb/0x587a7c22f24f4f00e3a2b1c984ef290ce7d132d9.sol#517)
		- oraclize_network_name = _network_name (../sb/0x587a7c22f24f4f00e3a2b1c984ef290ce7d132d9.sol#845)
Reentrancy in usingOraclize.oraclize_query(uint256,string,bytes[3],uint256) (../sb/0x587a7c22f24f4f00e3a2b1c984ef290ce7d132d9.sol#519-525):
	External calls:
	- oraclize_query(timestamp,datasource,dynargs,gaslimit) (../sb/0x587a7c22f24f4f00e3a2b1c984ef290ce7d132d9.sol#524)
		- price = oraclize.getPrice(datasource,gaslimit) (../sb/0x587a7c22f24f4f00e3a2b1c984ef290ce7d132d9.sol#449)
		- address(oraclize) != OAR.getAddress() (../sb/0x587a7c22f24f4f00e3a2b1c984ef290ce7d132d9.sol#164)
		- oraclize = OraclizeI(OAR.getAddress()) (../sb/0x587a7c22f24f4f00e3a2b1c984ef290ce7d132d9.sol#165)
		- oraclize.queryN_withGasLimit.value(price)(timestamp,datasource,args,gaslimit) (../sb/0x587a7c22f24f4f00e3a2b1c984ef290ce7d132d9.sol#452)
	- oraclizeAPI() (../sb/0x587a7c22f24f4f00e3a2b1c984ef290ce7d132d9.sol#519)
		- address(oraclize) != OAR.getAddress() (../sb/0x587a7c22f24f4f00e3a2b1c984ef290ce7d132d9.sol#164)
		- oraclize = OraclizeI(OAR.getAddress()) (../sb/0x587a7c22f24f4f00e3a2b1c984ef290ce7d132d9.sol#165)
	External calls sending eth:
	- oraclize_query(timestamp,datasource,dynargs,gaslimit) (../sb/0x587a7c22f24f4f00e3a2b1c984ef290ce7d132d9.sol#524)
		- oraclize.queryN_withGasLimit.value(price)(timestamp,datasource,args,gaslimit) (../sb/0x587a7c22f24f4f00e3a2b1c984ef290ce7d132d9.sol#452)
	State variables written after the call(s):
	- oraclize_query(timestamp,datasource,dynargs,gaslimit) (../sb/0x587a7c22f24f4f00e3a2b1c984ef290ce7d132d9.sol#524)
		- oraclize_network_name = _network_name (../sb/0x587a7c22f24f4f00e3a2b1c984ef290ce7d132d9.sol#845)
Reentrancy in usingOraclize.oraclize_query(string,bytes[3],uint256) (../sb/0x587a7c22f24f4f00e3a2b1c984ef290ce7d132d9.sol#526-532):
	External calls:
	- oraclize_query(datasource,dynargs,gaslimit) (../sb/0x587a7c22f24f4f00e3a2b1c984ef290ce7d132d9.sol#531)
		- price = oraclize.getPrice(datasource,gaslimit) (../sb/0x587a7c22f24f4f00e3a2b1c984ef290ce7d132d9.sol#455)
		- address(oraclize) != OAR.getAddress() (../sb/0x587a7c22f24f4f00e3a2b1c984ef290ce7d132d9.sol#164)
		- oraclize = OraclizeI(OAR.getAddress()) (../sb/0x587a7c22f24f4f00e3a2b1c984ef290ce7d132d9.sol#165)
		- oraclize.queryN_withGasLimit.value(price)(0,datasource,args,gaslimit) (../sb/0x587a7c22f24f4f00e3a2b1c984ef290ce7d132d9.sol#458)
	- oraclizeAPI() (../sb/0x587a7c22f24f4f00e3a2b1c984ef290ce7d132d9.sol#526)
		- address(oraclize) != OAR.getAddress() (../sb/0x587a7c22f24f4f00e3a2b1c984ef290ce7d132d9.sol#164)
		- oraclize = OraclizeI(OAR.getAddress()) (../sb/0x587a7c22f24f4f00e3a2b1c984ef290ce7d132d9.sol#165)
	External calls sending eth:
	- oraclize_query(datasource,dynargs,gaslimit) (../sb/0x587a7c22f24f4f00e3a2b1c984ef290ce7d132d9.sol#531)
		- oraclize.queryN_withGasLimit.value(price)(0,datasource,args,gaslimit) (../sb/0x587a7c22f24f4f00e3a2b1c984ef290ce7d132d9.sol#458)
	State variables written after the call(s):
	- oraclize_query(datasource,dynargs,gaslimit) (../sb/0x587a7c22f24f4f00e3a2b1c984ef290ce7d132d9.sol#531)
		- oraclize_network_name = _network_name (../sb/0x587a7c22f24f4f00e3a2b1c984ef290ce7d132d9.sol#845)
Reentrancy in usingOraclize.oraclize_query(string,bytes[4]) (../sb/0x587a7c22f24f4f00e3a2b1c984ef290ce7d132d9.sol#534-541):
	External calls:
	- oraclize_query(datasource,dynargs) (../sb/0x587a7c22f24f4f00e3a2b1c984ef290ce7d132d9.sol#540)
		- price = oraclize.getPrice(datasource) (../sb/0x587a7c22f24f4f00e3a2b1c984ef290ce7d132d9.sol#437)
		- address(oraclize) != OAR.getAddress() (../sb/0x587a7c22f24f4f00e3a2b1c984ef290ce7d132d9.sol#164)
		- oraclize = OraclizeI(OAR.getAddress()) (../sb/0x587a7c22f24f4f00e3a2b1c984ef290ce7d132d9.sol#165)
		- oraclize.queryN.value(price)(0,datasource,args) (../sb/0x587a7c22f24f4f00e3a2b1c984ef290ce7d132d9.sol#440)
	- oraclizeAPI() (../sb/0x587a7c22f24f4f00e3a2b1c984ef290ce7d132d9.sol#534)
		- address(oraclize) != OAR.getAddress() (../sb/0x587a7c22f24f4f00e3a2b1c984ef290ce7d132d9.sol#164)
		- oraclize = OraclizeI(OAR.getAddress()) (../sb/0x587a7c22f24f4f00e3a2b1c984ef290ce7d132d9.sol#165)
	External calls sending eth:
	- oraclize_query(datasource,dynargs) (../sb/0x587a7c22f24f4f00e3a2b1c984ef290ce7d132d9.sol#540)
		- oraclize.queryN.value(price)(0,datasource,args) (../sb/0x587a7c22f24f4f00e3a2b1c984ef290ce7d132d9.sol#440)
	State variables written after the call(s):
	- oraclize_query(datasource,dynargs) (../sb/0x587a7c22f24f4f00e3a2b1c984ef290ce7d132d9.sol#540)
		- oraclize_network_name = _network_name (../sb/0x587a7c22f24f4f00e3a2b1c984ef290ce7d132d9.sol#845)
Reentrancy in usingOraclize.oraclize_query(uint256,string,bytes[4]) (../sb/0x587a7c22f24f4f00e3a2b1c984ef290ce7d132d9.sol#542-549):
	External calls:
	- oraclize_query(timestamp,datasource,dynargs) (../sb/0x587a7c22f24f4f00e3a2b1c984ef290ce7d132d9.sol#548)
		- price = oraclize.getPrice(datasource) (../sb/0x587a7c22f24f4f00e3a2b1c984ef290ce7d132d9.sol#443)
		- address(oraclize) != OAR.getAddress() (../sb/0x587a7c22f24f4f00e3a2b1c984ef290ce7d132d9.sol#164)
		- oraclize = OraclizeI(OAR.getAddress()) (../sb/0x587a7c22f24f4f00e3a2b1c984ef290ce7d132d9.sol#165)
		- oraclize.queryN.value(price)(timestamp,datasource,args) (../sb/0x587a7c22f24f4f00e3a2b1c984ef290ce7d132d9.sol#446)
	- oraclizeAPI() (../sb/0x587a7c22f24f4f00e3a2b1c984ef290ce7d132d9.sol#542)
		- address(oraclize) != OAR.getAddress() (../sb/0x587a7c22f24f4f00e3a2b1c984ef290ce7d132d9.sol#164)
		- oraclize = OraclizeI(OAR.getAddress()) (../sb/0x587a7c22f24f4f00e3a2b1c984ef290ce7d132d9.sol#165)
	External calls sending eth:
	- oraclize_query(timestamp,datasource,dynargs) (../sb/0x587a7c22f24f4f00e3a2b1c984ef290ce7d132d9.sol#548)
		- oraclize.queryN.value(price)(timestamp,datasource,args) (../sb/0x587a7c22f24f4f00e3a2b1c984ef290ce7d132d9.sol#446)
	State variables written after the call(s):
	- oraclize_query(timestamp,datasource,dynargs) (../sb/0x587a7c22f24f4f00e3a2b1c984ef290ce7d132d9.sol#548)
		- oraclize_network_name = _network_name (../sb/0x587a7c22f24f4f00e3a2b1c984ef290ce7d132d9.sol#845)
Reentrancy in usingOraclize.oraclize_query(uint256,string,bytes[4],uint256) (../sb/0x587a7c22f24f4f00e3a2b1c984ef290ce7d132d9.sol#550-557):
	External calls:
	- oraclize_query(timestamp,datasource,dynargs,gaslimit) (../sb/0x587a7c22f24f4f00e3a2b1c984ef290ce7d132d9.sol#556)
		- price = oraclize.getPrice(datasource,gaslimit) (../sb/0x587a7c22f24f4f00e3a2b1c984ef290ce7d132d9.sol#449)
		- address(oraclize) != OAR.getAddress() (../sb/0x587a7c22f24f4f00e3a2b1c984ef290ce7d132d9.sol#164)
		- oraclize = OraclizeI(OAR.getAddress()) (../sb/0x587a7c22f24f4f00e3a2b1c984ef290ce7d132d9.sol#165)
		- oraclize.queryN_withGasLimit.value(price)(timestamp,datasource,args,gaslimit) (../sb/0x587a7c22f24f4f00e3a2b1c984ef290ce7d132d9.sol#452)
	- oraclizeAPI() (../sb/0x587a7c22f24f4f00e3a2b1c984ef290ce7d132d9.sol#550)
		- address(oraclize) != OAR.getAddress() (../sb/0x587a7c22f24f4f00e3a2b1c984ef290ce7d132d9.sol#164)
		- oraclize = OraclizeI(OAR.getAddress()) (../sb/0x587a7c22f24f4f00e3a2b1c984ef290ce7d132d9.sol#165)
	External calls sending eth:
	- oraclize_query(timestamp,datasource,dynargs,gaslimit) (../sb/0x587a7c22f24f4f00e3a2b1c984ef290ce7d132d9.sol#556)
		- oraclize.queryN_withGasLimit.value(price)(timestamp,datasource,args,gaslimit) (../sb/0x587a7c22f24f4f00e3a2b1c984ef290ce7d132d9.sol#452)
	State variables written after the call(s):
	- oraclize_query(timestamp,datasource,dynargs,gaslimit) (../sb/0x587a7c22f24f4f00e3a2b1c984ef290ce7d132d9.sol#556)
		- oraclize_network_name = _network_name (../sb/0x587a7c22f24f4f00e3a2b1c984ef290ce7d132d9.sol#845)
Reentrancy in usingOraclize.oraclize_query(string,bytes[4],uint256) (../sb/0x587a7c22f24f4f00e3a2b1c984ef290ce7d132d9.sol#558-565):
	External calls:
	- oraclize_query(datasource,dynargs,gaslimit) (../sb/0x587a7c22f24f4f00e3a2b1c984ef290ce7d132d9.sol#564)
		- price = oraclize.getPrice(datasource,gaslimit) (../sb/0x587a7c22f24f4f00e3a2b1c984ef290ce7d132d9.sol#455)
		- address(oraclize) != OAR.getAddress() (../sb/0x587a7c22f24f4f00e3a2b1c984ef290ce7d132d9.sol#164)
		- oraclize = OraclizeI(OAR.getAddress()) (../sb/0x587a7c22f24f4f00e3a2b1c984ef290ce7d132d9.sol#165)
		- oraclize.queryN_withGasLimit.value(price)(0,datasource,args,gaslimit) (../sb/0x587a7c22f24f4f00e3a2b1c984ef290ce7d132d9.sol#458)
	- oraclizeAPI() (../sb/0x587a7c22f24f4f00e3a2b1c984ef290ce7d132d9.sol#558)
		- address(oraclize) != OAR.getAddress() (../sb/0x587a7c22f24f4f00e3a2b1c984ef290ce7d132d9.sol#164)
		- oraclize = OraclizeI(OAR.getAddress()) (../sb/0x587a7c22f24f4f00e3a2b1c984ef290ce7d132d9.sol#165)
	External calls sending eth:
	- oraclize_query(datasource,dynargs,gaslimit) (../sb/0x587a7c22f24f4f00e3a2b1c984ef290ce7d132d9.sol#564)
		- oraclize.queryN_withGasLimit.value(price)(0,datasource,args,gaslimit) (../sb/0x587a7c22f24f4f00e3a2b1c984ef290ce7d132d9.sol#458)
	State variables written after the call(s):
	- oraclize_query(datasource,dynargs,gaslimit) (../sb/0x587a7c22f24f4f00e3a2b1c984ef290ce7d132d9.sol#564)
		- oraclize_network_name = _network_name (../sb/0x587a7c22f24f4f00e3a2b1c984ef290ce7d132d9.sol#845)
Reentrancy in usingOraclize.oraclize_query(string,bytes[5]) (../sb/0x587a7c22f24f4f00e3a2b1c984ef290ce7d132d9.sol#566-574):
	External calls:
	- oraclize_query(datasource,dynargs) (../sb/0x587a7c22f24f4f00e3a2b1c984ef290ce7d132d9.sol#573)
		- price = oraclize.getPrice(datasource) (../sb/0x587a7c22f24f4f00e3a2b1c984ef290ce7d132d9.sol#437)
		- address(oraclize) != OAR.getAddress() (../sb/0x587a7c22f24f4f00e3a2b1c984ef290ce7d132d9.sol#164)
		- oraclize = OraclizeI(OAR.getAddress()) (../sb/0x587a7c22f24f4f00e3a2b1c984ef290ce7d132d9.sol#165)
		- oraclize.queryN.value(price)(0,datasource,args) (../sb/0x587a7c22f24f4f00e3a2b1c984ef290ce7d132d9.sol#440)
	- oraclizeAPI() (../sb/0x587a7c22f24f4f00e3a2b1c984ef290ce7d132d9.sol#566)
		- address(oraclize) != OAR.getAddress() (../sb/0x587a7c22f24f4f00e3a2b1c984ef290ce7d132d9.sol#164)
		- oraclize = OraclizeI(OAR.getAddress()) (../sb/0x587a7c22f24f4f00e3a2b1c984ef290ce7d132d9.sol#165)
	External calls sending eth:
	- oraclize_query(datasource,dynargs) (../sb/0x587a7c22f24f4f00e3a2b1c984ef290ce7d132d9.sol#573)
		- oraclize.queryN.value(price)(0,datasource,args) (../sb/0x587a7c22f24f4f00e3a2b1c984ef290ce7d132d9.sol#440)
	State variables written after the call(s):
	- oraclize_query(datasource,dynargs) (../sb/0x587a7c22f24f4f00e3a2b1c984ef290ce7d132d9.sol#573)
		- oraclize_network_name = _network_name (../sb/0x587a7c22f24f4f00e3a2b1c984ef290ce7d132d9.sol#845)
Reentrancy in usingOraclize.oraclize_query(uint256,string,bytes[5]) (../sb/0x587a7c22f24f4f00e3a2b1c984ef290ce7d132d9.sol#575-583):
	External calls:
	- oraclize_query(timestamp,datasource,dynargs) (../sb/0x587a7c22f24f4f00e3a2b1c984ef290ce7d132d9.sol#582)
		- price = oraclize.getPrice(datasource) (../sb/0x587a7c22f24f4f00e3a2b1c984ef290ce7d132d9.sol#443)
		- address(oraclize) != OAR.getAddress() (../sb/0x587a7c22f24f4f00e3a2b1c984ef290ce7d132d9.sol#164)
		- oraclize = OraclizeI(OAR.getAddress()) (../sb/0x587a7c22f24f4f00e3a2b1c984ef290ce7d132d9.sol#165)
		- oraclize.queryN.value(price)(timestamp,datasource,args) (../sb/0x587a7c22f24f4f00e3a2b1c984ef290ce7d132d9.sol#446)
	- oraclizeAPI() (../sb/0x587a7c22f24f4f00e3a2b1c984ef290ce7d132d9.sol#575)
		- address(oraclize) != OAR.getAddress() (../sb/0x587a7c22f24f4f00e3a2b1c984ef290ce7d132d9.sol#164)
		- oraclize = OraclizeI(OAR.getAddress()) (../sb/0x587a7c22f24f4f00e3a2b1c984ef290ce7d132d9.sol#165)
	External calls sending eth:
	- oraclize_query(timestamp,datasource,dynargs) (../sb/0x587a7c22f24f4f00e3a2b1c984ef290ce7d132d9.sol#582)
		- oraclize.queryN.value(price)(timestamp,datasource,args) (../sb/0x587a7c22f24f4f00e3a2b1c984ef290ce7d132d9.sol#446)
	State variables written after the call(s):
	- oraclize_query(timestamp,datasource,dynargs) (../sb/0x587a7c22f24f4f00e3a2b1c984ef290ce7d132d9.sol#582)
		- oraclize_network_name = _network_name (../sb/0x587a7c22f24f4f00e3a2b1c984ef290ce7d132d9.sol#845)
Reentrancy in usingOraclize.oraclize_query(uint256,string,bytes[5],uint256) (../sb/0x587a7c22f24f4f00e3a2b1c984ef290ce7d132d9.sol#584-592):
	External calls:
	- oraclize_query(timestamp,datasource,dynargs,gaslimit) (../sb/0x587a7c22f24f4f00e3a2b1c984ef290ce7d132d9.sol#591)
		- price = oraclize.getPrice(datasource,gaslimit) (../sb/0x587a7c22f24f4f00e3a2b1c984ef290ce7d132d9.sol#449)
		- address(oraclize) != OAR.getAddress() (../sb/0x587a7c22f24f4f00e3a2b1c984ef290ce7d132d9.sol#164)
		- oraclize = OraclizeI(OAR.getAddress()) (../sb/0x587a7c22f24f4f00e3a2b1c984ef290ce7d132d9.sol#165)
		- oraclize.queryN_withGasLimit.value(price)(timestamp,datasource,args,gaslimit) (../sb/0x587a7c22f24f4f00e3a2b1c984ef290ce7d132d9.sol#452)
	- oraclizeAPI() (../sb/0x587a7c22f24f4f00e3a2b1c984ef290ce7d132d9.sol#584)
		- address(oraclize) != OAR.getAddress() (../sb/0x587a7c22f24f4f00e3a2b1c984ef290ce7d132d9.sol#164)
		- oraclize = OraclizeI(OAR.getAddress()) (../sb/0x587a7c22f24f4f00e3a2b1c984ef290ce7d132d9.sol#165)
	External calls sending eth:
	- oraclize_query(timestamp,datasource,dynargs,gaslimit) (../sb/0x587a7c22f24f4f00e3a2b1c984ef290ce7d132d9.sol#591)
		- oraclize.queryN_withGasLimit.value(price)(timestamp,datasource,args,gaslimit) (../sb/0x587a7c22f24f4f00e3a2b1c984ef290ce7d132d9.sol#452)
	State variables written after the call(s):
	- oraclize_query(timestamp,datasource,dynargs,gaslimit) (../sb/0x587a7c22f24f4f00e3a2b1c984ef290ce7d132d9.sol#591)
		- oraclize_network_name = _network_name (../sb/0x587a7c22f24f4f00e3a2b1c984ef290ce7d132d9.sol#845)
Reentrancy in usingOraclize.oraclize_query(string,bytes[5],uint256) (../sb/0x587a7c22f24f4f00e3a2b1c984ef290ce7d132d9.sol#593-601):
	External calls:
	- oraclize_query(datasource,dynargs,gaslimit) (../sb/0x587a7c22f24f4f00e3a2b1c984ef290ce7d132d9.sol#600)
		- price = oraclize.getPrice(datasource,gaslimit) (../sb/0x587a7c22f24f4f00e3a2b1c984ef290ce7d132d9.sol#455)
		- address(oraclize) != OAR.getAddress() (../sb/0x587a7c22f24f4f00e3a2b1c984ef290ce7d132d9.sol#164)
		- oraclize = OraclizeI(OAR.getAddress()) (../sb/0x587a7c22f24f4f00e3a2b1c984ef290ce7d132d9.sol#165)
		- oraclize.queryN_withGasLimit.value(price)(0,datasource,args,gaslimit) (../sb/0x587a7c22f24f4f00e3a2b1c984ef290ce7d132d9.sol#458)
	- oraclizeAPI() (../sb/0x587a7c22f24f4f00e3a2b1c984ef290ce7d132d9.sol#593)
		- address(oraclize) != OAR.getAddress() (../sb/0x587a7c22f24f4f00e3a2b1c984ef290ce7d132d9.sol#164)
		- oraclize = OraclizeI(OAR.getAddress()) (../sb/0x587a7c22f24f4f00e3a2b1c984ef290ce7d132d9.sol#165)
	External calls sending eth:
	- oraclize_query(datasource,dynargs,gaslimit) (../sb/0x587a7c22f24f4f00e3a2b1c984ef290ce7d132d9.sol#600)
		- oraclize.queryN_withGasLimit.value(price)(0,datasource,args,gaslimit) (../sb/0x587a7c22f24f4f00e3a2b1c984ef290ce7d132d9.sol#458)
	State variables written after the call(s):
	- oraclize_query(datasource,dynargs,gaslimit) (../sb/0x587a7c22f24f4f00e3a2b1c984ef290ce7d132d9.sol#600)
		- oraclize_network_name = _network_name (../sb/0x587a7c22f24f4f00e3a2b1c984ef290ce7d132d9.sol#845)
Reentrancy in EtherHiLo.rollDie(address,uint256) (../sb/0x587a7c22f24f4f00e3a2b1c984ef290ce7d132d9.sol#1430-1444):
	External calls:
	- _queryId = oraclize_newRandomDSQuery(delay,N,rngCallbackGas) (../sb/0x587a7c22f24f4f00e3a2b1c984ef290ce7d132d9.sol#1433)
		- price = oraclize.getPrice(datasource,gaslimit) (../sb/0x587a7c22f24f4f00e3a2b1c984ef290ce7d132d9.sol#455)
		- oraclize.randomDS_getSessionPubKeyHash() (../sb/0x587a7c22f24f4f00e3a2b1c984ef290ce7d132d9.sol#614)
		- address(oraclize) != OAR.getAddress() (../sb/0x587a7c22f24f4f00e3a2b1c984ef290ce7d132d9.sol#164)
		- oraclize = OraclizeI(OAR.getAddress()) (../sb/0x587a7c22f24f4f00e3a2b1c984ef290ce7d132d9.sol#165)
		- oraclize.queryN_withGasLimit.value(price)(0,datasource,args,gaslimit) (../sb/0x587a7c22f24f4f00e3a2b1c984ef290ce7d132d9.sol#458)
	External calls sending eth:
	- _queryId = oraclize_newRandomDSQuery(delay,N,rngCallbackGas) (../sb/0x587a7c22f24f4f00e3a2b1c984ef290ce7d132d9.sol#1433)
		- oraclize.queryN_withGasLimit.value(price)(0,datasource,args,gaslimit) (../sb/0x587a7c22f24f4f00e3a2b1c984ef290ce7d132d9.sol#458)
	- cleanupErrorGame(player,gameId,rollId) (../sb/0x587a7c22f24f4f00e3a2b1c984ef290ce7d132d9.sol#1438)
		- game.player.transfer(game.bet) (../sb/0x587a7c22f24f4f00e3a2b1c984ef290ce7d132d9.sol#1455)
	State variables written after the call(s):
	- cleanupErrorGame(player,gameId,rollId) (../sb/0x587a7c22f24f4f00e3a2b1c984ef290ce7d132d9.sol#1438)
		- delete failedRolls[rollId] (../sb/0x587a7c22f24f4f00e3a2b1c984ef290ce7d132d9.sol#1460)
	- cleanupErrorGame(player,gameId,rollId) (../sb/0x587a7c22f24f4f00e3a2b1c984ef290ce7d132d9.sol#1438)
		- delete gamesInProgress[player] (../sb/0x587a7c22f24f4f00e3a2b1c984ef290ce7d132d9.sol#1458)
	- cleanupErrorGame(player,gameId,rollId) (../sb/0x587a7c22f24f4f00e3a2b1c984ef290ce7d132d9.sol#1438)
		- delete rollIdToGameAddress[rollId] (../sb/0x587a7c22f24f4f00e3a2b1c984ef290ce7d132d9.sol#1459)
Reentrancy in EtherHiLo.rollDie(address,uint256) (../sb/0x587a7c22f24f4f00e3a2b1c984ef290ce7d132d9.sol#1430-1444):
	External calls:
	- _queryId = oraclize_newRandomDSQuery(delay,N,rngCallbackGas) (../sb/0x587a7c22f24f4f00e3a2b1c984ef290ce7d132d9.sol#1433)
		- price = oraclize.getPrice(datasource,gaslimit) (../sb/0x587a7c22f24f4f00e3a2b1c984ef290ce7d132d9.sol#455)
		- oraclize.randomDS_getSessionPubKeyHash() (../sb/0x587a7c22f24f4f00e3a2b1c984ef290ce7d132d9.sol#614)
		- address(oraclize) != OAR.getAddress() (../sb/0x587a7c22f24f4f00e3a2b1c984ef290ce7d132d9.sol#164)
		- oraclize = OraclizeI(OAR.getAddress()) (../sb/0x587a7c22f24f4f00e3a2b1c984ef290ce7d132d9.sol#165)
		- oraclize.queryN_withGasLimit.value(price)(0,datasource,args,gaslimit) (../sb/0x587a7c22f24f4f00e3a2b1c984ef290ce7d132d9.sol#458)
	External calls sending eth:
	- _queryId = oraclize_newRandomDSQuery(delay,N,rngCallbackGas) (../sb/0x587a7c22f24f4f00e3a2b1c984ef290ce7d132d9.sol#1433)
		- oraclize.queryN_withGasLimit.value(price)(0,datasource,args,gaslimit) (../sb/0x587a7c22f24f4f00e3a2b1c984ef290ce7d132d9.sol#458)
	State variables written after the call(s):
	- rollIdToGameAddress[rollId] = player (../sb/0x587a7c22f24f4f00e3a2b1c984ef290ce7d132d9.sol#1442)
Reference: https://github.com/crytic/slither/wiki/Detector-Documentation#reentrancy-vulnerabilities-2

Reentrancy in EtherHiLo.__callback(bytes32,string,bytes) (../sb/0x587a7c22f24f4f00e3a2b1c984ef290ce7d132d9.sol#1471-1491):
	External calls:
	- onlyOraclize() (../sb/0x587a7c22f24f4f00e3a2b1c984ef290ce7d132d9.sol#1471)
		- oraclize.cbAddress() (../sb/0x587a7c22f24f4f00e3a2b1c984ef290ce7d132d9.sol#604)
		- address(oraclize) != OAR.getAddress() (../sb/0x587a7c22f24f4f00e3a2b1c984ef290ce7d132d9.sol#164)
		- oraclize = OraclizeI(OAR.getAddress()) (../sb/0x587a7c22f24f4f00e3a2b1c984ef290ce7d132d9.sol#165)
	External calls sending eth:
	- cleanupErrorGame(player,0,rollId) (../sb/0x587a7c22f24f4f00e3a2b1c984ef290ce7d132d9.sol#1482)
		- game.player.transfer(game.bet) (../sb/0x587a7c22f24f4f00e3a2b1c984ef290ce7d132d9.sol#1455)
	Event emitted after the call(s):
	- GameError(player,gameId,rollId) (../sb/0x587a7c22f24f4f00e3a2b1c984ef290ce7d132d9.sol#1461)
		- cleanupErrorGame(player,0,rollId) (../sb/0x587a7c22f24f4f00e3a2b1c984ef290ce7d132d9.sol#1482)
Reentrancy in EtherHiLo.__callback(bytes32,string,bytes) (../sb/0x587a7c22f24f4f00e3a2b1c984ef290ce7d132d9.sol#1471-1491):
	External calls:
	- onlyOraclize() (../sb/0x587a7c22f24f4f00e3a2b1c984ef290ce7d132d9.sol#1471)
		- oraclize.cbAddress() (../sb/0x587a7c22f24f4f00e3a2b1c984ef290ce7d132d9.sol#604)
		- address(oraclize) != OAR.getAddress() (../sb/0x587a7c22f24f4f00e3a2b1c984ef290ce7d132d9.sol#164)
		- oraclize = OraclizeI(OAR.getAddress()) (../sb/0x587a7c22f24f4f00e3a2b1c984ef290ce7d132d9.sol#165)
	External calls sending eth:
	- processDiceRoll(player,randomNumber) (../sb/0x587a7c22f24f4f00e3a2b1c984ef290ce7d132d9.sol#1486)
		- game.player.transfer(transferAmount) (../sb/0x587a7c22f24f4f00e3a2b1c984ef290ce7d132d9.sol#1419)
	Event emitted after the call(s):
	- FirstRoll(player,game.id,game.bet,game.firstRoll) (../sb/0x587a7c22f24f4f00e3a2b1c984ef290ce7d132d9.sol#1383)
		- processDiceRoll(player,randomNumber) (../sb/0x587a7c22f24f4f00e3a2b1c984ef290ce7d132d9.sol#1486)
	- GameFinished(player,game.id,game.bet,game.firstRoll,finalRoll,winnings,transferAmount) (../sb/0x587a7c22f24f4f00e3a2b1c984ef290ce7d132d9.sol#1424)
		- processDiceRoll(player,randomNumber) (../sb/0x587a7c22f24f4f00e3a2b1c984ef290ce7d132d9.sol#1486)
Reentrancy in EtherHiLo.beginGame() (../sb/0x587a7c22f24f4f00e3a2b1c984ef290ce7d132d9.sol#1235-1260):
	External calls:
	- rollDie(player,game.id) (../sb/0x587a7c22f24f4f00e3a2b1c984ef290ce7d132d9.sol#1257)
		- price = oraclize.getPrice(datasource,gaslimit) (../sb/0x587a7c22f24f4f00e3a2b1c984ef290ce7d132d9.sol#455)
		- oraclize.randomDS_getSessionPubKeyHash() (../sb/0x587a7c22f24f4f00e3a2b1c984ef290ce7d132d9.sol#614)
		- address(oraclize) != OAR.getAddress() (../sb/0x587a7c22f24f4f00e3a2b1c984ef290ce7d132d9.sol#164)
		- oraclize = OraclizeI(OAR.getAddress()) (../sb/0x587a7c22f24f4f00e3a2b1c984ef290ce7d132d9.sol#165)
		- oraclize.queryN_withGasLimit.value(price)(0,datasource,args,gaslimit) (../sb/0x587a7c22f24f4f00e3a2b1c984ef290ce7d132d9.sol#458)
	External calls sending eth:
	- rollDie(player,game.id) (../sb/0x587a7c22f24f4f00e3a2b1c984ef290ce7d132d9.sol#1257)
		- game.player.transfer(game.bet) (../sb/0x587a7c22f24f4f00e3a2b1c984ef290ce7d132d9.sol#1455)
		- oraclize.queryN_withGasLimit.value(price)(0,datasource,args,gaslimit) (../sb/0x587a7c22f24f4f00e3a2b1c984ef290ce7d132d9.sol#458)
	Event emitted after the call(s):
	- GameStarted(player,game.id,bet) (../sb/0x587a7c22f24f4f00e3a2b1c984ef290ce7d132d9.sol#1258)
Reentrancy in EtherHiLo.finishGame(EtherHiLo.BetDirection) (../sb/0x587a7c22f24f4f00e3a2b1c984ef290ce7d132d9.sol#1263-1277):
	External calls:
	- rollDie(player,game.id) (../sb/0x587a7c22f24f4f00e3a2b1c984ef290ce7d132d9.sol#1274)
		- price = oraclize.getPrice(datasource,gaslimit) (../sb/0x587a7c22f24f4f00e3a2b1c984ef290ce7d132d9.sol#455)
		- oraclize.randomDS_getSessionPubKeyHash() (../sb/0x587a7c22f24f4f00e3a2b1c984ef290ce7d132d9.sol#614)
		- address(oraclize) != OAR.getAddress() (../sb/0x587a7c22f24f4f00e3a2b1c984ef290ce7d132d9.sol#164)
		- oraclize = OraclizeI(OAR.getAddress()) (../sb/0x587a7c22f24f4f00e3a2b1c984ef290ce7d132d9.sol#165)
		- oraclize.queryN_withGasLimit.value(price)(0,datasource,args,gaslimit) (../sb/0x587a7c22f24f4f00e3a2b1c984ef290ce7d132d9.sol#458)
	External calls sending eth:
	- rollDie(player,game.id) (../sb/0x587a7c22f24f4f00e3a2b1c984ef290ce7d132d9.sol#1274)
		- game.player.transfer(game.bet) (../sb/0x587a7c22f24f4f00e3a2b1c984ef290ce7d132d9.sol#1455)
		- oraclize.queryN_withGasLimit.value(price)(0,datasource,args,gaslimit) (../sb/0x587a7c22f24f4f00e3a2b1c984ef290ce7d132d9.sol#458)
	Event emitted after the call(s):
	- DirectionChosen(player,game.id,game.bet,game.firstRoll,direction) (../sb/0x587a7c22f24f4f00e3a2b1c984ef290ce7d132d9.sol#1275)
Reentrancy in EtherHiLo.rollDie(address,uint256) (../sb/0x587a7c22f24f4f00e3a2b1c984ef290ce7d132d9.sol#1430-1444):
	External calls:
	- _queryId = oraclize_newRandomDSQuery(delay,N,rngCallbackGas) (../sb/0x587a7c22f24f4f00e3a2b1c984ef290ce7d132d9.sol#1433)
		- price = oraclize.getPrice(datasource,gaslimit) (../sb/0x587a7c22f24f4f00e3a2b1c984ef290ce7d132d9.sol#455)
		- oraclize.randomDS_getSessionPubKeyHash() (../sb/0x587a7c22f24f4f00e3a2b1c984ef290ce7d132d9.sol#614)
		- address(oraclize) != OAR.getAddress() (../sb/0x587a7c22f24f4f00e3a2b1c984ef290ce7d132d9.sol#164)
		- oraclize = OraclizeI(OAR.getAddress()) (../sb/0x587a7c22f24f4f00e3a2b1c984ef290ce7d132d9.sol#165)
		- oraclize.queryN_withGasLimit.value(price)(0,datasource,args,gaslimit) (../sb/0x587a7c22f24f4f00e3a2b1c984ef290ce7d132d9.sol#458)
	External calls sending eth:
	- _queryId = oraclize_newRandomDSQuery(delay,N,rngCallbackGas) (../sb/0x587a7c22f24f4f00e3a2b1c984ef290ce7d132d9.sol#1433)
		- oraclize.queryN_withGasLimit.value(price)(0,datasource,args,gaslimit) (../sb/0x587a7c22f24f4f00e3a2b1c984ef290ce7d132d9.sol#458)
	- cleanupErrorGame(player,gameId,rollId) (../sb/0x587a7c22f24f4f00e3a2b1c984ef290ce7d132d9.sol#1438)
		- game.player.transfer(game.bet) (../sb/0x587a7c22f24f4f00e3a2b1c984ef290ce7d132d9.sol#1455)
	Event emitted after the call(s):
	- GameError(player,gameId,rollId) (../sb/0x587a7c22f24f4f00e3a2b1c984ef290ce7d132d9.sol#1461)
		- cleanupErrorGame(player,gameId,rollId) (../sb/0x587a7c22f24f4f00e3a2b1c984ef290ce7d132d9.sol#1438)
Reference: https://github.com/crytic/slither/wiki/Detector-Documentation#reentrancy-vulnerabilities-3

EtherHiLo.beginGame() (../sb/0x587a7c22f24f4f00e3a2b1c984ef290ce7d132d9.sol#1235-1260) uses timestamp for comparisons
	Dangerous comparisons:
	- require(bool)(bet >= minBet && bet <= getMaxBet()) (../sb/0x587a7c22f24f4f00e3a2b1c984ef290ce7d132d9.sol#1242)
EtherHiLo.finishGame(EtherHiLo.BetDirection) (../sb/0x587a7c22f24f4f00e3a2b1c984ef290ce7d132d9.sol#1263-1277) uses timestamp for comparisons
	Dangerous comparisons:
	- require(bool)(game.player != address(0)) (../sb/0x587a7c22f24f4f00e3a2b1c984ef290ce7d132d9.sol#1269)
EtherHiLo.getGameState(address) (../sb/0x587a7c22f24f4f00e3a2b1c984ef290ce7d132d9.sol#1280-1291) uses timestamp for comparisons
	Dangerous comparisons:
	- (gamesInProgress[player].player != address(0),gamesInProgress[player].bet,gamesInProgress[player].firstRoll,gamesInProgress[player].direction,gamesInProgress[player].id,getMinBet(),getMaxBet()) (../sb/0x587a7c22f24f4f00e3a2b1c984ef290ce7d132d9.sol#1282-1290)
EtherHiLo.processDiceRoll(address,uint256) (../sb/0x587a7c22f24f4f00e3a2b1c984ef290ce7d132d9.sol#1373-1427) uses timestamp for comparisons
	Dangerous comparisons:
	- require(bool)(game.player != address(0)) (../sb/0x587a7c22f24f4f00e3a2b1c984ef290ce7d132d9.sol#1376)
EtherHiLo.cleanupErrorGame(address,uint256,uint256) (../sb/0x587a7c22f24f4f00e3a2b1c984ef290ce7d132d9.sol#1448-1462) uses timestamp for comparisons
	Dangerous comparisons:
	- gameId == 0 (../sb/0x587a7c22f24f4f00e3a2b1c984ef290ce7d132d9.sol#1450)
EtherHiLo.cleanupAbandonedGame(address) (../sb/0x587a7c22f24f4f00e3a2b1c984ef290ce7d132d9.sol#1503-1514) uses timestamp for comparisons
	Dangerous comparisons:
	- require(bool)(game.player != address(0)) (../sb/0x587a7c22f24f4f00e3a2b1c984ef290ce7d132d9.sol#1507)
	- require(bool)(elapsed >= 86400) (../sb/0x587a7c22f24f4f00e3a2b1c984ef290ce7d132d9.sol#1510)
Reference: https://github.com/crytic/slither/wiki/Detector-Documentation#block-timestamp

usingOraclize.getCodeSize(address) (../sb/0x587a7c22f24f4f00e3a2b1c984ef290ce7d132d9.sol#617-621) uses assembly
	- INLINE ASM (../sb/0x587a7c22f24f4f00e3a2b1c984ef290ce7d132d9.sol#618-621)
usingOraclize.oraclize_newRandomDSQuery(uint256,uint256,uint256) (../sb/0x587a7c22f24f4f00e3a2b1c984ef290ce7d132d9.sol#852-895) uses assembly
	- INLINE ASM (../sb/0x587a7c22f24f4f00e3a2b1c984ef290ce7d132d9.sol#861-867)
	- INLINE ASM (../sb/0x587a7c22f24f4f00e3a2b1c984ef290ce7d132d9.sol#868-872)
	- INLINE ASM (../sb/0x587a7c22f24f4f00e3a2b1c984ef290ce7d132d9.sol#880-893)
usingOraclize.verifySig(bytes32,bytes,bytes) (../sb/0x587a7c22f24f4f00e3a2b1c984ef290ce7d132d9.sol#904-930) uses assembly
	- INLINE ASM (../sb/0x587a7c22f24f4f00e3a2b1c984ef290ce7d132d9.sol#918-924)
usingOraclize.copyBytes(bytes,uint256,uint256,bytes,uint256) (../sb/0x587a7c22f24f4f00e3a2b1c984ef290ce7d132d9.sol#1042-1062) uses assembly
	- INLINE ASM (../sb/0x587a7c22f24f4f00e3a2b1c984ef290ce7d132d9.sol#1053-1057)
usingOraclize.safer_ecrecover(bytes32,uint8,bytes32,bytes32) (../sb/0x587a7c22f24f4f00e3a2b1c984ef290ce7d132d9.sol#1066-1091) uses assembly
	- INLINE ASM (../sb/0x587a7c22f24f4f00e3a2b1c984ef290ce7d132d9.sol#1077-1090)
usingOraclize.ecrecovery(bytes32,bytes) (../sb/0x587a7c22f24f4f00e3a2b1c984ef290ce7d132d9.sol#1094-1132) uses assembly
	- INLINE ASM (../sb/0x587a7c22f24f4f00e3a2b1c984ef290ce7d132d9.sol#1105-1125)
Reference: https://github.com/crytic/slither/wiki/Detector-Documentation#assembly-usage

usingOraclize.oraclize_randomDS_proofVerify__sessionKeyValidity(bytes,uint256) (../sb/0x587a7c22f24f4f00e3a2b1c984ef290ce7d132d9.sol#932-965) compares to a boolean constant:
	-sigok == false (../sb/0x587a7c22f24f4f00e3a2b1c984ef290ce7d132d9.sol#949)
usingOraclize.oraclize_randomDS_proofVerify__returnCode(bytes32,string,bytes) (../sb/0x587a7c22f24f4f00e3a2b1c984ef290ce7d132d9.sol#977-985) compares to a boolean constant:
	-proofVerified == false (../sb/0x587a7c22f24f4f00e3a2b1c984ef290ce7d132d9.sol#982)
usingOraclize.oraclize_randomDS_proofVerify__main(bytes,bytes32,bytes,string) (../sb/0x587a7c22f24f4f00e3a2b1c984ef290ce7d132d9.sol#999-1039) compares to a boolean constant:
	-oraclize_randomDS_sessionKeysHashVerified[sessionPubkeyHash] == false (../sb/0x587a7c22f24f4f00e3a2b1c984ef290ce7d132d9.sol#1034)
Reference: https://github.com/crytic/slither/wiki/Detector-Documentation#boolean-equality

2 different versions of Solidity are used:
	- Version constraint ^0.4.18 is used by:
		-^0.4.18 (../sb/0x587a7c22f24f4f00e3a2b1c984ef290ce7d132d9.sol#1)
		-^0.4.18 (../sb/0x587a7c22f24f4f00e3a2b1c984ef290ce7d132d9.sol#49)
		-^0.4.18 (../sb/0x587a7c22f24f4f00e3a2b1c984ef290ce7d132d9.sol#122)
	- Version constraint ^0.4.19 is used by:
		-^0.4.19 (../sb/0x587a7c22f24f4f00e3a2b1c984ef290ce7d132d9.sol#1137)
Reference: https://github.com/crytic/slither/wiki/Detector-Documentation#different-pragma-directives-are-used

usingOraclize.ecrecovery(bytes32,bytes) (../sb/0x587a7c22f24f4f00e3a2b1c984ef290ce7d132d9.sol#1094-1132) is never used and should be removed
usingOraclize.indexOf(string,string) (../sb/0x587a7c22f24f4f00e3a2b1c984ef290ce7d132d9.sol#661-686) is never used and should be removed
usingOraclize.oraclize_getPrice(string) (../sb/0x587a7c22f24f4f00e3a2b1c984ef290ce7d132d9.sol#222-224) is never used and should be removed
usingOraclize.oraclize_getPrice(string,uint256) (../sb/0x587a7c22f24f4f00e3a2b1c984ef290ce7d132d9.sol#226-228) is never used and should be removed
usingOraclize.oraclize_query(string,bytes[1]) (../sb/0x587a7c22f24f4f00e3a2b1c984ef290ce7d132d9.sol#460-464) is never used and should be removed
usingOraclize.oraclize_query(string,bytes[1],uint256) (../sb/0x587a7c22f24f4f00e3a2b1c984ef290ce7d132d9.sol#475-479) is never used and should be removed
usingOraclize.oraclize_query(string,bytes[2]) (../sb/0x587a7c22f24f4f00e3a2b1c984ef290ce7d132d9.sol#481-486) is never used and should be removed
usingOraclize.oraclize_query(string,bytes[2],uint256) (../sb/0x587a7c22f24f4f00e3a2b1c984ef290ce7d132d9.sol#499-504) is never used and should be removed
usingOraclize.oraclize_query(string,bytes[3]) (../sb/0x587a7c22f24f4f00e3a2b1c984ef290ce7d132d9.sol#505-511) is never used and should be removed
usingOraclize.oraclize_query(string,bytes[3],uint256) (../sb/0x587a7c22f24f4f00e3a2b1c984ef290ce7d132d9.sol#526-532) is never used and should be removed
usingOraclize.oraclize_query(string,bytes[4]) (../sb/0x587a7c22f24f4f00e3a2b1c984ef290ce7d132d9.sol#534-541) is never used and should be removed
usingOraclize.oraclize_query(string,bytes[5]) (../sb/0x587a7c22f24f4f00e3a2b1c984ef290ce7d132d9.sol#566-574) is never used and should be removed
usingOraclize.oraclize_query(string,bytes[5],uint256) (../sb/0x587a7c22f24f4f00e3a2b1c984ef290ce7d132d9.sol#593-601) is never used and should be removed
usingOraclize.oraclize_query(string,bytes[]) (../sb/0x587a7c22f24f4f00e3a2b1c984ef290ce7d132d9.sol#436-441) is never used and should be removed
usingOraclize.oraclize_query(string,string) (../sb/0x587a7c22f24f4f00e3a2b1c984ef290ce7d132d9.sol#230-234) is never used and should be removed
usingOraclize.oraclize_query(string,string,string) (../sb/0x587a7c22f24f4f00e3a2b1c984ef290ce7d132d9.sol#250-254) is never used and should be removed
usingOraclize.oraclize_query(string,string,string,uint256) (../sb/0x587a7c22f24f4f00e3a2b1c984ef290ce7d132d9.sol#265-269) is never used and should be removed
usingOraclize.oraclize_query(string,string,uint256) (../sb/0x587a7c22f24f4f00e3a2b1c984ef290ce7d132d9.sol#245-249) is never used and should be removed
usingOraclize.oraclize_query(string,string[1]) (../sb/0x587a7c22f24f4f00e3a2b1c984ef290ce7d132d9.sol#294-298) is never used and should be removed
usingOraclize.oraclize_query(string,string[1],uint256) (../sb/0x587a7c22f24f4f00e3a2b1c984ef290ce7d132d9.sol#309-313) is never used and should be removed
usingOraclize.oraclize_query(string,string[2]) (../sb/0x587a7c22f24f4f00e3a2b1c984ef290ce7d132d9.sol#315-320) is never used and should be removed
usingOraclize.oraclize_query(string,string[2],uint256) (../sb/0x587a7c22f24f4f00e3a2b1c984ef290ce7d132d9.sol#333-338) is never used and should be removed
usingOraclize.oraclize_query(string,string[3]) (../sb/0x587a7c22f24f4f00e3a2b1c984ef290ce7d132d9.sol#339-345) is never used and should be removed
usingOraclize.oraclize_query(string,string[3],uint256) (../sb/0x587a7c22f24f4f00e3a2b1c984ef290ce7d132d9.sol#360-366) is never used and should be removed
usingOraclize.oraclize_query(string,string[4]) (../sb/0x587a7c22f24f4f00e3a2b1c984ef290ce7d132d9.sol#368-375) is never used and should be removed
usingOraclize.oraclize_query(string,string[4],uint256) (../sb/0x587a7c22f24f4f00e3a2b1c984ef290ce7d132d9.sol#392-399) is never used and should be removed
usingOraclize.oraclize_query(string,string[5]) (../sb/0x587a7c22f24f4f00e3a2b1c984ef290ce7d132d9.sol#400-408) is never used and should be removed
usingOraclize.oraclize_query(string,string[5],uint256) (../sb/0x587a7c22f24f4f00e3a2b1c984ef290ce7d132d9.sol#427-435) is never used and should be removed
usingOraclize.oraclize_query(string,string[]) (../sb/0x587a7c22f24f4f00e3a2b1c984ef290ce7d132d9.sol#270-275) is never used and should be removed
usingOraclize.oraclize_query(string,string[],uint256) (../sb/0x587a7c22f24f4f00e3a2b1c984ef290ce7d132d9.sol#288-293) is never used and should be removed
usingOraclize.oraclize_query(uint256,string,bytes[1]) (../sb/0x587a7c22f24f4f00e3a2b1c984ef290ce7d132d9.sol#465-469) is never used and should be removed
usingOraclize.oraclize_query(uint256,string,bytes[1],uint256) (../sb/0x587a7c22f24f4f00e3a2b1c984ef290ce7d132d9.sol#470-474) is never used and should be removed
usingOraclize.oraclize_query(uint256,string,bytes[2]) (../sb/0x587a7c22f24f4f00e3a2b1c984ef290ce7d132d9.sol#487-492) is never used and should be removed
usingOraclize.oraclize_query(uint256,string,bytes[2],uint256) (../sb/0x587a7c22f24f4f00e3a2b1c984ef290ce7d132d9.sol#493-498) is never used and should be removed
usingOraclize.oraclize_query(uint256,string,bytes[3]) (../sb/0x587a7c22f24f4f00e3a2b1c984ef290ce7d132d9.sol#512-518) is never used and should be removed
usingOraclize.oraclize_query(uint256,string,bytes[3],uint256) (../sb/0x587a7c22f24f4f00e3a2b1c984ef290ce7d132d9.sol#519-525) is never used and should be removed
usingOraclize.oraclize_query(uint256,string,bytes[4]) (../sb/0x587a7c22f24f4f00e3a2b1c984ef290ce7d132d9.sol#542-549) is never used and should be removed
usingOraclize.oraclize_query(uint256,string,bytes[4],uint256) (../sb/0x587a7c22f24f4f00e3a2b1c984ef290ce7d132d9.sol#550-557) is never used and should be removed
usingOraclize.oraclize_query(uint256,string,bytes[5]) (../sb/0x587a7c22f24f4f00e3a2b1c984ef290ce7d132d9.sol#575-583) is never used and should be removed
usingOraclize.oraclize_query(uint256,string,bytes[5],uint256) (../sb/0x587a7c22f24f4f00e3a2b1c984ef290ce7d132d9.sol#584-592) is never used and should be removed
usingOraclize.oraclize_query(uint256,string,bytes[]) (../sb/0x587a7c22f24f4f00e3a2b1c984ef290ce7d132d9.sol#442-447) is never used and should be removed
usingOraclize.oraclize_query(uint256,string,bytes[],uint256) (../sb/0x587a7c22f24f4f00e3a2b1c984ef290ce7d132d9.sol#448-453) is never used and should be removed
usingOraclize.oraclize_query(uint256,string,string) (../sb/0x587a7c22f24f4f00e3a2b1c984ef290ce7d132d9.sol#235-239) is never used and should be removed
usingOraclize.oraclize_query(uint256,string,string,string) (../sb/0x587a7c22f24f4f00e3a2b1c984ef290ce7d132d9.sol#255-259) is never used and should be removed
usingOraclize.oraclize_query(uint256,string,string,string,uint256) (../sb/0x587a7c22f24f4f00e3a2b1c984ef290ce7d132d9.sol#260-264) is never used and should be removed
usingOraclize.oraclize_query(uint256,string,string,uint256) (../sb/0x587a7c22f24f4f00e3a2b1c984ef290ce7d132d9.sol#240-244) is never used and should be removed
usingOraclize.oraclize_query(uint256,string,string[1]) (../sb/0x587a7c22f24f4f00e3a2b1c984ef290ce7d132d9.sol#299-303) is never used and should be removed
usingOraclize.oraclize_query(uint256,string,string[1],uint256) (../sb/0x587a7c22f24f4f00e3a2b1c984ef290ce7d132d9.sol#304-308) is never used and should be removed
usingOraclize.oraclize_query(uint256,string,string[2]) (../sb/0x587a7c22f24f4f00e3a2b1c984ef290ce7d132d9.sol#321-326) is never used and should be removed
usingOraclize.oraclize_query(uint256,string,string[2],uint256) (../sb/0x587a7c22f24f4f00e3a2b1c984ef290ce7d132d9.sol#327-332) is never used and should be removed
usingOraclize.oraclize_query(uint256,string,string[3]) (../sb/0x587a7c22f24f4f00e3a2b1c984ef290ce7d132d9.sol#346-352) is never used and should be removed
usingOraclize.oraclize_query(uint256,string,string[3],uint256) (../sb/0x587a7c22f24f4f00e3a2b1c984ef290ce7d132d9.sol#353-359) is never used and should be removed
usingOraclize.oraclize_query(uint256,string,string[4]) (../sb/0x587a7c22f24f4f00e3a2b1c984ef290ce7d132d9.sol#376-383) is never used and should be removed
usingOraclize.oraclize_query(uint256,string,string[4],uint256) (../sb/0x587a7c22f24f4f00e3a2b1c984ef290ce7d132d9.sol#384-391) is never used and should be removed
usingOraclize.oraclize_query(uint256,string,string[5]) (../sb/0x587a7c22f24f4f00e3a2b1c984ef290ce7d132d9.sol#409-417) is never used and should be removed
usingOraclize.oraclize_query(uint256,string,string[5],uint256) (../sb/0x587a7c22f24f4f00e3a2b1c984ef290ce7d132d9.sol#418-426) is never used and should be removed
usingOraclize.oraclize_query(uint256,string,string[]) (../sb/0x587a7c22f24f4f00e3a2b1c984ef290ce7d132d9.sol#276-281) is never used and should be removed
usingOraclize.oraclize_query(uint256,string,string[],uint256) (../sb/0x587a7c22f24f4f00e3a2b1c984ef290ce7d132d9.sol#282-287) is never used and should be removed
usingOraclize.parseAddr(string) (../sb/0x587a7c22f24f4f00e3a2b1c984ef290ce7d132d9.sol#623-641) is never used and should be removed
usingOraclize.parseInt(string) (../sb/0x587a7c22f24f4f00e3a2b1c984ef290ce7d132d9.sol#718-720) is never used and should be removed
usingOraclize.parseInt(string,uint256) (../sb/0x587a7c22f24f4f00e3a2b1c984ef290ce7d132d9.sol#723-739) is never used and should be removed
usingOraclize.strCompare(string,string) (../sb/0x587a7c22f24f4f00e3a2b1c984ef290ce7d132d9.sol#643-659) is never used and should be removed
usingOraclize.strConcat(string,string) (../sb/0x587a7c22f24f4f00e3a2b1c984ef290ce7d132d9.sol#713-715) is never used and should be removed
usingOraclize.strConcat(string,string,string) (../sb/0x587a7c22f24f4f00e3a2b1c984ef290ce7d132d9.sol#709-711) is never used and should be removed
usingOraclize.strConcat(string,string,string,string) (../sb/0x587a7c22f24f4f00e3a2b1c984ef290ce7d132d9.sol#705-707) is never used and should be removed
usingOraclize.strConcat(string,string,string,string,string) (../sb/0x587a7c22f24f4f00e3a2b1c984ef290ce7d132d9.sol#688-703) is never used and should be removed
usingOraclize.stra2cbor(string[]) (../sb/0x587a7c22f24f4f00e3a2b1c984ef290ce7d132d9.sol#758-798) is never used and should be removed
usingOraclize.uint2str(uint256) (../sb/0x587a7c22f24f4f00e3a2b1c984ef290ce7d132d9.sol#741-756) is never used and should be removed
Reference: https://github.com/crytic/slither/wiki/Detector-Documentation#dead-code

Version constraint ^0.4.18 contains known severe issues (https://solidity.readthedocs.io/en/latest/bugs.html)
	- DirtyBytesArrayToStorage
	- ABIDecodeTwoDimensionalArrayMemory
	- KeccakCaching
	- EmptyByteArrayCopy
	- DynamicArrayCleanup
	- ImplicitConstructorCallvalueCheck
	- TupleAssignmentMultiStackSlotComponents
	- MemoryArrayCreationOverflow
	- privateCanBeOverridden
	- SignedArrayStorageCopy
	- ABIEncoderV2StorageArrayWithMultiSlotElement
	- DynamicConstructorArgumentsClippedABIV2
	- UninitializedFunctionPointerInConstructor_0.4.x
	- IncorrectEventSignatureInLibraries_0.4.x
	- ExpExponentCleanup
	- EventStructWrongData
	- NestedArrayFunctionCallDecoder.
It is used by:
	- ^0.4.18 (../sb/0x587a7c22f24f4f00e3a2b1c984ef290ce7d132d9.sol#1)
	- ^0.4.18 (../sb/0x587a7c22f24f4f00e3a2b1c984ef290ce7d132d9.sol#49)
	- ^0.4.18 (../sb/0x587a7c22f24f4f00e3a2b1c984ef290ce7d132d9.sol#122)
Version constraint ^0.4.19 contains known severe issues (https://solidity.readthedocs.io/en/latest/bugs.html)
	- DirtyBytesArrayToStorage
	- ABIDecodeTwoDimensionalArrayMemory
	- KeccakCaching
	- EmptyByteArrayCopy
	- DynamicArrayCleanup
	- ImplicitConstructorCallvalueCheck
	- TupleAssignmentMultiStackSlotComponents
	- MemoryArrayCreationOverflow
	- privateCanBeOverridden
	- SignedArrayStorageCopy
	- ABIEncoderV2StorageArrayWithMultiSlotElement
	- DynamicConstructorArgumentsClippedABIV2
	- UninitializedFunctionPointerInConstructor_0.4.x
	- IncorrectEventSignatureInLibraries_0.4.x
	- ABIEncoderV2PackedStorage_0.4.x
	- ExpExponentCleanup
	- EventStructWrongData
	- NestedArrayFunctionCallDecoder.
It is used by:
	- ^0.4.19 (../sb/0x587a7c22f24f4f00e3a2b1c984ef290ce7d132d9.sol#1137)
solc-0.4.26 is an outdated solc version. Use a more recent version (at least 0.8.0), if possible.
Reference: https://github.com/crytic/slither/wiki/Detector-Documentation#incorrect-versions-of-solidity

Function OraclizeI.query_withGasLimit(uint256,string,string,uint256) (../sb/0x587a7c22f24f4f00e3a2b1c984ef290ce7d132d9.sol#127) is not in mixedCase
Function OraclizeI.query2_withGasLimit(uint256,string,string,string,uint256) (../sb/0x587a7c22f24f4f00e3a2b1c984ef290ce7d132d9.sol#129) is not in mixedCase
Function OraclizeI.queryN_withGasLimit(uint256,string,bytes,uint256) (../sb/0x587a7c22f24f4f00e3a2b1c984ef290ce7d132d9.sol#131) is not in mixedCase
Function OraclizeI.randomDS_getSessionPubKeyHash() (../sb/0x587a7c22f24f4f00e3a2b1c984ef290ce7d132d9.sol#136) is not in mixedCase
Contract usingOraclize (../sb/0x587a7c22f24f4f00e3a2b1c984ef290ce7d132d9.sol#141-1134) is not in CapWords
Function usingOraclize.oraclize_setNetwork(uint8) (../sb/0x587a7c22f24f4f00e3a2b1c984ef290ce7d132d9.sol#174-177) is not in mixedCase
Function usingOraclize.oraclize_setNetwork() (../sb/0x587a7c22f24f4f00e3a2b1c984ef290ce7d132d9.sol#178-212) is not in mixedCase
Function usingOraclize.__callback(bytes32,string) (../sb/0x587a7c22f24f4f00e3a2b1c984ef290ce7d132d9.sol#214-216) is not in mixedCase
Function usingOraclize.__callback(bytes32,string,bytes) (../sb/0x587a7c22f24f4f00e3a2b1c984ef290ce7d132d9.sol#217-220) is not in mixedCase
Function usingOraclize.oraclize_getPrice(string) (../sb/0x587a7c22f24f4f00e3a2b1c984ef290ce7d132d9.sol#222-224) is not in mixedCase
Function usingOraclize.oraclize_getPrice(string,uint256) (../sb/0x587a7c22f24f4f00e3a2b1c984ef290ce7d132d9.sol#226-228) is not in mixedCase
Function usingOraclize.oraclize_query(string,string) (../sb/0x587a7c22f24f4f00e3a2b1c984ef290ce7d132d9.sol#230-234) is not in mixedCase
Function usingOraclize.oraclize_query(uint256,string,string) (../sb/0x587a7c22f24f4f00e3a2b1c984ef290ce7d132d9.sol#235-239) is not in mixedCase
Function usingOraclize.oraclize_query(uint256,string,string,uint256) (../sb/0x587a7c22f24f4f00e3a2b1c984ef290ce7d132d9.sol#240-244) is not in mixedCase
Function usingOraclize.oraclize_query(string,string,uint256) (../sb/0x587a7c22f24f4f00e3a2b1c984ef290ce7d132d9.sol#245-249) is not in mixedCase
Function usingOraclize.oraclize_query(string,string,string) (../sb/0x587a7c22f24f4f00e3a2b1c984ef290ce7d132d9.sol#250-254) is not in mixedCase
Function usingOraclize.oraclize_query(uint256,string,string,string) (../sb/0x587a7c22f24f4f00e3a2b1c984ef290ce7d132d9.sol#255-259) is not in mixedCase
Function usingOraclize.oraclize_query(uint256,string,string,string,uint256) (../sb/0x587a7c22f24f4f00e3a2b1c984ef290ce7d132d9.sol#260-264) is not in mixedCase
Function usingOraclize.oraclize_query(string,string,string,uint256) (../sb/0x587a7c22f24f4f00e3a2b1c984ef290ce7d132d9.sol#265-269) is not in mixedCase
Function usingOraclize.oraclize_query(string,string[]) (../sb/0x587a7c22f24f4f00e3a2b1c984ef290ce7d132d9.sol#270-275) is not in mixedCase
Function usingOraclize.oraclize_query(uint256,string,string[]) (../sb/0x587a7c22f24f4f00e3a2b1c984ef290ce7d132d9.sol#276-281) is not in mixedCase
Function usingOraclize.oraclize_query(uint256,string,string[],uint256) (../sb/0x587a7c22f24f4f00e3a2b1c984ef290ce7d132d9.sol#282-287) is not in mixedCase
Function usingOraclize.oraclize_query(string,string[],uint256) (../sb/0x587a7c22f24f4f00e3a2b1c984ef290ce7d132d9.sol#288-293) is not in mixedCase
Function usingOraclize.oraclize_query(string,string[1]) (../sb/0x587a7c22f24f4f00e3a2b1c984ef290ce7d132d9.sol#294-298) is not in mixedCase
Function usingOraclize.oraclize_query(uint256,string,string[1]) (../sb/0x587a7c22f24f4f00e3a2b1c984ef290ce7d132d9.sol#299-303) is not in mixedCase
Function usingOraclize.oraclize_query(uint256,string,string[1],uint256) (../sb/0x587a7c22f24f4f00e3a2b1c984ef290ce7d132d9.sol#304-308) is not in mixedCase
Function usingOraclize.oraclize_query(string,string[1],uint256) (../sb/0x587a7c22f24f4f00e3a2b1c984ef290ce7d132d9.sol#309-313) is not in mixedCase
Function usingOraclize.oraclize_query(string,string[2]) (../sb/0x587a7c22f24f4f00e3a2b1c984ef290ce7d132d9.sol#315-320) is not in mixedCase
Function usingOraclize.oraclize_query(uint256,string,string[2]) (../sb/0x587a7c22f24f4f00e3a2b1c984ef290ce7d132d9.sol#321-326) is not in mixedCase
Function usingOraclize.oraclize_query(uint256,string,string[2],uint256) (../sb/0x587a7c22f24f4f00e3a2b1c984ef290ce7d132d9.sol#327-332) is not in mixedCase
Function usingOraclize.oraclize_query(string,string[2],uint256) (../sb/0x587a7c22f24f4f00e3a2b1c984ef290ce7d132d9.sol#333-338) is not in mixedCase
Function usingOraclize.oraclize_query(string,string[3]) (../sb/0x587a7c22f24f4f00e3a2b1c984ef290ce7d132d9.sol#339-345) is not in mixedCase
Function usingOraclize.oraclize_query(uint256,string,string[3]) (../sb/0x587a7c22f24f4f00e3a2b1c984ef290ce7d132d9.sol#346-352) is not in mixedCase
Function usingOraclize.oraclize_query(uint256,string,string[3],uint256) (../sb/0x587a7c22f24f4f00e3a2b1c984ef290ce7d132d9.sol#353-359) is not in mixedCase
Function usingOraclize.oraclize_query(string,string[3],uint256) (../sb/0x587a7c22f24f4f00e3a2b1c984ef290ce7d132d9.sol#360-366) is not in mixedCase
Function usingOraclize.oraclize_query(string,string[4]) (../sb/0x587a7c22f24f4f00e3a2b1c984ef290ce7d132d9.sol#368-375) is not in mixedCase
Function usingOraclize.oraclize_query(uint256,string,string[4]) (../sb/0x587a7c22f24f4f00e3a2b1c984ef290ce7d132d9.sol#376-383) is not in mixedCase
Function usingOraclize.oraclize_query(uint256,string,string[4],uint256) (../sb/0x587a7c22f24f4f00e3a2b1c984ef290ce7d132d9.sol#384-391) is not in mixedCase
Function usingOraclize.oraclize_query(string,string[4],uint256) (../sb/0x587a7c22f24f4f00e3a2b1c984ef290ce7d132d9.sol#392-399) is not in mixedCase
Function usingOraclize.oraclize_query(string,string[5]) (../sb/0x587a7c22f24f4f00e3a2b1c984ef290ce7d132d9.sol#400-408) is not in mixedCase
Function usingOraclize.oraclize_query(uint256,string,string[5]) (../sb/0x587a7c22f24f4f00e3a2b1c984ef290ce7d132d9.sol#409-417) is not in mixedCase
Function usingOraclize.oraclize_query(uint256,string,string[5],uint256) (../sb/0x587a7c22f24f4f00e3a2b1c984ef290ce7d132d9.sol#418-426) is not in mixedCase
Function usingOraclize.oraclize_query(string,string[5],uint256) (../sb/0x587a7c22f24f4f00e3a2b1c984ef290ce7d132d9.sol#427-435) is not in mixedCase
Function usingOraclize.oraclize_query(string,bytes[]) (../sb/0x587a7c22f24f4f00e3a2b1c984ef290ce7d132d9.sol#436-441) is not in mixedCase
Function usingOraclize.oraclize_query(uint256,string,bytes[]) (../sb/0x587a7c22f24f4f00e3a2b1c984ef290ce7d132d9.sol#442-447) is not in mixedCase
Function usingOraclize.oraclize_query(uint256,string,bytes[],uint256) (../sb/0x587a7c22f24f4f00e3a2b1c984ef290ce7d132d9.sol#448-453) is not in mixedCase
Function usingOraclize.oraclize_query(string,bytes[],uint256) (../sb/0x587a7c22f24f4f00e3a2b1c984ef290ce7d132d9.sol#454-459) is not in mixedCase
Function usingOraclize.oraclize_query(string,bytes[1]) (../sb/0x587a7c22f24f4f00e3a2b1c984ef290ce7d132d9.sol#460-464) is not in mixedCase
Function usingOraclize.oraclize_query(uint256,string,bytes[1]) (../sb/0x587a7c22f24f4f00e3a2b1c984ef290ce7d132d9.sol#465-469) is not in mixedCase
Function usingOraclize.oraclize_query(uint256,string,bytes[1],uint256) (../sb/0x587a7c22f24f4f00e3a2b1c984ef290ce7d132d9.sol#470-474) is not in mixedCase
Function usingOraclize.oraclize_query(string,bytes[1],uint256) (../sb/0x587a7c22f24f4f00e3a2b1c984ef290ce7d132d9.sol#475-479) is not in mixedCase
Function usingOraclize.oraclize_query(string,bytes[2]) (../sb/0x587a7c22f24f4f00e3a2b1c984ef290ce7d132d9.sol#481-486) is not in mixedCase
Function usingOraclize.oraclize_query(uint256,string,bytes[2]) (../sb/0x587a7c22f24f4f00e3a2b1c984ef290ce7d132d9.sol#487-492) is not in mixedCase
Function usingOraclize.oraclize_query(uint256,string,bytes[2],uint256) (../sb/0x587a7c22f24f4f00e3a2b1c984ef290ce7d132d9.sol#493-498) is not in mixedCase
Function usingOraclize.oraclize_query(string,bytes[2],uint256) (../sb/0x587a7c22f24f4f00e3a2b1c984ef290ce7d132d9.sol#499-504) is not in mixedCase
Function usingOraclize.oraclize_query(string,bytes[3]) (../sb/0x587a7c22f24f4f00e3a2b1c984ef290ce7d132d9.sol#505-511) is not in mixedCase
Function usingOraclize.oraclize_query(uint256,string,bytes[3]) (../sb/0x587a7c22f24f4f00e3a2b1c984ef290ce7d132d9.sol#512-518) is not in mixedCase
Function usingOraclize.oraclize_query(uint256,string,bytes[3],uint256) (../sb/0x587a7c22f24f4f00e3a2b1c984ef290ce7d132d9.sol#519-525) is not in mixedCase
Function usingOraclize.oraclize_query(string,bytes[3],uint256) (../sb/0x587a7c22f24f4f00e3a2b1c984ef290ce7d132d9.sol#526-532) is not in mixedCase
Function usingOraclize.oraclize_query(string,bytes[4]) (../sb/0x587a7c22f24f4f00e3a2b1c984ef290ce7d132d9.sol#534-541) is not in mixedCase
Function usingOraclize.oraclize_query(uint256,string,bytes[4]) (../sb/0x587a7c22f24f4f00e3a2b1c984ef290ce7d132d9.sol#542-549) is not in mixedCase
Function usingOraclize.oraclize_query(uint256,string,bytes[4],uint256) (../sb/0x587a7c22f24f4f00e3a2b1c984ef290ce7d132d9.sol#550-557) is not in mixedCase
Function usingOraclize.oraclize_query(string,bytes[4],uint256) (../sb/0x587a7c22f24f4f00e3a2b1c984ef290ce7d132d9.sol#558-565) is not in mixedCase
Function usingOraclize.oraclize_query(string,bytes[5]) (../sb/0x587a7c22f24f4f00e3a2b1c984ef290ce7d132d9.sol#566-574) is not in mixedCase
Function usingOraclize.oraclize_query(uint256,string,bytes[5]) (../sb/0x587a7c22f24f4f00e3a2b1c984ef290ce7d132d9.sol#575-583) is not in mixedCase
Function usingOraclize.oraclize_query(uint256,string,bytes[5],uint256) (../sb/0x587a7c22f24f4f00e3a2b1c984ef290ce7d132d9.sol#584-592) is not in mixedCase
Function usingOraclize.oraclize_query(string,bytes[5],uint256) (../sb/0x587a7c22f24f4f00e3a2b1c984ef290ce7d132d9.sol#593-601) is not in mixedCase
Function usingOraclize.oraclize_cbAddress() (../sb/0x587a7c22f24f4f00e3a2b1c984ef290ce7d132d9.sol#603-605) is not in mixedCase
Function usingOraclize.oraclize_setProof(bytes1) (../sb/0x587a7c22f24f4f00e3a2b1c984ef290ce7d132d9.sol#606-608) is not in mixedCase
Function usingOraclize.oraclize_setCustomGasPrice(uint256) (../sb/0x587a7c22f24f4f00e3a2b1c984ef290ce7d132d9.sol#609-611) is not in mixedCase
Function usingOraclize.oraclize_randomDS_getSessionPubKeyHash() (../sb/0x587a7c22f24f4f00e3a2b1c984ef290ce7d132d9.sol#613-615) is not in mixedCase
Parameter usingOraclize.parseAddr(string)._a (../sb/0x587a7c22f24f4f00e3a2b1c984ef290ce7d132d9.sol#623) is not in mixedCase
Parameter usingOraclize.strCompare(string,string)._a (../sb/0x587a7c22f24f4f00e3a2b1c984ef290ce7d132d9.sol#643) is not in mixedCase
Parameter usingOraclize.strCompare(string,string)._b (../sb/0x587a7c22f24f4f00e3a2b1c984ef290ce7d132d9.sol#643) is not in mixedCase
Parameter usingOraclize.indexOf(string,string)._haystack (../sb/0x587a7c22f24f4f00e3a2b1c984ef290ce7d132d9.sol#661) is not in mixedCase
Parameter usingOraclize.indexOf(string,string)._needle (../sb/0x587a7c22f24f4f00e3a2b1c984ef290ce7d132d9.sol#661) is not in mixedCase
Parameter usingOraclize.strConcat(string,string,string,string,string)._a (../sb/0x587a7c22f24f4f00e3a2b1c984ef290ce7d132d9.sol#688) is not in mixedCase
Parameter usingOraclize.strConcat(string,string,string,string,string)._b (../sb/0x587a7c22f24f4f00e3a2b1c984ef290ce7d132d9.sol#688) is not in mixedCase
Parameter usingOraclize.strConcat(string,string,string,string,string)._c (../sb/0x587a7c22f24f4f00e3a2b1c984ef290ce7d132d9.sol#688) is not in mixedCase
Parameter usingOraclize.strConcat(string,string,string,string,string)._d (../sb/0x587a7c22f24f4f00e3a2b1c984ef290ce7d132d9.sol#688) is not in mixedCase
Parameter usingOraclize.strConcat(string,string,string,string,string)._e (../sb/0x587a7c22f24f4f00e3a2b1c984ef290ce7d132d9.sol#688) is not in mixedCase
Parameter usingOraclize.strConcat(string,string,string,string)._a (../sb/0x587a7c22f24f4f00e3a2b1c984ef290ce7d132d9.sol#705) is not in mixedCase
Parameter usingOraclize.strConcat(string,string,string,string)._b (../sb/0x587a7c22f24f4f00e3a2b1c984ef290ce7d132d9.sol#705) is not in mixedCase
Parameter usingOraclize.strConcat(string,string,string,string)._c (../sb/0x587a7c22f24f4f00e3a2b1c984ef290ce7d132d9.sol#705) is not in mixedCase
Parameter usingOraclize.strConcat(string,string,string,string)._d (../sb/0x587a7c22f24f4f00e3a2b1c984ef290ce7d132d9.sol#705) is not in mixedCase
Parameter usingOraclize.strConcat(string,string,string)._a (../sb/0x587a7c22f24f4f00e3a2b1c984ef290ce7d132d9.sol#709) is not in mixedCase
Parameter usingOraclize.strConcat(string,string,string)._b (../sb/0x587a7c22f24f4f00e3a2b1c984ef290ce7d132d9.sol#709) is not in mixedCase
Parameter usingOraclize.strConcat(string,string,string)._c (../sb/0x587a7c22f24f4f00e3a2b1c984ef290ce7d132d9.sol#709) is not in mixedCase
Parameter usingOraclize.strConcat(string,string)._a (../sb/0x587a7c22f24f4f00e3a2b1c984ef290ce7d132d9.sol#713) is not in mixedCase
Parameter usingOraclize.strConcat(string,string)._b (../sb/0x587a7c22f24f4f00e3a2b1c984ef290ce7d132d9.sol#713) is not in mixedCase
Parameter usingOraclize.parseInt(string)._a (../sb/0x587a7c22f24f4f00e3a2b1c984ef290ce7d132d9.sol#718) is not in mixedCase
Parameter usingOraclize.parseInt(string,uint256)._a (../sb/0x587a7c22f24f4f00e3a2b1c984ef290ce7d132d9.sol#723) is not in mixedCase
Parameter usingOraclize.parseInt(string,uint256)._b (../sb/0x587a7c22f24f4f00e3a2b1c984ef290ce7d132d9.sol#723) is not in mixedCase
Function usingOraclize.oraclize_setNetworkName(string) (../sb/0x587a7c22f24f4f00e3a2b1c984ef290ce7d132d9.sol#844-846) is not in mixedCase
Parameter usingOraclize.oraclize_setNetworkName(string)._network_name (../sb/0x587a7c22f24f4f00e3a2b1c984ef290ce7d132d9.sol#844) is not in mixedCase
Function usingOraclize.oraclize_getNetworkName() (../sb/0x587a7c22f24f4f00e3a2b1c984ef290ce7d132d9.sol#848-850) is not in mixedCase
Function usingOraclize.oraclize_newRandomDSQuery(uint256,uint256,uint256) (../sb/0x587a7c22f24f4f00e3a2b1c984ef290ce7d132d9.sol#852-895) is not in mixedCase
Parameter usingOraclize.oraclize_newRandomDSQuery(uint256,uint256,uint256)._delay (../sb/0x587a7c22f24f4f00e3a2b1c984ef290ce7d132d9.sol#852) is not in mixedCase
Parameter usingOraclize.oraclize_newRandomDSQuery(uint256,uint256,uint256)._nbytes (../sb/0x587a7c22f24f4f00e3a2b1c984ef290ce7d132d9.sol#852) is not in mixedCase
Parameter usingOraclize.oraclize_newRandomDSQuery(uint256,uint256,uint256)._customGasLimit (../sb/0x587a7c22f24f4f00e3a2b1c984ef290ce7d132d9.sol#852) is not in mixedCase
Function usingOraclize.oraclize_randomDS_setCommitment(bytes32,bytes32) (../sb/0x587a7c22f24f4f00e3a2b1c984ef290ce7d132d9.sol#897-899) is not in mixedCase
Function usingOraclize.oraclize_randomDS_proofVerify__sessionKeyValidity(bytes,uint256) (../sb/0x587a7c22f24f4f00e3a2b1c984ef290ce7d132d9.sol#932-965) is not in mixedCase
Function usingOraclize.oraclize_randomDS_proofVerify__returnCode(bytes32,string,bytes) (../sb/0x587a7c22f24f4f00e3a2b1c984ef290ce7d132d9.sol#977-985) is not in mixedCase
Parameter usingOraclize.oraclize_randomDS_proofVerify__returnCode(bytes32,string,bytes)._queryId (../sb/0x587a7c22f24f4f00e3a2b1c984ef290ce7d132d9.sol#977) is not in mixedCase
Parameter usingOraclize.oraclize_randomDS_proofVerify__returnCode(bytes32,string,bytes)._result (../sb/0x587a7c22f24f4f00e3a2b1c984ef290ce7d132d9.sol#977) is not in mixedCase
Parameter usingOraclize.oraclize_randomDS_proofVerify__returnCode(bytes32,string,bytes)._proof (../sb/0x587a7c22f24f4f00e3a2b1c984ef290ce7d132d9.sol#977) is not in mixedCase
Parameter usingOraclize.matchBytes32Prefix(bytes32,bytes,uint256).n_random_bytes (../sb/0x587a7c22f24f4f00e3a2b1c984ef290ce7d132d9.sol#987) is not in mixedCase
Function usingOraclize.oraclize_randomDS_proofVerify__main(bytes,bytes32,bytes,string) (../sb/0x587a7c22f24f4f00e3a2b1c984ef290ce7d132d9.sol#999-1039) is not in mixedCase
Parameter usingOraclize.oraclize_randomDS_proofVerify__main(bytes,bytes32,bytes,string).context_name (../sb/0x587a7c22f24f4f00e3a2b1c984ef290ce7d132d9.sol#999) is not in mixedCase
Function usingOraclize.safer_ecrecover(bytes32,uint8,bytes32,bytes32) (../sb/0x587a7c22f24f4f00e3a2b1c984ef290ce7d132d9.sol#1066-1091) is not in mixedCase
Constant usingOraclize.day (../sb/0x587a7c22f24f4f00e3a2b1c984ef290ce7d132d9.sol#142) is not in UPPER_CASE_WITH_UNDERSCORES
Constant usingOraclize.week (../sb/0x587a7c22f24f4f00e3a2b1c984ef290ce7d132d9.sol#143) is not in UPPER_CASE_WITH_UNDERSCORES
Constant usingOraclize.month (../sb/0x587a7c22f24f4f00e3a2b1c984ef290ce7d132d9.sol#144) is not in UPPER_CASE_WITH_UNDERSCORES
Constant usingOraclize.proofType_NONE (../sb/0x587a7c22f24f4f00e3a2b1c984ef290ce7d132d9.sol#145) is not in UPPER_CASE_WITH_UNDERSCORES
Constant usingOraclize.proofType_TLSNotary (../sb/0x587a7c22f24f4f00e3a2b1c984ef290ce7d132d9.sol#146) is not in UPPER_CASE_WITH_UNDERSCORES
Constant usingOraclize.proofType_Android (../sb/0x587a7c22f24f4f00e3a2b1c984ef290ce7d132d9.sol#147) is not in UPPER_CASE_WITH_UNDERSCORES
Constant usingOraclize.proofType_Ledger (../sb/0x587a7c22f24f4f00e3a2b1c984ef290ce7d132d9.sol#148) is not in UPPER_CASE_WITH_UNDERSCORES
Constant usingOraclize.proofType_Native (../sb/0x587a7c22f24f4f00e3a2b1c984ef290ce7d132d9.sol#149) is not in UPPER_CASE_WITH_UNDERSCORES
Constant usingOraclize.proofStorage_IPFS (../sb/0x587a7c22f24f4f00e3a2b1c984ef290ce7d132d9.sol#150) is not in UPPER_CASE_WITH_UNDERSCORES
Constant usingOraclize.networkID_auto (../sb/0x587a7c22f24f4f00e3a2b1c984ef290ce7d132d9.sol#151) is not in UPPER_CASE_WITH_UNDERSCORES
Constant usingOraclize.networkID_mainnet (../sb/0x587a7c22f24f4f00e3a2b1c984ef290ce7d132d9.sol#152) is not in UPPER_CASE_WITH_UNDERSCORES
Constant usingOraclize.networkID_testnet (../sb/0x587a7c22f24f4f00e3a2b1c984ef290ce7d132d9.sol#153) is not in UPPER_CASE_WITH_UNDERSCORES
Constant usingOraclize.networkID_morden (../sb/0x587a7c22f24f4f00e3a2b1c984ef290ce7d132d9.sol#154) is not in UPPER_CASE_WITH_UNDERSCORES
Constant usingOraclize.networkID_consensys (../sb/0x587a7c22f24f4f00e3a2b1c984ef290ce7d132d9.sol#155) is not in UPPER_CASE_WITH_UNDERSCORES
Variable usingOraclize.OAR (../sb/0x587a7c22f24f4f00e3a2b1c984ef290ce7d132d9.sol#157) is not in mixedCase
Variable usingOraclize.oraclize_network_name (../sb/0x587a7c22f24f4f00e3a2b1c984ef290ce7d132d9.sol#843) is not in mixedCase
Variable usingOraclize.oraclize_randomDS_args (../sb/0x587a7c22f24f4f00e3a2b1c984ef290ce7d132d9.sol#901) is not in mixedCase
Variable usingOraclize.oraclize_randomDS_sessionKeysHashVerified (../sb/0x587a7c22f24f4f00e3a2b1c984ef290ce7d132d9.sol#902) is not in mixedCase
Modifier usingOraclize.oraclize_randomDS_proofVerify(bytes32,string,bytes) (../sb/0x587a7c22f24f4f00e3a2b1c984ef290ce7d132d9.sol#967-975) is not in mixedCase
Function EtherHiLo.__callback(bytes32,string,bytes) (../sb/0x587a7c22f24f4f00e3a2b1c984ef290ce7d132d9.sol#1471-1491) is not in mixedCase
Parameter EtherHiLo.__callback(bytes32,string,bytes)._queryId (../sb/0x587a7c22f24f4f00e3a2b1c984ef290ce7d132d9.sol#1471) is not in mixedCase
Parameter EtherHiLo.__callback(bytes32,string,bytes)._result (../sb/0x587a7c22f24f4f00e3a2b1c984ef290ce7d132d9.sol#1471) is not in mixedCase
Parameter EtherHiLo.__callback(bytes32,string,bytes)._proof (../sb/0x587a7c22f24f4f00e3a2b1c984ef290ce7d132d9.sol#1471) is not in mixedCase
Parameter EtherHiLo.destroyAndSend(address)._recipient (../sb/0x587a7c22f24f4f00e3a2b1c984ef290ce7d132d9.sol#1547) is not in mixedCase
Reference: https://github.com/crytic/slither/wiki/Detector-Documentation#conformance-to-solidity-naming-conventions

Redundant expression "networkID (../sb/0x587a7c22f24f4f00e3a2b1c984ef290ce7d132d9.sol#176)" inusingOraclize (../sb/0x587a7c22f24f4f00e3a2b1c984ef290ce7d132d9.sol#141-1134)
Redundant expression "myid (../sb/0x587a7c22f24f4f00e3a2b1c984ef290ce7d132d9.sol#219)" inusingOraclize (../sb/0x587a7c22f24f4f00e3a2b1c984ef290ce7d132d9.sol#141-1134)
Redundant expression "result (../sb/0x587a7c22f24f4f00e3a2b1c984ef290ce7d132d9.sol#219)" inusingOraclize (../sb/0x587a7c22f24f4f00e3a2b1c984ef290ce7d132d9.sol#141-1134)
Redundant expression "proof (../sb/0x587a7c22f24f4f00e3a2b1c984ef290ce7d132d9.sol#219)" inusingOraclize (../sb/0x587a7c22f24f4f00e3a2b1c984ef290ce7d132d9.sol#141-1134)
Reference: https://github.com/crytic/slither/wiki/Detector-Documentation#redundant-statements

Reentrancy in EtherHiLo.__callback(bytes32,string,bytes) (../sb/0x587a7c22f24f4f00e3a2b1c984ef290ce7d132d9.sol#1471-1491):
	External calls:
	- cleanupErrorGame(player,0,rollId) (../sb/0x587a7c22f24f4f00e3a2b1c984ef290ce7d132d9.sol#1482)
		- game.player.transfer(game.bet) (../sb/0x587a7c22f24f4f00e3a2b1c984ef290ce7d132d9.sol#1455)
	- processDiceRoll(player,randomNumber) (../sb/0x587a7c22f24f4f00e3a2b1c984ef290ce7d132d9.sol#1486)
		- game.player.transfer(transferAmount) (../sb/0x587a7c22f24f4f00e3a2b1c984ef290ce7d132d9.sol#1419)
	State variables written after the call(s):
	- delete rollIdToGameAddress[rollId] (../sb/0x587a7c22f24f4f00e3a2b1c984ef290ce7d132d9.sol#1490)
Reentrancy in EtherHiLo.beginGame() (../sb/0x587a7c22f24f4f00e3a2b1c984ef290ce7d132d9.sol#1235-1260):
	External calls:
	- rollDie(player,game.id) (../sb/0x587a7c22f24f4f00e3a2b1c984ef290ce7d132d9.sol#1257)
		- game.player.transfer(game.bet) (../sb/0x587a7c22f24f4f00e3a2b1c984ef290ce7d132d9.sol#1455)
	External calls sending eth:
	- rollDie(player,game.id) (../sb/0x587a7c22f24f4f00e3a2b1c984ef290ce7d132d9.sol#1257)
		- game.player.transfer(game.bet) (../sb/0x587a7c22f24f4f00e3a2b1c984ef290ce7d132d9.sol#1455)
		- oraclize.queryN_withGasLimit.value(price)(0,datasource,args,gaslimit) (../sb/0x587a7c22f24f4f00e3a2b1c984ef290ce7d132d9.sol#458)
	Event emitted after the call(s):
	- GameStarted(player,game.id,bet) (../sb/0x587a7c22f24f4f00e3a2b1c984ef290ce7d132d9.sol#1258)
Reentrancy in EtherHiLo.cleanupAbandonedGame(address) (../sb/0x587a7c22f24f4f00e3a2b1c984ef290ce7d132d9.sol#1503-1514):
	External calls:
	- game.player.transfer(game.bet) (../sb/0x587a7c22f24f4f00e3a2b1c984ef290ce7d132d9.sol#1512)
	State variables written after the call(s):
	- delete gamesInProgress[game.player] (../sb/0x587a7c22f24f4f00e3a2b1c984ef290ce7d132d9.sol#1513)
Reentrancy in EtherHiLo.cleanupErrorGame(address,uint256,uint256) (../sb/0x587a7c22f24f4f00e3a2b1c984ef290ce7d132d9.sol#1448-1462):
	External calls:
	- game.player.transfer(game.bet) (../sb/0x587a7c22f24f4f00e3a2b1c984ef290ce7d132d9.sol#1455)
	State variables written after the call(s):
	- delete failedRolls[rollId] (../sb/0x587a7c22f24f4f00e3a2b1c984ef290ce7d132d9.sol#1460)
	- delete gamesInProgress[player] (../sb/0x587a7c22f24f4f00e3a2b1c984ef290ce7d132d9.sol#1458)
	- delete rollIdToGameAddress[rollId] (../sb/0x587a7c22f24f4f00e3a2b1c984ef290ce7d132d9.sol#1459)
	Event emitted after the call(s):
	- GameError(player,gameId,rollId) (../sb/0x587a7c22f24f4f00e3a2b1c984ef290ce7d132d9.sol#1461)
Reentrancy in EtherHiLo.finishGame(EtherHiLo.BetDirection) (../sb/0x587a7c22f24f4f00e3a2b1c984ef290ce7d132d9.sol#1263-1277):
	External calls:
	- rollDie(player,game.id) (../sb/0x587a7c22f24f4f00e3a2b1c984ef290ce7d132d9.sol#1274)
		- game.player.transfer(game.bet) (../sb/0x587a7c22f24f4f00e3a2b1c984ef290ce7d132d9.sol#1455)
	External calls sending eth:
	- rollDie(player,game.id) (../sb/0x587a7c22f24f4f00e3a2b1c984ef290ce7d132d9.sol#1274)
		- game.player.transfer(game.bet) (../sb/0x587a7c22f24f4f00e3a2b1c984ef290ce7d132d9.sol#1455)
		- oraclize.queryN_withGasLimit.value(price)(0,datasource,args,gaslimit) (../sb/0x587a7c22f24f4f00e3a2b1c984ef290ce7d132d9.sol#458)
	Event emitted after the call(s):
	- DirectionChosen(player,game.id,game.bet,game.firstRoll,direction) (../sb/0x587a7c22f24f4f00e3a2b1c984ef290ce7d132d9.sol#1275)
Reentrancy in EtherHiLo.processDiceRoll(address,uint256) (../sb/0x587a7c22f24f4f00e3a2b1c984ef290ce7d132d9.sol#1373-1427):
	External calls:
	- game.player.transfer(transferAmount) (../sb/0x587a7c22f24f4f00e3a2b1c984ef290ce7d132d9.sol#1419)
	State variables written after the call(s):
	- delete gamesInProgress[player] (../sb/0x587a7c22f24f4f00e3a2b1c984ef290ce7d132d9.sol#1426)
	- totalWinnings = totalWinnings + winnings (../sb/0x587a7c22f24f4f00e3a2b1c984ef290ce7d132d9.sol#1422)
	Event emitted after the call(s):
	- GameFinished(player,game.id,game.bet,game.firstRoll,finalRoll,winnings,transferAmount) (../sb/0x587a7c22f24f4f00e3a2b1c984ef290ce7d132d9.sol#1424)
Reference: https://github.com/crytic/slither/wiki/Detector-Documentation#reentrancy-vulnerabilities-4

usingOraclize.oraclize_query(string,string) (../sb/0x587a7c22f24f4f00e3a2b1c984ef290ce7d132d9.sol#230-234) uses literals with too many digits:
	- price > 1000000000000000000 + tx.gasprice * 200000 (../sb/0x587a7c22f24f4f00e3a2b1c984ef290ce7d132d9.sol#232)
usingOraclize.oraclize_query(uint256,string,string) (../sb/0x587a7c22f24f4f00e3a2b1c984ef290ce7d132d9.sol#235-239) uses literals with too many digits:
	- price > 1000000000000000000 + tx.gasprice * 200000 (../sb/0x587a7c22f24f4f00e3a2b1c984ef290ce7d132d9.sol#237)
usingOraclize.oraclize_query(string,string,string) (../sb/0x587a7c22f24f4f00e3a2b1c984ef290ce7d132d9.sol#250-254) uses literals with too many digits:
	- price > 1000000000000000000 + tx.gasprice * 200000 (../sb/0x587a7c22f24f4f00e3a2b1c984ef290ce7d132d9.sol#252)
usingOraclize.oraclize_query(uint256,string,string,string) (../sb/0x587a7c22f24f4f00e3a2b1c984ef290ce7d132d9.sol#255-259) uses literals with too many digits:
	- price > 1000000000000000000 + tx.gasprice * 200000 (../sb/0x587a7c22f24f4f00e3a2b1c984ef290ce7d132d9.sol#257)
usingOraclize.oraclize_query(string,string[]) (../sb/0x587a7c22f24f4f00e3a2b1c984ef290ce7d132d9.sol#270-275) uses literals with too many digits:
	- price > 1000000000000000000 + tx.gasprice * 200000 (../sb/0x587a7c22f24f4f00e3a2b1c984ef290ce7d132d9.sol#272)
usingOraclize.oraclize_query(uint256,string,string[]) (../sb/0x587a7c22f24f4f00e3a2b1c984ef290ce7d132d9.sol#276-281) uses literals with too many digits:
	- price > 1000000000000000000 + tx.gasprice * 200000 (../sb/0x587a7c22f24f4f00e3a2b1c984ef290ce7d132d9.sol#278)
usingOraclize.oraclize_query(string,bytes[]) (../sb/0x587a7c22f24f4f00e3a2b1c984ef290ce7d132d9.sol#436-441) uses literals with too many digits:
	- price > 1000000000000000000 + tx.gasprice * 200000 (../sb/0x587a7c22f24f4f00e3a2b1c984ef290ce7d132d9.sol#438)
usingOraclize.oraclize_query(uint256,string,bytes[]) (../sb/0x587a7c22f24f4f00e3a2b1c984ef290ce7d132d9.sol#442-447) uses literals with too many digits:
	- price > 1000000000000000000 + tx.gasprice * 200000 (../sb/0x587a7c22f24f4f00e3a2b1c984ef290ce7d132d9.sol#444)
EtherHiLo.EtherHiLo() (../sb/0x587a7c22f24f4f00e3a2b1c984ef290ce7d132d9.sol#1212-1223) uses literals with too many digits:
	- setRNGCallbackGas(1000000) (../sb/0x587a7c22f24f4f00e3a2b1c984ef290ce7d132d9.sol#1214)
EtherHiLo.EtherHiLo() (../sb/0x587a7c22f24f4f00e3a2b1c984ef290ce7d132d9.sol#1212-1223) uses literals with too many digits:
	- setRNGCallbackGasPrice(4000000000) (../sb/0x587a7c22f24f4f00e3a2b1c984ef290ce7d132d9.sol#1215)
Reference: https://github.com/crytic/slither/wiki/Detector-Documentation#too-many-digits

usingOraclize.day (../sb/0x587a7c22f24f4f00e3a2b1c984ef290ce7d132d9.sol#142) is never used in EtherHiLo (../sb/0x587a7c22f24f4f00e3a2b1c984ef290ce7d132d9.sol#1141-1552)
usingOraclize.week (../sb/0x587a7c22f24f4f00e3a2b1c984ef290ce7d132d9.sol#143) is never used in EtherHiLo (../sb/0x587a7c22f24f4f00e3a2b1c984ef290ce7d132d9.sol#1141-1552)
usingOraclize.month (../sb/0x587a7c22f24f4f00e3a2b1c984ef290ce7d132d9.sol#144) is never used in EtherHiLo (../sb/0x587a7c22f24f4f00e3a2b1c984ef290ce7d132d9.sol#1141-1552)
usingOraclize.proofType_NONE (../sb/0x587a7c22f24f4f00e3a2b1c984ef290ce7d132d9.sol#145) is never used in EtherHiLo (../sb/0x587a7c22f24f4f00e3a2b1c984ef290ce7d132d9.sol#1141-1552)
usingOraclize.proofType_TLSNotary (../sb/0x587a7c22f24f4f00e3a2b1c984ef290ce7d132d9.sol#146) is never used in EtherHiLo (../sb/0x587a7c22f24f4f00e3a2b1c984ef290ce7d132d9.sol#1141-1552)
usingOraclize.proofType_Android (../sb/0x587a7c22f24f4f00e3a2b1c984ef290ce7d132d9.sol#147) is never used in EtherHiLo (../sb/0x587a7c22f24f4f00e3a2b1c984ef290ce7d132d9.sol#1141-1552)
usingOraclize.proofType_Native (../sb/0x587a7c22f24f4f00e3a2b1c984ef290ce7d132d9.sol#149) is never used in EtherHiLo (../sb/0x587a7c22f24f4f00e3a2b1c984ef290ce7d132d9.sol#1141-1552)
usingOraclize.proofStorage_IPFS (../sb/0x587a7c22f24f4f00e3a2b1c984ef290ce7d132d9.sol#150) is never used in EtherHiLo (../sb/0x587a7c22f24f4f00e3a2b1c984ef290ce7d132d9.sol#1141-1552)
usingOraclize.networkID_mainnet (../sb/0x587a7c22f24f4f00e3a2b1c984ef290ce7d132d9.sol#152) is never used in EtherHiLo (../sb/0x587a7c22f24f4f00e3a2b1c984ef290ce7d132d9.sol#1141-1552)
usingOraclize.networkID_testnet (../sb/0x587a7c22f24f4f00e3a2b1c984ef290ce7d132d9.sol#153) is never used in EtherHiLo (../sb/0x587a7c22f24f4f00e3a2b1c984ef290ce7d132d9.sol#1141-1552)
usingOraclize.networkID_morden (../sb/0x587a7c22f24f4f00e3a2b1c984ef290ce7d132d9.sol#154) is never used in EtherHiLo (../sb/0x587a7c22f24f4f00e3a2b1c984ef290ce7d132d9.sol#1141-1552)
usingOraclize.networkID_consensys (../sb/0x587a7c22f24f4f00e3a2b1c984ef290ce7d132d9.sol#155) is never used in EtherHiLo (../sb/0x587a7c22f24f4f00e3a2b1c984ef290ce7d132d9.sol#1141-1552)
Reference: https://github.com/crytic/slither/wiki/Detector-Documentation#unused-state-variable

query2(uint256,string,string,string) should be declared external:
	- OraclizeI.query2(uint256,string,string,string) (../sb/0x587a7c22f24f4f00e3a2b1c984ef290ce7d132d9.sol#128)
queryN(uint256,string,bytes) should be declared external:
	- OraclizeI.queryN(uint256,string,bytes) (../sb/0x587a7c22f24f4f00e3a2b1c984ef290ce7d132d9.sol#130)
getPrice(string) should be declared external:
	- OraclizeI.getPrice(string) (../sb/0x587a7c22f24f4f00e3a2b1c984ef290ce7d132d9.sol#132)
getPrice(string,uint256) should be declared external:
	- OraclizeI.getPrice(string,uint256) (../sb/0x587a7c22f24f4f00e3a2b1c984ef290ce7d132d9.sol#133)
__callback(bytes32,string) should be declared external:
	- usingOraclize.__callback(bytes32,string) (../sb/0x587a7c22f24f4f00e3a2b1c984ef290ce7d132d9.sol#214-216)
Reference: https://github.com/crytic/slither/wiki/Detector-Documentation#public-function-that-could-be-declared-external
/sb/0x587a7c22f24f4f00e3a2b1c984ef290ce7d132d9.sol analyzed (6 contracts with 100 detectors), 318 result(s) found
