'solc --version' running
'solc /sb/0xdf0b5bbf51f94c3e3cea3446d28a5bd1c84c5271.sol --combined-json abi,ast,bin,bin-runtime,srcmap,srcmap-runtime,userdoc,devdoc,hashes,compact-format --allow-paths .,/sb' running

GnosisMath.exp(int256) (../sb/0xdf0b5bbf51f94c3e3cea3446d28a5bd1c84c5271.sol#287-358) performs a multiplication on the result of a division:
	- zpow = zpow * z / ONE (../sb/0xdf0b5bbf51f94c3e3cea3446d28a5bd1c84c5271.sol#324)
	- result += 0x3d7f7bff058b1d50 * zpow / ONE (../sb/0xdf0b5bbf51f94c3e3cea3446d28a5bd1c84c5271.sol#325)
GnosisMath.exp(int256) (../sb/0xdf0b5bbf51f94c3e3cea3446d28a5bd1c84c5271.sol#287-358) performs a multiplication on the result of a division:
	- zpow = zpow * z / ONE (../sb/0xdf0b5bbf51f94c3e3cea3446d28a5bd1c84c5271.sol#324)
	- zpow = zpow * z / ONE (../sb/0xdf0b5bbf51f94c3e3cea3446d28a5bd1c84c5271.sol#326)
GnosisMath.exp(int256) (../sb/0xdf0b5bbf51f94c3e3cea3446d28a5bd1c84c5271.sol#287-358) performs a multiplication on the result of a division:
	- zpow = zpow * z / ONE (../sb/0xdf0b5bbf51f94c3e3cea3446d28a5bd1c84c5271.sol#326)
	- result += 0xe35846b82505fc5 * zpow / ONE (../sb/0xdf0b5bbf51f94c3e3cea3446d28a5bd1c84c5271.sol#327)
GnosisMath.exp(int256) (../sb/0xdf0b5bbf51f94c3e3cea3446d28a5bd1c84c5271.sol#287-358) performs a multiplication on the result of a division:
	- zpow = zpow * z / ONE (../sb/0xdf0b5bbf51f94c3e3cea3446d28a5bd1c84c5271.sol#326)
	- zpow = zpow * z / ONE (../sb/0xdf0b5bbf51f94c3e3cea3446d28a5bd1c84c5271.sol#328)
GnosisMath.exp(int256) (../sb/0xdf0b5bbf51f94c3e3cea3446d28a5bd1c84c5271.sol#287-358) performs a multiplication on the result of a division:
	- zpow = zpow * z / ONE (../sb/0xdf0b5bbf51f94c3e3cea3446d28a5bd1c84c5271.sol#328)
	- result += 0x276556df749cee5 * zpow / ONE (../sb/0xdf0b5bbf51f94c3e3cea3446d28a5bd1c84c5271.sol#329)
GnosisMath.exp(int256) (../sb/0xdf0b5bbf51f94c3e3cea3446d28a5bd1c84c5271.sol#287-358) performs a multiplication on the result of a division:
	- zpow = zpow * z / ONE (../sb/0xdf0b5bbf51f94c3e3cea3446d28a5bd1c84c5271.sol#328)
	- zpow = zpow * z / ONE (../sb/0xdf0b5bbf51f94c3e3cea3446d28a5bd1c84c5271.sol#330)
GnosisMath.exp(int256) (../sb/0xdf0b5bbf51f94c3e3cea3446d28a5bd1c84c5271.sol#287-358) performs a multiplication on the result of a division:
	- zpow = zpow * z / ONE (../sb/0xdf0b5bbf51f94c3e3cea3446d28a5bd1c84c5271.sol#330)
	- result += 0x5761ff9e299cc4 * zpow / ONE (../sb/0xdf0b5bbf51f94c3e3cea3446d28a5bd1c84c5271.sol#331)
GnosisMath.exp(int256) (../sb/0xdf0b5bbf51f94c3e3cea3446d28a5bd1c84c5271.sol#287-358) performs a multiplication on the result of a division:
	- zpow = zpow * z / ONE (../sb/0xdf0b5bbf51f94c3e3cea3446d28a5bd1c84c5271.sol#330)
	- zpow = zpow * z / ONE (../sb/0xdf0b5bbf51f94c3e3cea3446d28a5bd1c84c5271.sol#332)
GnosisMath.exp(int256) (../sb/0xdf0b5bbf51f94c3e3cea3446d28a5bd1c84c5271.sol#287-358) performs a multiplication on the result of a division:
	- zpow = zpow * z / ONE (../sb/0xdf0b5bbf51f94c3e3cea3446d28a5bd1c84c5271.sol#332)
	- result += 0xa184897c363c3 * zpow / ONE (../sb/0xdf0b5bbf51f94c3e3cea3446d28a5bd1c84c5271.sol#333)
GnosisMath.exp(int256) (../sb/0xdf0b5bbf51f94c3e3cea3446d28a5bd1c84c5271.sol#287-358) performs a multiplication on the result of a division:
	- zpow = zpow * z / ONE (../sb/0xdf0b5bbf51f94c3e3cea3446d28a5bd1c84c5271.sol#332)
	- zpow = zpow * z / ONE (../sb/0xdf0b5bbf51f94c3e3cea3446d28a5bd1c84c5271.sol#334)
GnosisMath.exp(int256) (../sb/0xdf0b5bbf51f94c3e3cea3446d28a5bd1c84c5271.sol#287-358) performs a multiplication on the result of a division:
	- zpow = zpow * z / ONE (../sb/0xdf0b5bbf51f94c3e3cea3446d28a5bd1c84c5271.sol#334)
	- result += 0xffe5fe2c4586 * zpow / ONE (../sb/0xdf0b5bbf51f94c3e3cea3446d28a5bd1c84c5271.sol#335)
GnosisMath.exp(int256) (../sb/0xdf0b5bbf51f94c3e3cea3446d28a5bd1c84c5271.sol#287-358) performs a multiplication on the result of a division:
	- zpow = zpow * z / ONE (../sb/0xdf0b5bbf51f94c3e3cea3446d28a5bd1c84c5271.sol#334)
	- zpow = zpow * z / ONE (../sb/0xdf0b5bbf51f94c3e3cea3446d28a5bd1c84c5271.sol#336)
GnosisMath.exp(int256) (../sb/0xdf0b5bbf51f94c3e3cea3446d28a5bd1c84c5271.sol#287-358) performs a multiplication on the result of a division:
	- zpow = zpow * z / ONE (../sb/0xdf0b5bbf51f94c3e3cea3446d28a5bd1c84c5271.sol#336)
	- result += 0x162c0223a5c8 * zpow / ONE (../sb/0xdf0b5bbf51f94c3e3cea3446d28a5bd1c84c5271.sol#337)
GnosisMath.exp(int256) (../sb/0xdf0b5bbf51f94c3e3cea3446d28a5bd1c84c5271.sol#287-358) performs a multiplication on the result of a division:
	- zpow = zpow * z / ONE (../sb/0xdf0b5bbf51f94c3e3cea3446d28a5bd1c84c5271.sol#336)
	- zpow = zpow * z / ONE (../sb/0xdf0b5bbf51f94c3e3cea3446d28a5bd1c84c5271.sol#338)
GnosisMath.exp(int256) (../sb/0xdf0b5bbf51f94c3e3cea3446d28a5bd1c84c5271.sol#287-358) performs a multiplication on the result of a division:
	- zpow = zpow * z / ONE (../sb/0xdf0b5bbf51f94c3e3cea3446d28a5bd1c84c5271.sol#338)
	- result += 0x1b5253d395e * zpow / ONE (../sb/0xdf0b5bbf51f94c3e3cea3446d28a5bd1c84c5271.sol#339)
GnosisMath.exp(int256) (../sb/0xdf0b5bbf51f94c3e3cea3446d28a5bd1c84c5271.sol#287-358) performs a multiplication on the result of a division:
	- zpow = zpow * z / ONE (../sb/0xdf0b5bbf51f94c3e3cea3446d28a5bd1c84c5271.sol#338)
	- zpow = zpow * z / ONE (../sb/0xdf0b5bbf51f94c3e3cea3446d28a5bd1c84c5271.sol#340)
GnosisMath.exp(int256) (../sb/0xdf0b5bbf51f94c3e3cea3446d28a5bd1c84c5271.sol#287-358) performs a multiplication on the result of a division:
	- zpow = zpow * z / ONE (../sb/0xdf0b5bbf51f94c3e3cea3446d28a5bd1c84c5271.sol#340)
	- result += 0x1e4cf5158b * zpow / ONE (../sb/0xdf0b5bbf51f94c3e3cea3446d28a5bd1c84c5271.sol#341)
GnosisMath.exp(int256) (../sb/0xdf0b5bbf51f94c3e3cea3446d28a5bd1c84c5271.sol#287-358) performs a multiplication on the result of a division:
	- zpow = zpow * z / ONE (../sb/0xdf0b5bbf51f94c3e3cea3446d28a5bd1c84c5271.sol#340)
	- zpow = zpow * z / ONE (../sb/0xdf0b5bbf51f94c3e3cea3446d28a5bd1c84c5271.sol#342)
GnosisMath.exp(int256) (../sb/0xdf0b5bbf51f94c3e3cea3446d28a5bd1c84c5271.sol#287-358) performs a multiplication on the result of a division:
	- zpow = zpow * z / ONE (../sb/0xdf0b5bbf51f94c3e3cea3446d28a5bd1c84c5271.sol#342)
	- result += 0x1e8cac735 * zpow / ONE (../sb/0xdf0b5bbf51f94c3e3cea3446d28a5bd1c84c5271.sol#343)
GnosisMath.exp(int256) (../sb/0xdf0b5bbf51f94c3e3cea3446d28a5bd1c84c5271.sol#287-358) performs a multiplication on the result of a division:
	- zpow = zpow * z / ONE (../sb/0xdf0b5bbf51f94c3e3cea3446d28a5bd1c84c5271.sol#342)
	- zpow = zpow * z / ONE (../sb/0xdf0b5bbf51f94c3e3cea3446d28a5bd1c84c5271.sol#344)
GnosisMath.exp(int256) (../sb/0xdf0b5bbf51f94c3e3cea3446d28a5bd1c84c5271.sol#287-358) performs a multiplication on the result of a division:
	- zpow = zpow * z / ONE (../sb/0xdf0b5bbf51f94c3e3cea3446d28a5bd1c84c5271.sol#344)
	- result += 0x1c3bd650 * zpow / ONE (../sb/0xdf0b5bbf51f94c3e3cea3446d28a5bd1c84c5271.sol#345)
GnosisMath.exp(int256) (../sb/0xdf0b5bbf51f94c3e3cea3446d28a5bd1c84c5271.sol#287-358) performs a multiplication on the result of a division:
	- zpow = zpow * z / ONE (../sb/0xdf0b5bbf51f94c3e3cea3446d28a5bd1c84c5271.sol#344)
	- zpow = zpow * z / ONE (../sb/0xdf0b5bbf51f94c3e3cea3446d28a5bd1c84c5271.sol#346)
GnosisMath.exp(int256) (../sb/0xdf0b5bbf51f94c3e3cea3446d28a5bd1c84c5271.sol#287-358) performs a multiplication on the result of a division:
	- zpow = zpow * z / ONE (../sb/0xdf0b5bbf51f94c3e3cea3446d28a5bd1c84c5271.sol#346)
	- result += 0x1816193 * zpow / ONE (../sb/0xdf0b5bbf51f94c3e3cea3446d28a5bd1c84c5271.sol#347)
GnosisMath.exp(int256) (../sb/0xdf0b5bbf51f94c3e3cea3446d28a5bd1c84c5271.sol#287-358) performs a multiplication on the result of a division:
	- zpow = zpow * z / ONE (../sb/0xdf0b5bbf51f94c3e3cea3446d28a5bd1c84c5271.sol#346)
	- zpow = zpow * z / ONE (../sb/0xdf0b5bbf51f94c3e3cea3446d28a5bd1c84c5271.sol#348)
GnosisMath.exp(int256) (../sb/0xdf0b5bbf51f94c3e3cea3446d28a5bd1c84c5271.sol#287-358) performs a multiplication on the result of a division:
	- zpow = zpow * z / ONE (../sb/0xdf0b5bbf51f94c3e3cea3446d28a5bd1c84c5271.sol#348)
	- result += 0x131496 * zpow / ONE (../sb/0xdf0b5bbf51f94c3e3cea3446d28a5bd1c84c5271.sol#349)
GnosisMath.exp(int256) (../sb/0xdf0b5bbf51f94c3e3cea3446d28a5bd1c84c5271.sol#287-358) performs a multiplication on the result of a division:
	- zpow = zpow * z / ONE (../sb/0xdf0b5bbf51f94c3e3cea3446d28a5bd1c84c5271.sol#348)
	- zpow = zpow * z / ONE (../sb/0xdf0b5bbf51f94c3e3cea3446d28a5bd1c84c5271.sol#350)
GnosisMath.exp(int256) (../sb/0xdf0b5bbf51f94c3e3cea3446d28a5bd1c84c5271.sol#287-358) performs a multiplication on the result of a division:
	- zpow = zpow * z / ONE (../sb/0xdf0b5bbf51f94c3e3cea3446d28a5bd1c84c5271.sol#350)
	- result += 0xe1b7 * zpow / ONE (../sb/0xdf0b5bbf51f94c3e3cea3446d28a5bd1c84c5271.sol#351)
GnosisMath.exp(int256) (../sb/0xdf0b5bbf51f94c3e3cea3446d28a5bd1c84c5271.sol#287-358) performs a multiplication on the result of a division:
	- zpow = zpow * z / ONE (../sb/0xdf0b5bbf51f94c3e3cea3446d28a5bd1c84c5271.sol#350)
	- zpow = zpow * z / ONE (../sb/0xdf0b5bbf51f94c3e3cea3446d28a5bd1c84c5271.sol#352)
GnosisMath.exp(int256) (../sb/0xdf0b5bbf51f94c3e3cea3446d28a5bd1c84c5271.sol#287-358) performs a multiplication on the result of a division:
	- zpow = zpow * z / ONE (../sb/0xdf0b5bbf51f94c3e3cea3446d28a5bd1c84c5271.sol#352)
	- result += 0x9c7 * zpow / ONE (../sb/0xdf0b5bbf51f94c3e3cea3446d28a5bd1c84c5271.sol#353)
GnosisMath.ln(uint256) (../sb/0xdf0b5bbf51f94c3e3cea3446d28a5bd1c84c5271.sol#363-402) performs a multiplication on the result of a division:
	- term = (z - int256(ONE)) * int256(ONE) / (z + int256(ONE)) (../sb/0xdf0b5bbf51f94c3e3cea3446d28a5bd1c84c5271.sol#375)
	- termpow = term * term / int256(ONE) * term / int256(ONE) (../sb/0xdf0b5bbf51f94c3e3cea3446d28a5bd1c84c5271.sol#377)
GnosisMath.ln(uint256) (../sb/0xdf0b5bbf51f94c3e3cea3446d28a5bd1c84c5271.sol#363-402) performs a multiplication on the result of a division:
	- term = (z - int256(ONE)) * int256(ONE) / (z + int256(ONE)) (../sb/0xdf0b5bbf51f94c3e3cea3446d28a5bd1c84c5271.sol#375)
	- termpow = termpow * term / int256(ONE) * term / int256(ONE) (../sb/0xdf0b5bbf51f94c3e3cea3446d28a5bd1c84c5271.sol#379)
GnosisMath.ln(uint256) (../sb/0xdf0b5bbf51f94c3e3cea3446d28a5bd1c84c5271.sol#363-402) performs a multiplication on the result of a division:
	- term = (z - int256(ONE)) * int256(ONE) / (z + int256(ONE)) (../sb/0xdf0b5bbf51f94c3e3cea3446d28a5bd1c84c5271.sol#375)
	- termpow = termpow * term / int256(ONE) * term / int256(ONE) (../sb/0xdf0b5bbf51f94c3e3cea3446d28a5bd1c84c5271.sol#381)
GnosisMath.ln(uint256) (../sb/0xdf0b5bbf51f94c3e3cea3446d28a5bd1c84c5271.sol#363-402) performs a multiplication on the result of a division:
	- term = (z - int256(ONE)) * int256(ONE) / (z + int256(ONE)) (../sb/0xdf0b5bbf51f94c3e3cea3446d28a5bd1c84c5271.sol#375)
	- termpow = termpow * term / int256(ONE) * term / int256(ONE) (../sb/0xdf0b5bbf51f94c3e3cea3446d28a5bd1c84c5271.sol#383)
GnosisMath.ln(uint256) (../sb/0xdf0b5bbf51f94c3e3cea3446d28a5bd1c84c5271.sol#363-402) performs a multiplication on the result of a division:
	- term = (z - int256(ONE)) * int256(ONE) / (z + int256(ONE)) (../sb/0xdf0b5bbf51f94c3e3cea3446d28a5bd1c84c5271.sol#375)
	- termpow = termpow * term / int256(ONE) * term / int256(ONE) (../sb/0xdf0b5bbf51f94c3e3cea3446d28a5bd1c84c5271.sol#385)
GnosisMath.ln(uint256) (../sb/0xdf0b5bbf51f94c3e3cea3446d28a5bd1c84c5271.sol#363-402) performs a multiplication on the result of a division:
	- term = (z - int256(ONE)) * int256(ONE) / (z + int256(ONE)) (../sb/0xdf0b5bbf51f94c3e3cea3446d28a5bd1c84c5271.sol#375)
	- termpow = termpow * term / int256(ONE) * term / int256(ONE) (../sb/0xdf0b5bbf51f94c3e3cea3446d28a5bd1c84c5271.sol#387)
GnosisMath.ln(uint256) (../sb/0xdf0b5bbf51f94c3e3cea3446d28a5bd1c84c5271.sol#363-402) performs a multiplication on the result of a division:
	- term = (z - int256(ONE)) * int256(ONE) / (z + int256(ONE)) (../sb/0xdf0b5bbf51f94c3e3cea3446d28a5bd1c84c5271.sol#375)
	- termpow = termpow * term / int256(ONE) * term / int256(ONE) (../sb/0xdf0b5bbf51f94c3e3cea3446d28a5bd1c84c5271.sol#389)
GnosisMath.ln(uint256) (../sb/0xdf0b5bbf51f94c3e3cea3446d28a5bd1c84c5271.sol#363-402) performs a multiplication on the result of a division:
	- term = (z - int256(ONE)) * int256(ONE) / (z + int256(ONE)) (../sb/0xdf0b5bbf51f94c3e3cea3446d28a5bd1c84c5271.sol#375)
	- termpow = termpow * term / int256(ONE) * term / int256(ONE) (../sb/0xdf0b5bbf51f94c3e3cea3446d28a5bd1c84c5271.sol#391)
GnosisMath.ln(uint256) (../sb/0xdf0b5bbf51f94c3e3cea3446d28a5bd1c84c5271.sol#363-402) performs a multiplication on the result of a division:
	- term = (z - int256(ONE)) * int256(ONE) / (z + int256(ONE)) (../sb/0xdf0b5bbf51f94c3e3cea3446d28a5bd1c84c5271.sol#375)
	- termpow = termpow * term / int256(ONE) * term / int256(ONE) (../sb/0xdf0b5bbf51f94c3e3cea3446d28a5bd1c84c5271.sol#393)
GnosisMath.ln(uint256) (../sb/0xdf0b5bbf51f94c3e3cea3446d28a5bd1c84c5271.sol#363-402) performs a multiplication on the result of a division:
	- term = (z - int256(ONE)) * int256(ONE) / (z + int256(ONE)) (../sb/0xdf0b5bbf51f94c3e3cea3446d28a5bd1c84c5271.sol#375)
	- termpow = termpow * term / int256(ONE) * term / int256(ONE) (../sb/0xdf0b5bbf51f94c3e3cea3446d28a5bd1c84c5271.sol#395)
GnosisMath.ln(uint256) (../sb/0xdf0b5bbf51f94c3e3cea3446d28a5bd1c84c5271.sol#363-402) performs a multiplication on the result of a division:
	- term = (z - int256(ONE)) * int256(ONE) / (z + int256(ONE)) (../sb/0xdf0b5bbf51f94c3e3cea3446d28a5bd1c84c5271.sol#375)
	- termpow = termpow * term / int256(ONE) * term / int256(ONE) (../sb/0xdf0b5bbf51f94c3e3cea3446d28a5bd1c84c5271.sol#397)
GnosisMath.ln(uint256) (../sb/0xdf0b5bbf51f94c3e3cea3446d28a5bd1c84c5271.sol#363-402) performs a multiplication on the result of a division:
	- term = (z - int256(ONE)) * int256(ONE) / (z + int256(ONE)) (../sb/0xdf0b5bbf51f94c3e3cea3446d28a5bd1c84c5271.sol#375)
	- termpow = termpow * term / int256(ONE) * term / int256(ONE) (../sb/0xdf0b5bbf51f94c3e3cea3446d28a5bd1c84c5271.sol#399)
GnosisMath.ln(uint256) (../sb/0xdf0b5bbf51f94c3e3cea3446d28a5bd1c84c5271.sol#363-402) performs a multiplication on the result of a division:
	- term = (z - int256(ONE)) * int256(ONE) / (z + int256(ONE)) (../sb/0xdf0b5bbf51f94c3e3cea3446d28a5bd1c84c5271.sol#375)
	- halflnz = term (../sb/0xdf0b5bbf51f94c3e3cea3446d28a5bd1c84c5271.sol#376)
	- (ilog2 * int256(ONE)) * int256(ONE) / int256(LOG2_E) + 2 * halflnz (../sb/0xdf0b5bbf51f94c3e3cea3446d28a5bd1c84c5271.sol#401)
Reference: https://github.com/crytic/slither/wiki/Detector-Documentation#divide-before-multiply

BadToken (../sb/0xdf0b5bbf51f94c3e3cea3446d28a5bd1c84c5271.sol#841-844) has incorrect ERC20 function interface:BadToken.transfer(address,uint256) (../sb/0xdf0b5bbf51f94c3e3cea3446d28a5bd1c84c5271.sol#842)
BadToken (../sb/0xdf0b5bbf51f94c3e3cea3446d28a5bd1c84c5271.sol#841-844) has incorrect ERC20 function interface:BadToken.transferFrom(address,address,uint256) (../sb/0xdf0b5bbf51f94c3e3cea3446d28a5bd1c84c5271.sol#843)
Reference: https://github.com/crytic/slither/wiki/Detector-Documentation#incorrect-erc20-interface

DutchExchange.closeTheoreticalClosedAuction(address,address,uint256) (../sb/0xdf0b5bbf51f94c3e3cea3446d28a5bd1c84c5271.sol#2155-2174) uses a dangerous strict equality:
	- outstandingVolume == 0 (../sb/0xdf0b5bbf51f94c3e3cea3446d28a5bd1c84c5271.sol#2169)
DxMath.safeToMul(uint256,uint256) (../sb/0xdf0b5bbf51f94c3e3cea3446d28a5bd1c84c5271.sol#969-971) uses a dangerous strict equality:
	- b == 0 || a * b / b == a (../sb/0xdf0b5bbf51f94c3e3cea3446d28a5bd1c84c5271.sol#970)
Reference: https://github.com/crytic/slither/wiki/Detector-Documentation#dangerous-strict-equalities

Contract locking ether found:
	Contract Proxy (../sb/0xdf0b5bbf51f94c3e3cea3446d28a5bd1c84c5271.sol#217-241) has payable functions:
	 - Proxy.fallback() (../sb/0xdf0b5bbf51f94c3e3cea3446d28a5bd1c84c5271.sol#226-240)
	But does not have a function to withdraw the ether
Contract locking ether found:
	Contract PriceFeed (../sb/0xdf0b5bbf51f94c3e3cea3446d28a5bd1c84c5271.sol#1268-1292) has payable functions:
	 - PriceFeed.post(uint128,uint32,address) (../sb/0xdf0b5bbf51f94c3e3cea3446d28a5bd1c84c5271.sol#1281-1286)
	 - PriceFeed.void() (../sb/0xdf0b5bbf51f94c3e3cea3446d28a5bd1c84c5271.sol#1288-1290)
	But does not have a function to withdraw the ether
Contract locking ether found:
	Contract Medianizer (../sb/0xdf0b5bbf51f94c3e3cea3446d28a5bd1c84c5271.sol#1322-1412) has payable functions:
	 - DSValue.poke(bytes32) (../sb/0xdf0b5bbf51f94c3e3cea3446d28a5bd1c84c5271.sol#1309-1312)
	 - DSValue.void() (../sb/0xdf0b5bbf51f94c3e3cea3446d28a5bd1c84c5271.sol#1314-1317)
	 - Medianizer.set(bytes12,address) (../sb/0xdf0b5bbf51f94c3e3cea3446d28a5bd1c84c5271.sol#1335-1346)
	 - Medianizer.setMin(uint96) (../sb/0xdf0b5bbf51f94c3e3cea3446d28a5bd1c84c5271.sol#1348-1351)
	 - Medianizer.setNext(bytes12) (../sb/0xdf0b5bbf51f94c3e3cea3446d28a5bd1c84c5271.sol#1353-1356)
	 - Medianizer.poke(bytes32) (../sb/0xdf0b5bbf51f94c3e3cea3446d28a5bd1c84c5271.sol#1370-1372)
	But does not have a function to withdraw the ether
Reference: https://github.com/crytic/slither/wiki/Detector-Documentation#contracts-that-lock-ether

Reentrancy in DutchExchange.addTokenPairSecondPart(address,address,uint256,uint256) (../sb/0xdf0b5bbf51f94c3e3cea3446d28a5bd1c84c5271.sol#2492-2519):
	External calls:
	- token1FundingAfterFee = settleFee(token1,token2,1,token1Funding) (../sb/0xdf0b5bbf51f94c3e3cea3446d28a5bd1c84c5271.sol#2504)
		- owlToken.burnOWL(msg.sender,amountOfowlTokenBurned) (../sb/0xdf0b5bbf51f94c3e3cea3446d28a5bd1c84c5271.sol#2632)
	- token2FundingAfterFee = settleFee(token2,token1,1,token2Funding) (../sb/0xdf0b5bbf51f94c3e3cea3446d28a5bd1c84c5271.sol#2505)
		- owlToken.burnOWL(msg.sender,amountOfowlTokenBurned) (../sb/0xdf0b5bbf51f94c3e3cea3446d28a5bd1c84c5271.sol#2632)
	State variables written after the call(s):
	- token2FundingAfterFee = settleFee(token2,token1,1,token2Funding) (../sb/0xdf0b5bbf51f94c3e3cea3446d28a5bd1c84c5271.sol#2505)
		- extraTokens[primaryToken][secondaryToken][auctionIndex + 1] = add(usersExtraTokens,fee) (../sb/0xdf0b5bbf51f94c3e3cea3446d28a5bd1c84c5271.sol#2606)
	DutchExchange.extraTokens (../sb/0xdf0b5bbf51f94c3e3cea3446d28a5bd1c84c5271.sol#1598) can be used in cross function reentrancies:
	- DutchExchange.claimBuyerFunds(address,address,address,uint256) (../sb/0xdf0b5bbf51f94c3e3cea3446d28a5bd1c84c5271.sol#2087-2149)
	- DutchExchange.extraTokens (../sb/0xdf0b5bbf51f94c3e3cea3446d28a5bd1c84c5271.sol#1598)
	- DutchExchange.settleFee(address,address,uint256,uint256) (../sb/0xdf0b5bbf51f94c3e3cea3446d28a5bd1c84c5271.sol#2589-2612)
Reentrancy in DutchExchange.claimAndWithdraw(address,address,address,uint256,uint256) (../sb/0xdf0b5bbf51f94c3e3cea3446d28a5bd1c84c5271.sol#1613-1619):
	External calls:
	- (returned,frtsIssued) = claimSellerFunds(sellToken,buyToken,user,auctionIndex) (../sb/0xdf0b5bbf51f94c3e3cea3446d28a5bd1c84c5271.sol#1617)
		- owlToken.burnOWL(msg.sender,amountOfowlTokenBurned) (../sb/0xdf0b5bbf51f94c3e3cea3446d28a5bd1c84c5271.sol#2632)
		- frtToken.mintTokens(user,frtsIssued) (../sb/0xdf0b5bbf51f94c3e3cea3446d28a5bd1c84c5271.sol#2584)
	- newBal = withdraw(buyToken,amount) (../sb/0xdf0b5bbf51f94c3e3cea3446d28a5bd1c84c5271.sol#1618)
		- BadToken(token).transferFrom(msg.sender,address(this),value) (../sb/0xdf0b5bbf51f94c3e3cea3446d28a5bd1c84c5271.sol#849)
		- BadToken(token).transfer(to,value) (../sb/0xdf0b5bbf51f94c3e3cea3446d28a5bd1c84c5271.sol#851)
	State variables written after the call(s):
	- newBal = withdraw(buyToken,amount) (../sb/0xdf0b5bbf51f94c3e3cea3446d28a5bd1c84c5271.sol#1618)
		- balances[tokenAddress][msg.sender] = newBal (../sb/0xdf0b5bbf51f94c3e3cea3446d28a5bd1c84c5271.sol#1886)
	DutchExchange.balances (../sb/0xdf0b5bbf51f94c3e3cea3446d28a5bd1c84c5271.sol#1595) can be used in cross function reentrancies:
	- DutchExchange.addTokenPair(address,address,uint256,uint256,uint256,uint256) (../sb/0xdf0b5bbf51f94c3e3cea3446d28a5bd1c84c5271.sol#1791-1863)
	- DutchExchange.addTokenPairSecondPart(address,address,uint256,uint256) (../sb/0xdf0b5bbf51f94c3e3cea3446d28a5bd1c84c5271.sol#2492-2519)
	- DutchExchange.balances (../sb/0xdf0b5bbf51f94c3e3cea3446d28a5bd1c84c5271.sol#1595)
	- DutchExchange.claimBuyerFunds(address,address,address,uint256) (../sb/0xdf0b5bbf51f94c3e3cea3446d28a5bd1c84c5271.sol#2087-2149)
	- DutchExchange.claimSellerFunds(address,address,address,uint256) (../sb/0xdf0b5bbf51f94c3e3cea3446d28a5bd1c84c5271.sol#2037-2085)
	- DutchExchange.deposit(address,uint256) (../sb/0xdf0b5bbf51f94c3e3cea3446d28a5bd1c84c5271.sol#1865-1876)
	- DutchExchange.postBuyOrder(address,address,uint256,uint256) (../sb/0xdf0b5bbf51f94c3e3cea3446d28a5bd1c84c5271.sol#1970-2035)
	- DutchExchange.postSellOrder(address,address,uint256,uint256) (../sb/0xdf0b5bbf51f94c3e3cea3446d28a5bd1c84c5271.sol#1895-1968)
	- DutchExchange.withdraw(address,uint256) (../sb/0xdf0b5bbf51f94c3e3cea3446d28a5bd1c84c5271.sol#1878-1893)
Reentrancy in DutchExchange.claimAndWithdrawTokensFromSeveralAuctionsAsBuyer(address[],address[],uint256[]) (../sb/0xdf0b5bbf51f94c3e3cea3446d28a5bd1c84c5271.sol#1714-1739):
	External calls:
	- (claimAmounts[i],claimFrts) = claimBuyerFunds(auctionSellTokens[i],auctionBuyTokens[i],msg.sender,auctionIndices[i]) (../sb/0xdf0b5bbf51f94c3e3cea3446d28a5bd1c84c5271.sol#1726-1731)
		- owlToken.burnOWL(msg.sender,amountOfowlTokenBurned) (../sb/0xdf0b5bbf51f94c3e3cea3446d28a5bd1c84c5271.sol#2632)
		- frtToken.mintTokens(user,frtsIssued) (../sb/0xdf0b5bbf51f94c3e3cea3446d28a5bd1c84c5271.sol#2584)
	- withdraw(auctionSellTokens[i],claimAmounts[i]) (../sb/0xdf0b5bbf51f94c3e3cea3446d28a5bd1c84c5271.sol#1735)
		- BadToken(token).transferFrom(msg.sender,address(this),value) (../sb/0xdf0b5bbf51f94c3e3cea3446d28a5bd1c84c5271.sol#849)
		- BadToken(token).transfer(to,value) (../sb/0xdf0b5bbf51f94c3e3cea3446d28a5bd1c84c5271.sol#851)
	State variables written after the call(s):
	- (claimAmounts[i],claimFrts) = claimBuyerFunds(auctionSellTokens[i],auctionBuyTokens[i],msg.sender,auctionIndices[i]) (../sb/0xdf0b5bbf51f94c3e3cea3446d28a5bd1c84c5271.sol#1726-1731)
		- auctionStarts[token1][token2] = AUCTION_START_WAITING_FOR_FUNDING (../sb/0xdf0b5bbf51f94c3e3cea3446d28a5bd1c84c5271.sol#2718)
		- auctionStarts[token1][token2] = auctionStart (../sb/0xdf0b5bbf51f94c3e3cea3446d28a5bd1c84c5271.sol#2711)
	DutchExchange.auctionStarts (../sb/0xdf0b5bbf51f94c3e3cea3446d28a5bd1c84c5271.sol#1579) can be used in cross function reentrancies:
	- DutchExchange.auctionStarts (../sb/0xdf0b5bbf51f94c3e3cea3446d28a5bd1c84c5271.sol#1579)
	- DutchExchange.getAuctionStart(address,address) (../sb/0xdf0b5bbf51f94c3e3cea3446d28a5bd1c84c5271.sol#2443-2446)
	- DutchExchange.resetAuctionStart(address,address) (../sb/0xdf0b5bbf51f94c3e3cea3446d28a5bd1c84c5271.sol#2715-2720)
	- DutchExchange.setAuctionStart(address,address,uint256) (../sb/0xdf0b5bbf51f94c3e3cea3446d28a5bd1c84c5271.sol#2707-2713)
	- (claimAmounts[i],claimFrts) = claimBuyerFunds(auctionSellTokens[i],auctionBuyTokens[i],msg.sender,auctionIndices[i]) (../sb/0xdf0b5bbf51f94c3e3cea3446d28a5bd1c84c5271.sol#1726-1731)
		- balances[sellToken][user] = add(balances[sellToken][user],returned) (../sb/0xdf0b5bbf51f94c3e3cea3446d28a5bd1c84c5271.sol#2138)
		- balances[buyToken][msg.sender] = sub(balances[buyToken][msg.sender],amount) (../sb/0xdf0b5bbf51f94c3e3cea3446d28a5bd1c84c5271.sol#2021)
	DutchExchange.balances (../sb/0xdf0b5bbf51f94c3e3cea3446d28a5bd1c84c5271.sol#1595) can be used in cross function reentrancies:
	- DutchExchange.addTokenPair(address,address,uint256,uint256,uint256,uint256) (../sb/0xdf0b5bbf51f94c3e3cea3446d28a5bd1c84c5271.sol#1791-1863)
	- DutchExchange.addTokenPairSecondPart(address,address,uint256,uint256) (../sb/0xdf0b5bbf51f94c3e3cea3446d28a5bd1c84c5271.sol#2492-2519)
	- DutchExchange.balances (../sb/0xdf0b5bbf51f94c3e3cea3446d28a5bd1c84c5271.sol#1595)
	- DutchExchange.claimBuyerFunds(address,address,address,uint256) (../sb/0xdf0b5bbf51f94c3e3cea3446d28a5bd1c84c5271.sol#2087-2149)
	- DutchExchange.claimSellerFunds(address,address,address,uint256) (../sb/0xdf0b5bbf51f94c3e3cea3446d28a5bd1c84c5271.sol#2037-2085)
	- DutchExchange.deposit(address,uint256) (../sb/0xdf0b5bbf51f94c3e3cea3446d28a5bd1c84c5271.sol#1865-1876)
	- DutchExchange.postBuyOrder(address,address,uint256,uint256) (../sb/0xdf0b5bbf51f94c3e3cea3446d28a5bd1c84c5271.sol#1970-2035)
	- DutchExchange.postSellOrder(address,address,uint256,uint256) (../sb/0xdf0b5bbf51f94c3e3cea3446d28a5bd1c84c5271.sol#1895-1968)
	- DutchExchange.withdraw(address,uint256) (../sb/0xdf0b5bbf51f94c3e3cea3446d28a5bd1c84c5271.sol#1878-1893)
	- withdraw(auctionSellTokens[i],claimAmounts[i]) (../sb/0xdf0b5bbf51f94c3e3cea3446d28a5bd1c84c5271.sol#1735)
		- balances[tokenAddress][msg.sender] = newBal (../sb/0xdf0b5bbf51f94c3e3cea3446d28a5bd1c84c5271.sol#1886)
	DutchExchange.balances (../sb/0xdf0b5bbf51f94c3e3cea3446d28a5bd1c84c5271.sol#1595) can be used in cross function reentrancies:
	- DutchExchange.addTokenPair(address,address,uint256,uint256,uint256,uint256) (../sb/0xdf0b5bbf51f94c3e3cea3446d28a5bd1c84c5271.sol#1791-1863)
	- DutchExchange.addTokenPairSecondPart(address,address,uint256,uint256) (../sb/0xdf0b5bbf51f94c3e3cea3446d28a5bd1c84c5271.sol#2492-2519)
	- DutchExchange.balances (../sb/0xdf0b5bbf51f94c3e3cea3446d28a5bd1c84c5271.sol#1595)
	- DutchExchange.claimBuyerFunds(address,address,address,uint256) (../sb/0xdf0b5bbf51f94c3e3cea3446d28a5bd1c84c5271.sol#2087-2149)
	- DutchExchange.claimSellerFunds(address,address,address,uint256) (../sb/0xdf0b5bbf51f94c3e3cea3446d28a5bd1c84c5271.sol#2037-2085)
	- DutchExchange.deposit(address,uint256) (../sb/0xdf0b5bbf51f94c3e3cea3446d28a5bd1c84c5271.sol#1865-1876)
	- DutchExchange.postBuyOrder(address,address,uint256,uint256) (../sb/0xdf0b5bbf51f94c3e3cea3446d28a5bd1c84c5271.sol#1970-2035)
	- DutchExchange.postSellOrder(address,address,uint256,uint256) (../sb/0xdf0b5bbf51f94c3e3cea3446d28a5bd1c84c5271.sol#1895-1968)
	- DutchExchange.withdraw(address,uint256) (../sb/0xdf0b5bbf51f94c3e3cea3446d28a5bd1c84c5271.sol#1878-1893)
	- (claimAmounts[i],claimFrts) = claimBuyerFunds(auctionSellTokens[i],auctionBuyTokens[i],msg.sender,auctionIndices[i]) (../sb/0xdf0b5bbf51f94c3e3cea3446d28a5bd1c84c5271.sol#1726-1731)
		- buyVolumes[sellToken][buyToken] = 0 (../sb/0xdf0b5bbf51f94c3e3cea3446d28a5bd1c84c5271.sol#2685)
		- buyVolumes[sellToken][buyToken] = add(buyVolumes[sellToken][buyToken],amountAfterFee) (../sb/0xdf0b5bbf51f94c3e3cea3446d28a5bd1c84c5271.sol#2024)
		- buyVolumes[buyToken][sellToken] = 0 (../sb/0xdf0b5bbf51f94c3e3cea3446d28a5bd1c84c5271.sol#2693)
	DutchExchange.buyVolumes (../sb/0xdf0b5bbf51f94c3e3cea3446d28a5bd1c84c5271.sol#1591) can be used in cross function reentrancies:
	- DutchExchange.buyVolumes (../sb/0xdf0b5bbf51f94c3e3cea3446d28a5bd1c84c5271.sol#1591)
	- DutchExchange.clearAuction(address,address,uint256,uint256) (../sb/0xdf0b5bbf51f94c3e3cea3446d28a5bd1c84c5271.sol#2647-2705)
	- DutchExchange.closeTheoreticalClosedAuction(address,address,uint256) (../sb/0xdf0b5bbf51f94c3e3cea3446d28a5bd1c84c5271.sol#2155-2174)
	- DutchExchange.getCurrentAuctionPrice(address,address,uint256) (../sb/0xdf0b5bbf51f94c3e3cea3446d28a5bd1c84c5271.sol#2393-2432)
	- DutchExchange.postBuyOrder(address,address,uint256,uint256) (../sb/0xdf0b5bbf51f94c3e3cea3446d28a5bd1c84c5271.sol#1970-2035)
	- (claimAmounts[i],claimFrts) = claimBuyerFunds(auctionSellTokens[i],auctionBuyTokens[i],msg.sender,auctionIndices[i]) (../sb/0xdf0b5bbf51f94c3e3cea3446d28a5bd1c84c5271.sol#1726-1731)
		- buyerBalances[sellToken][buyToken][auctionIndex][user] = 0 (../sb/0xdf0b5bbf51f94c3e3cea3446d28a5bd1c84c5271.sol#2132)
		- buyerBalances[sellToken][buyToken][auctionIndex][msg.sender] = newBuyerBal (../sb/0xdf0b5bbf51f94c3e3cea3446d28a5bd1c84c5271.sol#2023)
	DutchExchange.buyerBalances (../sb/0xdf0b5bbf51f94c3e3cea3446d28a5bd1c84c5271.sol#1602) can be used in cross function reentrancies:
	- DutchExchange.buyerBalances (../sb/0xdf0b5bbf51f94c3e3cea3446d28a5bd1c84c5271.sol#1602)
	- DutchExchange.claimBuyerFunds(address,address,address,uint256) (../sb/0xdf0b5bbf51f94c3e3cea3446d28a5bd1c84c5271.sol#2087-2149)
	- DutchExchange.getUnclaimedBuyerFunds(address,address,address,uint256) (../sb/0xdf0b5bbf51f94c3e3cea3446d28a5bd1c84c5271.sol#2177-2203)
	- DutchExchange.postBuyOrder(address,address,uint256,uint256) (../sb/0xdf0b5bbf51f94c3e3cea3446d28a5bd1c84c5271.sol#1970-2035)
	- (claimAmounts[i],claimFrts) = claimBuyerFunds(auctionSellTokens[i],auctionBuyTokens[i],msg.sender,auctionIndices[i]) (../sb/0xdf0b5bbf51f94c3e3cea3446d28a5bd1c84c5271.sol#1726-1731)
		- claimedAmounts[sellToken][buyToken][auctionIndex][user] = add(claimedAmounts[sellToken][buyToken][auctionIndex][user],returned) (../sb/0xdf0b5bbf51f94c3e3cea3446d28a5bd1c84c5271.sol#2099-2102)
		- claimedAmounts[sellToken][buyToken][auctionIndex][user] = 0 (../sb/0xdf0b5bbf51f94c3e3cea3446d28a5bd1c84c5271.sol#2133)
	DutchExchange.claimedAmounts (../sb/0xdf0b5bbf51f94c3e3cea3446d28a5bd1c84c5271.sol#1603) can be used in cross function reentrancies:
	- DutchExchange.claimBuyerFunds(address,address,address,uint256) (../sb/0xdf0b5bbf51f94c3e3cea3446d28a5bd1c84c5271.sol#2087-2149)
	- DutchExchange.claimedAmounts (../sb/0xdf0b5bbf51f94c3e3cea3446d28a5bd1c84c5271.sol#1603)
	- DutchExchange.getUnclaimedBuyerFunds(address,address,address,uint256) (../sb/0xdf0b5bbf51f94c3e3cea3446d28a5bd1c84c5271.sol#2177-2203)
	- (claimAmounts[i],claimFrts) = claimBuyerFunds(auctionSellTokens[i],auctionBuyTokens[i],msg.sender,auctionIndices[i]) (../sb/0xdf0b5bbf51f94c3e3cea3446d28a5bd1c84c5271.sol#1726-1731)
		- clearingTimes[token1][token2][auctionIndex] = clearingTime (../sb/0xdf0b5bbf51f94c3e3cea3446d28a5bd1c84c5271.sol#2538)
	DutchExchange.clearingTimes (../sb/0xdf0b5bbf51f94c3e3cea3446d28a5bd1c84c5271.sol#1581) can be used in cross function reentrancies:
	- DutchExchange.addTokenPairSecondPart(address,address,uint256,uint256) (../sb/0xdf0b5bbf51f94c3e3cea3446d28a5bd1c84c5271.sol#2492-2519)
	- DutchExchange.clearingTimes (../sb/0xdf0b5bbf51f94c3e3cea3446d28a5bd1c84c5271.sol#1581)
	- DutchExchange.getClearingTime(address,address,uint256) (../sb/0xdf0b5bbf51f94c3e3cea3446d28a5bd1c84c5271.sol#2541-2552)
	- DutchExchange.setClearingTime(address,address,uint256,uint256,uint256,uint256) (../sb/0xdf0b5bbf51f94c3e3cea3446d28a5bd1c84c5271.sol#2521-2539)
	- (claimAmounts[i],claimFrts) = claimBuyerFunds(auctionSellTokens[i],auctionBuyTokens[i],msg.sender,auctionIndices[i]) (../sb/0xdf0b5bbf51f94c3e3cea3446d28a5bd1c84c5271.sol#1726-1731)
		- closingPrices[sellToken][buyToken][auctionIndex] = Fraction(buyVolume,sellVolume) (../sb/0xdf0b5bbf51f94c3e3cea3446d28a5bd1c84c5271.sol#2663)
		- closingPrices[buyToken][sellToken][auctionIndex] = Fraction(buyVolumeOpp,sellVolumeOpp) (../sb/0xdf0b5bbf51f94c3e3cea3446d28a5bd1c84c5271.sol#2673)
	DutchExchange.closingPrices (../sb/0xdf0b5bbf51f94c3e3cea3446d28a5bd1c84c5271.sol#1584) can be used in cross function reentrancies:
	- DutchExchange.addTokenPair(address,address,uint256,uint256,uint256,uint256) (../sb/0xdf0b5bbf51f94c3e3cea3446d28a5bd1c84c5271.sol#1791-1863)
	- DutchExchange.claimBuyerFunds(address,address,address,uint256) (../sb/0xdf0b5bbf51f94c3e3cea3446d28a5bd1c84c5271.sol#2087-2149)
	- DutchExchange.claimSellerFunds(address,address,address,uint256) (../sb/0xdf0b5bbf51f94c3e3cea3446d28a5bd1c84c5271.sol#2037-2085)
	- DutchExchange.clearAuction(address,address,uint256,uint256) (../sb/0xdf0b5bbf51f94c3e3cea3446d28a5bd1c84c5271.sol#2647-2705)
	- DutchExchange.closeTheoreticalClosedAuction(address,address,uint256) (../sb/0xdf0b5bbf51f94c3e3cea3446d28a5bd1c84c5271.sol#2155-2174)
	- DutchExchange.closingPrices (../sb/0xdf0b5bbf51f94c3e3cea3446d28a5bd1c84c5271.sol#1584)
	- DutchExchange.getCurrentAuctionPrice(address,address,uint256) (../sb/0xdf0b5bbf51f94c3e3cea3446d28a5bd1c84c5271.sol#2393-2432)
	- DutchExchange.getPriceInPastAuction(address,address,uint256) (../sb/0xdf0b5bbf51f94c3e3cea3446d28a5bd1c84c5271.sol#2260-2315)
	- DutchExchange.postBuyOrder(address,address,uint256,uint256) (../sb/0xdf0b5bbf51f94c3e3cea3446d28a5bd1c84c5271.sol#1970-2035)
	- (claimAmounts[i],claimFrts) = claimBuyerFunds(auctionSellTokens[i],auctionBuyTokens[i],msg.sender,auctionIndices[i]) (../sb/0xdf0b5bbf51f94c3e3cea3446d28a5bd1c84c5271.sol#1726-1731)
		- extraTokens[primaryToken][secondaryToken][auctionIndex + 1] = add(usersExtraTokens,fee) (../sb/0xdf0b5bbf51f94c3e3cea3446d28a5bd1c84c5271.sol#2606)
	DutchExchange.extraTokens (../sb/0xdf0b5bbf51f94c3e3cea3446d28a5bd1c84c5271.sol#1598) can be used in cross function reentrancies:
	- DutchExchange.claimBuyerFunds(address,address,address,uint256) (../sb/0xdf0b5bbf51f94c3e3cea3446d28a5bd1c84c5271.sol#2087-2149)
	- DutchExchange.extraTokens (../sb/0xdf0b5bbf51f94c3e3cea3446d28a5bd1c84c5271.sol#1598)
	- DutchExchange.settleFee(address,address,uint256,uint256) (../sb/0xdf0b5bbf51f94c3e3cea3446d28a5bd1c84c5271.sol#2589-2612)
	- (claimAmounts[i],claimFrts) = claimBuyerFunds(auctionSellTokens[i],auctionBuyTokens[i],msg.sender,auctionIndices[i]) (../sb/0xdf0b5bbf51f94c3e3cea3446d28a5bd1c84c5271.sol#1726-1731)
		- latestAuctionIndices[token1][token2] += 1 (../sb/0xdf0b5bbf51f94c3e3cea3446d28a5bd1c84c5271.sol#2724)
	DutchExchange.latestAuctionIndices (../sb/0xdf0b5bbf51f94c3e3cea3446d28a5bd1c84c5271.sol#1577) can be used in cross function reentrancies:
	- DutchExchange.getAuctionIndex(address,address) (../sb/0xdf0b5bbf51f94c3e3cea3446d28a5bd1c84c5271.sol#2448-2451)
	- DutchExchange.latestAuctionIndices (../sb/0xdf0b5bbf51f94c3e3cea3446d28a5bd1c84c5271.sol#1577)
	- DutchExchange.setAuctionIndex(address,address) (../sb/0xdf0b5bbf51f94c3e3cea3446d28a5bd1c84c5271.sol#2722-2725)
	- DutchExchange.setAuctionStart(address,address,uint256) (../sb/0xdf0b5bbf51f94c3e3cea3446d28a5bd1c84c5271.sol#2707-2713)
	- (claimAmounts[i],claimFrts) = claimBuyerFunds(auctionSellTokens[i],auctionBuyTokens[i],msg.sender,auctionIndices[i]) (../sb/0xdf0b5bbf51f94c3e3cea3446d28a5bd1c84c5271.sol#1726-1731)
		- sellVolumesCurrent[sellToken][buyToken] = sellVolumeNext (../sb/0xdf0b5bbf51f94c3e3cea3446d28a5bd1c84c5271.sol#2680)
		- sellVolumesCurrent[buyToken][sellToken] = sellVolumeNextOpp (../sb/0xdf0b5bbf51f94c3e3cea3446d28a5bd1c84c5271.sol#2688)
	DutchExchange.sellVolumesCurrent (../sb/0xdf0b5bbf51f94c3e3cea3446d28a5bd1c84c5271.sol#1587) can be used in cross function reentrancies:
	- DutchExchange.addTokenPairSecondPart(address,address,uint256,uint256) (../sb/0xdf0b5bbf51f94c3e3cea3446d28a5bd1c84c5271.sol#2492-2519)
	- DutchExchange.clearAuction(address,address,uint256,uint256) (../sb/0xdf0b5bbf51f94c3e3cea3446d28a5bd1c84c5271.sol#2647-2705)
	- DutchExchange.closeTheoreticalClosedAuction(address,address,uint256) (../sb/0xdf0b5bbf51f94c3e3cea3446d28a5bd1c84c5271.sol#2155-2174)
	- DutchExchange.getCurrentAuctionPrice(address,address,uint256) (../sb/0xdf0b5bbf51f94c3e3cea3446d28a5bd1c84c5271.sol#2393-2432)
	- DutchExchange.getSellVolumesInUSD(address,address) (../sb/0xdf0b5bbf51f94c3e3cea3446d28a5bd1c84c5271.sol#2347-2374)
	- DutchExchange.postBuyOrder(address,address,uint256,uint256) (../sb/0xdf0b5bbf51f94c3e3cea3446d28a5bd1c84c5271.sol#1970-2035)
	- DutchExchange.postSellOrder(address,address,uint256,uint256) (../sb/0xdf0b5bbf51f94c3e3cea3446d28a5bd1c84c5271.sol#1895-1968)
	- DutchExchange.sellVolumesCurrent (../sb/0xdf0b5bbf51f94c3e3cea3446d28a5bd1c84c5271.sol#1587)
	- (claimAmounts[i],claimFrts) = claimBuyerFunds(auctionSellTokens[i],auctionBuyTokens[i],msg.sender,auctionIndices[i]) (../sb/0xdf0b5bbf51f94c3e3cea3446d28a5bd1c84c5271.sol#1726-1731)
		- sellVolumesNext[sellToken][buyToken] = 0 (../sb/0xdf0b5bbf51f94c3e3cea3446d28a5bd1c84c5271.sol#2682)
		- sellVolumesNext[buyToken][sellToken] = 0 (../sb/0xdf0b5bbf51f94c3e3cea3446d28a5bd1c84c5271.sol#2690)
	DutchExchange.sellVolumesNext (../sb/0xdf0b5bbf51f94c3e3cea3446d28a5bd1c84c5271.sol#1589) can be used in cross function reentrancies:
	- DutchExchange.clearAuction(address,address,uint256,uint256) (../sb/0xdf0b5bbf51f94c3e3cea3446d28a5bd1c84c5271.sol#2647-2705)
	- DutchExchange.postSellOrder(address,address,uint256,uint256) (../sb/0xdf0b5bbf51f94c3e3cea3446d28a5bd1c84c5271.sol#1895-1968)
	- DutchExchange.sellVolumesNext (../sb/0xdf0b5bbf51f94c3e3cea3446d28a5bd1c84c5271.sol#1589)
Reentrancy in DutchExchange.claimAndWithdrawTokensFromSeveralAuctionsAsSeller(address[],address[],uint256[]) (../sb/0xdf0b5bbf51f94c3e3cea3446d28a5bd1c84c5271.sol#1683-1708):
	External calls:
	- (claimAmounts[i],claimFrts) = claimSellerFunds(auctionSellTokens[i],auctionBuyTokens[i],msg.sender,auctionIndices[i]) (../sb/0xdf0b5bbf51f94c3e3cea3446d28a5bd1c84c5271.sol#1695-1700)
		- owlToken.burnOWL(msg.sender,amountOfowlTokenBurned) (../sb/0xdf0b5bbf51f94c3e3cea3446d28a5bd1c84c5271.sol#2632)
		- frtToken.mintTokens(user,frtsIssued) (../sb/0xdf0b5bbf51f94c3e3cea3446d28a5bd1c84c5271.sol#2584)
	- withdraw(auctionBuyTokens[i],claimAmounts[i]) (../sb/0xdf0b5bbf51f94c3e3cea3446d28a5bd1c84c5271.sol#1704)
		- BadToken(token).transferFrom(msg.sender,address(this),value) (../sb/0xdf0b5bbf51f94c3e3cea3446d28a5bd1c84c5271.sol#849)
		- BadToken(token).transfer(to,value) (../sb/0xdf0b5bbf51f94c3e3cea3446d28a5bd1c84c5271.sol#851)
	State variables written after the call(s):
	- (claimAmounts[i],claimFrts) = claimSellerFunds(auctionSellTokens[i],auctionBuyTokens[i],msg.sender,auctionIndices[i]) (../sb/0xdf0b5bbf51f94c3e3cea3446d28a5bd1c84c5271.sol#1695-1700)
		- auctionStarts[token1][token2] = AUCTION_START_WAITING_FOR_FUNDING (../sb/0xdf0b5bbf51f94c3e3cea3446d28a5bd1c84c5271.sol#2718)
		- auctionStarts[token1][token2] = auctionStart (../sb/0xdf0b5bbf51f94c3e3cea3446d28a5bd1c84c5271.sol#2711)
	DutchExchange.auctionStarts (../sb/0xdf0b5bbf51f94c3e3cea3446d28a5bd1c84c5271.sol#1579) can be used in cross function reentrancies:
	- DutchExchange.auctionStarts (../sb/0xdf0b5bbf51f94c3e3cea3446d28a5bd1c84c5271.sol#1579)
	- DutchExchange.getAuctionStart(address,address) (../sb/0xdf0b5bbf51f94c3e3cea3446d28a5bd1c84c5271.sol#2443-2446)
	- DutchExchange.resetAuctionStart(address,address) (../sb/0xdf0b5bbf51f94c3e3cea3446d28a5bd1c84c5271.sol#2715-2720)
	- DutchExchange.setAuctionStart(address,address,uint256) (../sb/0xdf0b5bbf51f94c3e3cea3446d28a5bd1c84c5271.sol#2707-2713)
	- (claimAmounts[i],claimFrts) = claimSellerFunds(auctionSellTokens[i],auctionBuyTokens[i],msg.sender,auctionIndices[i]) (../sb/0xdf0b5bbf51f94c3e3cea3446d28a5bd1c84c5271.sol#1695-1700)
		- balances[buyToken][user] = add(balances[buyToken][user],returned) (../sb/0xdf0b5bbf51f94c3e3cea3446d28a5bd1c84c5271.sol#2075)
		- balances[buyToken][msg.sender] = sub(balances[buyToken][msg.sender],amount) (../sb/0xdf0b5bbf51f94c3e3cea3446d28a5bd1c84c5271.sol#2021)
	DutchExchange.balances (../sb/0xdf0b5bbf51f94c3e3cea3446d28a5bd1c84c5271.sol#1595) can be used in cross function reentrancies:
	- DutchExchange.addTokenPair(address,address,uint256,uint256,uint256,uint256) (../sb/0xdf0b5bbf51f94c3e3cea3446d28a5bd1c84c5271.sol#1791-1863)
	- DutchExchange.addTokenPairSecondPart(address,address,uint256,uint256) (../sb/0xdf0b5bbf51f94c3e3cea3446d28a5bd1c84c5271.sol#2492-2519)
	- DutchExchange.balances (../sb/0xdf0b5bbf51f94c3e3cea3446d28a5bd1c84c5271.sol#1595)
	- DutchExchange.claimBuyerFunds(address,address,address,uint256) (../sb/0xdf0b5bbf51f94c3e3cea3446d28a5bd1c84c5271.sol#2087-2149)
	- DutchExchange.claimSellerFunds(address,address,address,uint256) (../sb/0xdf0b5bbf51f94c3e3cea3446d28a5bd1c84c5271.sol#2037-2085)
	- DutchExchange.deposit(address,uint256) (../sb/0xdf0b5bbf51f94c3e3cea3446d28a5bd1c84c5271.sol#1865-1876)
	- DutchExchange.postBuyOrder(address,address,uint256,uint256) (../sb/0xdf0b5bbf51f94c3e3cea3446d28a5bd1c84c5271.sol#1970-2035)
	- DutchExchange.postSellOrder(address,address,uint256,uint256) (../sb/0xdf0b5bbf51f94c3e3cea3446d28a5bd1c84c5271.sol#1895-1968)
	- DutchExchange.withdraw(address,uint256) (../sb/0xdf0b5bbf51f94c3e3cea3446d28a5bd1c84c5271.sol#1878-1893)
	- withdraw(auctionBuyTokens[i],claimAmounts[i]) (../sb/0xdf0b5bbf51f94c3e3cea3446d28a5bd1c84c5271.sol#1704)
		- balances[tokenAddress][msg.sender] = newBal (../sb/0xdf0b5bbf51f94c3e3cea3446d28a5bd1c84c5271.sol#1886)
	DutchExchange.balances (../sb/0xdf0b5bbf51f94c3e3cea3446d28a5bd1c84c5271.sol#1595) can be used in cross function reentrancies:
	- DutchExchange.addTokenPair(address,address,uint256,uint256,uint256,uint256) (../sb/0xdf0b5bbf51f94c3e3cea3446d28a5bd1c84c5271.sol#1791-1863)
	- DutchExchange.addTokenPairSecondPart(address,address,uint256,uint256) (../sb/0xdf0b5bbf51f94c3e3cea3446d28a5bd1c84c5271.sol#2492-2519)
	- DutchExchange.balances (../sb/0xdf0b5bbf51f94c3e3cea3446d28a5bd1c84c5271.sol#1595)
	- DutchExchange.claimBuyerFunds(address,address,address,uint256) (../sb/0xdf0b5bbf51f94c3e3cea3446d28a5bd1c84c5271.sol#2087-2149)
	- DutchExchange.claimSellerFunds(address,address,address,uint256) (../sb/0xdf0b5bbf51f94c3e3cea3446d28a5bd1c84c5271.sol#2037-2085)
	- DutchExchange.deposit(address,uint256) (../sb/0xdf0b5bbf51f94c3e3cea3446d28a5bd1c84c5271.sol#1865-1876)
	- DutchExchange.postBuyOrder(address,address,uint256,uint256) (../sb/0xdf0b5bbf51f94c3e3cea3446d28a5bd1c84c5271.sol#1970-2035)
	- DutchExchange.postSellOrder(address,address,uint256,uint256) (../sb/0xdf0b5bbf51f94c3e3cea3446d28a5bd1c84c5271.sol#1895-1968)
	- DutchExchange.withdraw(address,uint256) (../sb/0xdf0b5bbf51f94c3e3cea3446d28a5bd1c84c5271.sol#1878-1893)
	- (claimAmounts[i],claimFrts) = claimSellerFunds(auctionSellTokens[i],auctionBuyTokens[i],msg.sender,auctionIndices[i]) (../sb/0xdf0b5bbf51f94c3e3cea3446d28a5bd1c84c5271.sol#1695-1700)
		- buyVolumes[sellToken][buyToken] = 0 (../sb/0xdf0b5bbf51f94c3e3cea3446d28a5bd1c84c5271.sol#2685)
		- buyVolumes[sellToken][buyToken] = add(buyVolumes[sellToken][buyToken],amountAfterFee) (../sb/0xdf0b5bbf51f94c3e3cea3446d28a5bd1c84c5271.sol#2024)
		- buyVolumes[buyToken][sellToken] = 0 (../sb/0xdf0b5bbf51f94c3e3cea3446d28a5bd1c84c5271.sol#2693)
	DutchExchange.buyVolumes (../sb/0xdf0b5bbf51f94c3e3cea3446d28a5bd1c84c5271.sol#1591) can be used in cross function reentrancies:
	- DutchExchange.buyVolumes (../sb/0xdf0b5bbf51f94c3e3cea3446d28a5bd1c84c5271.sol#1591)
	- DutchExchange.clearAuction(address,address,uint256,uint256) (../sb/0xdf0b5bbf51f94c3e3cea3446d28a5bd1c84c5271.sol#2647-2705)
	- DutchExchange.closeTheoreticalClosedAuction(address,address,uint256) (../sb/0xdf0b5bbf51f94c3e3cea3446d28a5bd1c84c5271.sol#2155-2174)
	- DutchExchange.getCurrentAuctionPrice(address,address,uint256) (../sb/0xdf0b5bbf51f94c3e3cea3446d28a5bd1c84c5271.sol#2393-2432)
	- DutchExchange.postBuyOrder(address,address,uint256,uint256) (../sb/0xdf0b5bbf51f94c3e3cea3446d28a5bd1c84c5271.sol#1970-2035)
	- (claimAmounts[i],claimFrts) = claimSellerFunds(auctionSellTokens[i],auctionBuyTokens[i],msg.sender,auctionIndices[i]) (../sb/0xdf0b5bbf51f94c3e3cea3446d28a5bd1c84c5271.sol#1695-1700)
		- buyerBalances[sellToken][buyToken][auctionIndex][msg.sender] = newBuyerBal (../sb/0xdf0b5bbf51f94c3e3cea3446d28a5bd1c84c5271.sol#2023)
	DutchExchange.buyerBalances (../sb/0xdf0b5bbf51f94c3e3cea3446d28a5bd1c84c5271.sol#1602) can be used in cross function reentrancies:
	- DutchExchange.buyerBalances (../sb/0xdf0b5bbf51f94c3e3cea3446d28a5bd1c84c5271.sol#1602)
	- DutchExchange.claimBuyerFunds(address,address,address,uint256) (../sb/0xdf0b5bbf51f94c3e3cea3446d28a5bd1c84c5271.sol#2087-2149)
	- DutchExchange.getUnclaimedBuyerFunds(address,address,address,uint256) (../sb/0xdf0b5bbf51f94c3e3cea3446d28a5bd1c84c5271.sol#2177-2203)
	- DutchExchange.postBuyOrder(address,address,uint256,uint256) (../sb/0xdf0b5bbf51f94c3e3cea3446d28a5bd1c84c5271.sol#1970-2035)
	- (claimAmounts[i],claimFrts) = claimSellerFunds(auctionSellTokens[i],auctionBuyTokens[i],msg.sender,auctionIndices[i]) (../sb/0xdf0b5bbf51f94c3e3cea3446d28a5bd1c84c5271.sol#1695-1700)
		- clearingTimes[token1][token2][auctionIndex] = clearingTime (../sb/0xdf0b5bbf51f94c3e3cea3446d28a5bd1c84c5271.sol#2538)
	DutchExchange.clearingTimes (../sb/0xdf0b5bbf51f94c3e3cea3446d28a5bd1c84c5271.sol#1581) can be used in cross function reentrancies:
	- DutchExchange.addTokenPairSecondPart(address,address,uint256,uint256) (../sb/0xdf0b5bbf51f94c3e3cea3446d28a5bd1c84c5271.sol#2492-2519)
	- DutchExchange.clearingTimes (../sb/0xdf0b5bbf51f94c3e3cea3446d28a5bd1c84c5271.sol#1581)
	- DutchExchange.getClearingTime(address,address,uint256) (../sb/0xdf0b5bbf51f94c3e3cea3446d28a5bd1c84c5271.sol#2541-2552)
	- DutchExchange.setClearingTime(address,address,uint256,uint256,uint256,uint256) (../sb/0xdf0b5bbf51f94c3e3cea3446d28a5bd1c84c5271.sol#2521-2539)
	- (claimAmounts[i],claimFrts) = claimSellerFunds(auctionSellTokens[i],auctionBuyTokens[i],msg.sender,auctionIndices[i]) (../sb/0xdf0b5bbf51f94c3e3cea3446d28a5bd1c84c5271.sol#1695-1700)
		- closingPrices[sellToken][buyToken][auctionIndex] = Fraction(buyVolume,sellVolume) (../sb/0xdf0b5bbf51f94c3e3cea3446d28a5bd1c84c5271.sol#2663)
		- closingPrices[buyToken][sellToken][auctionIndex] = Fraction(buyVolumeOpp,sellVolumeOpp) (../sb/0xdf0b5bbf51f94c3e3cea3446d28a5bd1c84c5271.sol#2673)
	DutchExchange.closingPrices (../sb/0xdf0b5bbf51f94c3e3cea3446d28a5bd1c84c5271.sol#1584) can be used in cross function reentrancies:
	- DutchExchange.addTokenPair(address,address,uint256,uint256,uint256,uint256) (../sb/0xdf0b5bbf51f94c3e3cea3446d28a5bd1c84c5271.sol#1791-1863)
	- DutchExchange.claimBuyerFunds(address,address,address,uint256) (../sb/0xdf0b5bbf51f94c3e3cea3446d28a5bd1c84c5271.sol#2087-2149)
	- DutchExchange.claimSellerFunds(address,address,address,uint256) (../sb/0xdf0b5bbf51f94c3e3cea3446d28a5bd1c84c5271.sol#2037-2085)
	- DutchExchange.clearAuction(address,address,uint256,uint256) (../sb/0xdf0b5bbf51f94c3e3cea3446d28a5bd1c84c5271.sol#2647-2705)
	- DutchExchange.closeTheoreticalClosedAuction(address,address,uint256) (../sb/0xdf0b5bbf51f94c3e3cea3446d28a5bd1c84c5271.sol#2155-2174)
	- DutchExchange.closingPrices (../sb/0xdf0b5bbf51f94c3e3cea3446d28a5bd1c84c5271.sol#1584)
	- DutchExchange.getCurrentAuctionPrice(address,address,uint256) (../sb/0xdf0b5bbf51f94c3e3cea3446d28a5bd1c84c5271.sol#2393-2432)
	- DutchExchange.getPriceInPastAuction(address,address,uint256) (../sb/0xdf0b5bbf51f94c3e3cea3446d28a5bd1c84c5271.sol#2260-2315)
	- DutchExchange.postBuyOrder(address,address,uint256,uint256) (../sb/0xdf0b5bbf51f94c3e3cea3446d28a5bd1c84c5271.sol#1970-2035)
	- (claimAmounts[i],claimFrts) = claimSellerFunds(auctionSellTokens[i],auctionBuyTokens[i],msg.sender,auctionIndices[i]) (../sb/0xdf0b5bbf51f94c3e3cea3446d28a5bd1c84c5271.sol#1695-1700)
		- extraTokens[primaryToken][secondaryToken][auctionIndex + 1] = add(usersExtraTokens,fee) (../sb/0xdf0b5bbf51f94c3e3cea3446d28a5bd1c84c5271.sol#2606)
	DutchExchange.extraTokens (../sb/0xdf0b5bbf51f94c3e3cea3446d28a5bd1c84c5271.sol#1598) can be used in cross function reentrancies:
	- DutchExchange.claimBuyerFunds(address,address,address,uint256) (../sb/0xdf0b5bbf51f94c3e3cea3446d28a5bd1c84c5271.sol#2087-2149)
	- DutchExchange.extraTokens (../sb/0xdf0b5bbf51f94c3e3cea3446d28a5bd1c84c5271.sol#1598)
	- DutchExchange.settleFee(address,address,uint256,uint256) (../sb/0xdf0b5bbf51f94c3e3cea3446d28a5bd1c84c5271.sol#2589-2612)
	- (claimAmounts[i],claimFrts) = claimSellerFunds(auctionSellTokens[i],auctionBuyTokens[i],msg.sender,auctionIndices[i]) (../sb/0xdf0b5bbf51f94c3e3cea3446d28a5bd1c84c5271.sol#1695-1700)
		- latestAuctionIndices[token1][token2] += 1 (../sb/0xdf0b5bbf51f94c3e3cea3446d28a5bd1c84c5271.sol#2724)
	DutchExchange.latestAuctionIndices (../sb/0xdf0b5bbf51f94c3e3cea3446d28a5bd1c84c5271.sol#1577) can be used in cross function reentrancies:
	- DutchExchange.getAuctionIndex(address,address) (../sb/0xdf0b5bbf51f94c3e3cea3446d28a5bd1c84c5271.sol#2448-2451)
	- DutchExchange.latestAuctionIndices (../sb/0xdf0b5bbf51f94c3e3cea3446d28a5bd1c84c5271.sol#1577)
	- DutchExchange.setAuctionIndex(address,address) (../sb/0xdf0b5bbf51f94c3e3cea3446d28a5bd1c84c5271.sol#2722-2725)
	- DutchExchange.setAuctionStart(address,address,uint256) (../sb/0xdf0b5bbf51f94c3e3cea3446d28a5bd1c84c5271.sol#2707-2713)
	- (claimAmounts[i],claimFrts) = claimSellerFunds(auctionSellTokens[i],auctionBuyTokens[i],msg.sender,auctionIndices[i]) (../sb/0xdf0b5bbf51f94c3e3cea3446d28a5bd1c84c5271.sol#1695-1700)
		- sellVolumesCurrent[sellToken][buyToken] = sellVolumeNext (../sb/0xdf0b5bbf51f94c3e3cea3446d28a5bd1c84c5271.sol#2680)
		- sellVolumesCurrent[buyToken][sellToken] = sellVolumeNextOpp (../sb/0xdf0b5bbf51f94c3e3cea3446d28a5bd1c84c5271.sol#2688)
	DutchExchange.sellVolumesCurrent (../sb/0xdf0b5bbf51f94c3e3cea3446d28a5bd1c84c5271.sol#1587) can be used in cross function reentrancies:
	- DutchExchange.addTokenPairSecondPart(address,address,uint256,uint256) (../sb/0xdf0b5bbf51f94c3e3cea3446d28a5bd1c84c5271.sol#2492-2519)
	- DutchExchange.clearAuction(address,address,uint256,uint256) (../sb/0xdf0b5bbf51f94c3e3cea3446d28a5bd1c84c5271.sol#2647-2705)
	- DutchExchange.closeTheoreticalClosedAuction(address,address,uint256) (../sb/0xdf0b5bbf51f94c3e3cea3446d28a5bd1c84c5271.sol#2155-2174)
	- DutchExchange.getCurrentAuctionPrice(address,address,uint256) (../sb/0xdf0b5bbf51f94c3e3cea3446d28a5bd1c84c5271.sol#2393-2432)
	- DutchExchange.getSellVolumesInUSD(address,address) (../sb/0xdf0b5bbf51f94c3e3cea3446d28a5bd1c84c5271.sol#2347-2374)
	- DutchExchange.postBuyOrder(address,address,uint256,uint256) (../sb/0xdf0b5bbf51f94c3e3cea3446d28a5bd1c84c5271.sol#1970-2035)
	- DutchExchange.postSellOrder(address,address,uint256,uint256) (../sb/0xdf0b5bbf51f94c3e3cea3446d28a5bd1c84c5271.sol#1895-1968)
	- DutchExchange.sellVolumesCurrent (../sb/0xdf0b5bbf51f94c3e3cea3446d28a5bd1c84c5271.sol#1587)
	- (claimAmounts[i],claimFrts) = claimSellerFunds(auctionSellTokens[i],auctionBuyTokens[i],msg.sender,auctionIndices[i]) (../sb/0xdf0b5bbf51f94c3e3cea3446d28a5bd1c84c5271.sol#1695-1700)
		- sellVolumesNext[sellToken][buyToken] = 0 (../sb/0xdf0b5bbf51f94c3e3cea3446d28a5bd1c84c5271.sol#2682)
		- sellVolumesNext[buyToken][sellToken] = 0 (../sb/0xdf0b5bbf51f94c3e3cea3446d28a5bd1c84c5271.sol#2690)
	DutchExchange.sellVolumesNext (../sb/0xdf0b5bbf51f94c3e3cea3446d28a5bd1c84c5271.sol#1589) can be used in cross function reentrancies:
	- DutchExchange.clearAuction(address,address,uint256,uint256) (../sb/0xdf0b5bbf51f94c3e3cea3446d28a5bd1c84c5271.sol#2647-2705)
	- DutchExchange.postSellOrder(address,address,uint256,uint256) (../sb/0xdf0b5bbf51f94c3e3cea3446d28a5bd1c84c5271.sol#1895-1968)
	- DutchExchange.sellVolumesNext (../sb/0xdf0b5bbf51f94c3e3cea3446d28a5bd1c84c5271.sol#1589)
	- (claimAmounts[i],claimFrts) = claimSellerFunds(auctionSellTokens[i],auctionBuyTokens[i],msg.sender,auctionIndices[i]) (../sb/0xdf0b5bbf51f94c3e3cea3446d28a5bd1c84c5271.sol#1695-1700)
		- sellerBalances[sellToken][buyToken][auctionIndex][user] = 0 (../sb/0xdf0b5bbf51f94c3e3cea3446d28a5bd1c84c5271.sol#2073)
	DutchExchange.sellerBalances (../sb/0xdf0b5bbf51f94c3e3cea3446d28a5bd1c84c5271.sol#1601) can be used in cross function reentrancies:
	- DutchExchange.addTokenPairSecondPart(address,address,uint256,uint256) (../sb/0xdf0b5bbf51f94c3e3cea3446d28a5bd1c84c5271.sol#2492-2519)
	- DutchExchange.claimSellerFunds(address,address,address,uint256) (../sb/0xdf0b5bbf51f94c3e3cea3446d28a5bd1c84c5271.sol#2037-2085)
	- DutchExchange.postSellOrder(address,address,uint256,uint256) (../sb/0xdf0b5bbf51f94c3e3cea3446d28a5bd1c84c5271.sol#1895-1968)
	- DutchExchange.sellerBalances (../sb/0xdf0b5bbf51f94c3e3cea3446d28a5bd1c84c5271.sol#1601)
Reentrancy in DutchExchange.claimBuyerFunds(address,address,address,uint256) (../sb/0xdf0b5bbf51f94c3e3cea3446d28a5bd1c84c5271.sol#2087-2149):
	External calls:
	- closeTheoreticalClosedAuction(sellToken,buyToken,auctionIndex) (../sb/0xdf0b5bbf51f94c3e3cea3446d28a5bd1c84c5271.sol#2091)
		- owlToken.burnOWL(msg.sender,amountOfowlTokenBurned) (../sb/0xdf0b5bbf51f94c3e3cea3446d28a5bd1c84c5271.sol#2632)
	- frtsIssued = issueFrts(buyToken,sellToken,mul(buyerBalance,den) / num,auctionIndex,buyerBalance,user) (../sb/0xdf0b5bbf51f94c3e3cea3446d28a5bd1c84c5271.sol#2121-2128)
		- frtToken.mintTokens(user,frtsIssued) (../sb/0xdf0b5bbf51f94c3e3cea3446d28a5bd1c84c5271.sol#2584)
	State variables written after the call(s):
	- balances[sellToken][user] = add(balances[sellToken][user],returned) (../sb/0xdf0b5bbf51f94c3e3cea3446d28a5bd1c84c5271.sol#2138)
	DutchExchange.balances (../sb/0xdf0b5bbf51f94c3e3cea3446d28a5bd1c84c5271.sol#1595) can be used in cross function reentrancies:
	- DutchExchange.addTokenPair(address,address,uint256,uint256,uint256,uint256) (../sb/0xdf0b5bbf51f94c3e3cea3446d28a5bd1c84c5271.sol#1791-1863)
	- DutchExchange.addTokenPairSecondPart(address,address,uint256,uint256) (../sb/0xdf0b5bbf51f94c3e3cea3446d28a5bd1c84c5271.sol#2492-2519)
	- DutchExchange.balances (../sb/0xdf0b5bbf51f94c3e3cea3446d28a5bd1c84c5271.sol#1595)
	- DutchExchange.claimBuyerFunds(address,address,address,uint256) (../sb/0xdf0b5bbf51f94c3e3cea3446d28a5bd1c84c5271.sol#2087-2149)
	- DutchExchange.claimSellerFunds(address,address,address,uint256) (../sb/0xdf0b5bbf51f94c3e3cea3446d28a5bd1c84c5271.sol#2037-2085)
	- DutchExchange.deposit(address,uint256) (../sb/0xdf0b5bbf51f94c3e3cea3446d28a5bd1c84c5271.sol#1865-1876)
	- DutchExchange.postBuyOrder(address,address,uint256,uint256) (../sb/0xdf0b5bbf51f94c3e3cea3446d28a5bd1c84c5271.sol#1970-2035)
	- DutchExchange.postSellOrder(address,address,uint256,uint256) (../sb/0xdf0b5bbf51f94c3e3cea3446d28a5bd1c84c5271.sol#1895-1968)
	- DutchExchange.withdraw(address,uint256) (../sb/0xdf0b5bbf51f94c3e3cea3446d28a5bd1c84c5271.sol#1878-1893)
	- buyerBalances[sellToken][buyToken][auctionIndex][user] = 0 (../sb/0xdf0b5bbf51f94c3e3cea3446d28a5bd1c84c5271.sol#2132)
	DutchExchange.buyerBalances (../sb/0xdf0b5bbf51f94c3e3cea3446d28a5bd1c84c5271.sol#1602) can be used in cross function reentrancies:
	- DutchExchange.buyerBalances (../sb/0xdf0b5bbf51f94c3e3cea3446d28a5bd1c84c5271.sol#1602)
	- DutchExchange.claimBuyerFunds(address,address,address,uint256) (../sb/0xdf0b5bbf51f94c3e3cea3446d28a5bd1c84c5271.sol#2087-2149)
	- DutchExchange.getUnclaimedBuyerFunds(address,address,address,uint256) (../sb/0xdf0b5bbf51f94c3e3cea3446d28a5bd1c84c5271.sol#2177-2203)
	- DutchExchange.postBuyOrder(address,address,uint256,uint256) (../sb/0xdf0b5bbf51f94c3e3cea3446d28a5bd1c84c5271.sol#1970-2035)
	- claimedAmounts[sellToken][buyToken][auctionIndex][user] = 0 (../sb/0xdf0b5bbf51f94c3e3cea3446d28a5bd1c84c5271.sol#2133)
	DutchExchange.claimedAmounts (../sb/0xdf0b5bbf51f94c3e3cea3446d28a5bd1c84c5271.sol#1603) can be used in cross function reentrancies:
	- DutchExchange.claimBuyerFunds(address,address,address,uint256) (../sb/0xdf0b5bbf51f94c3e3cea3446d28a5bd1c84c5271.sol#2087-2149)
	- DutchExchange.claimedAmounts (../sb/0xdf0b5bbf51f94c3e3cea3446d28a5bd1c84c5271.sol#1603)
	- DutchExchange.getUnclaimedBuyerFunds(address,address,address,uint256) (../sb/0xdf0b5bbf51f94c3e3cea3446d28a5bd1c84c5271.sol#2177-2203)
Reentrancy in DutchExchange.claimSellerFunds(address,address,address,uint256) (../sb/0xdf0b5bbf51f94c3e3cea3446d28a5bd1c84c5271.sol#2037-2085):
	External calls:
	- closeTheoreticalClosedAuction(sellToken,buyToken,auctionIndex) (../sb/0xdf0b5bbf51f94c3e3cea3446d28a5bd1c84c5271.sol#2045)
		- owlToken.burnOWL(msg.sender,amountOfowlTokenBurned) (../sb/0xdf0b5bbf51f94c3e3cea3446d28a5bd1c84c5271.sol#2632)
	- frtsIssued = issueFrts(sellToken,buyToken,returned,auctionIndex,sellerBalance,user) (../sb/0xdf0b5bbf51f94c3e3cea3446d28a5bd1c84c5271.sol#2063-2070)
		- frtToken.mintTokens(user,frtsIssued) (../sb/0xdf0b5bbf51f94c3e3cea3446d28a5bd1c84c5271.sol#2584)
	State variables written after the call(s):
	- balances[buyToken][user] = add(balances[buyToken][user],returned) (../sb/0xdf0b5bbf51f94c3e3cea3446d28a5bd1c84c5271.sol#2075)
	DutchExchange.balances (../sb/0xdf0b5bbf51f94c3e3cea3446d28a5bd1c84c5271.sol#1595) can be used in cross function reentrancies:
	- DutchExchange.addTokenPair(address,address,uint256,uint256,uint256,uint256) (../sb/0xdf0b5bbf51f94c3e3cea3446d28a5bd1c84c5271.sol#1791-1863)
	- DutchExchange.addTokenPairSecondPart(address,address,uint256,uint256) (../sb/0xdf0b5bbf51f94c3e3cea3446d28a5bd1c84c5271.sol#2492-2519)
	- DutchExchange.balances (../sb/0xdf0b5bbf51f94c3e3cea3446d28a5bd1c84c5271.sol#1595)
	- DutchExchange.claimBuyerFunds(address,address,address,uint256) (../sb/0xdf0b5bbf51f94c3e3cea3446d28a5bd1c84c5271.sol#2087-2149)
	- DutchExchange.claimSellerFunds(address,address,address,uint256) (../sb/0xdf0b5bbf51f94c3e3cea3446d28a5bd1c84c5271.sol#2037-2085)
	- DutchExchange.deposit(address,uint256) (../sb/0xdf0b5bbf51f94c3e3cea3446d28a5bd1c84c5271.sol#1865-1876)
	- DutchExchange.postBuyOrder(address,address,uint256,uint256) (../sb/0xdf0b5bbf51f94c3e3cea3446d28a5bd1c84c5271.sol#1970-2035)
	- DutchExchange.postSellOrder(address,address,uint256,uint256) (../sb/0xdf0b5bbf51f94c3e3cea3446d28a5bd1c84c5271.sol#1895-1968)
	- DutchExchange.withdraw(address,uint256) (../sb/0xdf0b5bbf51f94c3e3cea3446d28a5bd1c84c5271.sol#1878-1893)
	- sellerBalances[sellToken][buyToken][auctionIndex][user] = 0 (../sb/0xdf0b5bbf51f94c3e3cea3446d28a5bd1c84c5271.sol#2073)
	DutchExchange.sellerBalances (../sb/0xdf0b5bbf51f94c3e3cea3446d28a5bd1c84c5271.sol#1601) can be used in cross function reentrancies:
	- DutchExchange.addTokenPairSecondPart(address,address,uint256,uint256) (../sb/0xdf0b5bbf51f94c3e3cea3446d28a5bd1c84c5271.sol#2492-2519)
	- DutchExchange.claimSellerFunds(address,address,address,uint256) (../sb/0xdf0b5bbf51f94c3e3cea3446d28a5bd1c84c5271.sol#2037-2085)
	- DutchExchange.postSellOrder(address,address,uint256,uint256) (../sb/0xdf0b5bbf51f94c3e3cea3446d28a5bd1c84c5271.sol#1895-1968)
	- DutchExchange.sellerBalances (../sb/0xdf0b5bbf51f94c3e3cea3446d28a5bd1c84c5271.sol#1601)
Reentrancy in DutchExchange.depositAndSell(address,address,uint256) (../sb/0xdf0b5bbf51f94c3e3cea3446d28a5bd1c84c5271.sol#1605-1611):
	External calls:
	- newBal = deposit(sellToken,amount) (../sb/0xdf0b5bbf51f94c3e3cea3446d28a5bd1c84c5271.sol#1609)
		- BadToken(token).transferFrom(msg.sender,address(this),value) (../sb/0xdf0b5bbf51f94c3e3cea3446d28a5bd1c84c5271.sol#849)
		- BadToken(token).transfer(to,value) (../sb/0xdf0b5bbf51f94c3e3cea3446d28a5bd1c84c5271.sol#851)
	- (auctionIndex,newSellerBal) = postSellOrder(sellToken,buyToken,0,amount) (../sb/0xdf0b5bbf51f94c3e3cea3446d28a5bd1c84c5271.sol#1610)
		- owlToken.burnOWL(msg.sender,amountOfowlTokenBurned) (../sb/0xdf0b5bbf51f94c3e3cea3446d28a5bd1c84c5271.sol#2632)
	State variables written after the call(s):
	- (auctionIndex,newSellerBal) = postSellOrder(sellToken,buyToken,0,amount) (../sb/0xdf0b5bbf51f94c3e3cea3446d28a5bd1c84c5271.sol#1610)
		- balances[sellToken][msg.sender] = sub(balances[sellToken][msg.sender],amount) (../sb/0xdf0b5bbf51f94c3e3cea3446d28a5bd1c84c5271.sol#1944)
		- balances[buyToken][msg.sender] = sub(balances[buyToken][msg.sender],amount) (../sb/0xdf0b5bbf51f94c3e3cea3446d28a5bd1c84c5271.sol#2021)
	DutchExchange.balances (../sb/0xdf0b5bbf51f94c3e3cea3446d28a5bd1c84c5271.sol#1595) can be used in cross function reentrancies:
	- DutchExchange.addTokenPair(address,address,uint256,uint256,uint256,uint256) (../sb/0xdf0b5bbf51f94c3e3cea3446d28a5bd1c84c5271.sol#1791-1863)
	- DutchExchange.addTokenPairSecondPart(address,address,uint256,uint256) (../sb/0xdf0b5bbf51f94c3e3cea3446d28a5bd1c84c5271.sol#2492-2519)
	- DutchExchange.balances (../sb/0xdf0b5bbf51f94c3e3cea3446d28a5bd1c84c5271.sol#1595)
	- DutchExchange.claimBuyerFunds(address,address,address,uint256) (../sb/0xdf0b5bbf51f94c3e3cea3446d28a5bd1c84c5271.sol#2087-2149)
	- DutchExchange.claimSellerFunds(address,address,address,uint256) (../sb/0xdf0b5bbf51f94c3e3cea3446d28a5bd1c84c5271.sol#2037-2085)
	- DutchExchange.deposit(address,uint256) (../sb/0xdf0b5bbf51f94c3e3cea3446d28a5bd1c84c5271.sol#1865-1876)
	- DutchExchange.postBuyOrder(address,address,uint256,uint256) (../sb/0xdf0b5bbf51f94c3e3cea3446d28a5bd1c84c5271.sol#1970-2035)
	- DutchExchange.postSellOrder(address,address,uint256,uint256) (../sb/0xdf0b5bbf51f94c3e3cea3446d28a5bd1c84c5271.sol#1895-1968)
	- DutchExchange.withdraw(address,uint256) (../sb/0xdf0b5bbf51f94c3e3cea3446d28a5bd1c84c5271.sol#1878-1893)
Reentrancy in DutchExchange.postBuyOrder(address,address,uint256,uint256) (../sb/0xdf0b5bbf51f94c3e3cea3446d28a5bd1c84c5271.sol#1970-2035):
	External calls:
	- amountAfterFee = settleFee(buyToken,sellToken,auctionIndex,amount) (../sb/0xdf0b5bbf51f94c3e3cea3446d28a5bd1c84c5271.sol#2011)
		- owlToken.burnOWL(msg.sender,amountOfowlTokenBurned) (../sb/0xdf0b5bbf51f94c3e3cea3446d28a5bd1c84c5271.sol#2632)
	State variables written after the call(s):
	- clearAuction(sellToken,buyToken,auctionIndex,sellVolume) (../sb/0xdf0b5bbf51f94c3e3cea3446d28a5bd1c84c5271.sol#2031)
		- auctionStarts[token1][token2] = AUCTION_START_WAITING_FOR_FUNDING (../sb/0xdf0b5bbf51f94c3e3cea3446d28a5bd1c84c5271.sol#2718)
		- auctionStarts[token1][token2] = auctionStart (../sb/0xdf0b5bbf51f94c3e3cea3446d28a5bd1c84c5271.sol#2711)
	DutchExchange.auctionStarts (../sb/0xdf0b5bbf51f94c3e3cea3446d28a5bd1c84c5271.sol#1579) can be used in cross function reentrancies:
	- DutchExchange.auctionStarts (../sb/0xdf0b5bbf51f94c3e3cea3446d28a5bd1c84c5271.sol#1579)
	- DutchExchange.getAuctionStart(address,address) (../sb/0xdf0b5bbf51f94c3e3cea3446d28a5bd1c84c5271.sol#2443-2446)
	- DutchExchange.resetAuctionStart(address,address) (../sb/0xdf0b5bbf51f94c3e3cea3446d28a5bd1c84c5271.sol#2715-2720)
	- DutchExchange.setAuctionStart(address,address,uint256) (../sb/0xdf0b5bbf51f94c3e3cea3446d28a5bd1c84c5271.sol#2707-2713)
	- balances[buyToken][msg.sender] = sub(balances[buyToken][msg.sender],amount) (../sb/0xdf0b5bbf51f94c3e3cea3446d28a5bd1c84c5271.sol#2021)
	DutchExchange.balances (../sb/0xdf0b5bbf51f94c3e3cea3446d28a5bd1c84c5271.sol#1595) can be used in cross function reentrancies:
	- DutchExchange.addTokenPair(address,address,uint256,uint256,uint256,uint256) (../sb/0xdf0b5bbf51f94c3e3cea3446d28a5bd1c84c5271.sol#1791-1863)
	- DutchExchange.addTokenPairSecondPart(address,address,uint256,uint256) (../sb/0xdf0b5bbf51f94c3e3cea3446d28a5bd1c84c5271.sol#2492-2519)
	- DutchExchange.balances (../sb/0xdf0b5bbf51f94c3e3cea3446d28a5bd1c84c5271.sol#1595)
	- DutchExchange.claimBuyerFunds(address,address,address,uint256) (../sb/0xdf0b5bbf51f94c3e3cea3446d28a5bd1c84c5271.sol#2087-2149)
	- DutchExchange.claimSellerFunds(address,address,address,uint256) (../sb/0xdf0b5bbf51f94c3e3cea3446d28a5bd1c84c5271.sol#2037-2085)
	- DutchExchange.deposit(address,uint256) (../sb/0xdf0b5bbf51f94c3e3cea3446d28a5bd1c84c5271.sol#1865-1876)
	- DutchExchange.postBuyOrder(address,address,uint256,uint256) (../sb/0xdf0b5bbf51f94c3e3cea3446d28a5bd1c84c5271.sol#1970-2035)
	- DutchExchange.postSellOrder(address,address,uint256,uint256) (../sb/0xdf0b5bbf51f94c3e3cea3446d28a5bd1c84c5271.sol#1895-1968)
	- DutchExchange.withdraw(address,uint256) (../sb/0xdf0b5bbf51f94c3e3cea3446d28a5bd1c84c5271.sol#1878-1893)
	- buyVolumes[sellToken][buyToken] = add(buyVolumes[sellToken][buyToken],amountAfterFee) (../sb/0xdf0b5bbf51f94c3e3cea3446d28a5bd1c84c5271.sol#2024)
	DutchExchange.buyVolumes (../sb/0xdf0b5bbf51f94c3e3cea3446d28a5bd1c84c5271.sol#1591) can be used in cross function reentrancies:
	- DutchExchange.buyVolumes (../sb/0xdf0b5bbf51f94c3e3cea3446d28a5bd1c84c5271.sol#1591)
	- DutchExchange.clearAuction(address,address,uint256,uint256) (../sb/0xdf0b5bbf51f94c3e3cea3446d28a5bd1c84c5271.sol#2647-2705)
	- DutchExchange.closeTheoreticalClosedAuction(address,address,uint256) (../sb/0xdf0b5bbf51f94c3e3cea3446d28a5bd1c84c5271.sol#2155-2174)
	- DutchExchange.getCurrentAuctionPrice(address,address,uint256) (../sb/0xdf0b5bbf51f94c3e3cea3446d28a5bd1c84c5271.sol#2393-2432)
	- DutchExchange.postBuyOrder(address,address,uint256,uint256) (../sb/0xdf0b5bbf51f94c3e3cea3446d28a5bd1c84c5271.sol#1970-2035)
	- clearAuction(sellToken,buyToken,auctionIndex,sellVolume) (../sb/0xdf0b5bbf51f94c3e3cea3446d28a5bd1c84c5271.sol#2031)
		- buyVolumes[sellToken][buyToken] = 0 (../sb/0xdf0b5bbf51f94c3e3cea3446d28a5bd1c84c5271.sol#2685)
		- buyVolumes[buyToken][sellToken] = 0 (../sb/0xdf0b5bbf51f94c3e3cea3446d28a5bd1c84c5271.sol#2693)
	DutchExchange.buyVolumes (../sb/0xdf0b5bbf51f94c3e3cea3446d28a5bd1c84c5271.sol#1591) can be used in cross function reentrancies:
	- DutchExchange.buyVolumes (../sb/0xdf0b5bbf51f94c3e3cea3446d28a5bd1c84c5271.sol#1591)
	- DutchExchange.clearAuction(address,address,uint256,uint256) (../sb/0xdf0b5bbf51f94c3e3cea3446d28a5bd1c84c5271.sol#2647-2705)
	- DutchExchange.closeTheoreticalClosedAuction(address,address,uint256) (../sb/0xdf0b5bbf51f94c3e3cea3446d28a5bd1c84c5271.sol#2155-2174)
	- DutchExchange.getCurrentAuctionPrice(address,address,uint256) (../sb/0xdf0b5bbf51f94c3e3cea3446d28a5bd1c84c5271.sol#2393-2432)
	- DutchExchange.postBuyOrder(address,address,uint256,uint256) (../sb/0xdf0b5bbf51f94c3e3cea3446d28a5bd1c84c5271.sol#1970-2035)
	- clearAuction(sellToken,buyToken,auctionIndex,sellVolume) (../sb/0xdf0b5bbf51f94c3e3cea3446d28a5bd1c84c5271.sol#2031)
		- closingPrices[sellToken][buyToken][auctionIndex] = Fraction(buyVolume,sellVolume) (../sb/0xdf0b5bbf51f94c3e3cea3446d28a5bd1c84c5271.sol#2663)
		- closingPrices[buyToken][sellToken][auctionIndex] = Fraction(buyVolumeOpp,sellVolumeOpp) (../sb/0xdf0b5bbf51f94c3e3cea3446d28a5bd1c84c5271.sol#2673)
	DutchExchange.closingPrices (../sb/0xdf0b5bbf51f94c3e3cea3446d28a5bd1c84c5271.sol#1584) can be used in cross function reentrancies:
	- DutchExchange.addTokenPair(address,address,uint256,uint256,uint256,uint256) (../sb/0xdf0b5bbf51f94c3e3cea3446d28a5bd1c84c5271.sol#1791-1863)
	- DutchExchange.claimBuyerFunds(address,address,address,uint256) (../sb/0xdf0b5bbf51f94c3e3cea3446d28a5bd1c84c5271.sol#2087-2149)
	- DutchExchange.claimSellerFunds(address,address,address,uint256) (../sb/0xdf0b5bbf51f94c3e3cea3446d28a5bd1c84c5271.sol#2037-2085)
	- DutchExchange.clearAuction(address,address,uint256,uint256) (../sb/0xdf0b5bbf51f94c3e3cea3446d28a5bd1c84c5271.sol#2647-2705)
	- DutchExchange.closeTheoreticalClosedAuction(address,address,uint256) (../sb/0xdf0b5bbf51f94c3e3cea3446d28a5bd1c84c5271.sol#2155-2174)
	- DutchExchange.closingPrices (../sb/0xdf0b5bbf51f94c3e3cea3446d28a5bd1c84c5271.sol#1584)
	- DutchExchange.getCurrentAuctionPrice(address,address,uint256) (../sb/0xdf0b5bbf51f94c3e3cea3446d28a5bd1c84c5271.sol#2393-2432)
	- DutchExchange.getPriceInPastAuction(address,address,uint256) (../sb/0xdf0b5bbf51f94c3e3cea3446d28a5bd1c84c5271.sol#2260-2315)
	- DutchExchange.postBuyOrder(address,address,uint256,uint256) (../sb/0xdf0b5bbf51f94c3e3cea3446d28a5bd1c84c5271.sol#1970-2035)
	- clearAuction(sellToken,buyToken,auctionIndex,sellVolume) (../sb/0xdf0b5bbf51f94c3e3cea3446d28a5bd1c84c5271.sol#2031)
		- latestAuctionIndices[token1][token2] += 1 (../sb/0xdf0b5bbf51f94c3e3cea3446d28a5bd1c84c5271.sol#2724)
	DutchExchange.latestAuctionIndices (../sb/0xdf0b5bbf51f94c3e3cea3446d28a5bd1c84c5271.sol#1577) can be used in cross function reentrancies:
	- DutchExchange.getAuctionIndex(address,address) (../sb/0xdf0b5bbf51f94c3e3cea3446d28a5bd1c84c5271.sol#2448-2451)
	- DutchExchange.latestAuctionIndices (../sb/0xdf0b5bbf51f94c3e3cea3446d28a5bd1c84c5271.sol#1577)
	- DutchExchange.setAuctionIndex(address,address) (../sb/0xdf0b5bbf51f94c3e3cea3446d28a5bd1c84c5271.sol#2722-2725)
	- DutchExchange.setAuctionStart(address,address,uint256) (../sb/0xdf0b5bbf51f94c3e3cea3446d28a5bd1c84c5271.sol#2707-2713)
	- clearAuction(sellToken,buyToken,auctionIndex,sellVolume) (../sb/0xdf0b5bbf51f94c3e3cea3446d28a5bd1c84c5271.sol#2031)
		- sellVolumesCurrent[sellToken][buyToken] = sellVolumeNext (../sb/0xdf0b5bbf51f94c3e3cea3446d28a5bd1c84c5271.sol#2680)
		- sellVolumesCurrent[buyToken][sellToken] = sellVolumeNextOpp (../sb/0xdf0b5bbf51f94c3e3cea3446d28a5bd1c84c5271.sol#2688)
	DutchExchange.sellVolumesCurrent (../sb/0xdf0b5bbf51f94c3e3cea3446d28a5bd1c84c5271.sol#1587) can be used in cross function reentrancies:
	- DutchExchange.addTokenPairSecondPart(address,address,uint256,uint256) (../sb/0xdf0b5bbf51f94c3e3cea3446d28a5bd1c84c5271.sol#2492-2519)
	- DutchExchange.clearAuction(address,address,uint256,uint256) (../sb/0xdf0b5bbf51f94c3e3cea3446d28a5bd1c84c5271.sol#2647-2705)
	- DutchExchange.closeTheoreticalClosedAuction(address,address,uint256) (../sb/0xdf0b5bbf51f94c3e3cea3446d28a5bd1c84c5271.sol#2155-2174)
	- DutchExchange.getCurrentAuctionPrice(address,address,uint256) (../sb/0xdf0b5bbf51f94c3e3cea3446d28a5bd1c84c5271.sol#2393-2432)
	- DutchExchange.getSellVolumesInUSD(address,address) (../sb/0xdf0b5bbf51f94c3e3cea3446d28a5bd1c84c5271.sol#2347-2374)
	- DutchExchange.postBuyOrder(address,address,uint256,uint256) (../sb/0xdf0b5bbf51f94c3e3cea3446d28a5bd1c84c5271.sol#1970-2035)
	- DutchExchange.postSellOrder(address,address,uint256,uint256) (../sb/0xdf0b5bbf51f94c3e3cea3446d28a5bd1c84c5271.sol#1895-1968)
	- DutchExchange.sellVolumesCurrent (../sb/0xdf0b5bbf51f94c3e3cea3446d28a5bd1c84c5271.sol#1587)
Reentrancy in DutchExchange.postSellOrder(address,address,uint256,uint256) (../sb/0xdf0b5bbf51f94c3e3cea3446d28a5bd1c84c5271.sol#1895-1968):
	External calls:
	- amountAfterFee = settleFee(sellToken,buyToken,auctionIndex,amount) (../sb/0xdf0b5bbf51f94c3e3cea3446d28a5bd1c84c5271.sol#1941)
		- owlToken.burnOWL(msg.sender,amountOfowlTokenBurned) (../sb/0xdf0b5bbf51f94c3e3cea3446d28a5bd1c84c5271.sol#2632)
	State variables written after the call(s):
	- balances[sellToken][msg.sender] = sub(balances[sellToken][msg.sender],amount) (../sb/0xdf0b5bbf51f94c3e3cea3446d28a5bd1c84c5271.sol#1944)
	DutchExchange.balances (../sb/0xdf0b5bbf51f94c3e3cea3446d28a5bd1c84c5271.sol#1595) can be used in cross function reentrancies:
	- DutchExchange.addTokenPair(address,address,uint256,uint256,uint256,uint256) (../sb/0xdf0b5bbf51f94c3e3cea3446d28a5bd1c84c5271.sol#1791-1863)
	- DutchExchange.addTokenPairSecondPart(address,address,uint256,uint256) (../sb/0xdf0b5bbf51f94c3e3cea3446d28a5bd1c84c5271.sol#2492-2519)
	- DutchExchange.balances (../sb/0xdf0b5bbf51f94c3e3cea3446d28a5bd1c84c5271.sol#1595)
	- DutchExchange.claimBuyerFunds(address,address,address,uint256) (../sb/0xdf0b5bbf51f94c3e3cea3446d28a5bd1c84c5271.sol#2087-2149)
	- DutchExchange.claimSellerFunds(address,address,address,uint256) (../sb/0xdf0b5bbf51f94c3e3cea3446d28a5bd1c84c5271.sol#2037-2085)
	- DutchExchange.deposit(address,uint256) (../sb/0xdf0b5bbf51f94c3e3cea3446d28a5bd1c84c5271.sol#1865-1876)
	- DutchExchange.postBuyOrder(address,address,uint256,uint256) (../sb/0xdf0b5bbf51f94c3e3cea3446d28a5bd1c84c5271.sol#1970-2035)
	- DutchExchange.postSellOrder(address,address,uint256,uint256) (../sb/0xdf0b5bbf51f94c3e3cea3446d28a5bd1c84c5271.sol#1895-1968)
	- DutchExchange.withdraw(address,uint256) (../sb/0xdf0b5bbf51f94c3e3cea3446d28a5bd1c84c5271.sol#1878-1893)
	- sellVolumesCurrent[sellToken][buyToken] = add(sellVolumeCurrent,amountAfterFee) (../sb/0xdf0b5bbf51f94c3e3cea3446d28a5bd1c84c5271.sol#1951)
	DutchExchange.sellVolumesCurrent (../sb/0xdf0b5bbf51f94c3e3cea3446d28a5bd1c84c5271.sol#1587) can be used in cross function reentrancies:
	- DutchExchange.addTokenPairSecondPart(address,address,uint256,uint256) (../sb/0xdf0b5bbf51f94c3e3cea3446d28a5bd1c84c5271.sol#2492-2519)
	- DutchExchange.clearAuction(address,address,uint256,uint256) (../sb/0xdf0b5bbf51f94c3e3cea3446d28a5bd1c84c5271.sol#2647-2705)
	- DutchExchange.closeTheoreticalClosedAuction(address,address,uint256) (../sb/0xdf0b5bbf51f94c3e3cea3446d28a5bd1c84c5271.sol#2155-2174)
	- DutchExchange.getCurrentAuctionPrice(address,address,uint256) (../sb/0xdf0b5bbf51f94c3e3cea3446d28a5bd1c84c5271.sol#2393-2432)
	- DutchExchange.getSellVolumesInUSD(address,address) (../sb/0xdf0b5bbf51f94c3e3cea3446d28a5bd1c84c5271.sol#2347-2374)
	- DutchExchange.postBuyOrder(address,address,uint256,uint256) (../sb/0xdf0b5bbf51f94c3e3cea3446d28a5bd1c84c5271.sol#1970-2035)
	- DutchExchange.postSellOrder(address,address,uint256,uint256) (../sb/0xdf0b5bbf51f94c3e3cea3446d28a5bd1c84c5271.sol#1895-1968)
	- DutchExchange.sellVolumesCurrent (../sb/0xdf0b5bbf51f94c3e3cea3446d28a5bd1c84c5271.sol#1587)
	- sellVolumesNext[sellToken][buyToken] = add(sellVolumeNext,amountAfterFee) (../sb/0xdf0b5bbf51f94c3e3cea3446d28a5bd1c84c5271.sol#1955)
	DutchExchange.sellVolumesNext (../sb/0xdf0b5bbf51f94c3e3cea3446d28a5bd1c84c5271.sol#1589) can be used in cross function reentrancies:
	- DutchExchange.clearAuction(address,address,uint256,uint256) (../sb/0xdf0b5bbf51f94c3e3cea3446d28a5bd1c84c5271.sol#2647-2705)
	- DutchExchange.postSellOrder(address,address,uint256,uint256) (../sb/0xdf0b5bbf51f94c3e3cea3446d28a5bd1c84c5271.sol#1895-1968)
	- DutchExchange.sellVolumesNext (../sb/0xdf0b5bbf51f94c3e3cea3446d28a5bd1c84c5271.sol#1589)
Reentrancy in DutchExchange.postSellOrder(address,address,uint256,uint256) (../sb/0xdf0b5bbf51f94c3e3cea3446d28a5bd1c84c5271.sol#1895-1968):
	External calls:
	- amountAfterFee = settleFee(sellToken,buyToken,auctionIndex,amount) (../sb/0xdf0b5bbf51f94c3e3cea3446d28a5bd1c84c5271.sol#1941)
		- owlToken.burnOWL(msg.sender,amountOfowlTokenBurned) (../sb/0xdf0b5bbf51f94c3e3cea3446d28a5bd1c84c5271.sol#2632)
	- closeTheoreticalClosedAuction(sellToken,buyToken,latestAuctionIndex) (../sb/0xdf0b5bbf51f94c3e3cea3446d28a5bd1c84c5271.sol#1958)
		- owlToken.burnOWL(msg.sender,amountOfowlTokenBurned) (../sb/0xdf0b5bbf51f94c3e3cea3446d28a5bd1c84c5271.sol#2632)
	State variables written after the call(s):
	- closeTheoreticalClosedAuction(sellToken,buyToken,latestAuctionIndex) (../sb/0xdf0b5bbf51f94c3e3cea3446d28a5bd1c84c5271.sol#1958)
		- auctionStarts[token1][token2] = AUCTION_START_WAITING_FOR_FUNDING (../sb/0xdf0b5bbf51f94c3e3cea3446d28a5bd1c84c5271.sol#2718)
		- auctionStarts[token1][token2] = auctionStart (../sb/0xdf0b5bbf51f94c3e3cea3446d28a5bd1c84c5271.sol#2711)
	DutchExchange.auctionStarts (../sb/0xdf0b5bbf51f94c3e3cea3446d28a5bd1c84c5271.sol#1579) can be used in cross function reentrancies:
	- DutchExchange.auctionStarts (../sb/0xdf0b5bbf51f94c3e3cea3446d28a5bd1c84c5271.sol#1579)
	- DutchExchange.getAuctionStart(address,address) (../sb/0xdf0b5bbf51f94c3e3cea3446d28a5bd1c84c5271.sol#2443-2446)
	- DutchExchange.resetAuctionStart(address,address) (../sb/0xdf0b5bbf51f94c3e3cea3446d28a5bd1c84c5271.sol#2715-2720)
	- DutchExchange.setAuctionStart(address,address,uint256) (../sb/0xdf0b5bbf51f94c3e3cea3446d28a5bd1c84c5271.sol#2707-2713)
	- scheduleNextAuction(sellToken,buyToken) (../sb/0xdf0b5bbf51f94c3e3cea3446d28a5bd1c84c5271.sol#1962)
		- auctionStarts[token1][token2] = AUCTION_START_WAITING_FOR_FUNDING (../sb/0xdf0b5bbf51f94c3e3cea3446d28a5bd1c84c5271.sol#2718)
		- auctionStarts[token1][token2] = auctionStart (../sb/0xdf0b5bbf51f94c3e3cea3446d28a5bd1c84c5271.sol#2711)
	DutchExchange.auctionStarts (../sb/0xdf0b5bbf51f94c3e3cea3446d28a5bd1c84c5271.sol#1579) can be used in cross function reentrancies:
	- DutchExchange.auctionStarts (../sb/0xdf0b5bbf51f94c3e3cea3446d28a5bd1c84c5271.sol#1579)
	- DutchExchange.getAuctionStart(address,address) (../sb/0xdf0b5bbf51f94c3e3cea3446d28a5bd1c84c5271.sol#2443-2446)
	- DutchExchange.resetAuctionStart(address,address) (../sb/0xdf0b5bbf51f94c3e3cea3446d28a5bd1c84c5271.sol#2715-2720)
	- DutchExchange.setAuctionStart(address,address,uint256) (../sb/0xdf0b5bbf51f94c3e3cea3446d28a5bd1c84c5271.sol#2707-2713)
	- closeTheoreticalClosedAuction(sellToken,buyToken,latestAuctionIndex) (../sb/0xdf0b5bbf51f94c3e3cea3446d28a5bd1c84c5271.sol#1958)
		- balances[buyToken][msg.sender] = sub(balances[buyToken][msg.sender],amount) (../sb/0xdf0b5bbf51f94c3e3cea3446d28a5bd1c84c5271.sol#2021)
	DutchExchange.balances (../sb/0xdf0b5bbf51f94c3e3cea3446d28a5bd1c84c5271.sol#1595) can be used in cross function reentrancies:
	- DutchExchange.addTokenPair(address,address,uint256,uint256,uint256,uint256) (../sb/0xdf0b5bbf51f94c3e3cea3446d28a5bd1c84c5271.sol#1791-1863)
	- DutchExchange.addTokenPairSecondPart(address,address,uint256,uint256) (../sb/0xdf0b5bbf51f94c3e3cea3446d28a5bd1c84c5271.sol#2492-2519)
	- DutchExchange.balances (../sb/0xdf0b5bbf51f94c3e3cea3446d28a5bd1c84c5271.sol#1595)
	- DutchExchange.claimBuyerFunds(address,address,address,uint256) (../sb/0xdf0b5bbf51f94c3e3cea3446d28a5bd1c84c5271.sol#2087-2149)
	- DutchExchange.claimSellerFunds(address,address,address,uint256) (../sb/0xdf0b5bbf51f94c3e3cea3446d28a5bd1c84c5271.sol#2037-2085)
	- DutchExchange.deposit(address,uint256) (../sb/0xdf0b5bbf51f94c3e3cea3446d28a5bd1c84c5271.sol#1865-1876)
	- DutchExchange.postBuyOrder(address,address,uint256,uint256) (../sb/0xdf0b5bbf51f94c3e3cea3446d28a5bd1c84c5271.sol#1970-2035)
	- DutchExchange.postSellOrder(address,address,uint256,uint256) (../sb/0xdf0b5bbf51f94c3e3cea3446d28a5bd1c84c5271.sol#1895-1968)
	- DutchExchange.withdraw(address,uint256) (../sb/0xdf0b5bbf51f94c3e3cea3446d28a5bd1c84c5271.sol#1878-1893)
	- closeTheoreticalClosedAuction(sellToken,buyToken,latestAuctionIndex) (../sb/0xdf0b5bbf51f94c3e3cea3446d28a5bd1c84c5271.sol#1958)
		- closingPrices[sellToken][buyToken][auctionIndex] = Fraction(buyVolume,sellVolume) (../sb/0xdf0b5bbf51f94c3e3cea3446d28a5bd1c84c5271.sol#2663)
		- closingPrices[buyToken][sellToken][auctionIndex] = Fraction(buyVolumeOpp,sellVolumeOpp) (../sb/0xdf0b5bbf51f94c3e3cea3446d28a5bd1c84c5271.sol#2673)
	DutchExchange.closingPrices (../sb/0xdf0b5bbf51f94c3e3cea3446d28a5bd1c84c5271.sol#1584) can be used in cross function reentrancies:
	- DutchExchange.addTokenPair(address,address,uint256,uint256,uint256,uint256) (../sb/0xdf0b5bbf51f94c3e3cea3446d28a5bd1c84c5271.sol#1791-1863)
	- DutchExchange.claimBuyerFunds(address,address,address,uint256) (../sb/0xdf0b5bbf51f94c3e3cea3446d28a5bd1c84c5271.sol#2087-2149)
	- DutchExchange.claimSellerFunds(address,address,address,uint256) (../sb/0xdf0b5bbf51f94c3e3cea3446d28a5bd1c84c5271.sol#2037-2085)
	- DutchExchange.clearAuction(address,address,uint256,uint256) (../sb/0xdf0b5bbf51f94c3e3cea3446d28a5bd1c84c5271.sol#2647-2705)
	- DutchExchange.closeTheoreticalClosedAuction(address,address,uint256) (../sb/0xdf0b5bbf51f94c3e3cea3446d28a5bd1c84c5271.sol#2155-2174)
	- DutchExchange.closingPrices (../sb/0xdf0b5bbf51f94c3e3cea3446d28a5bd1c84c5271.sol#1584)
	- DutchExchange.getCurrentAuctionPrice(address,address,uint256) (../sb/0xdf0b5bbf51f94c3e3cea3446d28a5bd1c84c5271.sol#2393-2432)
	- DutchExchange.getPriceInPastAuction(address,address,uint256) (../sb/0xdf0b5bbf51f94c3e3cea3446d28a5bd1c84c5271.sol#2260-2315)
	- DutchExchange.postBuyOrder(address,address,uint256,uint256) (../sb/0xdf0b5bbf51f94c3e3cea3446d28a5bd1c84c5271.sol#1970-2035)
	- closeTheoreticalClosedAuction(sellToken,buyToken,latestAuctionIndex) (../sb/0xdf0b5bbf51f94c3e3cea3446d28a5bd1c84c5271.sol#1958)
		- extraTokens[primaryToken][secondaryToken][auctionIndex + 1] = add(usersExtraTokens,fee) (../sb/0xdf0b5bbf51f94c3e3cea3446d28a5bd1c84c5271.sol#2606)
	DutchExchange.extraTokens (../sb/0xdf0b5bbf51f94c3e3cea3446d28a5bd1c84c5271.sol#1598) can be used in cross function reentrancies:
	- DutchExchange.claimBuyerFunds(address,address,address,uint256) (../sb/0xdf0b5bbf51f94c3e3cea3446d28a5bd1c84c5271.sol#2087-2149)
	- DutchExchange.extraTokens (../sb/0xdf0b5bbf51f94c3e3cea3446d28a5bd1c84c5271.sol#1598)
	- DutchExchange.settleFee(address,address,uint256,uint256) (../sb/0xdf0b5bbf51f94c3e3cea3446d28a5bd1c84c5271.sol#2589-2612)
	- closeTheoreticalClosedAuction(sellToken,buyToken,latestAuctionIndex) (../sb/0xdf0b5bbf51f94c3e3cea3446d28a5bd1c84c5271.sol#1958)
		- latestAuctionIndices[token1][token2] += 1 (../sb/0xdf0b5bbf51f94c3e3cea3446d28a5bd1c84c5271.sol#2724)
	DutchExchange.latestAuctionIndices (../sb/0xdf0b5bbf51f94c3e3cea3446d28a5bd1c84c5271.sol#1577) can be used in cross function reentrancies:
	- DutchExchange.getAuctionIndex(address,address) (../sb/0xdf0b5bbf51f94c3e3cea3446d28a5bd1c84c5271.sol#2448-2451)
	- DutchExchange.latestAuctionIndices (../sb/0xdf0b5bbf51f94c3e3cea3446d28a5bd1c84c5271.sol#1577)
	- DutchExchange.setAuctionIndex(address,address) (../sb/0xdf0b5bbf51f94c3e3cea3446d28a5bd1c84c5271.sol#2722-2725)
	- DutchExchange.setAuctionStart(address,address,uint256) (../sb/0xdf0b5bbf51f94c3e3cea3446d28a5bd1c84c5271.sol#2707-2713)
	- closeTheoreticalClosedAuction(sellToken,buyToken,latestAuctionIndex) (../sb/0xdf0b5bbf51f94c3e3cea3446d28a5bd1c84c5271.sol#1958)
		- sellVolumesCurrent[sellToken][buyToken] = sellVolumeNext (../sb/0xdf0b5bbf51f94c3e3cea3446d28a5bd1c84c5271.sol#2680)
		- sellVolumesCurrent[buyToken][sellToken] = sellVolumeNextOpp (../sb/0xdf0b5bbf51f94c3e3cea3446d28a5bd1c84c5271.sol#2688)
	DutchExchange.sellVolumesCurrent (../sb/0xdf0b5bbf51f94c3e3cea3446d28a5bd1c84c5271.sol#1587) can be used in cross function reentrancies:
	- DutchExchange.addTokenPairSecondPart(address,address,uint256,uint256) (../sb/0xdf0b5bbf51f94c3e3cea3446d28a5bd1c84c5271.sol#2492-2519)
	- DutchExchange.clearAuction(address,address,uint256,uint256) (../sb/0xdf0b5bbf51f94c3e3cea3446d28a5bd1c84c5271.sol#2647-2705)
	- DutchExchange.closeTheoreticalClosedAuction(address,address,uint256) (../sb/0xdf0b5bbf51f94c3e3cea3446d28a5bd1c84c5271.sol#2155-2174)
	- DutchExchange.getCurrentAuctionPrice(address,address,uint256) (../sb/0xdf0b5bbf51f94c3e3cea3446d28a5bd1c84c5271.sol#2393-2432)
	- DutchExchange.getSellVolumesInUSD(address,address) (../sb/0xdf0b5bbf51f94c3e3cea3446d28a5bd1c84c5271.sol#2347-2374)
	- DutchExchange.postBuyOrder(address,address,uint256,uint256) (../sb/0xdf0b5bbf51f94c3e3cea3446d28a5bd1c84c5271.sol#1970-2035)
	- DutchExchange.postSellOrder(address,address,uint256,uint256) (../sb/0xdf0b5bbf51f94c3e3cea3446d28a5bd1c84c5271.sol#1895-1968)
	- DutchExchange.sellVolumesCurrent (../sb/0xdf0b5bbf51f94c3e3cea3446d28a5bd1c84c5271.sol#1587)
	- closeTheoreticalClosedAuction(sellToken,buyToken,latestAuctionIndex) (../sb/0xdf0b5bbf51f94c3e3cea3446d28a5bd1c84c5271.sol#1958)
		- sellVolumesNext[sellToken][buyToken] = 0 (../sb/0xdf0b5bbf51f94c3e3cea3446d28a5bd1c84c5271.sol#2682)
		- sellVolumesNext[buyToken][sellToken] = 0 (../sb/0xdf0b5bbf51f94c3e3cea3446d28a5bd1c84c5271.sol#2690)
	DutchExchange.sellVolumesNext (../sb/0xdf0b5bbf51f94c3e3cea3446d28a5bd1c84c5271.sol#1589) can be used in cross function reentrancies:
	- DutchExchange.clearAuction(address,address,uint256,uint256) (../sb/0xdf0b5bbf51f94c3e3cea3446d28a5bd1c84c5271.sol#2647-2705)
	- DutchExchange.postSellOrder(address,address,uint256,uint256) (../sb/0xdf0b5bbf51f94c3e3cea3446d28a5bd1c84c5271.sol#1895-1968)
	- DutchExchange.sellVolumesNext (../sb/0xdf0b5bbf51f94c3e3cea3446d28a5bd1c84c5271.sol#1589)
Reentrancy in KyberDxMarketMaker.step(address,address) (../sb/0xdf0b5bbf51f94c3e3cea3446d28a5bd1c84c5271.sol#3020-3081):
	External calls:
	- depositAllBalance(sellToken) (../sb/0xdf0b5bbf51f94c3e3cea3446d28a5bd1c84c5271.sol#3039)
		- require(bool,string)(ERC20(token).approve(address(dx),amount),Cannot approve deposit) (../sb/0xdf0b5bbf51f94c3e3cea3446d28a5bd1c84c5271.sol#2942)
		- deposited = dx.deposit(token,amount) (../sb/0xdf0b5bbf51f94c3e3cea3446d28a5bd1c84c5271.sol#2943)
	- depositAllBalance(buyToken) (../sb/0xdf0b5bbf51f94c3e3cea3446d28a5bd1c84c5271.sol#3040)
		- require(bool,string)(ERC20(token).approve(address(dx),amount),Cannot approve deposit) (../sb/0xdf0b5bbf51f94c3e3cea3446d28a5bd1c84c5271.sol#2942)
		- deposited = dx.deposit(token,amount) (../sb/0xdf0b5bbf51f94c3e3cea3446d28a5bd1c84c5271.sol#2943)
	- claimSpecificAuctionFunds(sellToken,buyToken,lastParticipatedAuction[sellToken][buyToken]) (../sb/0xdf0b5bbf51f94c3e3cea3446d28a5bd1c84c5271.sol#3048-3052)
		- (sellerFunds,None) = dx.claimSellerFunds(sellToken,buyToken,address(this),auctionIndex) (../sb/0xdf0b5bbf51f94c3e3cea3446d28a5bd1c84c5271.sol#2988-2993)
		- (buyerFunds,None) = dx.claimBuyerFunds(sellToken,buyToken,address(this),auctionIndex) (../sb/0xdf0b5bbf51f94c3e3cea3446d28a5bd1c84c5271.sol#3003-3008)
	- require(bool)(fundAuctionDirection(sellToken,buyToken)) (../sb/0xdf0b5bbf51f94c3e3cea3446d28a5bd1c84c5271.sol#3053)
		- dx.postSellOrder(sellToken,buyToken,auctionIndex,missingTokensWithFee) (../sb/0xdf0b5bbf51f94c3e3cea3446d28a5bd1c84c5271.sol#3388)
	State variables written after the call(s):
	- require(bool)(fundAuctionDirection(sellToken,buyToken)) (../sb/0xdf0b5bbf51f94c3e3cea3446d28a5bd1c84c5271.sol#3053)
		- lastParticipatedAuction[sellToken][buyToken] = auctionIndex (../sb/0xdf0b5bbf51f94c3e3cea3446d28a5bd1c84c5271.sol#3389)
	KyberDxMarketMaker.lastParticipatedAuction (../sb/0xdf0b5bbf51f94c3e3cea3446d28a5bd1c84c5271.sol#2888) can be used in cross function reentrancies:
	- KyberDxMarketMaker.fundAuctionDirection(address,address) (../sb/0xdf0b5bbf51f94c3e3cea3446d28a5bd1c84c5271.sol#3367-3399)
	- KyberDxMarketMaker.lastParticipatedAuction (../sb/0xdf0b5bbf51f94c3e3cea3446d28a5bd1c84c5271.sol#2888)
	- KyberDxMarketMaker.step(address,address) (../sb/0xdf0b5bbf51f94c3e3cea3446d28a5bd1c84c5271.sol#3020-3081)
Reference: https://github.com/crytic/slither/wiki/Detector-Documentation#reentrancy-vulnerabilities-1

KyberDxMarketMaker.depositAllBalance(address).amount (../sb/0xdf0b5bbf51f94c3e3cea3446d28a5bd1c84c5271.sol#3473) is a local variable never initialized
DutchExchange.postBuyOrder(address,address,uint256,uint256).amountAfterFee (../sb/0xdf0b5bbf51f94c3e3cea3446d28a5bd1c84c5271.sol#2008) is a local variable never initialized
DutchExchange.getPriceInPastAuction(address,address,uint256).closingPriceToken1 (../sb/0xdf0b5bbf51f94c3e3cea3446d28a5bd1c84c5271.sol#2286) is a local variable never initialized
DutchExchange.scheduleNextAuction(address,address).schedule (../sb/0xdf0b5bbf51f94c3e3cea3446d28a5bd1c84c5271.sol#2327) is a local variable never initialized
Reference: https://github.com/crytic/slither/wiki/Detector-Documentation#uninitialized-local-variables

PriceOracleInterface.getUsdEthPricePeek() (../sb/0xdf0b5bbf51f94c3e3cea3446d28a5bd1c84c5271.sol#1454-1456) ignores return value by Medianizer(priceFeedSource).peek() (../sb/0xdf0b5bbf51f94c3e3cea3446d28a5bd1c84c5271.sol#1455)
PriceOracleInterface.getUSDETHPrice() (../sb/0xdf0b5bbf51f94c3e3cea3446d28a5bd1c84c5271.sol#1459-1476) ignores return value by (price,None) = Medianizer(priceFeedSource).peek() (../sb/0xdf0b5bbf51f94c3e3cea3446d28a5bd1c84c5271.sol#1464)
KyberDxMarketMaker.claimSpecificAuctionFunds(address,address,uint256) (../sb/0xdf0b5bbf51f94c3e3cea3446d28a5bd1c84c5271.sol#2972-3010) ignores return value by (sellerFunds,None) = dx.claimSellerFunds(sellToken,buyToken,address(this),auctionIndex) (../sb/0xdf0b5bbf51f94c3e3cea3446d28a5bd1c84c5271.sol#2988-2993)
KyberDxMarketMaker.claimSpecificAuctionFunds(address,address,uint256) (../sb/0xdf0b5bbf51f94c3e3cea3446d28a5bd1c84c5271.sol#2972-3010) ignores return value by (buyerFunds,None) = dx.claimBuyerFunds(sellToken,buyToken,address(this),auctionIndex) (../sb/0xdf0b5bbf51f94c3e3cea3446d28a5bd1c84c5271.sol#3003-3008)
KyberDxMarketMaker.getAuctionState(address,address) (../sb/0xdf0b5bbf51f94c3e3cea3446d28a5bd1c84c5271.sol#3171-3221) ignores return value by (None,closingPriceDen) = dx.closingPrices(sellToken,buyToken,auctionIndex) (../sb/0xdf0b5bbf51f94c3e3cea3446d28a5bd1c84c5271.sol#3215)
KyberDxMarketMaker.getKyberRate(address,address,uint256) (../sb/0xdf0b5bbf51f94c3e3cea3446d28a5bd1c84c5271.sol#3223-3251) ignores return value by (rate,None) = kyberNetworkProxy.getExpectedRate(KYBER_ETH_TOKEN,KYBER_ETH_TOKEN,amount) (../sb/0xdf0b5bbf51f94c3e3cea3446d28a5bd1c84c5271.sol#3244-3248)
KyberDxMarketMaker.getKyberRate(address,address,uint256) (../sb/0xdf0b5bbf51f94c3e3cea3446d28a5bd1c84c5271.sol#3223-3251) ignores return value by (rate,None) = kyberNetworkProxy.getExpectedRate(ERC20(srcToken),ERC20(destToken),amount) (../sb/0xdf0b5bbf51f94c3e3cea3446d28a5bd1c84c5271.sol#3244-3248)
KyberDxMarketMaker.fundAuctionDirection(address,address) (../sb/0xdf0b5bbf51f94c3e3cea3446d28a5bd1c84c5271.sol#3367-3399) ignores return value by dx.postSellOrder(sellToken,buyToken,auctionIndex,missingTokensWithFee) (../sb/0xdf0b5bbf51f94c3e3cea3446d28a5bd1c84c5271.sol#3388)
KyberDxMarketMaker.buyInAuction(address,address) (../sb/0xdf0b5bbf51f94c3e3cea3446d28a5bd1c84c5271.sol#3417-3465) ignores return value by dx.postBuyOrder(sellToken,buyToken,auctionIndex,buyTokenAmount) (../sb/0xdf0b5bbf51f94c3e3cea3446d28a5bd1c84c5271.sol#3456)
Reference: https://github.com/crytic/slither/wiki/Detector-Documentation#unused-return

TokenOWL.setNewOwner(address) (../sb/0xdf0b5bbf51f94c3e3cea3446d28a5bd1c84c5271.sol#813-815) should emit an event for: 
	- creator = newOwner (../sb/0xdf0b5bbf51f94c3e3cea3446d28a5bd1c84c5271.sol#814) 
PriceOracleInterface.updateCurator(address) (../sb/0xdf0b5bbf51f94c3e3cea3446d28a5bd1c84c5271.sol#1449-1451) should emit an event for: 
	- owner = _owner (../sb/0xdf0b5bbf51f94c3e3cea3446d28a5bd1c84c5271.sol#1450) 
AuctioneerManaged.updateAuctioneer(address) (../sb/0xdf0b5bbf51f94c3e3cea3446d28a5bd1c84c5271.sol#881-884) should emit an event for: 
	- auctioneer = _auctioneer (../sb/0xdf0b5bbf51f94c3e3cea3446d28a5bd1c84c5271.sol#883) 
Reference: https://github.com/crytic/slither/wiki/Detector-Documentation#missing-events-access-control

PriceFeed.post(uint128,uint32,address) (../sb/0xdf0b5bbf51f94c3e3cea3446d28a5bd1c84c5271.sol#1281-1286) should emit an event for: 
	- val = val_ (../sb/0xdf0b5bbf51f94c3e3cea3446d28a5bd1c84c5271.sol#1282) 
	- zzz = zzz_ (../sb/0xdf0b5bbf51f94c3e3cea3446d28a5bd1c84c5271.sol#1283) 
Medianizer.setMin(uint96) (../sb/0xdf0b5bbf51f94c3e3cea3446d28a5bd1c84c5271.sol#1348-1351) should emit an event for: 
	- minimun = min_ (../sb/0xdf0b5bbf51f94c3e3cea3446d28a5bd1c84c5271.sol#1350) 
DutchExchange.updateThresholdNewAuction(uint256) (../sb/0xdf0b5bbf51f94c3e3cea3446d28a5bd1c84c5271.sol#1785-1787) should emit an event for: 
	- thresholdNewAuction = _thresholdNewAuction (../sb/0xdf0b5bbf51f94c3e3cea3446d28a5bd1c84c5271.sol#1786) 
Reference: https://github.com/crytic/slither/wiki/Detector-Documentation#missing-events-arithmetic

TokenOWL.setMinter(address).newMinter (../sb/0xdf0b5bbf51f94c3e3cea3446d28a5bd1c84c5271.sol#807) lacks a zero-check on :
		- minter = newMinter (../sb/0xdf0b5bbf51f94c3e3cea3446d28a5bd1c84c5271.sol#808)
TokenOWL.setNewOwner(address).newOwner (../sb/0xdf0b5bbf51f94c3e3cea3446d28a5bd1c84c5271.sol#813) lacks a zero-check on :
		- creator = newOwner (../sb/0xdf0b5bbf51f94c3e3cea3446d28a5bd1c84c5271.sol#814)
DSAuth.setOwner(address).owner_ (../sb/0xdf0b5bbf51f94c3e3cea3446d28a5bd1c84c5271.sol#1187) lacks a zero-check on :
		- owner = owner_ (../sb/0xdf0b5bbf51f94c3e3cea3446d28a5bd1c84c5271.sol#1188)
PriceFeed.post(uint128,uint32,address).med_ (../sb/0xdf0b5bbf51f94c3e3cea3446d28a5bd1c84c5271.sol#1281) lacks a zero-check on :
		- (success,None) = med_.call(abi.encodeWithSignature(poke())) (../sb/0xdf0b5bbf51f94c3e3cea3446d28a5bd1c84c5271.sol#1284)
PriceOracleInterface.constructor(address,address)._owner (../sb/0xdf0b5bbf51f94c3e3cea3446d28a5bd1c84c5271.sol#1436) lacks a zero-check on :
		- owner = _owner (../sb/0xdf0b5bbf51f94c3e3cea3446d28a5bd1c84c5271.sol#1437)
PriceOracleInterface.constructor(address,address)._priceFeedSource (../sb/0xdf0b5bbf51f94c3e3cea3446d28a5bd1c84c5271.sol#1436) lacks a zero-check on :
		- priceFeedSource = _priceFeedSource (../sb/0xdf0b5bbf51f94c3e3cea3446d28a5bd1c84c5271.sol#1438)
PriceOracleInterface.updateCurator(address)._owner (../sb/0xdf0b5bbf51f94c3e3cea3446d28a5bd1c84c5271.sol#1449) lacks a zero-check on :
		- owner = _owner (../sb/0xdf0b5bbf51f94c3e3cea3446d28a5bd1c84c5271.sol#1450)
Withdrawable.withdrawEther(uint256,address).sendTo (../sb/0xdf0b5bbf51f94c3e3cea3446d28a5bd1c84c5271.sol#197) lacks a zero-check on :
		- sendTo.transfer(amount) (../sb/0xdf0b5bbf51f94c3e3cea3446d28a5bd1c84c5271.sol#202)
KyberDxMarketMaker.executeTransaction(address,uint256,bytes).destination (../sb/0xdf0b5bbf51f94c3e3cea3446d28a5bd1c84c5271.sol#3333) lacks a zero-check on :
		- (success,result) = destination.call.value(value)(data) (../sb/0xdf0b5bbf51f94c3e3cea3446d28a5bd1c84c5271.sol#3340)
Reference: https://github.com/crytic/slither/wiki/Detector-Documentation#missing-zero-address-validation

Medianizer.compute() (../sb/0xdf0b5bbf51f94c3e3cea3446d28a5bd1c84c5271.sol#1374-1411) has external calls inside a loop: (wut,wuz) = DSValue(values[bytes12(i)]).peek() (../sb/0xdf0b5bbf51f94c3e3cea3446d28a5bd1c84c5271.sol#1379)
	Calls stack containing the loop:
		Medianizer.poke()
		Medianizer.poke(bytes32)
Medianizer.compute() (../sb/0xdf0b5bbf51f94c3e3cea3446d28a5bd1c84c5271.sol#1374-1411) has external calls inside a loop: (wut,wuz) = DSValue(values[bytes12(i)]).peek() (../sb/0xdf0b5bbf51f94c3e3cea3446d28a5bd1c84c5271.sol#1379)
	Calls stack containing the loop:
		Medianizer.poke(bytes32)
Medianizer.compute() (../sb/0xdf0b5bbf51f94c3e3cea3446d28a5bd1c84c5271.sol#1374-1411) has external calls inside a loop: (wut,wuz) = DSValue(values[bytes12(i)]).peek() (../sb/0xdf0b5bbf51f94c3e3cea3446d28a5bd1c84c5271.sol#1379)
DutchExchange.getFeeRatio(address) (../sb/0xdf0b5bbf51f94c3e3cea3446d28a5bd1c84c5271.sol#2205-2254) has external calls inside a loop: totalSupply = frtToken.totalSupply() (../sb/0xdf0b5bbf51f94c3e3cea3446d28a5bd1c84c5271.sol#2214)
	Calls stack containing the loop:
		DutchExchange.claimTokensFromSeveralAuctionsAsSeller(address[],address[],uint256[],address)
		DutchExchange.claimSellerFunds(address,address,address,uint256)
		DutchExchange.closeTheoreticalClosedAuction(address,address,uint256)
		DutchExchange.postBuyOrder(address,address,uint256,uint256)
		DutchExchange.settleFee(address,address,uint256,uint256)
DutchExchange.getFeeRatio(address) (../sb/0xdf0b5bbf51f94c3e3cea3446d28a5bd1c84c5271.sol#2205-2254) has external calls inside a loop: lockedFrt = frtToken.lockedTokenBalances(user) (../sb/0xdf0b5bbf51f94c3e3cea3446d28a5bd1c84c5271.sol#2215)
	Calls stack containing the loop:
		DutchExchange.claimTokensFromSeveralAuctionsAsSeller(address[],address[],uint256[],address)
		DutchExchange.claimSellerFunds(address,address,address,uint256)
		DutchExchange.closeTheoreticalClosedAuction(address,address,uint256)
		DutchExchange.postBuyOrder(address,address,uint256,uint256)
		DutchExchange.settleFee(address,address,uint256,uint256)
DutchExchange.settleFeeSecondPart(address,uint256) (../sb/0xdf0b5bbf51f94c3e3cea3446d28a5bd1c84c5271.sol#2614-2640) has external calls inside a loop: ethUSDPrice = ethUSDOracle.getUSDETHPrice() (../sb/0xdf0b5bbf51f94c3e3cea3446d28a5bd1c84c5271.sol#2624)
	Calls stack containing the loop:
		DutchExchange.claimTokensFromSeveralAuctionsAsSeller(address[],address[],uint256[],address)
		DutchExchange.claimSellerFunds(address,address,address,uint256)
		DutchExchange.closeTheoreticalClosedAuction(address,address,uint256)
		DutchExchange.postBuyOrder(address,address,uint256,uint256)
		DutchExchange.settleFee(address,address,uint256,uint256)
DutchExchange.settleFeeSecondPart(address,uint256) (../sb/0xdf0b5bbf51f94c3e3cea3446d28a5bd1c84c5271.sol#2614-2640) has external calls inside a loop: amountOfowlTokenBurned = min(owlToken.allowance(msg.sender,address(this)),feeInUSD / 2) (../sb/0xdf0b5bbf51f94c3e3cea3446d28a5bd1c84c5271.sol#2628)
	Calls stack containing the loop:
		DutchExchange.claimTokensFromSeveralAuctionsAsSeller(address[],address[],uint256[],address)
		DutchExchange.claimSellerFunds(address,address,address,uint256)
		DutchExchange.closeTheoreticalClosedAuction(address,address,uint256)
		DutchExchange.postBuyOrder(address,address,uint256,uint256)
		DutchExchange.settleFee(address,address,uint256,uint256)
DutchExchange.settleFeeSecondPart(address,uint256) (../sb/0xdf0b5bbf51f94c3e3cea3446d28a5bd1c84c5271.sol#2614-2640) has external calls inside a loop: amountOfowlTokenBurned = min(owlToken.balanceOf(msg.sender),amountOfowlTokenBurned) (../sb/0xdf0b5bbf51f94c3e3cea3446d28a5bd1c84c5271.sol#2629)
	Calls stack containing the loop:
		DutchExchange.claimTokensFromSeveralAuctionsAsSeller(address[],address[],uint256[],address)
		DutchExchange.claimSellerFunds(address,address,address,uint256)
		DutchExchange.closeTheoreticalClosedAuction(address,address,uint256)
		DutchExchange.postBuyOrder(address,address,uint256,uint256)
		DutchExchange.settleFee(address,address,uint256,uint256)
DutchExchange.settleFeeSecondPart(address,uint256) (../sb/0xdf0b5bbf51f94c3e3cea3446d28a5bd1c84c5271.sol#2614-2640) has external calls inside a loop: owlToken.burnOWL(msg.sender,amountOfowlTokenBurned) (../sb/0xdf0b5bbf51f94c3e3cea3446d28a5bd1c84c5271.sol#2632)
	Calls stack containing the loop:
		DutchExchange.claimTokensFromSeveralAuctionsAsSeller(address[],address[],uint256[],address)
		DutchExchange.claimSellerFunds(address,address,address,uint256)
		DutchExchange.closeTheoreticalClosedAuction(address,address,uint256)
		DutchExchange.postBuyOrder(address,address,uint256,uint256)
		DutchExchange.settleFee(address,address,uint256,uint256)
DutchExchange.getSellVolumesInUSD(address,address) (../sb/0xdf0b5bbf51f94c3e3cea3446d28a5bd1c84c5271.sol#2347-2374) has external calls inside a loop: ethUSDPrice = ethUSDOracle.getUSDETHPrice() (../sb/0xdf0b5bbf51f94c3e3cea3446d28a5bd1c84c5271.sol#2356)
	Calls stack containing the loop:
		DutchExchange.claimTokensFromSeveralAuctionsAsSeller(address[],address[],uint256[],address)
		DutchExchange.claimSellerFunds(address,address,address,uint256)
		DutchExchange.closeTheoreticalClosedAuction(address,address,uint256)
		DutchExchange.postBuyOrder(address,address,uint256,uint256)
		DutchExchange.clearAuction(address,address,uint256,uint256)
		DutchExchange.scheduleNextAuction(address,address)
DutchExchange.issueFrts(address,address,uint256,uint256,uint256,address) (../sb/0xdf0b5bbf51f94c3e3cea3446d28a5bd1c84c5271.sol#2554-2587) has external calls inside a loop: frtToken.mintTokens(user,frtsIssued) (../sb/0xdf0b5bbf51f94c3e3cea3446d28a5bd1c84c5271.sol#2584)
	Calls stack containing the loop:
		DutchExchange.claimTokensFromSeveralAuctionsAsSeller(address[],address[],uint256[],address)
		DutchExchange.claimSellerFunds(address,address,address,uint256)
DutchExchange.getFeeRatio(address) (../sb/0xdf0b5bbf51f94c3e3cea3446d28a5bd1c84c5271.sol#2205-2254) has external calls inside a loop: totalSupply = frtToken.totalSupply() (../sb/0xdf0b5bbf51f94c3e3cea3446d28a5bd1c84c5271.sol#2214)
	Calls stack containing the loop:
		DutchExchange.claimTokensFromSeveralAuctionsAsBuyer(address[],address[],uint256[],address)
		DutchExchange.claimBuyerFunds(address,address,address,uint256)
		DutchExchange.closeTheoreticalClosedAuction(address,address,uint256)
		DutchExchange.postBuyOrder(address,address,uint256,uint256)
		DutchExchange.settleFee(address,address,uint256,uint256)
DutchExchange.getFeeRatio(address) (../sb/0xdf0b5bbf51f94c3e3cea3446d28a5bd1c84c5271.sol#2205-2254) has external calls inside a loop: lockedFrt = frtToken.lockedTokenBalances(user) (../sb/0xdf0b5bbf51f94c3e3cea3446d28a5bd1c84c5271.sol#2215)
	Calls stack containing the loop:
		DutchExchange.claimTokensFromSeveralAuctionsAsBuyer(address[],address[],uint256[],address)
		DutchExchange.claimBuyerFunds(address,address,address,uint256)
		DutchExchange.closeTheoreticalClosedAuction(address,address,uint256)
		DutchExchange.postBuyOrder(address,address,uint256,uint256)
		DutchExchange.settleFee(address,address,uint256,uint256)
DutchExchange.settleFeeSecondPart(address,uint256) (../sb/0xdf0b5bbf51f94c3e3cea3446d28a5bd1c84c5271.sol#2614-2640) has external calls inside a loop: ethUSDPrice = ethUSDOracle.getUSDETHPrice() (../sb/0xdf0b5bbf51f94c3e3cea3446d28a5bd1c84c5271.sol#2624)
	Calls stack containing the loop:
		DutchExchange.claimTokensFromSeveralAuctionsAsBuyer(address[],address[],uint256[],address)
		DutchExchange.claimBuyerFunds(address,address,address,uint256)
		DutchExchange.closeTheoreticalClosedAuction(address,address,uint256)
		DutchExchange.postBuyOrder(address,address,uint256,uint256)
		DutchExchange.settleFee(address,address,uint256,uint256)
DutchExchange.settleFeeSecondPart(address,uint256) (../sb/0xdf0b5bbf51f94c3e3cea3446d28a5bd1c84c5271.sol#2614-2640) has external calls inside a loop: amountOfowlTokenBurned = min(owlToken.allowance(msg.sender,address(this)),feeInUSD / 2) (../sb/0xdf0b5bbf51f94c3e3cea3446d28a5bd1c84c5271.sol#2628)
	Calls stack containing the loop:
		DutchExchange.claimTokensFromSeveralAuctionsAsBuyer(address[],address[],uint256[],address)
		DutchExchange.claimBuyerFunds(address,address,address,uint256)
		DutchExchange.closeTheoreticalClosedAuction(address,address,uint256)
		DutchExchange.postBuyOrder(address,address,uint256,uint256)
		DutchExchange.settleFee(address,address,uint256,uint256)
DutchExchange.settleFeeSecondPart(address,uint256) (../sb/0xdf0b5bbf51f94c3e3cea3446d28a5bd1c84c5271.sol#2614-2640) has external calls inside a loop: amountOfowlTokenBurned = min(owlToken.balanceOf(msg.sender),amountOfowlTokenBurned) (../sb/0xdf0b5bbf51f94c3e3cea3446d28a5bd1c84c5271.sol#2629)
	Calls stack containing the loop:
		DutchExchange.claimTokensFromSeveralAuctionsAsBuyer(address[],address[],uint256[],address)
		DutchExchange.claimBuyerFunds(address,address,address,uint256)
		DutchExchange.closeTheoreticalClosedAuction(address,address,uint256)
		DutchExchange.postBuyOrder(address,address,uint256,uint256)
		DutchExchange.settleFee(address,address,uint256,uint256)
DutchExchange.settleFeeSecondPart(address,uint256) (../sb/0xdf0b5bbf51f94c3e3cea3446d28a5bd1c84c5271.sol#2614-2640) has external calls inside a loop: owlToken.burnOWL(msg.sender,amountOfowlTokenBurned) (../sb/0xdf0b5bbf51f94c3e3cea3446d28a5bd1c84c5271.sol#2632)
	Calls stack containing the loop:
		DutchExchange.claimTokensFromSeveralAuctionsAsBuyer(address[],address[],uint256[],address)
		DutchExchange.claimBuyerFunds(address,address,address,uint256)
		DutchExchange.closeTheoreticalClosedAuction(address,address,uint256)
		DutchExchange.postBuyOrder(address,address,uint256,uint256)
		DutchExchange.settleFee(address,address,uint256,uint256)
DutchExchange.getSellVolumesInUSD(address,address) (../sb/0xdf0b5bbf51f94c3e3cea3446d28a5bd1c84c5271.sol#2347-2374) has external calls inside a loop: ethUSDPrice = ethUSDOracle.getUSDETHPrice() (../sb/0xdf0b5bbf51f94c3e3cea3446d28a5bd1c84c5271.sol#2356)
	Calls stack containing the loop:
		DutchExchange.claimTokensFromSeveralAuctionsAsBuyer(address[],address[],uint256[],address)
		DutchExchange.claimBuyerFunds(address,address,address,uint256)
		DutchExchange.closeTheoreticalClosedAuction(address,address,uint256)
		DutchExchange.postBuyOrder(address,address,uint256,uint256)
		DutchExchange.clearAuction(address,address,uint256,uint256)
		DutchExchange.scheduleNextAuction(address,address)
DutchExchange.issueFrts(address,address,uint256,uint256,uint256,address) (../sb/0xdf0b5bbf51f94c3e3cea3446d28a5bd1c84c5271.sol#2554-2587) has external calls inside a loop: frtToken.mintTokens(user,frtsIssued) (../sb/0xdf0b5bbf51f94c3e3cea3446d28a5bd1c84c5271.sol#2584)
	Calls stack containing the loop:
		DutchExchange.claimTokensFromSeveralAuctionsAsBuyer(address[],address[],uint256[],address)
		DutchExchange.claimBuyerFunds(address,address,address,uint256)
DutchExchange.getFeeRatio(address) (../sb/0xdf0b5bbf51f94c3e3cea3446d28a5bd1c84c5271.sol#2205-2254) has external calls inside a loop: totalSupply = frtToken.totalSupply() (../sb/0xdf0b5bbf51f94c3e3cea3446d28a5bd1c84c5271.sol#2214)
	Calls stack containing the loop:
		DutchExchange.claimAndWithdrawTokensFromSeveralAuctionsAsSeller(address[],address[],uint256[])
		DutchExchange.claimSellerFunds(address,address,address,uint256)
		DutchExchange.closeTheoreticalClosedAuction(address,address,uint256)
		DutchExchange.postBuyOrder(address,address,uint256,uint256)
		DutchExchange.settleFee(address,address,uint256,uint256)
DutchExchange.getFeeRatio(address) (../sb/0xdf0b5bbf51f94c3e3cea3446d28a5bd1c84c5271.sol#2205-2254) has external calls inside a loop: lockedFrt = frtToken.lockedTokenBalances(user) (../sb/0xdf0b5bbf51f94c3e3cea3446d28a5bd1c84c5271.sol#2215)
	Calls stack containing the loop:
		DutchExchange.claimAndWithdrawTokensFromSeveralAuctionsAsSeller(address[],address[],uint256[])
		DutchExchange.claimSellerFunds(address,address,address,uint256)
		DutchExchange.closeTheoreticalClosedAuction(address,address,uint256)
		DutchExchange.postBuyOrder(address,address,uint256,uint256)
		DutchExchange.settleFee(address,address,uint256,uint256)
DutchExchange.settleFeeSecondPart(address,uint256) (../sb/0xdf0b5bbf51f94c3e3cea3446d28a5bd1c84c5271.sol#2614-2640) has external calls inside a loop: ethUSDPrice = ethUSDOracle.getUSDETHPrice() (../sb/0xdf0b5bbf51f94c3e3cea3446d28a5bd1c84c5271.sol#2624)
	Calls stack containing the loop:
		DutchExchange.claimAndWithdrawTokensFromSeveralAuctionsAsSeller(address[],address[],uint256[])
		DutchExchange.claimSellerFunds(address,address,address,uint256)
		DutchExchange.closeTheoreticalClosedAuction(address,address,uint256)
		DutchExchange.postBuyOrder(address,address,uint256,uint256)
		DutchExchange.settleFee(address,address,uint256,uint256)
DutchExchange.settleFeeSecondPart(address,uint256) (../sb/0xdf0b5bbf51f94c3e3cea3446d28a5bd1c84c5271.sol#2614-2640) has external calls inside a loop: amountOfowlTokenBurned = min(owlToken.allowance(msg.sender,address(this)),feeInUSD / 2) (../sb/0xdf0b5bbf51f94c3e3cea3446d28a5bd1c84c5271.sol#2628)
	Calls stack containing the loop:
		DutchExchange.claimAndWithdrawTokensFromSeveralAuctionsAsSeller(address[],address[],uint256[])
		DutchExchange.claimSellerFunds(address,address,address,uint256)
		DutchExchange.closeTheoreticalClosedAuction(address,address,uint256)
		DutchExchange.postBuyOrder(address,address,uint256,uint256)
		DutchExchange.settleFee(address,address,uint256,uint256)
DutchExchange.settleFeeSecondPart(address,uint256) (../sb/0xdf0b5bbf51f94c3e3cea3446d28a5bd1c84c5271.sol#2614-2640) has external calls inside a loop: amountOfowlTokenBurned = min(owlToken.balanceOf(msg.sender),amountOfowlTokenBurned) (../sb/0xdf0b5bbf51f94c3e3cea3446d28a5bd1c84c5271.sol#2629)
	Calls stack containing the loop:
		DutchExchange.claimAndWithdrawTokensFromSeveralAuctionsAsSeller(address[],address[],uint256[])
		DutchExchange.claimSellerFunds(address,address,address,uint256)
		DutchExchange.closeTheoreticalClosedAuction(address,address,uint256)
		DutchExchange.postBuyOrder(address,address,uint256,uint256)
		DutchExchange.settleFee(address,address,uint256,uint256)
DutchExchange.settleFeeSecondPart(address,uint256) (../sb/0xdf0b5bbf51f94c3e3cea3446d28a5bd1c84c5271.sol#2614-2640) has external calls inside a loop: owlToken.burnOWL(msg.sender,amountOfowlTokenBurned) (../sb/0xdf0b5bbf51f94c3e3cea3446d28a5bd1c84c5271.sol#2632)
	Calls stack containing the loop:
		DutchExchange.claimAndWithdrawTokensFromSeveralAuctionsAsSeller(address[],address[],uint256[])
		DutchExchange.claimSellerFunds(address,address,address,uint256)
		DutchExchange.closeTheoreticalClosedAuction(address,address,uint256)
		DutchExchange.postBuyOrder(address,address,uint256,uint256)
		DutchExchange.settleFee(address,address,uint256,uint256)
DutchExchange.getSellVolumesInUSD(address,address) (../sb/0xdf0b5bbf51f94c3e3cea3446d28a5bd1c84c5271.sol#2347-2374) has external calls inside a loop: ethUSDPrice = ethUSDOracle.getUSDETHPrice() (../sb/0xdf0b5bbf51f94c3e3cea3446d28a5bd1c84c5271.sol#2356)
	Calls stack containing the loop:
		DutchExchange.claimAndWithdrawTokensFromSeveralAuctionsAsSeller(address[],address[],uint256[])
		DutchExchange.claimSellerFunds(address,address,address,uint256)
		DutchExchange.closeTheoreticalClosedAuction(address,address,uint256)
		DutchExchange.postBuyOrder(address,address,uint256,uint256)
		DutchExchange.clearAuction(address,address,uint256,uint256)
		DutchExchange.scheduleNextAuction(address,address)
DutchExchange.issueFrts(address,address,uint256,uint256,uint256,address) (../sb/0xdf0b5bbf51f94c3e3cea3446d28a5bd1c84c5271.sol#2554-2587) has external calls inside a loop: frtToken.mintTokens(user,frtsIssued) (../sb/0xdf0b5bbf51f94c3e3cea3446d28a5bd1c84c5271.sol#2584)
	Calls stack containing the loop:
		DutchExchange.claimAndWithdrawTokensFromSeveralAuctionsAsSeller(address[],address[],uint256[])
		DutchExchange.claimSellerFunds(address,address,address,uint256)
SafeTransfer.safeTransfer(address,address,uint256,bool) (../sb/0xdf0b5bbf51f94c3e3cea3446d28a5bd1c84c5271.sol#847-872) has external calls inside a loop: BadToken(token).transferFrom(msg.sender,address(this),value) (../sb/0xdf0b5bbf51f94c3e3cea3446d28a5bd1c84c5271.sol#849)
	Calls stack containing the loop:
		DutchExchange.claimAndWithdrawTokensFromSeveralAuctionsAsSeller(address[],address[],uint256[])
		DutchExchange.withdraw(address,uint256)
SafeTransfer.safeTransfer(address,address,uint256,bool) (../sb/0xdf0b5bbf51f94c3e3cea3446d28a5bd1c84c5271.sol#847-872) has external calls inside a loop: BadToken(token).transfer(to,value) (../sb/0xdf0b5bbf51f94c3e3cea3446d28a5bd1c84c5271.sol#851)
	Calls stack containing the loop:
		DutchExchange.claimAndWithdrawTokensFromSeveralAuctionsAsSeller(address[],address[],uint256[])
		DutchExchange.withdraw(address,uint256)
DutchExchange.getFeeRatio(address) (../sb/0xdf0b5bbf51f94c3e3cea3446d28a5bd1c84c5271.sol#2205-2254) has external calls inside a loop: totalSupply = frtToken.totalSupply() (../sb/0xdf0b5bbf51f94c3e3cea3446d28a5bd1c84c5271.sol#2214)
	Calls stack containing the loop:
		DutchExchange.claimAndWithdrawTokensFromSeveralAuctionsAsBuyer(address[],address[],uint256[])
		DutchExchange.claimBuyerFunds(address,address,address,uint256)
		DutchExchange.closeTheoreticalClosedAuction(address,address,uint256)
		DutchExchange.postBuyOrder(address,address,uint256,uint256)
		DutchExchange.settleFee(address,address,uint256,uint256)
DutchExchange.getFeeRatio(address) (../sb/0xdf0b5bbf51f94c3e3cea3446d28a5bd1c84c5271.sol#2205-2254) has external calls inside a loop: lockedFrt = frtToken.lockedTokenBalances(user) (../sb/0xdf0b5bbf51f94c3e3cea3446d28a5bd1c84c5271.sol#2215)
	Calls stack containing the loop:
		DutchExchange.claimAndWithdrawTokensFromSeveralAuctionsAsBuyer(address[],address[],uint256[])
		DutchExchange.claimBuyerFunds(address,address,address,uint256)
		DutchExchange.closeTheoreticalClosedAuction(address,address,uint256)
		DutchExchange.postBuyOrder(address,address,uint256,uint256)
		DutchExchange.settleFee(address,address,uint256,uint256)
DutchExchange.settleFeeSecondPart(address,uint256) (../sb/0xdf0b5bbf51f94c3e3cea3446d28a5bd1c84c5271.sol#2614-2640) has external calls inside a loop: ethUSDPrice = ethUSDOracle.getUSDETHPrice() (../sb/0xdf0b5bbf51f94c3e3cea3446d28a5bd1c84c5271.sol#2624)
	Calls stack containing the loop:
		DutchExchange.claimAndWithdrawTokensFromSeveralAuctionsAsBuyer(address[],address[],uint256[])
		DutchExchange.claimBuyerFunds(address,address,address,uint256)
		DutchExchange.closeTheoreticalClosedAuction(address,address,uint256)
		DutchExchange.postBuyOrder(address,address,uint256,uint256)
		DutchExchange.settleFee(address,address,uint256,uint256)
DutchExchange.settleFeeSecondPart(address,uint256) (../sb/0xdf0b5bbf51f94c3e3cea3446d28a5bd1c84c5271.sol#2614-2640) has external calls inside a loop: amountOfowlTokenBurned = min(owlToken.allowance(msg.sender,address(this)),feeInUSD / 2) (../sb/0xdf0b5bbf51f94c3e3cea3446d28a5bd1c84c5271.sol#2628)
	Calls stack containing the loop:
		DutchExchange.claimAndWithdrawTokensFromSeveralAuctionsAsBuyer(address[],address[],uint256[])
		DutchExchange.claimBuyerFunds(address,address,address,uint256)
		DutchExchange.closeTheoreticalClosedAuction(address,address,uint256)
		DutchExchange.postBuyOrder(address,address,uint256,uint256)
		DutchExchange.settleFee(address,address,uint256,uint256)
DutchExchange.settleFeeSecondPart(address,uint256) (../sb/0xdf0b5bbf51f94c3e3cea3446d28a5bd1c84c5271.sol#2614-2640) has external calls inside a loop: amountOfowlTokenBurned = min(owlToken.balanceOf(msg.sender),amountOfowlTokenBurned) (../sb/0xdf0b5bbf51f94c3e3cea3446d28a5bd1c84c5271.sol#2629)
	Calls stack containing the loop:
		DutchExchange.claimAndWithdrawTokensFromSeveralAuctionsAsBuyer(address[],address[],uint256[])
		DutchExchange.claimBuyerFunds(address,address,address,uint256)
		DutchExchange.closeTheoreticalClosedAuction(address,address,uint256)
		DutchExchange.postBuyOrder(address,address,uint256,uint256)
		DutchExchange.settleFee(address,address,uint256,uint256)
DutchExchange.settleFeeSecondPart(address,uint256) (../sb/0xdf0b5bbf51f94c3e3cea3446d28a5bd1c84c5271.sol#2614-2640) has external calls inside a loop: owlToken.burnOWL(msg.sender,amountOfowlTokenBurned) (../sb/0xdf0b5bbf51f94c3e3cea3446d28a5bd1c84c5271.sol#2632)
	Calls stack containing the loop:
		DutchExchange.claimAndWithdrawTokensFromSeveralAuctionsAsBuyer(address[],address[],uint256[])
		DutchExchange.claimBuyerFunds(address,address,address,uint256)
		DutchExchange.closeTheoreticalClosedAuction(address,address,uint256)
		DutchExchange.postBuyOrder(address,address,uint256,uint256)
		DutchExchange.settleFee(address,address,uint256,uint256)
DutchExchange.getSellVolumesInUSD(address,address) (../sb/0xdf0b5bbf51f94c3e3cea3446d28a5bd1c84c5271.sol#2347-2374) has external calls inside a loop: ethUSDPrice = ethUSDOracle.getUSDETHPrice() (../sb/0xdf0b5bbf51f94c3e3cea3446d28a5bd1c84c5271.sol#2356)
	Calls stack containing the loop:
		DutchExchange.claimAndWithdrawTokensFromSeveralAuctionsAsBuyer(address[],address[],uint256[])
		DutchExchange.claimBuyerFunds(address,address,address,uint256)
		DutchExchange.closeTheoreticalClosedAuction(address,address,uint256)
		DutchExchange.postBuyOrder(address,address,uint256,uint256)
		DutchExchange.clearAuction(address,address,uint256,uint256)
		DutchExchange.scheduleNextAuction(address,address)
DutchExchange.issueFrts(address,address,uint256,uint256,uint256,address) (../sb/0xdf0b5bbf51f94c3e3cea3446d28a5bd1c84c5271.sol#2554-2587) has external calls inside a loop: frtToken.mintTokens(user,frtsIssued) (../sb/0xdf0b5bbf51f94c3e3cea3446d28a5bd1c84c5271.sol#2584)
	Calls stack containing the loop:
		DutchExchange.claimAndWithdrawTokensFromSeveralAuctionsAsBuyer(address[],address[],uint256[])
		DutchExchange.claimBuyerFunds(address,address,address,uint256)
SafeTransfer.safeTransfer(address,address,uint256,bool) (../sb/0xdf0b5bbf51f94c3e3cea3446d28a5bd1c84c5271.sol#847-872) has external calls inside a loop: BadToken(token).transferFrom(msg.sender,address(this),value) (../sb/0xdf0b5bbf51f94c3e3cea3446d28a5bd1c84c5271.sol#849)
	Calls stack containing the loop:
		DutchExchange.claimAndWithdrawTokensFromSeveralAuctionsAsBuyer(address[],address[],uint256[])
		DutchExchange.withdraw(address,uint256)
SafeTransfer.safeTransfer(address,address,uint256,bool) (../sb/0xdf0b5bbf51f94c3e3cea3446d28a5bd1c84c5271.sol#847-872) has external calls inside a loop: BadToken(token).transfer(to,value) (../sb/0xdf0b5bbf51f94c3e3cea3446d28a5bd1c84c5271.sol#851)
	Calls stack containing the loop:
		DutchExchange.claimAndWithdrawTokensFromSeveralAuctionsAsBuyer(address[],address[],uint256[])
		DutchExchange.withdraw(address,uint256)
Reference: https://github.com/crytic/slither/wiki/Detector-Documentation/#calls-inside-a-loop

Reentrancy in DutchExchange.addTokenPairSecondPart(address,address,uint256,uint256) (../sb/0xdf0b5bbf51f94c3e3cea3446d28a5bd1c84c5271.sol#2492-2519):
	External calls:
	- token1FundingAfterFee = settleFee(token1,token2,1,token1Funding) (../sb/0xdf0b5bbf51f94c3e3cea3446d28a5bd1c84c5271.sol#2504)
		- owlToken.burnOWL(msg.sender,amountOfowlTokenBurned) (../sb/0xdf0b5bbf51f94c3e3cea3446d28a5bd1c84c5271.sol#2632)
	- token2FundingAfterFee = settleFee(token2,token1,1,token2Funding) (../sb/0xdf0b5bbf51f94c3e3cea3446d28a5bd1c84c5271.sol#2505)
		- owlToken.burnOWL(msg.sender,amountOfowlTokenBurned) (../sb/0xdf0b5bbf51f94c3e3cea3446d28a5bd1c84c5271.sol#2632)
	State variables written after the call(s):
	- setAuctionStart(token1,token2,WAITING_PERIOD_NEW_TOKEN_PAIR) (../sb/0xdf0b5bbf51f94c3e3cea3446d28a5bd1c84c5271.sol#2517)
		- auctionStarts[token1][token2] = auctionStart (../sb/0xdf0b5bbf51f94c3e3cea3446d28a5bd1c84c5271.sol#2711)
	- clearingTimes[tokenA][tokenB][0] = now (../sb/0xdf0b5bbf51f94c3e3cea3446d28a5bd1c84c5271.sol#2515)
	- sellVolumesCurrent[token1][token2] = token1FundingAfterFee (../sb/0xdf0b5bbf51f94c3e3cea3446d28a5bd1c84c5271.sol#2508)
	- sellVolumesCurrent[token2][token1] = token2FundingAfterFee (../sb/0xdf0b5bbf51f94c3e3cea3446d28a5bd1c84c5271.sol#2509)
	- sellerBalances[token1][token2][1][msg.sender] = token1FundingAfterFee (../sb/0xdf0b5bbf51f94c3e3cea3446d28a5bd1c84c5271.sol#2510)
	- sellerBalances[token2][token1][1][msg.sender] = token2FundingAfterFee (../sb/0xdf0b5bbf51f94c3e3cea3446d28a5bd1c84c5271.sol#2511)
Reentrancy in DutchExchange.claimBuyerFunds(address,address,address,uint256) (../sb/0xdf0b5bbf51f94c3e3cea3446d28a5bd1c84c5271.sol#2087-2149):
	External calls:
	- closeTheoreticalClosedAuction(sellToken,buyToken,auctionIndex) (../sb/0xdf0b5bbf51f94c3e3cea3446d28a5bd1c84c5271.sol#2091)
		- owlToken.burnOWL(msg.sender,amountOfowlTokenBurned) (../sb/0xdf0b5bbf51f94c3e3cea3446d28a5bd1c84c5271.sol#2632)
	State variables written after the call(s):
	- claimedAmounts[sellToken][buyToken][auctionIndex][user] = add(claimedAmounts[sellToken][buyToken][auctionIndex][user],returned) (../sb/0xdf0b5bbf51f94c3e3cea3446d28a5bd1c84c5271.sol#2099-2102)
Reentrancy in DutchExchange.deposit(address,uint256) (../sb/0xdf0b5bbf51f94c3e3cea3446d28a5bd1c84c5271.sol#1865-1876):
	External calls:
	- require(bool,string)(safeTransfer(tokenAddress,msg.sender,amount,true),The deposit transaction must succeed) (../sb/0xdf0b5bbf51f94c3e3cea3446d28a5bd1c84c5271.sol#1867)
		- BadToken(token).transferFrom(msg.sender,address(this),value) (../sb/0xdf0b5bbf51f94c3e3cea3446d28a5bd1c84c5271.sol#849)
		- BadToken(token).transfer(to,value) (../sb/0xdf0b5bbf51f94c3e3cea3446d28a5bd1c84c5271.sol#851)
	State variables written after the call(s):
	- balances[tokenAddress][msg.sender] = newBal (../sb/0xdf0b5bbf51f94c3e3cea3446d28a5bd1c84c5271.sol#1871)
Reentrancy in KyberDxMarketMaker.fundAuctionDirection(address,address) (../sb/0xdf0b5bbf51f94c3e3cea3446d28a5bd1c84c5271.sol#3367-3399):
	External calls:
	- dx.postSellOrder(sellToken,buyToken,auctionIndex,missingTokensWithFee) (../sb/0xdf0b5bbf51f94c3e3cea3446d28a5bd1c84c5271.sol#3388)
	State variables written after the call(s):
	- lastParticipatedAuction[sellToken][buyToken] = auctionIndex (../sb/0xdf0b5bbf51f94c3e3cea3446d28a5bd1c84c5271.sol#3389)
Reentrancy in DutchExchange.postBuyOrder(address,address,uint256,uint256) (../sb/0xdf0b5bbf51f94c3e3cea3446d28a5bd1c84c5271.sol#1970-2035):
	External calls:
	- amountAfterFee = settleFee(buyToken,sellToken,auctionIndex,amount) (../sb/0xdf0b5bbf51f94c3e3cea3446d28a5bd1c84c5271.sol#2011)
		- owlToken.burnOWL(msg.sender,amountOfowlTokenBurned) (../sb/0xdf0b5bbf51f94c3e3cea3446d28a5bd1c84c5271.sol#2632)
	State variables written after the call(s):
	- buyerBalances[sellToken][buyToken][auctionIndex][msg.sender] = newBuyerBal (../sb/0xdf0b5bbf51f94c3e3cea3446d28a5bd1c84c5271.sol#2023)
	- clearAuction(sellToken,buyToken,auctionIndex,sellVolume) (../sb/0xdf0b5bbf51f94c3e3cea3446d28a5bd1c84c5271.sol#2031)
		- clearingTimes[token1][token2][auctionIndex] = clearingTime (../sb/0xdf0b5bbf51f94c3e3cea3446d28a5bd1c84c5271.sol#2538)
	- clearAuction(sellToken,buyToken,auctionIndex,sellVolume) (../sb/0xdf0b5bbf51f94c3e3cea3446d28a5bd1c84c5271.sol#2031)
		- sellVolumesNext[sellToken][buyToken] = 0 (../sb/0xdf0b5bbf51f94c3e3cea3446d28a5bd1c84c5271.sol#2682)
		- sellVolumesNext[buyToken][sellToken] = 0 (../sb/0xdf0b5bbf51f94c3e3cea3446d28a5bd1c84c5271.sol#2690)
Reentrancy in DutchExchange.postSellOrder(address,address,uint256,uint256) (../sb/0xdf0b5bbf51f94c3e3cea3446d28a5bd1c84c5271.sol#1895-1968):
	External calls:
	- amountAfterFee = settleFee(sellToken,buyToken,auctionIndex,amount) (../sb/0xdf0b5bbf51f94c3e3cea3446d28a5bd1c84c5271.sol#1941)
		- owlToken.burnOWL(msg.sender,amountOfowlTokenBurned) (../sb/0xdf0b5bbf51f94c3e3cea3446d28a5bd1c84c5271.sol#2632)
	State variables written after the call(s):
	- sellerBalances[sellToken][buyToken][auctionIndex][msg.sender] = newSellerBal (../sb/0xdf0b5bbf51f94c3e3cea3446d28a5bd1c84c5271.sol#1946)
Reentrancy in DutchExchange.settleFee(address,address,uint256,uint256) (../sb/0xdf0b5bbf51f94c3e3cea3446d28a5bd1c84c5271.sol#2589-2612):
	External calls:
	- fee = settleFeeSecondPart(primaryToken,fee) (../sb/0xdf0b5bbf51f94c3e3cea3446d28a5bd1c84c5271.sol#2603)
		- owlToken.burnOWL(msg.sender,amountOfowlTokenBurned) (../sb/0xdf0b5bbf51f94c3e3cea3446d28a5bd1c84c5271.sol#2632)
	State variables written after the call(s):
	- extraTokens[primaryToken][secondaryToken][auctionIndex + 1] = add(usersExtraTokens,fee) (../sb/0xdf0b5bbf51f94c3e3cea3446d28a5bd1c84c5271.sol#2606)
Reference: https://github.com/crytic/slither/wiki/Detector-Documentation#reentrancy-vulnerabilities-2

Reentrancy in DutchExchange.addTokenPairSecondPart(address,address,uint256,uint256) (../sb/0xdf0b5bbf51f94c3e3cea3446d28a5bd1c84c5271.sol#2492-2519):
	External calls:
	- token1FundingAfterFee = settleFee(token1,token2,1,token1Funding) (../sb/0xdf0b5bbf51f94c3e3cea3446d28a5bd1c84c5271.sol#2504)
		- owlToken.burnOWL(msg.sender,amountOfowlTokenBurned) (../sb/0xdf0b5bbf51f94c3e3cea3446d28a5bd1c84c5271.sol#2632)
	- token2FundingAfterFee = settleFee(token2,token1,1,token2Funding) (../sb/0xdf0b5bbf51f94c3e3cea3446d28a5bd1c84c5271.sol#2505)
		- owlToken.burnOWL(msg.sender,amountOfowlTokenBurned) (../sb/0xdf0b5bbf51f94c3e3cea3446d28a5bd1c84c5271.sol#2632)
	Event emitted after the call(s):
	- AuctionStartScheduled(token1,token2,auctionIndex,auctionStart) (../sb/0xdf0b5bbf51f94c3e3cea3446d28a5bd1c84c5271.sol#2712)
		- setAuctionStart(token1,token2,WAITING_PERIOD_NEW_TOKEN_PAIR) (../sb/0xdf0b5bbf51f94c3e3cea3446d28a5bd1c84c5271.sol#2517)
	- Fee(primaryToken,secondaryToken,msg.sender,auctionIndex,fee) (../sb/0xdf0b5bbf51f94c3e3cea3446d28a5bd1c84c5271.sol#2608)
		- token2FundingAfterFee = settleFee(token2,token1,1,token2Funding) (../sb/0xdf0b5bbf51f94c3e3cea3446d28a5bd1c84c5271.sol#2505)
	- NewTokenPair(token1,token2) (../sb/0xdf0b5bbf51f94c3e3cea3446d28a5bd1c84c5271.sol#2518)
Reentrancy in KyberDxMarketMaker.buyInAuction(address,address) (../sb/0xdf0b5bbf51f94c3e3cea3446d28a5bd1c84c5271.sol#3417-3465):
	External calls:
	- dx.postBuyOrder(sellToken,buyToken,auctionIndex,buyTokenAmount) (../sb/0xdf0b5bbf51f94c3e3cea3446d28a5bd1c84c5271.sol#3456)
	Event emitted after the call(s):
	- BoughtInAuction(sellToken,buyToken,auctionIndex,buyTokenAmount,willClearAuction) (../sb/0xdf0b5bbf51f94c3e3cea3446d28a5bd1c84c5271.sol#3457-3463)
Reentrancy in DutchExchange.claimAndWithdraw(address,address,address,uint256,uint256) (../sb/0xdf0b5bbf51f94c3e3cea3446d28a5bd1c84c5271.sol#1613-1619):
	External calls:
	- (returned,frtsIssued) = claimSellerFunds(sellToken,buyToken,user,auctionIndex) (../sb/0xdf0b5bbf51f94c3e3cea3446d28a5bd1c84c5271.sol#1617)
		- owlToken.burnOWL(msg.sender,amountOfowlTokenBurned) (../sb/0xdf0b5bbf51f94c3e3cea3446d28a5bd1c84c5271.sol#2632)
		- frtToken.mintTokens(user,frtsIssued) (../sb/0xdf0b5bbf51f94c3e3cea3446d28a5bd1c84c5271.sol#2584)
	- newBal = withdraw(buyToken,amount) (../sb/0xdf0b5bbf51f94c3e3cea3446d28a5bd1c84c5271.sol#1618)
		- BadToken(token).transferFrom(msg.sender,address(this),value) (../sb/0xdf0b5bbf51f94c3e3cea3446d28a5bd1c84c5271.sol#849)
		- BadToken(token).transfer(to,value) (../sb/0xdf0b5bbf51f94c3e3cea3446d28a5bd1c84c5271.sol#851)
	Event emitted after the call(s):
	- NewWithdrawal(tokenAddress,amount) (../sb/0xdf0b5bbf51f94c3e3cea3446d28a5bd1c84c5271.sol#1890)
		- newBal = withdraw(buyToken,amount) (../sb/0xdf0b5bbf51f94c3e3cea3446d28a5bd1c84c5271.sol#1618)
Reentrancy in DutchExchange.claimAndWithdrawTokensFromSeveralAuctionsAsBuyer(address[],address[],uint256[]) (../sb/0xdf0b5bbf51f94c3e3cea3446d28a5bd1c84c5271.sol#1714-1739):
	External calls:
	- (claimAmounts[i],claimFrts) = claimBuyerFunds(auctionSellTokens[i],auctionBuyTokens[i],msg.sender,auctionIndices[i]) (../sb/0xdf0b5bbf51f94c3e3cea3446d28a5bd1c84c5271.sol#1726-1731)
		- owlToken.burnOWL(msg.sender,amountOfowlTokenBurned) (../sb/0xdf0b5bbf51f94c3e3cea3446d28a5bd1c84c5271.sol#2632)
		- frtToken.mintTokens(user,frtsIssued) (../sb/0xdf0b5bbf51f94c3e3cea3446d28a5bd1c84c5271.sol#2584)
	- withdraw(auctionSellTokens[i],claimAmounts[i]) (../sb/0xdf0b5bbf51f94c3e3cea3446d28a5bd1c84c5271.sol#1735)
		- BadToken(token).transferFrom(msg.sender,address(this),value) (../sb/0xdf0b5bbf51f94c3e3cea3446d28a5bd1c84c5271.sol#849)
		- BadToken(token).transfer(to,value) (../sb/0xdf0b5bbf51f94c3e3cea3446d28a5bd1c84c5271.sol#851)
	Event emitted after the call(s):
	- AuctionCleared(sellToken,buyToken,sellVolume,buyVolume,auctionIndex) (../sb/0xdf0b5bbf51f94c3e3cea3446d28a5bd1c84c5271.sol#2704)
		- (claimAmounts[i],claimFrts) = claimBuyerFunds(auctionSellTokens[i],auctionBuyTokens[i],msg.sender,auctionIndices[i]) (../sb/0xdf0b5bbf51f94c3e3cea3446d28a5bd1c84c5271.sol#1726-1731)
	- AuctionStartScheduled(token1,token2,auctionIndex,auctionStart) (../sb/0xdf0b5bbf51f94c3e3cea3446d28a5bd1c84c5271.sol#2712)
		- (claimAmounts[i],claimFrts) = claimBuyerFunds(auctionSellTokens[i],auctionBuyTokens[i],msg.sender,auctionIndices[i]) (../sb/0xdf0b5bbf51f94c3e3cea3446d28a5bd1c84c5271.sol#1726-1731)
	- Fee(primaryToken,secondaryToken,msg.sender,auctionIndex,fee) (../sb/0xdf0b5bbf51f94c3e3cea3446d28a5bd1c84c5271.sol#2608)
		- (claimAmounts[i],claimFrts) = claimBuyerFunds(auctionSellTokens[i],auctionBuyTokens[i],msg.sender,auctionIndices[i]) (../sb/0xdf0b5bbf51f94c3e3cea3446d28a5bd1c84c5271.sol#1726-1731)
	- NewBuyOrder(sellToken,buyToken,msg.sender,auctionIndex,amountAfterFee) (../sb/0xdf0b5bbf51f94c3e3cea3446d28a5bd1c84c5271.sol#2025)
		- (claimAmounts[i],claimFrts) = claimBuyerFunds(auctionSellTokens[i],auctionBuyTokens[i],msg.sender,auctionIndices[i]) (../sb/0xdf0b5bbf51f94c3e3cea3446d28a5bd1c84c5271.sol#1726-1731)
	- NewBuyerFundsClaim(sellToken,buyToken,user,auctionIndex,returned,frtsIssued) (../sb/0xdf0b5bbf51f94c3e3cea3446d28a5bd1c84c5271.sol#2141-2148)
		- (claimAmounts[i],claimFrts) = claimBuyerFunds(auctionSellTokens[i],auctionBuyTokens[i],msg.sender,auctionIndices[i]) (../sb/0xdf0b5bbf51f94c3e3cea3446d28a5bd1c84c5271.sol#1726-1731)
	- NewWithdrawal(tokenAddress,amount) (../sb/0xdf0b5bbf51f94c3e3cea3446d28a5bd1c84c5271.sol#1890)
		- withdraw(auctionSellTokens[i],claimAmounts[i]) (../sb/0xdf0b5bbf51f94c3e3cea3446d28a5bd1c84c5271.sol#1735)
Reentrancy in DutchExchange.claimAndWithdrawTokensFromSeveralAuctionsAsSeller(address[],address[],uint256[]) (../sb/0xdf0b5bbf51f94c3e3cea3446d28a5bd1c84c5271.sol#1683-1708):
	External calls:
	- (claimAmounts[i],claimFrts) = claimSellerFunds(auctionSellTokens[i],auctionBuyTokens[i],msg.sender,auctionIndices[i]) (../sb/0xdf0b5bbf51f94c3e3cea3446d28a5bd1c84c5271.sol#1695-1700)
		- owlToken.burnOWL(msg.sender,amountOfowlTokenBurned) (../sb/0xdf0b5bbf51f94c3e3cea3446d28a5bd1c84c5271.sol#2632)
		- frtToken.mintTokens(user,frtsIssued) (../sb/0xdf0b5bbf51f94c3e3cea3446d28a5bd1c84c5271.sol#2584)
	- withdraw(auctionBuyTokens[i],claimAmounts[i]) (../sb/0xdf0b5bbf51f94c3e3cea3446d28a5bd1c84c5271.sol#1704)
		- BadToken(token).transferFrom(msg.sender,address(this),value) (../sb/0xdf0b5bbf51f94c3e3cea3446d28a5bd1c84c5271.sol#849)
		- BadToken(token).transfer(to,value) (../sb/0xdf0b5bbf51f94c3e3cea3446d28a5bd1c84c5271.sol#851)
	Event emitted after the call(s):
	- AuctionCleared(sellToken,buyToken,sellVolume,buyVolume,auctionIndex) (../sb/0xdf0b5bbf51f94c3e3cea3446d28a5bd1c84c5271.sol#2704)
		- (claimAmounts[i],claimFrts) = claimSellerFunds(auctionSellTokens[i],auctionBuyTokens[i],msg.sender,auctionIndices[i]) (../sb/0xdf0b5bbf51f94c3e3cea3446d28a5bd1c84c5271.sol#1695-1700)
	- AuctionStartScheduled(token1,token2,auctionIndex,auctionStart) (../sb/0xdf0b5bbf51f94c3e3cea3446d28a5bd1c84c5271.sol#2712)
		- (claimAmounts[i],claimFrts) = claimSellerFunds(auctionSellTokens[i],auctionBuyTokens[i],msg.sender,auctionIndices[i]) (../sb/0xdf0b5bbf51f94c3e3cea3446d28a5bd1c84c5271.sol#1695-1700)
	- Fee(primaryToken,secondaryToken,msg.sender,auctionIndex,fee) (../sb/0xdf0b5bbf51f94c3e3cea3446d28a5bd1c84c5271.sol#2608)
		- (claimAmounts[i],claimFrts) = claimSellerFunds(auctionSellTokens[i],auctionBuyTokens[i],msg.sender,auctionIndices[i]) (../sb/0xdf0b5bbf51f94c3e3cea3446d28a5bd1c84c5271.sol#1695-1700)
	- NewBuyOrder(sellToken,buyToken,msg.sender,auctionIndex,amountAfterFee) (../sb/0xdf0b5bbf51f94c3e3cea3446d28a5bd1c84c5271.sol#2025)
		- (claimAmounts[i],claimFrts) = claimSellerFunds(auctionSellTokens[i],auctionBuyTokens[i],msg.sender,auctionIndices[i]) (../sb/0xdf0b5bbf51f94c3e3cea3446d28a5bd1c84c5271.sol#1695-1700)
	- NewSellerFundsClaim(sellToken,buyToken,user,auctionIndex,returned,frtsIssued) (../sb/0xdf0b5bbf51f94c3e3cea3446d28a5bd1c84c5271.sol#2077-2084)
		- (claimAmounts[i],claimFrts) = claimSellerFunds(auctionSellTokens[i],auctionBuyTokens[i],msg.sender,auctionIndices[i]) (../sb/0xdf0b5bbf51f94c3e3cea3446d28a5bd1c84c5271.sol#1695-1700)
	- NewWithdrawal(tokenAddress,amount) (../sb/0xdf0b5bbf51f94c3e3cea3446d28a5bd1c84c5271.sol#1890)
		- withdraw(auctionBuyTokens[i],claimAmounts[i]) (../sb/0xdf0b5bbf51f94c3e3cea3446d28a5bd1c84c5271.sol#1704)
Reentrancy in DutchExchange.claimBuyerFunds(address,address,address,uint256) (../sb/0xdf0b5bbf51f94c3e3cea3446d28a5bd1c84c5271.sol#2087-2149):
	External calls:
	- closeTheoreticalClosedAuction(sellToken,buyToken,auctionIndex) (../sb/0xdf0b5bbf51f94c3e3cea3446d28a5bd1c84c5271.sol#2091)
		- owlToken.burnOWL(msg.sender,amountOfowlTokenBurned) (../sb/0xdf0b5bbf51f94c3e3cea3446d28a5bd1c84c5271.sol#2632)
	- frtsIssued = issueFrts(buyToken,sellToken,mul(buyerBalance,den) / num,auctionIndex,buyerBalance,user) (../sb/0xdf0b5bbf51f94c3e3cea3446d28a5bd1c84c5271.sol#2121-2128)
		- frtToken.mintTokens(user,frtsIssued) (../sb/0xdf0b5bbf51f94c3e3cea3446d28a5bd1c84c5271.sol#2584)
	Event emitted after the call(s):
	- NewBuyerFundsClaim(sellToken,buyToken,user,auctionIndex,returned,frtsIssued) (../sb/0xdf0b5bbf51f94c3e3cea3446d28a5bd1c84c5271.sol#2141-2148)
Reentrancy in DutchExchange.claimSellerFunds(address,address,address,uint256) (../sb/0xdf0b5bbf51f94c3e3cea3446d28a5bd1c84c5271.sol#2037-2085):
	External calls:
	- closeTheoreticalClosedAuction(sellToken,buyToken,auctionIndex) (../sb/0xdf0b5bbf51f94c3e3cea3446d28a5bd1c84c5271.sol#2045)
		- owlToken.burnOWL(msg.sender,amountOfowlTokenBurned) (../sb/0xdf0b5bbf51f94c3e3cea3446d28a5bd1c84c5271.sol#2632)
	- frtsIssued = issueFrts(sellToken,buyToken,returned,auctionIndex,sellerBalance,user) (../sb/0xdf0b5bbf51f94c3e3cea3446d28a5bd1c84c5271.sol#2063-2070)
		- frtToken.mintTokens(user,frtsIssued) (../sb/0xdf0b5bbf51f94c3e3cea3446d28a5bd1c84c5271.sol#2584)
	Event emitted after the call(s):
	- NewSellerFundsClaim(sellToken,buyToken,user,auctionIndex,returned,frtsIssued) (../sb/0xdf0b5bbf51f94c3e3cea3446d28a5bd1c84c5271.sol#2077-2084)
Reentrancy in DutchExchange.deposit(address,uint256) (../sb/0xdf0b5bbf51f94c3e3cea3446d28a5bd1c84c5271.sol#1865-1876):
	External calls:
	- require(bool,string)(safeTransfer(tokenAddress,msg.sender,amount,true),The deposit transaction must succeed) (../sb/0xdf0b5bbf51f94c3e3cea3446d28a5bd1c84c5271.sol#1867)
		- BadToken(token).transferFrom(msg.sender,address(this),value) (../sb/0xdf0b5bbf51f94c3e3cea3446d28a5bd1c84c5271.sol#849)
		- BadToken(token).transfer(to,value) (../sb/0xdf0b5bbf51f94c3e3cea3446d28a5bd1c84c5271.sol#851)
	Event emitted after the call(s):
	- NewDeposit(tokenAddress,amount) (../sb/0xdf0b5bbf51f94c3e3cea3446d28a5bd1c84c5271.sol#1873)
Reentrancy in DutchExchange.depositAndSell(address,address,uint256) (../sb/0xdf0b5bbf51f94c3e3cea3446d28a5bd1c84c5271.sol#1605-1611):
	External calls:
	- newBal = deposit(sellToken,amount) (../sb/0xdf0b5bbf51f94c3e3cea3446d28a5bd1c84c5271.sol#1609)
		- BadToken(token).transferFrom(msg.sender,address(this),value) (../sb/0xdf0b5bbf51f94c3e3cea3446d28a5bd1c84c5271.sol#849)
		- BadToken(token).transfer(to,value) (../sb/0xdf0b5bbf51f94c3e3cea3446d28a5bd1c84c5271.sol#851)
	- (auctionIndex,newSellerBal) = postSellOrder(sellToken,buyToken,0,amount) (../sb/0xdf0b5bbf51f94c3e3cea3446d28a5bd1c84c5271.sol#1610)
		- owlToken.burnOWL(msg.sender,amountOfowlTokenBurned) (../sb/0xdf0b5bbf51f94c3e3cea3446d28a5bd1c84c5271.sol#2632)
	Event emitted after the call(s):
	- AuctionCleared(sellToken,buyToken,sellVolume,buyVolume,auctionIndex) (../sb/0xdf0b5bbf51f94c3e3cea3446d28a5bd1c84c5271.sol#2704)
		- (auctionIndex,newSellerBal) = postSellOrder(sellToken,buyToken,0,amount) (../sb/0xdf0b5bbf51f94c3e3cea3446d28a5bd1c84c5271.sol#1610)
	- AuctionStartScheduled(token1,token2,auctionIndex,auctionStart) (../sb/0xdf0b5bbf51f94c3e3cea3446d28a5bd1c84c5271.sol#2712)
		- (auctionIndex,newSellerBal) = postSellOrder(sellToken,buyToken,0,amount) (../sb/0xdf0b5bbf51f94c3e3cea3446d28a5bd1c84c5271.sol#1610)
	- Fee(primaryToken,secondaryToken,msg.sender,auctionIndex,fee) (../sb/0xdf0b5bbf51f94c3e3cea3446d28a5bd1c84c5271.sol#2608)
		- (auctionIndex,newSellerBal) = postSellOrder(sellToken,buyToken,0,amount) (../sb/0xdf0b5bbf51f94c3e3cea3446d28a5bd1c84c5271.sol#1610)
	- NewBuyOrder(sellToken,buyToken,msg.sender,auctionIndex,amountAfterFee) (../sb/0xdf0b5bbf51f94c3e3cea3446d28a5bd1c84c5271.sol#2025)
		- (auctionIndex,newSellerBal) = postSellOrder(sellToken,buyToken,0,amount) (../sb/0xdf0b5bbf51f94c3e3cea3446d28a5bd1c84c5271.sol#1610)
	- NewSellOrder(sellToken,buyToken,msg.sender,auctionIndex,amountAfterFee) (../sb/0xdf0b5bbf51f94c3e3cea3446d28a5bd1c84c5271.sol#1965)
		- (auctionIndex,newSellerBal) = postSellOrder(sellToken,buyToken,0,amount) (../sb/0xdf0b5bbf51f94c3e3cea3446d28a5bd1c84c5271.sol#1610)
Reentrancy in KyberDxMarketMaker.depositToDx(address,uint256) (../sb/0xdf0b5bbf51f94c3e3cea3446d28a5bd1c84c5271.sol#2934-2946):
	External calls:
	- require(bool,string)(ERC20(token).approve(address(dx),amount),Cannot approve deposit) (../sb/0xdf0b5bbf51f94c3e3cea3446d28a5bd1c84c5271.sol#2942)
	- deposited = dx.deposit(token,amount) (../sb/0xdf0b5bbf51f94c3e3cea3446d28a5bd1c84c5271.sol#2943)
	Event emitted after the call(s):
	- AmountDepositedToDx(token,deposited) (../sb/0xdf0b5bbf51f94c3e3cea3446d28a5bd1c84c5271.sol#2944)
Reentrancy in KyberDxMarketMaker.executeTransaction(address,uint256,bytes) (../sb/0xdf0b5bbf51f94c3e3cea3446d28a5bd1c84c5271.sol#3332-3346):
	External calls:
	- (success,result) = destination.call.value(value)(data) (../sb/0xdf0b5bbf51f94c3e3cea3446d28a5bd1c84c5271.sol#3340)
	Event emitted after the call(s):
	- Execution(true,msg.sender,destination,value,data,result) (../sb/0xdf0b5bbf51f94c3e3cea3446d28a5bd1c84c5271.sol#3342)
Reentrancy in KyberDxMarketMaker.fundAuctionDirection(address,address) (../sb/0xdf0b5bbf51f94c3e3cea3446d28a5bd1c84c5271.sol#3367-3399):
	External calls:
	- dx.postSellOrder(sellToken,buyToken,auctionIndex,missingTokensWithFee) (../sb/0xdf0b5bbf51f94c3e3cea3446d28a5bd1c84c5271.sol#3388)
	Event emitted after the call(s):
	- AuctionDirectionFunded(sellToken,buyToken,auctionIndex,missingTokens,missingTokensWithFee) (../sb/0xdf0b5bbf51f94c3e3cea3446d28a5bd1c84c5271.sol#3391-3397)
Reentrancy in DutchExchange.postBuyOrder(address,address,uint256,uint256) (../sb/0xdf0b5bbf51f94c3e3cea3446d28a5bd1c84c5271.sol#1970-2035):
	External calls:
	- amountAfterFee = settleFee(buyToken,sellToken,auctionIndex,amount) (../sb/0xdf0b5bbf51f94c3e3cea3446d28a5bd1c84c5271.sol#2011)
		- owlToken.burnOWL(msg.sender,amountOfowlTokenBurned) (../sb/0xdf0b5bbf51f94c3e3cea3446d28a5bd1c84c5271.sol#2632)
	Event emitted after the call(s):
	- AuctionCleared(sellToken,buyToken,sellVolume,buyVolume,auctionIndex) (../sb/0xdf0b5bbf51f94c3e3cea3446d28a5bd1c84c5271.sol#2704)
		- clearAuction(sellToken,buyToken,auctionIndex,sellVolume) (../sb/0xdf0b5bbf51f94c3e3cea3446d28a5bd1c84c5271.sol#2031)
	- AuctionStartScheduled(token1,token2,auctionIndex,auctionStart) (../sb/0xdf0b5bbf51f94c3e3cea3446d28a5bd1c84c5271.sol#2712)
		- clearAuction(sellToken,buyToken,auctionIndex,sellVolume) (../sb/0xdf0b5bbf51f94c3e3cea3446d28a5bd1c84c5271.sol#2031)
	- NewBuyOrder(sellToken,buyToken,msg.sender,auctionIndex,amountAfterFee) (../sb/0xdf0b5bbf51f94c3e3cea3446d28a5bd1c84c5271.sol#2025)
Reentrancy in DutchExchange.postSellOrder(address,address,uint256,uint256) (../sb/0xdf0b5bbf51f94c3e3cea3446d28a5bd1c84c5271.sol#1895-1968):
	External calls:
	- amountAfterFee = settleFee(sellToken,buyToken,auctionIndex,amount) (../sb/0xdf0b5bbf51f94c3e3cea3446d28a5bd1c84c5271.sol#1941)
		- owlToken.burnOWL(msg.sender,amountOfowlTokenBurned) (../sb/0xdf0b5bbf51f94c3e3cea3446d28a5bd1c84c5271.sol#2632)
	- closeTheoreticalClosedAuction(sellToken,buyToken,latestAuctionIndex) (../sb/0xdf0b5bbf51f94c3e3cea3446d28a5bd1c84c5271.sol#1958)
		- owlToken.burnOWL(msg.sender,amountOfowlTokenBurned) (../sb/0xdf0b5bbf51f94c3e3cea3446d28a5bd1c84c5271.sol#2632)
	Event emitted after the call(s):
	- AuctionCleared(sellToken,buyToken,sellVolume,buyVolume,auctionIndex) (../sb/0xdf0b5bbf51f94c3e3cea3446d28a5bd1c84c5271.sol#2704)
		- closeTheoreticalClosedAuction(sellToken,buyToken,latestAuctionIndex) (../sb/0xdf0b5bbf51f94c3e3cea3446d28a5bd1c84c5271.sol#1958)
	- AuctionStartScheduled(token1,token2,auctionIndex,auctionStart) (../sb/0xdf0b5bbf51f94c3e3cea3446d28a5bd1c84c5271.sol#2712)
		- scheduleNextAuction(sellToken,buyToken) (../sb/0xdf0b5bbf51f94c3e3cea3446d28a5bd1c84c5271.sol#1962)
	- AuctionStartScheduled(token1,token2,auctionIndex,auctionStart) (../sb/0xdf0b5bbf51f94c3e3cea3446d28a5bd1c84c5271.sol#2712)
		- closeTheoreticalClosedAuction(sellToken,buyToken,latestAuctionIndex) (../sb/0xdf0b5bbf51f94c3e3cea3446d28a5bd1c84c5271.sol#1958)
	- Fee(primaryToken,secondaryToken,msg.sender,auctionIndex,fee) (../sb/0xdf0b5bbf51f94c3e3cea3446d28a5bd1c84c5271.sol#2608)
		- closeTheoreticalClosedAuction(sellToken,buyToken,latestAuctionIndex) (../sb/0xdf0b5bbf51f94c3e3cea3446d28a5bd1c84c5271.sol#1958)
	- NewBuyOrder(sellToken,buyToken,msg.sender,auctionIndex,amountAfterFee) (../sb/0xdf0b5bbf51f94c3e3cea3446d28a5bd1c84c5271.sol#2025)
		- closeTheoreticalClosedAuction(sellToken,buyToken,latestAuctionIndex) (../sb/0xdf0b5bbf51f94c3e3cea3446d28a5bd1c84c5271.sol#1958)
	- NewSellOrder(sellToken,buyToken,msg.sender,auctionIndex,amountAfterFee) (../sb/0xdf0b5bbf51f94c3e3cea3446d28a5bd1c84c5271.sol#1965)
Reentrancy in DutchExchange.settleFee(address,address,uint256,uint256) (../sb/0xdf0b5bbf51f94c3e3cea3446d28a5bd1c84c5271.sol#2589-2612):
	External calls:
	- fee = settleFeeSecondPart(primaryToken,fee) (../sb/0xdf0b5bbf51f94c3e3cea3446d28a5bd1c84c5271.sol#2603)
		- owlToken.burnOWL(msg.sender,amountOfowlTokenBurned) (../sb/0xdf0b5bbf51f94c3e3cea3446d28a5bd1c84c5271.sol#2632)
	Event emitted after the call(s):
	- Fee(primaryToken,secondaryToken,msg.sender,auctionIndex,fee) (../sb/0xdf0b5bbf51f94c3e3cea3446d28a5bd1c84c5271.sol#2608)
Reentrancy in KyberDxMarketMaker.step(address,address) (../sb/0xdf0b5bbf51f94c3e3cea3446d28a5bd1c84c5271.sol#3020-3081):
	External calls:
	- depositAllBalance(sellToken) (../sb/0xdf0b5bbf51f94c3e3cea3446d28a5bd1c84c5271.sol#3039)
		- require(bool,string)(ERC20(token).approve(address(dx),amount),Cannot approve deposit) (../sb/0xdf0b5bbf51f94c3e3cea3446d28a5bd1c84c5271.sol#2942)
		- deposited = dx.deposit(token,amount) (../sb/0xdf0b5bbf51f94c3e3cea3446d28a5bd1c84c5271.sol#2943)
	- depositAllBalance(buyToken) (../sb/0xdf0b5bbf51f94c3e3cea3446d28a5bd1c84c5271.sol#3040)
		- require(bool,string)(ERC20(token).approve(address(dx),amount),Cannot approve deposit) (../sb/0xdf0b5bbf51f94c3e3cea3446d28a5bd1c84c5271.sol#2942)
		- deposited = dx.deposit(token,amount) (../sb/0xdf0b5bbf51f94c3e3cea3446d28a5bd1c84c5271.sol#2943)
	Event emitted after the call(s):
	- AmountDepositedToDx(token,deposited) (../sb/0xdf0b5bbf51f94c3e3cea3446d28a5bd1c84c5271.sol#2944)
		- depositAllBalance(buyToken) (../sb/0xdf0b5bbf51f94c3e3cea3446d28a5bd1c84c5271.sol#3040)
	- CurrentAuctionState(sellToken,buyToken,auctionIndex,state) (../sb/0xdf0b5bbf51f94c3e3cea3446d28a5bd1c84c5271.sol#3044)
	- PriceIsRightForBuying(sellToken,buyToken,auctionIndex,amount,dNum,dDen,kNum,kDen,shouldBuy) (../sb/0xdf0b5bbf51f94c3e3cea3446d28a5bd1c84c5271.sol#3536-3546)
		- isPriceRightForBuying(sellToken,buyToken,auctionIndex) (../sb/0xdf0b5bbf51f94c3e3cea3446d28a5bd1c84c5271.sol#3063)
Reentrancy in KyberDxMarketMaker.step(address,address) (../sb/0xdf0b5bbf51f94c3e3cea3446d28a5bd1c84c5271.sol#3020-3081):
	External calls:
	- depositAllBalance(sellToken) (../sb/0xdf0b5bbf51f94c3e3cea3446d28a5bd1c84c5271.sol#3039)
		- require(bool,string)(ERC20(token).approve(address(dx),amount),Cannot approve deposit) (../sb/0xdf0b5bbf51f94c3e3cea3446d28a5bd1c84c5271.sol#2942)
		- deposited = dx.deposit(token,amount) (../sb/0xdf0b5bbf51f94c3e3cea3446d28a5bd1c84c5271.sol#2943)
	- depositAllBalance(buyToken) (../sb/0xdf0b5bbf51f94c3e3cea3446d28a5bd1c84c5271.sol#3040)
		- require(bool,string)(ERC20(token).approve(address(dx),amount),Cannot approve deposit) (../sb/0xdf0b5bbf51f94c3e3cea3446d28a5bd1c84c5271.sol#2942)
		- deposited = dx.deposit(token,amount) (../sb/0xdf0b5bbf51f94c3e3cea3446d28a5bd1c84c5271.sol#2943)
	- claimSpecificAuctionFunds(sellToken,buyToken,lastParticipatedAuction[sellToken][buyToken]) (../sb/0xdf0b5bbf51f94c3e3cea3446d28a5bd1c84c5271.sol#3048-3052)
		- (sellerFunds,None) = dx.claimSellerFunds(sellToken,buyToken,address(this),auctionIndex) (../sb/0xdf0b5bbf51f94c3e3cea3446d28a5bd1c84c5271.sol#2988-2993)
		- (buyerFunds,None) = dx.claimBuyerFunds(sellToken,buyToken,address(this),auctionIndex) (../sb/0xdf0b5bbf51f94c3e3cea3446d28a5bd1c84c5271.sol#3003-3008)
	- require(bool)(fundAuctionDirection(sellToken,buyToken)) (../sb/0xdf0b5bbf51f94c3e3cea3446d28a5bd1c84c5271.sol#3053)
		- dx.postSellOrder(sellToken,buyToken,auctionIndex,missingTokensWithFee) (../sb/0xdf0b5bbf51f94c3e3cea3446d28a5bd1c84c5271.sol#3388)
	Event emitted after the call(s):
	- AuctionDirectionFunded(sellToken,buyToken,auctionIndex,missingTokens,missingTokensWithFee) (../sb/0xdf0b5bbf51f94c3e3cea3446d28a5bd1c84c5271.sol#3391-3397)
		- require(bool)(fundAuctionDirection(sellToken,buyToken)) (../sb/0xdf0b5bbf51f94c3e3cea3446d28a5bd1c84c5271.sol#3053)
Reentrancy in KyberDxMarketMaker.step(address,address) (../sb/0xdf0b5bbf51f94c3e3cea3446d28a5bd1c84c5271.sol#3020-3081):
	External calls:
	- depositAllBalance(sellToken) (../sb/0xdf0b5bbf51f94c3e3cea3446d28a5bd1c84c5271.sol#3039)
		- require(bool,string)(ERC20(token).approve(address(dx),amount),Cannot approve deposit) (../sb/0xdf0b5bbf51f94c3e3cea3446d28a5bd1c84c5271.sol#2942)
		- deposited = dx.deposit(token,amount) (../sb/0xdf0b5bbf51f94c3e3cea3446d28a5bd1c84c5271.sol#2943)
	- depositAllBalance(buyToken) (../sb/0xdf0b5bbf51f94c3e3cea3446d28a5bd1c84c5271.sol#3040)
		- require(bool,string)(ERC20(token).approve(address(dx),amount),Cannot approve deposit) (../sb/0xdf0b5bbf51f94c3e3cea3446d28a5bd1c84c5271.sol#2942)
		- deposited = dx.deposit(token,amount) (../sb/0xdf0b5bbf51f94c3e3cea3446d28a5bd1c84c5271.sol#2943)
	- buyInAuction(sellToken,buyToken) (../sb/0xdf0b5bbf51f94c3e3cea3446d28a5bd1c84c5271.sol#3064)
		- dx.postBuyOrder(sellToken,buyToken,auctionIndex,buyTokenAmount) (../sb/0xdf0b5bbf51f94c3e3cea3446d28a5bd1c84c5271.sol#3456)
	Event emitted after the call(s):
	- BoughtInAuction(sellToken,buyToken,auctionIndex,buyTokenAmount,willClearAuction) (../sb/0xdf0b5bbf51f94c3e3cea3446d28a5bd1c84c5271.sol#3457-3463)
		- buyInAuction(sellToken,buyToken) (../sb/0xdf0b5bbf51f94c3e3cea3446d28a5bd1c84c5271.sol#3064)
Reentrancy in DutchExchange.withdraw(address,uint256) (../sb/0xdf0b5bbf51f94c3e3cea3446d28a5bd1c84c5271.sol#1878-1893):
	External calls:
	- require(bool,string)(safeTransfer(tokenAddress,msg.sender,amount,false),The withdraw transfer must succeed) (../sb/0xdf0b5bbf51f94c3e3cea3446d28a5bd1c84c5271.sol#1889)
		- BadToken(token).transferFrom(msg.sender,address(this),value) (../sb/0xdf0b5bbf51f94c3e3cea3446d28a5bd1c84c5271.sol#849)
		- BadToken(token).transfer(to,value) (../sb/0xdf0b5bbf51f94c3e3cea3446d28a5bd1c84c5271.sol#851)
	Event emitted after the call(s):
	- NewWithdrawal(tokenAddress,amount) (../sb/0xdf0b5bbf51f94c3e3cea3446d28a5bd1c84c5271.sol#1890)
Reentrancy in KyberDxMarketMaker.withdrawFromDx(address,uint256) (../sb/0xdf0b5bbf51f94c3e3cea3446d28a5bd1c84c5271.sol#2953-2964):
	External calls:
	- withdrawn = dx.withdraw(token,amount) (../sb/0xdf0b5bbf51f94c3e3cea3446d28a5bd1c84c5271.sol#2961)
	Event emitted after the call(s):
	- AmountWithdrawnFromDx(token,withdrawn) (../sb/0xdf0b5bbf51f94c3e3cea3446d28a5bd1c84c5271.sol#2962)
Reentrancy in Withdrawable.withdrawToken(ERC20,uint256,address) (../sb/0xdf0b5bbf51f94c3e3cea3446d28a5bd1c84c5271.sol#175-185):
	External calls:
	- require(bool,string)(token.transfer(sendTo,amount),Could not transfer tokens) (../sb/0xdf0b5bbf51f94c3e3cea3446d28a5bd1c84c5271.sol#183)
	Event emitted after the call(s):
	- TokenWithdraw(token,amount,sendTo) (../sb/0xdf0b5bbf51f94c3e3cea3446d28a5bd1c84c5271.sol#184)
Reference: https://github.com/crytic/slither/wiki/Detector-Documentation#reentrancy-vulnerabilities-3

TokenFRT.withdrawUnlockedTokens() (../sb/0xdf0b5bbf51f94c3e3cea3446d28a5bd1c84c5271.sol#703-707) uses timestamp for comparisons
	Dangerous comparisons:
	- require(bool,string)(unlockedTokens[msg.sender].withdrawalTime < now,The tokens cannot be withdrawn yet) (../sb/0xdf0b5bbf51f94c3e3cea3446d28a5bd1c84c5271.sol#704)
TokenOWL.updateMasterCopy() (../sb/0xdf0b5bbf51f94c3e3cea3446d28a5bd1c84c5271.sol#790-799) uses timestamp for comparisons
	Dangerous comparisons:
	- require(bool,string)(address(masterCopyCountdown.masterCopy) != address(0),The master copy must be a valid address) (../sb/0xdf0b5bbf51f94c3e3cea3446d28a5bd1c84c5271.sol#791)
	- require(bool,string)(block.timestamp >= masterCopyCountdown.timeWhenAvailable,It's not possible to update the master copy during the waiting period) (../sb/0xdf0b5bbf51f94c3e3cea3446d28a5bd1c84c5271.sol#792-795)
PriceFeed.peek() (../sb/0xdf0b5bbf51f94c3e3cea3446d28a5bd1c84c5271.sol#1272-1274) uses timestamp for comparisons
	Dangerous comparisons:
	- (bytes32(uint256(val)),block.timestamp < zzz) (../sb/0xdf0b5bbf51f94c3e3cea3446d28a5bd1c84c5271.sol#1273)
PriceFeed.read() (../sb/0xdf0b5bbf51f94c3e3cea3446d28a5bd1c84c5271.sol#1276-1279) uses timestamp for comparisons
	Dangerous comparisons:
	- assert(bool)(block.timestamp < zzz) (../sb/0xdf0b5bbf51f94c3e3cea3446d28a5bd1c84c5271.sol#1277)
EthOracle.updateEthUSDOracle() (../sb/0xdf0b5bbf51f94c3e3cea3446d28a5bd1c84c5271.sol#1500-1508) uses timestamp for comparisons
	Dangerous comparisons:
	- require(bool,string)(oracleInterfaceCountdown < block.timestamp,It's not possible to update the oracle during the waiting period) (../sb/0xdf0b5bbf51f94c3e3cea3446d28a5bd1c84c5271.sol#1502-1505)
DxUpgrade.updateMasterCopy() (../sb/0xdf0b5bbf51f94c3e3cea3446d28a5bd1c84c5271.sol#1531-1538) uses timestamp for comparisons
	Dangerous comparisons:
	- require(bool,string)(block.timestamp >= masterCopyCountdown,The master contract cannot be updated in a waiting period) (../sb/0xdf0b5bbf51f94c3e3cea3446d28a5bd1c84c5271.sol#1533)
DutchExchange.addTokenPair(address,address,uint256,uint256,uint256,uint256) (../sb/0xdf0b5bbf51f94c3e3cea3446d28a5bd1c84c5271.sol#1791-1863) uses timestamp for comparisons
	Dangerous comparisons:
	- require(bool,string)(token1Funding < 10 ** 30,You should use a smaller funding for token 1) (../sb/0xdf0b5bbf51f94c3e3cea3446d28a5bd1c84c5271.sol#1824)
	- require(bool,string)(token2Funding < 10 ** 30,You should use a smaller funding for token 2) (../sb/0xdf0b5bbf51f94c3e3cea3446d28a5bd1c84c5271.sol#1827)
	- require(bool,string)(fundedValueUSD >= thresholdNewTokenPair,You should surplus the threshold for adding token pairs) (../sb/0xdf0b5bbf51f94c3e3cea3446d28a5bd1c84c5271.sol#1855)
DutchExchange.withdraw(address,uint256) (../sb/0xdf0b5bbf51f94c3e3cea3446d28a5bd1c84c5271.sol#1878-1893) uses timestamp for comparisons
	Dangerous comparisons:
	- require(bool,string)(amount > 0,The amount must be greater than 0) (../sb/0xdf0b5bbf51f94c3e3cea3446d28a5bd1c84c5271.sol#1883)
	- require(bool,string)(safeTransfer(tokenAddress,msg.sender,amount,false),The withdraw transfer must succeed) (../sb/0xdf0b5bbf51f94c3e3cea3446d28a5bd1c84c5271.sol#1889)
DutchExchange.postSellOrder(address,address,uint256,uint256) (../sb/0xdf0b5bbf51f94c3e3cea3446d28a5bd1c84c5271.sol#1895-1968) uses timestamp for comparisons
	Dangerous comparisons:
	- auctionStart == AUCTION_START_WAITING_FOR_FUNDING || auctionStart > now (../sb/0xdf0b5bbf51f94c3e3cea3446d28a5bd1c84c5271.sol#1913)
	- require(bool)(add(sellVolumesCurrent[sellToken][buyToken],amount) < 10 ** 30) (../sb/0xdf0b5bbf51f94c3e3cea3446d28a5bd1c84c5271.sol#1926)
	- require(bool)(add(sellVolumesNext[sellToken][buyToken],amount) < 10 ** 30) (../sb/0xdf0b5bbf51f94c3e3cea3446d28a5bd1c84c5271.sol#1937)
	- auctionStart == AUCTION_START_WAITING_FOR_FUNDING || auctionStart > now (../sb/0xdf0b5bbf51f94c3e3cea3446d28a5bd1c84c5271.sol#1948)
DutchExchange.postBuyOrder(address,address,uint256,uint256) (../sb/0xdf0b5bbf51f94c3e3cea3446d28a5bd1c84c5271.sol#1970-2035) uses timestamp for comparisons
	Dangerous comparisons:
	- require(bool)(auctionStart <= now) (../sb/0xdf0b5bbf51f94c3e3cea3446d28a5bd1c84c5271.sol#1980)
	- require(bool)(add(buyVolume,amount) < 10 ** 30) (../sb/0xdf0b5bbf51f94c3e3cea3446d28a5bd1c84c5271.sol#1995)
	- amount < outstandingVolume (../sb/0xdf0b5bbf51f94c3e3cea3446d28a5bd1c84c5271.sol#2009)
	- amount > 0 (../sb/0xdf0b5bbf51f94c3e3cea3446d28a5bd1c84c5271.sol#2010)
	- amount > 0 (../sb/0xdf0b5bbf51f94c3e3cea3446d28a5bd1c84c5271.sol#2019)
	- amount >= outstandingVolume (../sb/0xdf0b5bbf51f94c3e3cea3446d28a5bd1c84c5271.sol#2029)
DutchExchange.claimSellerFunds(address,address,address,uint256) (../sb/0xdf0b5bbf51f94c3e3cea3446d28a5bd1c84c5271.sol#2037-2085) uses timestamp for comparisons
	Dangerous comparisons:
	- returned > 0 (../sb/0xdf0b5bbf51f94c3e3cea3446d28a5bd1c84c5271.sol#2074)
DutchExchange.claimBuyerFunds(address,address,address,uint256) (../sb/0xdf0b5bbf51f94c3e3cea3446d28a5bd1c84c5271.sol#2087-2149) uses timestamp for comparisons
	Dangerous comparisons:
	- returned > 0 (../sb/0xdf0b5bbf51f94c3e3cea3446d28a5bd1c84c5271.sol#2137)
DutchExchange.closeTheoreticalClosedAuction(address,address,uint256) (../sb/0xdf0b5bbf51f94c3e3cea3446d28a5bd1c84c5271.sol#2155-2174) uses timestamp for comparisons
	Dangerous comparisons:
	- outstandingVolume == 0 (../sb/0xdf0b5bbf51f94c3e3cea3446d28a5bd1c84c5271.sol#2169)
DutchExchange.scheduleNextAuction(address,address) (../sb/0xdf0b5bbf51f94c3e3cea3446d28a5bd1c84c5271.sol#2317-2345) uses timestamp for comparisons
	Dangerous comparisons:
	- enoughSellVolume = sellVolume >= thresholdNewAuction (../sb/0xdf0b5bbf51f94c3e3cea3446d28a5bd1c84c5271.sol#2325)
	- enoughSellVolumeOpp = sellVolumeOpp >= thresholdNewAuction (../sb/0xdf0b5bbf51f94c3e3cea3446d28a5bd1c84c5271.sol#2326)
	- enoughSellVolume && enoughSellVolumeOpp (../sb/0xdf0b5bbf51f94c3e3cea3446d28a5bd1c84c5271.sol#2329)
	- enoughSellVolume || enoughSellVolumeOpp (../sb/0xdf0b5bbf51f94c3e3cea3446d28a5bd1c84c5271.sol#2331)
	- schedule = clearingTime <= now - 86400 (../sb/0xdf0b5bbf51f94c3e3cea3446d28a5bd1c84c5271.sol#2336)
DutchExchange.getCurrentAuctionPrice(address,address,uint256) (../sb/0xdf0b5bbf51f94c3e3cea3446d28a5bd1c84c5271.sol#2393-2432) uses timestamp for comparisons
	Dangerous comparisons:
	- mul(num,sellVolumesCurrent[sellToken][buyToken]) <= mul(den,buyVolumes[sellToken][buyToken]) (../sb/0xdf0b5bbf51f94c3e3cea3446d28a5bd1c84c5271.sol#2427)
DutchExchange.issueFrts(address,address,uint256,uint256,uint256,address) (../sb/0xdf0b5bbf51f94c3e3cea3446d28a5bd1c84c5271.sol#2554-2587) uses timestamp for comparisons
	Dangerous comparisons:
	- frtsIssued > 0 (../sb/0xdf0b5bbf51f94c3e3cea3446d28a5bd1c84c5271.sol#2582)
DutchExchange.settleFee(address,address,uint256,uint256) (../sb/0xdf0b5bbf51f94c3e3cea3446d28a5bd1c84c5271.sol#2589-2612) uses timestamp for comparisons
	Dangerous comparisons:
	- fee > 0 (../sb/0xdf0b5bbf51f94c3e3cea3446d28a5bd1c84c5271.sol#2602)
DutchExchange.settleFeeSecondPart(address,uint256) (../sb/0xdf0b5bbf51f94c3e3cea3446d28a5bd1c84c5271.sol#2614-2640) uses timestamp for comparisons
	Dangerous comparisons:
	- amountOfowlTokenBurned > 0 (../sb/0xdf0b5bbf51f94c3e3cea3446d28a5bd1c84c5271.sol#2631)
DutchExchange.clearAuction(address,address,uint256,uint256) (../sb/0xdf0b5bbf51f94c3e3cea3446d28a5bd1c84c5271.sol#2647-2705) uses timestamp for comparisons
	Dangerous comparisons:
	- sellVolumeOpp == 0 || now >= auctionStart + 86400 || closingPriceOppDen > 0 (../sb/0xdf0b5bbf51f94c3e3cea3446d28a5bd1c84c5271.sol#2668)
KyberDxMarketMaker.getAuctionState(address,address) (../sb/0xdf0b5bbf51f94c3e3cea3446d28a5bd1c84c5271.sol#3171-3221) uses timestamp for comparisons
	Dangerous comparisons:
	- auctionStart > now (../sb/0xdf0b5bbf51f94c3e3cea3446d28a5bd1c84c5271.sol#3194)
	- now - auctionStart > 86400 (../sb/0xdf0b5bbf51f94c3e3cea3446d28a5bd1c84c5271.sol#3209)
Reference: https://github.com/crytic/slither/wiki/Detector-Documentation#block-timestamp

Proxy.fallback() (../sb/0xdf0b5bbf51f94c3e3cea3446d28a5bd1c84c5271.sol#226-240) uses assembly
	- INLINE ASM (../sb/0xdf0b5bbf51f94c3e3cea3446d28a5bd1c84c5271.sol#228-240)
SafeTransfer.safeTransfer(address,address,uint256,bool) (../sb/0xdf0b5bbf51f94c3e3cea3446d28a5bd1c84c5271.sol#847-872) uses assembly
	- INLINE ASM (../sb/0xdf0b5bbf51f94c3e3cea3446d28a5bd1c84c5271.sol#855-871)
Reference: https://github.com/crytic/slither/wiki/Detector-Documentation#assembly-usage

2 different versions of Solidity are used:
	- Version constraint 0.5.2 is used by:
		-0.5.2 (../sb/0xdf0b5bbf51f94c3e3cea3446d28a5bd1c84c5271.sol#1)
	- Version constraint ^0.5.2 is used by:
		-^0.5.2 (../sb/0xdf0b5bbf51f94c3e3cea3446d28a5bd1c84c5271.sol#246)
Reference: https://github.com/crytic/slither/wiki/Detector-Documentation#different-pragma-directives-are-used

DSMath.add(uint256,uint256) (../sb/0xdf0b5bbf51f94c3e3cea3446d28a5bd1c84c5271.sol#1008-1010) is never used and should be removed
DSMath.div(uint256,uint256) (../sb/0xdf0b5bbf51f94c3e3cea3446d28a5bd1c84c5271.sol#1020-1022) is never used and should be removed
DSMath.hdiv(uint128,uint128) (../sb/0xdf0b5bbf51f94c3e3cea3446d28a5bd1c84c5271.sol#1048-1050) is never used and should be removed
DSMath.hmax(uint128,uint128) (../sb/0xdf0b5bbf51f94c3e3cea3446d28a5bd1c84c5271.sol#1056-1058) is never used and should be removed
DSMath.hmin(uint128,uint128) (../sb/0xdf0b5bbf51f94c3e3cea3446d28a5bd1c84c5271.sol#1052-1054) is never used and should be removed
DSMath.hmul(uint128,uint128) (../sb/0xdf0b5bbf51f94c3e3cea3446d28a5bd1c84c5271.sol#1044-1046) is never used and should be removed
DSMath.hsub(uint128,uint128) (../sb/0xdf0b5bbf51f94c3e3cea3446d28a5bd1c84c5271.sol#1040-1042) is never used and should be removed
DSMath.imax(int256,int256) (../sb/0xdf0b5bbf51f94c3e3cea3446d28a5bd1c84c5271.sol#1068-1070) is never used and should be removed
DSMath.imin(int256,int256) (../sb/0xdf0b5bbf51f94c3e3cea3446d28a5bd1c84c5271.sol#1064-1066) is never used and should be removed
DSMath.max(uint256,uint256) (../sb/0xdf0b5bbf51f94c3e3cea3446d28a5bd1c84c5271.sol#1028-1030) is never used and should be removed
DSMath.min(uint256,uint256) (../sb/0xdf0b5bbf51f94c3e3cea3446d28a5bd1c84c5271.sol#1024-1026) is never used and should be removed
DSMath.mul(uint256,uint256) (../sb/0xdf0b5bbf51f94c3e3cea3446d28a5bd1c84c5271.sol#1016-1018) is never used and should be removed
DSMath.radd(uint128,uint128) (../sb/0xdf0b5bbf51f94c3e3cea3446d28a5bd1c84c5271.sol#1108-1110) is never used and should be removed
DSMath.rdiv(uint128,uint128) (../sb/0xdf0b5bbf51f94c3e3cea3446d28a5bd1c84c5271.sol#1120-1122) is never used and should be removed
DSMath.rmax(uint128,uint128) (../sb/0xdf0b5bbf51f94c3e3cea3446d28a5bd1c84c5271.sol#1155-1157) is never used and should be removed
DSMath.rmin(uint128,uint128) (../sb/0xdf0b5bbf51f94c3e3cea3446d28a5bd1c84c5271.sol#1151-1153) is never used and should be removed
DSMath.rmul(uint128,uint128) (../sb/0xdf0b5bbf51f94c3e3cea3446d28a5bd1c84c5271.sol#1116-1118) is never used and should be removed
DSMath.rpow(uint128,uint64) (../sb/0xdf0b5bbf51f94c3e3cea3446d28a5bd1c84c5271.sol#1124-1149) is never used and should be removed
DSMath.rsub(uint128,uint128) (../sb/0xdf0b5bbf51f94c3e3cea3446d28a5bd1c84c5271.sol#1112-1114) is never used and should be removed
DSMath.sub(uint256,uint256) (../sb/0xdf0b5bbf51f94c3e3cea3446d28a5bd1c84c5271.sol#1012-1014) is never used and should be removed
DSMath.wadd(uint128,uint128) (../sb/0xdf0b5bbf51f94c3e3cea3446d28a5bd1c84c5271.sol#1078-1080) is never used and should be removed
DSMath.wmax(uint128,uint128) (../sb/0xdf0b5bbf51f94c3e3cea3446d28a5bd1c84c5271.sol#1098-1100) is never used and should be removed
DSMath.wmin(uint128,uint128) (../sb/0xdf0b5bbf51f94c3e3cea3446d28a5bd1c84c5271.sol#1094-1096) is never used and should be removed
DSMath.wmul(uint128,uint128) (../sb/0xdf0b5bbf51f94c3e3cea3446d28a5bd1c84c5271.sol#1086-1088) is never used and should be removed
DSMath.wsub(uint128,uint128) (../sb/0xdf0b5bbf51f94c3e3cea3446d28a5bd1c84c5271.sol#1082-1084) is never used and should be removed
Reference: https://github.com/crytic/slither/wiki/Detector-Documentation#dead-code

Version constraint 0.5.2 contains known severe issues (https://solidity.readthedocs.io/en/latest/bugs.html)
	- DirtyBytesArrayToStorage
	- ABIDecodeTwoDimensionalArrayMemory
	- KeccakCaching
	- EmptyByteArrayCopy
	- DynamicArrayCleanup
	- ImplicitConstructorCallvalueCheck
	- TupleAssignmentMultiStackSlotComponents
	- MemoryArrayCreationOverflow
	- privateCanBeOverridden
	- SignedArrayStorageCopy
	- ABIEncoderV2StorageArrayWithMultiSlotElement
	- DynamicConstructorArgumentsClippedABIV2
	- UninitializedFunctionPointerInConstructor
	- IncorrectEventSignatureInLibraries
	- ABIEncoderV2PackedStorage.
It is used by:
	- 0.5.2 (../sb/0xdf0b5bbf51f94c3e3cea3446d28a5bd1c84c5271.sol#1)
Version constraint ^0.5.2 contains known severe issues (https://solidity.readthedocs.io/en/latest/bugs.html)
	- DirtyBytesArrayToStorage
	- ABIDecodeTwoDimensionalArrayMemory
	- KeccakCaching
	- EmptyByteArrayCopy
	- DynamicArrayCleanup
	- ImplicitConstructorCallvalueCheck
	- TupleAssignmentMultiStackSlotComponents
	- MemoryArrayCreationOverflow
	- privateCanBeOverridden
	- SignedArrayStorageCopy
	- ABIEncoderV2StorageArrayWithMultiSlotElement
	- DynamicConstructorArgumentsClippedABIV2
	- UninitializedFunctionPointerInConstructor
	- IncorrectEventSignatureInLibraries
	- ABIEncoderV2PackedStorage.
It is used by:
	- ^0.5.2 (../sb/0xdf0b5bbf51f94c3e3cea3446d28a5bd1c84c5271.sol#246)
solc-0.5.2 is an outdated solc version. Use a more recent version (at least 0.8.0), if possible.
Reference: https://github.com/crytic/slither/wiki/Detector-Documentation#incorrect-versions-of-solidity

Low level call in PriceFeed.post(uint128,uint32,address) (../sb/0xdf0b5bbf51f94c3e3cea3446d28a5bd1c84c5271.sol#1281-1286):
	- (success,None) = med_.call(abi.encodeWithSignature(poke())) (../sb/0xdf0b5bbf51f94c3e3cea3446d28a5bd1c84c5271.sol#1284)
Low level call in KyberDxMarketMaker.executeTransaction(address,uint256,bytes) (../sb/0xdf0b5bbf51f94c3e3cea3446d28a5bd1c84c5271.sol#3332-3346):
	- (success,result) = destination.call.value(value)(data) (../sb/0xdf0b5bbf51f94c3e3cea3446d28a5bd1c84c5271.sol#3340)
Reference: https://github.com/crytic/slither/wiki/Detector-Documentation#low-level-calls

Parameter TokenFRT.updateMinter(address)._minter (../sb/0xdf0b5bbf51f94c3e3cea3446d28a5bd1c84c5271.sol#652) is not in mixedCase
Parameter TokenFRT.updateOwner(address)._owner (../sb/0xdf0b5bbf51f94c3e3cea3446d28a5bd1c84c5271.sol#661) is not in mixedCase
Struct TokenOWL.masterCopyCountdownType (../sb/0xdf0b5bbf51f94c3e3cea3446d28a5bd1c84c5271.sol#761-764) is not in CapWords
Parameter TokenOWL.startMasterCopyCountdown(address)._masterCopy (../sb/0xdf0b5bbf51f94c3e3cea3446d28a5bd1c84c5271.sol#781) is not in mixedCase
Parameter AuctioneerManaged.updateAuctioneer(address)._auctioneer (../sb/0xdf0b5bbf51f94c3e3cea3446d28a5bd1c84c5271.sol#881) is not in mixedCase
Parameter PriceOracleInterface.raiseEmergency(bool)._emergencyMode (../sb/0xdf0b5bbf51f94c3e3cea3446d28a5bd1c84c5271.sol#1443) is not in mixedCase
Parameter PriceOracleInterface.updateCurator(address)._owner (../sb/0xdf0b5bbf51f94c3e3cea3446d28a5bd1c84c5271.sol#1449) is not in mixedCase
Parameter EthOracle.initiateEthUsdOracleUpdate(PriceOracleInterface)._ethUSDOracle (../sb/0xdf0b5bbf51f94c3e3cea3446d28a5bd1c84c5271.sol#1493) is not in mixedCase
Parameter DxUpgrade.startMasterCopyCountdown(address)._masterCopy (../sb/0xdf0b5bbf51f94c3e3cea3446d28a5bd1c84c5271.sol#1522) is not in mixedCase
Parameter DutchExchange.setupDutchExchange(TokenFRT,TokenOWL,address,address,PriceOracleInterface,uint256,uint256)._frtToken (../sb/0xdf0b5bbf51f94c3e3cea3446d28a5bd1c84c5271.sol#1753) is not in mixedCase
Parameter DutchExchange.setupDutchExchange(TokenFRT,TokenOWL,address,address,PriceOracleInterface,uint256,uint256)._owlToken (../sb/0xdf0b5bbf51f94c3e3cea3446d28a5bd1c84c5271.sol#1754) is not in mixedCase
Parameter DutchExchange.setupDutchExchange(TokenFRT,TokenOWL,address,address,PriceOracleInterface,uint256,uint256)._auctioneer (../sb/0xdf0b5bbf51f94c3e3cea3446d28a5bd1c84c5271.sol#1755) is not in mixedCase
Parameter DutchExchange.setupDutchExchange(TokenFRT,TokenOWL,address,address,PriceOracleInterface,uint256,uint256)._ethToken (../sb/0xdf0b5bbf51f94c3e3cea3446d28a5bd1c84c5271.sol#1756) is not in mixedCase
Parameter DutchExchange.setupDutchExchange(TokenFRT,TokenOWL,address,address,PriceOracleInterface,uint256,uint256)._ethUSDOracle (../sb/0xdf0b5bbf51f94c3e3cea3446d28a5bd1c84c5271.sol#1757) is not in mixedCase
Parameter DutchExchange.setupDutchExchange(TokenFRT,TokenOWL,address,address,PriceOracleInterface,uint256,uint256)._thresholdNewTokenPair (../sb/0xdf0b5bbf51f94c3e3cea3446d28a5bd1c84c5271.sol#1758) is not in mixedCase
Parameter DutchExchange.setupDutchExchange(TokenFRT,TokenOWL,address,address,PriceOracleInterface,uint256,uint256)._thresholdNewAuction (../sb/0xdf0b5bbf51f94c3e3cea3446d28a5bd1c84c5271.sol#1759) is not in mixedCase
Parameter DutchExchange.updateThresholdNewTokenPair(uint256)._thresholdNewTokenPair (../sb/0xdf0b5bbf51f94c3e3cea3446d28a5bd1c84c5271.sol#1781) is not in mixedCase
Parameter DutchExchange.updateThresholdNewAuction(uint256)._thresholdNewAuction (../sb/0xdf0b5bbf51f94c3e3cea3446d28a5bd1c84c5271.sol#1785) is not in mixedCase
Parameter KyberDxMarketMaker.setKyberNetworkProxy(KyberNetworkProxy)._kyberNetworkProxy (../sb/0xdf0b5bbf51f94c3e3cea3446d28a5bd1c84c5271.sol#2913) is not in mixedCase
Reference: https://github.com/crytic/slither/wiki/Detector-Documentation#conformance-to-solidity-naming-conventions

Reentrancy in EtherToken.withdraw(uint256) (../sb/0xdf0b5bbf51f94c3e3cea3446d28a5bd1c84c5271.sol#2838-2844):
	External calls:
	- msg.sender.transfer(value) (../sb/0xdf0b5bbf51f94c3e3cea3446d28a5bd1c84c5271.sol#2842)
	Event emitted after the call(s):
	- Withdrawal(msg.sender,value) (../sb/0xdf0b5bbf51f94c3e3cea3446d28a5bd1c84c5271.sol#2843)
Reentrancy in Withdrawable.withdrawEther(uint256,address) (../sb/0xdf0b5bbf51f94c3e3cea3446d28a5bd1c84c5271.sol#195-204):
	External calls:
	- sendTo.transfer(amount) (../sb/0xdf0b5bbf51f94c3e3cea3446d28a5bd1c84c5271.sol#202)
	Event emitted after the call(s):
	- EtherWithdraw(amount,sendTo) (../sb/0xdf0b5bbf51f94c3e3cea3446d28a5bd1c84c5271.sol#203)
Reference: https://github.com/crytic/slither/wiki/Detector-Documentation#reentrancy-vulnerabilities-4

GnosisMath.slitherConstructorConstantVariables() (../sb/0xdf0b5bbf51f94c3e3cea3446d28a5bd1c84c5271.sol#272-529) uses literals with too many digits:
	- ONE = 0x10000000000000000 (../sb/0xdf0b5bbf51f94c3e3cea3446d28a5bd1c84c5271.sol#277)
PriceOracleInterface.getUSDETHPrice() (../sb/0xdf0b5bbf51f94c3e3cea3446d28a5bd1c84c5271.sol#1459-1476) uses literals with too many digits:
	- priceUint > 1000000 (../sb/0xdf0b5bbf51f94c3e3cea3446d28a5bd1c84c5271.sol#1472)
PriceOracleInterface.getUSDETHPrice() (../sb/0xdf0b5bbf51f94c3e3cea3446d28a5bd1c84c5271.sol#1459-1476) uses literals with too many digits:
	- 1000000 (../sb/0xdf0b5bbf51f94c3e3cea3446d28a5bd1c84c5271.sol#1473)
Reference: https://github.com/crytic/slither/wiki/Detector-Documentation#too-many-digits

Proxied.masterCopy (../sb/0xdf0b5bbf51f94c3e3cea3446d28a5bd1c84c5271.sol#212) should be constant 
Reference: https://github.com/crytic/slither/wiki/Detector-Documentation#state-variables-that-could-be-declared-constant

max(int256[]) should be declared external:
	- GnosisMath.max(int256[]) (../sb/0xdf0b5bbf51f94c3e3cea3446d28a5bd1c84c5271.sol#422-426)
Moreover, the following function parameters should change its data location:
nums location should be calldata
updateApprovalOfToken(address[],bool) should be declared external:
	- TokenWhitelist.updateApprovalOfToken(address[],bool) (../sb/0xdf0b5bbf51f94c3e3cea3446d28a5bd1c84c5271.sol#920-925)
Moreover, the following function parameters should change its data location:
token location should be calldata
executeTransaction(address,uint256,bytes) should be declared external:
	- KyberDxMarketMaker.executeTransaction(address,uint256,bytes) (../sb/0xdf0b5bbf51f94c3e3cea3446d28a5bd1c84c5271.sol#3332-3346)
Moreover, the following function parameters should change its data location:
data location should be calldata
Reference: https://github.com/crytic/slither/wiki/Detector-Documentation#public-function-that-could-be-declared-external
/sb/0xdf0b5bbf51f94c3e3cea3446d28a5bd1c84c5271.sol analyzed (33 contracts with 100 detectors), 236 result(s) found
