A new version of Solhint is available: 6.0.1
Please consider updating your Solhint package.
/sb/0x003e1e8dd1a1b4588e7ef3a91484eb9b6db08bb3.sol:5:1: Found more than One contract per file. 7 contracts found! [Warning/one-contract-per-file]
/sb/0x003e1e8dd1a1b4588e7ef3a91484eb9b6db08bb3.sol:5:1: Compiler version 0.8.17 does not satisfy the ^0.8.24 semver requirement [Error/compiler-version]
/sb/0x003e1e8dd1a1b4588e7ef3a91484eb9b6db08bb3.sol:9:1: Missing @title tag in contract 'Context' [Warning/use-natspec]
/sb/0x003e1e8dd1a1b4588e7ef3a91484eb9b6db08bb3.sol:9:1: Missing @author tag in contract 'Context' [Warning/use-natspec]
/sb/0x003e1e8dd1a1b4588e7ef3a91484eb9b6db08bb3.sol:9:1: Missing @notice tag in contract 'Context' [Warning/use-natspec]
/sb/0x003e1e8dd1a1b4588e7ef3a91484eb9b6db08bb3.sol:11:5: Missing @notice tag in function '_msgSender' [Warning/use-natspec]
/sb/0x003e1e8dd1a1b4588e7ef3a91484eb9b6db08bb3.sol:11:5: Missing @return tag in function '_msgSender' [Warning/use-natspec]
/sb/0x003e1e8dd1a1b4588e7ef3a91484eb9b6db08bb3.sol:11:5: Mismatch in @return count for function '_msgSender'. Expected: 1, Found: 0 [Warning/use-natspec]
/sb/0x003e1e8dd1a1b4588e7ef3a91484eb9b6db08bb3.sol:19:5: Missing @notice tag in function '_msgData' [Warning/use-natspec]
/sb/0x003e1e8dd1a1b4588e7ef3a91484eb9b6db08bb3.sol:19:5: Missing @return tag in function '_msgData' [Warning/use-natspec]
/sb/0x003e1e8dd1a1b4588e7ef3a91484eb9b6db08bb3.sol:19:5: Mismatch in @return count for function '_msgData'. Expected: 1, Found: 0 [Warning/use-natspec]
/sb/0x003e1e8dd1a1b4588e7ef3a91484eb9b6db08bb3.sol:31:1: Missing @title tag in contract 'IUniswapV2Pair' [Warning/use-natspec]
/sb/0x003e1e8dd1a1b4588e7ef3a91484eb9b6db08bb3.sol:31:1: Missing @author tag in contract 'IUniswapV2Pair' [Warning/use-natspec]
/sb/0x003e1e8dd1a1b4588e7ef3a91484eb9b6db08bb3.sol:31:1: Missing @notice tag in contract 'IUniswapV2Pair' [Warning/use-natspec]
/sb/0x003e1e8dd1a1b4588e7ef3a91484eb9b6db08bb3.sol:33:5: Missing @notice tag in event 'Approval' [Warning/use-natspec]
/sb/0x003e1e8dd1a1b4588e7ef3a91484eb9b6db08bb3.sol:33:5: Missing @param tag in event 'Approval' [Warning/use-natspec]
/sb/0x003e1e8dd1a1b4588e7ef3a91484eb9b6db08bb3.sol:33:5: Mismatch in @param names for event 'Approval'. Expected: [owner, spender, value], Found: [] [Warning/use-natspec]
/sb/0x003e1e8dd1a1b4588e7ef3a91484eb9b6db08bb3.sol:33:5: GC: [value] on Event [Approval] could be Indexed [Warning/gas-indexed-events]
/sb/0x003e1e8dd1a1b4588e7ef3a91484eb9b6db08bb3.sol:33:68: Rule is set with explicit type [var/s: uint] [Warning/explicit-types]
/sb/0x003e1e8dd1a1b4588e7ef3a91484eb9b6db08bb3.sol:35:5: Missing @notice tag in event 'Transfer' [Warning/use-natspec]
/sb/0x003e1e8dd1a1b4588e7ef3a91484eb9b6db08bb3.sol:35:5: Missing @param tag in event 'Transfer' [Warning/use-natspec]
/sb/0x003e1e8dd1a1b4588e7ef3a91484eb9b6db08bb3.sol:35:5: Mismatch in @param names for event 'Transfer'. Expected: [from, to, value], Found: [] [Warning/use-natspec]
/sb/0x003e1e8dd1a1b4588e7ef3a91484eb9b6db08bb3.sol:35:5: GC: [value] on Event [Transfer] could be Indexed [Warning/gas-indexed-events]
/sb/0x003e1e8dd1a1b4588e7ef3a91484eb9b6db08bb3.sol:35:62: Rule is set with explicit type [var/s: uint] [Warning/explicit-types]
/sb/0x003e1e8dd1a1b4588e7ef3a91484eb9b6db08bb3.sol:39:5: Missing @notice tag in function 'name' [Warning/use-natspec]
/sb/0x003e1e8dd1a1b4588e7ef3a91484eb9b6db08bb3.sol:39:5: Missing @return tag in function 'name' [Warning/use-natspec]
/sb/0x003e1e8dd1a1b4588e7ef3a91484eb9b6db08bb3.sol:39:5: Mismatch in @return count for function 'name'. Expected: 1, Found: 0 [Warning/use-natspec]
/sb/0x003e1e8dd1a1b4588e7ef3a91484eb9b6db08bb3.sol:41:5: Missing @notice tag in function 'symbol' [Warning/use-natspec]
/sb/0x003e1e8dd1a1b4588e7ef3a91484eb9b6db08bb3.sol:41:5: Missing @return tag in function 'symbol' [Warning/use-natspec]
/sb/0x003e1e8dd1a1b4588e7ef3a91484eb9b6db08bb3.sol:41:5: Mismatch in @return count for function 'symbol'. Expected: 1, Found: 0 [Warning/use-natspec]
/sb/0x003e1e8dd1a1b4588e7ef3a91484eb9b6db08bb3.sol:43:5: Missing @notice tag in function 'decimals' [Warning/use-natspec]
/sb/0x003e1e8dd1a1b4588e7ef3a91484eb9b6db08bb3.sol:43:5: Missing @return tag in function 'decimals' [Warning/use-natspec]
/sb/0x003e1e8dd1a1b4588e7ef3a91484eb9b6db08bb3.sol:43:5: Mismatch in @return count for function 'decimals'. Expected: 1, Found: 0 [Warning/use-natspec]
/sb/0x003e1e8dd1a1b4588e7ef3a91484eb9b6db08bb3.sol:45:5: Missing @notice tag in function 'totalSupply' [Warning/use-natspec]
/sb/0x003e1e8dd1a1b4588e7ef3a91484eb9b6db08bb3.sol:45:5: Missing @return tag in function 'totalSupply' [Warning/use-natspec]
/sb/0x003e1e8dd1a1b4588e7ef3a91484eb9b6db08bb3.sol:45:5: Mismatch in @return count for function 'totalSupply'. Expected: 1, Found: 0 [Warning/use-natspec]
/sb/0x003e1e8dd1a1b4588e7ef3a91484eb9b6db08bb3.sol:45:51: Rule is set with explicit type [var/s: uint] [Warning/explicit-types]
/sb/0x003e1e8dd1a1b4588e7ef3a91484eb9b6db08bb3.sol:47:5: Missing @notice tag in function 'balanceOf' [Warning/use-natspec]
/sb/0x003e1e8dd1a1b4588e7ef3a91484eb9b6db08bb3.sol:47:5: Missing @param tag in function 'balanceOf' [Warning/use-natspec]
/sb/0x003e1e8dd1a1b4588e7ef3a91484eb9b6db08bb3.sol:47:5: Mismatch in @param names for function 'balanceOf'. Expected: [owner], Found: [] [Warning/use-natspec]
/sb/0x003e1e8dd1a1b4588e7ef3a91484eb9b6db08bb3.sol:47:5: Missing @return tag in function 'balanceOf' [Warning/use-natspec]
/sb/0x003e1e8dd1a1b4588e7ef3a91484eb9b6db08bb3.sol:47:5: Mismatch in @return count for function 'balanceOf'. Expected: 1, Found: 0 [Warning/use-natspec]
/sb/0x003e1e8dd1a1b4588e7ef3a91484eb9b6db08bb3.sol:47:62: Rule is set with explicit type [var/s: uint] [Warning/explicit-types]
/sb/0x003e1e8dd1a1b4588e7ef3a91484eb9b6db08bb3.sol:49:5: Missing @notice tag in function 'allowance' [Warning/use-natspec]
/sb/0x003e1e8dd1a1b4588e7ef3a91484eb9b6db08bb3.sol:49:5: Missing @param tag in function 'allowance' [Warning/use-natspec]
/sb/0x003e1e8dd1a1b4588e7ef3a91484eb9b6db08bb3.sol:49:5: Mismatch in @param names for function 'allowance'. Expected: [owner, spender], Found: [] [Warning/use-natspec]
/sb/0x003e1e8dd1a1b4588e7ef3a91484eb9b6db08bb3.sol:49:5: Missing @return tag in function 'allowance' [Warning/use-natspec]
/sb/0x003e1e8dd1a1b4588e7ef3a91484eb9b6db08bb3.sol:49:5: Mismatch in @return count for function 'allowance'. Expected: 1, Found: 0 [Warning/use-natspec]
/sb/0x003e1e8dd1a1b4588e7ef3a91484eb9b6db08bb3.sol:49:79: Rule is set with explicit type [var/s: uint] [Warning/explicit-types]
/sb/0x003e1e8dd1a1b4588e7ef3a91484eb9b6db08bb3.sol:53:5: Missing @notice tag in function 'approve' [Warning/use-natspec]
/sb/0x003e1e8dd1a1b4588e7ef3a91484eb9b6db08bb3.sol:53:5: Missing @param tag in function 'approve' [Warning/use-natspec]
/sb/0x003e1e8dd1a1b4588e7ef3a91484eb9b6db08bb3.sol:53:5: Mismatch in @param names for function 'approve'. Expected: [spender, value], Found: [] [Warning/use-natspec]
/sb/0x003e1e8dd1a1b4588e7ef3a91484eb9b6db08bb3.sol:53:5: Missing @return tag in function 'approve' [Warning/use-natspec]
/sb/0x003e1e8dd1a1b4588e7ef3a91484eb9b6db08bb3.sol:53:5: Mismatch in @return count for function 'approve'. Expected: 1, Found: 0 [Warning/use-natspec]
/sb/0x003e1e8dd1a1b4588e7ef3a91484eb9b6db08bb3.sol:53:39: Rule is set with explicit type [var/s: uint] [Warning/explicit-types]
/sb/0x003e1e8dd1a1b4588e7ef3a91484eb9b6db08bb3.sol:55:5: Missing @notice tag in function 'transfer' [Warning/use-natspec]
/sb/0x003e1e8dd1a1b4588e7ef3a91484eb9b6db08bb3.sol:55:5: Missing @param tag in function 'transfer' [Warning/use-natspec]
/sb/0x003e1e8dd1a1b4588e7ef3a91484eb9b6db08bb3.sol:55:5: Mismatch in @param names for function 'transfer'. Expected: [to, value], Found: [] [Warning/use-natspec]
/sb/0x003e1e8dd1a1b4588e7ef3a91484eb9b6db08bb3.sol:55:5: Missing @return tag in function 'transfer' [Warning/use-natspec]
/sb/0x003e1e8dd1a1b4588e7ef3a91484eb9b6db08bb3.sol:55:5: Mismatch in @return count for function 'transfer'. Expected: 1, Found: 0 [Warning/use-natspec]
/sb/0x003e1e8dd1a1b4588e7ef3a91484eb9b6db08bb3.sol:55:35: Rule is set with explicit type [var/s: uint] [Warning/explicit-types]
/sb/0x003e1e8dd1a1b4588e7ef3a91484eb9b6db08bb3.sol:57:5: Missing @notice tag in function 'transferFrom' [Warning/use-natspec]
/sb/0x003e1e8dd1a1b4588e7ef3a91484eb9b6db08bb3.sol:57:5: Missing @param tag in function 'transferFrom' [Warning/use-natspec]
/sb/0x003e1e8dd1a1b4588e7ef3a91484eb9b6db08bb3.sol:57:5: Mismatch in @param names for function 'transferFrom'. Expected: [from, to, value], Found: [] [Warning/use-natspec]
/sb/0x003e1e8dd1a1b4588e7ef3a91484eb9b6db08bb3.sol:57:5: Missing @return tag in function 'transferFrom' [Warning/use-natspec]
/sb/0x003e1e8dd1a1b4588e7ef3a91484eb9b6db08bb3.sol:57:5: Mismatch in @return count for function 'transferFrom'. Expected: 1, Found: 0 [Warning/use-natspec]
/sb/0x003e1e8dd1a1b4588e7ef3a91484eb9b6db08bb3.sol:57:53: Rule is set with explicit type [var/s: uint] [Warning/explicit-types]
/sb/0x003e1e8dd1a1b4588e7ef3a91484eb9b6db08bb3.sol:61:5: Missing @notice tag in function 'DOMAIN_SEPARATOR' [Warning/use-natspec]
/sb/0x003e1e8dd1a1b4588e7ef3a91484eb9b6db08bb3.sol:61:5: Missing @return tag in function 'DOMAIN_SEPARATOR' [Warning/use-natspec]
/sb/0x003e1e8dd1a1b4588e7ef3a91484eb9b6db08bb3.sol:61:5: Mismatch in @return count for function 'DOMAIN_SEPARATOR'. Expected: 1, Found: 0 [Warning/use-natspec]
/sb/0x003e1e8dd1a1b4588e7ef3a91484eb9b6db08bb3.sol:61:5: Function name must be in mixedCase [Warning/func-name-mixedcase]
/sb/0x003e1e8dd1a1b4588e7ef3a91484eb9b6db08bb3.sol:63:5: Missing @notice tag in function 'PERMIT_TYPEHASH' [Warning/use-natspec]
/sb/0x003e1e8dd1a1b4588e7ef3a91484eb9b6db08bb3.sol:63:5: Missing @return tag in function 'PERMIT_TYPEHASH' [Warning/use-natspec]
/sb/0x003e1e8dd1a1b4588e7ef3a91484eb9b6db08bb3.sol:63:5: Mismatch in @return count for function 'PERMIT_TYPEHASH'. Expected: 1, Found: 0 [Warning/use-natspec]
/sb/0x003e1e8dd1a1b4588e7ef3a91484eb9b6db08bb3.sol:63:5: Function name must be in mixedCase [Warning/func-name-mixedcase]
/sb/0x003e1e8dd1a1b4588e7ef3a91484eb9b6db08bb3.sol:65:5: Missing @notice tag in function 'nonces' [Warning/use-natspec]
/sb/0x003e1e8dd1a1b4588e7ef3a91484eb9b6db08bb3.sol:65:5: Missing @param tag in function 'nonces' [Warning/use-natspec]
/sb/0x003e1e8dd1a1b4588e7ef3a91484eb9b6db08bb3.sol:65:5: Mismatch in @param names for function 'nonces'. Expected: [owner], Found: [] [Warning/use-natspec]
/sb/0x003e1e8dd1a1b4588e7ef3a91484eb9b6db08bb3.sol:65:5: Missing @return tag in function 'nonces' [Warning/use-natspec]
/sb/0x003e1e8dd1a1b4588e7ef3a91484eb9b6db08bb3.sol:65:5: Mismatch in @return count for function 'nonces'. Expected: 1, Found: 0 [Warning/use-natspec]
/sb/0x003e1e8dd1a1b4588e7ef3a91484eb9b6db08bb3.sol:65:59: Rule is set with explicit type [var/s: uint] [Warning/explicit-types]
/sb/0x003e1e8dd1a1b4588e7ef3a91484eb9b6db08bb3.sol:69:5: Missing @notice tag in function 'permit' [Warning/use-natspec]
/sb/0x003e1e8dd1a1b4588e7ef3a91484eb9b6db08bb3.sol:69:5: Missing @param tag in function 'permit' [Warning/use-natspec]
/sb/0x003e1e8dd1a1b4588e7ef3a91484eb9b6db08bb3.sol:69:5: Mismatch in @param names for function 'permit'. Expected: [owner, spender, value, deadline, v, r, s], Found: [] [Warning/use-natspec]
/sb/0x003e1e8dd1a1b4588e7ef3a91484eb9b6db08bb3.sol:69:53: Rule is set with explicit type [var/s: uint] [Warning/explicit-types]
/sb/0x003e1e8dd1a1b4588e7ef3a91484eb9b6db08bb3.sol:69:65: Rule is set with explicit type [var/s: uint] [Warning/explicit-types]
/sb/0x003e1e8dd1a1b4588e7ef3a91484eb9b6db08bb3.sol:73:5: Missing @notice tag in event 'Mint' [Warning/use-natspec]
/sb/0x003e1e8dd1a1b4588e7ef3a91484eb9b6db08bb3.sol:73:5: Missing @param tag in event 'Mint' [Warning/use-natspec]
/sb/0x003e1e8dd1a1b4588e7ef3a91484eb9b6db08bb3.sol:73:5: Mismatch in @param names for event 'Mint'. Expected: [sender, amount0, amount1], Found: [] [Warning/use-natspec]
/sb/0x003e1e8dd1a1b4588e7ef3a91484eb9b6db08bb3.sol:73:5: GC: [amount0] on Event [Mint] could be Indexed [Warning/gas-indexed-events]
/sb/0x003e1e8dd1a1b4588e7ef3a91484eb9b6db08bb3.sol:73:5: GC: [amount1] on Event [Mint] could be Indexed [Warning/gas-indexed-events]
/sb/0x003e1e8dd1a1b4588e7ef3a91484eb9b6db08bb3.sol:73:40: Rule is set with explicit type [var/s: uint] [Warning/explicit-types]
/sb/0x003e1e8dd1a1b4588e7ef3a91484eb9b6db08bb3.sol:73:54: Rule is set with explicit type [var/s: uint] [Warning/explicit-types]
/sb/0x003e1e8dd1a1b4588e7ef3a91484eb9b6db08bb3.sol:75:5: Missing @notice tag in event 'Swap' [Warning/use-natspec]
/sb/0x003e1e8dd1a1b4588e7ef3a91484eb9b6db08bb3.sol:75:5: Missing @param tag in event 'Swap' [Warning/use-natspec]
/sb/0x003e1e8dd1a1b4588e7ef3a91484eb9b6db08bb3.sol:75:5: Mismatch in @param names for event 'Swap'. Expected: [sender, amount0In, amount1In, amount0Out, amount1Out, to], Found: [] [Warning/use-natspec]
/sb/0x003e1e8dd1a1b4588e7ef3a91484eb9b6db08bb3.sol:75:5: GC: [amount0In] on Event [Swap] could be Indexed [Warning/gas-indexed-events]
/sb/0x003e1e8dd1a1b4588e7ef3a91484eb9b6db08bb3.sol:75:5: GC: [amount1In] on Event [Swap] could be Indexed [Warning/gas-indexed-events]
/sb/0x003e1e8dd1a1b4588e7ef3a91484eb9b6db08bb3.sol:75:5: GC: [amount0Out] on Event [Swap] could be Indexed [Warning/gas-indexed-events]
/sb/0x003e1e8dd1a1b4588e7ef3a91484eb9b6db08bb3.sol:75:5: GC: [amount1Out] on Event [Swap] could be Indexed [Warning/gas-indexed-events]
/sb/0x003e1e8dd1a1b4588e7ef3a91484eb9b6db08bb3.sol:79:9: Rule is set with explicit type [var/s: uint] [Warning/explicit-types]
/sb/0x003e1e8dd1a1b4588e7ef3a91484eb9b6db08bb3.sol:81:9: Rule is set with explicit type [var/s: uint] [Warning/explicit-types]
/sb/0x003e1e8dd1a1b4588e7ef3a91484eb9b6db08bb3.sol:83:9: Rule is set with explicit type [var/s: uint] [Warning/explicit-types]
/sb/0x003e1e8dd1a1b4588e7ef3a91484eb9b6db08bb3.sol:85:9: Rule is set with explicit type [var/s: uint] [Warning/explicit-types]
/sb/0x003e1e8dd1a1b4588e7ef3a91484eb9b6db08bb3.sol:91:5: Missing @notice tag in event 'Sync' [Warning/use-natspec]
/sb/0x003e1e8dd1a1b4588e7ef3a91484eb9b6db08bb3.sol:91:5: Missing @param tag in event 'Sync' [Warning/use-natspec]
/sb/0x003e1e8dd1a1b4588e7ef3a91484eb9b6db08bb3.sol:91:5: Mismatch in @param names for event 'Sync'. Expected: [reserve0, reserve1], Found: [] [Warning/use-natspec]
/sb/0x003e1e8dd1a1b4588e7ef3a91484eb9b6db08bb3.sol:91:5: GC: [reserve0] on Event [Sync] could be Indexed [Warning/gas-indexed-events]
/sb/0x003e1e8dd1a1b4588e7ef3a91484eb9b6db08bb3.sol:91:5: GC: [reserve1] on Event [Sync] could be Indexed [Warning/gas-indexed-events]
/sb/0x003e1e8dd1a1b4588e7ef3a91484eb9b6db08bb3.sol:95:5: Missing @notice tag in function 'MINIMUM_LIQUIDITY' [Warning/use-natspec]
/sb/0x003e1e8dd1a1b4588e7ef3a91484eb9b6db08bb3.sol:95:5: Missing @return tag in function 'MINIMUM_LIQUIDITY' [Warning/use-natspec]
/sb/0x003e1e8dd1a1b4588e7ef3a91484eb9b6db08bb3.sol:95:5: Mismatch in @return count for function 'MINIMUM_LIQUIDITY'. Expected: 1, Found: 0 [Warning/use-natspec]
/sb/0x003e1e8dd1a1b4588e7ef3a91484eb9b6db08bb3.sol:95:5: Function name must be in mixedCase [Warning/func-name-mixedcase]
/sb/0x003e1e8dd1a1b4588e7ef3a91484eb9b6db08bb3.sol:95:57: Rule is set with explicit type [var/s: uint] [Warning/explicit-types]
/sb/0x003e1e8dd1a1b4588e7ef3a91484eb9b6db08bb3.sol:97:5: Missing @notice tag in function 'factory' [Warning/use-natspec]
/sb/0x003e1e8dd1a1b4588e7ef3a91484eb9b6db08bb3.sol:97:5: Missing @return tag in function 'factory' [Warning/use-natspec]
/sb/0x003e1e8dd1a1b4588e7ef3a91484eb9b6db08bb3.sol:97:5: Mismatch in @return count for function 'factory'. Expected: 1, Found: 0 [Warning/use-natspec]
/sb/0x003e1e8dd1a1b4588e7ef3a91484eb9b6db08bb3.sol:99:5: Missing @notice tag in function 'token0' [Warning/use-natspec]
/sb/0x003e1e8dd1a1b4588e7ef3a91484eb9b6db08bb3.sol:99:5: Missing @return tag in function 'token0' [Warning/use-natspec]
/sb/0x003e1e8dd1a1b4588e7ef3a91484eb9b6db08bb3.sol:99:5: Mismatch in @return count for function 'token0'. Expected: 1, Found: 0 [Warning/use-natspec]
/sb/0x003e1e8dd1a1b4588e7ef3a91484eb9b6db08bb3.sol:101:5: Missing @notice tag in function 'token1' [Warning/use-natspec]
/sb/0x003e1e8dd1a1b4588e7ef3a91484eb9b6db08bb3.sol:101:5: Missing @return tag in function 'token1' [Warning/use-natspec]
/sb/0x003e1e8dd1a1b4588e7ef3a91484eb9b6db08bb3.sol:101:5: Mismatch in @return count for function 'token1'. Expected: 1, Found: 0 [Warning/use-natspec]
/sb/0x003e1e8dd1a1b4588e7ef3a91484eb9b6db08bb3.sol:103:5: Missing @notice tag in function 'getReserves' [Warning/use-natspec]
/sb/0x003e1e8dd1a1b4588e7ef3a91484eb9b6db08bb3.sol:103:5: Missing @return tag in function 'getReserves' [Warning/use-natspec]
/sb/0x003e1e8dd1a1b4588e7ef3a91484eb9b6db08bb3.sol:103:5: Mismatch in @return names for function 'getReserves'. Expected: [reserve0, reserve1, blockTimestampLast], Found: [] [Warning/use-natspec]
/sb/0x003e1e8dd1a1b4588e7ef3a91484eb9b6db08bb3.sol:105:5: Missing @notice tag in function 'price0CumulativeLast' [Warning/use-natspec]
/sb/0x003e1e8dd1a1b4588e7ef3a91484eb9b6db08bb3.sol:105:5: Missing @return tag in function 'price0CumulativeLast' [Warning/use-natspec]
/sb/0x003e1e8dd1a1b4588e7ef3a91484eb9b6db08bb3.sol:105:5: Mismatch in @return count for function 'price0CumulativeLast'. Expected: 1, Found: 0 [Warning/use-natspec]
/sb/0x003e1e8dd1a1b4588e7ef3a91484eb9b6db08bb3.sol:105:60: Rule is set with explicit type [var/s: uint] [Warning/explicit-types]
/sb/0x003e1e8dd1a1b4588e7ef3a91484eb9b6db08bb3.sol:107:5: Missing @notice tag in function 'price1CumulativeLast' [Warning/use-natspec]
/sb/0x003e1e8dd1a1b4588e7ef3a91484eb9b6db08bb3.sol:107:5: Missing @return tag in function 'price1CumulativeLast' [Warning/use-natspec]
/sb/0x003e1e8dd1a1b4588e7ef3a91484eb9b6db08bb3.sol:107:5: Mismatch in @return count for function 'price1CumulativeLast'. Expected: 1, Found: 0 [Warning/use-natspec]
/sb/0x003e1e8dd1a1b4588e7ef3a91484eb9b6db08bb3.sol:107:60: Rule is set with explicit type [var/s: uint] [Warning/explicit-types]
/sb/0x003e1e8dd1a1b4588e7ef3a91484eb9b6db08bb3.sol:109:5: Missing @notice tag in function 'kLast' [Warning/use-natspec]
/sb/0x003e1e8dd1a1b4588e7ef3a91484eb9b6db08bb3.sol:109:5: Missing @return tag in function 'kLast' [Warning/use-natspec]
/sb/0x003e1e8dd1a1b4588e7ef3a91484eb9b6db08bb3.sol:109:5: Mismatch in @return count for function 'kLast'. Expected: 1, Found: 0 [Warning/use-natspec]
/sb/0x003e1e8dd1a1b4588e7ef3a91484eb9b6db08bb3.sol:109:45: Rule is set with explicit type [var/s: uint] [Warning/explicit-types]
/sb/0x003e1e8dd1a1b4588e7ef3a91484eb9b6db08bb3.sol:113:5: Missing @notice tag in function 'mint' [Warning/use-natspec]
/sb/0x003e1e8dd1a1b4588e7ef3a91484eb9b6db08bb3.sol:113:5: Missing @param tag in function 'mint' [Warning/use-natspec]
/sb/0x003e1e8dd1a1b4588e7ef3a91484eb9b6db08bb3.sol:113:5: Mismatch in @param names for function 'mint'. Expected: [to], Found: [] [Warning/use-natspec]
/sb/0x003e1e8dd1a1b4588e7ef3a91484eb9b6db08bb3.sol:113:5: Missing @return tag in function 'mint' [Warning/use-natspec]
/sb/0x003e1e8dd1a1b4588e7ef3a91484eb9b6db08bb3.sol:113:5: Mismatch in @return names for function 'mint'. Expected: [liquidity], Found: [] [Warning/use-natspec]
/sb/0x003e1e8dd1a1b4588e7ef3a91484eb9b6db08bb3.sol:113:49: Rule is set with explicit type [var/s: uint] [Warning/explicit-types]
/sb/0x003e1e8dd1a1b4588e7ef3a91484eb9b6db08bb3.sol:115:5: Missing @notice tag in function 'burn' [Warning/use-natspec]
/sb/0x003e1e8dd1a1b4588e7ef3a91484eb9b6db08bb3.sol:115:5: Missing @param tag in function 'burn' [Warning/use-natspec]
/sb/0x003e1e8dd1a1b4588e7ef3a91484eb9b6db08bb3.sol:115:5: Mismatch in @param names for function 'burn'. Expected: [to], Found: [] [Warning/use-natspec]
/sb/0x003e1e8dd1a1b4588e7ef3a91484eb9b6db08bb3.sol:115:5: Missing @return tag in function 'burn' [Warning/use-natspec]
/sb/0x003e1e8dd1a1b4588e7ef3a91484eb9b6db08bb3.sol:115:5: Mismatch in @return names for function 'burn'. Expected: [amount0, amount1], Found: [] [Warning/use-natspec]
/sb/0x003e1e8dd1a1b4588e7ef3a91484eb9b6db08bb3.sol:115:49: Rule is set with explicit type [var/s: uint] [Warning/explicit-types]
/sb/0x003e1e8dd1a1b4588e7ef3a91484eb9b6db08bb3.sol:115:63: Rule is set with explicit type [var/s: uint] [Warning/explicit-types]
/sb/0x003e1e8dd1a1b4588e7ef3a91484eb9b6db08bb3.sol:117:5: Missing @notice tag in function 'swap' [Warning/use-natspec]
/sb/0x003e1e8dd1a1b4588e7ef3a91484eb9b6db08bb3.sol:117:5: Missing @param tag in function 'swap' [Warning/use-natspec]
/sb/0x003e1e8dd1a1b4588e7ef3a91484eb9b6db08bb3.sol:117:5: Mismatch in @param names for function 'swap'. Expected: [amount0Out, amount1Out, to, data], Found: [] [Warning/use-natspec]
/sb/0x003e1e8dd1a1b4588e7ef3a91484eb9b6db08bb3.sol:117:19: Rule is set with explicit type [var/s: uint] [Warning/explicit-types]
/sb/0x003e1e8dd1a1b4588e7ef3a91484eb9b6db08bb3.sol:117:36: Rule is set with explicit type [var/s: uint] [Warning/explicit-types]
/sb/0x003e1e8dd1a1b4588e7ef3a91484eb9b6db08bb3.sol:119:5: Missing @notice tag in function 'skim' [Warning/use-natspec]
/sb/0x003e1e8dd1a1b4588e7ef3a91484eb9b6db08bb3.sol:119:5: Missing @param tag in function 'skim' [Warning/use-natspec]
/sb/0x003e1e8dd1a1b4588e7ef3a91484eb9b6db08bb3.sol:119:5: Mismatch in @param names for function 'skim'. Expected: [to], Found: [] [Warning/use-natspec]
/sb/0x003e1e8dd1a1b4588e7ef3a91484eb9b6db08bb3.sol:121:5: Missing @notice tag in function 'sync' [Warning/use-natspec]
/sb/0x003e1e8dd1a1b4588e7ef3a91484eb9b6db08bb3.sol:125:5: Missing @notice tag in function 'initialize' [Warning/use-natspec]
/sb/0x003e1e8dd1a1b4588e7ef3a91484eb9b6db08bb3.sol:125:5: Missing @param tag in function 'initialize' [Warning/use-natspec]
/sb/0x003e1e8dd1a1b4588e7ef3a91484eb9b6db08bb3.sol:125:5: Mismatch in @param count for function 'initialize'. Expected: 2, Found: 0 [Warning/use-natspec]
/sb/0x003e1e8dd1a1b4588e7ef3a91484eb9b6db08bb3.sol:131:1: Missing @title tag in contract 'IUniswapV2Factory' [Warning/use-natspec]
/sb/0x003e1e8dd1a1b4588e7ef3a91484eb9b6db08bb3.sol:131:1: Missing @author tag in contract 'IUniswapV2Factory' [Warning/use-natspec]
/sb/0x003e1e8dd1a1b4588e7ef3a91484eb9b6db08bb3.sol:131:1: Missing @notice tag in contract 'IUniswapV2Factory' [Warning/use-natspec]
/sb/0x003e1e8dd1a1b4588e7ef3a91484eb9b6db08bb3.sol:133:5: Missing @notice tag in event 'PairCreated' [Warning/use-natspec]
/sb/0x003e1e8dd1a1b4588e7ef3a91484eb9b6db08bb3.sol:133:5: Missing @param tag in event 'PairCreated' [Warning/use-natspec]
/sb/0x003e1e8dd1a1b4588e7ef3a91484eb9b6db08bb3.sol:133:5: Mismatch in @param count for event 'PairCreated'. Expected: 4, Found: 0 [Warning/use-natspec]
/sb/0x003e1e8dd1a1b4588e7ef3a91484eb9b6db08bb3.sol:133:5: GC: [pair] on Event [PairCreated] could be Indexed [Warning/gas-indexed-events]
/sb/0x003e1e8dd1a1b4588e7ef3a91484eb9b6db08bb3.sol:133:5: GC: [null] on Event [PairCreated] could be Indexed [Warning/gas-indexed-events]
/sb/0x003e1e8dd1a1b4588e7ef3a91484eb9b6db08bb3.sol:133:85: Rule is set with explicit type [var/s: uint] [Warning/explicit-types]
/sb/0x003e1e8dd1a1b4588e7ef3a91484eb9b6db08bb3.sol:137:5: Missing @notice tag in function 'feeTo' [Warning/use-natspec]
/sb/0x003e1e8dd1a1b4588e7ef3a91484eb9b6db08bb3.sol:137:5: Missing @return tag in function 'feeTo' [Warning/use-natspec]
/sb/0x003e1e8dd1a1b4588e7ef3a91484eb9b6db08bb3.sol:137:5: Mismatch in @return count for function 'feeTo'. Expected: 1, Found: 0 [Warning/use-natspec]
/sb/0x003e1e8dd1a1b4588e7ef3a91484eb9b6db08bb3.sol:139:5: Missing @notice tag in function 'feeToSetter' [Warning/use-natspec]
/sb/0x003e1e8dd1a1b4588e7ef3a91484eb9b6db08bb3.sol:139:5: Missing @return tag in function 'feeToSetter' [Warning/use-natspec]
/sb/0x003e1e8dd1a1b4588e7ef3a91484eb9b6db08bb3.sol:139:5: Mismatch in @return count for function 'feeToSetter'. Expected: 1, Found: 0 [Warning/use-natspec]
/sb/0x003e1e8dd1a1b4588e7ef3a91484eb9b6db08bb3.sol:143:5: Missing @notice tag in function 'getPair' [Warning/use-natspec]
/sb/0x003e1e8dd1a1b4588e7ef3a91484eb9b6db08bb3.sol:143:5: Missing @param tag in function 'getPair' [Warning/use-natspec]
/sb/0x003e1e8dd1a1b4588e7ef3a91484eb9b6db08bb3.sol:143:5: Mismatch in @param names for function 'getPair'. Expected: [tokenA, tokenB], Found: [] [Warning/use-natspec]
/sb/0x003e1e8dd1a1b4588e7ef3a91484eb9b6db08bb3.sol:143:5: Missing @return tag in function 'getPair' [Warning/use-natspec]
/sb/0x003e1e8dd1a1b4588e7ef3a91484eb9b6db08bb3.sol:143:5: Mismatch in @return names for function 'getPair'. Expected: [pair], Found: [] [Warning/use-natspec]
/sb/0x003e1e8dd1a1b4588e7ef3a91484eb9b6db08bb3.sol:145:5: Missing @notice tag in function 'allPairs' [Warning/use-natspec]
/sb/0x003e1e8dd1a1b4588e7ef3a91484eb9b6db08bb3.sol:145:5: Missing @param tag in function 'allPairs' [Warning/use-natspec]
/sb/0x003e1e8dd1a1b4588e7ef3a91484eb9b6db08bb3.sol:145:5: Mismatch in @param count for function 'allPairs'. Expected: 1, Found: 0 [Warning/use-natspec]
/sb/0x003e1e8dd1a1b4588e7ef3a91484eb9b6db08bb3.sol:145:5: Missing @return tag in function 'allPairs' [Warning/use-natspec]
/sb/0x003e1e8dd1a1b4588e7ef3a91484eb9b6db08bb3.sol:145:5: Mismatch in @return names for function 'allPairs'. Expected: [pair], Found: [] [Warning/use-natspec]
/sb/0x003e1e8dd1a1b4588e7ef3a91484eb9b6db08bb3.sol:145:23: Rule is set with explicit type [var/s: uint] [Warning/explicit-types]
/sb/0x003e1e8dd1a1b4588e7ef3a91484eb9b6db08bb3.sol:147:5: Missing @notice tag in function 'allPairsLength' [Warning/use-natspec]
/sb/0x003e1e8dd1a1b4588e7ef3a91484eb9b6db08bb3.sol:147:5: Missing @return tag in function 'allPairsLength' [Warning/use-natspec]
/sb/0x003e1e8dd1a1b4588e7ef3a91484eb9b6db08bb3.sol:147:5: Mismatch in @return count for function 'allPairsLength'. Expected: 1, Found: 0 [Warning/use-natspec]
/sb/0x003e1e8dd1a1b4588e7ef3a91484eb9b6db08bb3.sol:147:54: Rule is set with explicit type [var/s: uint] [Warning/explicit-types]
/sb/0x003e1e8dd1a1b4588e7ef3a91484eb9b6db08bb3.sol:151:5: Missing @notice tag in function 'createPair' [Warning/use-natspec]
/sb/0x003e1e8dd1a1b4588e7ef3a91484eb9b6db08bb3.sol:151:5: Missing @param tag in function 'createPair' [Warning/use-natspec]
/sb/0x003e1e8dd1a1b4588e7ef3a91484eb9b6db08bb3.sol:151:5: Mismatch in @param names for function 'createPair'. Expected: [tokenA, tokenB], Found: [] [Warning/use-natspec]
/sb/0x003e1e8dd1a1b4588e7ef3a91484eb9b6db08bb3.sol:151:5: Missing @return tag in function 'createPair' [Warning/use-natspec]
/sb/0x003e1e8dd1a1b4588e7ef3a91484eb9b6db08bb3.sol:151:5: Mismatch in @return names for function 'createPair'. Expected: [pair], Found: [] [Warning/use-natspec]
/sb/0x003e1e8dd1a1b4588e7ef3a91484eb9b6db08bb3.sol:155:5: Missing @notice tag in function 'setFeeTo' [Warning/use-natspec]
/sb/0x003e1e8dd1a1b4588e7ef3a91484eb9b6db08bb3.sol:155:5: Missing @param tag in function 'setFeeTo' [Warning/use-natspec]
/sb/0x003e1e8dd1a1b4588e7ef3a91484eb9b6db08bb3.sol:155:5: Mismatch in @param count for function 'setFeeTo'. Expected: 1, Found: 0 [Warning/use-natspec]
/sb/0x003e1e8dd1a1b4588e7ef3a91484eb9b6db08bb3.sol:157:5: Missing @notice tag in function 'setFeeToSetter' [Warning/use-natspec]
/sb/0x003e1e8dd1a1b4588e7ef3a91484eb9b6db08bb3.sol:157:5: Missing @param tag in function 'setFeeToSetter' [Warning/use-natspec]
/sb/0x003e1e8dd1a1b4588e7ef3a91484eb9b6db08bb3.sol:157:5: Mismatch in @param count for function 'setFeeToSetter'. Expected: 1, Found: 0 [Warning/use-natspec]
/sb/0x003e1e8dd1a1b4588e7ef3a91484eb9b6db08bb3.sol:163:1: Missing @title tag in contract 'IERC20' [Warning/use-natspec]
/sb/0x003e1e8dd1a1b4588e7ef3a91484eb9b6db08bb3.sol:163:1: Missing @author tag in contract 'IERC20' [Warning/use-natspec]
/sb/0x003e1e8dd1a1b4588e7ef3a91484eb9b6db08bb3.sol:163:1: Missing @notice tag in contract 'IERC20' [Warning/use-natspec]
/sb/0x003e1e8dd1a1b4588e7ef3a91484eb9b6db08bb3.sol:171:5: Missing @notice tag in function 'totalSupply' [Warning/use-natspec]
/sb/0x003e1e8dd1a1b4588e7ef3a91484eb9b6db08bb3.sol:171:5: Missing @return tag in function 'totalSupply' [Warning/use-natspec]
/sb/0x003e1e8dd1a1b4588e7ef3a91484eb9b6db08bb3.sol:171:5: Mismatch in @return count for function 'totalSupply'. Expected: 1, Found: 0 [Warning/use-natspec]
/sb/0x003e1e8dd1a1b4588e7ef3a91484eb9b6db08bb3.sol:181:5: Missing @notice tag in function 'balanceOf' [Warning/use-natspec]
/sb/0x003e1e8dd1a1b4588e7ef3a91484eb9b6db08bb3.sol:181:5: Missing @param tag in function 'balanceOf' [Warning/use-natspec]
/sb/0x003e1e8dd1a1b4588e7ef3a91484eb9b6db08bb3.sol:181:5: Mismatch in @param names for function 'balanceOf'. Expected: [account], Found: [] [Warning/use-natspec]
/sb/0x003e1e8dd1a1b4588e7ef3a91484eb9b6db08bb3.sol:181:5: Missing @return tag in function 'balanceOf' [Warning/use-natspec]
/sb/0x003e1e8dd1a1b4588e7ef3a91484eb9b6db08bb3.sol:181:5: Mismatch in @return count for function 'balanceOf'. Expected: 1, Found: 0 [Warning/use-natspec]
/sb/0x003e1e8dd1a1b4588e7ef3a91484eb9b6db08bb3.sol:199:5: Missing @notice tag in function 'transfer' [Warning/use-natspec]
/sb/0x003e1e8dd1a1b4588e7ef3a91484eb9b6db08bb3.sol:199:5: Missing @param tag in function 'transfer' [Warning/use-natspec]
/sb/0x003e1e8dd1a1b4588e7ef3a91484eb9b6db08bb3.sol:199:5: Mismatch in @param names for function 'transfer'. Expected: [recipient, amount], Found: [] [Warning/use-natspec]
/sb/0x003e1e8dd1a1b4588e7ef3a91484eb9b6db08bb3.sol:199:5: Missing @return tag in function 'transfer' [Warning/use-natspec]
/sb/0x003e1e8dd1a1b4588e7ef3a91484eb9b6db08bb3.sol:199:5: Mismatch in @return count for function 'transfer'. Expected: 1, Found: 0 [Warning/use-natspec]
/sb/0x003e1e8dd1a1b4588e7ef3a91484eb9b6db08bb3.sol:217:5: Missing @notice tag in function 'allowance' [Warning/use-natspec]
/sb/0x003e1e8dd1a1b4588e7ef3a91484eb9b6db08bb3.sol:217:5: Missing @param tag in function 'allowance' [Warning/use-natspec]
/sb/0x003e1e8dd1a1b4588e7ef3a91484eb9b6db08bb3.sol:217:5: Mismatch in @param names for function 'allowance'. Expected: [owner, spender], Found: [] [Warning/use-natspec]
/sb/0x003e1e8dd1a1b4588e7ef3a91484eb9b6db08bb3.sol:217:5: Missing @return tag in function 'allowance' [Warning/use-natspec]
/sb/0x003e1e8dd1a1b4588e7ef3a91484eb9b6db08bb3.sol:217:5: Mismatch in @return count for function 'allowance'. Expected: 1, Found: 0 [Warning/use-natspec]
/sb/0x003e1e8dd1a1b4588e7ef3a91484eb9b6db08bb3.sol:249:5: Missing @notice tag in function 'approve' [Warning/use-natspec]
/sb/0x003e1e8dd1a1b4588e7ef3a91484eb9b6db08bb3.sol:249:5: Missing @param tag in function 'approve' [Warning/use-natspec]
/sb/0x003e1e8dd1a1b4588e7ef3a91484eb9b6db08bb3.sol:249:5: Mismatch in @param names for function 'approve'. Expected: [spender, amount], Found: [] [Warning/use-natspec]
/sb/0x003e1e8dd1a1b4588e7ef3a91484eb9b6db08bb3.sol:249:5: Missing @return tag in function 'approve' [Warning/use-natspec]
/sb/0x003e1e8dd1a1b4588e7ef3a91484eb9b6db08bb3.sol:249:5: Mismatch in @return count for function 'approve'. Expected: 1, Found: 0 [Warning/use-natspec]
/sb/0x003e1e8dd1a1b4588e7ef3a91484eb9b6db08bb3.sol:271:5: Missing @notice tag in function 'transferFrom' [Warning/use-natspec]
/sb/0x003e1e8dd1a1b4588e7ef3a91484eb9b6db08bb3.sol:271:5: Missing @param tag in function 'transferFrom' [Warning/use-natspec]
/sb/0x003e1e8dd1a1b4588e7ef3a91484eb9b6db08bb3.sol:271:5: Mismatch in @param names for function 'transferFrom'. Expected: [sender, recipient, amount], Found: [] [Warning/use-natspec]
/sb/0x003e1e8dd1a1b4588e7ef3a91484eb9b6db08bb3.sol:271:5: Missing @return tag in function 'transferFrom' [Warning/use-natspec]
/sb/0x003e1e8dd1a1b4588e7ef3a91484eb9b6db08bb3.sol:271:5: Mismatch in @return count for function 'transferFrom'. Expected: 1, Found: 0 [Warning/use-natspec]
/sb/0x003e1e8dd1a1b4588e7ef3a91484eb9b6db08bb3.sol:295:5: Missing @notice tag in event 'Transfer' [Warning/use-natspec]
/sb/0x003e1e8dd1a1b4588e7ef3a91484eb9b6db08bb3.sol:295:5: Missing @param tag in event 'Transfer' [Warning/use-natspec]
/sb/0x003e1e8dd1a1b4588e7ef3a91484eb9b6db08bb3.sol:295:5: Mismatch in @param names for event 'Transfer'. Expected: [from, to, value], Found: [] [Warning/use-natspec]
/sb/0x003e1e8dd1a1b4588e7ef3a91484eb9b6db08bb3.sol:295:5: GC: [value] on Event [Transfer] could be Indexed [Warning/gas-indexed-events]
/sb/0x003e1e8dd1a1b4588e7ef3a91484eb9b6db08bb3.sol:307:5: Missing @notice tag in event 'Approval' [Warning/use-natspec]
/sb/0x003e1e8dd1a1b4588e7ef3a91484eb9b6db08bb3.sol:307:5: Missing @param tag in event 'Approval' [Warning/use-natspec]
/sb/0x003e1e8dd1a1b4588e7ef3a91484eb9b6db08bb3.sol:307:5: Mismatch in @param names for event 'Approval'. Expected: [owner, spender, value], Found: [] [Warning/use-natspec]
/sb/0x003e1e8dd1a1b4588e7ef3a91484eb9b6db08bb3.sol:307:5: GC: [value] on Event [Approval] could be Indexed [Warning/gas-indexed-events]
/sb/0x003e1e8dd1a1b4588e7ef3a91484eb9b6db08bb3.sol:313:1: Missing @title tag in contract 'IERC20Metadata' [Warning/use-natspec]
/sb/0x003e1e8dd1a1b4588e7ef3a91484eb9b6db08bb3.sol:313:1: Missing @author tag in contract 'IERC20Metadata' [Warning/use-natspec]
/sb/0x003e1e8dd1a1b4588e7ef3a91484eb9b6db08bb3.sol:313:1: Missing @notice tag in contract 'IERC20Metadata' [Warning/use-natspec]
/sb/0x003e1e8dd1a1b4588e7ef3a91484eb9b6db08bb3.sol:321:5: Missing @notice tag in function 'name' [Warning/use-natspec]
/sb/0x003e1e8dd1a1b4588e7ef3a91484eb9b6db08bb3.sol:321:5: Missing @return tag in function 'name' [Warning/use-natspec]
/sb/0x003e1e8dd1a1b4588e7ef3a91484eb9b6db08bb3.sol:321:5: Mismatch in @return count for function 'name'. Expected: 1, Found: 0 [Warning/use-natspec]
/sb/0x003e1e8dd1a1b4588e7ef3a91484eb9b6db08bb3.sol:331:5: Missing @notice tag in function 'symbol' [Warning/use-natspec]
/sb/0x003e1e8dd1a1b4588e7ef3a91484eb9b6db08bb3.sol:331:5: Missing @return tag in function 'symbol' [Warning/use-natspec]
/sb/0x003e1e8dd1a1b4588e7ef3a91484eb9b6db08bb3.sol:331:5: Mismatch in @return count for function 'symbol'. Expected: 1, Found: 0 [Warning/use-natspec]
/sb/0x003e1e8dd1a1b4588e7ef3a91484eb9b6db08bb3.sol:341:5: Missing @notice tag in function 'decimals' [Warning/use-natspec]
/sb/0x003e1e8dd1a1b4588e7ef3a91484eb9b6db08bb3.sol:341:5: Missing @return tag in function 'decimals' [Warning/use-natspec]
/sb/0x003e1e8dd1a1b4588e7ef3a91484eb9b6db08bb3.sol:341:5: Mismatch in @return count for function 'decimals'. Expected: 1, Found: 0 [Warning/use-natspec]
/sb/0x003e1e8dd1a1b4588e7ef3a91484eb9b6db08bb3.sol:349:1: Missing @title tag in contract 'ERC20' [Warning/use-natspec]
/sb/0x003e1e8dd1a1b4588e7ef3a91484eb9b6db08bb3.sol:349:1: Missing @author tag in contract 'ERC20' [Warning/use-natspec]
/sb/0x003e1e8dd1a1b4588e7ef3a91484eb9b6db08bb3.sol:349:1: Missing @notice tag in contract 'ERC20' [Warning/use-natspec]
/sb/0x003e1e8dd1a1b4588e7ef3a91484eb9b6db08bb3.sol:391:5: Missing @notice tag in function '<anonymous>' [Warning/use-natspec]
/sb/0x003e1e8dd1a1b4588e7ef3a91484eb9b6db08bb3.sol:391:5: Missing @param tag in function '<anonymous>' [Warning/use-natspec]
/sb/0x003e1e8dd1a1b4588e7ef3a91484eb9b6db08bb3.sol:391:5: Mismatch in @param names for function '<anonymous>'. Expected: [name_, symbol_], Found: [] [Warning/use-natspec]
/sb/0x003e1e8dd1a1b4588e7ef3a91484eb9b6db08bb3.sol:391:5: Explicitly mark visibility in function (Set ignoreConstructors to true if using solidity >=0.7.0) [Warning/func-visibility]
/sb/0x003e1e8dd1a1b4588e7ef3a91484eb9b6db08bb3.sol:407:5: Missing @notice tag in function 'name' [Warning/use-natspec]
/sb/0x003e1e8dd1a1b4588e7ef3a91484eb9b6db08bb3.sol:407:5: Missing @return tag in function 'name' [Warning/use-natspec]
/sb/0x003e1e8dd1a1b4588e7ef3a91484eb9b6db08bb3.sol:407:5: Mismatch in @return count for function 'name'. Expected: 1, Found: 0 [Warning/use-natspec]
/sb/0x003e1e8dd1a1b4588e7ef3a91484eb9b6db08bb3.sol:423:5: Missing @notice tag in function 'symbol' [Warning/use-natspec]
/sb/0x003e1e8dd1a1b4588e7ef3a91484eb9b6db08bb3.sol:423:5: Missing @return tag in function 'symbol' [Warning/use-natspec]
/sb/0x003e1e8dd1a1b4588e7ef3a91484eb9b6db08bb3.sol:423:5: Mismatch in @return count for function 'symbol'. Expected: 1, Found: 0 [Warning/use-natspec]
/sb/0x003e1e8dd1a1b4588e7ef3a91484eb9b6db08bb3.sol:457:5: Missing @notice tag in function 'decimals' [Warning/use-natspec]
/sb/0x003e1e8dd1a1b4588e7ef3a91484eb9b6db08bb3.sol:457:5: Missing @return tag in function 'decimals' [Warning/use-natspec]
/sb/0x003e1e8dd1a1b4588e7ef3a91484eb9b6db08bb3.sol:457:5: Mismatch in @return count for function 'decimals'. Expected: 1, Found: 0 [Warning/use-natspec]
/sb/0x003e1e8dd1a1b4588e7ef3a91484eb9b6db08bb3.sol:471:5: Missing @notice tag in function 'totalSupply' [Warning/use-natspec]
/sb/0x003e1e8dd1a1b4588e7ef3a91484eb9b6db08bb3.sol:471:5: Missing @return tag in function 'totalSupply' [Warning/use-natspec]
/sb/0x003e1e8dd1a1b4588e7ef3a91484eb9b6db08bb3.sol:471:5: Mismatch in @return count for function 'totalSupply'. Expected: 1, Found: 0 [Warning/use-natspec]
/sb/0x003e1e8dd1a1b4588e7ef3a91484eb9b6db08bb3.sol:485:5: Missing @notice tag in function 'balanceOf' [Warning/use-natspec]
/sb/0x003e1e8dd1a1b4588e7ef3a91484eb9b6db08bb3.sol:485:5: Missing @param tag in function 'balanceOf' [Warning/use-natspec]
/sb/0x003e1e8dd1a1b4588e7ef3a91484eb9b6db08bb3.sol:485:5: Mismatch in @param names for function 'balanceOf'. Expected: [account], Found: [] [Warning/use-natspec]
/sb/0x003e1e8dd1a1b4588e7ef3a91484eb9b6db08bb3.sol:485:5: Missing @return tag in function 'balanceOf' [Warning/use-natspec]
/sb/0x003e1e8dd1a1b4588e7ef3a91484eb9b6db08bb3.sol:485:5: Mismatch in @return count for function 'balanceOf'. Expected: 1, Found: 0 [Warning/use-natspec]
/sb/0x003e1e8dd1a1b4588e7ef3a91484eb9b6db08bb3.sol:509:5: Missing @notice tag in function 'transfer' [Warning/use-natspec]
/sb/0x003e1e8dd1a1b4588e7ef3a91484eb9b6db08bb3.sol:509:5: Missing @param tag in function 'transfer' [Warning/use-natspec]
/sb/0x003e1e8dd1a1b4588e7ef3a91484eb9b6db08bb3.sol:509:5: Mismatch in @param names for function 'transfer'. Expected: [recipient, amount], Found: [] [Warning/use-natspec]
/sb/0x003e1e8dd1a1b4588e7ef3a91484eb9b6db08bb3.sol:509:5: Missing @return tag in function 'transfer' [Warning/use-natspec]
/sb/0x003e1e8dd1a1b4588e7ef3a91484eb9b6db08bb3.sol:509:5: Mismatch in @return count for function 'transfer'. Expected: 1, Found: 0 [Warning/use-natspec]
/sb/0x003e1e8dd1a1b4588e7ef3a91484eb9b6db08bb3.sol:525:5: Missing @notice tag in function 'allowance' [Warning/use-natspec]
/sb/0x003e1e8dd1a1b4588e7ef3a91484eb9b6db08bb3.sol:525:5: Missing @param tag in function 'allowance' [Warning/use-natspec]
/sb/0x003e1e8dd1a1b4588e7ef3a91484eb9b6db08bb3.sol:525:5: Mismatch in @param names for function 'allowance'. Expected: [owner, spender], Found: [] [Warning/use-natspec]
/sb/0x003e1e8dd1a1b4588e7ef3a91484eb9b6db08bb3.sol:525:5: Missing @return tag in function 'allowance' [Warning/use-natspec]
/sb/0x003e1e8dd1a1b4588e7ef3a91484eb9b6db08bb3.sol:525:5: Mismatch in @return count for function 'allowance'. Expected: 1, Found: 0 [Warning/use-natspec]
/sb/0x003e1e8dd1a1b4588e7ef3a91484eb9b6db08bb3.sol:547:5: Missing @notice tag in function 'approve' [Warning/use-natspec]
/sb/0x003e1e8dd1a1b4588e7ef3a91484eb9b6db08bb3.sol:547:5: Missing @param tag in function 'approve' [Warning/use-natspec]
/sb/0x003e1e8dd1a1b4588e7ef3a91484eb9b6db08bb3.sol:547:5: Mismatch in @param names for function 'approve'. Expected: [spender, amount], Found: [] [Warning/use-natspec]
/sb/0x003e1e8dd1a1b4588e7ef3a91484eb9b6db08bb3.sol:547:5: Missing @return tag in function 'approve' [Warning/use-natspec]
/sb/0x003e1e8dd1a1b4588e7ef3a91484eb9b6db08bb3.sol:547:5: Mismatch in @return count for function 'approve'. Expected: 1, Found: 0 [Warning/use-natspec]
/sb/0x003e1e8dd1a1b4588e7ef3a91484eb9b6db08bb3.sol:583:5: Missing @notice tag in function 'transferFrom' [Warning/use-natspec]
/sb/0x003e1e8dd1a1b4588e7ef3a91484eb9b6db08bb3.sol:583:5: Missing @param tag in function 'transferFrom' [Warning/use-natspec]
/sb/0x003e1e8dd1a1b4588e7ef3a91484eb9b6db08bb3.sol:583:5: Mismatch in @param names for function 'transferFrom'. Expected: [sender, recipient, amount], Found: [] [Warning/use-natspec]
/sb/0x003e1e8dd1a1b4588e7ef3a91484eb9b6db08bb3.sol:583:5: Missing @return tag in function 'transferFrom' [Warning/use-natspec]
/sb/0x003e1e8dd1a1b4588e7ef3a91484eb9b6db08bb3.sol:583:5: Mismatch in @return count for function 'transferFrom'. Expected: 1, Found: 0 [Warning/use-natspec]
/sb/0x003e1e8dd1a1b4588e7ef3a91484eb9b6db08bb3.sol:595:40: GC: String exceeds 32 bytes [Warning/gas-small-strings]
/sb/0x003e1e8dd1a1b4588e7ef3a91484eb9b6db08bb3.sol:627:5: Missing @notice tag in function 'increaseAllowance' [Warning/use-natspec]
/sb/0x003e1e8dd1a1b4588e7ef3a91484eb9b6db08bb3.sol:627:5: Missing @param tag in function 'increaseAllowance' [Warning/use-natspec]
/sb/0x003e1e8dd1a1b4588e7ef3a91484eb9b6db08bb3.sol:627:5: Mismatch in @param names for function 'increaseAllowance'. Expected: [spender, addedValue], Found: [] [Warning/use-natspec]
/sb/0x003e1e8dd1a1b4588e7ef3a91484eb9b6db08bb3.sol:627:5: Missing @return tag in function 'increaseAllowance' [Warning/use-natspec]
/sb/0x003e1e8dd1a1b4588e7ef3a91484eb9b6db08bb3.sol:627:5: Mismatch in @return count for function 'increaseAllowance'. Expected: 1, Found: 0 [Warning/use-natspec]
/sb/0x003e1e8dd1a1b4588e7ef3a91484eb9b6db08bb3.sol:665:5: Missing @notice tag in function 'decreaseAllowance' [Warning/use-natspec]
/sb/0x003e1e8dd1a1b4588e7ef3a91484eb9b6db08bb3.sol:665:5: Missing @param tag in function 'decreaseAllowance' [Warning/use-natspec]
/sb/0x003e1e8dd1a1b4588e7ef3a91484eb9b6db08bb3.sol:665:5: Mismatch in @param names for function 'decreaseAllowance'. Expected: [spender, subtractedValue], Found: [] [Warning/use-natspec]
/sb/0x003e1e8dd1a1b4588e7ef3a91484eb9b6db08bb3.sol:665:5: Missing @return tag in function 'decreaseAllowance' [Warning/use-natspec]
/sb/0x003e1e8dd1a1b4588e7ef3a91484eb9b6db08bb3.sol:665:5: Mismatch in @return count for function 'decreaseAllowance'. Expected: 1, Found: 0 [Warning/use-natspec]
/sb/0x003e1e8dd1a1b4588e7ef3a91484eb9b6db08bb3.sol:667:41: GC: String exceeds 32 bytes [Warning/gas-small-strings]
/sb/0x003e1e8dd1a1b4588e7ef3a91484eb9b6db08bb3.sol:703:5: Missing @notice tag in function '_transfer' [Warning/use-natspec]
/sb/0x003e1e8dd1a1b4588e7ef3a91484eb9b6db08bb3.sol:703:5: Missing @param tag in function '_transfer' [Warning/use-natspec]
/sb/0x003e1e8dd1a1b4588e7ef3a91484eb9b6db08bb3.sol:703:5: Mismatch in @param names for function '_transfer'. Expected: [sender, recipient, amount], Found: [] [Warning/use-natspec]
/sb/0x003e1e8dd1a1b4588e7ef3a91484eb9b6db08bb3.sol:713:9: Error message for require is too long: 37 counted / 32 allowed [Warning/reason-string]
/sb/0x003e1e8dd1a1b4588e7ef3a91484eb9b6db08bb3.sol:713:9: GC: String exceeds 32 bytes [Warning/gas-small-strings]
/sb/0x003e1e8dd1a1b4588e7ef3a91484eb9b6db08bb3.sol:713:9: GC: Use Custom Errors instead of require statements [Warning/gas-custom-errors]
/sb/0x003e1e8dd1a1b4588e7ef3a91484eb9b6db08bb3.sol:715:9: Error message for require is too long: 35 counted / 32 allowed [Warning/reason-string]
/sb/0x003e1e8dd1a1b4588e7ef3a91484eb9b6db08bb3.sol:715:9: GC: String exceeds 32 bytes [Warning/gas-small-strings]
/sb/0x003e1e8dd1a1b4588e7ef3a91484eb9b6db08bb3.sol:715:9: GC: Use Custom Errors instead of require statements [Warning/gas-custom-errors]
/sb/0x003e1e8dd1a1b4588e7ef3a91484eb9b6db08bb3.sol:723:29: GC: String exceeds 32 bytes [Warning/gas-small-strings]
/sb/0x003e1e8dd1a1b4588e7ef3a91484eb9b6db08bb3.sol:751:5: Missing @notice tag in function '_mint' [Warning/use-natspec]
/sb/0x003e1e8dd1a1b4588e7ef3a91484eb9b6db08bb3.sol:751:5: Missing @param tag in function '_mint' [Warning/use-natspec]
/sb/0x003e1e8dd1a1b4588e7ef3a91484eb9b6db08bb3.sol:751:5: Mismatch in @param names for function '_mint'. Expected: [account, amount], Found: [] [Warning/use-natspec]
/sb/0x003e1e8dd1a1b4588e7ef3a91484eb9b6db08bb3.sol:753:9: GC: Use Custom Errors instead of require statements [Warning/gas-custom-errors]
/sb/0x003e1e8dd1a1b4588e7ef3a91484eb9b6db08bb3.sol:793:5: Missing @notice tag in function '_burn' [Warning/use-natspec]
/sb/0x003e1e8dd1a1b4588e7ef3a91484eb9b6db08bb3.sol:793:5: Missing @param tag in function '_burn' [Warning/use-natspec]
/sb/0x003e1e8dd1a1b4588e7ef3a91484eb9b6db08bb3.sol:793:5: Mismatch in @param names for function '_burn'. Expected: [account, amount], Found: [] [Warning/use-natspec]
/sb/0x003e1e8dd1a1b4588e7ef3a91484eb9b6db08bb3.sol:795:9: Error message for require is too long: 33 counted / 32 allowed [Warning/reason-string]
/sb/0x003e1e8dd1a1b4588e7ef3a91484eb9b6db08bb3.sol:795:9: GC: String exceeds 32 bytes [Warning/gas-small-strings]
/sb/0x003e1e8dd1a1b4588e7ef3a91484eb9b6db08bb3.sol:795:9: GC: Use Custom Errors instead of require statements [Warning/gas-custom-errors]
/sb/0x003e1e8dd1a1b4588e7ef3a91484eb9b6db08bb3.sol:803:30: GC: String exceeds 32 bytes [Warning/gas-small-strings]
/sb/0x003e1e8dd1a1b4588e7ef3a91484eb9b6db08bb3.sol:839:5: Missing @notice tag in function '_approve' [Warning/use-natspec]
/sb/0x003e1e8dd1a1b4588e7ef3a91484eb9b6db08bb3.sol:839:5: Missing @param tag in function '_approve' [Warning/use-natspec]
/sb/0x003e1e8dd1a1b4588e7ef3a91484eb9b6db08bb3.sol:839:5: Mismatch in @param names for function '_approve'. Expected: [owner, spender, amount], Found: [] [Warning/use-natspec]
/sb/0x003e1e8dd1a1b4588e7ef3a91484eb9b6db08bb3.sol:849:9: Error message for require is too long: 36 counted / 32 allowed [Warning/reason-string]
/sb/0x003e1e8dd1a1b4588e7ef3a91484eb9b6db08bb3.sol:849:9: GC: String exceeds 32 bytes [Warning/gas-small-strings]
/sb/0x003e1e8dd1a1b4588e7ef3a91484eb9b6db08bb3.sol:849:9: GC: Use Custom Errors instead of require statements [Warning/gas-custom-errors]
/sb/0x003e1e8dd1a1b4588e7ef3a91484eb9b6db08bb3.sol:851:9: Error message for require is too long: 34 counted / 32 allowed [Warning/reason-string]
/sb/0x003e1e8dd1a1b4588e7ef3a91484eb9b6db08bb3.sol:851:9: GC: String exceeds 32 bytes [Warning/gas-small-strings]
/sb/0x003e1e8dd1a1b4588e7ef3a91484eb9b6db08bb3.sol:851:9: GC: Use Custom Errors instead of require statements [Warning/gas-custom-errors]
/sb/0x003e1e8dd1a1b4588e7ef3a91484eb9b6db08bb3.sol:891:5: Missing @notice tag in function '_beforeTokenTransfer' [Warning/use-natspec]
/sb/0x003e1e8dd1a1b4588e7ef3a91484eb9b6db08bb3.sol:891:5: Missing @param tag in function '_beforeTokenTransfer' [Warning/use-natspec]
/sb/0x003e1e8dd1a1b4588e7ef3a91484eb9b6db08bb3.sol:891:5: Mismatch in @param names for function '_beforeTokenTransfer'. Expected: [from, to, amount], Found: [] [Warning/use-natspec]
/sb/0x003e1e8dd1a1b4588e7ef3a91484eb9b6db08bb3.sol:899:24: Code contains empty blocks [Warning/no-empty-blocks]
/sb/0x003e1e8dd1a1b4588e7ef3a91484eb9b6db08bb3.sol:905:1: Missing @title tag in contract 'SafeMath' [Warning/use-natspec]
/sb/0x003e1e8dd1a1b4588e7ef3a91484eb9b6db08bb3.sol:905:1: Missing @author tag in contract 'SafeMath' [Warning/use-natspec]
/sb/0x003e1e8dd1a1b4588e7ef3a91484eb9b6db08bb3.sol:905:1: Missing @notice tag in contract 'SafeMath' [Warning/use-natspec]
/sb/0x003e1e8dd1a1b4588e7ef3a91484eb9b6db08bb3.sol:927:5: Missing @notice tag in function 'add' [Warning/use-natspec]
/sb/0x003e1e8dd1a1b4588e7ef3a91484eb9b6db08bb3.sol:927:5: Missing @param tag in function 'add' [Warning/use-natspec]
/sb/0x003e1e8dd1a1b4588e7ef3a91484eb9b6db08bb3.sol:927:5: Mismatch in @param names for function 'add'. Expected: [a, b], Found: [] [Warning/use-natspec]
/sb/0x003e1e8dd1a1b4588e7ef3a91484eb9b6db08bb3.sol:927:5: Missing @return tag in function 'add' [Warning/use-natspec]
/sb/0x003e1e8dd1a1b4588e7ef3a91484eb9b6db08bb3.sol:927:5: Mismatch in @return count for function 'add'. Expected: 1, Found: 0 [Warning/use-natspec]
/sb/0x003e1e8dd1a1b4588e7ef3a91484eb9b6db08bb3.sol:931:9: GC: Use Custom Errors instead of require statements [Warning/gas-custom-errors]
/sb/0x003e1e8dd1a1b4588e7ef3a91484eb9b6db08bb3.sol:931:17: GC: Non strict inequality found. Try converting to a strict one [Warning/gas-strict-inequalities]
/sb/0x003e1e8dd1a1b4588e7ef3a91484eb9b6db08bb3.sol:961:5: Missing @notice tag in function 'sub' [Warning/use-natspec]
/sb/0x003e1e8dd1a1b4588e7ef3a91484eb9b6db08bb3.sol:961:5: Missing @param tag in function 'sub' [Warning/use-natspec]
/sb/0x003e1e8dd1a1b4588e7ef3a91484eb9b6db08bb3.sol:961:5: Mismatch in @param names for function 'sub'. Expected: [a, b], Found: [] [Warning/use-natspec]
/sb/0x003e1e8dd1a1b4588e7ef3a91484eb9b6db08bb3.sol:961:5: Missing @return tag in function 'sub' [Warning/use-natspec]
/sb/0x003e1e8dd1a1b4588e7ef3a91484eb9b6db08bb3.sol:961:5: Mismatch in @return count for function 'sub'. Expected: 1, Found: 0 [Warning/use-natspec]
/sb/0x003e1e8dd1a1b4588e7ef3a91484eb9b6db08bb3.sol:989:5: Missing @notice tag in function 'sub' [Warning/use-natspec]
/sb/0x003e1e8dd1a1b4588e7ef3a91484eb9b6db08bb3.sol:989:5: Missing @param tag in function 'sub' [Warning/use-natspec]
/sb/0x003e1e8dd1a1b4588e7ef3a91484eb9b6db08bb3.sol:989:5: Mismatch in @param names for function 'sub'. Expected: [a, b, errorMessage], Found: [] [Warning/use-natspec]
/sb/0x003e1e8dd1a1b4588e7ef3a91484eb9b6db08bb3.sol:989:5: Missing @return tag in function 'sub' [Warning/use-natspec]
/sb/0x003e1e8dd1a1b4588e7ef3a91484eb9b6db08bb3.sol:989:5: Mismatch in @return count for function 'sub'. Expected: 1, Found: 0 [Warning/use-natspec]
/sb/0x003e1e8dd1a1b4588e7ef3a91484eb9b6db08bb3.sol:991:9: GC: Use Custom Errors instead of require statements [Warning/gas-custom-errors]
/sb/0x003e1e8dd1a1b4588e7ef3a91484eb9b6db08bb3.sol:991:17: GC: Non strict inequality found. Try converting to a strict one [Warning/gas-strict-inequalities]
/sb/0x003e1e8dd1a1b4588e7ef3a91484eb9b6db08bb3.sol:1023:5: Missing @notice tag in function 'mul' [Warning/use-natspec]
/sb/0x003e1e8dd1a1b4588e7ef3a91484eb9b6db08bb3.sol:1023:5: Missing @param tag in function 'mul' [Warning/use-natspec]
/sb/0x003e1e8dd1a1b4588e7ef3a91484eb9b6db08bb3.sol:1023:5: Mismatch in @param names for function 'mul'. Expected: [a, b], Found: [] [Warning/use-natspec]
/sb/0x003e1e8dd1a1b4588e7ef3a91484eb9b6db08bb3.sol:1023:5: Missing @return tag in function 'mul' [Warning/use-natspec]
/sb/0x003e1e8dd1a1b4588e7ef3a91484eb9b6db08bb3.sol:1023:5: Mismatch in @return count for function 'mul'. Expected: 1, Found: 0 [Warning/use-natspec]
/sb/0x003e1e8dd1a1b4588e7ef3a91484eb9b6db08bb3.sol:1041:9: Error message for require is too long: 33 counted / 32 allowed [Warning/reason-string]
/sb/0x003e1e8dd1a1b4588e7ef3a91484eb9b6db08bb3.sol:1041:9: GC: String exceeds 32 bytes [Warning/gas-small-strings]
/sb/0x003e1e8dd1a1b4588e7ef3a91484eb9b6db08bb3.sol:1041:9: GC: Use Custom Errors instead of require statements [Warning/gas-custom-errors]
/sb/0x003e1e8dd1a1b4588e7ef3a91484eb9b6db08bb3.sol:1075:5: Missing @notice tag in function 'div' [Warning/use-natspec]
/sb/0x003e1e8dd1a1b4588e7ef3a91484eb9b6db08bb3.sol:1075:5: Missing @param tag in function 'div' [Warning/use-natspec]
/sb/0x003e1e8dd1a1b4588e7ef3a91484eb9b6db08bb3.sol:1075:5: Mismatch in @param names for function 'div'. Expected: [a, b], Found: [] [Warning/use-natspec]
/sb/0x003e1e8dd1a1b4588e7ef3a91484eb9b6db08bb3.sol:1075:5: Missing @return tag in function 'div' [Warning/use-natspec]
/sb/0x003e1e8dd1a1b4588e7ef3a91484eb9b6db08bb3.sol:1075:5: Mismatch in @return count for function 'div'. Expected: 1, Found: 0 [Warning/use-natspec]
/sb/0x003e1e8dd1a1b4588e7ef3a91484eb9b6db08bb3.sol:1107:5: Missing @notice tag in function 'div' [Warning/use-natspec]
/sb/0x003e1e8dd1a1b4588e7ef3a91484eb9b6db08bb3.sol:1107:5: Missing @param tag in function 'div' [Warning/use-natspec]
/sb/0x003e1e8dd1a1b4588e7ef3a91484eb9b6db08bb3.sol:1107:5: Mismatch in @param names for function 'div'. Expected: [a, b, errorMessage], Found: [] [Warning/use-natspec]
/sb/0x003e1e8dd1a1b4588e7ef3a91484eb9b6db08bb3.sol:1107:5: Missing @return tag in function 'div' [Warning/use-natspec]
/sb/0x003e1e8dd1a1b4588e7ef3a91484eb9b6db08bb3.sol:1107:5: Mismatch in @return count for function 'div'. Expected: 1, Found: 0 [Warning/use-natspec]
/sb/0x003e1e8dd1a1b4588e7ef3a91484eb9b6db08bb3.sol:1109:9: GC: Use Custom Errors instead of require statements [Warning/gas-custom-errors]
/sb/0x003e1e8dd1a1b4588e7ef3a91484eb9b6db08bb3.sol:1147:5: Missing @notice tag in function 'mod' [Warning/use-natspec]
/sb/0x003e1e8dd1a1b4588e7ef3a91484eb9b6db08bb3.sol:1147:5: Missing @param tag in function 'mod' [Warning/use-natspec]
/sb/0x003e1e8dd1a1b4588e7ef3a91484eb9b6db08bb3.sol:1147:5: Mismatch in @param names for function 'mod'. Expected: [a, b], Found: [] [Warning/use-natspec]
/sb/0x003e1e8dd1a1b4588e7ef3a91484eb9b6db08bb3.sol:1147:5: Missing @return tag in function 'mod' [Warning/use-natspec]
/sb/0x003e1e8dd1a1b4588e7ef3a91484eb9b6db08bb3.sol:1147:5: Mismatch in @return count for function 'mod'. Expected: 1, Found: 0 [Warning/use-natspec]
/sb/0x003e1e8dd1a1b4588e7ef3a91484eb9b6db08bb3.sol:1179:5: Missing @notice tag in function 'mod' [Warning/use-natspec]
/sb/0x003e1e8dd1a1b4588e7ef3a91484eb9b6db08bb3.sol:1179:5: Missing @param tag in function 'mod' [Warning/use-natspec]
/sb/0x003e1e8dd1a1b4588e7ef3a91484eb9b6db08bb3.sol:1179:5: Mismatch in @param names for function 'mod'. Expected: [a, b, errorMessage], Found: [] [Warning/use-natspec]
/sb/0x003e1e8dd1a1b4588e7ef3a91484eb9b6db08bb3.sol:1179:5: Missing @return tag in function 'mod' [Warning/use-natspec]
/sb/0x003e1e8dd1a1b4588e7ef3a91484eb9b6db08bb3.sol:1179:5: Mismatch in @return count for function 'mod'. Expected: 1, Found: 0 [Warning/use-natspec]
/sb/0x003e1e8dd1a1b4588e7ef3a91484eb9b6db08bb3.sol:1181:9: GC: Use Custom Errors instead of require statements [Warning/gas-custom-errors]
/sb/0x003e1e8dd1a1b4588e7ef3a91484eb9b6db08bb3.sol:1191:1: Missing @title tag in contract 'Ownable' [Warning/use-natspec]
/sb/0x003e1e8dd1a1b4588e7ef3a91484eb9b6db08bb3.sol:1191:1: Missing @author tag in contract 'Ownable' [Warning/use-natspec]
/sb/0x003e1e8dd1a1b4588e7ef3a91484eb9b6db08bb3.sol:1191:1: Missing @notice tag in contract 'Ownable' [Warning/use-natspec]
/sb/0x003e1e8dd1a1b4588e7ef3a91484eb9b6db08bb3.sol:1197:5: Missing @notice tag in event 'OwnershipTransferred' [Warning/use-natspec]
/sb/0x003e1e8dd1a1b4588e7ef3a91484eb9b6db08bb3.sol:1197:5: Missing @param tag in event 'OwnershipTransferred' [Warning/use-natspec]
/sb/0x003e1e8dd1a1b4588e7ef3a91484eb9b6db08bb3.sol:1197:5: Mismatch in @param names for event 'OwnershipTransferred'. Expected: [previousOwner, newOwner], Found: [] [Warning/use-natspec]
/sb/0x003e1e8dd1a1b4588e7ef3a91484eb9b6db08bb3.sol:1207:5: Missing @notice tag in function '<anonymous>' [Warning/use-natspec]
/sb/0x003e1e8dd1a1b4588e7ef3a91484eb9b6db08bb3.sol:1207:5: Explicitly mark visibility in function (Set ignoreConstructors to true if using solidity >=0.7.0) [Warning/func-visibility]
/sb/0x003e1e8dd1a1b4588e7ef3a91484eb9b6db08bb3.sol:1225:5: Missing @notice tag in function 'owner' [Warning/use-natspec]
/sb/0x003e1e8dd1a1b4588e7ef3a91484eb9b6db08bb3.sol:1225:5: Missing @return tag in function 'owner' [Warning/use-natspec]
/sb/0x003e1e8dd1a1b4588e7ef3a91484eb9b6db08bb3.sol:1225:5: Mismatch in @return count for function 'owner'. Expected: 1, Found: 0 [Warning/use-natspec]
/sb/0x003e1e8dd1a1b4588e7ef3a91484eb9b6db08bb3.sol:1241:9: GC: Use Custom Errors instead of require statements [Warning/gas-custom-errors]
/sb/0x003e1e8dd1a1b4588e7ef3a91484eb9b6db08bb3.sol:1263:5: Missing @notice tag in function 'renounceOwnership' [Warning/use-natspec]
/sb/0x003e1e8dd1a1b4588e7ef3a91484eb9b6db08bb3.sol:1281:5: Missing @notice tag in function 'transferOwnership' [Warning/use-natspec]
/sb/0x003e1e8dd1a1b4588e7ef3a91484eb9b6db08bb3.sol:1281:5: Missing @param tag in function 'transferOwnership' [Warning/use-natspec]
/sb/0x003e1e8dd1a1b4588e7ef3a91484eb9b6db08bb3.sol:1281:5: Mismatch in @param names for function 'transferOwnership'. Expected: [newOwner], Found: [] [Warning/use-natspec]
/sb/0x003e1e8dd1a1b4588e7ef3a91484eb9b6db08bb3.sol:1283:9: Error message for require is too long: 38 counted / 32 allowed [Warning/reason-string]
/sb/0x003e1e8dd1a1b4588e7ef3a91484eb9b6db08bb3.sol:1283:9: GC: String exceeds 32 bytes [Warning/gas-small-strings]
/sb/0x003e1e8dd1a1b4588e7ef3a91484eb9b6db08bb3.sol:1283:9: GC: Use Custom Errors instead of require statements [Warning/gas-custom-errors]
/sb/0x003e1e8dd1a1b4588e7ef3a91484eb9b6db08bb3.sol:1299:1: Missing @title tag in contract 'SafeMathInt' [Warning/use-natspec]
/sb/0x003e1e8dd1a1b4588e7ef3a91484eb9b6db08bb3.sol:1299:1: Missing @author tag in contract 'SafeMathInt' [Warning/use-natspec]
/sb/0x003e1e8dd1a1b4588e7ef3a91484eb9b6db08bb3.sol:1299:1: Missing @notice tag in contract 'SafeMathInt' [Warning/use-natspec]
/sb/0x003e1e8dd1a1b4588e7ef3a91484eb9b6db08bb3.sol:1313:5: Missing @notice tag in function 'mul' [Warning/use-natspec]
/sb/0x003e1e8dd1a1b4588e7ef3a91484eb9b6db08bb3.sol:1313:5: Missing @param tag in function 'mul' [Warning/use-natspec]
/sb/0x003e1e8dd1a1b4588e7ef3a91484eb9b6db08bb3.sol:1313:5: Mismatch in @param names for function 'mul'. Expected: [a, b], Found: [] [Warning/use-natspec]
/sb/0x003e1e8dd1a1b4588e7ef3a91484eb9b6db08bb3.sol:1313:5: Missing @return tag in function 'mul' [Warning/use-natspec]
/sb/0x003e1e8dd1a1b4588e7ef3a91484eb9b6db08bb3.sol:1313:5: Mismatch in @return count for function 'mul'. Expected: 1, Found: 0 [Warning/use-natspec]
/sb/0x003e1e8dd1a1b4588e7ef3a91484eb9b6db08bb3.sol:1321:9: Provide an error message for require [Warning/reason-string]
/sb/0x003e1e8dd1a1b4588e7ef3a91484eb9b6db08bb3.sol:1321:9: GC: Use Custom Errors instead of require statements [Warning/gas-custom-errors]
/sb/0x003e1e8dd1a1b4588e7ef3a91484eb9b6db08bb3.sol:1323:9: Provide an error message for require [Warning/reason-string]
/sb/0x003e1e8dd1a1b4588e7ef3a91484eb9b6db08bb3.sol:1323:9: GC: Use Custom Errors instead of require statements [Warning/gas-custom-errors]
/sb/0x003e1e8dd1a1b4588e7ef3a91484eb9b6db08bb3.sol:1337:5: Missing @notice tag in function 'div' [Warning/use-natspec]
/sb/0x003e1e8dd1a1b4588e7ef3a91484eb9b6db08bb3.sol:1337:5: Missing @param tag in function 'div' [Warning/use-natspec]
/sb/0x003e1e8dd1a1b4588e7ef3a91484eb9b6db08bb3.sol:1337:5: Mismatch in @param names for function 'div'. Expected: [a, b], Found: [] [Warning/use-natspec]
/sb/0x003e1e8dd1a1b4588e7ef3a91484eb9b6db08bb3.sol:1337:5: Missing @return tag in function 'div' [Warning/use-natspec]
/sb/0x003e1e8dd1a1b4588e7ef3a91484eb9b6db08bb3.sol:1337:5: Mismatch in @return count for function 'div'. Expected: 1, Found: 0 [Warning/use-natspec]
/sb/0x003e1e8dd1a1b4588e7ef3a91484eb9b6db08bb3.sol:1341:9: Provide an error message for require [Warning/reason-string]
/sb/0x003e1e8dd1a1b4588e7ef3a91484eb9b6db08bb3.sol:1341:9: GC: Use Custom Errors instead of require statements [Warning/gas-custom-errors]
/sb/0x003e1e8dd1a1b4588e7ef3a91484eb9b6db08bb3.sol:1359:5: Missing @notice tag in function 'sub' [Warning/use-natspec]
/sb/0x003e1e8dd1a1b4588e7ef3a91484eb9b6db08bb3.sol:1359:5: Missing @param tag in function 'sub' [Warning/use-natspec]
/sb/0x003e1e8dd1a1b4588e7ef3a91484eb9b6db08bb3.sol:1359:5: Mismatch in @param names for function 'sub'. Expected: [a, b], Found: [] [Warning/use-natspec]
/sb/0x003e1e8dd1a1b4588e7ef3a91484eb9b6db08bb3.sol:1359:5: Missing @return tag in function 'sub' [Warning/use-natspec]
/sb/0x003e1e8dd1a1b4588e7ef3a91484eb9b6db08bb3.sol:1359:5: Mismatch in @return count for function 'sub'. Expected: 1, Found: 0 [Warning/use-natspec]
/sb/0x003e1e8dd1a1b4588e7ef3a91484eb9b6db08bb3.sol:1363:9: Provide an error message for require [Warning/reason-string]
/sb/0x003e1e8dd1a1b4588e7ef3a91484eb9b6db08bb3.sol:1363:9: GC: Use Custom Errors instead of require statements [Warning/gas-custom-errors]
/sb/0x003e1e8dd1a1b4588e7ef3a91484eb9b6db08bb3.sol:1363:18: GC: Non strict inequality found. Try converting to a strict one [Warning/gas-strict-inequalities]
/sb/0x003e1e8dd1a1b4588e7ef3a91484eb9b6db08bb3.sol:1363:28: GC: Non strict inequality found. Try converting to a strict one [Warning/gas-strict-inequalities]
/sb/0x003e1e8dd1a1b4588e7ef3a91484eb9b6db08bb3.sol:1377:5: Missing @notice tag in function 'add' [Warning/use-natspec]
/sb/0x003e1e8dd1a1b4588e7ef3a91484eb9b6db08bb3.sol:1377:5: Missing @param tag in function 'add' [Warning/use-natspec]
/sb/0x003e1e8dd1a1b4588e7ef3a91484eb9b6db08bb3.sol:1377:5: Mismatch in @param names for function 'add'. Expected: [a, b], Found: [] [Warning/use-natspec]
/sb/0x003e1e8dd1a1b4588e7ef3a91484eb9b6db08bb3.sol:1377:5: Missing @return tag in function 'add' [Warning/use-natspec]
/sb/0x003e1e8dd1a1b4588e7ef3a91484eb9b6db08bb3.sol:1377:5: Mismatch in @return count for function 'add'. Expected: 1, Found: 0 [Warning/use-natspec]
/sb/0x003e1e8dd1a1b4588e7ef3a91484eb9b6db08bb3.sol:1381:9: Provide an error message for require [Warning/reason-string]
/sb/0x003e1e8dd1a1b4588e7ef3a91484eb9b6db08bb3.sol:1381:9: GC: Use Custom Errors instead of require statements [Warning/gas-custom-errors]
/sb/0x003e1e8dd1a1b4588e7ef3a91484eb9b6db08bb3.sol:1381:18: GC: Non strict inequality found. Try converting to a strict one [Warning/gas-strict-inequalities]
/sb/0x003e1e8dd1a1b4588e7ef3a91484eb9b6db08bb3.sol:1381:28: GC: Non strict inequality found. Try converting to a strict one [Warning/gas-strict-inequalities]
/sb/0x003e1e8dd1a1b4588e7ef3a91484eb9b6db08bb3.sol:1395:5: Missing @notice tag in function 'abs' [Warning/use-natspec]
/sb/0x003e1e8dd1a1b4588e7ef3a91484eb9b6db08bb3.sol:1395:5: Missing @param tag in function 'abs' [Warning/use-natspec]
/sb/0x003e1e8dd1a1b4588e7ef3a91484eb9b6db08bb3.sol:1395:5: Mismatch in @param names for function 'abs'. Expected: [a], Found: [] [Warning/use-natspec]
/sb/0x003e1e8dd1a1b4588e7ef3a91484eb9b6db08bb3.sol:1395:5: Missing @return tag in function 'abs' [Warning/use-natspec]
/sb/0x003e1e8dd1a1b4588e7ef3a91484eb9b6db08bb3.sol:1395:5: Mismatch in @return count for function 'abs'. Expected: 1, Found: 0 [Warning/use-natspec]
/sb/0x003e1e8dd1a1b4588e7ef3a91484eb9b6db08bb3.sol:1397:9: Provide an error message for require [Warning/reason-string]
/sb/0x003e1e8dd1a1b4588e7ef3a91484eb9b6db08bb3.sol:1397:9: GC: Use Custom Errors instead of require statements [Warning/gas-custom-errors]
/sb/0x003e1e8dd1a1b4588e7ef3a91484eb9b6db08bb3.sol:1407:5: Missing @notice tag in function 'toUint256Safe' [Warning/use-natspec]
/sb/0x003e1e8dd1a1b4588e7ef3a91484eb9b6db08bb3.sol:1407:5: Missing @param tag in function 'toUint256Safe' [Warning/use-natspec]
/sb/0x003e1e8dd1a1b4588e7ef3a91484eb9b6db08bb3.sol:1407:5: Mismatch in @param names for function 'toUint256Safe'. Expected: [a], Found: [] [Warning/use-natspec]
/sb/0x003e1e8dd1a1b4588e7ef3a91484eb9b6db08bb3.sol:1407:5: Missing @return tag in function 'toUint256Safe' [Warning/use-natspec]
/sb/0x003e1e8dd1a1b4588e7ef3a91484eb9b6db08bb3.sol:1407:5: Mismatch in @return count for function 'toUint256Safe'. Expected: 1, Found: 0 [Warning/use-natspec]
/sb/0x003e1e8dd1a1b4588e7ef3a91484eb9b6db08bb3.sol:1409:9: Provide an error message for require [Warning/reason-string]
/sb/0x003e1e8dd1a1b4588e7ef3a91484eb9b6db08bb3.sol:1409:9: GC: Use Custom Errors instead of require statements [Warning/gas-custom-errors]
/sb/0x003e1e8dd1a1b4588e7ef3a91484eb9b6db08bb3.sol:1409:17: GC: Non strict inequality found. Try converting to a strict one [Warning/gas-strict-inequalities]
/sb/0x003e1e8dd1a1b4588e7ef3a91484eb9b6db08bb3.sol:1419:1: Missing @title tag in contract 'SafeMathUint' [Warning/use-natspec]
/sb/0x003e1e8dd1a1b4588e7ef3a91484eb9b6db08bb3.sol:1419:1: Missing @author tag in contract 'SafeMathUint' [Warning/use-natspec]
/sb/0x003e1e8dd1a1b4588e7ef3a91484eb9b6db08bb3.sol:1419:1: Missing @notice tag in contract 'SafeMathUint' [Warning/use-natspec]
/sb/0x003e1e8dd1a1b4588e7ef3a91484eb9b6db08bb3.sol:1421:3: Missing @notice tag in function 'toInt256Safe' [Warning/use-natspec]
/sb/0x003e1e8dd1a1b4588e7ef3a91484eb9b6db08bb3.sol:1421:3: Missing @param tag in function 'toInt256Safe' [Warning/use-natspec]
/sb/0x003e1e8dd1a1b4588e7ef3a91484eb9b6db08bb3.sol:1421:3: Mismatch in @param names for function 'toInt256Safe'. Expected: [a], Found: [] [Warning/use-natspec]
/sb/0x003e1e8dd1a1b4588e7ef3a91484eb9b6db08bb3.sol:1421:3: Missing @return tag in function 'toInt256Safe' [Warning/use-natspec]
/sb/0x003e1e8dd1a1b4588e7ef3a91484eb9b6db08bb3.sol:1421:3: Mismatch in @return count for function 'toInt256Safe'. Expected: 1, Found: 0 [Warning/use-natspec]
/sb/0x003e1e8dd1a1b4588e7ef3a91484eb9b6db08bb3.sol:1425:5: Provide an error message for require [Warning/reason-string]
/sb/0x003e1e8dd1a1b4588e7ef3a91484eb9b6db08bb3.sol:1425:5: GC: Use Custom Errors instead of require statements [Warning/gas-custom-errors]
/sb/0x003e1e8dd1a1b4588e7ef3a91484eb9b6db08bb3.sol:1425:13: GC: Non strict inequality found. Try converting to a strict one [Warning/gas-strict-inequalities]
/sb/0x003e1e8dd1a1b4588e7ef3a91484eb9b6db08bb3.sol:1437:1: Missing @title tag in contract 'IUniswapV2Router01' [Warning/use-natspec]
/sb/0x003e1e8dd1a1b4588e7ef3a91484eb9b6db08bb3.sol:1437:1: Missing @author tag in contract 'IUniswapV2Router01' [Warning/use-natspec]
/sb/0x003e1e8dd1a1b4588e7ef3a91484eb9b6db08bb3.sol:1437:1: Missing @notice tag in contract 'IUniswapV2Router01' [Warning/use-natspec]
/sb/0x003e1e8dd1a1b4588e7ef3a91484eb9b6db08bb3.sol:1439:5: Missing @notice tag in function 'factory' [Warning/use-natspec]
/sb/0x003e1e8dd1a1b4588e7ef3a91484eb9b6db08bb3.sol:1439:5: Missing @return tag in function 'factory' [Warning/use-natspec]
/sb/0x003e1e8dd1a1b4588e7ef3a91484eb9b6db08bb3.sol:1439:5: Mismatch in @return count for function 'factory'. Expected: 1, Found: 0 [Warning/use-natspec]
/sb/0x003e1e8dd1a1b4588e7ef3a91484eb9b6db08bb3.sol:1441:5: Missing @notice tag in function 'WETH' [Warning/use-natspec]
/sb/0x003e1e8dd1a1b4588e7ef3a91484eb9b6db08bb3.sol:1441:5: Missing @return tag in function 'WETH' [Warning/use-natspec]
/sb/0x003e1e8dd1a1b4588e7ef3a91484eb9b6db08bb3.sol:1441:5: Mismatch in @return count for function 'WETH'. Expected: 1, Found: 0 [Warning/use-natspec]
/sb/0x003e1e8dd1a1b4588e7ef3a91484eb9b6db08bb3.sol:1441:5: Function name must be in mixedCase [Warning/func-name-mixedcase]
/sb/0x003e1e8dd1a1b4588e7ef3a91484eb9b6db08bb3.sol:1445:5: Missing @notice tag in function 'addLiquidity' [Warning/use-natspec]
/sb/0x003e1e8dd1a1b4588e7ef3a91484eb9b6db08bb3.sol:1445:5: Missing @param tag in function 'addLiquidity' [Warning/use-natspec]
/sb/0x003e1e8dd1a1b4588e7ef3a91484eb9b6db08bb3.sol:1445:5: Mismatch in @param names for function 'addLiquidity'. Expected: [tokenA, tokenB, amountADesired, amountBDesired, amountAMin, amountBMin, to, deadline], Found: [] [Warning/use-natspec]
/sb/0x003e1e8dd1a1b4588e7ef3a91484eb9b6db08bb3.sol:1445:5: Missing @return tag in function 'addLiquidity' [Warning/use-natspec]
/sb/0x003e1e8dd1a1b4588e7ef3a91484eb9b6db08bb3.sol:1445:5: Mismatch in @return names for function 'addLiquidity'. Expected: [amountA, amountB, liquidity], Found: [] [Warning/use-natspec]
/sb/0x003e1e8dd1a1b4588e7ef3a91484eb9b6db08bb3.sol:1451:9: Rule is set with explicit type [var/s: uint] [Warning/explicit-types]
/sb/0x003e1e8dd1a1b4588e7ef3a91484eb9b6db08bb3.sol:1453:9: Rule is set with explicit type [var/s: uint] [Warning/explicit-types]
/sb/0x003e1e8dd1a1b4588e7ef3a91484eb9b6db08bb3.sol:1455:9: Rule is set with explicit type [var/s: uint] [Warning/explicit-types]
/sb/0x003e1e8dd1a1b4588e7ef3a91484eb9b6db08bb3.sol:1457:9: Rule is set with explicit type [var/s: uint] [Warning/explicit-types]
/sb/0x003e1e8dd1a1b4588e7ef3a91484eb9b6db08bb3.sol:1461:9: Rule is set with explicit type [var/s: uint] [Warning/explicit-types]
/sb/0x003e1e8dd1a1b4588e7ef3a91484eb9b6db08bb3.sol:1463:25: Rule is set with explicit type [var/s: uint] [Warning/explicit-types]
/sb/0x003e1e8dd1a1b4588e7ef3a91484eb9b6db08bb3.sol:1463:39: Rule is set with explicit type [var/s: uint] [Warning/explicit-types]
/sb/0x003e1e8dd1a1b4588e7ef3a91484eb9b6db08bb3.sol:1463:53: Rule is set with explicit type [var/s: uint] [Warning/explicit-types]
/sb/0x003e1e8dd1a1b4588e7ef3a91484eb9b6db08bb3.sol:1465:5: Missing @notice tag in function 'addLiquidityETH' [Warning/use-natspec]
/sb/0x003e1e8dd1a1b4588e7ef3a91484eb9b6db08bb3.sol:1465:5: Missing @param tag in function 'addLiquidityETH' [Warning/use-natspec]
/sb/0x003e1e8dd1a1b4588e7ef3a91484eb9b6db08bb3.sol:1465:5: Mismatch in @param names for function 'addLiquidityETH'. Expected: [token, amountTokenDesired, amountTokenMin, amountETHMin, to, deadline], Found: [] [Warning/use-natspec]
/sb/0x003e1e8dd1a1b4588e7ef3a91484eb9b6db08bb3.sol:1465:5: Missing @return tag in function 'addLiquidityETH' [Warning/use-natspec]
/sb/0x003e1e8dd1a1b4588e7ef3a91484eb9b6db08bb3.sol:1465:5: Mismatch in @return names for function 'addLiquidityETH'. Expected: [amountToken, amountETH, liquidity], Found: [] [Warning/use-natspec]
/sb/0x003e1e8dd1a1b4588e7ef3a91484eb9b6db08bb3.sol:1469:9: Rule is set with explicit type [var/s: uint] [Warning/explicit-types]
/sb/0x003e1e8dd1a1b4588e7ef3a91484eb9b6db08bb3.sol:1471:9: Rule is set with explicit type [var/s: uint] [Warning/explicit-types]
/sb/0x003e1e8dd1a1b4588e7ef3a91484eb9b6db08bb3.sol:1473:9: Rule is set with explicit type [var/s: uint] [Warning/explicit-types]
/sb/0x003e1e8dd1a1b4588e7ef3a91484eb9b6db08bb3.sol:1477:9: Rule is set with explicit type [var/s: uint] [Warning/explicit-types]
/sb/0x003e1e8dd1a1b4588e7ef3a91484eb9b6db08bb3.sol:1479:33: Rule is set with explicit type [var/s: uint] [Warning/explicit-types]
/sb/0x003e1e8dd1a1b4588e7ef3a91484eb9b6db08bb3.sol:1479:51: Rule is set with explicit type [var/s: uint] [Warning/explicit-types]
/sb/0x003e1e8dd1a1b4588e7ef3a91484eb9b6db08bb3.sol:1479:67: Rule is set with explicit type [var/s: uint] [Warning/explicit-types]
/sb/0x003e1e8dd1a1b4588e7ef3a91484eb9b6db08bb3.sol:1481:5: Missing @notice tag in function 'removeLiquidity' [Warning/use-natspec]
/sb/0x003e1e8dd1a1b4588e7ef3a91484eb9b6db08bb3.sol:1481:5: Missing @param tag in function 'removeLiquidity' [Warning/use-natspec]
/sb/0x003e1e8dd1a1b4588e7ef3a91484eb9b6db08bb3.sol:1481:5: Mismatch in @param names for function 'removeLiquidity'. Expected: [tokenA, tokenB, liquidity, amountAMin, amountBMin, to, deadline], Found: [] [Warning/use-natspec]
/sb/0x003e1e8dd1a1b4588e7ef3a91484eb9b6db08bb3.sol:1481:5: Missing @return tag in function 'removeLiquidity' [Warning/use-natspec]
/sb/0x003e1e8dd1a1b4588e7ef3a91484eb9b6db08bb3.sol:1481:5: Mismatch in @return names for function 'removeLiquidity'. Expected: [amountA, amountB], Found: [] [Warning/use-natspec]
/sb/0x003e1e8dd1a1b4588e7ef3a91484eb9b6db08bb3.sol:1487:9: Rule is set with explicit type [var/s: uint] [Warning/explicit-types]
/sb/0x003e1e8dd1a1b4588e7ef3a91484eb9b6db08bb3.sol:1489:9: Rule is set with explicit type [var/s: uint] [Warning/explicit-types]
/sb/0x003e1e8dd1a1b4588e7ef3a91484eb9b6db08bb3.sol:1491:9: Rule is set with explicit type [var/s: uint] [Warning/explicit-types]
/sb/0x003e1e8dd1a1b4588e7ef3a91484eb9b6db08bb3.sol:1495:9: Rule is set with explicit type [var/s: uint] [Warning/explicit-types]
/sb/0x003e1e8dd1a1b4588e7ef3a91484eb9b6db08bb3.sol:1497:25: Rule is set with explicit type [var/s: uint] [Warning/explicit-types]
/sb/0x003e1e8dd1a1b4588e7ef3a91484eb9b6db08bb3.sol:1497:39: Rule is set with explicit type [var/s: uint] [Warning/explicit-types]
/sb/0x003e1e8dd1a1b4588e7ef3a91484eb9b6db08bb3.sol:1499:5: Missing @notice tag in function 'removeLiquidityETH' [Warning/use-natspec]
/sb/0x003e1e8dd1a1b4588e7ef3a91484eb9b6db08bb3.sol:1499:5: Missing @param tag in function 'removeLiquidityETH' [Warning/use-natspec]
/sb/0x003e1e8dd1a1b4588e7ef3a91484eb9b6db08bb3.sol:1499:5: Mismatch in @param names for function 'removeLiquidityETH'. Expected: [token, liquidity, amountTokenMin, amountETHMin, to, deadline], Found: [] [Warning/use-natspec]
/sb/0x003e1e8dd1a1b4588e7ef3a91484eb9b6db08bb3.sol:1499:5: Missing @return tag in function 'removeLiquidityETH' [Warning/use-natspec]
/sb/0x003e1e8dd1a1b4588e7ef3a91484eb9b6db08bb3.sol:1499:5: Mismatch in @return names for function 'removeLiquidityETH'. Expected: [amountToken, amountETH], Found: [] [Warning/use-natspec]
/sb/0x003e1e8dd1a1b4588e7ef3a91484eb9b6db08bb3.sol:1503:9: Rule is set with explicit type [var/s: uint] [Warning/explicit-types]
/sb/0x003e1e8dd1a1b4588e7ef3a91484eb9b6db08bb3.sol:1505:9: Rule is set with explicit type [var/s: uint] [Warning/explicit-types]
/sb/0x003e1e8dd1a1b4588e7ef3a91484eb9b6db08bb3.sol:1507:9: Rule is set with explicit type [var/s: uint] [Warning/explicit-types]
/sb/0x003e1e8dd1a1b4588e7ef3a91484eb9b6db08bb3.sol:1511:9: Rule is set with explicit type [var/s: uint] [Warning/explicit-types]
/sb/0x003e1e8dd1a1b4588e7ef3a91484eb9b6db08bb3.sol:1513:25: Rule is set with explicit type [var/s: uint] [Warning/explicit-types]
/sb/0x003e1e8dd1a1b4588e7ef3a91484eb9b6db08bb3.sol:1513:43: Rule is set with explicit type [var/s: uint] [Warning/explicit-types]
/sb/0x003e1e8dd1a1b4588e7ef3a91484eb9b6db08bb3.sol:1515:5: Missing @notice tag in function 'removeLiquidityWithPermit' [Warning/use-natspec]
/sb/0x003e1e8dd1a1b4588e7ef3a91484eb9b6db08bb3.sol:1515:5: Missing @param tag in function 'removeLiquidityWithPermit' [Warning/use-natspec]
/sb/0x003e1e8dd1a1b4588e7ef3a91484eb9b6db08bb3.sol:1515:5: Mismatch in @param names for function 'removeLiquidityWithPermit'. Expected: [tokenA, tokenB, liquidity, amountAMin, amountBMin, to, deadline, approveMax, v, r, s], Found: [] [Warning/use-natspec]
/sb/0x003e1e8dd1a1b4588e7ef3a91484eb9b6db08bb3.sol:1515:5: Missing @return tag in function 'removeLiquidityWithPermit' [Warning/use-natspec]
/sb/0x003e1e8dd1a1b4588e7ef3a91484eb9b6db08bb3.sol:1515:5: Mismatch in @return names for function 'removeLiquidityWithPermit'. Expected: [amountA, amountB], Found: [] [Warning/use-natspec]
/sb/0x003e1e8dd1a1b4588e7ef3a91484eb9b6db08bb3.sol:1521:9: Rule is set with explicit type [var/s: uint] [Warning/explicit-types]
/sb/0x003e1e8dd1a1b4588e7ef3a91484eb9b6db08bb3.sol:1523:9: Rule is set with explicit type [var/s: uint] [Warning/explicit-types]
/sb/0x003e1e8dd1a1b4588e7ef3a91484eb9b6db08bb3.sol:1525:9: Rule is set with explicit type [var/s: uint] [Warning/explicit-types]
/sb/0x003e1e8dd1a1b4588e7ef3a91484eb9b6db08bb3.sol:1529:9: Rule is set with explicit type [var/s: uint] [Warning/explicit-types]
/sb/0x003e1e8dd1a1b4588e7ef3a91484eb9b6db08bb3.sol:1533:25: Rule is set with explicit type [var/s: uint] [Warning/explicit-types]
/sb/0x003e1e8dd1a1b4588e7ef3a91484eb9b6db08bb3.sol:1533:39: Rule is set with explicit type [var/s: uint] [Warning/explicit-types]
/sb/0x003e1e8dd1a1b4588e7ef3a91484eb9b6db08bb3.sol:1535:5: Missing @notice tag in function 'removeLiquidityETHWithPermit' [Warning/use-natspec]
/sb/0x003e1e8dd1a1b4588e7ef3a91484eb9b6db08bb3.sol:1535:5: Missing @param tag in function 'removeLiquidityETHWithPermit' [Warning/use-natspec]
/sb/0x003e1e8dd1a1b4588e7ef3a91484eb9b6db08bb3.sol:1535:5: Mismatch in @param names for function 'removeLiquidityETHWithPermit'. Expected: [token, liquidity, amountTokenMin, amountETHMin, to, deadline, approveMax, v, r, s], Found: [] [Warning/use-natspec]
/sb/0x003e1e8dd1a1b4588e7ef3a91484eb9b6db08bb3.sol:1535:5: Missing @return tag in function 'removeLiquidityETHWithPermit' [Warning/use-natspec]
/sb/0x003e1e8dd1a1b4588e7ef3a91484eb9b6db08bb3.sol:1535:5: Mismatch in @return names for function 'removeLiquidityETHWithPermit'. Expected: [amountToken, amountETH], Found: [] [Warning/use-natspec]
/sb/0x003e1e8dd1a1b4588e7ef3a91484eb9b6db08bb3.sol:1539:9: Rule is set with explicit type [var/s: uint] [Warning/explicit-types]
/sb/0x003e1e8dd1a1b4588e7ef3a91484eb9b6db08bb3.sol:1541:9: Rule is set with explicit type [var/s: uint] [Warning/explicit-types]
/sb/0x003e1e8dd1a1b4588e7ef3a91484eb9b6db08bb3.sol:1543:9: Rule is set with explicit type [var/s: uint] [Warning/explicit-types]
/sb/0x003e1e8dd1a1b4588e7ef3a91484eb9b6db08bb3.sol:1547:9: Rule is set with explicit type [var/s: uint] [Warning/explicit-types]
/sb/0x003e1e8dd1a1b4588e7ef3a91484eb9b6db08bb3.sol:1551:25: Rule is set with explicit type [var/s: uint] [Warning/explicit-types]
/sb/0x003e1e8dd1a1b4588e7ef3a91484eb9b6db08bb3.sol:1551:43: Rule is set with explicit type [var/s: uint] [Warning/explicit-types]
/sb/0x003e1e8dd1a1b4588e7ef3a91484eb9b6db08bb3.sol:1553:5: Missing @notice tag in function 'swapExactTokensForTokens' [Warning/use-natspec]
/sb/0x003e1e8dd1a1b4588e7ef3a91484eb9b6db08bb3.sol:1553:5: Missing @param tag in function 'swapExactTokensForTokens' [Warning/use-natspec]
/sb/0x003e1e8dd1a1b4588e7ef3a91484eb9b6db08bb3.sol:1553:5: Mismatch in @param names for function 'swapExactTokensForTokens'. Expected: [amountIn, amountOutMin, path, to, deadline], Found: [] [Warning/use-natspec]
/sb/0x003e1e8dd1a1b4588e7ef3a91484eb9b6db08bb3.sol:1553:5: Missing @return tag in function 'swapExactTokensForTokens' [Warning/use-natspec]
/sb/0x003e1e8dd1a1b4588e7ef3a91484eb9b6db08bb3.sol:1553:5: Mismatch in @return names for function 'swapExactTokensForTokens'. Expected: [amounts], Found: [] [Warning/use-natspec]
/sb/0x003e1e8dd1a1b4588e7ef3a91484eb9b6db08bb3.sol:1555:9: Rule is set with explicit type [var/s: uint] [Warning/explicit-types]
/sb/0x003e1e8dd1a1b4588e7ef3a91484eb9b6db08bb3.sol:1557:9: Rule is set with explicit type [var/s: uint] [Warning/explicit-types]
/sb/0x003e1e8dd1a1b4588e7ef3a91484eb9b6db08bb3.sol:1563:9: Rule is set with explicit type [var/s: uint] [Warning/explicit-types]
/sb/0x003e1e8dd1a1b4588e7ef3a91484eb9b6db08bb3.sol:1565:25: Rule is set with explicit type [var/s: uint] [Warning/explicit-types]
/sb/0x003e1e8dd1a1b4588e7ef3a91484eb9b6db08bb3.sol:1567:5: Missing @notice tag in function 'swapTokensForExactTokens' [Warning/use-natspec]
/sb/0x003e1e8dd1a1b4588e7ef3a91484eb9b6db08bb3.sol:1567:5: Missing @param tag in function 'swapTokensForExactTokens' [Warning/use-natspec]
/sb/0x003e1e8dd1a1b4588e7ef3a91484eb9b6db08bb3.sol:1567:5: Mismatch in @param names for function 'swapTokensForExactTokens'. Expected: [amountOut, amountInMax, path, to, deadline], Found: [] [Warning/use-natspec]
/sb/0x003e1e8dd1a1b4588e7ef3a91484eb9b6db08bb3.sol:1567:5: Missing @return tag in function 'swapTokensForExactTokens' [Warning/use-natspec]
/sb/0x003e1e8dd1a1b4588e7ef3a91484eb9b6db08bb3.sol:1567:5: Mismatch in @return names for function 'swapTokensForExactTokens'. Expected: [amounts], Found: [] [Warning/use-natspec]
/sb/0x003e1e8dd1a1b4588e7ef3a91484eb9b6db08bb3.sol:1569:9: Rule is set with explicit type [var/s: uint] [Warning/explicit-types]
/sb/0x003e1e8dd1a1b4588e7ef3a91484eb9b6db08bb3.sol:1571:9: Rule is set with explicit type [var/s: uint] [Warning/explicit-types]
/sb/0x003e1e8dd1a1b4588e7ef3a91484eb9b6db08bb3.sol:1577:9: Rule is set with explicit type [var/s: uint] [Warning/explicit-types]
/sb/0x003e1e8dd1a1b4588e7ef3a91484eb9b6db08bb3.sol:1579:25: Rule is set with explicit type [var/s: uint] [Warning/explicit-types]
/sb/0x003e1e8dd1a1b4588e7ef3a91484eb9b6db08bb3.sol:1581:5: Missing @notice tag in function 'swapExactETHForTokens' [Warning/use-natspec]
/sb/0x003e1e8dd1a1b4588e7ef3a91484eb9b6db08bb3.sol:1581:5: Missing @param tag in function 'swapExactETHForTokens' [Warning/use-natspec]
/sb/0x003e1e8dd1a1b4588e7ef3a91484eb9b6db08bb3.sol:1581:5: Mismatch in @param names for function 'swapExactETHForTokens'. Expected: [amountOutMin, path, to, deadline], Found: [] [Warning/use-natspec]
/sb/0x003e1e8dd1a1b4588e7ef3a91484eb9b6db08bb3.sol:1581:5: Missing @return tag in function 'swapExactETHForTokens' [Warning/use-natspec]
/sb/0x003e1e8dd1a1b4588e7ef3a91484eb9b6db08bb3.sol:1581:5: Mismatch in @return names for function 'swapExactETHForTokens'. Expected: [amounts], Found: [] [Warning/use-natspec]
/sb/0x003e1e8dd1a1b4588e7ef3a91484eb9b6db08bb3.sol:1581:36: Rule is set with explicit type [var/s: uint] [Warning/explicit-types]
/sb/0x003e1e8dd1a1b4588e7ef3a91484eb9b6db08bb3.sol:1581:92: Rule is set with explicit type [var/s: uint] [Warning/explicit-types]
/sb/0x003e1e8dd1a1b4588e7ef3a91484eb9b6db08bb3.sol:1587:18: Rule is set with explicit type [var/s: uint] [Warning/explicit-types]
/sb/0x003e1e8dd1a1b4588e7ef3a91484eb9b6db08bb3.sol:1589:5: Missing @notice tag in function 'swapTokensForExactETH' [Warning/use-natspec]
/sb/0x003e1e8dd1a1b4588e7ef3a91484eb9b6db08bb3.sol:1589:5: Missing @param tag in function 'swapTokensForExactETH' [Warning/use-natspec]
/sb/0x003e1e8dd1a1b4588e7ef3a91484eb9b6db08bb3.sol:1589:5: Mismatch in @param names for function 'swapTokensForExactETH'. Expected: [amountOut, amountInMax, path, to, deadline], Found: [] [Warning/use-natspec]
/sb/0x003e1e8dd1a1b4588e7ef3a91484eb9b6db08bb3.sol:1589:5: Missing @return tag in function 'swapTokensForExactETH' [Warning/use-natspec]
/sb/0x003e1e8dd1a1b4588e7ef3a91484eb9b6db08bb3.sol:1589:5: Mismatch in @return names for function 'swapTokensForExactETH'. Expected: [amounts], Found: [] [Warning/use-natspec]
/sb/0x003e1e8dd1a1b4588e7ef3a91484eb9b6db08bb3.sol:1589:36: Rule is set with explicit type [var/s: uint] [Warning/explicit-types]
/sb/0x003e1e8dd1a1b4588e7ef3a91484eb9b6db08bb3.sol:1589:52: Rule is set with explicit type [var/s: uint] [Warning/explicit-types]
/sb/0x003e1e8dd1a1b4588e7ef3a91484eb9b6db08bb3.sol:1589:107: Rule is set with explicit type [var/s: uint] [Warning/explicit-types]
/sb/0x003e1e8dd1a1b4588e7ef3a91484eb9b6db08bb3.sol:1593:18: Rule is set with explicit type [var/s: uint] [Warning/explicit-types]
/sb/0x003e1e8dd1a1b4588e7ef3a91484eb9b6db08bb3.sol:1595:5: Missing @notice tag in function 'swapExactTokensForETH' [Warning/use-natspec]
/sb/0x003e1e8dd1a1b4588e7ef3a91484eb9b6db08bb3.sol:1595:5: Missing @param tag in function 'swapExactTokensForETH' [Warning/use-natspec]
/sb/0x003e1e8dd1a1b4588e7ef3a91484eb9b6db08bb3.sol:1595:5: Mismatch in @param names for function 'swapExactTokensForETH'. Expected: [amountIn, amountOutMin, path, to, deadline], Found: [] [Warning/use-natspec]
/sb/0x003e1e8dd1a1b4588e7ef3a91484eb9b6db08bb3.sol:1595:5: Missing @return tag in function 'swapExactTokensForETH' [Warning/use-natspec]
/sb/0x003e1e8dd1a1b4588e7ef3a91484eb9b6db08bb3.sol:1595:5: Mismatch in @return names for function 'swapExactTokensForETH'. Expected: [amounts], Found: [] [Warning/use-natspec]
/sb/0x003e1e8dd1a1b4588e7ef3a91484eb9b6db08bb3.sol:1595:36: Rule is set with explicit type [var/s: uint] [Warning/explicit-types]
/sb/0x003e1e8dd1a1b4588e7ef3a91484eb9b6db08bb3.sol:1595:51: Rule is set with explicit type [var/s: uint] [Warning/explicit-types]
/sb/0x003e1e8dd1a1b4588e7ef3a91484eb9b6db08bb3.sol:1595:107: Rule is set with explicit type [var/s: uint] [Warning/explicit-types]
/sb/0x003e1e8dd1a1b4588e7ef3a91484eb9b6db08bb3.sol:1599:18: Rule is set with explicit type [var/s: uint] [Warning/explicit-types]
/sb/0x003e1e8dd1a1b4588e7ef3a91484eb9b6db08bb3.sol:1601:5: Missing @notice tag in function 'swapETHForExactTokens' [Warning/use-natspec]
/sb/0x003e1e8dd1a1b4588e7ef3a91484eb9b6db08bb3.sol:1601:5: Missing @param tag in function 'swapETHForExactTokens' [Warning/use-natspec]
/sb/0x003e1e8dd1a1b4588e7ef3a91484eb9b6db08bb3.sol:1601:5: Mismatch in @param names for function 'swapETHForExactTokens'. Expected: [amountOut, path, to, deadline], Found: [] [Warning/use-natspec]
/sb/0x003e1e8dd1a1b4588e7ef3a91484eb9b6db08bb3.sol:1601:5: Missing @return tag in function 'swapETHForExactTokens' [Warning/use-natspec]
/sb/0x003e1e8dd1a1b4588e7ef3a91484eb9b6db08bb3.sol:1601:5: Mismatch in @return names for function 'swapETHForExactTokens'. Expected: [amounts], Found: [] [Warning/use-natspec]
/sb/0x003e1e8dd1a1b4588e7ef3a91484eb9b6db08bb3.sol:1601:36: Rule is set with explicit type [var/s: uint] [Warning/explicit-types]
/sb/0x003e1e8dd1a1b4588e7ef3a91484eb9b6db08bb3.sol:1601:89: Rule is set with explicit type [var/s: uint] [Warning/explicit-types]
/sb/0x003e1e8dd1a1b4588e7ef3a91484eb9b6db08bb3.sol:1607:18: Rule is set with explicit type [var/s: uint] [Warning/explicit-types]
/sb/0x003e1e8dd1a1b4588e7ef3a91484eb9b6db08bb3.sol:1611:5: Missing @notice tag in function 'quote' [Warning/use-natspec]
/sb/0x003e1e8dd1a1b4588e7ef3a91484eb9b6db08bb3.sol:1611:5: Missing @param tag in function 'quote' [Warning/use-natspec]
/sb/0x003e1e8dd1a1b4588e7ef3a91484eb9b6db08bb3.sol:1611:5: Mismatch in @param names for function 'quote'. Expected: [amountA, reserveA, reserveB], Found: [] [Warning/use-natspec]
/sb/0x003e1e8dd1a1b4588e7ef3a91484eb9b6db08bb3.sol:1611:5: Missing @return tag in function 'quote' [Warning/use-natspec]
/sb/0x003e1e8dd1a1b4588e7ef3a91484eb9b6db08bb3.sol:1611:5: Mismatch in @return names for function 'quote'. Expected: [amountB], Found: [] [Warning/use-natspec]
/sb/0x003e1e8dd1a1b4588e7ef3a91484eb9b6db08bb3.sol:1611:20: Rule is set with explicit type [var/s: uint] [Warning/explicit-types]
/sb/0x003e1e8dd1a1b4588e7ef3a91484eb9b6db08bb3.sol:1611:34: Rule is set with explicit type [var/s: uint] [Warning/explicit-types]
/sb/0x003e1e8dd1a1b4588e7ef3a91484eb9b6db08bb3.sol:1611:49: Rule is set with explicit type [var/s: uint] [Warning/explicit-types]
/sb/0x003e1e8dd1a1b4588e7ef3a91484eb9b6db08bb3.sol:1611:87: Rule is set with explicit type [var/s: uint] [Warning/explicit-types]
/sb/0x003e1e8dd1a1b4588e7ef3a91484eb9b6db08bb3.sol:1613:5: Missing @notice tag in function 'getAmountOut' [Warning/use-natspec]
/sb/0x003e1e8dd1a1b4588e7ef3a91484eb9b6db08bb3.sol:1613:5: Missing @param tag in function 'getAmountOut' [Warning/use-natspec]
/sb/0x003e1e8dd1a1b4588e7ef3a91484eb9b6db08bb3.sol:1613:5: Mismatch in @param names for function 'getAmountOut'. Expected: [amountIn, reserveIn, reserveOut], Found: [] [Warning/use-natspec]
/sb/0x003e1e8dd1a1b4588e7ef3a91484eb9b6db08bb3.sol:1613:5: Missing @return tag in function 'getAmountOut' [Warning/use-natspec]
/sb/0x003e1e8dd1a1b4588e7ef3a91484eb9b6db08bb3.sol:1613:5: Mismatch in @return names for function 'getAmountOut'. Expected: [amountOut], Found: [] [Warning/use-natspec]
/sb/0x003e1e8dd1a1b4588e7ef3a91484eb9b6db08bb3.sol:1613:27: Rule is set with explicit type [var/s: uint] [Warning/explicit-types]
/sb/0x003e1e8dd1a1b4588e7ef3a91484eb9b6db08bb3.sol:1613:42: Rule is set with explicit type [var/s: uint] [Warning/explicit-types]
/sb/0x003e1e8dd1a1b4588e7ef3a91484eb9b6db08bb3.sol:1613:58: Rule is set with explicit type [var/s: uint] [Warning/explicit-types]
/sb/0x003e1e8dd1a1b4588e7ef3a91484eb9b6db08bb3.sol:1613:98: Rule is set with explicit type [var/s: uint] [Warning/explicit-types]
/sb/0x003e1e8dd1a1b4588e7ef3a91484eb9b6db08bb3.sol:1615:5: Missing @notice tag in function 'getAmountIn' [Warning/use-natspec]
/sb/0x003e1e8dd1a1b4588e7ef3a91484eb9b6db08bb3.sol:1615:5: Missing @param tag in function 'getAmountIn' [Warning/use-natspec]
/sb/0x003e1e8dd1a1b4588e7ef3a91484eb9b6db08bb3.sol:1615:5: Mismatch in @param names for function 'getAmountIn'. Expected: [amountOut, reserveIn, reserveOut], Found: [] [Warning/use-natspec]
/sb/0x003e1e8dd1a1b4588e7ef3a91484eb9b6db08bb3.sol:1615:5: Missing @return tag in function 'getAmountIn' [Warning/use-natspec]
/sb/0x003e1e8dd1a1b4588e7ef3a91484eb9b6db08bb3.sol:1615:5: Mismatch in @return names for function 'getAmountIn'. Expected: [amountIn], Found: [] [Warning/use-natspec]
/sb/0x003e1e8dd1a1b4588e7ef3a91484eb9b6db08bb3.sol:1615:26: Rule is set with explicit type [var/s: uint] [Warning/explicit-types]
/sb/0x003e1e8dd1a1b4588e7ef3a91484eb9b6db08bb3.sol:1615:42: Rule is set with explicit type [var/s: uint] [Warning/explicit-types]
/sb/0x003e1e8dd1a1b4588e7ef3a91484eb9b6db08bb3.sol:1615:58: Rule is set with explicit type [var/s: uint] [Warning/explicit-types]
/sb/0x003e1e8dd1a1b4588e7ef3a91484eb9b6db08bb3.sol:1615:98: Rule is set with explicit type [var/s: uint] [Warning/explicit-types]
/sb/0x003e1e8dd1a1b4588e7ef3a91484eb9b6db08bb3.sol:1617:5: Missing @notice tag in function 'getAmountsOut' [Warning/use-natspec]
/sb/0x003e1e8dd1a1b4588e7ef3a91484eb9b6db08bb3.sol:1617:5: Missing @param tag in function 'getAmountsOut' [Warning/use-natspec]
/sb/0x003e1e8dd1a1b4588e7ef3a91484eb9b6db08bb3.sol:1617:5: Mismatch in @param names for function 'getAmountsOut'. Expected: [amountIn, path], Found: [] [Warning/use-natspec]
/sb/0x003e1e8dd1a1b4588e7ef3a91484eb9b6db08bb3.sol:1617:5: Missing @return tag in function 'getAmountsOut' [Warning/use-natspec]
/sb/0x003e1e8dd1a1b4588e7ef3a91484eb9b6db08bb3.sol:1617:5: Mismatch in @return names for function 'getAmountsOut'. Expected: [amounts], Found: [] [Warning/use-natspec]
/sb/0x003e1e8dd1a1b4588e7ef3a91484eb9b6db08bb3.sol:1617:28: Rule is set with explicit type [var/s: uint] [Warning/explicit-types]
/sb/0x003e1e8dd1a1b4588e7ef3a91484eb9b6db08bb3.sol:1617:91: Rule is set with explicit type [var/s: uint] [Warning/explicit-types]
/sb/0x003e1e8dd1a1b4588e7ef3a91484eb9b6db08bb3.sol:1619:5: Missing @notice tag in function 'getAmountsIn' [Warning/use-natspec]
/sb/0x003e1e8dd1a1b4588e7ef3a91484eb9b6db08bb3.sol:1619:5: Missing @param tag in function 'getAmountsIn' [Warning/use-natspec]
/sb/0x003e1e8dd1a1b4588e7ef3a91484eb9b6db08bb3.sol:1619:5: Mismatch in @param names for function 'getAmountsIn'. Expected: [amountOut, path], Found: [] [Warning/use-natspec]
/sb/0x003e1e8dd1a1b4588e7ef3a91484eb9b6db08bb3.sol:1619:5: Missing @return tag in function 'getAmountsIn' [Warning/use-natspec]
/sb/0x003e1e8dd1a1b4588e7ef3a91484eb9b6db08bb3.sol:1619:5: Mismatch in @return names for function 'getAmountsIn'. Expected: [amounts], Found: [] [Warning/use-natspec]
/sb/0x003e1e8dd1a1b4588e7ef3a91484eb9b6db08bb3.sol:1619:27: Rule is set with explicit type [var/s: uint] [Warning/explicit-types]
/sb/0x003e1e8dd1a1b4588e7ef3a91484eb9b6db08bb3.sol:1619:91: Rule is set with explicit type [var/s: uint] [Warning/explicit-types]
/sb/0x003e1e8dd1a1b4588e7ef3a91484eb9b6db08bb3.sol:1625:1: Missing @title tag in contract 'IUniswapV2Router02' [Warning/use-natspec]
/sb/0x003e1e8dd1a1b4588e7ef3a91484eb9b6db08bb3.sol:1625:1: Missing @author tag in contract 'IUniswapV2Router02' [Warning/use-natspec]
/sb/0x003e1e8dd1a1b4588e7ef3a91484eb9b6db08bb3.sol:1625:1: Missing @notice tag in contract 'IUniswapV2Router02' [Warning/use-natspec]
/sb/0x003e1e8dd1a1b4588e7ef3a91484eb9b6db08bb3.sol:1627:5: Missing @notice tag in function 'removeLiquidityETHSupportingFeeOnTransferTokens' [Warning/use-natspec]
/sb/0x003e1e8dd1a1b4588e7ef3a91484eb9b6db08bb3.sol:1627:5: Missing @param tag in function 'removeLiquidityETHSupportingFeeOnTransferTokens' [Warning/use-natspec]
/sb/0x003e1e8dd1a1b4588e7ef3a91484eb9b6db08bb3.sol:1627:5: Mismatch in @param names for function 'removeLiquidityETHSupportingFeeOnTransferTokens'. Expected: [token, liquidity, amountTokenMin, amountETHMin, to, deadline], Found: [] [Warning/use-natspec]
/sb/0x003e1e8dd1a1b4588e7ef3a91484eb9b6db08bb3.sol:1627:5: Missing @return tag in function 'removeLiquidityETHSupportingFeeOnTransferTokens' [Warning/use-natspec]
/sb/0x003e1e8dd1a1b4588e7ef3a91484eb9b6db08bb3.sol:1627:5: Mismatch in @return names for function 'removeLiquidityETHSupportingFeeOnTransferTokens'. Expected: [amountETH], Found: [] [Warning/use-natspec]
/sb/0x003e1e8dd1a1b4588e7ef3a91484eb9b6db08bb3.sol:1631:9: Rule is set with explicit type [var/s: uint] [Warning/explicit-types]
/sb/0x003e1e8dd1a1b4588e7ef3a91484eb9b6db08bb3.sol:1633:9: Rule is set with explicit type [var/s: uint] [Warning/explicit-types]
/sb/0x003e1e8dd1a1b4588e7ef3a91484eb9b6db08bb3.sol:1635:9: Rule is set with explicit type [var/s: uint] [Warning/explicit-types]
/sb/0x003e1e8dd1a1b4588e7ef3a91484eb9b6db08bb3.sol:1639:9: Rule is set with explicit type [var/s: uint] [Warning/explicit-types]
/sb/0x003e1e8dd1a1b4588e7ef3a91484eb9b6db08bb3.sol:1641:25: Rule is set with explicit type [var/s: uint] [Warning/explicit-types]
/sb/0x003e1e8dd1a1b4588e7ef3a91484eb9b6db08bb3.sol:1643:5: Missing @notice tag in function 'removeLiquidityETHWithPermitSupportingFeeOnTransferTokens' [Warning/use-natspec]
/sb/0x003e1e8dd1a1b4588e7ef3a91484eb9b6db08bb3.sol:1643:5: Missing @param tag in function 'removeLiquidityETHWithPermitSupportingFeeOnTransferTokens' [Warning/use-natspec]
/sb/0x003e1e8dd1a1b4588e7ef3a91484eb9b6db08bb3.sol:1643:5: Mismatch in @param names for function 'removeLiquidityETHWithPermitSupportingFeeOnTransferTokens'. Expected: [token, liquidity, amountTokenMin, amountETHMin, to, deadline, approveMax, v, r, s], Found: [] [Warning/use-natspec]
/sb/0x003e1e8dd1a1b4588e7ef3a91484eb9b6db08bb3.sol:1643:5: Missing @return tag in function 'removeLiquidityETHWithPermitSupportingFeeOnTransferTokens' [Warning/use-natspec]
/sb/0x003e1e8dd1a1b4588e7ef3a91484eb9b6db08bb3.sol:1643:5: Mismatch in @return names for function 'removeLiquidityETHWithPermitSupportingFeeOnTransferTokens'. Expected: [amountETH], Found: [] [Warning/use-natspec]
/sb/0x003e1e8dd1a1b4588e7ef3a91484eb9b6db08bb3.sol:1647:9: Rule is set with explicit type [var/s: uint] [Warning/explicit-types]
/sb/0x003e1e8dd1a1b4588e7ef3a91484eb9b6db08bb3.sol:1649:9: Rule is set with explicit type [var/s: uint] [Warning/explicit-types]
/sb/0x003e1e8dd1a1b4588e7ef3a91484eb9b6db08bb3.sol:1651:9: Rule is set with explicit type [var/s: uint] [Warning/explicit-types]
/sb/0x003e1e8dd1a1b4588e7ef3a91484eb9b6db08bb3.sol:1655:9: Rule is set with explicit type [var/s: uint] [Warning/explicit-types]
/sb/0x003e1e8dd1a1b4588e7ef3a91484eb9b6db08bb3.sol:1659:25: Rule is set with explicit type [var/s: uint] [Warning/explicit-types]
/sb/0x003e1e8dd1a1b4588e7ef3a91484eb9b6db08bb3.sol:1663:5: Missing @notice tag in function 'swapExactTokensForTokensSupportingFeeOnTransferTokens' [Warning/use-natspec]
/sb/0x003e1e8dd1a1b4588e7ef3a91484eb9b6db08bb3.sol:1663:5: Missing @param tag in function 'swapExactTokensForTokensSupportingFeeOnTransferTokens' [Warning/use-natspec]
/sb/0x003e1e8dd1a1b4588e7ef3a91484eb9b6db08bb3.sol:1663:5: Mismatch in @param names for function 'swapExactTokensForTokensSupportingFeeOnTransferTokens'. Expected: [amountIn, amountOutMin, path, to, deadline], Found: [] [Warning/use-natspec]
/sb/0x003e1e8dd1a1b4588e7ef3a91484eb9b6db08bb3.sol:1665:9: Rule is set with explicit type [var/s: uint] [Warning/explicit-types]
/sb/0x003e1e8dd1a1b4588e7ef3a91484eb9b6db08bb3.sol:1667:9: Rule is set with explicit type [var/s: uint] [Warning/explicit-types]
/sb/0x003e1e8dd1a1b4588e7ef3a91484eb9b6db08bb3.sol:1673:9: Rule is set with explicit type [var/s: uint] [Warning/explicit-types]
/sb/0x003e1e8dd1a1b4588e7ef3a91484eb9b6db08bb3.sol:1677:5: Missing @notice tag in function 'swapExactETHForTokensSupportingFeeOnTransferTokens' [Warning/use-natspec]
/sb/0x003e1e8dd1a1b4588e7ef3a91484eb9b6db08bb3.sol:1677:5: Missing @param tag in function 'swapExactETHForTokensSupportingFeeOnTransferTokens' [Warning/use-natspec]
/sb/0x003e1e8dd1a1b4588e7ef3a91484eb9b6db08bb3.sol:1677:5: Mismatch in @param names for function 'swapExactETHForTokensSupportingFeeOnTransferTokens'. Expected: [amountOutMin, path, to, deadline], Found: [] [Warning/use-natspec]
/sb/0x003e1e8dd1a1b4588e7ef3a91484eb9b6db08bb3.sol:1679:9: Rule is set with explicit type [var/s: uint] [Warning/explicit-types]
/sb/0x003e1e8dd1a1b4588e7ef3a91484eb9b6db08bb3.sol:1685:9: Rule is set with explicit type [var/s: uint] [Warning/explicit-types]
/sb/0x003e1e8dd1a1b4588e7ef3a91484eb9b6db08bb3.sol:1689:5: Missing @notice tag in function 'swapExactTokensForETHSupportingFeeOnTransferTokens' [Warning/use-natspec]
/sb/0x003e1e8dd1a1b4588e7ef3a91484eb9b6db08bb3.sol:1689:5: Missing @param tag in function 'swapExactTokensForETHSupportingFeeOnTransferTokens' [Warning/use-natspec]
/sb/0x003e1e8dd1a1b4588e7ef3a91484eb9b6db08bb3.sol:1689:5: Mismatch in @param names for function 'swapExactTokensForETHSupportingFeeOnTransferTokens'. Expected: [amountIn, amountOutMin, path, to, deadline], Found: [] [Warning/use-natspec]
/sb/0x003e1e8dd1a1b4588e7ef3a91484eb9b6db08bb3.sol:1691:9: Rule is set with explicit type [var/s: uint] [Warning/explicit-types]
/sb/0x003e1e8dd1a1b4588e7ef3a91484eb9b6db08bb3.sol:1693:9: Rule is set with explicit type [var/s: uint] [Warning/explicit-types]
/sb/0x003e1e8dd1a1b4588e7ef3a91484eb9b6db08bb3.sol:1699:9: Rule is set with explicit type [var/s: uint] [Warning/explicit-types]
/sb/0x003e1e8dd1a1b4588e7ef3a91484eb9b6db08bb3.sol:1707:1: Contract has 24 states declarations but allowed no more than 15 [Warning/max-states-count]
/sb/0x003e1e8dd1a1b4588e7ef3a91484eb9b6db08bb3.sol:1707:1: Missing @title tag in contract 'OldUNI' [Warning/use-natspec]
/sb/0x003e1e8dd1a1b4588e7ef3a91484eb9b6db08bb3.sol:1707:1: Missing @author tag in contract 'OldUNI' [Warning/use-natspec]
/sb/0x003e1e8dd1a1b4588e7ef3a91484eb9b6db08bb3.sol:1707:1: Missing @notice tag in contract 'OldUNI' [Warning/use-natspec]
/sb/0x003e1e8dd1a1b4588e7ef3a91484eb9b6db08bb3.sol:1713:5: Missing @notice tag in variable 'uniswapV2Router' [Warning/use-natspec]
/sb/0x003e1e8dd1a1b4588e7ef3a91484eb9b6db08bb3.sol:1713:5: Immutable variables name are set to be in capitalized SNAKE_CASE [Warning/immutable-vars-naming]
/sb/0x003e1e8dd1a1b4588e7ef3a91484eb9b6db08bb3.sol:1715:5: Missing @notice tag in variable 'uniswapV2Pair' [Warning/use-natspec]
/sb/0x003e1e8dd1a1b4588e7ef3a91484eb9b6db08bb3.sol:1715:5: Immutable variables name are set to be in capitalized SNAKE_CASE [Warning/immutable-vars-naming]
/sb/0x003e1e8dd1a1b4588e7ef3a91484eb9b6db08bb3.sol:1729:5: Missing @notice tag in variable 'maxTransactionAmount' [Warning/use-natspec]
/sb/0x003e1e8dd1a1b4588e7ef3a91484eb9b6db08bb3.sol:1731:5: Missing @notice tag in variable 'swapTokensAtAmount' [Warning/use-natspec]
/sb/0x003e1e8dd1a1b4588e7ef3a91484eb9b6db08bb3.sol:1733:5: Missing @notice tag in variable 'maxWallet' [Warning/use-natspec]
/sb/0x003e1e8dd1a1b4588e7ef3a91484eb9b6db08bb3.sol:1737:5: Missing @notice tag in variable 'limitsInEffect' [Warning/use-natspec]
/sb/0x003e1e8dd1a1b4588e7ef3a91484eb9b6db08bb3.sol:1739:5: Missing @notice tag in variable 'tradingActive' [Warning/use-natspec]
/sb/0x003e1e8dd1a1b4588e7ef3a91484eb9b6db08bb3.sol:1741:5: Missing @notice tag in variable 'swapEnabled' [Warning/use-natspec]
/sb/0x003e1e8dd1a1b4588e7ef3a91484eb9b6db08bb3.sol:1747:5: Missing @notice tag in variable 'buyTotalFees' [Warning/use-natspec]
/sb/0x003e1e8dd1a1b4588e7ef3a91484eb9b6db08bb3.sol:1749:5: Missing @notice tag in variable 'buyMarketingFee' [Warning/use-natspec]
/sb/0x003e1e8dd1a1b4588e7ef3a91484eb9b6db08bb3.sol:1751:5: Missing @notice tag in variable 'buyLiquidityFee' [Warning/use-natspec]
/sb/0x003e1e8dd1a1b4588e7ef3a91484eb9b6db08bb3.sol:1753:5: Missing @notice tag in variable 'buyDevFee' [Warning/use-natspec]
/sb/0x003e1e8dd1a1b4588e7ef3a91484eb9b6db08bb3.sol:1757:5: Missing @notice tag in variable 'sellTotalFees' [Warning/use-natspec]
/sb/0x003e1e8dd1a1b4588e7ef3a91484eb9b6db08bb3.sol:1759:5: Missing @notice tag in variable 'sellMarketingFee' [Warning/use-natspec]
/sb/0x003e1e8dd1a1b4588e7ef3a91484eb9b6db08bb3.sol:1761:5: Missing @notice tag in variable 'sellLiquidityFee' [Warning/use-natspec]
/sb/0x003e1e8dd1a1b4588e7ef3a91484eb9b6db08bb3.sol:1763:5: Missing @notice tag in variable 'sellDevFee' [Warning/use-natspec]
/sb/0x003e1e8dd1a1b4588e7ef3a91484eb9b6db08bb3.sol:1767:5: Missing @notice tag in variable 'tokensForMarketing' [Warning/use-natspec]
/sb/0x003e1e8dd1a1b4588e7ef3a91484eb9b6db08bb3.sol:1769:5: Missing @notice tag in variable 'tokensForLiquidity' [Warning/use-natspec]
/sb/0x003e1e8dd1a1b4588e7ef3a91484eb9b6db08bb3.sol:1771:5: Missing @notice tag in variable 'tokensForDev' [Warning/use-natspec]
/sb/0x003e1e8dd1a1b4588e7ef3a91484eb9b6db08bb3.sol:1777:5: Explicitly mark visibility of state [Warning/state-visibility]
/sb/0x003e1e8dd1a1b4588e7ef3a91484eb9b6db08bb3.sol:1789:5: Missing @notice tag in variable '_isExcludedMaxTransactionAmount' [Warning/use-natspec]
/sb/0x003e1e8dd1a1b4588e7ef3a91484eb9b6db08bb3.sol:1797:5: Missing @notice tag in variable 'partners' [Warning/use-natspec]
/sb/0x003e1e8dd1a1b4588e7ef3a91484eb9b6db08bb3.sol:1801:5: Missing @notice tag in event 'UpdateUniswapV2Router' [Warning/use-natspec]
/sb/0x003e1e8dd1a1b4588e7ef3a91484eb9b6db08bb3.sol:1801:5: Missing @param tag in event 'UpdateUniswapV2Router' [Warning/use-natspec]
/sb/0x003e1e8dd1a1b4588e7ef3a91484eb9b6db08bb3.sol:1801:5: Mismatch in @param names for event 'UpdateUniswapV2Router'. Expected: [newAddress, oldAddress], Found: [] [Warning/use-natspec]
/sb/0x003e1e8dd1a1b4588e7ef3a91484eb9b6db08bb3.sol:1805:5: Missing @notice tag in event 'ExcludeFromFees' [Warning/use-natspec]
/sb/0x003e1e8dd1a1b4588e7ef3a91484eb9b6db08bb3.sol:1805:5: Missing @param tag in event 'ExcludeFromFees' [Warning/use-natspec]
/sb/0x003e1e8dd1a1b4588e7ef3a91484eb9b6db08bb3.sol:1805:5: Mismatch in @param names for event 'ExcludeFromFees'. Expected: [account, isExcluded], Found: [] [Warning/use-natspec]
/sb/0x003e1e8dd1a1b4588e7ef3a91484eb9b6db08bb3.sol:1805:5: GC: [isExcluded] on Event [ExcludeFromFees] could be Indexed [Warning/gas-indexed-events]
/sb/0x003e1e8dd1a1b4588e7ef3a91484eb9b6db08bb3.sol:1809:5: Missing @notice tag in event 'Setpartner' [Warning/use-natspec]
/sb/0x003e1e8dd1a1b4588e7ef3a91484eb9b6db08bb3.sol:1809:5: Missing @param tag in event 'Setpartner' [Warning/use-natspec]
/sb/0x003e1e8dd1a1b4588e7ef3a91484eb9b6db08bb3.sol:1809:5: Mismatch in @param names for event 'Setpartner'. Expected: [pair, value], Found: [] [Warning/use-natspec]
/sb/0x003e1e8dd1a1b4588e7ef3a91484eb9b6db08bb3.sol:1813:5: Missing @notice tag in event 'marketingWalletUpdated' [Warning/use-natspec]
/sb/0x003e1e8dd1a1b4588e7ef3a91484eb9b6db08bb3.sol:1813:5: Missing @param tag in event 'marketingWalletUpdated' [Warning/use-natspec]
/sb/0x003e1e8dd1a1b4588e7ef3a91484eb9b6db08bb3.sol:1813:5: Mismatch in @param names for event 'marketingWalletUpdated'. Expected: [newWallet, oldWallet], Found: [] [Warning/use-natspec]
/sb/0x003e1e8dd1a1b4588e7ef3a91484eb9b6db08bb3.sol:1813:5: Event name must be in CapWords [Warning/event-name-capwords]
/sb/0x003e1e8dd1a1b4588e7ef3a91484eb9b6db08bb3.sol:1817:5: Missing @notice tag in event 'devWalletUpdated' [Warning/use-natspec]
/sb/0x003e1e8dd1a1b4588e7ef3a91484eb9b6db08bb3.sol:1817:5: Missing @param tag in event 'devWalletUpdated' [Warning/use-natspec]
/sb/0x003e1e8dd1a1b4588e7ef3a91484eb9b6db08bb3.sol:1817:5: Mismatch in @param names for event 'devWalletUpdated'. Expected: [newWallet, oldWallet], Found: [] [Warning/use-natspec]
/sb/0x003e1e8dd1a1b4588e7ef3a91484eb9b6db08bb3.sol:1817:5: Event name must be in CapWords [Warning/event-name-capwords]
/sb/0x003e1e8dd1a1b4588e7ef3a91484eb9b6db08bb3.sol:1821:5: Missing @notice tag in event 'SwapAndLiquify' [Warning/use-natspec]
/sb/0x003e1e8dd1a1b4588e7ef3a91484eb9b6db08bb3.sol:1821:5: Missing @param tag in event 'SwapAndLiquify' [Warning/use-natspec]
/sb/0x003e1e8dd1a1b4588e7ef3a91484eb9b6db08bb3.sol:1821:5: Mismatch in @param names for event 'SwapAndLiquify'. Expected: [tokensSwapped, ethReceived, tokensIntoLiquidity], Found: [] [Warning/use-natspec]
/sb/0x003e1e8dd1a1b4588e7ef3a91484eb9b6db08bb3.sol:1821:5: GC: [tokensSwapped] on Event [SwapAndLiquify] could be Indexed [Warning/gas-indexed-events]
/sb/0x003e1e8dd1a1b4588e7ef3a91484eb9b6db08bb3.sol:1821:5: GC: [ethReceived] on Event [SwapAndLiquify] could be Indexed [Warning/gas-indexed-events]
/sb/0x003e1e8dd1a1b4588e7ef3a91484eb9b6db08bb3.sol:1821:5: GC: [tokensIntoLiquidity] on Event [SwapAndLiquify] could be Indexed [Warning/gas-indexed-events]
/sb/0x003e1e8dd1a1b4588e7ef3a91484eb9b6db08bb3.sol:1833:5: Missing @notice tag in event 'AutoNukeLP' [Warning/use-natspec]
/sb/0x003e1e8dd1a1b4588e7ef3a91484eb9b6db08bb3.sol:1837:5: Missing @notice tag in event 'ManualNukeLP' [Warning/use-natspec]
/sb/0x003e1e8dd1a1b4588e7ef3a91484eb9b6db08bb3.sol:1841:5: Function body contains 103 lines but allowed no more than 50 lines [Warning/function-max-lines]
/sb/0x003e1e8dd1a1b4588e7ef3a91484eb9b6db08bb3.sol:1841:5: Missing @notice tag in function '<anonymous>' [Warning/use-natspec]
/sb/0x003e1e8dd1a1b4588e7ef3a91484eb9b6db08bb3.sol:1841:5: Explicitly mark visibility in function (Set ignoreConstructors to true if using solidity >=0.7.0) [Warning/func-visibility]
/sb/0x003e1e8dd1a1b4588e7ef3a91484eb9b6db08bb3.sol:1949:5: Missing @notice tag in function '<anonymous>' [Warning/use-natspec]
/sb/0x003e1e8dd1a1b4588e7ef3a91484eb9b6db08bb3.sol:1959:5: Missing @notice tag in function 'enableTrading' [Warning/use-natspec]
/sb/0x003e1e8dd1a1b4588e7ef3a91484eb9b6db08bb3.sol:1973:5: Missing @notice tag in function 'removeLimits' [Warning/use-natspec]
/sb/0x003e1e8dd1a1b4588e7ef3a91484eb9b6db08bb3.sol:1973:5: Missing @return tag in function 'removeLimits' [Warning/use-natspec]
/sb/0x003e1e8dd1a1b4588e7ef3a91484eb9b6db08bb3.sol:1973:5: Mismatch in @return count for function 'removeLimits'. Expected: 1, Found: 0 [Warning/use-natspec]
/sb/0x003e1e8dd1a1b4588e7ef3a91484eb9b6db08bb3.sol:1987:5: Missing @notice tag in function 'updateSwapTokensAtAmount' [Warning/use-natspec]
/sb/0x003e1e8dd1a1b4588e7ef3a91484eb9b6db08bb3.sol:1987:5: Missing @param tag in function 'updateSwapTokensAtAmount' [Warning/use-natspec]
/sb/0x003e1e8dd1a1b4588e7ef3a91484eb9b6db08bb3.sol:1987:5: Mismatch in @param names for function 'updateSwapTokensAtAmount'. Expected: [newAmount], Found: [] [Warning/use-natspec]
/sb/0x003e1e8dd1a1b4588e7ef3a91484eb9b6db08bb3.sol:1987:5: Missing @return tag in function 'updateSwapTokensAtAmount' [Warning/use-natspec]
/sb/0x003e1e8dd1a1b4588e7ef3a91484eb9b6db08bb3.sol:1987:5: Mismatch in @return count for function 'updateSwapTokensAtAmount'. Expected: 1, Found: 0 [Warning/use-natspec]
/sb/0x003e1e8dd1a1b4588e7ef3a91484eb9b6db08bb3.sol:1989:9: Error message for require is too long: 53 counted / 32 allowed [Warning/reason-string]
/sb/0x003e1e8dd1a1b4588e7ef3a91484eb9b6db08bb3.sol:1989:9: GC: String exceeds 32 bytes [Warning/gas-small-strings]
/sb/0x003e1e8dd1a1b4588e7ef3a91484eb9b6db08bb3.sol:1989:9: GC: Use Custom Errors instead of require statements [Warning/gas-custom-errors]
/sb/0x003e1e8dd1a1b4588e7ef3a91484eb9b6db08bb3.sol:1989:17: GC: Non strict inequality found. Try converting to a strict one [Warning/gas-strict-inequalities]
/sb/0x003e1e8dd1a1b4588e7ef3a91484eb9b6db08bb3.sol:1991:9: Error message for require is too long: 52 counted / 32 allowed [Warning/reason-string]
/sb/0x003e1e8dd1a1b4588e7ef3a91484eb9b6db08bb3.sol:1991:9: GC: String exceeds 32 bytes [Warning/gas-small-strings]
/sb/0x003e1e8dd1a1b4588e7ef3a91484eb9b6db08bb3.sol:1991:9: GC: Use Custom Errors instead of require statements [Warning/gas-custom-errors]
/sb/0x003e1e8dd1a1b4588e7ef3a91484eb9b6db08bb3.sol:1991:17: GC: Non strict inequality found. Try converting to a strict one [Warning/gas-strict-inequalities]
/sb/0x003e1e8dd1a1b4588e7ef3a91484eb9b6db08bb3.sol:2001:5: Missing @notice tag in function 'updateMaxTxnAmount' [Warning/use-natspec]
/sb/0x003e1e8dd1a1b4588e7ef3a91484eb9b6db08bb3.sol:2001:5: Missing @param tag in function 'updateMaxTxnAmount' [Warning/use-natspec]
/sb/0x003e1e8dd1a1b4588e7ef3a91484eb9b6db08bb3.sol:2001:5: Mismatch in @param names for function 'updateMaxTxnAmount'. Expected: [newNum], Found: [] [Warning/use-natspec]
/sb/0x003e1e8dd1a1b4588e7ef3a91484eb9b6db08bb3.sol:2003:9: Error message for require is too long: 47 counted / 32 allowed [Warning/reason-string]
/sb/0x003e1e8dd1a1b4588e7ef3a91484eb9b6db08bb3.sol:2003:9: GC: String exceeds 32 bytes [Warning/gas-small-strings]
/sb/0x003e1e8dd1a1b4588e7ef3a91484eb9b6db08bb3.sol:2003:9: GC: Use Custom Errors instead of require statements [Warning/gas-custom-errors]
/sb/0x003e1e8dd1a1b4588e7ef3a91484eb9b6db08bb3.sol:2003:17: GC: Non strict inequality found. Try converting to a strict one [Warning/gas-strict-inequalities]
/sb/0x003e1e8dd1a1b4588e7ef3a91484eb9b6db08bb3.sol:2011:5: Missing @notice tag in function 'updateMaxWalletAmount' [Warning/use-natspec]
/sb/0x003e1e8dd1a1b4588e7ef3a91484eb9b6db08bb3.sol:2011:5: Missing @param tag in function 'updateMaxWalletAmount' [Warning/use-natspec]
/sb/0x003e1e8dd1a1b4588e7ef3a91484eb9b6db08bb3.sol:2011:5: Mismatch in @param names for function 'updateMaxWalletAmount'. Expected: [newNum], Found: [] [Warning/use-natspec]
/sb/0x003e1e8dd1a1b4588e7ef3a91484eb9b6db08bb3.sol:2013:9: Error message for require is too long: 36 counted / 32 allowed [Warning/reason-string]
/sb/0x003e1e8dd1a1b4588e7ef3a91484eb9b6db08bb3.sol:2013:9: GC: String exceeds 32 bytes [Warning/gas-small-strings]
/sb/0x003e1e8dd1a1b4588e7ef3a91484eb9b6db08bb3.sol:2013:9: GC: Use Custom Errors instead of require statements [Warning/gas-custom-errors]
/sb/0x003e1e8dd1a1b4588e7ef3a91484eb9b6db08bb3.sol:2013:17: GC: Non strict inequality found. Try converting to a strict one [Warning/gas-strict-inequalities]
/sb/0x003e1e8dd1a1b4588e7ef3a91484eb9b6db08bb3.sol:2021:5: Missing @notice tag in function 'excludeFromMaxTransaction' [Warning/use-natspec]
/sb/0x003e1e8dd1a1b4588e7ef3a91484eb9b6db08bb3.sol:2021:5: Missing @param tag in function 'excludeFromMaxTransaction' [Warning/use-natspec]
/sb/0x003e1e8dd1a1b4588e7ef3a91484eb9b6db08bb3.sol:2021:5: Mismatch in @param names for function 'excludeFromMaxTransaction'. Expected: [updAds, isEx], Found: [] [Warning/use-natspec]
/sb/0x003e1e8dd1a1b4588e7ef3a91484eb9b6db08bb3.sol:2029:11: Missing @notice tag in function 'updateBuyFees' [Warning/use-natspec]
/sb/0x003e1e8dd1a1b4588e7ef3a91484eb9b6db08bb3.sol:2029:11: Missing @param tag in function 'updateBuyFees' [Warning/use-natspec]
/sb/0x003e1e8dd1a1b4588e7ef3a91484eb9b6db08bb3.sol:2029:11: Mismatch in @param names for function 'updateBuyFees'. Expected: [_devFee, _liquidityFee, _marketingFee], Found: [] [Warning/use-natspec]
/sb/0x003e1e8dd1a1b4588e7ef3a91484eb9b6db08bb3.sol:2047:9: GC: Use Custom Errors instead of require statements [Warning/gas-custom-errors]
/sb/0x003e1e8dd1a1b4588e7ef3a91484eb9b6db08bb3.sol:2047:17: GC: Non strict inequality found. Try converting to a strict one [Warning/gas-strict-inequalities]
/sb/0x003e1e8dd1a1b4588e7ef3a91484eb9b6db08bb3.sol:2053:5: Missing @notice tag in function 'updateSellFees' [Warning/use-natspec]
/sb/0x003e1e8dd1a1b4588e7ef3a91484eb9b6db08bb3.sol:2053:5: Missing @param tag in function 'updateSellFees' [Warning/use-natspec]
/sb/0x003e1e8dd1a1b4588e7ef3a91484eb9b6db08bb3.sol:2053:5: Mismatch in @param names for function 'updateSellFees'. Expected: [_devFee, _liquidityFee, _marketingFee], Found: [] [Warning/use-natspec]
/sb/0x003e1e8dd1a1b4588e7ef3a91484eb9b6db08bb3.sol:2071:9: GC: Use Custom Errors instead of require statements [Warning/gas-custom-errors]
/sb/0x003e1e8dd1a1b4588e7ef3a91484eb9b6db08bb3.sol:2071:17: GC: Non strict inequality found. Try converting to a strict one [Warning/gas-strict-inequalities]
/sb/0x003e1e8dd1a1b4588e7ef3a91484eb9b6db08bb3.sol:2079:5: Missing @notice tag in function 'updateSwapEnabled' [Warning/use-natspec]
/sb/0x003e1e8dd1a1b4588e7ef3a91484eb9b6db08bb3.sol:2079:5: Missing @param tag in function 'updateSwapEnabled' [Warning/use-natspec]
/sb/0x003e1e8dd1a1b4588e7ef3a91484eb9b6db08bb3.sol:2079:5: Mismatch in @param names for function 'updateSwapEnabled'. Expected: [enabled], Found: [] [Warning/use-natspec]
/sb/0x003e1e8dd1a1b4588e7ef3a91484eb9b6db08bb3.sol:2087:5: Missing @notice tag in function 'excludeFromFees' [Warning/use-natspec]
/sb/0x003e1e8dd1a1b4588e7ef3a91484eb9b6db08bb3.sol:2087:5: Missing @param tag in function 'excludeFromFees' [Warning/use-natspec]
/sb/0x003e1e8dd1a1b4588e7ef3a91484eb9b6db08bb3.sol:2087:5: Mismatch in @param names for function 'excludeFromFees'. Expected: [account, excluded], Found: [] [Warning/use-natspec]
/sb/0x003e1e8dd1a1b4588e7ef3a91484eb9b6db08bb3.sol:2099:5: Missing @notice tag in function 'setpartner' [Warning/use-natspec]
/sb/0x003e1e8dd1a1b4588e7ef3a91484eb9b6db08bb3.sol:2099:5: Missing @param tag in function 'setpartner' [Warning/use-natspec]
/sb/0x003e1e8dd1a1b4588e7ef3a91484eb9b6db08bb3.sol:2099:5: Mismatch in @param names for function 'setpartner'. Expected: [pair, value], Found: [] [Warning/use-natspec]
/sb/0x003e1e8dd1a1b4588e7ef3a91484eb9b6db08bb3.sol:2101:9: Error message for require is too long: 40 counted / 32 allowed [Warning/reason-string]
/sb/0x003e1e8dd1a1b4588e7ef3a91484eb9b6db08bb3.sol:2101:9: GC: String exceeds 32 bytes [Warning/gas-small-strings]
/sb/0x003e1e8dd1a1b4588e7ef3a91484eb9b6db08bb3.sol:2101:9: GC: Use Custom Errors instead of require statements [Warning/gas-custom-errors]
/sb/0x003e1e8dd1a1b4588e7ef3a91484eb9b6db08bb3.sol:2111:5: Missing @notice tag in function '_setpartner' [Warning/use-natspec]
/sb/0x003e1e8dd1a1b4588e7ef3a91484eb9b6db08bb3.sol:2111:5: Missing @param tag in function '_setpartner' [Warning/use-natspec]
/sb/0x003e1e8dd1a1b4588e7ef3a91484eb9b6db08bb3.sol:2111:5: Mismatch in @param names for function '_setpartner'. Expected: [pair, value], Found: [] [Warning/use-natspec]
/sb/0x003e1e8dd1a1b4588e7ef3a91484eb9b6db08bb3.sol:2123:5: Missing @notice tag in function 'updateMarketingWallet' [Warning/use-natspec]
/sb/0x003e1e8dd1a1b4588e7ef3a91484eb9b6db08bb3.sol:2123:5: Missing @param tag in function 'updateMarketingWallet' [Warning/use-natspec]
/sb/0x003e1e8dd1a1b4588e7ef3a91484eb9b6db08bb3.sol:2123:5: Mismatch in @param names for function 'updateMarketingWallet'. Expected: [newMarketingWallet], Found: [] [Warning/use-natspec]
/sb/0x003e1e8dd1a1b4588e7ef3a91484eb9b6db08bb3.sol:2133:5: Missing @notice tag in function 'updateDevWallet' [Warning/use-natspec]
/sb/0x003e1e8dd1a1b4588e7ef3a91484eb9b6db08bb3.sol:2133:5: Missing @param tag in function 'updateDevWallet' [Warning/use-natspec]
/sb/0x003e1e8dd1a1b4588e7ef3a91484eb9b6db08bb3.sol:2133:5: Mismatch in @param names for function 'updateDevWallet'. Expected: [newWallet], Found: [] [Warning/use-natspec]
/sb/0x003e1e8dd1a1b4588e7ef3a91484eb9b6db08bb3.sol:2143:5: Missing @notice tag in function 'isExcludedFromFees' [Warning/use-natspec]
/sb/0x003e1e8dd1a1b4588e7ef3a91484eb9b6db08bb3.sol:2143:5: Missing @param tag in function 'isExcludedFromFees' [Warning/use-natspec]
/sb/0x003e1e8dd1a1b4588e7ef3a91484eb9b6db08bb3.sol:2143:5: Mismatch in @param names for function 'isExcludedFromFees'. Expected: [account], Found: [] [Warning/use-natspec]
/sb/0x003e1e8dd1a1b4588e7ef3a91484eb9b6db08bb3.sol:2143:5: Missing @return tag in function 'isExcludedFromFees' [Warning/use-natspec]
/sb/0x003e1e8dd1a1b4588e7ef3a91484eb9b6db08bb3.sol:2143:5: Mismatch in @return count for function 'isExcludedFromFees'. Expected: 1, Found: 0 [Warning/use-natspec]
/sb/0x003e1e8dd1a1b4588e7ef3a91484eb9b6db08bb3.sol:2151:5: Function body contains 181 lines but allowed no more than 50 lines [Warning/function-max-lines]
/sb/0x003e1e8dd1a1b4588e7ef3a91484eb9b6db08bb3.sol:2151:5: Missing @notice tag in function '_transfer' [Warning/use-natspec]
/sb/0x003e1e8dd1a1b4588e7ef3a91484eb9b6db08bb3.sol:2151:5: Missing @param tag in function '_transfer' [Warning/use-natspec]
/sb/0x003e1e8dd1a1b4588e7ef3a91484eb9b6db08bb3.sol:2151:5: Mismatch in @param names for function '_transfer'. Expected: [from, to, amount], Found: [] [Warning/use-natspec]
/sb/0x003e1e8dd1a1b4588e7ef3a91484eb9b6db08bb3.sol:2161:9: Error message for require is too long: 37 counted / 32 allowed [Warning/reason-string]
/sb/0x003e1e8dd1a1b4588e7ef3a91484eb9b6db08bb3.sol:2161:9: GC: String exceeds 32 bytes [Warning/gas-small-strings]
/sb/0x003e1e8dd1a1b4588e7ef3a91484eb9b6db08bb3.sol:2161:9: GC: Use Custom Errors instead of require statements [Warning/gas-custom-errors]
/sb/0x003e1e8dd1a1b4588e7ef3a91484eb9b6db08bb3.sol:2163:9: Error message for require is too long: 35 counted / 32 allowed [Warning/reason-string]
/sb/0x003e1e8dd1a1b4588e7ef3a91484eb9b6db08bb3.sol:2163:9: GC: String exceeds 32 bytes [Warning/gas-small-strings]
/sb/0x003e1e8dd1a1b4588e7ef3a91484eb9b6db08bb3.sol:2163:9: GC: Use Custom Errors instead of require statements [Warning/gas-custom-errors]
/sb/0x003e1e8dd1a1b4588e7ef3a91484eb9b6db08bb3.sol:2193:21: GC: Use Custom Errors instead of require statements [Warning/gas-custom-errors]
/sb/0x003e1e8dd1a1b4588e7ef3a91484eb9b6db08bb3.sol:2203:25: Error message for require is too long: 53 counted / 32 allowed [Warning/reason-string]
/sb/0x003e1e8dd1a1b4588e7ef3a91484eb9b6db08bb3.sol:2203:25: GC: String exceeds 32 bytes [Warning/gas-small-strings]
/sb/0x003e1e8dd1a1b4588e7ef3a91484eb9b6db08bb3.sol:2203:25: GC: Use Custom Errors instead of require statements [Warning/gas-custom-errors]
/sb/0x003e1e8dd1a1b4588e7ef3a91484eb9b6db08bb3.sol:2203:33: GC: Non strict inequality found. Try converting to a strict one [Warning/gas-strict-inequalities]
/sb/0x003e1e8dd1a1b4588e7ef3a91484eb9b6db08bb3.sol:2205:25: GC: Use Custom Errors instead of require statements [Warning/gas-custom-errors]
/sb/0x003e1e8dd1a1b4588e7ef3a91484eb9b6db08bb3.sol:2205:33: GC: Non strict inequality found. Try converting to a strict one [Warning/gas-strict-inequalities]
/sb/0x003e1e8dd1a1b4588e7ef3a91484eb9b6db08bb3.sol:2213:25: Error message for require is too long: 54 counted / 32 allowed [Warning/reason-string]
/sb/0x003e1e8dd1a1b4588e7ef3a91484eb9b6db08bb3.sol:2213:25: GC: String exceeds 32 bytes [Warning/gas-small-strings]
/sb/0x003e1e8dd1a1b4588e7ef3a91484eb9b6db08bb3.sol:2213:25: GC: Use Custom Errors instead of require statements [Warning/gas-custom-errors]
/sb/0x003e1e8dd1a1b4588e7ef3a91484eb9b6db08bb3.sol:2213:33: GC: Non strict inequality found. Try converting to a strict one [Warning/gas-strict-inequalities]
/sb/0x003e1e8dd1a1b4588e7ef3a91484eb9b6db08bb3.sol:2219:21: GC: Use Custom Errors instead of require statements [Warning/gas-custom-errors]
/sb/0x003e1e8dd1a1b4588e7ef3a91484eb9b6db08bb3.sol:2219:29: GC: Non strict inequality found. Try converting to a strict one [Warning/gas-strict-inequalities]
/sb/0x003e1e8dd1a1b4588e7ef3a91484eb9b6db08bb3.sol:2233:24: GC: Non strict inequality found. Try converting to a strict one [Warning/gas-strict-inequalities]
/sb/0x003e1e8dd1a1b4588e7ef3a91484eb9b6db08bb3.sol:2337:5: Missing @notice tag in function 'swapTokensForEth' [Warning/use-natspec]
/sb/0x003e1e8dd1a1b4588e7ef3a91484eb9b6db08bb3.sol:2337:5: Missing @param tag in function 'swapTokensForEth' [Warning/use-natspec]
/sb/0x003e1e8dd1a1b4588e7ef3a91484eb9b6db08bb3.sol:2337:5: Mismatch in @param names for function 'swapTokensForEth'. Expected: [tokenAmount], Found: [] [Warning/use-natspec]
/sb/0x003e1e8dd1a1b4588e7ef3a91484eb9b6db08bb3.sol:2377:5: Missing @notice tag in function 'addLiquidity' [Warning/use-natspec]
/sb/0x003e1e8dd1a1b4588e7ef3a91484eb9b6db08bb3.sol:2377:5: Missing @param tag in function 'addLiquidity' [Warning/use-natspec]
/sb/0x003e1e8dd1a1b4588e7ef3a91484eb9b6db08bb3.sol:2377:5: Mismatch in @param names for function 'addLiquidity'. Expected: [tokenAmount, ethAmount], Found: [] [Warning/use-natspec]
/sb/0x003e1e8dd1a1b4588e7ef3a91484eb9b6db08bb3.sol:2407:5: Function body contains 75 lines but allowed no more than 50 lines [Warning/function-max-lines]
/sb/0x003e1e8dd1a1b4588e7ef3a91484eb9b6db08bb3.sol:2407:5: Missing @notice tag in function 'swapBack' [Warning/use-natspec]

851 problem/s (1 error/s, 850 warning/s)
