A new version of Solhint is available: 6.0.1
Please consider updating your Solhint package.
/sb/0x9a4fe70bb7b39127f4772acaf0d000578644b39d.sol:8:1: Found more than One contract per file. 6 contracts found! [Warning/one-contract-per-file]
/sb/0x9a4fe70bb7b39127f4772acaf0d000578644b39d.sol:8:1: Compiler version ^0.4.13 does not satisfy the ^0.8.24 semver requirement [Error/compiler-version]
/sb/0x9a4fe70bb7b39127f4772acaf0d000578644b39d.sol:10:1: Missing @title tag in contract 'OraclizeI' [Warning/use-natspec]
/sb/0x9a4fe70bb7b39127f4772acaf0d000578644b39d.sol:10:1: Missing @author tag in contract 'OraclizeI' [Warning/use-natspec]
/sb/0x9a4fe70bb7b39127f4772acaf0d000578644b39d.sol:10:1: Missing @notice tag in contract 'OraclizeI' [Warning/use-natspec]
/sb/0x9a4fe70bb7b39127f4772acaf0d000578644b39d.sol:11:5: Missing @notice tag in variable 'cbAddress' [Warning/use-natspec]
/sb/0x9a4fe70bb7b39127f4772acaf0d000578644b39d.sol:12:5: Missing @notice tag in function 'query' [Warning/use-natspec]
/sb/0x9a4fe70bb7b39127f4772acaf0d000578644b39d.sol:12:5: Missing @param tag in function 'query' [Warning/use-natspec]
/sb/0x9a4fe70bb7b39127f4772acaf0d000578644b39d.sol:12:5: Mismatch in @param names for function 'query'. Expected: [_timestamp, _datasource, _arg], Found: [] [Warning/use-natspec]
/sb/0x9a4fe70bb7b39127f4772acaf0d000578644b39d.sol:12:5: Missing @return tag in function 'query' [Warning/use-natspec]
/sb/0x9a4fe70bb7b39127f4772acaf0d000578644b39d.sol:12:5: Mismatch in @return names for function 'query'. Expected: [_id], Found: [] [Warning/use-natspec]
/sb/0x9a4fe70bb7b39127f4772acaf0d000578644b39d.sol:12:5: Explicitly mark visibility in function [Warning/func-visibility]
/sb/0x9a4fe70bb7b39127f4772acaf0d000578644b39d.sol:12:20: Rule is set with explicit type [var/s: uint] [Warning/explicit-types]
/sb/0x9a4fe70bb7b39127f4772acaf0d000578644b39d.sol:13:5: Missing @notice tag in function 'query_withGasLimit' [Warning/use-natspec]
/sb/0x9a4fe70bb7b39127f4772acaf0d000578644b39d.sol:13:5: Missing @param tag in function 'query_withGasLimit' [Warning/use-natspec]
/sb/0x9a4fe70bb7b39127f4772acaf0d000578644b39d.sol:13:5: Mismatch in @param names for function 'query_withGasLimit'. Expected: [_timestamp, _datasource, _arg, _gaslimit], Found: [] [Warning/use-natspec]
/sb/0x9a4fe70bb7b39127f4772acaf0d000578644b39d.sol:13:5: Missing @return tag in function 'query_withGasLimit' [Warning/use-natspec]
/sb/0x9a4fe70bb7b39127f4772acaf0d000578644b39d.sol:13:5: Mismatch in @return names for function 'query_withGasLimit'. Expected: [_id], Found: [] [Warning/use-natspec]
/sb/0x9a4fe70bb7b39127f4772acaf0d000578644b39d.sol:13:5: Function name must be in mixedCase [Warning/func-name-mixedcase]
/sb/0x9a4fe70bb7b39127f4772acaf0d000578644b39d.sol:13:5: Explicitly mark visibility in function [Warning/func-visibility]
/sb/0x9a4fe70bb7b39127f4772acaf0d000578644b39d.sol:13:33: Rule is set with explicit type [var/s: uint] [Warning/explicit-types]
/sb/0x9a4fe70bb7b39127f4772acaf0d000578644b39d.sol:13:83: Rule is set with explicit type [var/s: uint] [Warning/explicit-types]
/sb/0x9a4fe70bb7b39127f4772acaf0d000578644b39d.sol:14:5: Missing @notice tag in function 'query2' [Warning/use-natspec]
/sb/0x9a4fe70bb7b39127f4772acaf0d000578644b39d.sol:14:5: Missing @param tag in function 'query2' [Warning/use-natspec]
/sb/0x9a4fe70bb7b39127f4772acaf0d000578644b39d.sol:14:5: Mismatch in @param names for function 'query2'. Expected: [_timestamp, _datasource, _arg1, _arg2], Found: [] [Warning/use-natspec]
/sb/0x9a4fe70bb7b39127f4772acaf0d000578644b39d.sol:14:5: Missing @return tag in function 'query2' [Warning/use-natspec]
/sb/0x9a4fe70bb7b39127f4772acaf0d000578644b39d.sol:14:5: Mismatch in @return names for function 'query2'. Expected: [_id], Found: [] [Warning/use-natspec]
/sb/0x9a4fe70bb7b39127f4772acaf0d000578644b39d.sol:14:5: Explicitly mark visibility in function [Warning/func-visibility]
/sb/0x9a4fe70bb7b39127f4772acaf0d000578644b39d.sol:14:21: Rule is set with explicit type [var/s: uint] [Warning/explicit-types]
/sb/0x9a4fe70bb7b39127f4772acaf0d000578644b39d.sol:15:5: Missing @notice tag in function 'query2_withGasLimit' [Warning/use-natspec]
/sb/0x9a4fe70bb7b39127f4772acaf0d000578644b39d.sol:15:5: Missing @param tag in function 'query2_withGasLimit' [Warning/use-natspec]
/sb/0x9a4fe70bb7b39127f4772acaf0d000578644b39d.sol:15:5: Mismatch in @param names for function 'query2_withGasLimit'. Expected: [_timestamp, _datasource, _arg1, _arg2, _gaslimit], Found: [] [Warning/use-natspec]
/sb/0x9a4fe70bb7b39127f4772acaf0d000578644b39d.sol:15:5: Missing @return tag in function 'query2_withGasLimit' [Warning/use-natspec]
/sb/0x9a4fe70bb7b39127f4772acaf0d000578644b39d.sol:15:5: Mismatch in @return names for function 'query2_withGasLimit'. Expected: [_id], Found: [] [Warning/use-natspec]
/sb/0x9a4fe70bb7b39127f4772acaf0d000578644b39d.sol:15:5: Function name must be in mixedCase [Warning/func-name-mixedcase]
/sb/0x9a4fe70bb7b39127f4772acaf0d000578644b39d.sol:15:5: Explicitly mark visibility in function [Warning/func-visibility]
/sb/0x9a4fe70bb7b39127f4772acaf0d000578644b39d.sol:15:34: Rule is set with explicit type [var/s: uint] [Warning/explicit-types]
/sb/0x9a4fe70bb7b39127f4772acaf0d000578644b39d.sol:15:99: Rule is set with explicit type [var/s: uint] [Warning/explicit-types]
/sb/0x9a4fe70bb7b39127f4772acaf0d000578644b39d.sol:16:5: Missing @notice tag in function 'queryN' [Warning/use-natspec]
/sb/0x9a4fe70bb7b39127f4772acaf0d000578644b39d.sol:16:5: Missing @param tag in function 'queryN' [Warning/use-natspec]
/sb/0x9a4fe70bb7b39127f4772acaf0d000578644b39d.sol:16:5: Mismatch in @param names for function 'queryN'. Expected: [_timestamp, _datasource, _argN], Found: [] [Warning/use-natspec]
/sb/0x9a4fe70bb7b39127f4772acaf0d000578644b39d.sol:16:5: Missing @return tag in function 'queryN' [Warning/use-natspec]
/sb/0x9a4fe70bb7b39127f4772acaf0d000578644b39d.sol:16:5: Mismatch in @return names for function 'queryN'. Expected: [_id], Found: [] [Warning/use-natspec]
/sb/0x9a4fe70bb7b39127f4772acaf0d000578644b39d.sol:16:5: Explicitly mark visibility in function [Warning/func-visibility]
/sb/0x9a4fe70bb7b39127f4772acaf0d000578644b39d.sol:16:21: Rule is set with explicit type [var/s: uint] [Warning/explicit-types]
/sb/0x9a4fe70bb7b39127f4772acaf0d000578644b39d.sol:17:5: Missing @notice tag in function 'queryN_withGasLimit' [Warning/use-natspec]
/sb/0x9a4fe70bb7b39127f4772acaf0d000578644b39d.sol:17:5: Missing @param tag in function 'queryN_withGasLimit' [Warning/use-natspec]
/sb/0x9a4fe70bb7b39127f4772acaf0d000578644b39d.sol:17:5: Mismatch in @param names for function 'queryN_withGasLimit'. Expected: [_timestamp, _datasource, _argN, _gaslimit], Found: [] [Warning/use-natspec]
/sb/0x9a4fe70bb7b39127f4772acaf0d000578644b39d.sol:17:5: Missing @return tag in function 'queryN_withGasLimit' [Warning/use-natspec]
/sb/0x9a4fe70bb7b39127f4772acaf0d000578644b39d.sol:17:5: Mismatch in @return names for function 'queryN_withGasLimit'. Expected: [_id], Found: [] [Warning/use-natspec]
/sb/0x9a4fe70bb7b39127f4772acaf0d000578644b39d.sol:17:5: Function name must be in mixedCase [Warning/func-name-mixedcase]
/sb/0x9a4fe70bb7b39127f4772acaf0d000578644b39d.sol:17:5: Explicitly mark visibility in function [Warning/func-visibility]
/sb/0x9a4fe70bb7b39127f4772acaf0d000578644b39d.sol:17:34: Rule is set with explicit type [var/s: uint] [Warning/explicit-types]
/sb/0x9a4fe70bb7b39127f4772acaf0d000578644b39d.sol:17:84: Rule is set with explicit type [var/s: uint] [Warning/explicit-types]
/sb/0x9a4fe70bb7b39127f4772acaf0d000578644b39d.sol:18:5: Missing @notice tag in function 'getPrice' [Warning/use-natspec]
/sb/0x9a4fe70bb7b39127f4772acaf0d000578644b39d.sol:18:5: Missing @param tag in function 'getPrice' [Warning/use-natspec]
/sb/0x9a4fe70bb7b39127f4772acaf0d000578644b39d.sol:18:5: Mismatch in @param names for function 'getPrice'. Expected: [_datasource], Found: [] [Warning/use-natspec]
/sb/0x9a4fe70bb7b39127f4772acaf0d000578644b39d.sol:18:5: Missing @return tag in function 'getPrice' [Warning/use-natspec]
/sb/0x9a4fe70bb7b39127f4772acaf0d000578644b39d.sol:18:5: Mismatch in @return names for function 'getPrice'. Expected: [_dsprice], Found: [] [Warning/use-natspec]
/sb/0x9a4fe70bb7b39127f4772acaf0d000578644b39d.sol:18:5: Explicitly mark visibility in function [Warning/func-visibility]
/sb/0x9a4fe70bb7b39127f4772acaf0d000578644b39d.sol:18:52: Rule is set with explicit type [var/s: uint] [Warning/explicit-types]
/sb/0x9a4fe70bb7b39127f4772acaf0d000578644b39d.sol:19:5: Missing @notice tag in function 'getPrice' [Warning/use-natspec]
/sb/0x9a4fe70bb7b39127f4772acaf0d000578644b39d.sol:19:5: Missing @param tag in function 'getPrice' [Warning/use-natspec]
/sb/0x9a4fe70bb7b39127f4772acaf0d000578644b39d.sol:19:5: Mismatch in @param names for function 'getPrice'. Expected: [_datasource, gaslimit], Found: [] [Warning/use-natspec]
/sb/0x9a4fe70bb7b39127f4772acaf0d000578644b39d.sol:19:5: Missing @return tag in function 'getPrice' [Warning/use-natspec]
/sb/0x9a4fe70bb7b39127f4772acaf0d000578644b39d.sol:19:5: Mismatch in @return names for function 'getPrice'. Expected: [_dsprice], Found: [] [Warning/use-natspec]
/sb/0x9a4fe70bb7b39127f4772acaf0d000578644b39d.sol:19:5: Explicitly mark visibility in function [Warning/func-visibility]
/sb/0x9a4fe70bb7b39127f4772acaf0d000578644b39d.sol:19:43: Rule is set with explicit type [var/s: uint] [Warning/explicit-types]
/sb/0x9a4fe70bb7b39127f4772acaf0d000578644b39d.sol:19:67: Rule is set with explicit type [var/s: uint] [Warning/explicit-types]
/sb/0x9a4fe70bb7b39127f4772acaf0d000578644b39d.sol:20:5: Missing @notice tag in function 'useCoupon' [Warning/use-natspec]
/sb/0x9a4fe70bb7b39127f4772acaf0d000578644b39d.sol:20:5: Missing @param tag in function 'useCoupon' [Warning/use-natspec]
/sb/0x9a4fe70bb7b39127f4772acaf0d000578644b39d.sol:20:5: Mismatch in @param names for function 'useCoupon'. Expected: [_coupon], Found: [] [Warning/use-natspec]
/sb/0x9a4fe70bb7b39127f4772acaf0d000578644b39d.sol:20:5: Explicitly mark visibility in function [Warning/func-visibility]
/sb/0x9a4fe70bb7b39127f4772acaf0d000578644b39d.sol:21:5: Missing @notice tag in function 'setProofType' [Warning/use-natspec]
/sb/0x9a4fe70bb7b39127f4772acaf0d000578644b39d.sol:21:5: Missing @param tag in function 'setProofType' [Warning/use-natspec]
/sb/0x9a4fe70bb7b39127f4772acaf0d000578644b39d.sol:21:5: Mismatch in @param names for function 'setProofType'. Expected: [_proofType], Found: [] [Warning/use-natspec]
/sb/0x9a4fe70bb7b39127f4772acaf0d000578644b39d.sol:21:5: Explicitly mark visibility in function [Warning/func-visibility]
/sb/0x9a4fe70bb7b39127f4772acaf0d000578644b39d.sol:22:5: Missing @notice tag in function 'setConfig' [Warning/use-natspec]
/sb/0x9a4fe70bb7b39127f4772acaf0d000578644b39d.sol:22:5: Missing @param tag in function 'setConfig' [Warning/use-natspec]
/sb/0x9a4fe70bb7b39127f4772acaf0d000578644b39d.sol:22:5: Mismatch in @param names for function 'setConfig'. Expected: [_config], Found: [] [Warning/use-natspec]
/sb/0x9a4fe70bb7b39127f4772acaf0d000578644b39d.sol:22:5: Explicitly mark visibility in function [Warning/func-visibility]
/sb/0x9a4fe70bb7b39127f4772acaf0d000578644b39d.sol:23:5: Missing @notice tag in function 'setCustomGasPrice' [Warning/use-natspec]
/sb/0x9a4fe70bb7b39127f4772acaf0d000578644b39d.sol:23:5: Missing @param tag in function 'setCustomGasPrice' [Warning/use-natspec]
/sb/0x9a4fe70bb7b39127f4772acaf0d000578644b39d.sol:23:5: Mismatch in @param names for function 'setCustomGasPrice'. Expected: [_gasPrice], Found: [] [Warning/use-natspec]
/sb/0x9a4fe70bb7b39127f4772acaf0d000578644b39d.sol:23:5: Explicitly mark visibility in function [Warning/func-visibility]
/sb/0x9a4fe70bb7b39127f4772acaf0d000578644b39d.sol:23:32: Rule is set with explicit type [var/s: uint] [Warning/explicit-types]
/sb/0x9a4fe70bb7b39127f4772acaf0d000578644b39d.sol:24:5: Missing @notice tag in function 'randomDS_getSessionPubKeyHash' [Warning/use-natspec]
/sb/0x9a4fe70bb7b39127f4772acaf0d000578644b39d.sol:24:5: Missing @return tag in function 'randomDS_getSessionPubKeyHash' [Warning/use-natspec]
/sb/0x9a4fe70bb7b39127f4772acaf0d000578644b39d.sol:24:5: Mismatch in @return count for function 'randomDS_getSessionPubKeyHash'. Expected: 1, Found: 0 [Warning/use-natspec]
/sb/0x9a4fe70bb7b39127f4772acaf0d000578644b39d.sol:24:5: Function name must be in mixedCase [Warning/func-name-mixedcase]
/sb/0x9a4fe70bb7b39127f4772acaf0d000578644b39d.sol:24:5: Explicitly mark visibility in function [Warning/func-visibility]
/sb/0x9a4fe70bb7b39127f4772acaf0d000578644b39d.sol:26:1: Missing @title tag in contract 'OraclizeAddrResolverI' [Warning/use-natspec]
/sb/0x9a4fe70bb7b39127f4772acaf0d000578644b39d.sol:26:1: Missing @author tag in contract 'OraclizeAddrResolverI' [Warning/use-natspec]
/sb/0x9a4fe70bb7b39127f4772acaf0d000578644b39d.sol:26:1: Missing @notice tag in contract 'OraclizeAddrResolverI' [Warning/use-natspec]
/sb/0x9a4fe70bb7b39127f4772acaf0d000578644b39d.sol:27:5: Missing @notice tag in function 'getAddress' [Warning/use-natspec]
/sb/0x9a4fe70bb7b39127f4772acaf0d000578644b39d.sol:27:5: Missing @return tag in function 'getAddress' [Warning/use-natspec]
/sb/0x9a4fe70bb7b39127f4772acaf0d000578644b39d.sol:27:5: Mismatch in @return names for function 'getAddress'. Expected: [_addr], Found: [] [Warning/use-natspec]
/sb/0x9a4fe70bb7b39127f4772acaf0d000578644b39d.sol:27:5: Explicitly mark visibility in function [Warning/func-visibility]
/sb/0x9a4fe70bb7b39127f4772acaf0d000578644b39d.sol:29:1: Missing @title tag in contract 'usingOraclize' [Warning/use-natspec]
/sb/0x9a4fe70bb7b39127f4772acaf0d000578644b39d.sol:29:1: Missing @author tag in contract 'usingOraclize' [Warning/use-natspec]
/sb/0x9a4fe70bb7b39127f4772acaf0d000578644b39d.sol:29:1: Missing @notice tag in contract 'usingOraclize' [Warning/use-natspec]
/sb/0x9a4fe70bb7b39127f4772acaf0d000578644b39d.sol:29:1: Contract, Structs and Enums should be in CapWords [Warning/contract-name-capwords]
/sb/0x9a4fe70bb7b39127f4772acaf0d000578644b39d.sol:30:5: Explicitly mark visibility of state [Warning/state-visibility]
/sb/0x9a4fe70bb7b39127f4772acaf0d000578644b39d.sol:30:5: Rule is set with explicit type [var/s: uint] [Warning/explicit-types]
/sb/0x9a4fe70bb7b39127f4772acaf0d000578644b39d.sol:30:5: Constant name must be in capitalized SNAKE_CASE [Warning/const-name-snakecase]
/sb/0x9a4fe70bb7b39127f4772acaf0d000578644b39d.sol:31:5: Explicitly mark visibility of state [Warning/state-visibility]
/sb/0x9a4fe70bb7b39127f4772acaf0d000578644b39d.sol:31:5: Rule is set with explicit type [var/s: uint] [Warning/explicit-types]
/sb/0x9a4fe70bb7b39127f4772acaf0d000578644b39d.sol:31:5: Constant name must be in capitalized SNAKE_CASE [Warning/const-name-snakecase]
/sb/0x9a4fe70bb7b39127f4772acaf0d000578644b39d.sol:32:5: Explicitly mark visibility of state [Warning/state-visibility]
/sb/0x9a4fe70bb7b39127f4772acaf0d000578644b39d.sol:32:5: Rule is set with explicit type [var/s: uint] [Warning/explicit-types]
/sb/0x9a4fe70bb7b39127f4772acaf0d000578644b39d.sol:32:5: Constant name must be in capitalized SNAKE_CASE [Warning/const-name-snakecase]
/sb/0x9a4fe70bb7b39127f4772acaf0d000578644b39d.sol:33:5: Explicitly mark visibility of state [Warning/state-visibility]
/sb/0x9a4fe70bb7b39127f4772acaf0d000578644b39d.sol:33:5: Constant name must be in capitalized SNAKE_CASE [Warning/const-name-snakecase]
/sb/0x9a4fe70bb7b39127f4772acaf0d000578644b39d.sol:34:5: Explicitly mark visibility of state [Warning/state-visibility]
/sb/0x9a4fe70bb7b39127f4772acaf0d000578644b39d.sol:34:5: Constant name must be in capitalized SNAKE_CASE [Warning/const-name-snakecase]
/sb/0x9a4fe70bb7b39127f4772acaf0d000578644b39d.sol:35:5: Explicitly mark visibility of state [Warning/state-visibility]
/sb/0x9a4fe70bb7b39127f4772acaf0d000578644b39d.sol:35:5: Constant name must be in capitalized SNAKE_CASE [Warning/const-name-snakecase]
/sb/0x9a4fe70bb7b39127f4772acaf0d000578644b39d.sol:36:5: Explicitly mark visibility of state [Warning/state-visibility]
/sb/0x9a4fe70bb7b39127f4772acaf0d000578644b39d.sol:36:5: Constant name must be in capitalized SNAKE_CASE [Warning/const-name-snakecase]
/sb/0x9a4fe70bb7b39127f4772acaf0d000578644b39d.sol:37:5: Explicitly mark visibility of state [Warning/state-visibility]
/sb/0x9a4fe70bb7b39127f4772acaf0d000578644b39d.sol:37:5: Constant name must be in capitalized SNAKE_CASE [Warning/const-name-snakecase]
/sb/0x9a4fe70bb7b39127f4772acaf0d000578644b39d.sol:38:5: Explicitly mark visibility of state [Warning/state-visibility]
/sb/0x9a4fe70bb7b39127f4772acaf0d000578644b39d.sol:38:5: Constant name must be in capitalized SNAKE_CASE [Warning/const-name-snakecase]
/sb/0x9a4fe70bb7b39127f4772acaf0d000578644b39d.sol:39:5: Explicitly mark visibility of state [Warning/state-visibility]
/sb/0x9a4fe70bb7b39127f4772acaf0d000578644b39d.sol:39:5: Constant name must be in capitalized SNAKE_CASE [Warning/const-name-snakecase]
/sb/0x9a4fe70bb7b39127f4772acaf0d000578644b39d.sol:40:5: Explicitly mark visibility of state [Warning/state-visibility]
/sb/0x9a4fe70bb7b39127f4772acaf0d000578644b39d.sol:40:5: Constant name must be in capitalized SNAKE_CASE [Warning/const-name-snakecase]
/sb/0x9a4fe70bb7b39127f4772acaf0d000578644b39d.sol:41:5: Explicitly mark visibility of state [Warning/state-visibility]
/sb/0x9a4fe70bb7b39127f4772acaf0d000578644b39d.sol:41:5: Constant name must be in capitalized SNAKE_CASE [Warning/const-name-snakecase]
/sb/0x9a4fe70bb7b39127f4772acaf0d000578644b39d.sol:42:5: Explicitly mark visibility of state [Warning/state-visibility]
/sb/0x9a4fe70bb7b39127f4772acaf0d000578644b39d.sol:42:5: Constant name must be in capitalized SNAKE_CASE [Warning/const-name-snakecase]
/sb/0x9a4fe70bb7b39127f4772acaf0d000578644b39d.sol:43:5: Explicitly mark visibility of state [Warning/state-visibility]
/sb/0x9a4fe70bb7b39127f4772acaf0d000578644b39d.sol:43:5: Constant name must be in capitalized SNAKE_CASE [Warning/const-name-snakecase]
/sb/0x9a4fe70bb7b39127f4772acaf0d000578644b39d.sol:45:5: Explicitly mark visibility of state [Warning/state-visibility]
/sb/0x9a4fe70bb7b39127f4772acaf0d000578644b39d.sol:45:5: Variable name must be in mixedCase OAR [Warning/var-name-mixedcase]
/sb/0x9a4fe70bb7b39127f4772acaf0d000578644b39d.sol:47:5: Explicitly mark visibility of state [Warning/state-visibility]
/sb/0x9a4fe70bb7b39127f4772acaf0d000578644b39d.sol:59:5: Missing @notice tag in function 'oraclize_setNetwork' [Warning/use-natspec]
/sb/0x9a4fe70bb7b39127f4772acaf0d000578644b39d.sol:59:5: Missing @param tag in function 'oraclize_setNetwork' [Warning/use-natspec]
/sb/0x9a4fe70bb7b39127f4772acaf0d000578644b39d.sol:59:5: Mismatch in @param names for function 'oraclize_setNetwork'. Expected: [networkID], Found: [] [Warning/use-natspec]
/sb/0x9a4fe70bb7b39127f4772acaf0d000578644b39d.sol:59:5: Missing @return tag in function 'oraclize_setNetwork' [Warning/use-natspec]
/sb/0x9a4fe70bb7b39127f4772acaf0d000578644b39d.sol:59:5: Mismatch in @return count for function 'oraclize_setNetwork'. Expected: 1, Found: 0 [Warning/use-natspec]
/sb/0x9a4fe70bb7b39127f4772acaf0d000578644b39d.sol:59:5: Function name must be in mixedCase [Warning/func-name-mixedcase]
/sb/0x9a4fe70bb7b39127f4772acaf0d000578644b39d.sol:59:34: Variable "networkID" is unused [Warning/no-unused-vars]
/sb/0x9a4fe70bb7b39127f4772acaf0d000578644b39d.sol:95:5: Missing @notice tag in function '__callback' [Warning/use-natspec]
/sb/0x9a4fe70bb7b39127f4772acaf0d000578644b39d.sol:95:5: Missing @param tag in function '__callback' [Warning/use-natspec]
/sb/0x9a4fe70bb7b39127f4772acaf0d000578644b39d.sol:95:5: Mismatch in @param names for function '__callback'. Expected: [myid, result], Found: [] [Warning/use-natspec]
/sb/0x9a4fe70bb7b39127f4772acaf0d000578644b39d.sol:95:5: Explicitly mark visibility in function [Warning/func-visibility]
/sb/0x9a4fe70bb7b39127f4772acaf0d000578644b39d.sol:98:5: Missing @notice tag in function '__callback' [Warning/use-natspec]
/sb/0x9a4fe70bb7b39127f4772acaf0d000578644b39d.sol:98:5: Missing @param tag in function '__callback' [Warning/use-natspec]
/sb/0x9a4fe70bb7b39127f4772acaf0d000578644b39d.sol:98:5: Mismatch in @param names for function '__callback'. Expected: [myid, result, proof], Found: [] [Warning/use-natspec]
/sb/0x9a4fe70bb7b39127f4772acaf0d000578644b39d.sol:98:5: Explicitly mark visibility in function [Warning/func-visibility]
/sb/0x9a4fe70bb7b39127f4772acaf0d000578644b39d.sol:98:67: Code contains empty blocks [Warning/no-empty-blocks]
/sb/0x9a4fe70bb7b39127f4772acaf0d000578644b39d.sol:101:5: Missing @notice tag in function 'oraclize_useCoupon' [Warning/use-natspec]
/sb/0x9a4fe70bb7b39127f4772acaf0d000578644b39d.sol:101:5: Missing @param tag in function 'oraclize_useCoupon' [Warning/use-natspec]
/sb/0x9a4fe70bb7b39127f4772acaf0d000578644b39d.sol:101:5: Mismatch in @param names for function 'oraclize_useCoupon'. Expected: [code], Found: [] [Warning/use-natspec]
/sb/0x9a4fe70bb7b39127f4772acaf0d000578644b39d.sol:101:5: Function name must be in mixedCase [Warning/func-name-mixedcase]
/sb/0x9a4fe70bb7b39127f4772acaf0d000578644b39d.sol:101:58: Visibility modifier must be first in list of modifiers [Warning/visibility-modifier-order]
/sb/0x9a4fe70bb7b39127f4772acaf0d000578644b39d.sol:105:5: Missing @notice tag in function 'oraclize_getPrice' [Warning/use-natspec]
/sb/0x9a4fe70bb7b39127f4772acaf0d000578644b39d.sol:105:5: Missing @param tag in function 'oraclize_getPrice' [Warning/use-natspec]
/sb/0x9a4fe70bb7b39127f4772acaf0d000578644b39d.sol:105:5: Mismatch in @param names for function 'oraclize_getPrice'. Expected: [datasource], Found: [] [Warning/use-natspec]
/sb/0x9a4fe70bb7b39127f4772acaf0d000578644b39d.sol:105:5: Missing @return tag in function 'oraclize_getPrice' [Warning/use-natspec]
/sb/0x9a4fe70bb7b39127f4772acaf0d000578644b39d.sol:105:5: Mismatch in @return count for function 'oraclize_getPrice'. Expected: 1, Found: 0 [Warning/use-natspec]
/sb/0x9a4fe70bb7b39127f4772acaf0d000578644b39d.sol:105:5: Function name must be in mixedCase [Warning/func-name-mixedcase]
/sb/0x9a4fe70bb7b39127f4772acaf0d000578644b39d.sol:105:63: Visibility modifier must be first in list of modifiers [Warning/visibility-modifier-order]
/sb/0x9a4fe70bb7b39127f4772acaf0d000578644b39d.sol:105:81: Rule is set with explicit type [var/s: uint] [Warning/explicit-types]
/sb/0x9a4fe70bb7b39127f4772acaf0d000578644b39d.sol:109:5: Missing @notice tag in function 'oraclize_getPrice' [Warning/use-natspec]
/sb/0x9a4fe70bb7b39127f4772acaf0d000578644b39d.sol:109:5: Missing @param tag in function 'oraclize_getPrice' [Warning/use-natspec]
/sb/0x9a4fe70bb7b39127f4772acaf0d000578644b39d.sol:109:5: Mismatch in @param names for function 'oraclize_getPrice'. Expected: [datasource, gaslimit], Found: [] [Warning/use-natspec]
/sb/0x9a4fe70bb7b39127f4772acaf0d000578644b39d.sol:109:5: Missing @return tag in function 'oraclize_getPrice' [Warning/use-natspec]
/sb/0x9a4fe70bb7b39127f4772acaf0d000578644b39d.sol:109:5: Mismatch in @return count for function 'oraclize_getPrice'. Expected: 1, Found: 0 [Warning/use-natspec]
/sb/0x9a4fe70bb7b39127f4772acaf0d000578644b39d.sol:109:5: Function name must be in mixedCase [Warning/func-name-mixedcase]
/sb/0x9a4fe70bb7b39127f4772acaf0d000578644b39d.sol:109:78: Visibility modifier must be first in list of modifiers [Warning/visibility-modifier-order]
/sb/0x9a4fe70bb7b39127f4772acaf0d000578644b39d.sol:109:51: Rule is set with explicit type [var/s: uint] [Warning/explicit-types]
/sb/0x9a4fe70bb7b39127f4772acaf0d000578644b39d.sol:109:96: Rule is set with explicit type [var/s: uint] [Warning/explicit-types]
/sb/0x9a4fe70bb7b39127f4772acaf0d000578644b39d.sol:113:5: Missing @notice tag in function 'oraclize_query' [Warning/use-natspec]
/sb/0x9a4fe70bb7b39127f4772acaf0d000578644b39d.sol:113:5: Missing @param tag in function 'oraclize_query' [Warning/use-natspec]
/sb/0x9a4fe70bb7b39127f4772acaf0d000578644b39d.sol:113:5: Mismatch in @param names for function 'oraclize_query'. Expected: [datasource, arg], Found: [] [Warning/use-natspec]
/sb/0x9a4fe70bb7b39127f4772acaf0d000578644b39d.sol:113:5: Missing @return tag in function 'oraclize_query' [Warning/use-natspec]
/sb/0x9a4fe70bb7b39127f4772acaf0d000578644b39d.sol:113:5: Mismatch in @return names for function 'oraclize_query'. Expected: [id], Found: [] [Warning/use-natspec]
/sb/0x9a4fe70bb7b39127f4772acaf0d000578644b39d.sol:113:5: Function name must be in mixedCase [Warning/func-name-mixedcase]
/sb/0x9a4fe70bb7b39127f4772acaf0d000578644b39d.sol:113:72: Visibility modifier must be first in list of modifiers [Warning/visibility-modifier-order]
/sb/0x9a4fe70bb7b39127f4772acaf0d000578644b39d.sol:114:9: Rule is set with explicit type [var/s: uint] [Warning/explicit-types]
/sb/0x9a4fe70bb7b39127f4772acaf0d000578644b39d.sol:118:5: Missing @notice tag in function 'oraclize_query' [Warning/use-natspec]
/sb/0x9a4fe70bb7b39127f4772acaf0d000578644b39d.sol:118:5: Missing @param tag in function 'oraclize_query' [Warning/use-natspec]
/sb/0x9a4fe70bb7b39127f4772acaf0d000578644b39d.sol:118:5: Mismatch in @param names for function 'oraclize_query'. Expected: [timestamp, datasource, arg], Found: [] [Warning/use-natspec]
/sb/0x9a4fe70bb7b39127f4772acaf0d000578644b39d.sol:118:5: Missing @return tag in function 'oraclize_query' [Warning/use-natspec]
/sb/0x9a4fe70bb7b39127f4772acaf0d000578644b39d.sol:118:5: Mismatch in @return names for function 'oraclize_query'. Expected: [id], Found: [] [Warning/use-natspec]
/sb/0x9a4fe70bb7b39127f4772acaf0d000578644b39d.sol:118:5: Function name must be in mixedCase [Warning/func-name-mixedcase]
/sb/0x9a4fe70bb7b39127f4772acaf0d000578644b39d.sol:118:88: Visibility modifier must be first in list of modifiers [Warning/visibility-modifier-order]
/sb/0x9a4fe70bb7b39127f4772acaf0d000578644b39d.sol:118:29: Rule is set with explicit type [var/s: uint] [Warning/explicit-types]
/sb/0x9a4fe70bb7b39127f4772acaf0d000578644b39d.sol:119:9: Rule is set with explicit type [var/s: uint] [Warning/explicit-types]
/sb/0x9a4fe70bb7b39127f4772acaf0d000578644b39d.sol:123:5: Missing @notice tag in function 'oraclize_query' [Warning/use-natspec]
/sb/0x9a4fe70bb7b39127f4772acaf0d000578644b39d.sol:123:5: Missing @param tag in function 'oraclize_query' [Warning/use-natspec]
/sb/0x9a4fe70bb7b39127f4772acaf0d000578644b39d.sol:123:5: Mismatch in @param names for function 'oraclize_query'. Expected: [timestamp, datasource, arg, gaslimit], Found: [] [Warning/use-natspec]
/sb/0x9a4fe70bb7b39127f4772acaf0d000578644b39d.sol:123:5: Missing @return tag in function 'oraclize_query' [Warning/use-natspec]
/sb/0x9a4fe70bb7b39127f4772acaf0d000578644b39d.sol:123:5: Mismatch in @return names for function 'oraclize_query'. Expected: [id], Found: [] [Warning/use-natspec]
/sb/0x9a4fe70bb7b39127f4772acaf0d000578644b39d.sol:123:5: Function name must be in mixedCase [Warning/func-name-mixedcase]
/sb/0x9a4fe70bb7b39127f4772acaf0d000578644b39d.sol:123:103: Visibility modifier must be first in list of modifiers [Warning/visibility-modifier-order]
/sb/0x9a4fe70bb7b39127f4772acaf0d000578644b39d.sol:123:29: Rule is set with explicit type [var/s: uint] [Warning/explicit-types]
/sb/0x9a4fe70bb7b39127f4772acaf0d000578644b39d.sol:123:76: Rule is set with explicit type [var/s: uint] [Warning/explicit-types]
/sb/0x9a4fe70bb7b39127f4772acaf0d000578644b39d.sol:124:9: Rule is set with explicit type [var/s: uint] [Warning/explicit-types]
/sb/0x9a4fe70bb7b39127f4772acaf0d000578644b39d.sol:128:5: Missing @notice tag in function 'oraclize_query' [Warning/use-natspec]
/sb/0x9a4fe70bb7b39127f4772acaf0d000578644b39d.sol:128:5: Missing @param tag in function 'oraclize_query' [Warning/use-natspec]
/sb/0x9a4fe70bb7b39127f4772acaf0d000578644b39d.sol:128:5: Mismatch in @param names for function 'oraclize_query'. Expected: [datasource, arg, gaslimit], Found: [] [Warning/use-natspec]
/sb/0x9a4fe70bb7b39127f4772acaf0d000578644b39d.sol:128:5: Missing @return tag in function 'oraclize_query' [Warning/use-natspec]
/sb/0x9a4fe70bb7b39127f4772acaf0d000578644b39d.sol:128:5: Mismatch in @return names for function 'oraclize_query'. Expected: [id], Found: [] [Warning/use-natspec]
/sb/0x9a4fe70bb7b39127f4772acaf0d000578644b39d.sol:128:5: Function name must be in mixedCase [Warning/func-name-mixedcase]
/sb/0x9a4fe70bb7b39127f4772acaf0d000578644b39d.sol:128:87: Visibility modifier must be first in list of modifiers [Warning/visibility-modifier-order]
/sb/0x9a4fe70bb7b39127f4772acaf0d000578644b39d.sol:128:60: Rule is set with explicit type [var/s: uint] [Warning/explicit-types]
/sb/0x9a4fe70bb7b39127f4772acaf0d000578644b39d.sol:129:9: Rule is set with explicit type [var/s: uint] [Warning/explicit-types]
/sb/0x9a4fe70bb7b39127f4772acaf0d000578644b39d.sol:133:5: Missing @notice tag in function 'oraclize_query' [Warning/use-natspec]
/sb/0x9a4fe70bb7b39127f4772acaf0d000578644b39d.sol:133:5: Missing @param tag in function 'oraclize_query' [Warning/use-natspec]
/sb/0x9a4fe70bb7b39127f4772acaf0d000578644b39d.sol:133:5: Mismatch in @param names for function 'oraclize_query'. Expected: [datasource, arg1, arg2], Found: [] [Warning/use-natspec]
/sb/0x9a4fe70bb7b39127f4772acaf0d000578644b39d.sol:133:5: Missing @return tag in function 'oraclize_query' [Warning/use-natspec]
/sb/0x9a4fe70bb7b39127f4772acaf0d000578644b39d.sol:133:5: Mismatch in @return names for function 'oraclize_query'. Expected: [id], Found: [] [Warning/use-natspec]
/sb/0x9a4fe70bb7b39127f4772acaf0d000578644b39d.sol:133:5: Function name must be in mixedCase [Warning/func-name-mixedcase]
/sb/0x9a4fe70bb7b39127f4772acaf0d000578644b39d.sol:133:86: Visibility modifier must be first in list of modifiers [Warning/visibility-modifier-order]
/sb/0x9a4fe70bb7b39127f4772acaf0d000578644b39d.sol:134:9: Rule is set with explicit type [var/s: uint] [Warning/explicit-types]
/sb/0x9a4fe70bb7b39127f4772acaf0d000578644b39d.sol:138:5: Missing @notice tag in function 'oraclize_query' [Warning/use-natspec]
/sb/0x9a4fe70bb7b39127f4772acaf0d000578644b39d.sol:138:5: Missing @param tag in function 'oraclize_query' [Warning/use-natspec]
/sb/0x9a4fe70bb7b39127f4772acaf0d000578644b39d.sol:138:5: Mismatch in @param names for function 'oraclize_query'. Expected: [timestamp, datasource, arg1, arg2], Found: [] [Warning/use-natspec]
/sb/0x9a4fe70bb7b39127f4772acaf0d000578644b39d.sol:138:5: Missing @return tag in function 'oraclize_query' [Warning/use-natspec]
/sb/0x9a4fe70bb7b39127f4772acaf0d000578644b39d.sol:138:5: Mismatch in @return names for function 'oraclize_query'. Expected: [id], Found: [] [Warning/use-natspec]
/sb/0x9a4fe70bb7b39127f4772acaf0d000578644b39d.sol:138:5: Function name must be in mixedCase [Warning/func-name-mixedcase]
/sb/0x9a4fe70bb7b39127f4772acaf0d000578644b39d.sol:138:102: Visibility modifier must be first in list of modifiers [Warning/visibility-modifier-order]
/sb/0x9a4fe70bb7b39127f4772acaf0d000578644b39d.sol:138:29: Rule is set with explicit type [var/s: uint] [Warning/explicit-types]
/sb/0x9a4fe70bb7b39127f4772acaf0d000578644b39d.sol:139:9: Rule is set with explicit type [var/s: uint] [Warning/explicit-types]
/sb/0x9a4fe70bb7b39127f4772acaf0d000578644b39d.sol:143:5: Missing @notice tag in function 'oraclize_query' [Warning/use-natspec]
/sb/0x9a4fe70bb7b39127f4772acaf0d000578644b39d.sol:143:5: Missing @param tag in function 'oraclize_query' [Warning/use-natspec]
/sb/0x9a4fe70bb7b39127f4772acaf0d000578644b39d.sol:143:5: Mismatch in @param names for function 'oraclize_query'. Expected: [timestamp, datasource, arg1, arg2, gaslimit], Found: [] [Warning/use-natspec]
/sb/0x9a4fe70bb7b39127f4772acaf0d000578644b39d.sol:143:5: Missing @return tag in function 'oraclize_query' [Warning/use-natspec]
/sb/0x9a4fe70bb7b39127f4772acaf0d000578644b39d.sol:143:5: Mismatch in @return names for function 'oraclize_query'. Expected: [id], Found: [] [Warning/use-natspec]
/sb/0x9a4fe70bb7b39127f4772acaf0d000578644b39d.sol:143:5: Function name must be in mixedCase [Warning/func-name-mixedcase]
/sb/0x9a4fe70bb7b39127f4772acaf0d000578644b39d.sol:143:117: Visibility modifier must be first in list of modifiers [Warning/visibility-modifier-order]
/sb/0x9a4fe70bb7b39127f4772acaf0d000578644b39d.sol:143:29: Rule is set with explicit type [var/s: uint] [Warning/explicit-types]
/sb/0x9a4fe70bb7b39127f4772acaf0d000578644b39d.sol:143:90: Rule is set with explicit type [var/s: uint] [Warning/explicit-types]
/sb/0x9a4fe70bb7b39127f4772acaf0d000578644b39d.sol:144:9: Rule is set with explicit type [var/s: uint] [Warning/explicit-types]
/sb/0x9a4fe70bb7b39127f4772acaf0d000578644b39d.sol:148:5: Missing @notice tag in function 'oraclize_query' [Warning/use-natspec]
/sb/0x9a4fe70bb7b39127f4772acaf0d000578644b39d.sol:148:5: Missing @param tag in function 'oraclize_query' [Warning/use-natspec]
/sb/0x9a4fe70bb7b39127f4772acaf0d000578644b39d.sol:148:5: Mismatch in @param names for function 'oraclize_query'. Expected: [datasource, arg1, arg2, gaslimit], Found: [] [Warning/use-natspec]
/sb/0x9a4fe70bb7b39127f4772acaf0d000578644b39d.sol:148:5: Missing @return tag in function 'oraclize_query' [Warning/use-natspec]
/sb/0x9a4fe70bb7b39127f4772acaf0d000578644b39d.sol:148:5: Mismatch in @return names for function 'oraclize_query'. Expected: [id], Found: [] [Warning/use-natspec]
/sb/0x9a4fe70bb7b39127f4772acaf0d000578644b39d.sol:148:5: Function name must be in mixedCase [Warning/func-name-mixedcase]
/sb/0x9a4fe70bb7b39127f4772acaf0d000578644b39d.sol:148:101: Visibility modifier must be first in list of modifiers [Warning/visibility-modifier-order]
/sb/0x9a4fe70bb7b39127f4772acaf0d000578644b39d.sol:148:74: Rule is set with explicit type [var/s: uint] [Warning/explicit-types]
/sb/0x9a4fe70bb7b39127f4772acaf0d000578644b39d.sol:149:9: Rule is set with explicit type [var/s: uint] [Warning/explicit-types]
/sb/0x9a4fe70bb7b39127f4772acaf0d000578644b39d.sol:153:5: Missing @notice tag in function 'oraclize_query' [Warning/use-natspec]
/sb/0x9a4fe70bb7b39127f4772acaf0d000578644b39d.sol:153:5: Missing @param tag in function 'oraclize_query' [Warning/use-natspec]
/sb/0x9a4fe70bb7b39127f4772acaf0d000578644b39d.sol:153:5: Mismatch in @param names for function 'oraclize_query'. Expected: [datasource, argN], Found: [] [Warning/use-natspec]
/sb/0x9a4fe70bb7b39127f4772acaf0d000578644b39d.sol:153:5: Missing @return tag in function 'oraclize_query' [Warning/use-natspec]
/sb/0x9a4fe70bb7b39127f4772acaf0d000578644b39d.sol:153:5: Mismatch in @return names for function 'oraclize_query'. Expected: [id], Found: [] [Warning/use-natspec]
/sb/0x9a4fe70bb7b39127f4772acaf0d000578644b39d.sol:153:5: Function name must be in mixedCase [Warning/func-name-mixedcase]
/sb/0x9a4fe70bb7b39127f4772acaf0d000578644b39d.sol:153:75: Visibility modifier must be first in list of modifiers [Warning/visibility-modifier-order]
/sb/0x9a4fe70bb7b39127f4772acaf0d000578644b39d.sol:154:9: Rule is set with explicit type [var/s: uint] [Warning/explicit-types]
/sb/0x9a4fe70bb7b39127f4772acaf0d000578644b39d.sol:159:5: Missing @notice tag in function 'oraclize_query' [Warning/use-natspec]
/sb/0x9a4fe70bb7b39127f4772acaf0d000578644b39d.sol:159:5: Missing @param tag in function 'oraclize_query' [Warning/use-natspec]
/sb/0x9a4fe70bb7b39127f4772acaf0d000578644b39d.sol:159:5: Mismatch in @param names for function 'oraclize_query'. Expected: [timestamp, datasource, argN], Found: [] [Warning/use-natspec]
/sb/0x9a4fe70bb7b39127f4772acaf0d000578644b39d.sol:159:5: Missing @return tag in function 'oraclize_query' [Warning/use-natspec]
/sb/0x9a4fe70bb7b39127f4772acaf0d000578644b39d.sol:159:5: Mismatch in @return names for function 'oraclize_query'. Expected: [id], Found: [] [Warning/use-natspec]
/sb/0x9a4fe70bb7b39127f4772acaf0d000578644b39d.sol:159:5: Function name must be in mixedCase [Warning/func-name-mixedcase]
/sb/0x9a4fe70bb7b39127f4772acaf0d000578644b39d.sol:159:91: Visibility modifier must be first in list of modifiers [Warning/visibility-modifier-order]
/sb/0x9a4fe70bb7b39127f4772acaf0d000578644b39d.sol:159:29: Rule is set with explicit type [var/s: uint] [Warning/explicit-types]
/sb/0x9a4fe70bb7b39127f4772acaf0d000578644b39d.sol:160:9: Rule is set with explicit type [var/s: uint] [Warning/explicit-types]
/sb/0x9a4fe70bb7b39127f4772acaf0d000578644b39d.sol:165:5: Missing @notice tag in function 'oraclize_query' [Warning/use-natspec]
/sb/0x9a4fe70bb7b39127f4772acaf0d000578644b39d.sol:165:5: Missing @param tag in function 'oraclize_query' [Warning/use-natspec]
/sb/0x9a4fe70bb7b39127f4772acaf0d000578644b39d.sol:165:5: Mismatch in @param names for function 'oraclize_query'. Expected: [timestamp, datasource, argN, gaslimit], Found: [] [Warning/use-natspec]
/sb/0x9a4fe70bb7b39127f4772acaf0d000578644b39d.sol:165:5: Missing @return tag in function 'oraclize_query' [Warning/use-natspec]
/sb/0x9a4fe70bb7b39127f4772acaf0d000578644b39d.sol:165:5: Mismatch in @return names for function 'oraclize_query'. Expected: [id], Found: [] [Warning/use-natspec]
/sb/0x9a4fe70bb7b39127f4772acaf0d000578644b39d.sol:165:5: Function name must be in mixedCase [Warning/func-name-mixedcase]
/sb/0x9a4fe70bb7b39127f4772acaf0d000578644b39d.sol:165:106: Visibility modifier must be first in list of modifiers [Warning/visibility-modifier-order]
/sb/0x9a4fe70bb7b39127f4772acaf0d000578644b39d.sol:165:29: Rule is set with explicit type [var/s: uint] [Warning/explicit-types]
/sb/0x9a4fe70bb7b39127f4772acaf0d000578644b39d.sol:165:79: Rule is set with explicit type [var/s: uint] [Warning/explicit-types]
/sb/0x9a4fe70bb7b39127f4772acaf0d000578644b39d.sol:166:9: Rule is set with explicit type [var/s: uint] [Warning/explicit-types]
/sb/0x9a4fe70bb7b39127f4772acaf0d000578644b39d.sol:171:5: Missing @notice tag in function 'oraclize_query' [Warning/use-natspec]
/sb/0x9a4fe70bb7b39127f4772acaf0d000578644b39d.sol:171:5: Missing @param tag in function 'oraclize_query' [Warning/use-natspec]
/sb/0x9a4fe70bb7b39127f4772acaf0d000578644b39d.sol:171:5: Mismatch in @param names for function 'oraclize_query'. Expected: [datasource, argN, gaslimit], Found: [] [Warning/use-natspec]
/sb/0x9a4fe70bb7b39127f4772acaf0d000578644b39d.sol:171:5: Missing @return tag in function 'oraclize_query' [Warning/use-natspec]
/sb/0x9a4fe70bb7b39127f4772acaf0d000578644b39d.sol:171:5: Mismatch in @return names for function 'oraclize_query'. Expected: [id], Found: [] [Warning/use-natspec]
/sb/0x9a4fe70bb7b39127f4772acaf0d000578644b39d.sol:171:5: Function name must be in mixedCase [Warning/func-name-mixedcase]
/sb/0x9a4fe70bb7b39127f4772acaf0d000578644b39d.sol:171:90: Visibility modifier must be first in list of modifiers [Warning/visibility-modifier-order]
/sb/0x9a4fe70bb7b39127f4772acaf0d000578644b39d.sol:171:63: Rule is set with explicit type [var/s: uint] [Warning/explicit-types]
/sb/0x9a4fe70bb7b39127f4772acaf0d000578644b39d.sol:172:9: Rule is set with explicit type [var/s: uint] [Warning/explicit-types]
/sb/0x9a4fe70bb7b39127f4772acaf0d000578644b39d.sol:177:5: Missing @notice tag in function 'oraclize_query' [Warning/use-natspec]
/sb/0x9a4fe70bb7b39127f4772acaf0d000578644b39d.sol:177:5: Missing @param tag in function 'oraclize_query' [Warning/use-natspec]
/sb/0x9a4fe70bb7b39127f4772acaf0d000578644b39d.sol:177:5: Mismatch in @param names for function 'oraclize_query'. Expected: [datasource, args], Found: [] [Warning/use-natspec]
/sb/0x9a4fe70bb7b39127f4772acaf0d000578644b39d.sol:177:5: Missing @return tag in function 'oraclize_query' [Warning/use-natspec]
/sb/0x9a4fe70bb7b39127f4772acaf0d000578644b39d.sol:177:5: Mismatch in @return names for function 'oraclize_query'. Expected: [id], Found: [] [Warning/use-natspec]
/sb/0x9a4fe70bb7b39127f4772acaf0d000578644b39d.sol:177:5: Function name must be in mixedCase [Warning/func-name-mixedcase]
/sb/0x9a4fe70bb7b39127f4772acaf0d000578644b39d.sol:177:76: Visibility modifier must be first in list of modifiers [Warning/visibility-modifier-order]
/sb/0x9a4fe70bb7b39127f4772acaf0d000578644b39d.sol:182:5: Missing @notice tag in function 'oraclize_query' [Warning/use-natspec]
/sb/0x9a4fe70bb7b39127f4772acaf0d000578644b39d.sol:182:5: Missing @param tag in function 'oraclize_query' [Warning/use-natspec]
/sb/0x9a4fe70bb7b39127f4772acaf0d000578644b39d.sol:182:5: Mismatch in @param names for function 'oraclize_query'. Expected: [timestamp, datasource, args], Found: [] [Warning/use-natspec]
/sb/0x9a4fe70bb7b39127f4772acaf0d000578644b39d.sol:182:5: Missing @return tag in function 'oraclize_query' [Warning/use-natspec]
/sb/0x9a4fe70bb7b39127f4772acaf0d000578644b39d.sol:182:5: Mismatch in @return names for function 'oraclize_query'. Expected: [id], Found: [] [Warning/use-natspec]
/sb/0x9a4fe70bb7b39127f4772acaf0d000578644b39d.sol:182:5: Function name must be in mixedCase [Warning/func-name-mixedcase]
/sb/0x9a4fe70bb7b39127f4772acaf0d000578644b39d.sol:182:92: Visibility modifier must be first in list of modifiers [Warning/visibility-modifier-order]
/sb/0x9a4fe70bb7b39127f4772acaf0d000578644b39d.sol:182:29: Rule is set with explicit type [var/s: uint] [Warning/explicit-types]
/sb/0x9a4fe70bb7b39127f4772acaf0d000578644b39d.sol:187:5: Missing @notice tag in function 'oraclize_query' [Warning/use-natspec]
/sb/0x9a4fe70bb7b39127f4772acaf0d000578644b39d.sol:187:5: Missing @param tag in function 'oraclize_query' [Warning/use-natspec]
/sb/0x9a4fe70bb7b39127f4772acaf0d000578644b39d.sol:187:5: Mismatch in @param names for function 'oraclize_query'. Expected: [timestamp, datasource, args, gaslimit], Found: [] [Warning/use-natspec]
/sb/0x9a4fe70bb7b39127f4772acaf0d000578644b39d.sol:187:5: Missing @return tag in function 'oraclize_query' [Warning/use-natspec]
/sb/0x9a4fe70bb7b39127f4772acaf0d000578644b39d.sol:187:5: Mismatch in @return names for function 'oraclize_query'. Expected: [id], Found: [] [Warning/use-natspec]
/sb/0x9a4fe70bb7b39127f4772acaf0d000578644b39d.sol:187:5: Function name must be in mixedCase [Warning/func-name-mixedcase]
/sb/0x9a4fe70bb7b39127f4772acaf0d000578644b39d.sol:187:107: Visibility modifier must be first in list of modifiers [Warning/visibility-modifier-order]
/sb/0x9a4fe70bb7b39127f4772acaf0d000578644b39d.sol:187:29: Rule is set with explicit type [var/s: uint] [Warning/explicit-types]
/sb/0x9a4fe70bb7b39127f4772acaf0d000578644b39d.sol:187:80: Rule is set with explicit type [var/s: uint] [Warning/explicit-types]
/sb/0x9a4fe70bb7b39127f4772acaf0d000578644b39d.sol:192:5: Missing @notice tag in function 'oraclize_query' [Warning/use-natspec]
/sb/0x9a4fe70bb7b39127f4772acaf0d000578644b39d.sol:192:5: Missing @param tag in function 'oraclize_query' [Warning/use-natspec]
/sb/0x9a4fe70bb7b39127f4772acaf0d000578644b39d.sol:192:5: Mismatch in @param names for function 'oraclize_query'. Expected: [datasource, args, gaslimit], Found: [] [Warning/use-natspec]
/sb/0x9a4fe70bb7b39127f4772acaf0d000578644b39d.sol:192:5: Missing @return tag in function 'oraclize_query' [Warning/use-natspec]
/sb/0x9a4fe70bb7b39127f4772acaf0d000578644b39d.sol:192:5: Mismatch in @return names for function 'oraclize_query'. Expected: [id], Found: [] [Warning/use-natspec]
/sb/0x9a4fe70bb7b39127f4772acaf0d000578644b39d.sol:192:5: Function name must be in mixedCase [Warning/func-name-mixedcase]
/sb/0x9a4fe70bb7b39127f4772acaf0d000578644b39d.sol:192:91: Visibility modifier must be first in list of modifiers [Warning/visibility-modifier-order]
/sb/0x9a4fe70bb7b39127f4772acaf0d000578644b39d.sol:192:64: Rule is set with explicit type [var/s: uint] [Warning/explicit-types]
/sb/0x9a4fe70bb7b39127f4772acaf0d000578644b39d.sol:198:5: Missing @notice tag in function 'oraclize_query' [Warning/use-natspec]
/sb/0x9a4fe70bb7b39127f4772acaf0d000578644b39d.sol:198:5: Missing @param tag in function 'oraclize_query' [Warning/use-natspec]
/sb/0x9a4fe70bb7b39127f4772acaf0d000578644b39d.sol:198:5: Mismatch in @param names for function 'oraclize_query'. Expected: [datasource, args], Found: [] [Warning/use-natspec]
/sb/0x9a4fe70bb7b39127f4772acaf0d000578644b39d.sol:198:5: Missing @return tag in function 'oraclize_query' [Warning/use-natspec]
/sb/0x9a4fe70bb7b39127f4772acaf0d000578644b39d.sol:198:5: Mismatch in @return names for function 'oraclize_query'. Expected: [id], Found: [] [Warning/use-natspec]
/sb/0x9a4fe70bb7b39127f4772acaf0d000578644b39d.sol:198:5: Function name must be in mixedCase [Warning/func-name-mixedcase]
/sb/0x9a4fe70bb7b39127f4772acaf0d000578644b39d.sol:198:76: Visibility modifier must be first in list of modifiers [Warning/visibility-modifier-order]
/sb/0x9a4fe70bb7b39127f4772acaf0d000578644b39d.sol:204:5: Missing @notice tag in function 'oraclize_query' [Warning/use-natspec]
/sb/0x9a4fe70bb7b39127f4772acaf0d000578644b39d.sol:204:5: Missing @param tag in function 'oraclize_query' [Warning/use-natspec]
/sb/0x9a4fe70bb7b39127f4772acaf0d000578644b39d.sol:204:5: Mismatch in @param names for function 'oraclize_query'. Expected: [timestamp, datasource, args], Found: [] [Warning/use-natspec]
/sb/0x9a4fe70bb7b39127f4772acaf0d000578644b39d.sol:204:5: Missing @return tag in function 'oraclize_query' [Warning/use-natspec]
/sb/0x9a4fe70bb7b39127f4772acaf0d000578644b39d.sol:204:5: Mismatch in @return names for function 'oraclize_query'. Expected: [id], Found: [] [Warning/use-natspec]
/sb/0x9a4fe70bb7b39127f4772acaf0d000578644b39d.sol:204:5: Function name must be in mixedCase [Warning/func-name-mixedcase]
/sb/0x9a4fe70bb7b39127f4772acaf0d000578644b39d.sol:204:92: Visibility modifier must be first in list of modifiers [Warning/visibility-modifier-order]
/sb/0x9a4fe70bb7b39127f4772acaf0d000578644b39d.sol:204:29: Rule is set with explicit type [var/s: uint] [Warning/explicit-types]
/sb/0x9a4fe70bb7b39127f4772acaf0d000578644b39d.sol:210:5: Missing @notice tag in function 'oraclize_query' [Warning/use-natspec]
/sb/0x9a4fe70bb7b39127f4772acaf0d000578644b39d.sol:210:5: Missing @param tag in function 'oraclize_query' [Warning/use-natspec]
/sb/0x9a4fe70bb7b39127f4772acaf0d000578644b39d.sol:210:5: Mismatch in @param names for function 'oraclize_query'. Expected: [timestamp, datasource, args, gaslimit], Found: [] [Warning/use-natspec]
/sb/0x9a4fe70bb7b39127f4772acaf0d000578644b39d.sol:210:5: Missing @return tag in function 'oraclize_query' [Warning/use-natspec]
/sb/0x9a4fe70bb7b39127f4772acaf0d000578644b39d.sol:210:5: Mismatch in @return names for function 'oraclize_query'. Expected: [id], Found: [] [Warning/use-natspec]
/sb/0x9a4fe70bb7b39127f4772acaf0d000578644b39d.sol:210:5: Function name must be in mixedCase [Warning/func-name-mixedcase]
/sb/0x9a4fe70bb7b39127f4772acaf0d000578644b39d.sol:210:107: Visibility modifier must be first in list of modifiers [Warning/visibility-modifier-order]
/sb/0x9a4fe70bb7b39127f4772acaf0d000578644b39d.sol:210:29: Rule is set with explicit type [var/s: uint] [Warning/explicit-types]
/sb/0x9a4fe70bb7b39127f4772acaf0d000578644b39d.sol:210:80: Rule is set with explicit type [var/s: uint] [Warning/explicit-types]
/sb/0x9a4fe70bb7b39127f4772acaf0d000578644b39d.sol:216:5: Missing @notice tag in function 'oraclize_query' [Warning/use-natspec]
/sb/0x9a4fe70bb7b39127f4772acaf0d000578644b39d.sol:216:5: Missing @param tag in function 'oraclize_query' [Warning/use-natspec]
/sb/0x9a4fe70bb7b39127f4772acaf0d000578644b39d.sol:216:5: Mismatch in @param names for function 'oraclize_query'. Expected: [datasource, args, gaslimit], Found: [] [Warning/use-natspec]
/sb/0x9a4fe70bb7b39127f4772acaf0d000578644b39d.sol:216:5: Missing @return tag in function 'oraclize_query' [Warning/use-natspec]
/sb/0x9a4fe70bb7b39127f4772acaf0d000578644b39d.sol:216:5: Mismatch in @return names for function 'oraclize_query'. Expected: [id], Found: [] [Warning/use-natspec]
/sb/0x9a4fe70bb7b39127f4772acaf0d000578644b39d.sol:216:5: Function name must be in mixedCase [Warning/func-name-mixedcase]
/sb/0x9a4fe70bb7b39127f4772acaf0d000578644b39d.sol:216:91: Visibility modifier must be first in list of modifiers [Warning/visibility-modifier-order]
/sb/0x9a4fe70bb7b39127f4772acaf0d000578644b39d.sol:216:64: Rule is set with explicit type [var/s: uint] [Warning/explicit-types]
/sb/0x9a4fe70bb7b39127f4772acaf0d000578644b39d.sol:222:5: Missing @notice tag in function 'oraclize_query' [Warning/use-natspec]
/sb/0x9a4fe70bb7b39127f4772acaf0d000578644b39d.sol:222:5: Missing @param tag in function 'oraclize_query' [Warning/use-natspec]
/sb/0x9a4fe70bb7b39127f4772acaf0d000578644b39d.sol:222:5: Mismatch in @param names for function 'oraclize_query'. Expected: [datasource, args], Found: [] [Warning/use-natspec]
/sb/0x9a4fe70bb7b39127f4772acaf0d000578644b39d.sol:222:5: Missing @return tag in function 'oraclize_query' [Warning/use-natspec]
/sb/0x9a4fe70bb7b39127f4772acaf0d000578644b39d.sol:222:5: Mismatch in @return names for function 'oraclize_query'. Expected: [id], Found: [] [Warning/use-natspec]
/sb/0x9a4fe70bb7b39127f4772acaf0d000578644b39d.sol:222:5: Function name must be in mixedCase [Warning/func-name-mixedcase]
/sb/0x9a4fe70bb7b39127f4772acaf0d000578644b39d.sol:222:76: Visibility modifier must be first in list of modifiers [Warning/visibility-modifier-order]
/sb/0x9a4fe70bb7b39127f4772acaf0d000578644b39d.sol:229:5: Missing @notice tag in function 'oraclize_query' [Warning/use-natspec]
/sb/0x9a4fe70bb7b39127f4772acaf0d000578644b39d.sol:229:5: Missing @param tag in function 'oraclize_query' [Warning/use-natspec]
/sb/0x9a4fe70bb7b39127f4772acaf0d000578644b39d.sol:229:5: Mismatch in @param names for function 'oraclize_query'. Expected: [timestamp, datasource, args], Found: [] [Warning/use-natspec]
/sb/0x9a4fe70bb7b39127f4772acaf0d000578644b39d.sol:229:5: Missing @return tag in function 'oraclize_query' [Warning/use-natspec]
/sb/0x9a4fe70bb7b39127f4772acaf0d000578644b39d.sol:229:5: Mismatch in @return names for function 'oraclize_query'. Expected: [id], Found: [] [Warning/use-natspec]
/sb/0x9a4fe70bb7b39127f4772acaf0d000578644b39d.sol:229:5: Function name must be in mixedCase [Warning/func-name-mixedcase]
/sb/0x9a4fe70bb7b39127f4772acaf0d000578644b39d.sol:229:92: Visibility modifier must be first in list of modifiers [Warning/visibility-modifier-order]
/sb/0x9a4fe70bb7b39127f4772acaf0d000578644b39d.sol:229:29: Rule is set with explicit type [var/s: uint] [Warning/explicit-types]
/sb/0x9a4fe70bb7b39127f4772acaf0d000578644b39d.sol:236:5: Missing @notice tag in function 'oraclize_query' [Warning/use-natspec]
/sb/0x9a4fe70bb7b39127f4772acaf0d000578644b39d.sol:236:5: Missing @param tag in function 'oraclize_query' [Warning/use-natspec]
/sb/0x9a4fe70bb7b39127f4772acaf0d000578644b39d.sol:236:5: Mismatch in @param names for function 'oraclize_query'. Expected: [timestamp, datasource, args, gaslimit], Found: [] [Warning/use-natspec]
/sb/0x9a4fe70bb7b39127f4772acaf0d000578644b39d.sol:236:5: Missing @return tag in function 'oraclize_query' [Warning/use-natspec]
/sb/0x9a4fe70bb7b39127f4772acaf0d000578644b39d.sol:236:5: Mismatch in @return names for function 'oraclize_query'. Expected: [id], Found: [] [Warning/use-natspec]
/sb/0x9a4fe70bb7b39127f4772acaf0d000578644b39d.sol:236:5: Function name must be in mixedCase [Warning/func-name-mixedcase]
/sb/0x9a4fe70bb7b39127f4772acaf0d000578644b39d.sol:236:107: Visibility modifier must be first in list of modifiers [Warning/visibility-modifier-order]
/sb/0x9a4fe70bb7b39127f4772acaf0d000578644b39d.sol:236:29: Rule is set with explicit type [var/s: uint] [Warning/explicit-types]
/sb/0x9a4fe70bb7b39127f4772acaf0d000578644b39d.sol:236:80: Rule is set with explicit type [var/s: uint] [Warning/explicit-types]
/sb/0x9a4fe70bb7b39127f4772acaf0d000578644b39d.sol:243:5: Missing @notice tag in function 'oraclize_query' [Warning/use-natspec]
/sb/0x9a4fe70bb7b39127f4772acaf0d000578644b39d.sol:243:5: Missing @param tag in function 'oraclize_query' [Warning/use-natspec]
/sb/0x9a4fe70bb7b39127f4772acaf0d000578644b39d.sol:243:5: Mismatch in @param names for function 'oraclize_query'. Expected: [datasource, args, gaslimit], Found: [] [Warning/use-natspec]
/sb/0x9a4fe70bb7b39127f4772acaf0d000578644b39d.sol:243:5: Missing @return tag in function 'oraclize_query' [Warning/use-natspec]
/sb/0x9a4fe70bb7b39127f4772acaf0d000578644b39d.sol:243:5: Mismatch in @return names for function 'oraclize_query'. Expected: [id], Found: [] [Warning/use-natspec]
/sb/0x9a4fe70bb7b39127f4772acaf0d000578644b39d.sol:243:5: Function name must be in mixedCase [Warning/func-name-mixedcase]
/sb/0x9a4fe70bb7b39127f4772acaf0d000578644b39d.sol:243:91: Visibility modifier must be first in list of modifiers [Warning/visibility-modifier-order]
/sb/0x9a4fe70bb7b39127f4772acaf0d000578644b39d.sol:243:64: Rule is set with explicit type [var/s: uint] [Warning/explicit-types]
/sb/0x9a4fe70bb7b39127f4772acaf0d000578644b39d.sol:251:5: Missing @notice tag in function 'oraclize_query' [Warning/use-natspec]
/sb/0x9a4fe70bb7b39127f4772acaf0d000578644b39d.sol:251:5: Missing @param tag in function 'oraclize_query' [Warning/use-natspec]
/sb/0x9a4fe70bb7b39127f4772acaf0d000578644b39d.sol:251:5: Mismatch in @param names for function 'oraclize_query'. Expected: [datasource, args], Found: [] [Warning/use-natspec]
/sb/0x9a4fe70bb7b39127f4772acaf0d000578644b39d.sol:251:5: Missing @return tag in function 'oraclize_query' [Warning/use-natspec]
/sb/0x9a4fe70bb7b39127f4772acaf0d000578644b39d.sol:251:5: Mismatch in @return names for function 'oraclize_query'. Expected: [id], Found: [] [Warning/use-natspec]
/sb/0x9a4fe70bb7b39127f4772acaf0d000578644b39d.sol:251:5: Function name must be in mixedCase [Warning/func-name-mixedcase]
/sb/0x9a4fe70bb7b39127f4772acaf0d000578644b39d.sol:251:76: Visibility modifier must be first in list of modifiers [Warning/visibility-modifier-order]
/sb/0x9a4fe70bb7b39127f4772acaf0d000578644b39d.sol:259:5: Missing @notice tag in function 'oraclize_query' [Warning/use-natspec]
/sb/0x9a4fe70bb7b39127f4772acaf0d000578644b39d.sol:259:5: Missing @param tag in function 'oraclize_query' [Warning/use-natspec]
/sb/0x9a4fe70bb7b39127f4772acaf0d000578644b39d.sol:259:5: Mismatch in @param names for function 'oraclize_query'. Expected: [timestamp, datasource, args], Found: [] [Warning/use-natspec]
/sb/0x9a4fe70bb7b39127f4772acaf0d000578644b39d.sol:259:5: Missing @return tag in function 'oraclize_query' [Warning/use-natspec]
/sb/0x9a4fe70bb7b39127f4772acaf0d000578644b39d.sol:259:5: Mismatch in @return names for function 'oraclize_query'. Expected: [id], Found: [] [Warning/use-natspec]
/sb/0x9a4fe70bb7b39127f4772acaf0d000578644b39d.sol:259:5: Function name must be in mixedCase [Warning/func-name-mixedcase]
/sb/0x9a4fe70bb7b39127f4772acaf0d000578644b39d.sol:259:92: Visibility modifier must be first in list of modifiers [Warning/visibility-modifier-order]
/sb/0x9a4fe70bb7b39127f4772acaf0d000578644b39d.sol:259:29: Rule is set with explicit type [var/s: uint] [Warning/explicit-types]
/sb/0x9a4fe70bb7b39127f4772acaf0d000578644b39d.sol:267:5: Missing @notice tag in function 'oraclize_query' [Warning/use-natspec]
/sb/0x9a4fe70bb7b39127f4772acaf0d000578644b39d.sol:267:5: Missing @param tag in function 'oraclize_query' [Warning/use-natspec]
/sb/0x9a4fe70bb7b39127f4772acaf0d000578644b39d.sol:267:5: Mismatch in @param names for function 'oraclize_query'. Expected: [timestamp, datasource, args, gaslimit], Found: [] [Warning/use-natspec]
/sb/0x9a4fe70bb7b39127f4772acaf0d000578644b39d.sol:267:5: Missing @return tag in function 'oraclize_query' [Warning/use-natspec]
/sb/0x9a4fe70bb7b39127f4772acaf0d000578644b39d.sol:267:5: Mismatch in @return names for function 'oraclize_query'. Expected: [id], Found: [] [Warning/use-natspec]
/sb/0x9a4fe70bb7b39127f4772acaf0d000578644b39d.sol:267:5: Function name must be in mixedCase [Warning/func-name-mixedcase]
/sb/0x9a4fe70bb7b39127f4772acaf0d000578644b39d.sol:267:107: Visibility modifier must be first in list of modifiers [Warning/visibility-modifier-order]
/sb/0x9a4fe70bb7b39127f4772acaf0d000578644b39d.sol:267:29: Rule is set with explicit type [var/s: uint] [Warning/explicit-types]
/sb/0x9a4fe70bb7b39127f4772acaf0d000578644b39d.sol:267:80: Rule is set with explicit type [var/s: uint] [Warning/explicit-types]
/sb/0x9a4fe70bb7b39127f4772acaf0d000578644b39d.sol:275:5: Missing @notice tag in function 'oraclize_query' [Warning/use-natspec]
/sb/0x9a4fe70bb7b39127f4772acaf0d000578644b39d.sol:275:5: Missing @param tag in function 'oraclize_query' [Warning/use-natspec]
/sb/0x9a4fe70bb7b39127f4772acaf0d000578644b39d.sol:275:5: Mismatch in @param names for function 'oraclize_query'. Expected: [datasource, args, gaslimit], Found: [] [Warning/use-natspec]
/sb/0x9a4fe70bb7b39127f4772acaf0d000578644b39d.sol:275:5: Missing @return tag in function 'oraclize_query' [Warning/use-natspec]
/sb/0x9a4fe70bb7b39127f4772acaf0d000578644b39d.sol:275:5: Mismatch in @return names for function 'oraclize_query'. Expected: [id], Found: [] [Warning/use-natspec]
/sb/0x9a4fe70bb7b39127f4772acaf0d000578644b39d.sol:275:5: Function name must be in mixedCase [Warning/func-name-mixedcase]
/sb/0x9a4fe70bb7b39127f4772acaf0d000578644b39d.sol:275:91: Visibility modifier must be first in list of modifiers [Warning/visibility-modifier-order]
/sb/0x9a4fe70bb7b39127f4772acaf0d000578644b39d.sol:275:64: Rule is set with explicit type [var/s: uint] [Warning/explicit-types]
/sb/0x9a4fe70bb7b39127f4772acaf0d000578644b39d.sol:283:5: Missing @notice tag in function 'oraclize_query' [Warning/use-natspec]
/sb/0x9a4fe70bb7b39127f4772acaf0d000578644b39d.sol:283:5: Missing @param tag in function 'oraclize_query' [Warning/use-natspec]
/sb/0x9a4fe70bb7b39127f4772acaf0d000578644b39d.sol:283:5: Mismatch in @param names for function 'oraclize_query'. Expected: [datasource, args], Found: [] [Warning/use-natspec]
/sb/0x9a4fe70bb7b39127f4772acaf0d000578644b39d.sol:283:5: Missing @return tag in function 'oraclize_query' [Warning/use-natspec]
/sb/0x9a4fe70bb7b39127f4772acaf0d000578644b39d.sol:283:5: Mismatch in @return names for function 'oraclize_query'. Expected: [id], Found: [] [Warning/use-natspec]
/sb/0x9a4fe70bb7b39127f4772acaf0d000578644b39d.sol:283:5: Function name must be in mixedCase [Warning/func-name-mixedcase]
/sb/0x9a4fe70bb7b39127f4772acaf0d000578644b39d.sol:283:76: Visibility modifier must be first in list of modifiers [Warning/visibility-modifier-order]
/sb/0x9a4fe70bb7b39127f4772acaf0d000578644b39d.sol:292:5: Missing @notice tag in function 'oraclize_query' [Warning/use-natspec]
/sb/0x9a4fe70bb7b39127f4772acaf0d000578644b39d.sol:292:5: Missing @param tag in function 'oraclize_query' [Warning/use-natspec]
/sb/0x9a4fe70bb7b39127f4772acaf0d000578644b39d.sol:292:5: Mismatch in @param names for function 'oraclize_query'. Expected: [timestamp, datasource, args], Found: [] [Warning/use-natspec]
/sb/0x9a4fe70bb7b39127f4772acaf0d000578644b39d.sol:292:5: Missing @return tag in function 'oraclize_query' [Warning/use-natspec]
/sb/0x9a4fe70bb7b39127f4772acaf0d000578644b39d.sol:292:5: Mismatch in @return names for function 'oraclize_query'. Expected: [id], Found: [] [Warning/use-natspec]
/sb/0x9a4fe70bb7b39127f4772acaf0d000578644b39d.sol:292:5: Function name must be in mixedCase [Warning/func-name-mixedcase]
/sb/0x9a4fe70bb7b39127f4772acaf0d000578644b39d.sol:292:92: Visibility modifier must be first in list of modifiers [Warning/visibility-modifier-order]
/sb/0x9a4fe70bb7b39127f4772acaf0d000578644b39d.sol:292:29: Rule is set with explicit type [var/s: uint] [Warning/explicit-types]
/sb/0x9a4fe70bb7b39127f4772acaf0d000578644b39d.sol:301:5: Missing @notice tag in function 'oraclize_query' [Warning/use-natspec]
/sb/0x9a4fe70bb7b39127f4772acaf0d000578644b39d.sol:301:5: Missing @param tag in function 'oraclize_query' [Warning/use-natspec]
/sb/0x9a4fe70bb7b39127f4772acaf0d000578644b39d.sol:301:5: Mismatch in @param names for function 'oraclize_query'. Expected: [timestamp, datasource, args, gaslimit], Found: [] [Warning/use-natspec]
/sb/0x9a4fe70bb7b39127f4772acaf0d000578644b39d.sol:301:5: Missing @return tag in function 'oraclize_query' [Warning/use-natspec]
/sb/0x9a4fe70bb7b39127f4772acaf0d000578644b39d.sol:301:5: Mismatch in @return names for function 'oraclize_query'. Expected: [id], Found: [] [Warning/use-natspec]
/sb/0x9a4fe70bb7b39127f4772acaf0d000578644b39d.sol:301:5: Function name must be in mixedCase [Warning/func-name-mixedcase]
/sb/0x9a4fe70bb7b39127f4772acaf0d000578644b39d.sol:301:107: Visibility modifier must be first in list of modifiers [Warning/visibility-modifier-order]
/sb/0x9a4fe70bb7b39127f4772acaf0d000578644b39d.sol:301:29: Rule is set with explicit type [var/s: uint] [Warning/explicit-types]
/sb/0x9a4fe70bb7b39127f4772acaf0d000578644b39d.sol:301:80: Rule is set with explicit type [var/s: uint] [Warning/explicit-types]
/sb/0x9a4fe70bb7b39127f4772acaf0d000578644b39d.sol:310:5: Missing @notice tag in function 'oraclize_query' [Warning/use-natspec]
/sb/0x9a4fe70bb7b39127f4772acaf0d000578644b39d.sol:310:5: Missing @param tag in function 'oraclize_query' [Warning/use-natspec]
/sb/0x9a4fe70bb7b39127f4772acaf0d000578644b39d.sol:310:5: Mismatch in @param names for function 'oraclize_query'. Expected: [datasource, args, gaslimit], Found: [] [Warning/use-natspec]
/sb/0x9a4fe70bb7b39127f4772acaf0d000578644b39d.sol:310:5: Missing @return tag in function 'oraclize_query' [Warning/use-natspec]
/sb/0x9a4fe70bb7b39127f4772acaf0d000578644b39d.sol:310:5: Mismatch in @return names for function 'oraclize_query'. Expected: [id], Found: [] [Warning/use-natspec]
/sb/0x9a4fe70bb7b39127f4772acaf0d000578644b39d.sol:310:5: Function name must be in mixedCase [Warning/func-name-mixedcase]
/sb/0x9a4fe70bb7b39127f4772acaf0d000578644b39d.sol:310:91: Visibility modifier must be first in list of modifiers [Warning/visibility-modifier-order]
/sb/0x9a4fe70bb7b39127f4772acaf0d000578644b39d.sol:310:64: Rule is set with explicit type [var/s: uint] [Warning/explicit-types]
/sb/0x9a4fe70bb7b39127f4772acaf0d000578644b39d.sol:319:5: Missing @notice tag in function 'oraclize_query' [Warning/use-natspec]
/sb/0x9a4fe70bb7b39127f4772acaf0d000578644b39d.sol:319:5: Missing @param tag in function 'oraclize_query' [Warning/use-natspec]
/sb/0x9a4fe70bb7b39127f4772acaf0d000578644b39d.sol:319:5: Mismatch in @param names for function 'oraclize_query'. Expected: [datasource, argN], Found: [] [Warning/use-natspec]
/sb/0x9a4fe70bb7b39127f4772acaf0d000578644b39d.sol:319:5: Missing @return tag in function 'oraclize_query' [Warning/use-natspec]
/sb/0x9a4fe70bb7b39127f4772acaf0d000578644b39d.sol:319:5: Mismatch in @return names for function 'oraclize_query'. Expected: [id], Found: [] [Warning/use-natspec]
/sb/0x9a4fe70bb7b39127f4772acaf0d000578644b39d.sol:319:5: Function name must be in mixedCase [Warning/func-name-mixedcase]
/sb/0x9a4fe70bb7b39127f4772acaf0d000578644b39d.sol:319:74: Visibility modifier must be first in list of modifiers [Warning/visibility-modifier-order]
/sb/0x9a4fe70bb7b39127f4772acaf0d000578644b39d.sol:320:9: Rule is set with explicit type [var/s: uint] [Warning/explicit-types]
/sb/0x9a4fe70bb7b39127f4772acaf0d000578644b39d.sol:325:5: Missing @notice tag in function 'oraclize_query' [Warning/use-natspec]
/sb/0x9a4fe70bb7b39127f4772acaf0d000578644b39d.sol:325:5: Missing @param tag in function 'oraclize_query' [Warning/use-natspec]
/sb/0x9a4fe70bb7b39127f4772acaf0d000578644b39d.sol:325:5: Mismatch in @param names for function 'oraclize_query'. Expected: [timestamp, datasource, argN], Found: [] [Warning/use-natspec]
/sb/0x9a4fe70bb7b39127f4772acaf0d000578644b39d.sol:325:5: Missing @return tag in function 'oraclize_query' [Warning/use-natspec]
/sb/0x9a4fe70bb7b39127f4772acaf0d000578644b39d.sol:325:5: Mismatch in @return names for function 'oraclize_query'. Expected: [id], Found: [] [Warning/use-natspec]
/sb/0x9a4fe70bb7b39127f4772acaf0d000578644b39d.sol:325:5: Function name must be in mixedCase [Warning/func-name-mixedcase]
/sb/0x9a4fe70bb7b39127f4772acaf0d000578644b39d.sol:325:90: Visibility modifier must be first in list of modifiers [Warning/visibility-modifier-order]
/sb/0x9a4fe70bb7b39127f4772acaf0d000578644b39d.sol:325:29: Rule is set with explicit type [var/s: uint] [Warning/explicit-types]
/sb/0x9a4fe70bb7b39127f4772acaf0d000578644b39d.sol:326:9: Rule is set with explicit type [var/s: uint] [Warning/explicit-types]
/sb/0x9a4fe70bb7b39127f4772acaf0d000578644b39d.sol:331:5: Missing @notice tag in function 'oraclize_query' [Warning/use-natspec]
/sb/0x9a4fe70bb7b39127f4772acaf0d000578644b39d.sol:331:5: Missing @param tag in function 'oraclize_query' [Warning/use-natspec]
/sb/0x9a4fe70bb7b39127f4772acaf0d000578644b39d.sol:331:5: Mismatch in @param names for function 'oraclize_query'. Expected: [timestamp, datasource, argN, gaslimit], Found: [] [Warning/use-natspec]
/sb/0x9a4fe70bb7b39127f4772acaf0d000578644b39d.sol:331:5: Missing @return tag in function 'oraclize_query' [Warning/use-natspec]
/sb/0x9a4fe70bb7b39127f4772acaf0d000578644b39d.sol:331:5: Mismatch in @return names for function 'oraclize_query'. Expected: [id], Found: [] [Warning/use-natspec]
/sb/0x9a4fe70bb7b39127f4772acaf0d000578644b39d.sol:331:5: Function name must be in mixedCase [Warning/func-name-mixedcase]
/sb/0x9a4fe70bb7b39127f4772acaf0d000578644b39d.sol:331:105: Visibility modifier must be first in list of modifiers [Warning/visibility-modifier-order]
/sb/0x9a4fe70bb7b39127f4772acaf0d000578644b39d.sol:331:29: Rule is set with explicit type [var/s: uint] [Warning/explicit-types]
/sb/0x9a4fe70bb7b39127f4772acaf0d000578644b39d.sol:331:78: Rule is set with explicit type [var/s: uint] [Warning/explicit-types]
/sb/0x9a4fe70bb7b39127f4772acaf0d000578644b39d.sol:332:9: Rule is set with explicit type [var/s: uint] [Warning/explicit-types]
/sb/0x9a4fe70bb7b39127f4772acaf0d000578644b39d.sol:337:5: Missing @notice tag in function 'oraclize_query' [Warning/use-natspec]
/sb/0x9a4fe70bb7b39127f4772acaf0d000578644b39d.sol:337:5: Missing @param tag in function 'oraclize_query' [Warning/use-natspec]
/sb/0x9a4fe70bb7b39127f4772acaf0d000578644b39d.sol:337:5: Mismatch in @param names for function 'oraclize_query'. Expected: [datasource, argN, gaslimit], Found: [] [Warning/use-natspec]
/sb/0x9a4fe70bb7b39127f4772acaf0d000578644b39d.sol:337:5: Missing @return tag in function 'oraclize_query' [Warning/use-natspec]
/sb/0x9a4fe70bb7b39127f4772acaf0d000578644b39d.sol:337:5: Mismatch in @return names for function 'oraclize_query'. Expected: [id], Found: [] [Warning/use-natspec]
/sb/0x9a4fe70bb7b39127f4772acaf0d000578644b39d.sol:337:5: Function name must be in mixedCase [Warning/func-name-mixedcase]
/sb/0x9a4fe70bb7b39127f4772acaf0d000578644b39d.sol:337:89: Visibility modifier must be first in list of modifiers [Warning/visibility-modifier-order]
/sb/0x9a4fe70bb7b39127f4772acaf0d000578644b39d.sol:337:62: Rule is set with explicit type [var/s: uint] [Warning/explicit-types]
/sb/0x9a4fe70bb7b39127f4772acaf0d000578644b39d.sol:338:9: Rule is set with explicit type [var/s: uint] [Warning/explicit-types]
/sb/0x9a4fe70bb7b39127f4772acaf0d000578644b39d.sol:343:5: Missing @notice tag in function 'oraclize_query' [Warning/use-natspec]
/sb/0x9a4fe70bb7b39127f4772acaf0d000578644b39d.sol:343:5: Missing @param tag in function 'oraclize_query' [Warning/use-natspec]
/sb/0x9a4fe70bb7b39127f4772acaf0d000578644b39d.sol:343:5: Mismatch in @param names for function 'oraclize_query'. Expected: [datasource, args], Found: [] [Warning/use-natspec]
/sb/0x9a4fe70bb7b39127f4772acaf0d000578644b39d.sol:343:5: Missing @return tag in function 'oraclize_query' [Warning/use-natspec]
/sb/0x9a4fe70bb7b39127f4772acaf0d000578644b39d.sol:343:5: Mismatch in @return names for function 'oraclize_query'. Expected: [id], Found: [] [Warning/use-natspec]
/sb/0x9a4fe70bb7b39127f4772acaf0d000578644b39d.sol:343:5: Function name must be in mixedCase [Warning/func-name-mixedcase]
/sb/0x9a4fe70bb7b39127f4772acaf0d000578644b39d.sol:343:75: Visibility modifier must be first in list of modifiers [Warning/visibility-modifier-order]
/sb/0x9a4fe70bb7b39127f4772acaf0d000578644b39d.sol:348:5: Missing @notice tag in function 'oraclize_query' [Warning/use-natspec]
/sb/0x9a4fe70bb7b39127f4772acaf0d000578644b39d.sol:348:5: Missing @param tag in function 'oraclize_query' [Warning/use-natspec]
/sb/0x9a4fe70bb7b39127f4772acaf0d000578644b39d.sol:348:5: Mismatch in @param names for function 'oraclize_query'. Expected: [timestamp, datasource, args], Found: [] [Warning/use-natspec]
/sb/0x9a4fe70bb7b39127f4772acaf0d000578644b39d.sol:348:5: Missing @return tag in function 'oraclize_query' [Warning/use-natspec]
/sb/0x9a4fe70bb7b39127f4772acaf0d000578644b39d.sol:348:5: Mismatch in @return names for function 'oraclize_query'. Expected: [id], Found: [] [Warning/use-natspec]
/sb/0x9a4fe70bb7b39127f4772acaf0d000578644b39d.sol:348:5: Function name must be in mixedCase [Warning/func-name-mixedcase]
/sb/0x9a4fe70bb7b39127f4772acaf0d000578644b39d.sol:348:91: Visibility modifier must be first in list of modifiers [Warning/visibility-modifier-order]
/sb/0x9a4fe70bb7b39127f4772acaf0d000578644b39d.sol:348:29: Rule is set with explicit type [var/s: uint] [Warning/explicit-types]
/sb/0x9a4fe70bb7b39127f4772acaf0d000578644b39d.sol:353:5: Missing @notice tag in function 'oraclize_query' [Warning/use-natspec]
/sb/0x9a4fe70bb7b39127f4772acaf0d000578644b39d.sol:353:5: Missing @param tag in function 'oraclize_query' [Warning/use-natspec]
/sb/0x9a4fe70bb7b39127f4772acaf0d000578644b39d.sol:353:5: Mismatch in @param names for function 'oraclize_query'. Expected: [timestamp, datasource, args, gaslimit], Found: [] [Warning/use-natspec]
/sb/0x9a4fe70bb7b39127f4772acaf0d000578644b39d.sol:353:5: Missing @return tag in function 'oraclize_query' [Warning/use-natspec]
/sb/0x9a4fe70bb7b39127f4772acaf0d000578644b39d.sol:353:5: Mismatch in @return names for function 'oraclize_query'. Expected: [id], Found: [] [Warning/use-natspec]
/sb/0x9a4fe70bb7b39127f4772acaf0d000578644b39d.sol:353:5: Function name must be in mixedCase [Warning/func-name-mixedcase]
/sb/0x9a4fe70bb7b39127f4772acaf0d000578644b39d.sol:353:106: Visibility modifier must be first in list of modifiers [Warning/visibility-modifier-order]
/sb/0x9a4fe70bb7b39127f4772acaf0d000578644b39d.sol:353:29: Rule is set with explicit type [var/s: uint] [Warning/explicit-types]
/sb/0x9a4fe70bb7b39127f4772acaf0d000578644b39d.sol:353:79: Rule is set with explicit type [var/s: uint] [Warning/explicit-types]
/sb/0x9a4fe70bb7b39127f4772acaf0d000578644b39d.sol:358:5: Missing @notice tag in function 'oraclize_query' [Warning/use-natspec]
/sb/0x9a4fe70bb7b39127f4772acaf0d000578644b39d.sol:358:5: Missing @param tag in function 'oraclize_query' [Warning/use-natspec]
/sb/0x9a4fe70bb7b39127f4772acaf0d000578644b39d.sol:358:5: Mismatch in @param names for function 'oraclize_query'. Expected: [datasource, args, gaslimit], Found: [] [Warning/use-natspec]
/sb/0x9a4fe70bb7b39127f4772acaf0d000578644b39d.sol:358:5: Missing @return tag in function 'oraclize_query' [Warning/use-natspec]
/sb/0x9a4fe70bb7b39127f4772acaf0d000578644b39d.sol:358:5: Mismatch in @return names for function 'oraclize_query'. Expected: [id], Found: [] [Warning/use-natspec]
/sb/0x9a4fe70bb7b39127f4772acaf0d000578644b39d.sol:358:5: Function name must be in mixedCase [Warning/func-name-mixedcase]
/sb/0x9a4fe70bb7b39127f4772acaf0d000578644b39d.sol:358:90: Visibility modifier must be first in list of modifiers [Warning/visibility-modifier-order]
/sb/0x9a4fe70bb7b39127f4772acaf0d000578644b39d.sol:358:63: Rule is set with explicit type [var/s: uint] [Warning/explicit-types]
/sb/0x9a4fe70bb7b39127f4772acaf0d000578644b39d.sol:364:5: Missing @notice tag in function 'oraclize_query' [Warning/use-natspec]
/sb/0x9a4fe70bb7b39127f4772acaf0d000578644b39d.sol:364:5: Missing @param tag in function 'oraclize_query' [Warning/use-natspec]
/sb/0x9a4fe70bb7b39127f4772acaf0d000578644b39d.sol:364:5: Mismatch in @param names for function 'oraclize_query'. Expected: [datasource, args], Found: [] [Warning/use-natspec]
/sb/0x9a4fe70bb7b39127f4772acaf0d000578644b39d.sol:364:5: Missing @return tag in function 'oraclize_query' [Warning/use-natspec]
/sb/0x9a4fe70bb7b39127f4772acaf0d000578644b39d.sol:364:5: Mismatch in @return names for function 'oraclize_query'. Expected: [id], Found: [] [Warning/use-natspec]
/sb/0x9a4fe70bb7b39127f4772acaf0d000578644b39d.sol:364:5: Function name must be in mixedCase [Warning/func-name-mixedcase]
/sb/0x9a4fe70bb7b39127f4772acaf0d000578644b39d.sol:364:75: Visibility modifier must be first in list of modifiers [Warning/visibility-modifier-order]
/sb/0x9a4fe70bb7b39127f4772acaf0d000578644b39d.sol:370:5: Missing @notice tag in function 'oraclize_query' [Warning/use-natspec]
/sb/0x9a4fe70bb7b39127f4772acaf0d000578644b39d.sol:370:5: Missing @param tag in function 'oraclize_query' [Warning/use-natspec]
/sb/0x9a4fe70bb7b39127f4772acaf0d000578644b39d.sol:370:5: Mismatch in @param names for function 'oraclize_query'. Expected: [timestamp, datasource, args], Found: [] [Warning/use-natspec]
/sb/0x9a4fe70bb7b39127f4772acaf0d000578644b39d.sol:370:5: Missing @return tag in function 'oraclize_query' [Warning/use-natspec]
/sb/0x9a4fe70bb7b39127f4772acaf0d000578644b39d.sol:370:5: Mismatch in @return names for function 'oraclize_query'. Expected: [id], Found: [] [Warning/use-natspec]
/sb/0x9a4fe70bb7b39127f4772acaf0d000578644b39d.sol:370:5: Function name must be in mixedCase [Warning/func-name-mixedcase]
/sb/0x9a4fe70bb7b39127f4772acaf0d000578644b39d.sol:370:91: Visibility modifier must be first in list of modifiers [Warning/visibility-modifier-order]
/sb/0x9a4fe70bb7b39127f4772acaf0d000578644b39d.sol:370:29: Rule is set with explicit type [var/s: uint] [Warning/explicit-types]
/sb/0x9a4fe70bb7b39127f4772acaf0d000578644b39d.sol:376:5: Missing @notice tag in function 'oraclize_query' [Warning/use-natspec]
/sb/0x9a4fe70bb7b39127f4772acaf0d000578644b39d.sol:376:5: Missing @param tag in function 'oraclize_query' [Warning/use-natspec]
/sb/0x9a4fe70bb7b39127f4772acaf0d000578644b39d.sol:376:5: Mismatch in @param names for function 'oraclize_query'. Expected: [timestamp, datasource, args, gaslimit], Found: [] [Warning/use-natspec]
/sb/0x9a4fe70bb7b39127f4772acaf0d000578644b39d.sol:376:5: Missing @return tag in function 'oraclize_query' [Warning/use-natspec]
/sb/0x9a4fe70bb7b39127f4772acaf0d000578644b39d.sol:376:5: Mismatch in @return names for function 'oraclize_query'. Expected: [id], Found: [] [Warning/use-natspec]
/sb/0x9a4fe70bb7b39127f4772acaf0d000578644b39d.sol:376:5: Function name must be in mixedCase [Warning/func-name-mixedcase]
/sb/0x9a4fe70bb7b39127f4772acaf0d000578644b39d.sol:376:106: Visibility modifier must be first in list of modifiers [Warning/visibility-modifier-order]
/sb/0x9a4fe70bb7b39127f4772acaf0d000578644b39d.sol:376:29: Rule is set with explicit type [var/s: uint] [Warning/explicit-types]
/sb/0x9a4fe70bb7b39127f4772acaf0d000578644b39d.sol:376:79: Rule is set with explicit type [var/s: uint] [Warning/explicit-types]
/sb/0x9a4fe70bb7b39127f4772acaf0d000578644b39d.sol:382:5: Missing @notice tag in function 'oraclize_query' [Warning/use-natspec]
/sb/0x9a4fe70bb7b39127f4772acaf0d000578644b39d.sol:382:5: Missing @param tag in function 'oraclize_query' [Warning/use-natspec]
/sb/0x9a4fe70bb7b39127f4772acaf0d000578644b39d.sol:382:5: Mismatch in @param names for function 'oraclize_query'. Expected: [datasource, args, gaslimit], Found: [] [Warning/use-natspec]
/sb/0x9a4fe70bb7b39127f4772acaf0d000578644b39d.sol:382:5: Missing @return tag in function 'oraclize_query' [Warning/use-natspec]
/sb/0x9a4fe70bb7b39127f4772acaf0d000578644b39d.sol:382:5: Mismatch in @return names for function 'oraclize_query'. Expected: [id], Found: [] [Warning/use-natspec]
/sb/0x9a4fe70bb7b39127f4772acaf0d000578644b39d.sol:382:5: Function name must be in mixedCase [Warning/func-name-mixedcase]
/sb/0x9a4fe70bb7b39127f4772acaf0d000578644b39d.sol:382:90: Visibility modifier must be first in list of modifiers [Warning/visibility-modifier-order]
/sb/0x9a4fe70bb7b39127f4772acaf0d000578644b39d.sol:382:63: Rule is set with explicit type [var/s: uint] [Warning/explicit-types]
/sb/0x9a4fe70bb7b39127f4772acaf0d000578644b39d.sol:388:5: Missing @notice tag in function 'oraclize_query' [Warning/use-natspec]
/sb/0x9a4fe70bb7b39127f4772acaf0d000578644b39d.sol:388:5: Missing @param tag in function 'oraclize_query' [Warning/use-natspec]
/sb/0x9a4fe70bb7b39127f4772acaf0d000578644b39d.sol:388:5: Mismatch in @param names for function 'oraclize_query'. Expected: [datasource, args], Found: [] [Warning/use-natspec]
/sb/0x9a4fe70bb7b39127f4772acaf0d000578644b39d.sol:388:5: Missing @return tag in function 'oraclize_query' [Warning/use-natspec]
/sb/0x9a4fe70bb7b39127f4772acaf0d000578644b39d.sol:388:5: Mismatch in @return names for function 'oraclize_query'. Expected: [id], Found: [] [Warning/use-natspec]
/sb/0x9a4fe70bb7b39127f4772acaf0d000578644b39d.sol:388:5: Function name must be in mixedCase [Warning/func-name-mixedcase]
/sb/0x9a4fe70bb7b39127f4772acaf0d000578644b39d.sol:388:75: Visibility modifier must be first in list of modifiers [Warning/visibility-modifier-order]
/sb/0x9a4fe70bb7b39127f4772acaf0d000578644b39d.sol:395:5: Missing @notice tag in function 'oraclize_query' [Warning/use-natspec]
/sb/0x9a4fe70bb7b39127f4772acaf0d000578644b39d.sol:395:5: Missing @param tag in function 'oraclize_query' [Warning/use-natspec]
/sb/0x9a4fe70bb7b39127f4772acaf0d000578644b39d.sol:395:5: Mismatch in @param names for function 'oraclize_query'. Expected: [timestamp, datasource, args], Found: [] [Warning/use-natspec]
/sb/0x9a4fe70bb7b39127f4772acaf0d000578644b39d.sol:395:5: Missing @return tag in function 'oraclize_query' [Warning/use-natspec]
/sb/0x9a4fe70bb7b39127f4772acaf0d000578644b39d.sol:395:5: Mismatch in @return names for function 'oraclize_query'. Expected: [id], Found: [] [Warning/use-natspec]
/sb/0x9a4fe70bb7b39127f4772acaf0d000578644b39d.sol:395:5: Function name must be in mixedCase [Warning/func-name-mixedcase]
/sb/0x9a4fe70bb7b39127f4772acaf0d000578644b39d.sol:395:91: Visibility modifier must be first in list of modifiers [Warning/visibility-modifier-order]
/sb/0x9a4fe70bb7b39127f4772acaf0d000578644b39d.sol:395:29: Rule is set with explicit type [var/s: uint] [Warning/explicit-types]
/sb/0x9a4fe70bb7b39127f4772acaf0d000578644b39d.sol:402:5: Missing @notice tag in function 'oraclize_query' [Warning/use-natspec]
/sb/0x9a4fe70bb7b39127f4772acaf0d000578644b39d.sol:402:5: Missing @param tag in function 'oraclize_query' [Warning/use-natspec]
/sb/0x9a4fe70bb7b39127f4772acaf0d000578644b39d.sol:402:5: Mismatch in @param names for function 'oraclize_query'. Expected: [timestamp, datasource, args, gaslimit], Found: [] [Warning/use-natspec]
/sb/0x9a4fe70bb7b39127f4772acaf0d000578644b39d.sol:402:5: Missing @return tag in function 'oraclize_query' [Warning/use-natspec]
/sb/0x9a4fe70bb7b39127f4772acaf0d000578644b39d.sol:402:5: Mismatch in @return names for function 'oraclize_query'. Expected: [id], Found: [] [Warning/use-natspec]
/sb/0x9a4fe70bb7b39127f4772acaf0d000578644b39d.sol:402:5: Function name must be in mixedCase [Warning/func-name-mixedcase]
/sb/0x9a4fe70bb7b39127f4772acaf0d000578644b39d.sol:402:106: Visibility modifier must be first in list of modifiers [Warning/visibility-modifier-order]
/sb/0x9a4fe70bb7b39127f4772acaf0d000578644b39d.sol:402:29: Rule is set with explicit type [var/s: uint] [Warning/explicit-types]
/sb/0x9a4fe70bb7b39127f4772acaf0d000578644b39d.sol:402:79: Rule is set with explicit type [var/s: uint] [Warning/explicit-types]
/sb/0x9a4fe70bb7b39127f4772acaf0d000578644b39d.sol:409:5: Missing @notice tag in function 'oraclize_query' [Warning/use-natspec]
/sb/0x9a4fe70bb7b39127f4772acaf0d000578644b39d.sol:409:5: Missing @param tag in function 'oraclize_query' [Warning/use-natspec]
/sb/0x9a4fe70bb7b39127f4772acaf0d000578644b39d.sol:409:5: Mismatch in @param names for function 'oraclize_query'. Expected: [datasource, args, gaslimit], Found: [] [Warning/use-natspec]
/sb/0x9a4fe70bb7b39127f4772acaf0d000578644b39d.sol:409:5: Missing @return tag in function 'oraclize_query' [Warning/use-natspec]
/sb/0x9a4fe70bb7b39127f4772acaf0d000578644b39d.sol:409:5: Mismatch in @return names for function 'oraclize_query'. Expected: [id], Found: [] [Warning/use-natspec]
/sb/0x9a4fe70bb7b39127f4772acaf0d000578644b39d.sol:409:5: Function name must be in mixedCase [Warning/func-name-mixedcase]
/sb/0x9a4fe70bb7b39127f4772acaf0d000578644b39d.sol:409:90: Visibility modifier must be first in list of modifiers [Warning/visibility-modifier-order]
/sb/0x9a4fe70bb7b39127f4772acaf0d000578644b39d.sol:409:63: Rule is set with explicit type [var/s: uint] [Warning/explicit-types]
/sb/0x9a4fe70bb7b39127f4772acaf0d000578644b39d.sol:417:5: Missing @notice tag in function 'oraclize_query' [Warning/use-natspec]
/sb/0x9a4fe70bb7b39127f4772acaf0d000578644b39d.sol:417:5: Missing @param tag in function 'oraclize_query' [Warning/use-natspec]
/sb/0x9a4fe70bb7b39127f4772acaf0d000578644b39d.sol:417:5: Mismatch in @param names for function 'oraclize_query'. Expected: [datasource, args], Found: [] [Warning/use-natspec]
/sb/0x9a4fe70bb7b39127f4772acaf0d000578644b39d.sol:417:5: Missing @return tag in function 'oraclize_query' [Warning/use-natspec]
/sb/0x9a4fe70bb7b39127f4772acaf0d000578644b39d.sol:417:5: Mismatch in @return names for function 'oraclize_query'. Expected: [id], Found: [] [Warning/use-natspec]
/sb/0x9a4fe70bb7b39127f4772acaf0d000578644b39d.sol:417:5: Function name must be in mixedCase [Warning/func-name-mixedcase]
/sb/0x9a4fe70bb7b39127f4772acaf0d000578644b39d.sol:417:75: Visibility modifier must be first in list of modifiers [Warning/visibility-modifier-order]
/sb/0x9a4fe70bb7b39127f4772acaf0d000578644b39d.sol:425:5: Missing @notice tag in function 'oraclize_query' [Warning/use-natspec]
/sb/0x9a4fe70bb7b39127f4772acaf0d000578644b39d.sol:425:5: Missing @param tag in function 'oraclize_query' [Warning/use-natspec]
/sb/0x9a4fe70bb7b39127f4772acaf0d000578644b39d.sol:425:5: Mismatch in @param names for function 'oraclize_query'. Expected: [timestamp, datasource, args], Found: [] [Warning/use-natspec]
/sb/0x9a4fe70bb7b39127f4772acaf0d000578644b39d.sol:425:5: Missing @return tag in function 'oraclize_query' [Warning/use-natspec]
/sb/0x9a4fe70bb7b39127f4772acaf0d000578644b39d.sol:425:5: Mismatch in @return names for function 'oraclize_query'. Expected: [id], Found: [] [Warning/use-natspec]
/sb/0x9a4fe70bb7b39127f4772acaf0d000578644b39d.sol:425:5: Function name must be in mixedCase [Warning/func-name-mixedcase]
/sb/0x9a4fe70bb7b39127f4772acaf0d000578644b39d.sol:425:91: Visibility modifier must be first in list of modifiers [Warning/visibility-modifier-order]
/sb/0x9a4fe70bb7b39127f4772acaf0d000578644b39d.sol:425:29: Rule is set with explicit type [var/s: uint] [Warning/explicit-types]
/sb/0x9a4fe70bb7b39127f4772acaf0d000578644b39d.sol:433:5: Missing @notice tag in function 'oraclize_query' [Warning/use-natspec]
/sb/0x9a4fe70bb7b39127f4772acaf0d000578644b39d.sol:433:5: Missing @param tag in function 'oraclize_query' [Warning/use-natspec]
/sb/0x9a4fe70bb7b39127f4772acaf0d000578644b39d.sol:433:5: Mismatch in @param names for function 'oraclize_query'. Expected: [timestamp, datasource, args, gaslimit], Found: [] [Warning/use-natspec]
/sb/0x9a4fe70bb7b39127f4772acaf0d000578644b39d.sol:433:5: Missing @return tag in function 'oraclize_query' [Warning/use-natspec]
/sb/0x9a4fe70bb7b39127f4772acaf0d000578644b39d.sol:433:5: Mismatch in @return names for function 'oraclize_query'. Expected: [id], Found: [] [Warning/use-natspec]
/sb/0x9a4fe70bb7b39127f4772acaf0d000578644b39d.sol:433:5: Function name must be in mixedCase [Warning/func-name-mixedcase]
/sb/0x9a4fe70bb7b39127f4772acaf0d000578644b39d.sol:433:106: Visibility modifier must be first in list of modifiers [Warning/visibility-modifier-order]
/sb/0x9a4fe70bb7b39127f4772acaf0d000578644b39d.sol:433:29: Rule is set with explicit type [var/s: uint] [Warning/explicit-types]
/sb/0x9a4fe70bb7b39127f4772acaf0d000578644b39d.sol:433:79: Rule is set with explicit type [var/s: uint] [Warning/explicit-types]
/sb/0x9a4fe70bb7b39127f4772acaf0d000578644b39d.sol:441:5: Missing @notice tag in function 'oraclize_query' [Warning/use-natspec]
/sb/0x9a4fe70bb7b39127f4772acaf0d000578644b39d.sol:441:5: Missing @param tag in function 'oraclize_query' [Warning/use-natspec]
/sb/0x9a4fe70bb7b39127f4772acaf0d000578644b39d.sol:441:5: Mismatch in @param names for function 'oraclize_query'. Expected: [datasource, args, gaslimit], Found: [] [Warning/use-natspec]
/sb/0x9a4fe70bb7b39127f4772acaf0d000578644b39d.sol:441:5: Missing @return tag in function 'oraclize_query' [Warning/use-natspec]
/sb/0x9a4fe70bb7b39127f4772acaf0d000578644b39d.sol:441:5: Mismatch in @return names for function 'oraclize_query'. Expected: [id], Found: [] [Warning/use-natspec]
/sb/0x9a4fe70bb7b39127f4772acaf0d000578644b39d.sol:441:5: Function name must be in mixedCase [Warning/func-name-mixedcase]
/sb/0x9a4fe70bb7b39127f4772acaf0d000578644b39d.sol:441:90: Visibility modifier must be first in list of modifiers [Warning/visibility-modifier-order]
/sb/0x9a4fe70bb7b39127f4772acaf0d000578644b39d.sol:441:63: Rule is set with explicit type [var/s: uint] [Warning/explicit-types]
/sb/0x9a4fe70bb7b39127f4772acaf0d000578644b39d.sol:449:5: Missing @notice tag in function 'oraclize_query' [Warning/use-natspec]
/sb/0x9a4fe70bb7b39127f4772acaf0d000578644b39d.sol:449:5: Missing @param tag in function 'oraclize_query' [Warning/use-natspec]
/sb/0x9a4fe70bb7b39127f4772acaf0d000578644b39d.sol:449:5: Mismatch in @param names for function 'oraclize_query'. Expected: [datasource, args], Found: [] [Warning/use-natspec]
/sb/0x9a4fe70bb7b39127f4772acaf0d000578644b39d.sol:449:5: Missing @return tag in function 'oraclize_query' [Warning/use-natspec]
/sb/0x9a4fe70bb7b39127f4772acaf0d000578644b39d.sol:449:5: Mismatch in @return names for function 'oraclize_query'. Expected: [id], Found: [] [Warning/use-natspec]
/sb/0x9a4fe70bb7b39127f4772acaf0d000578644b39d.sol:449:5: Function name must be in mixedCase [Warning/func-name-mixedcase]
/sb/0x9a4fe70bb7b39127f4772acaf0d000578644b39d.sol:449:75: Visibility modifier must be first in list of modifiers [Warning/visibility-modifier-order]
/sb/0x9a4fe70bb7b39127f4772acaf0d000578644b39d.sol:458:5: Missing @notice tag in function 'oraclize_query' [Warning/use-natspec]
/sb/0x9a4fe70bb7b39127f4772acaf0d000578644b39d.sol:458:5: Missing @param tag in function 'oraclize_query' [Warning/use-natspec]
/sb/0x9a4fe70bb7b39127f4772acaf0d000578644b39d.sol:458:5: Mismatch in @param names for function 'oraclize_query'. Expected: [timestamp, datasource, args], Found: [] [Warning/use-natspec]
/sb/0x9a4fe70bb7b39127f4772acaf0d000578644b39d.sol:458:5: Missing @return tag in function 'oraclize_query' [Warning/use-natspec]
/sb/0x9a4fe70bb7b39127f4772acaf0d000578644b39d.sol:458:5: Mismatch in @return names for function 'oraclize_query'. Expected: [id], Found: [] [Warning/use-natspec]
/sb/0x9a4fe70bb7b39127f4772acaf0d000578644b39d.sol:458:5: Function name must be in mixedCase [Warning/func-name-mixedcase]
/sb/0x9a4fe70bb7b39127f4772acaf0d000578644b39d.sol:458:91: Visibility modifier must be first in list of modifiers [Warning/visibility-modifier-order]
/sb/0x9a4fe70bb7b39127f4772acaf0d000578644b39d.sol:458:29: Rule is set with explicit type [var/s: uint] [Warning/explicit-types]
/sb/0x9a4fe70bb7b39127f4772acaf0d000578644b39d.sol:467:5: Missing @notice tag in function 'oraclize_query' [Warning/use-natspec]
/sb/0x9a4fe70bb7b39127f4772acaf0d000578644b39d.sol:467:5: Missing @param tag in function 'oraclize_query' [Warning/use-natspec]
/sb/0x9a4fe70bb7b39127f4772acaf0d000578644b39d.sol:467:5: Mismatch in @param names for function 'oraclize_query'. Expected: [timestamp, datasource, args, gaslimit], Found: [] [Warning/use-natspec]
/sb/0x9a4fe70bb7b39127f4772acaf0d000578644b39d.sol:467:5: Missing @return tag in function 'oraclize_query' [Warning/use-natspec]
/sb/0x9a4fe70bb7b39127f4772acaf0d000578644b39d.sol:467:5: Mismatch in @return names for function 'oraclize_query'. Expected: [id], Found: [] [Warning/use-natspec]
/sb/0x9a4fe70bb7b39127f4772acaf0d000578644b39d.sol:467:5: Function name must be in mixedCase [Warning/func-name-mixedcase]
/sb/0x9a4fe70bb7b39127f4772acaf0d000578644b39d.sol:467:106: Visibility modifier must be first in list of modifiers [Warning/visibility-modifier-order]
/sb/0x9a4fe70bb7b39127f4772acaf0d000578644b39d.sol:467:29: Rule is set with explicit type [var/s: uint] [Warning/explicit-types]
/sb/0x9a4fe70bb7b39127f4772acaf0d000578644b39d.sol:467:79: Rule is set with explicit type [var/s: uint] [Warning/explicit-types]
/sb/0x9a4fe70bb7b39127f4772acaf0d000578644b39d.sol:476:5: Missing @notice tag in function 'oraclize_query' [Warning/use-natspec]
/sb/0x9a4fe70bb7b39127f4772acaf0d000578644b39d.sol:476:5: Missing @param tag in function 'oraclize_query' [Warning/use-natspec]
/sb/0x9a4fe70bb7b39127f4772acaf0d000578644b39d.sol:476:5: Mismatch in @param names for function 'oraclize_query'. Expected: [datasource, args, gaslimit], Found: [] [Warning/use-natspec]
/sb/0x9a4fe70bb7b39127f4772acaf0d000578644b39d.sol:476:5: Missing @return tag in function 'oraclize_query' [Warning/use-natspec]
/sb/0x9a4fe70bb7b39127f4772acaf0d000578644b39d.sol:476:5: Mismatch in @return names for function 'oraclize_query'. Expected: [id], Found: [] [Warning/use-natspec]
/sb/0x9a4fe70bb7b39127f4772acaf0d000578644b39d.sol:476:5: Function name must be in mixedCase [Warning/func-name-mixedcase]
/sb/0x9a4fe70bb7b39127f4772acaf0d000578644b39d.sol:476:90: Visibility modifier must be first in list of modifiers [Warning/visibility-modifier-order]
/sb/0x9a4fe70bb7b39127f4772acaf0d000578644b39d.sol:476:63: Rule is set with explicit type [var/s: uint] [Warning/explicit-types]
/sb/0x9a4fe70bb7b39127f4772acaf0d000578644b39d.sol:486:5: Missing @notice tag in function 'oraclize_cbAddress' [Warning/use-natspec]
/sb/0x9a4fe70bb7b39127f4772acaf0d000578644b39d.sol:486:5: Missing @return tag in function 'oraclize_cbAddress' [Warning/use-natspec]
/sb/0x9a4fe70bb7b39127f4772acaf0d000578644b39d.sol:486:5: Mismatch in @return count for function 'oraclize_cbAddress'. Expected: 1, Found: 0 [Warning/use-natspec]
/sb/0x9a4fe70bb7b39127f4772acaf0d000578644b39d.sol:486:5: Function name must be in mixedCase [Warning/func-name-mixedcase]
/sb/0x9a4fe70bb7b39127f4772acaf0d000578644b39d.sol:486:47: Visibility modifier must be first in list of modifiers [Warning/visibility-modifier-order]
/sb/0x9a4fe70bb7b39127f4772acaf0d000578644b39d.sol:489:5: Missing @notice tag in function 'oraclize_setProof' [Warning/use-natspec]
/sb/0x9a4fe70bb7b39127f4772acaf0d000578644b39d.sol:489:5: Missing @param tag in function 'oraclize_setProof' [Warning/use-natspec]
/sb/0x9a4fe70bb7b39127f4772acaf0d000578644b39d.sol:489:5: Mismatch in @param names for function 'oraclize_setProof'. Expected: [proofP], Found: [] [Warning/use-natspec]
/sb/0x9a4fe70bb7b39127f4772acaf0d000578644b39d.sol:489:5: Function name must be in mixedCase [Warning/func-name-mixedcase]
/sb/0x9a4fe70bb7b39127f4772acaf0d000578644b39d.sol:489:57: Visibility modifier must be first in list of modifiers [Warning/visibility-modifier-order]
/sb/0x9a4fe70bb7b39127f4772acaf0d000578644b39d.sol:492:5: Missing @notice tag in function 'oraclize_setCustomGasPrice' [Warning/use-natspec]
/sb/0x9a4fe70bb7b39127f4772acaf0d000578644b39d.sol:492:5: Missing @param tag in function 'oraclize_setCustomGasPrice' [Warning/use-natspec]
/sb/0x9a4fe70bb7b39127f4772acaf0d000578644b39d.sol:492:5: Mismatch in @param names for function 'oraclize_setCustomGasPrice'. Expected: [gasPrice], Found: [] [Warning/use-natspec]
/sb/0x9a4fe70bb7b39127f4772acaf0d000578644b39d.sol:492:5: Function name must be in mixedCase [Warning/func-name-mixedcase]
/sb/0x9a4fe70bb7b39127f4772acaf0d000578644b39d.sol:492:68: Visibility modifier must be first in list of modifiers [Warning/visibility-modifier-order]
/sb/0x9a4fe70bb7b39127f4772acaf0d000578644b39d.sol:492:41: Rule is set with explicit type [var/s: uint] [Warning/explicit-types]
/sb/0x9a4fe70bb7b39127f4772acaf0d000578644b39d.sol:495:5: Missing @notice tag in function 'oraclize_setConfig' [Warning/use-natspec]
/sb/0x9a4fe70bb7b39127f4772acaf0d000578644b39d.sol:495:5: Missing @param tag in function 'oraclize_setConfig' [Warning/use-natspec]
/sb/0x9a4fe70bb7b39127f4772acaf0d000578644b39d.sol:495:5: Mismatch in @param names for function 'oraclize_setConfig'. Expected: [config], Found: [] [Warning/use-natspec]
/sb/0x9a4fe70bb7b39127f4772acaf0d000578644b39d.sol:495:5: Function name must be in mixedCase [Warning/func-name-mixedcase]
/sb/0x9a4fe70bb7b39127f4772acaf0d000578644b39d.sol:495:61: Visibility modifier must be first in list of modifiers [Warning/visibility-modifier-order]
/sb/0x9a4fe70bb7b39127f4772acaf0d000578644b39d.sol:499:5: Missing @notice tag in function 'oraclize_randomDS_getSessionPubKeyHash' [Warning/use-natspec]
/sb/0x9a4fe70bb7b39127f4772acaf0d000578644b39d.sol:499:5: Missing @return tag in function 'oraclize_randomDS_getSessionPubKeyHash' [Warning/use-natspec]
/sb/0x9a4fe70bb7b39127f4772acaf0d000578644b39d.sol:499:5: Mismatch in @return count for function 'oraclize_randomDS_getSessionPubKeyHash'. Expected: 1, Found: 0 [Warning/use-natspec]
/sb/0x9a4fe70bb7b39127f4772acaf0d000578644b39d.sol:499:5: Function name must be in mixedCase [Warning/func-name-mixedcase]
/sb/0x9a4fe70bb7b39127f4772acaf0d000578644b39d.sol:499:67: Visibility modifier must be first in list of modifiers [Warning/visibility-modifier-order]
/sb/0x9a4fe70bb7b39127f4772acaf0d000578644b39d.sol:503:5: Missing @notice tag in function 'getCodeSize' [Warning/use-natspec]
/sb/0x9a4fe70bb7b39127f4772acaf0d000578644b39d.sol:503:5: Missing @param tag in function 'getCodeSize' [Warning/use-natspec]
/sb/0x9a4fe70bb7b39127f4772acaf0d000578644b39d.sol:503:5: Mismatch in @param names for function 'getCodeSize'. Expected: [_addr], Found: [] [Warning/use-natspec]
/sb/0x9a4fe70bb7b39127f4772acaf0d000578644b39d.sol:503:5: Missing @return tag in function 'getCodeSize' [Warning/use-natspec]
/sb/0x9a4fe70bb7b39127f4772acaf0d000578644b39d.sol:503:5: Mismatch in @return names for function 'getCodeSize'. Expected: [_size], Found: [] [Warning/use-natspec]
/sb/0x9a4fe70bb7b39127f4772acaf0d000578644b39d.sol:503:50: Visibility modifier must be first in list of modifiers [Warning/visibility-modifier-order]
/sb/0x9a4fe70bb7b39127f4772acaf0d000578644b39d.sol:503:67: Rule is set with explicit type [var/s: uint] [Warning/explicit-types]
/sb/0x9a4fe70bb7b39127f4772acaf0d000578644b39d.sol:504:9: Avoid to use inline assembly. It is acceptable only in rare cases [Warning/no-inline-assembly]
/sb/0x9a4fe70bb7b39127f4772acaf0d000578644b39d.sol:509:5: Missing @notice tag in function 'parseAddr' [Warning/use-natspec]
/sb/0x9a4fe70bb7b39127f4772acaf0d000578644b39d.sol:509:5: Missing @param tag in function 'parseAddr' [Warning/use-natspec]
/sb/0x9a4fe70bb7b39127f4772acaf0d000578644b39d.sol:509:5: Mismatch in @param names for function 'parseAddr'. Expected: [_a], Found: [] [Warning/use-natspec]
/sb/0x9a4fe70bb7b39127f4772acaf0d000578644b39d.sol:509:5: Missing @return tag in function 'parseAddr' [Warning/use-natspec]
/sb/0x9a4fe70bb7b39127f4772acaf0d000578644b39d.sol:509:5: Mismatch in @return count for function 'parseAddr'. Expected: 1, Found: 0 [Warning/use-natspec]
/sb/0x9a4fe70bb7b39127f4772acaf0d000578644b39d.sol:514:14: Rule is set with explicit type [var/s: uint] [Warning/explicit-types]
/sb/0x9a4fe70bb7b39127f4772acaf0d000578644b39d.sol:518:18: GC: Non strict inequality found. Try converting to a strict one [Warning/gas-strict-inequalities]
/sb/0x9a4fe70bb7b39127f4772acaf0d000578644b39d.sol:518:30: GC: Non strict inequality found. Try converting to a strict one [Warning/gas-strict-inequalities]
/sb/0x9a4fe70bb7b39127f4772acaf0d000578644b39d.sol:519:23: GC: Non strict inequality found. Try converting to a strict one [Warning/gas-strict-inequalities]
/sb/0x9a4fe70bb7b39127f4772acaf0d000578644b39d.sol:519:35: GC: Non strict inequality found. Try converting to a strict one [Warning/gas-strict-inequalities]
/sb/0x9a4fe70bb7b39127f4772acaf0d000578644b39d.sol:520:23: GC: Non strict inequality found. Try converting to a strict one [Warning/gas-strict-inequalities]
/sb/0x9a4fe70bb7b39127f4772acaf0d000578644b39d.sol:520:35: GC: Non strict inequality found. Try converting to a strict one [Warning/gas-strict-inequalities]
/sb/0x9a4fe70bb7b39127f4772acaf0d000578644b39d.sol:521:18: GC: Non strict inequality found. Try converting to a strict one [Warning/gas-strict-inequalities]
/sb/0x9a4fe70bb7b39127f4772acaf0d000578644b39d.sol:521:30: GC: Non strict inequality found. Try converting to a strict one [Warning/gas-strict-inequalities]
/sb/0x9a4fe70bb7b39127f4772acaf0d000578644b39d.sol:522:23: GC: Non strict inequality found. Try converting to a strict one [Warning/gas-strict-inequalities]
/sb/0x9a4fe70bb7b39127f4772acaf0d000578644b39d.sol:522:35: GC: Non strict inequality found. Try converting to a strict one [Warning/gas-strict-inequalities]
/sb/0x9a4fe70bb7b39127f4772acaf0d000578644b39d.sol:523:23: GC: Non strict inequality found. Try converting to a strict one [Warning/gas-strict-inequalities]
/sb/0x9a4fe70bb7b39127f4772acaf0d000578644b39d.sol:523:35: GC: Non strict inequality found. Try converting to a strict one [Warning/gas-strict-inequalities]
/sb/0x9a4fe70bb7b39127f4772acaf0d000578644b39d.sol:529:5: Missing @notice tag in function 'strCompare' [Warning/use-natspec]
/sb/0x9a4fe70bb7b39127f4772acaf0d000578644b39d.sol:529:5: Missing @param tag in function 'strCompare' [Warning/use-natspec]
/sb/0x9a4fe70bb7b39127f4772acaf0d000578644b39d.sol:529:5: Mismatch in @param names for function 'strCompare'. Expected: [_a, _b], Found: [] [Warning/use-natspec]
/sb/0x9a4fe70bb7b39127f4772acaf0d000578644b39d.sol:529:5: Missing @return tag in function 'strCompare' [Warning/use-natspec]
/sb/0x9a4fe70bb7b39127f4772acaf0d000578644b39d.sol:529:5: Mismatch in @return count for function 'strCompare'. Expected: 1, Found: 0 [Warning/use-natspec]
/sb/0x9a4fe70bb7b39127f4772acaf0d000578644b39d.sol:529:65: Rule is set with explicit type [var/s: int] [Warning/explicit-types]
/sb/0x9a4fe70bb7b39127f4772acaf0d000578644b39d.sol:532:9: Rule is set with explicit type [var/s: uint] [Warning/explicit-types]
/sb/0x9a4fe70bb7b39127f4772acaf0d000578644b39d.sol:534:14: Rule is set with explicit type [var/s: uint] [Warning/explicit-types]
/sb/0x9a4fe70bb7b39127f4772acaf0d000578644b39d.sol:534:41: GC: For [ i ] variable, increment/decrement by 1 using: [ ++variable ] to save gas [Warning/gas-increment-by-one]
/sb/0x9a4fe70bb7b39127f4772acaf0d000578644b39d.sol:547:5: Missing @notice tag in function 'indexOf' [Warning/use-natspec]
/sb/0x9a4fe70bb7b39127f4772acaf0d000578644b39d.sol:547:5: Missing @param tag in function 'indexOf' [Warning/use-natspec]
/sb/0x9a4fe70bb7b39127f4772acaf0d000578644b39d.sol:547:5: Mismatch in @param names for function 'indexOf'. Expected: [_haystack, _needle], Found: [] [Warning/use-natspec]
/sb/0x9a4fe70bb7b39127f4772acaf0d000578644b39d.sol:547:5: Missing @return tag in function 'indexOf' [Warning/use-natspec]
/sb/0x9a4fe70bb7b39127f4772acaf0d000578644b39d.sol:547:5: Mismatch in @return count for function 'indexOf'. Expected: 1, Found: 0 [Warning/use-natspec]
/sb/0x9a4fe70bb7b39127f4772acaf0d000578644b39d.sol:547:74: Rule is set with explicit type [var/s: int] [Warning/explicit-types]
/sb/0x9a4fe70bb7b39127f4772acaf0d000578644b39d.sol:556:13: Rule is set with explicit type [var/s: uint] [Warning/explicit-types]
/sb/0x9a4fe70bb7b39127f4772acaf0d000578644b39d.sol:557:18: Rule is set with explicit type [var/s: uint] [Warning/explicit-types]
/sb/0x9a4fe70bb7b39127f4772acaf0d000578644b39d.sol:557:44: GC: For [ i ] variable, increment/decrement by 1 using: [ ++variable ] to save gas [Warning/gas-increment-by-one]
/sb/0x9a4fe70bb7b39127f4772acaf0d000578644b39d.sol:564:25: GC: For [ subindex ] variable, increment/decrement by 1 using: [ ++variable ] to save gas [Warning/gas-increment-by-one]
/sb/0x9a4fe70bb7b39127f4772acaf0d000578644b39d.sol:574:5: Missing @notice tag in function 'strConcat' [Warning/use-natspec]
/sb/0x9a4fe70bb7b39127f4772acaf0d000578644b39d.sol:574:5: Missing @param tag in function 'strConcat' [Warning/use-natspec]
/sb/0x9a4fe70bb7b39127f4772acaf0d000578644b39d.sol:574:5: Mismatch in @param names for function 'strConcat'. Expected: [_a, _b, _c, _d, _e], Found: [] [Warning/use-natspec]
/sb/0x9a4fe70bb7b39127f4772acaf0d000578644b39d.sol:574:5: Missing @return tag in function 'strConcat' [Warning/use-natspec]
/sb/0x9a4fe70bb7b39127f4772acaf0d000578644b39d.sol:574:5: Mismatch in @return count for function 'strConcat'. Expected: 1, Found: 0 [Warning/use-natspec]
/sb/0x9a4fe70bb7b39127f4772acaf0d000578644b39d.sol:582:9: Rule is set with explicit type [var/s: uint] [Warning/explicit-types]
/sb/0x9a4fe70bb7b39127f4772acaf0d000578644b39d.sol:583:14: Rule is set with explicit type [var/s: uint] [Warning/explicit-types]
/sb/0x9a4fe70bb7b39127f4772acaf0d000578644b39d.sol:583:42: GC: For [ i ] variable, increment/decrement by 1 using: [ ++variable ] to save gas [Warning/gas-increment-by-one]
/sb/0x9a4fe70bb7b39127f4772acaf0d000578644b39d.sol:583:54: GC: For [ k ] variable, increment/decrement by 1 using: [ ++variable ] to save gas [Warning/gas-increment-by-one]
/sb/0x9a4fe70bb7b39127f4772acaf0d000578644b39d.sol:584:37: GC: For [ i ] variable, increment/decrement by 1 using: [ ++variable ] to save gas [Warning/gas-increment-by-one]
/sb/0x9a4fe70bb7b39127f4772acaf0d000578644b39d.sol:584:49: GC: For [ k ] variable, increment/decrement by 1 using: [ ++variable ] to save gas [Warning/gas-increment-by-one]
/sb/0x9a4fe70bb7b39127f4772acaf0d000578644b39d.sol:585:37: GC: For [ i ] variable, increment/decrement by 1 using: [ ++variable ] to save gas [Warning/gas-increment-by-one]
/sb/0x9a4fe70bb7b39127f4772acaf0d000578644b39d.sol:585:49: GC: For [ k ] variable, increment/decrement by 1 using: [ ++variable ] to save gas [Warning/gas-increment-by-one]
/sb/0x9a4fe70bb7b39127f4772acaf0d000578644b39d.sol:586:37: GC: For [ i ] variable, increment/decrement by 1 using: [ ++variable ] to save gas [Warning/gas-increment-by-one]
/sb/0x9a4fe70bb7b39127f4772acaf0d000578644b39d.sol:586:49: GC: For [ k ] variable, increment/decrement by 1 using: [ ++variable ] to save gas [Warning/gas-increment-by-one]
/sb/0x9a4fe70bb7b39127f4772acaf0d000578644b39d.sol:587:37: GC: For [ i ] variable, increment/decrement by 1 using: [ ++variable ] to save gas [Warning/gas-increment-by-one]
/sb/0x9a4fe70bb7b39127f4772acaf0d000578644b39d.sol:587:49: GC: For [ k ] variable, increment/decrement by 1 using: [ ++variable ] to save gas [Warning/gas-increment-by-one]
/sb/0x9a4fe70bb7b39127f4772acaf0d000578644b39d.sol:591:5: Missing @notice tag in function 'strConcat' [Warning/use-natspec]
/sb/0x9a4fe70bb7b39127f4772acaf0d000578644b39d.sol:591:5: Missing @param tag in function 'strConcat' [Warning/use-natspec]
/sb/0x9a4fe70bb7b39127f4772acaf0d000578644b39d.sol:591:5: Mismatch in @param names for function 'strConcat'. Expected: [_a, _b, _c, _d], Found: [] [Warning/use-natspec]
/sb/0x9a4fe70bb7b39127f4772acaf0d000578644b39d.sol:591:5: Missing @return tag in function 'strConcat' [Warning/use-natspec]
/sb/0x9a4fe70bb7b39127f4772acaf0d000578644b39d.sol:591:5: Mismatch in @return count for function 'strConcat'. Expected: 1, Found: 0 [Warning/use-natspec]
/sb/0x9a4fe70bb7b39127f4772acaf0d000578644b39d.sol:595:5: Missing @notice tag in function 'strConcat' [Warning/use-natspec]
/sb/0x9a4fe70bb7b39127f4772acaf0d000578644b39d.sol:595:5: Missing @param tag in function 'strConcat' [Warning/use-natspec]
/sb/0x9a4fe70bb7b39127f4772acaf0d000578644b39d.sol:595:5: Mismatch in @param names for function 'strConcat'. Expected: [_a, _b, _c], Found: [] [Warning/use-natspec]
/sb/0x9a4fe70bb7b39127f4772acaf0d000578644b39d.sol:595:5: Missing @return tag in function 'strConcat' [Warning/use-natspec]
/sb/0x9a4fe70bb7b39127f4772acaf0d000578644b39d.sol:595:5: Mismatch in @return count for function 'strConcat'. Expected: 1, Found: 0 [Warning/use-natspec]
/sb/0x9a4fe70bb7b39127f4772acaf0d000578644b39d.sol:599:5: Missing @notice tag in function 'strConcat' [Warning/use-natspec]
/sb/0x9a4fe70bb7b39127f4772acaf0d000578644b39d.sol:599:5: Missing @param tag in function 'strConcat' [Warning/use-natspec]
/sb/0x9a4fe70bb7b39127f4772acaf0d000578644b39d.sol:599:5: Mismatch in @param names for function 'strConcat'. Expected: [_a, _b], Found: [] [Warning/use-natspec]
/sb/0x9a4fe70bb7b39127f4772acaf0d000578644b39d.sol:599:5: Missing @return tag in function 'strConcat' [Warning/use-natspec]
/sb/0x9a4fe70bb7b39127f4772acaf0d000578644b39d.sol:599:5: Mismatch in @return count for function 'strConcat'. Expected: 1, Found: 0 [Warning/use-natspec]
/sb/0x9a4fe70bb7b39127f4772acaf0d000578644b39d.sol:604:5: Missing @notice tag in function 'parseInt' [Warning/use-natspec]
/sb/0x9a4fe70bb7b39127f4772acaf0d000578644b39d.sol:604:5: Missing @param tag in function 'parseInt' [Warning/use-natspec]
/sb/0x9a4fe70bb7b39127f4772acaf0d000578644b39d.sol:604:5: Mismatch in @param names for function 'parseInt'. Expected: [_a], Found: [] [Warning/use-natspec]
/sb/0x9a4fe70bb7b39127f4772acaf0d000578644b39d.sol:604:5: Missing @return tag in function 'parseInt' [Warning/use-natspec]
/sb/0x9a4fe70bb7b39127f4772acaf0d000578644b39d.sol:604:5: Mismatch in @return count for function 'parseInt'. Expected: 1, Found: 0 [Warning/use-natspec]
/sb/0x9a4fe70bb7b39127f4772acaf0d000578644b39d.sol:604:52: Rule is set with explicit type [var/s: uint] [Warning/explicit-types]
/sb/0x9a4fe70bb7b39127f4772acaf0d000578644b39d.sol:609:5: Missing @notice tag in function 'parseInt' [Warning/use-natspec]
/sb/0x9a4fe70bb7b39127f4772acaf0d000578644b39d.sol:609:5: Missing @param tag in function 'parseInt' [Warning/use-natspec]
/sb/0x9a4fe70bb7b39127f4772acaf0d000578644b39d.sol:609:5: Mismatch in @param names for function 'parseInt'. Expected: [_a, _b], Found: [] [Warning/use-natspec]
/sb/0x9a4fe70bb7b39127f4772acaf0d000578644b39d.sol:609:5: Missing @return tag in function 'parseInt' [Warning/use-natspec]
/sb/0x9a4fe70bb7b39127f4772acaf0d000578644b39d.sol:609:5: Mismatch in @return count for function 'parseInt'. Expected: 1, Found: 0 [Warning/use-natspec]
/sb/0x9a4fe70bb7b39127f4772acaf0d000578644b39d.sol:609:34: Rule is set with explicit type [var/s: uint] [Warning/explicit-types]
/sb/0x9a4fe70bb7b39127f4772acaf0d000578644b39d.sol:609:61: Rule is set with explicit type [var/s: uint] [Warning/explicit-types]
/sb/0x9a4fe70bb7b39127f4772acaf0d000578644b39d.sol:611:9: Rule is set with explicit type [var/s: uint] [Warning/explicit-types]
/sb/0x9a4fe70bb7b39127f4772acaf0d000578644b39d.sol:613:14: Rule is set with explicit type [var/s: uint] [Warning/explicit-types]
/sb/0x9a4fe70bb7b39127f4772acaf0d000578644b39d.sol:613:42: GC: For [ i ] variable, increment/decrement by 1 using: [ ++variable ] to save gas [Warning/gas-increment-by-one]
/sb/0x9a4fe70bb7b39127f4772acaf0d000578644b39d.sol:614:18: GC: Non strict inequality found. Try converting to a strict one [Warning/gas-strict-inequalities]
/sb/0x9a4fe70bb7b39127f4772acaf0d000578644b39d.sol:614:38: GC: Non strict inequality found. Try converting to a strict one [Warning/gas-strict-inequalities]
/sb/0x9a4fe70bb7b39127f4772acaf0d000578644b39d.sol:617:26: GC: For [ _b ] variable, increment/decrement by 1 using: [ ++variable ] to save gas [Warning/gas-increment-by-one]
/sb/0x9a4fe70bb7b39127f4772acaf0d000578644b39d.sol:620:17: Rule is set with explicit type [var/s: uint] [Warning/explicit-types]
/sb/0x9a4fe70bb7b39127f4772acaf0d000578644b39d.sol:627:5: Missing @notice tag in function 'uint2str' [Warning/use-natspec]
/sb/0x9a4fe70bb7b39127f4772acaf0d000578644b39d.sol:627:5: Missing @param tag in function 'uint2str' [Warning/use-natspec]
/sb/0x9a4fe70bb7b39127f4772acaf0d000578644b39d.sol:627:5: Mismatch in @param names for function 'uint2str'. Expected: [i], Found: [] [Warning/use-natspec]
/sb/0x9a4fe70bb7b39127f4772acaf0d000578644b39d.sol:627:5: Missing @return tag in function 'uint2str' [Warning/use-natspec]
/sb/0x9a4fe70bb7b39127f4772acaf0d000578644b39d.sol:627:5: Mismatch in @return count for function 'uint2str'. Expected: 1, Found: 0 [Warning/use-natspec]
/sb/0x9a4fe70bb7b39127f4772acaf0d000578644b39d.sol:627:23: Rule is set with explicit type [var/s: uint] [Warning/explicit-types]
/sb/0x9a4fe70bb7b39127f4772acaf0d000578644b39d.sol:629:9: Rule is set with explicit type [var/s: uint] [Warning/explicit-types]
/sb/0x9a4fe70bb7b39127f4772acaf0d000578644b39d.sol:630:9: Rule is set with explicit type [var/s: uint] [Warning/explicit-types]
/sb/0x9a4fe70bb7b39127f4772acaf0d000578644b39d.sol:632:13: GC: For [ len ] variable, increment/decrement by 1 using: [ ++variable ] to save gas [Warning/gas-increment-by-one]
/sb/0x9a4fe70bb7b39127f4772acaf0d000578644b39d.sol:636:9: Rule is set with explicit type [var/s: uint] [Warning/explicit-types]
/sb/0x9a4fe70bb7b39127f4772acaf0d000578644b39d.sol:638:18: GC: For [ k ] variable, increment/decrement by 1 using: [ ++variable ] to save gas [Warning/gas-increment-by-one]
/sb/0x9a4fe70bb7b39127f4772acaf0d000578644b39d.sol:644:5: Missing @notice tag in function 'stra2cbor' [Warning/use-natspec]
/sb/0x9a4fe70bb7b39127f4772acaf0d000578644b39d.sol:644:5: Missing @param tag in function 'stra2cbor' [Warning/use-natspec]
/sb/0x9a4fe70bb7b39127f4772acaf0d000578644b39d.sol:644:5: Mismatch in @param names for function 'stra2cbor'. Expected: [arr], Found: [] [Warning/use-natspec]
/sb/0x9a4fe70bb7b39127f4772acaf0d000578644b39d.sol:644:5: Missing @return tag in function 'stra2cbor' [Warning/use-natspec]
/sb/0x9a4fe70bb7b39127f4772acaf0d000578644b39d.sol:644:5: Mismatch in @return count for function 'stra2cbor'. Expected: 1, Found: 0 [Warning/use-natspec]
/sb/0x9a4fe70bb7b39127f4772acaf0d000578644b39d.sol:645:13: Rule is set with explicit type [var/s: uint] [Warning/explicit-types]
/sb/0x9a4fe70bb7b39127f4772acaf0d000578644b39d.sol:648:13: Rule is set with explicit type [var/s: uint] [Warning/explicit-types]
/sb/0x9a4fe70bb7b39127f4772acaf0d000578644b39d.sol:650:18: Rule is set with explicit type [var/s: uint] [Warning/explicit-types]
/sb/0x9a4fe70bb7b39127f4772acaf0d000578644b39d.sol:650:42: GC: For [ i ] variable, increment/decrement by 1 using: [ ++variable ] to save gas [Warning/gas-increment-by-one]
/sb/0x9a4fe70bb7b39127f4772acaf0d000578644b39d.sol:654:13: Rule is set with explicit type [var/s: uint] [Warning/explicit-types]
/sb/0x9a4fe70bb7b39127f4772acaf0d000578644b39d.sol:655:13: Rule is set with explicit type [var/s: uint] [Warning/explicit-types]
/sb/0x9a4fe70bb7b39127f4772acaf0d000578644b39d.sol:661:17: GC: For [ ctr ] variable, increment/decrement by 1 using: [ ++variable ] to save gas [Warning/gas-increment-by-one]
/sb/0x9a4fe70bb7b39127f4772acaf0d000578644b39d.sol:663:37: GC: For [ i ] variable, increment/decrement by 1 using: [ ++variable ] to save gas [Warning/gas-increment-by-one]
/sb/0x9a4fe70bb7b39127f4772acaf0d000578644b39d.sol:665:17: GC: For [ ctr ] variable, increment/decrement by 1 using: [ ++variable ] to save gas [Warning/gas-increment-by-one]
/sb/0x9a4fe70bb7b39127f4772acaf0d000578644b39d.sol:666:22: Rule is set with explicit type [var/s: uint] [Warning/explicit-types]
/sb/0x9a4fe70bb7b39127f4772acaf0d000578644b39d.sol:666:59: GC: For [ x ] variable, increment/decrement by 1 using: [ ++variable ] to save gas [Warning/gas-increment-by-one]
/sb/0x9a4fe70bb7b39127f4772acaf0d000578644b39d.sol:669:25: Rule is set with explicit type [var/s: uint] [Warning/explicit-types]
/sb/0x9a4fe70bb7b39127f4772acaf0d000578644b39d.sol:669:44: GC: Non strict inequality found. Try converting to a strict one [Warning/gas-strict-inequalities]
/sb/0x9a4fe70bb7b39127f4772acaf0d000578644b39d.sol:671:25: Rule is set with explicit type [var/s: uint] [Warning/explicit-types]
/sb/0x9a4fe70bb7b39127f4772acaf0d000578644b39d.sol:674:29: GC: For [ ctr ] variable, increment/decrement by 1 using: [ ++variable ] to save gas [Warning/gas-increment-by-one]
/sb/0x9a4fe70bb7b39127f4772acaf0d000578644b39d.sol:678:21: GC: For [ ctr ] variable, increment/decrement by 1 using: [ ++variable ] to save gas [Warning/gas-increment-by-one]
/sb/0x9a4fe70bb7b39127f4772acaf0d000578644b39d.sol:681:17: GC: For [ ctr ] variable, increment/decrement by 1 using: [ ++variable ] to save gas [Warning/gas-increment-by-one]
/sb/0x9a4fe70bb7b39127f4772acaf0d000578644b39d.sol:686:5: Missing @notice tag in function 'ba2cbor' [Warning/use-natspec]
/sb/0x9a4fe70bb7b39127f4772acaf0d000578644b39d.sol:686:5: Missing @param tag in function 'ba2cbor' [Warning/use-natspec]
/sb/0x9a4fe70bb7b39127f4772acaf0d000578644b39d.sol:686:5: Mismatch in @param names for function 'ba2cbor'. Expected: [arr], Found: [] [Warning/use-natspec]
/sb/0x9a4fe70bb7b39127f4772acaf0d000578644b39d.sol:686:5: Missing @return tag in function 'ba2cbor' [Warning/use-natspec]
/sb/0x9a4fe70bb7b39127f4772acaf0d000578644b39d.sol:686:5: Mismatch in @return count for function 'ba2cbor'. Expected: 1, Found: 0 [Warning/use-natspec]
/sb/0x9a4fe70bb7b39127f4772acaf0d000578644b39d.sol:687:13: Rule is set with explicit type [var/s: uint] [Warning/explicit-types]
/sb/0x9a4fe70bb7b39127f4772acaf0d000578644b39d.sol:690:13: Rule is set with explicit type [var/s: uint] [Warning/explicit-types]
/sb/0x9a4fe70bb7b39127f4772acaf0d000578644b39d.sol:692:18: Rule is set with explicit type [var/s: uint] [Warning/explicit-types]
/sb/0x9a4fe70bb7b39127f4772acaf0d000578644b39d.sol:692:42: GC: For [ i ] variable, increment/decrement by 1 using: [ ++variable ] to save gas [Warning/gas-increment-by-one]
/sb/0x9a4fe70bb7b39127f4772acaf0d000578644b39d.sol:696:13: Rule is set with explicit type [var/s: uint] [Warning/explicit-types]
/sb/0x9a4fe70bb7b39127f4772acaf0d000578644b39d.sol:697:13: Rule is set with explicit type [var/s: uint] [Warning/explicit-types]
/sb/0x9a4fe70bb7b39127f4772acaf0d000578644b39d.sol:703:17: GC: For [ ctr ] variable, increment/decrement by 1 using: [ ++variable ] to save gas [Warning/gas-increment-by-one]
/sb/0x9a4fe70bb7b39127f4772acaf0d000578644b39d.sol:705:37: GC: For [ i ] variable, increment/decrement by 1 using: [ ++variable ] to save gas [Warning/gas-increment-by-one]
/sb/0x9a4fe70bb7b39127f4772acaf0d000578644b39d.sol:707:17: GC: For [ ctr ] variable, increment/decrement by 1 using: [ ++variable ] to save gas [Warning/gas-increment-by-one]
/sb/0x9a4fe70bb7b39127f4772acaf0d000578644b39d.sol:708:22: Rule is set with explicit type [var/s: uint] [Warning/explicit-types]
/sb/0x9a4fe70bb7b39127f4772acaf0d000578644b39d.sol:708:59: GC: For [ x ] variable, increment/decrement by 1 using: [ ++variable ] to save gas [Warning/gas-increment-by-one]
/sb/0x9a4fe70bb7b39127f4772acaf0d000578644b39d.sol:711:25: Rule is set with explicit type [var/s: uint] [Warning/explicit-types]
/sb/0x9a4fe70bb7b39127f4772acaf0d000578644b39d.sol:711:44: GC: Non strict inequality found. Try converting to a strict one [Warning/gas-strict-inequalities]
/sb/0x9a4fe70bb7b39127f4772acaf0d000578644b39d.sol:713:25: Rule is set with explicit type [var/s: uint] [Warning/explicit-types]
/sb/0x9a4fe70bb7b39127f4772acaf0d000578644b39d.sol:716:29: GC: For [ ctr ] variable, increment/decrement by 1 using: [ ++variable ] to save gas [Warning/gas-increment-by-one]
/sb/0x9a4fe70bb7b39127f4772acaf0d000578644b39d.sol:720:21: GC: For [ ctr ] variable, increment/decrement by 1 using: [ ++variable ] to save gas [Warning/gas-increment-by-one]
/sb/0x9a4fe70bb7b39127f4772acaf0d000578644b39d.sol:723:17: GC: For [ ctr ] variable, increment/decrement by 1 using: [ ++variable ] to save gas [Warning/gas-increment-by-one]
/sb/0x9a4fe70bb7b39127f4772acaf0d000578644b39d.sol:729:5: Explicitly mark visibility of state [Warning/state-visibility]
/sb/0x9a4fe70bb7b39127f4772acaf0d000578644b39d.sol:729:5: Variable name must be in mixedCase oraclize_network_name [Warning/var-name-mixedcase]
/sb/0x9a4fe70bb7b39127f4772acaf0d000578644b39d.sol:730:5: Missing @notice tag in function 'oraclize_setNetworkName' [Warning/use-natspec]
/sb/0x9a4fe70bb7b39127f4772acaf0d000578644b39d.sol:730:5: Missing @param tag in function 'oraclize_setNetworkName' [Warning/use-natspec]
/sb/0x9a4fe70bb7b39127f4772acaf0d000578644b39d.sol:730:5: Mismatch in @param names for function 'oraclize_setNetworkName'. Expected: [_network_name], Found: [] [Warning/use-natspec]
/sb/0x9a4fe70bb7b39127f4772acaf0d000578644b39d.sol:730:5: Function name must be in mixedCase [Warning/func-name-mixedcase]
/sb/0x9a4fe70bb7b39127f4772acaf0d000578644b39d.sol:730:38: Variable name must be in mixedCase _network_name [Warning/var-name-mixedcase]
/sb/0x9a4fe70bb7b39127f4772acaf0d000578644b39d.sol:734:5: Missing @notice tag in function 'oraclize_getNetworkName' [Warning/use-natspec]
/sb/0x9a4fe70bb7b39127f4772acaf0d000578644b39d.sol:734:5: Missing @return tag in function 'oraclize_getNetworkName' [Warning/use-natspec]
/sb/0x9a4fe70bb7b39127f4772acaf0d000578644b39d.sol:734:5: Mismatch in @return count for function 'oraclize_getNetworkName'. Expected: 1, Found: 0 [Warning/use-natspec]
/sb/0x9a4fe70bb7b39127f4772acaf0d000578644b39d.sol:734:5: Function name must be in mixedCase [Warning/func-name-mixedcase]
/sb/0x9a4fe70bb7b39127f4772acaf0d000578644b39d.sol:738:5: Missing @notice tag in function 'oraclize_newRandomDSQuery' [Warning/use-natspec]
/sb/0x9a4fe70bb7b39127f4772acaf0d000578644b39d.sol:738:5: Missing @param tag in function 'oraclize_newRandomDSQuery' [Warning/use-natspec]
/sb/0x9a4fe70bb7b39127f4772acaf0d000578644b39d.sol:738:5: Mismatch in @param names for function 'oraclize_newRandomDSQuery'. Expected: [_delay, _nbytes, _customGasLimit], Found: [] [Warning/use-natspec]
/sb/0x9a4fe70bb7b39127f4772acaf0d000578644b39d.sol:738:5: Missing @return tag in function 'oraclize_newRandomDSQuery' [Warning/use-natspec]
/sb/0x9a4fe70bb7b39127f4772acaf0d000578644b39d.sol:738:5: Mismatch in @return count for function 'oraclize_newRandomDSQuery'. Expected: 1, Found: 0 [Warning/use-natspec]
/sb/0x9a4fe70bb7b39127f4772acaf0d000578644b39d.sol:738:5: Function name must be in mixedCase [Warning/func-name-mixedcase]
/sb/0x9a4fe70bb7b39127f4772acaf0d000578644b39d.sol:738:40: Rule is set with explicit type [var/s: uint] [Warning/explicit-types]
/sb/0x9a4fe70bb7b39127f4772acaf0d000578644b39d.sol:738:53: Rule is set with explicit type [var/s: uint] [Warning/explicit-types]
/sb/0x9a4fe70bb7b39127f4772acaf0d000578644b39d.sol:738:67: Rule is set with explicit type [var/s: uint] [Warning/explicit-types]
/sb/0x9a4fe70bb7b39127f4772acaf0d000578644b39d.sol:739:45: "throw" is deprecated, avoid to use it [Warning/avoid-throw]
/sb/0x9a4fe70bb7b39127f4772acaf0d000578644b39d.sol:744:9: Variable name must be in mixedCase sessionKeyHash_bytes32 [Warning/var-name-mixedcase]
/sb/0x9a4fe70bb7b39127f4772acaf0d000578644b39d.sol:745:9: Avoid to use inline assembly. It is acceptable only in rare cases [Warning/no-inline-assembly]
/sb/0x9a4fe70bb7b39127f4772acaf0d000578644b39d.sol:753:50: Use "keccak256" instead of deprecated "sha3" [Warning/avoid-sha3]
/sb/0x9a4fe70bb7b39127f4772acaf0d000578644b39d.sol:757:5: Missing @notice tag in function 'oraclize_randomDS_setCommitment' [Warning/use-natspec]
/sb/0x9a4fe70bb7b39127f4772acaf0d000578644b39d.sol:757:5: Missing @param tag in function 'oraclize_randomDS_setCommitment' [Warning/use-natspec]
/sb/0x9a4fe70bb7b39127f4772acaf0d000578644b39d.sol:757:5: Mismatch in @param names for function 'oraclize_randomDS_setCommitment'. Expected: [queryId, commitment], Found: [] [Warning/use-natspec]
/sb/0x9a4fe70bb7b39127f4772acaf0d000578644b39d.sol:757:5: Function name must be in mixedCase [Warning/func-name-mixedcase]
/sb/0x9a4fe70bb7b39127f4772acaf0d000578644b39d.sol:761:5: Explicitly mark visibility of state [Warning/state-visibility]
/sb/0x9a4fe70bb7b39127f4772acaf0d000578644b39d.sol:761:5: Variable name must be in mixedCase oraclize_randomDS_args [Warning/var-name-mixedcase]
/sb/0x9a4fe70bb7b39127f4772acaf0d000578644b39d.sol:762:5: Explicitly mark visibility of state [Warning/state-visibility]
/sb/0x9a4fe70bb7b39127f4772acaf0d000578644b39d.sol:762:5: Variable name must be in mixedCase oraclize_randomDS_sessionKeysHashVerified [Warning/var-name-mixedcase]
/sb/0x9a4fe70bb7b39127f4772acaf0d000578644b39d.sol:764:5: Missing @notice tag in function 'verifySig' [Warning/use-natspec]
/sb/0x9a4fe70bb7b39127f4772acaf0d000578644b39d.sol:764:5: Missing @param tag in function 'verifySig' [Warning/use-natspec]
/sb/0x9a4fe70bb7b39127f4772acaf0d000578644b39d.sol:764:5: Mismatch in @param names for function 'verifySig'. Expected: [tosignh, dersig, pubkey], Found: [] [Warning/use-natspec]
/sb/0x9a4fe70bb7b39127f4772acaf0d000578644b39d.sol:764:5: Missing @return tag in function 'verifySig' [Warning/use-natspec]
/sb/0x9a4fe70bb7b39127f4772acaf0d000578644b39d.sol:764:5: Mismatch in @return count for function 'verifySig'. Expected: 1, Found: 0 [Warning/use-natspec]
/sb/0x9a4fe70bb7b39127f4772acaf0d000578644b39d.sol:772:23: Rule is set with explicit type [var/s: uint] [Warning/explicit-types]
/sb/0x9a4fe70bb7b39127f4772acaf0d000578644b39d.sol:772:9: Rule is set with explicit type [var/s: uint] [Warning/explicit-types]
/sb/0x9a4fe70bb7b39127f4772acaf0d000578644b39d.sol:776:9: Rule is set with explicit type [var/s: uint] [Warning/explicit-types]
/sb/0x9a4fe70bb7b39127f4772acaf0d000578644b39d.sol:778:9: Avoid to use inline assembly. It is acceptable only in rare cases [Warning/no-inline-assembly]
/sb/0x9a4fe70bb7b39127f4772acaf0d000578644b39d.sol:785:21: Use "keccak256" instead of deprecated "sha3" [Warning/avoid-sha3]
/sb/0x9a4fe70bb7b39127f4772acaf0d000578644b39d.sol:788:29: Use "keccak256" instead of deprecated "sha3" [Warning/avoid-sha3]
/sb/0x9a4fe70bb7b39127f4772acaf0d000578644b39d.sol:792:5: Missing @notice tag in function 'oraclize_randomDS_proofVerify__sessionKeyValidity' [Warning/use-natspec]
/sb/0x9a4fe70bb7b39127f4772acaf0d000578644b39d.sol:792:5: Missing @param tag in function 'oraclize_randomDS_proofVerify__sessionKeyValidity' [Warning/use-natspec]
/sb/0x9a4fe70bb7b39127f4772acaf0d000578644b39d.sol:792:5: Mismatch in @param names for function 'oraclize_randomDS_proofVerify__sessionKeyValidity'. Expected: [proof, sig2offset], Found: [] [Warning/use-natspec]
/sb/0x9a4fe70bb7b39127f4772acaf0d000578644b39d.sol:792:5: Missing @return tag in function 'oraclize_randomDS_proofVerify__sessionKeyValidity' [Warning/use-natspec]
/sb/0x9a4fe70bb7b39127f4772acaf0d000578644b39d.sol:792:5: Mismatch in @return count for function 'oraclize_randomDS_proofVerify__sessionKeyValidity'. Expected: 1, Found: 0 [Warning/use-natspec]
/sb/0x9a4fe70bb7b39127f4772acaf0d000578644b39d.sol:792:5: Function name must be in mixedCase [Warning/func-name-mixedcase]
/sb/0x9a4fe70bb7b39127f4772acaf0d000578644b39d.sol:792:77: Rule is set with explicit type [var/s: uint] [Warning/explicit-types]
/sb/0x9a4fe70bb7b39127f4772acaf0d000578644b39d.sol:796:29: Rule is set with explicit type [var/s: uint] [Warning/explicit-types]
/sb/0x9a4fe70bb7b39127f4772acaf0d000578644b39d.sol:799:9: Variable name must be in mixedCase appkey1_pubkey [Warning/var-name-mixedcase]
/sb/0x9a4fe70bb7b39127f4772acaf0d000578644b39d.sol:805:9: Variable name must be in mixedCase CODEHASH [Warning/var-name-mixedcase]
/sb/0x9a4fe70bb7b39127f4772acaf0d000578644b39d.sol:813:9: Variable name must be in mixedCase LEDGERKEY [Warning/var-name-mixedcase]
/sb/0x9a4fe70bb7b39127f4772acaf0d000578644b39d.sol:819:29: Rule is set with explicit type [var/s: uint] [Warning/explicit-types]
/sb/0x9a4fe70bb7b39127f4772acaf0d000578644b39d.sol:829:71: "throw" is deprecated, avoid to use it [Warning/avoid-throw]
/sb/0x9a4fe70bb7b39127f4772acaf0d000578644b39d.sol:832:37: "throw" is deprecated, avoid to use it [Warning/avoid-throw]
/sb/0x9a4fe70bb7b39127f4772acaf0d000578644b39d.sol:837:5: Missing @notice tag in function 'matchBytes32Prefix' [Warning/use-natspec]
/sb/0x9a4fe70bb7b39127f4772acaf0d000578644b39d.sol:837:5: Missing @param tag in function 'matchBytes32Prefix' [Warning/use-natspec]
/sb/0x9a4fe70bb7b39127f4772acaf0d000578644b39d.sol:837:5: Mismatch in @param names for function 'matchBytes32Prefix'. Expected: [content, prefix], Found: [] [Warning/use-natspec]
/sb/0x9a4fe70bb7b39127f4772acaf0d000578644b39d.sol:837:5: Missing @return tag in function 'matchBytes32Prefix' [Warning/use-natspec]
/sb/0x9a4fe70bb7b39127f4772acaf0d000578644b39d.sol:837:5: Mismatch in @return count for function 'matchBytes32Prefix'. Expected: 1, Found: 0 [Warning/use-natspec]
/sb/0x9a4fe70bb7b39127f4772acaf0d000578644b39d.sol:840:40: GC: For [ i ] variable, increment/decrement by 1 using: [ ++variable ] to save gas [Warning/gas-increment-by-one]
/sb/0x9a4fe70bb7b39127f4772acaf0d000578644b39d.sol:847:5: Missing @notice tag in function 'oraclize_randomDS_proofVerify__main' [Warning/use-natspec]
/sb/0x9a4fe70bb7b39127f4772acaf0d000578644b39d.sol:847:5: Missing @param tag in function 'oraclize_randomDS_proofVerify__main' [Warning/use-natspec]
/sb/0x9a4fe70bb7b39127f4772acaf0d000578644b39d.sol:847:5: Mismatch in @param names for function 'oraclize_randomDS_proofVerify__main'. Expected: [proof, queryId, result, context_name], Found: [] [Warning/use-natspec]
/sb/0x9a4fe70bb7b39127f4772acaf0d000578644b39d.sol:847:5: Missing @return tag in function 'oraclize_randomDS_proofVerify__main' [Warning/use-natspec]
/sb/0x9a4fe70bb7b39127f4772acaf0d000578644b39d.sol:847:5: Mismatch in @return count for function 'oraclize_randomDS_proofVerify__main'. Expected: 1, Found: 0 [Warning/use-natspec]
/sb/0x9a4fe70bb7b39127f4772acaf0d000578644b39d.sol:847:5: Function name must be in mixedCase [Warning/func-name-mixedcase]
/sb/0x9a4fe70bb7b39127f4772acaf0d000578644b39d.sol:847:94: Variable name must be in mixedCase context_name [Warning/var-name-mixedcase]
/sb/0x9a4fe70bb7b39127f4772acaf0d000578644b39d.sol:852:34: Rule is set with explicit type [var/s: uint] [Warning/explicit-types]
/sb/0x9a4fe70bb7b39127f4772acaf0d000578644b39d.sol:852:9: Rule is set with explicit type [var/s: uint] [Warning/explicit-types]
/sb/0x9a4fe70bb7b39127f4772acaf0d000578644b39d.sol:855:20: Use "keccak256" instead of deprecated "sha3" [Warning/avoid-sha3]
/sb/0x9a4fe70bb7b39127f4772acaf0d000578644b39d.sol:855:37: Use "keccak256" instead of deprecated "sha3" [Warning/avoid-sha3]
/sb/0x9a4fe70bb7b39127f4772acaf0d000578644b39d.sol:858:29: Rule is set with explicit type [var/s: uint] [Warning/explicit-types]
/sb/0x9a4fe70bb7b39127f4772acaf0d000578644b39d.sol:873:9: Rule is set with explicit type [var/s: uint] [Warning/explicit-types]
/sb/0x9a4fe70bb7b39127f4772acaf0d000578644b39d.sol:877:48: Use "keccak256" instead of deprecated "sha3" [Warning/avoid-sha3]
/sb/0x9a4fe70bb7b39127f4772acaf0d000578644b39d.sol:898:5: Missing @notice tag in function 'copyBytes' [Warning/use-natspec]
/sb/0x9a4fe70bb7b39127f4772acaf0d000578644b39d.sol:898:5: Missing @param tag in function 'copyBytes' [Warning/use-natspec]
/sb/0x9a4fe70bb7b39127f4772acaf0d000578644b39d.sol:898:5: Mismatch in @param names for function 'copyBytes'. Expected: [from, fromOffset, length, to, toOffset], Found: [] [Warning/use-natspec]
/sb/0x9a4fe70bb7b39127f4772acaf0d000578644b39d.sol:898:5: Missing @return tag in function 'copyBytes' [Warning/use-natspec]
/sb/0x9a4fe70bb7b39127f4772acaf0d000578644b39d.sol:898:5: Mismatch in @return count for function 'copyBytes'. Expected: 1, Found: 0 [Warning/use-natspec]
/sb/0x9a4fe70bb7b39127f4772acaf0d000578644b39d.sol:898:36: Rule is set with explicit type [var/s: uint] [Warning/explicit-types]
/sb/0x9a4fe70bb7b39127f4772acaf0d000578644b39d.sol:898:53: Rule is set with explicit type [var/s: uint] [Warning/explicit-types]
/sb/0x9a4fe70bb7b39127f4772acaf0d000578644b39d.sol:898:76: Rule is set with explicit type [var/s: uint] [Warning/explicit-types]
/sb/0x9a4fe70bb7b39127f4772acaf0d000578644b39d.sol:899:9: Rule is set with explicit type [var/s: uint] [Warning/explicit-types]
/sb/0x9a4fe70bb7b39127f4772acaf0d000578644b39d.sol:903:13: "throw" is deprecated, avoid to use it [Warning/avoid-throw]
/sb/0x9a4fe70bb7b39127f4772acaf0d000578644b39d.sol:907:9: Rule is set with explicit type [var/s: uint] [Warning/explicit-types]
/sb/0x9a4fe70bb7b39127f4772acaf0d000578644b39d.sol:908:9: Rule is set with explicit type [var/s: uint] [Warning/explicit-types]
/sb/0x9a4fe70bb7b39127f4772acaf0d000578644b39d.sol:911:13: Avoid to use inline assembly. It is acceptable only in rare cases [Warning/no-inline-assembly]
/sb/0x9a4fe70bb7b39127f4772acaf0d000578644b39d.sol:924:5: Missing @notice tag in function 'safer_ecrecover' [Warning/use-natspec]
/sb/0x9a4fe70bb7b39127f4772acaf0d000578644b39d.sol:924:5: Missing @param tag in function 'safer_ecrecover' [Warning/use-natspec]
/sb/0x9a4fe70bb7b39127f4772acaf0d000578644b39d.sol:924:5: Mismatch in @param names for function 'safer_ecrecover'. Expected: [hash, v, r, s], Found: [] [Warning/use-natspec]
/sb/0x9a4fe70bb7b39127f4772acaf0d000578644b39d.sol:924:5: Missing @return tag in function 'safer_ecrecover' [Warning/use-natspec]
/sb/0x9a4fe70bb7b39127f4772acaf0d000578644b39d.sol:924:5: Mismatch in @return count for function 'safer_ecrecover'. Expected: 2, Found: 0 [Warning/use-natspec]
/sb/0x9a4fe70bb7b39127f4772acaf0d000578644b39d.sol:924:5: Function name must be in mixedCase [Warning/func-name-mixedcase]
/sb/0x9a4fe70bb7b39127f4772acaf0d000578644b39d.sol:935:9: Avoid to use inline assembly. It is acceptable only in rare cases [Warning/no-inline-assembly]
/sb/0x9a4fe70bb7b39127f4772acaf0d000578644b39d.sol:952:5: Missing @notice tag in function 'ecrecovery' [Warning/use-natspec]
/sb/0x9a4fe70bb7b39127f4772acaf0d000578644b39d.sol:952:5: Missing @param tag in function 'ecrecovery' [Warning/use-natspec]
/sb/0x9a4fe70bb7b39127f4772acaf0d000578644b39d.sol:952:5: Mismatch in @param names for function 'ecrecovery'. Expected: [hash, sig], Found: [] [Warning/use-natspec]
/sb/0x9a4fe70bb7b39127f4772acaf0d000578644b39d.sol:952:5: Missing @return tag in function 'ecrecovery' [Warning/use-natspec]
/sb/0x9a4fe70bb7b39127f4772acaf0d000578644b39d.sol:952:5: Mismatch in @return count for function 'ecrecovery'. Expected: 2, Found: 0 [Warning/use-natspec]
/sb/0x9a4fe70bb7b39127f4772acaf0d000578644b39d.sol:963:9: Avoid to use inline assembly. It is acceptable only in rare cases [Warning/no-inline-assembly]
/sb/0x9a4fe70bb7b39127f4772acaf0d000578644b39d.sol:995:1: Missing @title tag in contract 'owned' [Warning/use-natspec]
/sb/0x9a4fe70bb7b39127f4772acaf0d000578644b39d.sol:995:1: Missing @author tag in contract 'owned' [Warning/use-natspec]
/sb/0x9a4fe70bb7b39127f4772acaf0d000578644b39d.sol:995:1: Missing @notice tag in contract 'owned' [Warning/use-natspec]
/sb/0x9a4fe70bb7b39127f4772acaf0d000578644b39d.sol:995:1: Contract, Structs and Enums should be in CapWords [Warning/contract-name-capwords]
/sb/0x9a4fe70bb7b39127f4772acaf0d000578644b39d.sol:997:2: Missing @notice tag in variable 'owner' [Warning/use-natspec]
/sb/0x9a4fe70bb7b39127f4772acaf0d000578644b39d.sol:999:2: Missing @notice tag in function 'owned' [Warning/use-natspec]
/sb/0x9a4fe70bb7b39127f4772acaf0d000578644b39d.sol:999:2: Explicitly mark visibility in function (Set ignoreConstructors to true if using solidity >=0.7.0) [Warning/func-visibility]
/sb/0x9a4fe70bb7b39127f4772acaf0d000578644b39d.sol:1006:35: "throw" is deprecated, avoid to use it [Warning/avoid-throw]
/sb/0x9a4fe70bb7b39127f4772acaf0d000578644b39d.sol:1010:2: Missing @notice tag in function 'transferOwnership' [Warning/use-natspec]
/sb/0x9a4fe70bb7b39127f4772acaf0d000578644b39d.sol:1010:2: Missing @param tag in function 'transferOwnership' [Warning/use-natspec]
/sb/0x9a4fe70bb7b39127f4
