maximum recursion depth exceeded while calling a Python object
Traceback (most recent call last):
  File "conkas.py", line 111, in main
    ssa = Recover(bytecode, edges=[], optimize=True)
  File "/conkas/rattle/recover.py", line 768, in __init__
    self.internal = InternalRecover(filedata, edges, optimize, split_functions)
  File "/conkas/rattle/recover.py", line 32, in __init__
    self.recover(dispatch)
  File "/conkas/rattle/recover.py", line 107, in recover
    self.recover_loop(function)
  File "/conkas/rattle/recover.py", line 159, in recover_loop
    self.resolve_phis(function)
  File "/conkas/rattle/recover.py", line 259, in resolve_phis
    insn.resolve_arguments()
  File "/conkas/rattle/ssa.py", line 332, in resolve_arguments
    a, update = arg.resolve()
  File "/conkas/rattle/ssa.py", line 199, in resolve
    new_slot, _ = new_slot.resolve()  # Resolve it as far as you can
  File "/conkas/rattle/ssa.py", line 199, in resolve
    new_slot, _ = new_slot.resolve()  # Resolve it as far as you can
  File "/conkas/rattle/ssa.py", line 199, in resolve
    new_slot, _ = new_slot.resolve()  # Resolve it as far as you can
  File "/conkas/rattle/ssa.py", line 172, in resolve
    rv = new_slot.resolve()
  File "/conkas/rattle/ssa.py", line 172, in resolve
    rv = new_slot.resolve()
  File "/conkas/rattle/ssa.py", line 172, in resolve
    rv = new_slot.resolve()
  File "/conkas/rattle/ssa.py", line 199, in resolve
    new_slot, _ = new_slot.resolve()  # Resolve it as far as you can
  File "/conkas/rattle/ssa.py", line 199, in resolve
    new_slot, _ = new_slot.resolve()  # Resolve it as far as you can
  File "/conkas/rattle/ssa.py", line 172, in resolve
    rv = new_slot.resolve()
  File "/conkas/rattle/ssa.py", line 199, in resolve
    new_slot, _ = new_slot.resolve()  # Resolve it as far as you can
  File "/conkas/rattle/ssa.py", line 172, in resolve
    rv = new_slot.resolve()
  File "/conkas/rattle/ssa.py", line 172, in resolve
    rv = new_slot.resolve()
  File "/conkas/rattle/ssa.py", line 172, in resolve
    rv = new_slot.resolve()
  File "/conkas/rattle/ssa.py", line 199, in resolve
    new_slot, _ = new_slot.resolve()  # Resolve it as far as you can
  File "/conkas/rattle/ssa.py", line 172, in resolve
    rv = new_slot.resolve()
  File "/conkas/rattle/ssa.py", line 199, in resolve
    new_slot, _ = new_slot.resolve()  # Resolve it as far as you can
  File "/conkas/rattle/ssa.py", line 172, in resolve
    rv = new_slot.resolve()
  File "/conkas/rattle/ssa.py", line 172, in resolve
    rv = new_slot.resolve()
  File "/conkas/rattle/ssa.py", line 199, in resolve
    new_slot, _ = new_slot.resolve()  # Resolve it as far as you can
  File "/conkas/rattle/ssa.py", line 172, in resolve
    rv = new_slot.resolve()
  File "/conkas/rattle/ssa.py", line 199, in resolve
    new_slot, _ = new_slot.resolve()  # Resolve it as far as you can
  File "/conkas/rattle/ssa.py", line 172, in resolve
    rv = new_slot.resolve()
  File "/conkas/rattle/ssa.py", line 199, in resolve
    new_slot, _ = new_slot.resolve()  # Resolve it as far as you can
  File "/conkas/rattle/ssa.py", line 172, in resolve
    rv = new_slot.resolve()
  File "/conkas/rattle/ssa.py", line 199, in resolve
    new_slot, _ = new_slot.resolve()  # Resolve it as far as you can
  File "/conkas/rattle/ssa.py", line 172, in resolve
    rv = new_slot.resolve()
  File "/conkas/rattle/ssa.py", line 199, in resolve
    new_slot, _ = new_slot.resolve()  # Resolve it as far as you can
  File "/conkas/rattle/ssa.py", line 172, in resolve
    rv = new_slot.resolve()
  File "/conkas/rattle/ssa.py", line 199, in resolve
    new_slot, _ = new_slot.resolve()  # Resolve it as far as you can
  File "/conkas/rattle/ssa.py", line 172, in resolve
    rv = new_slot.resolve()
  File "/conkas/rattle/ssa.py", line 172, in resolve
    rv = new_slot.resolve()
  File "/conkas/rattle/ssa.py", line 172, in resolve
    rv = new_slot.resolve()
  File "/conkas/rattle/ssa.py", line 199, in resolve
    new_slot, _ = new_slot.resolve()  # Resolve it as far as you can
  File "/conkas/rattle/ssa.py", line 172, in resolve
    rv = new_slot.resolve()
  File "/conkas/rattle/ssa.py", line 199, in resolve
    new_slot, _ = new_slot.resolve()  # Resolve it as far as you can
  File "/conkas/rattle/ssa.py", line 199, in resolve
    new_slot, _ = new_slot.resolve()  # Resolve it as far as you can
  File "/conkas/rattle/ssa.py", line 172, in resolve
    rv = new_slot.resolve()
  File "/conkas/rattle/ssa.py", line 172, in resolve
    rv = new_slot.resolve()
  File "/conkas/rattle/ssa.py", line 199, in resolve
    new_slot, _ = new_slot.resolve()  # Resolve it as far as you can
  File "/conkas/rattle/ssa.py", line 172, in resolve
    rv = new_slot.resolve()
  File "/conkas/rattle/ssa.py", line 199, in resolve
    new_slot, _ = new_slot.resolve()  # Resolve it as far as you can
  File "/conkas/rattle/ssa.py", line 172, in resolve
    rv = new_slot.resolve()
  File "/conkas/rattle/ssa.py", line 172, in resolve
    rv = new_slot.resolve()
  File "/conkas/rattle/ssa.py", line 172, in resolve
    rv = new_slot.resolve()
  File "/conkas/rattle/ssa.py", line 199, in resolve
    new_slot, _ = new_slot.resolve()  # Resolve it as far as you can
  File "/conkas/rattle/ssa.py", line 172, in resolve
    rv = new_slot.resolve()
  File "/conkas/rattle/ssa.py", line 199, in resolve
    new_slot, _ = new_slot.resolve()  # Resolve it as far as you can
  File "/conkas/rattle/ssa.py", line 199, in resolve
    new_slot, _ = new_slot.resolve()  # Resolve it as far as you can
  File "/conkas/rattle/ssa.py", line 172, in resolve
    rv = new_slot.resolve()
  File "/conkas/rattle/ssa.py", line 199, in resolve
    new_slot, _ = new_slot.resolve()  # Resolve it as far as you can
  File "/conkas/rattle/ssa.py", line 172, in resolve
    rv = new_slot.resolve()
  File "/conkas/rattle/ssa.py", line 199, in resolve
    new_slot, _ = new_slot.resolve()  # Resolve it as far as you can
  File "/conkas/rattle/ssa.py", line 172, in resolve
    rv = new_slot.resolve()
  File "/conkas/rattle/ssa.py", line 172, in resolve
    rv = new_slot.resolve()
  File "/conkas/rattle/ssa.py", line 199, in resolve
    new_slot, _ = new_slot.resolve()  # Resolve it as far as you can
  File "/conkas/rattle/ssa.py", line 172, in resolve
    rv = new_slot.resolve()
  File "/conkas/rattle/ssa.py", line 199, in resolve
    new_slot, _ = new_slot.resolve()  # Resolve it as far as you can
  File "/conkas/rattle/ssa.py", line 172, in resolve
    rv = new_slot.resolve()
  File "/conkas/rattle/ssa.py", line 172, in resolve
    rv = new_slot.resolve()
  File "/conkas/rattle/ssa.py", line 172, in resolve
    rv = new_slot.resolve()
  File "/conkas/rattle/ssa.py", line 199, in resolve
    new_slot, _ = new_slot.resolve()  # Resolve it as far as you can
  File "/conkas/rattle/ssa.py", line 172, in resolve
    rv = new_slot.resolve()
  File "/conkas/rattle/ssa.py", line 199, in resolve
    new_slot, _ = new_slot.resolve()  # Resolve it as far as you can
  File "/conkas/rattle/ssa.py", line 172, in resolve
    rv = new_slot.resolve()
  File "/conkas/rattle/ssa.py", line 199, in resolve
    new_slot, _ = new_slot.resolve()  # Resolve it as far as you can
  File "/conkas/rattle/ssa.py", line 172, in resolve
    rv = new_slot.resolve()
  File "/conkas/rattle/ssa.py", line 199, in resolve
    new_slot, _ = new_slot.resolve()  # Resolve it as far as you can
  File "/conkas/rattle/ssa.py", line 172, in resolve
    rv = new_slot.resolve()
  File "/conkas/rattle/ssa.py", line 199, in resolve
    new_slot, _ = new_slot.resolve()  # Resolve it as far as you can
  File "/conkas/rattle/ssa.py", line 172, in resolve
    rv = new_slot.resolve()
  File "/conkas/rattle/ssa.py", line 199, in resolve
    new_slot, _ = new_slot.resolve()  # Resolve it as far as you can
  File "/conkas/rattle/ssa.py", line 172, in resolve
    rv = new_slot.resolve()
  File "/conkas/rattle/ssa.py", line 199, in resolve
    new_slot, _ = new_slot.resolve()  # Resolve it as far as you can
  File "/conkas/rattle/ssa.py", line 172, in resolve
    rv = new_slot.resolve()
  File "/conkas/rattle/ssa.py", line 172, in resolve
    rv = new_slot.resolve()
  File "/conkas/rattle/ssa.py", line 199, in resolve
    new_slot, _ = new_slot.resolve()  # Resolve it as far as you can
  File "/conkas/rattle/ssa.py", line 172, in resolve
    rv = new_slot.resolve()
  File "/conkas/rattle/ssa.py", line 172, in resolve
    rv = new_slot.resolve()
  File "/conkas/rattle/ssa.py", line 172, in resolve
    rv = new_slot.resolve()
  File "/conkas/rattle/ssa.py", line 199, in resolve
    new_slot, _ = new_slot.resolve()  # Resolve it as far as you can
  File "/conkas/rattle/ssa.py", line 199, in resolve
    new_slot, _ = new_slot.resolve()  # Resolve it as far as you can
  File "/conkas/rattle/ssa.py", line 172, in resolve
    rv = new_slot.resolve()
  File "/conkas/rattle/ssa.py", line 199, in resolve
    new_slot, _ = new_slot.resolve()  # Resolve it as far as you can
  File "/conkas/rattle/ssa.py", line 172, in resolve
    rv = new_slot.resolve()
  File "/conkas/rattle/ssa.py", line 199, in resolve
    new_slot, _ = new_slot.resolve()  # Resolve it as far as you can
  File "/conkas/rattle/ssa.py", line 199, in resolve
    new_slot, _ = new_slot.resolve()  # Resolve it as far as you can
  File "/conkas/rattle/ssa.py", line 199, in resolve
    new_slot, _ = new_slot.resolve()  # Resolve it as far as you can
  [Previous line repeated 1 more time]
  File "/conkas/rattle/ssa.py", line 172, in resolve
    rv = new_slot.resolve()
  File "/conkas/rattle/ssa.py", line 172, in resolve
    rv = new_slot.resolve()
  File "/conkas/rattle/ssa.py", line 172, in resolve
    rv = new_slot.resolve()
  File "/conkas/rattle/ssa.py", line 199, in resolve
    new_slot, _ = new_slot.resolve()  # Resolve it as far as you can
  File "/conkas/rattle/ssa.py", line 199, in resolve
    new_slot, _ = new_slot.resolve()  # Resolve it as far as you can
  File "/conkas/rattle/ssa.py", line 172, in resolve
    rv = new_slot.resolve()
  File "/conkas/rattle/ssa.py", line 199, in resolve
    new_slot, _ = new_slot.resolve()  # Resolve it as far as you can
  File "/conkas/rattle/ssa.py", line 172, in resolve
    rv = new_slot.resolve()
  File "/conkas/rattle/ssa.py", line 172, in resolve
    rv = new_slot.resolve()
  File "/conkas/rattle/ssa.py", line 172, in resolve
    rv = new_slot.resolve()
  File "/conkas/rattle/ssa.py", line 199, in resolve
    new_slot, _ = new_slot.resolve()  # Resolve it as far as you can
  File "/conkas/rattle/ssa.py", line 172, in resolve
    rv = new_slot.resolve()
  File "/conkas/rattle/ssa.py", line 199, in resolve
    new_slot, _ = new_slot.resolve()  # Resolve it as far as you can
  File "/conkas/rattle/ssa.py", line 172, in resolve
    rv = new_slot.resolve()
  File "/conkas/rattle/ssa.py", line 172, in resolve
    rv = new_slot.resolve()
  File "/conkas/rattle/ssa.py", line 199, in resolve
    new_slot, _ = new_slot.resolve()  # Resolve it as far as you can
  File "/conkas/rattle/ssa.py", line 172, in resolve
    rv = new_slot.resolve()
  File "/conkas/rattle/ssa.py", line 199, in resolve
    new_slot, _ = new_slot.resolve()  # Resolve it as far as you can
  File "/conkas/rattle/ssa.py", line 172, in resolve
    rv = new_slot.resolve()
  File "/conkas/rattle/ssa.py", line 199, in resolve
    new_slot, _ = new_slot.resolve()  # Resolve it as far as you can
  File "/conkas/rattle/ssa.py", line 172, in resolve
    rv = new_slot.resolve()
  File "/conkas/rattle/ssa.py", line 199, in resolve
    new_slot, _ = new_slot.resolve()  # Resolve it as far as you can
  File "/conkas/rattle/ssa.py", line 172, in resolve
    rv = new_slot.resolve()
  File "/conkas/rattle/ssa.py", line 199, in resolve
    new_slot, _ = new_slot.resolve()  # Resolve it as far as you can
  File "/conkas/rattle/ssa.py", line 172, in resolve
    rv = new_slot.resolve()
  File "/conkas/rattle/ssa.py", line 199, in resolve
    new_slot, _ = new_slot.resolve()  # Resolve it as far as you can
  File "/conkas/rattle/ssa.py", line 172, in resolve
    rv = new_slot.resolve()
  File "/conkas/rattle/ssa.py", line 172, in resolve
    rv = new_slot.resolve()
  File "/conkas/rattle/ssa.py", line 172, in resolve
    rv = new_slot.resolve()
  File "/conkas/rattle/ssa.py", line 199, in resolve
    new_slot, _ = new_slot.resolve()  # Resolve it as far as you can
  File "/conkas/rattle/ssa.py", line 172, in resolve
    rv = new_slot.resolve()
  File "/conkas/rattle/ssa.py", line 199, in resolve
    new_slot, _ = new_slot.resolve()  # Resolve it as far as you can
  File "/conkas/rattle/ssa.py", line 172, in resolve
    rv = new_slot.resolve()
  File "/conkas/rattle/ssa.py", line 199, in resolve
    new_slot, _ = new_slot.resolve()  # Resolve it as far as you can
  File "/conkas/rattle/ssa.py", line 172, in resolve
    rv = new_slot.resolve()
  File "/conkas/rattle/ssa.py", line 172, in resolve
    rv = new_slot.resolve()
  File "/conkas/rattle/ssa.py", line 199, in resolve
    new_slot, _ = new_slot.resolve()  # Resolve it as far as you can
  File "/conkas/rattle/ssa.py", line 172, in resolve
    rv = new_slot.resolve()
  File "/conkas/rattle/ssa.py", line 199, in resolve
    new_slot, _ = new_slot.resolve()  # Resolve it as far as you can
  File "/conkas/rattle/ssa.py", line 172, in resolve
    rv = new_slot.resolve()
  File "/conkas/rattle/ssa.py", line 199, in resolve
    new_slot, _ = new_slot.resolve()  # Resolve it as far as you can
  File "/conkas/rattle/ssa.py", line 172, in resolve
    rv = new_slot.resolve()
  File "/conkas/rattle/ssa.py", line 172, in resolve
    rv = new_slot.resolve()
  File "/conkas/rattle/ssa.py", line 172, in resolve
    rv = new_slot.resolve()
  File "/conkas/rattle/ssa.py", line 199, in resolve
    new_slot, _ = new_slot.resolve()  # Resolve it as far as you can
  File "/conkas/rattle/ssa.py", line 199, in resolve
    new_slot, _ = new_slot.resolve()  # Resolve it as far as you can
  File "/conkas/rattle/ssa.py", line 172, in resolve
    rv = new_slot.resolve()
  File "/conkas/rattle/ssa.py", line 199, in resolve
    new_slot, _ = new_slot.resolve()  # Resolve it as far as you can
  File "/conkas/rattle/ssa.py", line 172, in resolve
    rv = new_slot.resolve()
  File "/conkas/rattle/ssa.py", line 199, in resolve
    new_slot, _ = new_slot.resolve()  # Resolve it as far as you can
  File "/conkas/rattle/ssa.py", line 199, in resolve
    new_slot, _ = new_slot.resolve()  # Resolve it as far as you can
  File "/conkas/rattle/ssa.py", line 199, in resolve
    new_slot, _ = new_slot.resolve()  # Resolve it as far as you can
  [Previous line repeated 1 more time]
  File "/conkas/rattle/ssa.py", line 172, in resolve
    rv = new_slot.resolve()
  File "/conkas/rattle/ssa.py", line 172, in resolve
    rv = new_slot.resolve()
  File "/conkas/rattle/ssa.py", line 172, in resolve
    rv = new_slot.resolve()
  File "/conkas/rattle/ssa.py", line 199, in resolve
    new_slot, _ = new_slot.resolve()  # Resolve it as far as you can
  File "/conkas/rattle/ssa.py", line 199, in resolve
    new_slot, _ = new_slot.resolve()  # Resolve it as far as you can
  File "/conkas/rattle/ssa.py", line 172, in resolve
    rv = new_slot.resolve()
  File "/conkas/rattle/ssa.py", line 199, in resolve
    new_slot, _ = new_slot.resolve()  # Resolve it as far as you can
  File "/conkas/rattle/ssa.py", line 172, in resolve
    rv = new_slot.resolve()
  File "/conkas/rattle/ssa.py", line 172, in resolve
    rv = new_slot.resolve()
  File "/conkas/rattle/ssa.py", line 172, in resolve
    rv = new_slot.resolve()
  File "/conkas/rattle/ssa.py", line 199, in resolve
    new_slot, _ = new_slot.resolve()  # Resolve it as far as you can
  File "/conkas/rattle/ssa.py", line 172, in resolve
    rv = new_slot.resolve()
  File "/conkas/rattle/ssa.py", line 199, in resolve
    new_slot, _ = new_slot.resolve()  # Resolve it as far as you can
  File "/conkas/rattle/ssa.py", line 172, in resolve
    rv = new_slot.resolve()
  File "/conkas/rattle/ssa.py", line 172, in resolve
    rv = new_slot.resolve()
  File "/conkas/rattle/ssa.py", line 199, in resolve
    new_slot, _ = new_slot.resolve()  # Resolve it as far as you can
  File "/conkas/rattle/ssa.py", line 172, in resolve
    rv = new_slot.resolve()
  File "/conkas/rattle/ssa.py", line 199, in resolve
    new_slot, _ = new_slot.resolve()  # Resolve it as far as you can
  File "/conkas/rattle/ssa.py", line 172, in resolve
    rv = new_slot.resolve()
  File "/conkas/rattle/ssa.py", line 199, in resolve
    new_slot, _ = new_slot.resolve()  # Resolve it as far as you can
  File "/conkas/rattle/ssa.py", line 172, in resolve
    rv = new_slot.resolve()
  File "/conkas/rattle/ssa.py", line 199, in resolve
    new_slot, _ = new_slot.resolve()  # Resolve it as far as you can
  File "/conkas/rattle/ssa.py", line 172, in resolve
    rv = new_slot.resolve()
  File "/conkas/rattle/ssa.py", line 199, in resolve
    new_slot, _ = new_slot.resolve()  # Resolve it as far as you can
  File "/conkas/rattle/ssa.py", line 172, in resolve
    rv = new_slot.resolve()
  File "/conkas/rattle/ssa.py", line 199, in resolve
    new_slot, _ = new_slot.resolve()  # Resolve it as far as you can
  File "/conkas/rattle/ssa.py", line 172, in resolve
    rv = new_slot.resolve()
  File "/conkas/rattle/ssa.py", line 172, in resolve
    rv = new_slot.resolve()
  File "/conkas/rattle/ssa.py", line 172, in resolve
    rv = new_slot.resolve()
  File "/conkas/rattle/ssa.py", line 199, in resolve
    new_slot, _ = new_slot.resolve()  # Resolve it as far as you can
  File "/conkas/rattle/ssa.py", line 172, in resolve
    rv = new_slot.resolve()
  File "/conkas/rattle/ssa.py", line 199, in resolve
    new_slot, _ = new_slot.resolve()  # Resolve it as far as you can
  File "/conkas/rattle/ssa.py", line 172, in resolve
    rv = new_slot.resolve()
  File "/conkas/rattle/ssa.py", line 199, in resolve
    new_slot, _ = new_slot.resolve()  # Resolve it as far as you can
  File "/conkas/rattle/ssa.py", line 199, in resolve
    new_slot, _ = new_slot.resolve()  # Resolve it as far as you can
  File "/conkas/rattle/ssa.py", line 172, in resolve
    rv = new_slot.resolve()
  File "/conkas/rattle/ssa.py", line 172, in resolve
    rv = new_slot.resolve()
  File "/conkas/rattle/ssa.py", line 199, in resolve
    new_slot, _ = new_slot.resolve()  # Resolve it as far as you can
  File "/conkas/rattle/ssa.py", line 172, in resolve
    rv = new_slot.resolve()
  File "/conkas/rattle/ssa.py", line 199, in resolve
    new_slot, _ = new_slot.resolve()  # Resolve it as far as you can
  File "/conkas/rattle/ssa.py", line 172, in resolve
    rv = new_slot.resolve()
  File "/conkas/rattle/ssa.py", line 199, in resolve
    new_slot, _ = new_slot.resolve()  # Resolve it as far as you can
  File "/conkas/rattle/ssa.py", line 172, in resolve
    rv = new_slot.resolve()
  File "/conkas/rattle/ssa.py", line 199, in resolve
    new_slot, _ = new_slot.resolve()  # Resolve it as far as you can
  File "/conkas/rattle/ssa.py", line 172, in resolve
    rv = new_slot.resolve()
  File "/conkas/rattle/ssa.py", line 199, in resolve
    new_slot, _ = new_slot.resolve()  # Resolve it as far as you can
  File "/conkas/rattle/ssa.py", line 172, in resolve
    rv = new_slot.resolve()
  File "/conkas/rattle/ssa.py", line 172, in resolve
    rv = new_slot.resolve()
  File "/conkas/rattle/ssa.py", line 172, in resolve
    rv = new_slot.resolve()
  File "/conkas/rattle/ssa.py", line 199, in resolve
    new_slot, _ = new_slot.resolve()  # Resolve it as far as you can
  File "/conkas/rattle/ssa.py", line 199, in resolve
    new_slot, _ = new_slot.resolve()  # Resolve it as far as you can
  File "/conkas/rattle/ssa.py", line 172, in resolve
    rv = new_slot.resolve()
  File "/conkas/rattle/ssa.py", line 199, in resolve
    new_slot, _ = new_slot.resolve()  # Resolve it as far as you can
  File "/conkas/rattle/ssa.py", line 172, in resolve
    rv = new_slot.resolve()
  File "/conkas/rattle/ssa.py", line 199, in resolve
    new_slot, _ = new_slot.resolve()  # Resolve it as far as you can
  File "/conkas/rattle/ssa.py", line 199, in resolve
    new_slot, _ = new_slot.resolve()  # Resolve it as far as you can
  File "/conkas/rattle/ssa.py", line 199, in resolve
    new_slot, _ = new_slot.resolve()  # Resolve it as far as you can
  [Previous line repeated 1 more time]
  File "/conkas/rattle/ssa.py", line 172, in resolve
    rv = new_slot.resolve()
  File "/conkas/rattle/ssa.py", line 172, in resolve
    rv = new_slot.resolve()
  File "/conkas/rattle/ssa.py", line 172, in resolve
    rv = new_slot.resolve()
  File "/conkas/rattle/ssa.py", line 199, in resolve
    new_slot, _ = new_slot.resolve()  # Resolve it as far as you can
  File "/conkas/rattle/ssa.py", line 199, in resolve
    new_slot, _ = new_slot.resolve()  # Resolve it as far as you can
  File "/conkas/rattle/ssa.py", line 172, in resolve
    rv = new_slot.resolve()
  File "/conkas/rattle/ssa.py", line 199, in resolve
    new_slot, _ = new_slot.resolve()  # Resolve it as far as you can
  File "/conkas/rattle/ssa.py", line 172, in resolve
    rv = new_slot.resolve()
  File "/conkas/rattle/ssa.py", line 172, in resolve
    rv = new_slot.resolve()
  File "/conkas/rattle/ssa.py", line 172, in resolve
    rv = new_slot.resolve()
  File "/conkas/rattle/ssa.py", line 199, in resolve
    new_slot, _ = new_slot.resolve()  # Resolve it as far as you can
  File "/conkas/rattle/ssa.py", line 172, in resolve
    rv = new_slot.resolve()
  File "/conkas/rattle/ssa.py", line 199, in resolve
    new_slot, _ = new_slot.resolve()  # Resolve it as far as you can
  File "/conkas/rattle/ssa.py", line 172, in resolve
    rv = new_slot.resolve()
  File "/conkas/rattle/ssa.py", line 172, in resolve
    rv = new_slot.resolve()
  File "/conkas/rattle/ssa.py", line 199, in resolve
    new_slot, _ = new_slot.resolve()  # Resolve it as far as you can
  File "/conkas/rattle/ssa.py", line 172, in resolve
    rv = new_slot.resolve()
  File "/conkas/rattle/ssa.py", line 199, in resolve
    new_slot, _ = new_slot.resolve()  # Resolve it as far as you can
  File "/conkas/rattle/ssa.py", line 172, in resolve
    rv = new_slot.resolve()
  File "/conkas/rattle/ssa.py", line 199, in resolve
    new_slot, _ = new_slot.resolve()  # Resolve it as far as you can
  File "/conkas/rattle/ssa.py", line 172, in resolve
    rv = new_slot.resolve()
  File "/conkas/rattle/ssa.py", line 199, in resolve
    new_slot, _ = new_slot.resolve()  # Resolve it as far as you can
  File "/conkas/rattle/ssa.py", line 172, in resolve
    rv = new_slot.resolve()
  File "/conkas/rattle/ssa.py", line 199, in resolve
    new_slot, _ = new_slot.resolve()  # Resolve it as far as you can
  File "/conkas/rattle/ssa.py", line 172, in resolve
    rv = new_slot.resolve()
  File "/conkas/rattle/ssa.py", line 199, in resolve
    new_slot, _ = new_slot.resolve()  # Resolve it as far as you can
  File "/conkas/rattle/ssa.py", line 172, in resolve
    rv = new_slot.resolve()
  File "/conkas/rattle/ssa.py", line 172, in resolve
    rv = new_slot.resolve()
  File "/conkas/rattle/ssa.py", line 172, in resolve
    rv = new_slot.resolve()
  File "/conkas/rattle/ssa.py", line 199, in resolve
    new_slot, _ = new_slot.resolve()  # Resolve it as far as you can
  File "/conkas/rattle/ssa.py", line 172, in resolve
    rv = new_slot.resolve()
  File "/conkas/rattle/ssa.py", line 199, in resolve
    new_slot, _ = new_slot.resolve()  # Resolve it as far as you can
  File "/conkas/rattle/ssa.py", line 199, in resolve
    new_slot, _ = new_slot.resolve()  # Resolve it as far as you can
  File "/conkas/rattle/ssa.py", line 172, in resolve
    rv = new_slot.resolve()
  File "/conkas/rattle/ssa.py", line 172, in resolve
    rv = new_slot.resolve()
  File "/conkas/rattle/ssa.py", line 199, in resolve
    new_slot, _ = new_slot.resolve()  # Resolve it as far as you can
  File "/conkas/rattle/ssa.py", line 172, in resolve
    rv = new_slot.resolve()
  File "/conkas/rattle/ssa.py", line 199, in resolve
    new_slot, _ = new_slot.resolve()  # Resolve it as far as you can
  File "/conkas/rattle/ssa.py", line 172, in resolve
    rv = new_slot.resolve()
  File "/conkas/rattle/ssa.py", line 172, in resolve
    rv = new_slot.resolve()
  File "/conkas/rattle/ssa.py", line 172, in resolve
    rv = new_slot.resolve()
  File "/conkas/rattle/ssa.py", line 199, in resolve
    new_slot, _ = new_slot.resolve()  # Resolve it as far as you can
  File "/conkas/rattle/ssa.py", line 172, in resolve
    rv = new_slot.resolve()
  File "/conkas/rattle/ssa.py", line 199, in resolve
    new_slot, _ = new_slot.resolve()  # Resolve it as far as you can
  File "/conkas/rattle/ssa.py", line 199, in resolve
    new_slot, _ = new_slot.resolve()  # Resolve it as far as you can
  File "/conkas/rattle/ssa.py", line 172, in resolve
    rv = new_slot.resolve()
  File "/conkas/rattle/ssa.py", line 199, in resolve
    new_slot, _ = new_slot.resolve()  # Resolve it as far as you can
  File "/conkas/rattle/ssa.py", line 172, in resolve
    rv = new_slot.resolve()
  File "/conkas/rattle/ssa.py", line 199, in resolve
    new_slot, _ = new_slot.resolve()  # Resolve it as far as you can
  File "/conkas/rattle/ssa.py", line 172, in resolve
    rv = new_slot.resolve()
  File "/conkas/rattle/ssa.py", line 172, in resolve
    rv = new_slot.resolve()
  File "/conkas/rattle/ssa.py", line 199, in resolve
    new_slot, _ = new_slot.resolve()  # Resolve it as far as you can
  File "/conkas/rattle/ssa.py", line 172, in resolve
    rv = new_slot.resolve()
  File "/conkas/rattle/ssa.py", line 199, in resolve
    new_slot, _ = new_slot.resolve()  # Resolve it as far as you can
  File "/conkas/rattle/ssa.py", line 172, in resolve
    rv = new_slot.resolve()
  File "/conkas/rattle/ssa.py", line 172, in resolve
    rv = new_slot.resolve()
  File "/conkas/rattle/ssa.py", line 172, in resolve
    rv = new_slot.resolve()
  File "/conkas/rattle/ssa.py", line 199, in resolve
    new_slot, _ = new_slot.resolve()  # Resolve it as far as you can
  File "/conkas/rattle/ssa.py", line 172, in resolve
    rv = new_slot.resolve()
  File "/conkas/rattle/ssa.py", line 199, in resolve
    new_slot, _ = new_slot.resolve()  # Resolve it as far as you can
  File "/conkas/rattle/ssa.py", line 172, in resolve
    rv = new_slot.resolve()
  File "/conkas/rattle/ssa.py", line 199, in resolve
    new_slot, _ = new_slot.resolve()  # Resolve it as far as you can
  File "/conkas/rattle/ssa.py", line 172, in resolve
    rv = new_slot.resolve()
  File "/conkas/rattle/ssa.py", line 199, in resolve
    new_slot, _ = new_slot.resolve()  # Resolve it as far as you can
  File "/conkas/rattle/ssa.py", line 172, in resolve
    rv = new_slot.resolve()
  File "/conkas/rattle/ssa.py", line 199, in resolve
    new_slot, _ = new_slot.resolve()  # Resolve it as far as you can
  File "/conkas/rattle/ssa.py", line 172, in resolve
    rv = new_slot.resolve()
  File "/conkas/rattle/ssa.py", line 199, in resolve
    new_slot, _ = new_slot.resolve()  # Resolve it as far as you can
  File "/conkas/rattle/ssa.py", line 172, in resolve
    rv = new_slot.resolve()
  File "/conkas/rattle/ssa.py", line 199, in resolve
    new_slot, _ = new_slot.resolve()  # Resolve it as far as you can
  File "/conkas/rattle/ssa.py", line 172, in resolve
    rv = new_slot.resolve()
  File "/conkas/rattle/ssa.py", line 172, in resolve
    rv = new_slot.resolve()
  File "/conkas/rattle/ssa.py", line 199, in resolve
    new_slot, _ = new_slot.resolve()  # Resolve it as far as you can
  File "/conkas/rattle/ssa.py", line 172, in resolve
    rv = new_slot.resolve()
  File "/conkas/rattle/ssa.py", line 172, in resolve
    rv = new_slot.resolve()
  File "/conkas/rattle/ssa.py", line 172, in resolve
    rv = new_slot.resolve()
  File "/conkas/rattle/ssa.py", line 199, in resolve
    new_slot, _ = new_slot.resolve()  # Resolve it as far as you can
  File "/conkas/rattle/ssa.py", line 199, in resolve
    new_slot, _ = new_slot.resolve()  # Resolve it as far as you can
  File "/conkas/rattle/ssa.py", line 172, in resolve
    rv = new_slot.resolve()
  File "/conkas/rattle/ssa.py", line 199, in resolve
    new_slot, _ = new_slot.resolve()  # Resolve it as far as you can
  File "/conkas/rattle/ssa.py", line 172, in resolve
    rv = new_slot.resolve()
  File "/conkas/rattle/ssa.py", line 199, in resolve
    new_slot, _ = new_slot.resolve()  # Resolve it as far as you can
  File "/conkas/rattle/ssa.py", line 199, in resolve
    new_slot, _ = new_slot.resolve()  # Resolve it as far as you can
  File "/conkas/rattle/ssa.py", line 199, in resolve
    new_slot, _ = new_slot.resolve()  # Resolve it as far as you can
  [Previous line repeated 1 more time]
  File "/conkas/rattle/ssa.py", line 172, in resolve
    rv = new_slot.resolve()
  File "/conkas/rattle/ssa.py", line 172, in resolve
    rv = new_slot.resolve()
  File "/conkas/rattle/ssa.py", line 172, in resolve
    rv = new_slot.resolve()
  File "/conkas/rattle/ssa.py", line 199, in resolve
    new_slot, _ = new_slot.resolve()  # Resolve it as far as you can
  File "/conkas/rattle/ssa.py", line 199, in resolve
    new_slot, _ = new_slot.resolve()  # Resolve it as far as you can
  File "/conkas/rattle/ssa.py", line 172, in resolve
    rv = new_slot.resolve()
  File "/conkas/rattle/ssa.py", line 199, in resolve
    new_slot, _ = new_slot.resolve()  # Resolve it as far as you can
  File "/conkas/rattle/ssa.py", line 172, in resolve
    rv = new_slot.resolve()
  File "/conkas/rattle/ssa.py", line 172, in resolve
    rv = new_slot.resolve()
  File "/conkas/rattle/ssa.py", line 172, in resolve
    rv = new_slot.resolve()
  File "/conkas/rattle/ssa.py", line 199, in resolve
    new_slot, _ = new_slot.resolve()  # Resolve it as far as you can
  File "/conkas/rattle/ssa.py", line 172, in resolve
    rv = new_slot.resolve()
  File "/conkas/rattle/ssa.py", line 199, in resolve
    new_slot, _ = new_slot.resolve()  # Resolve it as far as you can
  File "/conkas/rattle/ssa.py", line 172, in resolve
    rv = new_slot.resolve()
  File "/conkas/rattle/ssa.py", line 172, in resolve
    rv = new_slot.resolve()
  File "/conkas/rattle/ssa.py", line 199, in resolve
    new_slot, _ = new_slot.resolve()  # Resolve it as far as you can
  File "/conkas/rattle/ssa.py", line 172, in resolve
    rv = new_slot.resolve()
  File "/conkas/rattle/ssa.py", line 199, in resolve
    new_slot, _ = new_slot.resolve()  # Resolve it as far as you can
  File "/conkas/rattle/ssa.py", line 172, in resolve
    rv = new_slot.resolve()
  File "/conkas/rattle/ssa.py", line 199, in resolve
    new_slot, _ = new_slot.resolve()  # Resolve it as far as you can
  File "/conkas/rattle/ssa.py", line 172, in resolve
    rv = new_slot.resolve()
  File "/conkas/rattle/ssa.py", line 199, in resolve
    new_slot, _ = new_slot.resolve()  # Resolve it as far as you can
  File "/conkas/rattle/ssa.py", line 172, in resolve
    rv = new_slot.resolve()
  File "/conkas/rattle/ssa.py", line 199, in resolve
    new_slot, _ = new_slot.resolve()  # Resolve it as far as you can
  File "/conkas/rattle/ssa.py", line 172, in resolve
    rv = new_slot.resolve()
  File "/conkas/rattle/ssa.py", line 199, in resolve
    new_slot, _ = new_slot.resolve()  # Resolve it as far as you can
  File "/conkas/rattle/ssa.py", line 172, in resolve
    rv = new_slot.resolve()
  File "/conkas/rattle/ssa.py", line 172, in resolve
    rv = new_slot.resolve()
  File "/conkas/rattle/ssa.py", line 172, in resolve
    rv = new_slot.resolve()
  File "/conkas/rattle/ssa.py", line 199, in resolve
    new_slot, _ = new_slot.resolve()  # Resolve it as far as you can
  File "/conkas/rattle/ssa.py", line 172, in resolve
    rv = new_slot.resolve()
  File "/conkas/rattle/ssa.py", line 199, in resolve
    new_slot, _ = new_slot.resolve()  # Resolve it as far as you can
  File "/conkas/rattle/ssa.py", line 199, in resolve
    new_slot, _ = new_slot.resolve()  # Resolve it as far as you can
  File "/conkas/rattle/ssa.py", line 172, in resolve
    rv = new_slot.resolve()
  File "/conkas/rattle/ssa.py", line 172, in resolve
    rv = new_slot.resolve()
  File "/conkas/rattle/ssa.py", line 199, in resolve
    new_slot, _ = new_slot.resolve()  # Resolve it as far as you can
  File "/conkas/rattle/ssa.py", line 172, in resolve
    rv = new_slot.resolve()
  File "/conkas/rattle/ssa.py", line 199, in resolve
    new_slot, _ = new_slot.resolve()  # Resolve it as far as you can
  File "/conkas/rattle/ssa.py", line 172, in resolve
    rv = new_slot.resolve()
  File "/conkas/rattle/ssa.py", line 172, in resolve
    rv = new_slot.resolve()
  File "/conkas/rattle/ssa.py", line 172, in resolve
    rv = new_slot.resolve()
  File "/conkas/rattle/ssa.py", line 199, in resolve
    new_slot, _ = new_slot.resolve()  # Resolve it as far as you can
  File "/conkas/rattle/ssa.py", line 172, in resolve
    rv = new_slot.resolve()
  File "/conkas/rattle/ssa.py", line 199, in resolve
    new_slot, _ = new_slot.resolve()  # Resolve it as far as you can
  File "/conkas/rattle/ssa.py", line 199, in resolve
    new_slot, _ = new_slot.resolve()  # Resolve it as far as you can
  File "/conkas/rattle/ssa.py", line 172, in resolve
    rv = new_slot.resolve()
  File "/conkas/rattle/ssa.py", line 199, in resolve
    new_slot, _ = new_slot.resolve()  # Resolve it as far as you can
  File "/conkas/rattle/ssa.py", line 172, in resolve
    rv = new_slot.resolve()
  File "/conkas/rattle/ssa.py", line 199, in resolve
    new_slot, _ = new_slot.resolve()  # Resolve it as far as you can
  File "/conkas/rattle/ssa.py", line 172, in resolve
    rv = new_slot.resolve()
  File "/conkas/rattle/ssa.py", line 172, in resolve
    rv = new_slot.resolve()
  File "/conkas/rattle/ssa.py", line 199, in resolve
    new_slot, _ = new_slot.resolve()  # Resolve it as far as you can
  File "/conkas/rattle/ssa.py", line 172, in resolve
    rv = new_slot.resolve()
  File "/conkas/rattle/ssa.py", line 199, in resolve
    new_slot, _ = new_slot.resolve()  # Resolve it as far as you can
  File "/conkas/rattle/ssa.py", line 172, in resolve
    rv = new_slot.resolve()
  File "/conkas/rattle/ssa.py", line 172, in resolve
    rv = new_slot.resolve()
  File "/conkas/rattle/ssa.py", line 172, in resolve
    rv = new_slot.resolve()
  File "/conkas/rattle/ssa.py", line 199, in resolve
    new_slot, _ = new_slot.resolve()  # Resolve it as far as you can
  File "/conkas/rattle/ssa.py", line 172, in resolve
    rv = new_slot.resolve()
  File "/conkas/rattle/ssa.py", line 199, in resolve
    new_slot, _ = new_slot.resolve()  # Resolve it as far as you can
  File "/conkas/rattle/ssa.py", line 172, in resolve
    rv = new_slot.resolve()
  File "/conkas/rattle/ssa.py", line 199, in resolve
    new_slot, _ = new_slot.resolve()  # Resolve it as far as you can
  File "/conkas/rattle/ssa.py", line 172, in resolve
    rv = new_slot.resolve()
  File "/conkas/rattle/ssa.py", line 199, in resolve
    new_slot, _ = new_slot.resolve()  # Resolve it as far as you can
  File "/conkas/rattle/ssa.py", line 172, in resolve
    rv = new_slot.resolve()
  File "/conkas/rattle/ssa.py", line 199, in resolve
    new_slot, _ = new_slot.resolve()  # Resolve it as far as you can
  File "/conkas/rattle/ssa.py", line 172, in resolve
    rv = new_slot.resolve()
  File "/conkas/rattle/ssa.py", line 199, in resolve
    new_slot, _ = new_slot.resolve()  # Resolve it as far as you can
  File "/conkas/rattle/ssa.py", line 172, in resolve
    rv = new_slot.resolve()
  File "/conkas/rattle/ssa.py", line 199, in resolve
    new_slot, _ = new_slot.resolve()  # Resolve it as far as you can
  File "/conkas/rattle/ssa.py", line 172, in resolve
    rv = new_slot.resolve()
  File "/conkas/rattle/ssa.py", line 172, in resolve
    rv = new_slot.resolve()
  File "/conkas/rattle/ssa.py", line 199, in resolve
    new_slot, _ = new_slot.resolve()  # Resolve it as far as you can
  File "/conkas/rattle/ssa.py", line 172, in resolve
    rv = new_slot.resolve()
  File "/conkas/rattle/ssa.py", line 172, in resolve
    rv = new_slot.resolve()
  File "/conkas/rattle/ssa.py", line 172, in resolve
    rv = new_slot.resolve()
  File "/conkas/rattle/ssa.py", line 199, in resolve
    new_slot, _ = new_slot.resolve()  # Resolve it as far as you can
  File "/conkas/rattle/ssa.py", line 199, in resolve
    new_slot, _ = new_slot.resolve()  # Resolve it as far as you can
  File "/conkas/rattle/ssa.py", line 172, in resolve
    rv = new_slot.resolve()
  File "/conkas/rattle/ssa.py", line 199, in resolve
    new_slot, _ = new_slot.resolve()  # Resolve it as far as you can
  File "/conkas/rattle/ssa.py", line 172, in resolve
    rv = new_slot.resolve()
  File "/conkas/rattle/ssa.py", line 199, in resolve
    new_slot, _ = new_slot.resolve()  # Resolve it as far as you can
  File "/conkas/rattle/ssa.py", line 199, in resolve
    new_slot, _ = new_slot.resolve()  # Resolve it as far as you can
  File "/conkas/rattle/ssa.py", line 199, in resolve
    new_slot, _ = new_slot.resolve()  # Resolve it as far as you can
  [Previous line repeated 1 more time]
  File "/conkas/rattle/ssa.py", line 172, in resolve
    rv = new_slot.resolve()
  File "/conkas/rattle/ssa.py", line 172, in resolve
    rv = new_slot.resolve()
  File "/conkas/rattle/ssa.py", line 172, in resolve
    rv = new_slot.resolve()
  File "/conkas/rattle/ssa.py", line 199, in resolve
    new_slot, _ = new_slot.resolve()  # Resolve it as far as you can
  File "/conkas/rattle/ssa.py", line 199, in resolve
    new_slot, _ = new_slot.resolve()  # Resolve it as far as you can
  File "/conkas/rattle/ssa.py", line 172, in resolve
    rv = new_slot.resolve()
  File "/conkas/rattle/ssa.py", line 199, in resolve
    new_slot, _ = new_slot.resolve()  # Resolve it as far as you can
  File "/conkas/rattle/ssa.py", line 172, in resolve
    rv = new_slot.resolve()
  File "/conkas/rattle/ssa.py", line 172, in resolve
    rv = new_slot.resolve()
  File "/conkas/rattle/ssa.py", line 172, in resolve
    rv = new_slot.resolve()
  File "/conkas/rattle/ssa.py", line 199, in resolve
    new_slot, _ = new_slot.resolve()  # Resolve it as far as you can
  File "/conkas/rattle/ssa.py", line 172, in resolve
    rv = new_slot.resolve()
  File "/conkas/rattle/ssa.py", line 199, in resolve
    new_slot, _ = new_slot.resolve()  # Resolve it as far as you can
  File "/conkas/rattle/ssa.py", line 172, in resolve
    rv = new_slot.resolve()
  File "/conkas/rattle/ssa.py", line 172, in resolve
    rv = new_slot.resolve()
  File "/conkas/rattle/ssa.py", line 199, in resolve
    new_slot, _ = new_slot.resolve()  # Resolve it as far as you can
  File "/conkas/rattle/ssa.py", line 172, in resolve
    rv = new_slot.resolve()
  File "/conkas/rattle/ssa.py", line 199, in resolve
    new_slot, _ = new_slot.resolve()  # Resolve it as far as you can
  File "/conkas/rattle/ssa.py", line 172, in resolve
    rv = new_slot.resolve()
  File "/conkas/rattle/ssa.py", line 199, in resolve
    new_slot, _ = new_slot.resolve()  # Resolve it as far as you can
  File "/conkas/rattle/ssa.py", line 172, in resolve
    rv = new_slot.resolve()
  File "/conkas/rattle/ssa.py", line 199, in resolve
    new_slot, _ = new_slot.resolve()  # Resolve it as far as you can
  File "/conkas/rattle/ssa.py", line 172, in resolve
    rv = new_slot.resolve()
  File "/conkas/rattle/ssa.py", line 199, in resolve
    new_slot, _ = new_slot.resolve()  # Resolve it as far as you can
  File "/conkas/rattle/ssa.py", line 172, in resolve
    rv = new_slot.resolve()
  File "/conkas/rattle/ssa.py", line 199, in resolve
    new_slot, _ = new_slot.resolve()  # Resolve it as far as you can
  File "/conkas/rattle/ssa.py", line 172, in resolve
    rv = new_slot.resolve()
  File "/conkas/rattle/ssa.py", line 172, in resolve
    rv = new_slot.resolve()
  File "/conkas/rattle/ssa.py", line 172, in resolve
    rv = new_slot.resolve()
  File "/conkas/rattle/ssa.py", line 199, in resolve
    new_slot, _ = new_slot.resolve()  # Resolve it as far as you can
  File "/conkas/rattle/ssa.py", line 172, in resolve
    rv = new_slot.resolve()
  File "/conkas/rattle/ssa.py", line 199, in resolve
    new_slot, _ = new_slot.resolve()  # Resolve it as far as you can
  File "/conkas/rattle/ssa.py", line 172, in resolve
    rv = new_slot.resolve()
  File "/conkas/rattle/ssa.py", line 199, in resolve
    new_slot, _ = new_slot.resolve()  # Resolve it as far as you can
  File "/conkas/rattle/ssa.py", line 172, in resolve
    rv = new_slot.resolve()
  File "/conkas/rattle/ssa.py", line 172, in resolve
    rv = new_slot.resolve()
  File "/conkas/rattle/ssa.py", line 199, in resolve
    new_slot, _ = new_slot.resolve()  # Resolve it as far as you can
  File "/conkas/rattle/ssa.py", line 172, in resolve
    rv = new_slot.resolve()
  File "/conkas/rattle/ssa.py", line 199, in resolve
    new_slot, _ = new_slot.resolve()  # Resolve it as far as you can
  File "/conkas/rattle/ssa.py", line 172, in resolve
    rv = new_slot.resolve()
  File "/conkas/rattle/ssa.py", line 199, in resolve
    new_slot, _ = new_slot.resolve()  # Resolve it as far as you can
  File "/conkas/rattle/ssa.py", line 172, in resolve
    rv = new_slot.resolve()
  File "/conkas/rattle/ssa.py", line 172, in resolve
    rv = new_slot.resolve()
  File "/conkas/rattle/ssa.py", line 172, in resolve
    rv = new_slot.resolve()
  File "/conkas/rattle/ssa.py", line 199, in resolve
    new_slot, _ = new_slot.resolve()  # Resolve it as far as you can
  File "/conkas/rattle/ssa.py", line 199, in resolve
    new_slot, _ = new_slot.resolve()  # Resolve it as far as you can
  File "/conkas/rattle/ssa.py", line 172, in resolve
    rv = new_slot.resolve()
  File "/conkas/rattle/ssa.py", line 199, in resolve
    new_slot, _ = new_slot.resolve()  # Resolve it as far as you can
  File "/conkas/rattle/ssa.py", line 172, in resolve
    rv = new_slot.resolve()
  File "/conkas/rattle/ssa.py", line 199, in resolve
    new_slot, _ = new_slot.resolve()  # Resolve it as far as you can
  File "/conkas/rattle/ssa.py", line 199, in resolve
    new_slot, _ = new_slot.resolve()  # Resolve it as far as you can
  File "/conkas/rattle/ssa.py", line 199, in resolve
    new_slot, _ = new_slot.resolve()  # Resolve it as far as you can
  [Previous line repeated 1 more time]
  File "/conkas/rattle/ssa.py", line 172, in resolve
    rv = new_slot.resolve()
  File "/conkas/rattle/ssa.py", line 172, in resolve
    rv = new_slot.resolve()
  File "/conkas/rattle/ssa.py", line 172, in resolve
    rv = new_slot.resolve()
  File "/conkas/rattle/ssa.py", line 199, in resolve
    new_slot, _ = new_slot.resolve()  # Resolve it as far as you can
  File "/conkas/rattle/ssa.py", line 199, in resolve
    new_slot, _ = new_slot.resolve()  # Resolve it as far as you can
  File "/conkas/rattle/ssa.py", line 172, in resolve
    rv = new_slot.resolve()
  File "/conkas/rattle/ssa.py", line 199, in resolve
    new_slot, _ = new_slot.resolve()  # Resolve it as far as you can
  File "/conkas/rattle/ssa.py", line 172, in resolve
    rv = new_slot.resolve()
  File "/conkas/rattle/ssa.py", line 172, in resolve
    rv = new_slot.resolve()
  File "/conkas/rattle/ssa.py", line 172, in resolve
    rv = new_slot.resolve()
  File "/conkas/rattle/ssa.py", line 199, in resolve
    new_slot, _ = new_slot.resolve()  # Resolve it as far as you can
  File "/conkas/rattle/ssa.py", line 172, in resolve
    rv = new_slot.resolve()
  File "/conkas/rattle/ssa.py", line 199, in resolve
    new_slot, _ = new_slot.resolve()  # Resolve it as far as you can
  File "/conkas/rattle/ssa.py", line 172, in resolve
    rv = new_slot.resolve()
  File "/conkas/rattle/ssa.py", line 172, in resolve
    rv = new_slot.resolve()
  File "/conkas/rattle/ssa.py", line 199, in resolve
    new_slot, _ = new_slot.resolve()  # Resolve it as far as you can
  File "/conkas/rattle/ssa.py", line 172, in resolve
    rv = new_slot.resolve()
  File "/conkas/rattle/ssa.py", line 199, in resolve
    new_slot, _ = new_slot.resolve()  # Resolve it as far as you can
  File "/conkas/rattle/ssa.py", line 172, in resolve
    rv = new_slot.resolve()
  File "/conkas/rattle/ssa.py", line 199, in resolve
    new_slot, _ = new_slot.resolve()  # Resolve it as far as you can
  File "/conkas/rattle/ssa.py", line 172, in resolve
    rv = new_slot.resolve()
  File "/conkas/rattle/ssa.py", line 199, in resolve
    new_slot, _ = new_slot.resolve()  # Resolve it as far as you can
  File "/conkas/rattle/ssa.py", line 172, in resolve
    rv = new_slot.resolve()
  File "/conkas/rattle/ssa.py", line 199, in resolve
    new_slot, _ = new_slot.resolve()  # Resolve it as far as you can
  File "/conkas/rattle/ssa.py", line 172, in resolve
    rv = new_slot.resolve()
  File "/conkas/rattle/ssa.py", line 199, in resolve
    new_slot, _ = new_slot.resolve()  # Resolve it as far as you can
  File "/conkas/rattle/ssa.py", line 172, in resolve
    rv = new_slot.resolve()
  File "/conkas/rattle/ssa.py", line 172, in resolve
    rv = new_slot.resolve()
  File "/conkas/rattle/ssa.py", line 172, in resolve
    rv = new_slot.resolve()
  File "/conkas/rattle/ssa.py", line 199, in resolve
    new_slot, _ = new_slot.resolve()  # Resolve it as far as you can
  File "/conkas/rattle/ssa.py", line 172, in resolve
    rv = new_slot.resolve()
  File "/conkas/rattle/ssa.py", line 199, in resolve
    new_slot, _ = new_slot.resolve()  # Resolve it as far as you can
  File "/conkas/rattle/ssa.py", line 199, in resolve
    new_slot, _ = new_slot.resolve()  # Resolve it as far as you can
  File "/conkas/rattle/ssa.py", line 172, in resolve
    rv = new_slot.resolve()
  File "/conkas/rattle/ssa.py", line 172, in resolve
    rv = new_slot.resolve()
  File "/conkas/rattle/ssa.py", line 199, in resolve
    new_slot, _ = new_slot.resolve()  # Resolve it as far as you can
  File "/conkas/rattle/ssa.py", line 172, in resolve
    rv = new_slot.resolve()
  File "/conkas/rattle/ssa.py", line 199, in resolve
    new_slot, _ = new_slot.resolve()  # Resolve it as far as you can
  File "/conkas/rattle/ssa.py", line 172, in resolve
    rv = new_slot.resolve()
  File "/conkas/rattle/ssa.py", line 172, in resolve
    rv = new_slot.resolve()
  File "/conkas/rattle/ssa.py", line 172, in resolve
    rv = new_slot.resolve()
  File "/conkas/rattle/ssa.py", line 199, in resolve
    new_slot, _ = new_slot.resolve()  # Resolve it as far as you can
  File "/conkas/rattle/ssa.py", line 172, in resolve
    rv = new_slot.resolve()
  File "/conkas/rattle/ssa.py", line 199, in resolve
    new_slot, _ = new_slot.resolve()  # Resolve it as far as you can
  File "/conkas/rattle/ssa.py", line 199, in resolve
    new_slot, _ = new_slot.resolve()  # Resolve it as far as you can
  File "/conkas/rattle/ssa.py", line 172, in resolve
    rv = new_slot.resolve()
  File "/conkas/rattle/ssa.py", line 199, in resolve
    new_slot, _ = new_slot.resolve()  # Resolve it as far as you can
  File "/conkas/rattle/ssa.py", line 172, in resolve
    rv = new_slot.resolve()
  File "/conkas/rattle/ssa.py", line 199, in resolve
    new_slot, _ = new_slot.resolve()  # Resolve it as far as you can
  File "/conkas/rattle/ssa.py", line 172, in resolve
    rv = new_slot.resolve()
  File "/conkas/rattle/ssa.py", line 172, in resolve
    rv = new_slot.resolve()
  File "/conkas/rattle/ssa.py", line 199, in resolve
    new_slot, _ = new_slot.resolve()  # Resolve it as far as you can
  File "/conkas/rattle/ssa.py", line 172, in resolve
    rv = new_slot.resolve()
  File "/conkas/rattle/ssa.py", line 199, in resolve
    new_slot, _ = new_slot.resolve()  # Resolve it as far as you can
  File "/conkas/rattle/ssa.py", line 172, in resolve
    rv = new_slot.resolve()
  File "/conkas/rattle/ssa.py", line 172, in resolve
    rv = new_slot.resolve()
  File "/conkas/rattle/ssa.py", line 172, in resolve
    rv = new_slot.resolve()
  File "/conkas/rattle/ssa.py", line 199, in resolve
    new_slot, _ = new_slot.resolve()  # Resolve it as far as you can
  File "/conkas/rattle/ssa.py", line 172, in resolve
    rv = new_slot.resolve()
  File "/conkas/rattle/ssa.py", line 199, in resolve
    new_slot, _ = new_slot.resolve()  # Resolve it as far as you can
  File "/conkas/rattle/ssa.py", line 172, in resolve
    rv = new_slot.resolve()
  File "/conkas/rattle/ssa.py", line 199, in resolve
    new_slot, _ = new_slot.resolve()  # Resolve it as far as you can
  File "/conkas/rattle/ssa.py", line 172, in resolve
    rv = new_slot.resolve()
  File "/conkas/rattle/ssa.py", line 199, in resolve
    new_slot, _ = new_slot.resolve()  # Resolve it as far as you can
  File "/conkas/rattle/ssa.py", line 172, in resolve
    rv = new_slot.resolve()
  File "/conkas/rattle/ssa.py", line 199, in resolve
    new_slot, _ = new_slot.resolve()  # Resolve it as far as you can
  File "/conkas/rattle/ssa.py", line 172, in resolve
    rv = new_slot.resolve()
  File "/conkas/rattle/ssa.py", line 199, in resolve
    new_slot, _ = new_slot.resolve()  # Resolve it as far as you can
  File "/conkas/rattle/ssa.py", line 172, in resolve
    rv = new_slot.resolve()
  File "/conkas/rattle/ssa.py", line 199, in resolve
    new_slot, _ = new_slot.resolve()  # Resolve it as far as you can
  File "/conkas/rattle/ssa.py", line 172, in resolve
    rv = new_slot.resolve()
  File "/conkas/rattle/ssa.py", line 172, in resolve
    rv = new_slot.resolve()
  File "/conkas/rattle/ssa.py", line 199, in resolve
    new_slot, _ = new_slot.resolve()  # Resolve it as far as you can
  File "/conkas/rattle/ssa.py", line 172, in resolve
    rv = new_slot.resolve()
  File "/conkas/rattle/ssa.py", line 172, in resolve
    rv = new_slot.resolve()
  File "/conkas/rattle/ssa.py", line 172, in resolve
    rv = new_slot.resolve()
  File "/conkas/rattle/ssa.py", line 199, in resolve
    new_slot, _ = new_slot.resolve()  # Resolve it as far as you can
  File "/conkas/rattle/ssa.py", line 199, in resolve
    new_slot, _ = new_slot.resolve()  # Resolve it as far as you can
  File "/conkas/rattle/ssa.py", line 172, in resolve
    rv = new_slot.resolve()
  File "/conkas/rattle/ssa.py", line 199, in resolve
    new_slot, _ = new_slot.resolve()  # Resolve it as far as you can
  File "/conkas/rattle/ssa.py", line 172, in resolve
    rv = new_slot.resolve()
  File "/conkas/rattle/ssa.py", line 199, in resolve
    new_slot, _ = new_slot.resolve()  # Resolve it as far as you can
  File "/conkas/rattle/ssa.py", line 199, in resolve
    new_slot, _ = new_slot.resolve()  # Resolve it as far as you can
  File "/conkas/rattle/ssa.py", line 199, in resolve
    new_slot, _ = new_slot.resolve()  # Resolve it as far as you can
  [Previous line repeated 1 more time]
  File "/conkas/rattle/ssa.py", line 172, in resolve
    rv = new_slot.resolve()
  File "/conkas/rattle/ssa.py", line 172, in resolve
    rv = new_slot.resolve()
  File "/conkas/rattle/ssa.py", line 172, in resolve
    rv = new_slot.resolve()
  File "/conkas/rattle/ssa.py", line 199, in resolve
    new_slot, _ = new_slot.resolve()  # Resolve it as far as you can
  File "/conkas/rattle/ssa.py", line 199, in resolve
    new_slot, _ = new_slot.resolve()  # Resolve it as far as you can
  File "/conkas/rattle/ssa.py", line 172, in resolve
    rv = new_slot.resolve()
  File "/conkas/rattle/ssa.py", line 199, in resolve
    new_slot, _ = new_slot.resolve()  # Resolve it as far as you can
  File "/conkas/rattle/ssa.py", line 172, in resolve
    rv = new_slot.resolve()
  File "/conkas/rattle/ssa.py", line 172, in resolve
    rv = new_slot.resolve()
  File "/conkas/rattle/ssa.py", line 172, in resolve
    rv = new_slot.resolve()
  File "/conkas/rattle/ssa.py", line 199, in resolve
    new_slot, _ = new_slot.resolve()  # Resolve it as far as you can
  File "/conkas/rattle/ssa.py", line 172, in resolve
    rv = new_slot.resolve()
  File "/conkas/rattle/ssa.py", line 199, in resolve
    new_slot, _ = new_slot.resolve()  # Resolve it as far as you can
  File "/conkas/rattle/ssa.py", line 172, in resolve
    rv = new_slot.resolve()
  File "/conkas/rattle/ssa.py", line 172, in resolve
    rv = new_slot.resolve()
  File "/conkas/rattle/ssa.py", line 199, in resolve
    new_slot, _ = new_slot.resolve()  # Resolve it as far as you can
  File "/conkas/rattle/ssa.py", line 172, in resolve
    rv = new_slot.resolve()
  File "/conkas/rattle/ssa.py", line 199, in resolve
    new_slot, _ = new_slot.resolve()  # Resolve it as far as you can
  File "/conkas/rattle/ssa.py", line 172, in resolve
    rv = new_slot.resolve()
  File "/conkas/rattle/ssa.py", line 199, in resolve
    new_slot, _ = new_slot.resolve()  # Resolve it as far as you can
  File "/conkas/rattle/ssa.py", line 172, in resolve
    rv = new_slot.resolve()
  File "/conkas/rattle/ssa.py", line 199, in resolve
    new_slot, _ = new_slot.resolve()  # Resolve it as far as you can
  File "/conkas/rattle/ssa.py", line 172, in resolve
    rv = new_slot.resolve()
  File "/conkas/rattle/ssa.py", line 199, in resolve
    new_slot, _ = new_slot.resolve()  # Resolve it as far as you can
  File "/conkas/rattle/ssa.py", line 172, in resolve
    rv = new_slot.resolve()
  File "/conkas/rattle/ssa.py", line 199, in resolve
    new_slot, _ = new_slot.resolve()  # Resolve it as far as you can
  File "/conkas/rattle/ssa.py", line 172, in resolve
    rv = new_slot.resolve()
  File "/conkas/rattle/ssa.py", line 172, in resolve
    rv = new_slot.resolve()
  File "/conkas/rattle/ssa.py", line 172, in resolve
    rv = new_slot.resolve()
  File "/conkas/rattle/ssa.py", line 199, in resolve
    new_slot, _ = new_slot.resolve()  # Resolve it as far as you can
  File "/conkas/rattle/ssa.py", line 172, in resolve
    rv = new_slot.resolve()
  File "/conkas/rattle/ssa.py", line 199, in resolve
    new_slot, _ = new_slot.resolve()  # Resolve it as far as you can
  File "/conkas/rattle/ssa.py", line 199, in resolve
    new_slot, _ = new_slot.resolve()  # Resolve it as far as you can
  File "/conkas/rattle/ssa.py", line 172, in resolve
    rv = new_slot.resolve()
  File "/conkas/rattle/ssa.py", line 172, in resolve
    rv = new_slot.resolve()
  File "/conkas/rattle/ssa.py", line 199, in resolve
    new_slot, _ = new_slot.resolve()  # Resolve it as far as you can
  File "/conkas/rattle/ssa.py", line 172, in resolve
    rv = new_slot.resolve()
  File "/conkas/rattle/ssa.py", line 199, in resolve
    new_slot, _ = new_slot.resolve()  # Resolve it as far as you can
  File "/conkas/rattle/ssa.py", line 172, in resolve
    rv = new_slot.resolve()
  File "/conkas/rattle/ssa.py", line 172, in resolve
    rv = new_slot.resolve()
  File "/conkas/rattle/ssa.py", line 172, in resolve
    rv = new_slot.resolve()
  File "/conkas/rattle/ssa.py", line 199, in resolve
    new_slot, _ = new_slot.resolve()  # Resolve it as far as you can
  File "/conkas/rattle/ssa.py", line 172, in resolve
    rv = new_slot.resolve()
  File "/conkas/rattle/ssa.py", line 199, in resolve
    new_slot, _ = new_slot.resolve()  # Resolve it as far as you can
  File "/conkas/rattle/ssa.py", line 199, in resolve
    new_slot, _ = new_slot.resolve()  # Resolve it as far as you can
  File "/conkas/rattle/ssa.py", line 172, in resolve
    rv = new_slot.resolve()
  File "/conkas/rattle/ssa.py", line 199, in resolve
    new_slot, _ = new_slot.resolve()  # Resolve it as far as you can
  File "/conkas/rattle/ssa.py", line 172, in resolve
    rv = new_slot.resolve()
  File "/conkas/rattle/ssa.py", line 199, in resolve
    new_slot, _ = new_slot.resolve()  # Resolve it as far as you can
  File "/conkas/rattle/ssa.py", line 172, in resolve
    rv = new_slot.resolve()
  File "/conkas/rattle/ssa.py", line 172, in resolve
    rv = new_slot.resolve()
  File "/conkas/rattle/ssa.py", line 199, in resolve
    new_slot, _ = new_slot.resolve()  # Resolve it as far as you can
  File "/conkas/rattle/ssa.py", line 172, in resolve
    rv = new_slot.resolve()
  File "/conkas/rattle/ssa.py", line 199, in resolve
    new_slot, _ = new_slot.resolve()  # Resolve it as far as you can
  File "/conkas/rattle/ssa.py", line 172, in resolve
    rv = new_slot.resolve()
  File "/conkas/rattle/ssa.py", line 172, in resolve
    rv = new_slot.resolve()
  File "/conkas/rattle/ssa.py", line 172, in resolve
    rv = new_slot.resolve()
  File "/conkas/rattle/ssa.py", line 199, in resolve
    new_slot, _ = new_slot.resolve()  # Resolve it as far as you can
  File "/conkas/rattle/ssa.py", line 172, in resolve
    rv = new_slot.resolve()
  File "/conkas/rattle/ssa.py", line 199, in resolve
    new_slot, _ = new_slot.resolve()  # Resolve it as far as you can
  File "/conkas/rattle/ssa.py", line 172, in resolve
    rv = new_slot.resolve()
  File "/conkas/rattle/ssa.py", line 199, in resolve
    new_slot, _ = new_slot.resolve()  # Resolve it as far as you can
  File "/conkas/rattle/ssa.py", line 172, in resolve
    rv = new_slot.resolve()
  File "/conkas/rattle/ssa.py", line 199, in resolve
    new_slot, _ = new_slot.resolve()  # Resolve it as far as you can
  File "/conkas/rattle/ssa.py", line 172, in resolve
    rv = new_slot.resolve()
  File "/conkas/rattle/ssa.py", line 199, in resolve
    new_slot, _ = new_slot.resolve()  # Resolve it as far as you can
  File "/conkas/rattle/ssa.py", line 172, in resolve
    rv = new_slot.resolve()
  File "/conkas/rattle/ssa.py", line 199, in resolve
    new_slot, _ = new_slot.resolve()  # Resolve it as far as you can
  File "/conkas/rattle/ssa.py", line 172, in resolve
    rv = new_slot.resolve()
  File "/conkas/rattle/ssa.py", line 199, in resolve
    new_slot, _ = new_slot.resolve()  # Resolve it as far as you can
  File "/conkas/rattle/ssa.py", line 172, in resolve
    rv = new_slot.resolve()
  File "/conkas/rattle/ssa.py", line 172, in resolve
    rv = new_slot.resolve()
  File "/conkas/rattle/ssa.py", line 199, in resolve
    new_slot, _ = new_slot.resolve()  # Resolve it as far as you can
  File "/conkas/rattle/ssa.py", line 172, in resolve
    rv = new_slot.resolve()
  File "/conkas/rattle/ssa.py", line 172, in resolve
    rv = new_slot.resolve()
  File "/conkas/rattle/ssa.py", line 172, in resolve
    rv = new_slot.resolve()
  File "/conkas/rattle/ssa.py", line 199, in resolve
    new_slot, _ = new_slot.resolve()  # Resolve it as far as you can
  File "/conkas/rattle/ssa.py", line 199, in resolve
    new_slot, _ = new_slot.resolve()  # Resolve it as far as you can
  File "/conkas/rattle/ssa.py", line 172, in resolve
    rv = new_slot.resolve()
  File "/conkas/rattle/ssa.py", line 199, in resolve
    new_slot, _ = new_slot.resolve()  # Resolve it as far as you can
  File "/conkas/rattle/ssa.py", line 172, in resolve
    rv = new_slot.resolve()
  File "/conkas/rattle/ssa.py", line 199, in resolve
    new_slot, _ = new_slot.resolve()  # Resolve it as far as you can
  File "/conkas/rattle/ssa.py", line 199, in resolve
    new_slot, _ = new_slot.resolve()  # Resolve it as far as you can
  File "/conkas/rattle/ssa.py", line 199, in resolve
    new_slot, _ = new_slot.resolve()  # Resolve it as far as you can
  [Previous line repeated 1 more time]
  File "/conkas/rattle/ssa.py", line 172, in resolve
    rv = new_slot.resolve()
  File "/conkas/rattle/ssa.py", line 172, in resolve
    rv = new_slot.resolve()
  File "/conkas/rattle/ssa.py", line 172, in resolve
    rv = new_slot.resolve()
  File "/conkas/rattle/ssa.py", line 199, in resolve
    new_slot, _ = new_slot.resolve()  # Resolve it as far as you can
  File "/conkas/rattle/ssa.py", line 199, in resolve
    new_slot, _ = new_slot.resolve()  # Resolve it as far as you can
  File "/conkas/rattle/ssa.py", line 172, in resolve
    rv = new_slot.resolve()
  File "/conkas/rattle/ssa.py", line 199, in resolve
    new_slot, _ = new_slot.resolve()  # Resolve it as far as you can
  File "/conkas/rattle/ssa.py", line 172, in resolve
    rv = new_slot.resolve()
  File "/conkas/rattle/ssa.py", line 172, in resolve
    rv = new_slot.resolve()
  File "/conkas/rattle/ssa.py", line 172, in resolve
    rv = new_slot.resolve()
  File "/conkas/rattle/ssa.py", line 199, in resolve
    new_slot, _ = new_slot.resolve()  # Resolve it as far as you can
  File "/conkas/rattle/ssa.py", line 172, in resolve
    rv = new_slot.resolve()
  File "/conkas/rattle/ssa.py", line 199, in resolve
    new_slot, _ = new_slot.resolve()  # Resolve it as far as you can
  File "/conkas/rattle/ssa.py", line 172, in resolve
    rv = new_slot.resolve()
  File "/conkas/rattle/ssa.py", line 172, in resolve
    rv = new_slot.resolve()
  File "/conkas/rattle/ssa.py", line 199, in resolve
    new_slot, _ = new_slot.resolve()  # Resolve it as far as you can
  File "/conkas/rattle/ssa.py", line 172, in resolve
    rv = new_slot.resolve()
  File "/conkas/rattle/ssa.py", line 199, in resolve
    new_slot, _ = new_slot.resolve()  # Resolve it as far as you can
  File "/conkas/rattle/ssa.py", line 172, in resolve
    rv = new_slot.resolve()
  File "/conkas/rattle/ssa.py", line 199, in resolve
    new_slot, _ = new_slot.resolve()  # Resolve it as far as you can
  File "/conkas/rattle/ssa.py", line 172, in resolve
    rv = new_slot.resolve()
  File "/conkas/rattle/ssa.py", line 199, in resolve
    new_slot, _ = new_slot.resolve()  # Resolve it as far as you can
  File "/conkas/rattle/ssa.py", line 172, in resolve
    rv = new_slot.resolve()
  File "/conkas/rattle/ssa.py", line 199, in resolve
    new_slot, _ = new_slot.resolve()  # Resolve it as far as you can
  File "/conkas/rattle/ssa.py", line 172, in resolve
    rv = new_slot.resolve()
  File "/conkas/rattle/ssa.py", line 199, in resolve
    new_slot, _ = new_slot.resolve()  # Resolve it as far as you can
  File "/conkas/rattle/ssa.py", line 172, in resolve
    rv = new_slot.resolve()
  File "/conkas/rattle/ssa.py", line 172, in resolve
    rv = new_slot.resolve()
  File "/conkas/rattle/ssa.py", line 172, in resolve
    rv = new_slot.resolve()
  File "/conkas/rattle/ssa.py", line 199, in resolve
    new_slot, _ = new_slot.resolve()  # Resolve it as far as you can
  File "/conkas/rattle/ssa.py", line 172, in resolve
    rv = new_slot.resolve()
  File "/conkas/rattle/ssa.py", line 199, in resolve
    new_slot, _ = new_slot.resolve()  # Resolve it as far as you can
  File "/conkas/rattle/ssa.py", line 199, in resolve
    new_slot, _ = new_slot.resolve()  # Resolve it as far as you can
  File "/conkas/rattle/ssa.py", line 172, in resolve
    rv = new_slot.resolve()
  File "/conkas/rattle/ssa.py", line 172, in resolve
    rv = new_slot.resolve()
  File "/conkas/rattle/ssa.py", line 199, in resolve
    new_slot, _ = new_slot.resolve()  # Resolve it as far as you can
  File "/conkas/rattle/ssa.py", line 172, in resolve
    rv = new_slot.resolve()
  File "/conkas/rattle/ssa.py", line 199, in resolve
    new_slot, _ = new_slot.resolve()  # Resolve it as far as you can
  File "/conkas/rattle/ssa.py", line 172, in resolve
    rv = new_slot.resolve()
  File "/conkas/rattle/ssa.py", line 172, in resolve
    rv = new_slot.resolve()
  File "/conkas/rattle/ssa.py", line 172, in resolve
    rv = new_slot.resolve()
  File "/conkas/rattle/ssa.py", line 199, in resolve
    new_slot, _ = new_slot.resolve()  # Resolve it as far as you can
  File "/conkas/rattle/ssa.py", line 172, in resolve
    rv = new_slot.resolve()
  File "/conkas/rattle/ssa.py", line 199, in resolve
    new_slot, _ = new_slot.resolve()  # Resolve it as far as you can
  File "/conkas/rattle/ssa.py", line 199, in resolve
    new_slot, _ = new_slot.resolve()  # Resolve it as far as you can
  File "/conkas/rattle/ssa.py", line 172, in resolve
    rv = new_slot.resolve()
  File "/conkas/rattle/ssa.py", line 199, in resolve
    new_slot, _ = new_slot.resolve()  # Resolve it as far as you can
  File "/conkas/rattle/ssa.py", line 172, in resolve
    rv = new_slot.resolve()
  File "/conkas/rattle/ssa.py", line 199, in resolve
    new_slot, _ = new_slot.resolve()  # Resolve it as far as you can
  File "/conkas/rattle/ssa.py", line 172, in resolve
    rv = new_slot.resolve()
  File "/conkas/rattle/ssa.py", line 172, in resolve
    rv = new_slot.resolve()
  File "/conkas/rattle/ssa.py", line 199, in resolve
    new_slot, _ = new_slot.resolve()  # Resolve it as far as you can
  File "/conkas/rattle/ssa.py", line 172, in resolve
    rv = new_slot.resolve()
  File "/conkas/rattle/ssa.py", line 199, in resolve
    new_slot, _ = new_slot.resolve()  # Resolve it as far as you can
  File "/conkas/rattle/ssa.py", line 172, in resolve
    rv = new_slot.resolve()
  File "/conkas/rattle/ssa.py", line 172, in resolve
    rv = new_slot.resolve()
  File "/conkas/rattle/ssa.py", line 172, in resolve
    rv = new_slot.resolve()
  File "/conkas/rattle/ssa.py", line 199, in resolve
    new_slot, _ = new_slot.resolve()  # Resolve it as far as you can
  File "/conkas/rattle/ssa.py", line 172, in resolve
    rv = new_slot.resolve()
  File "/conkas/rattle/ssa.py", line 199, in resolve
    new_slot, _ = new_slot.resolve()  # Resolve it as far as you can
  File "/conkas/rattle/ssa.py", line 172, in resolve
    rv = new_slot.resolve()
  File "/conkas/rattle/ssa.py", line 199, in resolve
    new_slot, _ = new_slot.resolve()  # Resolve it as far as you can
  File "/conkas/rattle/ssa.py", line 172, in resolve
    rv = new_slot.resolve()
  File "/conkas/rattle/ssa.py", line 199, in resolve
    new_slot, _ = new_slot.resolve()  # Resolve it as far as you can
  File "/conkas/rattle/ssa.py", line 172, in resolve
    rv = new_slot.resolve()
  File "/conkas/rattle/ssa.py", line 199, in resolve
    new_slot, _ = new_slot.resolve()  # Resolve it as far as you can
  File "/conkas/rattle/ssa.py", line 172, in resolve
    rv = new_slot.resolve()
  File "/conkas/rattle/ssa.py", line 199, in resolve
    new_slot, _ = new_slot.resolve()  # Resolve it as far as you can
  File "/conkas/rattle/ssa.py", line 172, in resolve
    rv = new_slot.resolve()
  File "/conkas/rattle/ssa.py", line 199, in resolve
    new_slot, _ = new_slot.resolve()  # Resolve it as far as you can
  File "/conkas/rattle/ssa.py", line 172, in resolve
    rv = new_slot.resolve()
  File "/conkas/rattle/ssa.py", line 172, in resolve
    rv = new_slot.resolve()
  File "/conkas/rattle/ssa.py", line 199, in resolve
    new_slot, _ = new_slot.resolve()  # Resolve it as far as you can
  File "/conkas/rattle/ssa.py", line 172, in resolve
    rv = new_slot.resolve()
  File "/conkas/rattle/ssa.py", line 172, in resolve
    rv = new_slot.resolve()
  File "/conkas/rattle/ssa.py", line 172, in resolve
    rv = new_slot.resolve()
  File "/conkas/rattle/ssa.py", line 199, in resolve
    new_slot, _ = new_slot.resolve()  # Resolve it as far as you can
  File "/conkas/rattle/ssa.py", line 199, in resolve
    new_slot, _ = new_slot.resolve()  # Resolve it as far as you can
  File "/conkas/rattle/ssa.py", line 172, in resolve
    rv = new_slot.resolve()
  File "/conkas/rattle/ssa.py", line 199, in resolve
    new_slot, _ = new_slot.resolve()  # Resolve it as far as you can
  File "/conkas/rattle/ssa.py", line 172, in resolve
    rv = new_slot.resolve()
  File "/conkas/rattle/ssa.py", line 199, in resolve
    new_slot, _ = new_slot.resolve()  # Resolve it as far as you can
  File "/conkas/rattle/ssa.py", line 199, in resolve
    new_slot, _ = new_slot.resolve()  # Resolve it as far as you can
  File "/conkas/rattle/ssa.py", line 199, in resolve
    new_slot, _ = new_slot.resolve()  # Resolve it as far as you can
  [Previous line repeated 1 more time]
  File "/conkas/rattle/ssa.py", line 172, in resolve
    rv = new_slot.resolve()
  File "/conkas/rattle/ssa.py", line 172, in resolve
    rv = new_slot.resolve()
  File "/conkas/rattle/ssa.py", line 172, in resolve
    rv = new_slot.resolve()
  File "/conkas/rattle/ssa.py", line 199, in resolve
    new_slot, _ = new_slot.resolve()  # Resolve it as far as you can
  File "/conkas/rattle/ssa.py", line 199, in resolve
    new_slot, _ = new_slot.resolve()  # Resolve it as far as you can
  File "/conkas/rattle/ssa.py", line 172, in resolve
    rv = new_slot.resolve()
  File "/conkas/rattle/ssa.py", line 199, in resolve
    new_slot, _ = new_slot.resolve()  # Resolve it as far as you can
  File "/conkas/rattle/ssa.py", line 172, in resolve
    rv = new_slot.resolve()
  File "/conkas/rattle/ssa.py", line 172, in resolve
    rv = new_slot.resolve()
  File "/conkas/rattle/ssa.py", line 172, in resolve
    rv = new_slot.resolve()
  File "/conkas/rattle/ssa.py", line 199, in resolve
    new_slot, _ = new_slot.resolve()  # Resolve it as far as you can
  File "/conkas/rattle/ssa.py", line 172, in resolve
    rv = new_slot.resolve()
  File "/conkas/rattle/ssa.py", line 199, in resolve
    new_slot, _ = new_slot.resolve()  # Resolve it as far as you can
  File "/conkas/rattle/ssa.py", line 172, in resolve
    rv = new_slot.resolve()
  File "/conkas/rattle/ssa.py", line 172, in resolve
    rv = new_slot.resolve()
  File "/conkas/rattle/ssa.py", line 199, in resolve
    new_slot, _ = new_slot.resolve()  # Resolve it as far as you can
  File "/conkas/rattle/ssa.py", line 172, in resolve
    rv = new_slot.resolve()
  File "/conkas/rattle/ssa.py", line 199, in resolve
    new_slot, _ = new_slot.resolve()  # Resolve it as far as you can
  File "/conkas/rattle/ssa.py", line 172, in resolve
    rv = new_slot.resolve()
  File "/conkas/rattle/ssa.py", line 199, in resolve
    new_slot, _ = new_slot.resolve()  # Resolve it as far as you can
  File "/conkas/rattle/ssa.py", line 172, in resolve
    rv = new_slot.resolve()
  File "/conkas/rattle/ssa.py", line 199, in resolve
    new_slot, _ = new_slot.resolve()  # Resolve it as far as you can
  File "/conkas/rattle/ssa.py", line 172, in resolve
    rv = new_slot.resolve()
  File "/conkas/rattle/ssa.py", line 199, in resolve
    new_slot, _ = new_slot.resolve()  # Resolve it as far as you can
  File "/conkas/rattle/ssa.py", line 172, in resolve
    rv = new_slot.resolve()
  File "/conkas/rattle/ssa.py", line 199, in resolve
    new_slot, _ = new_slot.resolve()  # Resolve it as far as you can
  File "/conkas/rattle/ssa.py", line 172, in resolve
    rv = new_slot.resolve()
  File "/conkas/rattle/ssa.py", line 172, in resolve
    rv = new_slot.resolve()
  File "/conkas/rattle/ssa.py", line 172, in resolve
    rv = new_slot.resolve()
  File "/conkas/rattle/ssa.py", line 199, in resolve
    new_slot, _ = new_slot.resolve()  # Resolve it as far as you can
  File "/conkas/rattle/ssa.py", line 172, in resolve
    rv = new_slot.resolve()
  File "/conkas/rattle/ssa.py", line 199, in resolve
    new_slot, _ = new_slot.resolve()  # Resolve it as far as you can
  File "/conkas/rattle/ssa.py", line 172, in resolve
    rv = new_slot.resolve()
  File "/conkas/rattle/ssa.py", line 199, in resolve
    new_slot, _ = new_slot.resolve()  # Resolve it as far as you can
  File "/conkas/rattle/ssa.py", line 172, in resolve
    rv = new_slot.resolve()
  File "/conkas/rattle/ssa.py", line 172, in resolve
    rv = new_slot.resolve()
  File "/conkas/rattle/ssa.py", line 199, in resolve
    new_slot, _ = new_slot.resolve()  # Resolve it as far as you can
  File "/conkas/rattle/ssa.py", line 172, in resolve
    rv = new_slot.resolve()
  File "/conkas/rattle/ssa.py", line 199, in resolve
    new_slot, _ = new_slot.resolve()  # Resolve it as far as you can
  File "/conkas/rattle/ssa.py", line 172, in resolve
    rv = new_slot.resolve()
  File "/conkas/rattle/ssa.py", line 199, in resolve
    new_slot, _ = new_slot.resolve()  # Resolve it as far as you can
  File "/conkas/rattle/ssa.py", line 172, in resolve
    rv = new_slot.resolve()
  File "/conkas/rattle/ssa.py", line 172, in resolve
    rv = new_slot.resolve()
  File "/conkas/rattle/ssa.py", line 172, in resolve
    rv = new_slot.resolve()
  File "/conkas/rattle/ssa.py", line 199, in resolve
    new_slot, _ = new_slot.resolve()  # Resolve it as far as you can
  File "/conkas/rattle/ssa.py", line 199, in resolve
    new_slot, _ = new_slot.resolve()  # Resolve it as far as you can
  File "/conkas/rattle/ssa.py", line 172, in resolve
    rv = new_slot.resolve()
  File "/conkas/rattle/ssa.py", line 199, in resolve
    new_slot, _ = new_slot.resolve()  # Resolve it as far as you can
  File "/conkas/rattle/ssa.py", line 172, in resolve
    rv = new_slot.resolve()
  File "/conkas/rattle/ssa.py", line 199, in resolve
    new_slot, _ = new_slot.resolve()  # Resolve it as far as you can
  File "/conkas/rattle/ssa.py", line 199, in resolve
    new_slot, _ = new_slot.resolve()  # Resolve it as far as you can
  File "/conkas/rattle/ssa.py", line 199, in resolve
    new_slot, _ = new_slot.resolve()  # Resolve it as far as you can
  [Previous line repeated 1 more time]
  File "/conkas/rattle/ssa.py", line 172, in resolve
    rv = new_slot.resolve()
  File "/conkas/rattle/ssa.py", line 172, in resolve
    rv = new_slot.resolve()
  File "/conkas/rattle/ssa.py", line 172, in resolve
    rv = new_slot.resolve()
  File "/conkas/rattle/ssa.py", line 199, in resolve
    new_slot, _ = new_slot.resolve()  # Resolve it as far as you can
  File "/conkas/rattle/ssa.py", line 199, in resolve
    new_slot, _ = new_slot.resolve()  # Resolve it as far as you can
  File "/conkas/rattle/ssa.py", line 172, in resolve
    rv = new_slot.resolve()
  File "/conkas/rattle/ssa.py", line 199, in resolve
    new_slot, _ = new_slot.resolve()  # Resolve it as far as you can
  File "/conkas/rattle/ssa.py", line 172, in resolve
    rv = new_slot.resolve()
  File "/conkas/rattle/ssa.py", line 172, in resolve
    rv = new_slot.resolve()
  File "/conkas/rattle/ssa.py", line 172, in resolve
    rv = new_slot.resolve()
  File "/conkas/rattle/ssa.py", line 199, in resolve
    new_slot, _ = new_slot.resolve()  # Resolve it as far as you can
  File "/conkas/rattle/ssa.py", line 172, in resolve
    rv = new_slot.resolve()
  File "/conkas/rattle/ssa.py", line 199, in resolve
    new_slot, _ = new_slot.resolve()  # Resolve it as far as you can
  File "/conkas/rattle/ssa.py", line 172, in resolve
    rv = new_slot.resolve()
  File "/conkas/rattle/ssa.py", line 172, in resolve
    rv = new_slot.resolve()
  File "/conkas/rattle/ssa.py", line 199, in resolve
    new_slot, _ = new_slot.resolve()  # Resolve it as far as you can
  File "/conkas/rattle/ssa.py", line 172, in resolve
    rv = new_slot.resolve()
  File "/conkas/rattle/ssa.py", line 199, in resolve
    new_slot, _ = new_slot.resolve()  # Resolve it as far as you can
  File "/conkas/rattle/ssa.py", line 172, in resolve
    rv = new_slot.resolve()
  File "/conkas/rattle/ssa.py", line 199, in resolve
    new_slot, _ = new_slot.resolve()  # Resolve it as far as you can
  File "/conkas/rattle/ssa.py", line 172, in resolve
    rv = new_slot.resolve()
  File "/conkas/rattle/ssa.py", line 199, in resolve
    new_slot, _ = new_slot.resolve()  # Resolve it as far as you can
  File "/conkas/rattle/ssa.py", line 172, in resolve
    rv = new_slot.resolve()
  File "/conkas/rattle/ssa.py", line 199, in resolve
    new_slot, _ = new_slot.resolve()  # Resolve it as far as you can
  File "/conkas/rattle/ssa.py", line 172, in resolve
    rv = new_slot.resolve()
  File "/conkas/rattle/ssa.py", line 199, in resolve
    new_slot, _ = new_slot.resolve()  # Resolve it as far as you can
  File "/conkas/rattle/ssa.py", line 172, in resolve
    rv = new_slot.resolve()
  File "/conkas/rattle/ssa.py", line 172, in resolve
    rv = new_slot.resolve()
  File "/conkas/rattle/ssa.py", line 172, in resolve
    rv = new_slot.resolve()
  File "/conkas/rattle/ssa.py", line 199, in resolve
    new_slot, _ = new_slot.resolve()  # Resolve it as far as you can
  File "/conkas/rattle/ssa.py", line 172, in resolve
    rv = new_slot.resolve()
  File "/conkas/rattle/ssa.py", line 199, in resolve
    new_slot, _ = new_slot.resolve()  # Resolve it as far as you can
  File "/conkas/rattle/ssa.py", line 199, in resolve
    new_slot, _ = new_slot.resolve()  # Resolve it as far as you can
  File "/conkas/rattle/ssa.py", line 172, in resolve
    rv = new_slot.resolve()
  File "/conkas/rattle/ssa.py", line 172, in resolve
    rv = new_slot.resolve()
  File "/conkas/rattle/ssa.py", line 199, in resolve
    new_slot, _ = new_slot.resolve()  # Resolve it as far as you can
  File "/conkas/rattle/ssa.py", line 172, in resolve
    rv = new_slot.resolve()
  File "/conkas/rattle/ssa.py", line 199, in resolve
    new_slot, _ = new_slot.resolve()  # Resolve it as far as you can
  File "/conkas/rattle/ssa.py", line 172, in resolve
    rv = new_slot.resolve()
  File "/conkas/rattle/ssa.py", line 172, in resolve
    rv = new_slot.resolve()
  File "/conkas/rattle/ssa.py", line 172, in resolve
    rv = new_slot.resolve()
  File "/conkas/rattle/ssa.py", line 199, in resolve
    new_slot, _ = new_slot.resolve()  # Resolve it as far as you can
  File "/conkas/rattle/ssa.py", line 172, in resolve
    rv = new_slot.resolve()
  File "/conkas/rattle/ssa.py", line 199, in resolve
    new_slot, _ = new_slot.resolve()  # Resolve it as far as you can
  File "/conkas/rattle/ssa.py", line 199, in resolve
    new_slot, _ = new_slot.resolve()  # Resolve it as far as you can
  File "/conkas/rattle/ssa.py", line 172, in resolve
    rv = new_slot.resolve()
  File "/conkas/rattle/ssa.py", line 199, in resolve
    new_slot, _ = new_slot.resolve()  # Resolve it as far as you can
  File "/conkas/rattle/ssa.py", line 172, in resolve
    rv = new_slot.resolve()
  File "/conkas/rattle/ssa.py", line 199, in resolve
    new_slot, _ = new_slot.resolve()  # Resolve it as far as you can
  File "/conkas/rattle/ssa.py", line 172, in resolve
    rv = new_slot.resolve()
  File "/conkas/rattle/ssa.py", line 172, in resolve
    rv = new_slot.resolve()
  File "/conkas/rattle/ssa.py", line 199, in resolve
    new_slot, _ = new_slot.resolve()  # Resolve it as far as you can
  File "/conkas/rattle/ssa.py", line 172, in resolve
    rv = new_slot.resolve()
  File "/conkas/rattle/ssa.py", line 199, in resolve
    new_slot, _ = new_slot.resolve()  # Resolve it as far as you can
  File "/conkas/rattle/ssa.py", line 172, in resolve
    rv = new_slot.resolve()
  File "/conkas/rattle/ssa.py", line 172, in resolve
    rv = new_slot.resolve()
  File "/conkas/rattle/ssa.py", line 172, in resolve
    rv = new_slot.resolve()
  File "/conkas/rattle/ssa.py", line 199, in resolve
    new_slot, _ = new_slot.resolve()  # Resolve it as far as you can
  File "/conkas/rattle/ssa.py", line 172, in resolve
    rv = new_slot.resolve()
  File "/conkas/rattle/ssa.py", line 199, in resolve
    new_slot, _ = new_slot.resolve()  # Resolve it as far as you can
  File "/conkas/rattle/ssa.py", line 172, in resolve
    rv = new_slot.resolve()
  File "/conkas/rattle/ssa.py", line 199, in resolve
    new_slot, _ = new_slot.resolve()  # Resolve it as far as you can
  File "/conkas/rattle/ssa.py", line 172, in resolve
    rv = new_slot.resolve()
  File "/conkas/rattle/ssa.py", line 199, in resolve
    new_slot, _ = new_slot.resolve()  # Resolve it as far as you can
  File "/conkas/rattle/ssa.py", line 172, in resolve
    rv = new_slot.resolve()
  File "/conkas/rattle/ssa.py", line 199, in resolve
    new_slot, _ = new_slot.resolve()  # Resolve it as far as you can
  File "/conkas/rattle/ssa.py", line 172, in resolve
    rv = new_slot.resolve()
  File "/conkas/rattle/ssa.py", line 199, in resolve
    new_slot, _ = new_slot.resolve()  # Resolve it as far as you can
  File "/conkas/rattle/ssa.py", line 172, in resolve
    rv = new_slot.resolve()
  File "/conkas/rattle/ssa.py", line 199, in resolve
    new_slot, _ = new_slot.resolve()  # Resolve it as far as you can
  File "/conkas/rattle/ssa.py", line 172, in resolve
    rv = new_slot.resolve()
  File "/conkas/rattle/ssa.py", line 172, in resolve
    rv = new_slot.resolve()
  File "/conkas/rattle/ssa.py", line 199, in resolve
    new_slot, _ = new_slot.resolve()  # Resolve it as far as you can
  File "/conkas/rattle/ssa.py", line 172, in resolve
    rv = new_slot.resolve()
  File "/conkas/rattle/ssa.py", line 172, in resolve
    rv = new_slot.resolve()
  File "/conkas/rattle/ssa.py", line 172, in resolve
    rv = new_slot.resolve()
  File "/conkas/rattle/ssa.py", line 199, in resolve
    new_slot, _ = new_slot.resolve()  # Resolve it as far as you can
  File "/conkas/rattle/ssa.py", line 199, in resolve
    new_slot, _ = new_slot.resolve()  # Resolve it as far as you can
  File "/conkas/rattle/ssa.py", line 172, in resolve
    rv = new_slot.resolve()
  File "/conkas/rattle/ssa.py", line 199, in resolve
    new_slot, _ = new_slot.resolve()  # Resolve it as far as you can
  File "/conkas/rattle/ssa.py", line 172, in resolve
    rv = new_slot.resolve()
  File "/conkas/rattle/ssa.py", line 199, in resolve
    new_slot, _ = new_slot.resolve()  # Resolve it as far as you can
  File "/conkas/rattle/ssa.py", line 199, in resolve
    new_slot, _ = new_slot.resolve()  # Resolve it as far as you can
  File "/conkas/rattle/ssa.py", line 199, in resolve
    new_slot, _ = new_slot.resolve()  # Resolve it as far as you can
  [Previous line repeated 1 more time]
  File "/conkas/rattle/ssa.py", line 172, in resolve
    rv = new_slot.resolve()
  File "/conkas/rattle/ssa.py", line 172, in resolve
    rv = new_slot.resolve()
  File "/conkas/rattle/ssa.py", line 172, in resolve
    rv = new_slot.resolve()
  File "/conkas/rattle/ssa.py", line 199, in resolve
    new_slot, _ = new_slot.resolve()  # Resolve it as far as you can
  File "/conkas/rattle/ssa.py", line 199, in resolve
    new_slot, _ = new_slot.resolve()  # Resolve it as far as you can
  File "/conkas/rattle/ssa.py", line 172, in resolve
    rv = new_slot.resolve()
  File "/conkas/rattle/ssa.py", line 199, in resolve
    new_slot, _ = new_slot.resolve()  # Resolve it as far as you can
  File "/conkas/rattle/ssa.py", line 172, in resolve
    rv = new_slot.resolve()
  File "/conkas/rattle/ssa.py", line 172, in resolve
    rv = new_slot.resolve()
  File "/conkas/rattle/ssa.py", line 172, in resolve
    rv = new_slot.resolve()
  File "/conkas/rattle/ssa.py", line 199, in resolve
    new_slot, _ = new_slot.resolve()  # Resolve it as far as you can
  File "/conkas/rattle/ssa.py", line 172, in resolve
    rv = new_slot.resolve()
  File "/conkas/rattle/ssa.py", line 199, in resolve
    new_slot, _ = new_slot.resolve()  # Resolve it as far as you can
  File "/conkas/rattle/ssa.py", line 172, in resolve
    rv = new_slot.resolve()
  File "/conkas/rattle/ssa.py", line 172, in resolve
    rv = new_slot.resolve()
  File "/conkas/rattle/ssa.py", line 199, in resolve
    new_slot, _ = new_slot.resolve()  # Resolve it as far as you can
  File "/conkas/rattle/ssa.py", line 172, in resolve
    rv = new_slot.resolve()
  File "/conkas/rattle/ssa.py", line 199, in resolve
    new_slot, _ = new_slot.resolve()  # Resolve it as far as you can
  File "/conkas/rattle/ssa.py", line 172, in resolve
    rv = new_slot.resolve()
  File "/conkas/rattle/ssa.py", line 199, in resolve
    new_slot, _ = new_slot.resolve()  # Resolve it as far as you can
  File "/conkas/rattle/ssa.py", line 172, in resolve
    rv = new_slot.resolve()
  File "/conkas/rattle/ssa.py", line 199, in resolve
    new_slot, _ = new_slot.resolve()  # Resolve it as far as you can
  File "/conkas/rattle/ssa.py", line 172, in resolve
    rv = new_slot.resolve()
  File "/conkas/rattle/ssa.py", line 199, in resolve
    new_slot, _ = new_slot.resolve()  # Resolve it as far as you can
  File "/conkas/rattle/ssa.py", line 172, in resolve
    rv = new_slot.resolve()
  File "/conkas/rattle/ssa.py", line 199, in resolve
    new_slot, _ = new_slot.resolve()  # Resolve it as far as you can
  File "/conkas/rattle/ssa.py", line 172, in resolve
    rv = new_slot.resolve()
  File "/conkas/rattle/ssa.py", line 172, in resolve
    rv = new_slot.resolve()
  File "/conkas/rattle/ssa.py", line 172, in resolve
    rv = new_slot.resolve()
  File "/conkas/rattle/ssa.py", line 199, in resolve
    new_slot, _ = new_slot.resolve()  # Resolve it as far as you can
  File "/conkas/rattle/ssa.py", line 172, in resolve
    rv = new_slot.resolve()
  File "/conkas/rattle/ssa.py", line 199, in resolve
    new_slot, _ = new_slot.resolve()  # Resolve it as far as you can
  File "/conkas/rattle/ssa.py", line 199, in resolve
    new_slot, _ = new_slot.resolve()  # Resolve it as far as you can
  File "/conkas/rattle/ssa.py", line 172, in resolve
    rv = new_slot.resolve()
  File "/conkas/rattle/ssa.py", line 172, in resolve
    rv = new_slot.resolve()
  File "/conkas/rattle/ssa.py", line 199, in resolve
    new_slot, _ = new_slot.resolve()  # Resolve it as far as you can
  File "/conkas/rattle/ssa.py", line 172, in resolve
    rv = new_slot.resolve()
  File "/conkas/rattle/ssa.py", line 199, in resolve
    new_slot, _ = new_slot.resolve()  # Resolve it as far as you can
  File "/conkas/rattle/ssa.py", line 172, in resolve
    rv = new_slot.resolve()
  File "/conkas/rattle/ssa.py", line 172, in resolve
    rv = new_slot.resolve()
  File "/conkas/rattle/ssa.py", line 172, in resolve
    rv = new_slot.resolve()
  File "/conkas/rattle/ssa.py", line 199, in resolve
    new_slot, _ = new_slot.resolve()  # Resolve it as far as you can
  File "/conkas/rattle/ssa.py", line 172, in resolve
    rv = new_slot.resolve()
  File "/conkas/rattle/ssa.py", line 199, in resolve
    new_slot, _ = new_slot.resolve()  # Resolve it as far as you can
  File "/conkas/rattle/ssa.py", line 199, in resolve
    new_slot, _ = new_slot.resolve()  # Resolve it as far as you can
  File "/conkas/rattle/ssa.py", line 172, in resolve
    rv = new_slot.resolve()
  File "/conkas/rattle/ssa.py", line 199, in resolve
    new_slot, _ = new_slot.resolve()  # Resolve it as far as you can
  File "/conkas/rattle/ssa.py", line 172, in resolve
    rv = new_slot.resolve()
  File "/conkas/rattle/ssa.py", line 199, in resolve
    new_slot, _ = new_slot.resolve()  # Resolve it as far as you can
  File "/conkas/rattle/ssa.py", line 172, in resolve
    rv = new_slot.resolve()
  File "/conkas/rattle/ssa.py", line 172, in resolve
    rv = new_slot.resolve()
  File "/conkas/rattle/ssa.py", line 199, in resolve
    new_slot, _ = new_slot.resolve()  # Resolve it as far as you can
  File "/conkas/rattle/ssa.py", line 172, in resolve
    rv = new_slot.resolve()
  File "/conkas/rattle/ssa.py", line 199, in resolve
    new_slot, _ = new_slot.resolve()  # Resolve it as far as you can
  File "/conkas/rattle/ssa.py", line 172, in resolve
    rv = new_slot.resolve()
  File "/conkas/rattle/ssa.py", line 172, in resolve
    rv = new_slot.resolve()
  File "/conkas/rattle/ssa.py", line 172, in resolve
    rv = new_slot.resolve()
  File "/conkas/rattle/ssa.py", line 199, in resolve
    new_slot, _ = new_slot.resolve()  # Resolve it as far as you can
  File "/conkas/rattle/ssa.py", line 172, in resolve
    rv = new_slot.resolve()
  File "/conkas/rattle/ssa.py", line 199, in resolve
    new_slot, _ = new_slot.resolve()  # Resolve it as far as you can
  File "/conkas/rattle/ssa.py", line 172, in resolve
    rv = new_slot.resolve()
  File "/conkas/rattle/ssa.py", line 199, in resolve
    new_slot, _ = new_slot.resolve()  # Resolve it as far as you can
  File "/conkas/rattle/ssa.py", line 172, in resolve
    rv = new_slot.resolve()
  File "/conkas/rattle/ssa.py", line 199, in resolve
    new_slot, _ = new_slot.resolve()  # Resolve it as far as you can
  File "/conkas/rattle/ssa.py", line 172, in resolve
    rv = new_slot.resolve()
  File "/conkas/rattle/ssa.py", line 199, in resolve
    new_slot, _ = new_slot.resolve()  # Resolve it as far as you can
  File "/conkas/rattle/ssa.py", line 172, in resolve
    rv = new_slot.resolve()
  File "/conkas/rattle/ssa.py", line 199, in resolve
    new_slot, _ = new_slot.resolve()  # Resolve it as far as you can
  File "/conkas/rattle/ssa.py", line 172, in resolve
    rv = new_slot.resolve()
  File "/conkas/rattle/ssa.py", line 199, in resolve
    new_slot, _ = new_slot.resolve()  # Resolve it as far as you can
  File "/conkas/rattle/ssa.py", line 172, in resolve
    rv = new_slot.resolve()
  File "/conkas/rattle/ssa.py", line 172, in resolve
    rv = new_slot.resolve()
  File "/conkas/rattle/ssa.py", line 199, in resolve
    new_slot, _ = new_slot.resolve()  # Resolve it as far as you can
  File "/conkas/rattle/ssa.py", line 172, in resolve
    rv = new_slot.resolve()
  File "/conkas/rattle/ssa.py", line 172, in resolve
    rv = new_slot.resolve()
  File "/conkas/rattle/ssa.py", line 172, in resolve
    rv = new_slot.resolve()
  File "/conkas/rattle/ssa.py", line 199, in resolve
    new_slot, _ = new_slot.resolve()  # Resolve it as far as you can
  File "/conkas/rattle/ssa.py", line 199, in resolve
    new_slot, _ = new_slot.resolve()  # Resolve it as far as you can
  File "/conkas/rattle/ssa.py", line 172, in resolve
    rv = new_slot.resolve()
  File "/conkas/rattle/ssa.py", line 199, in resolve
    new_slot, _ = new_slot.resolve()  # Resolve it as far as you can
  File "/conkas/rattle/ssa.py", line 172, in resolve
    rv = new_slot.resolve()
  File "/conkas/rattle/ssa.py", line 199, in resolve
    new_slot, _ = new_slot.resolve()  # Resolve it as far as you can
  File "/conkas/rattle/ssa.py", line 199, in resolve
    new_slot, _ = new_slot.resolve()  # Resolve it as far as you can
  File "/conkas/rattle/ssa.py", line 199, in resolve
    new_slot, _ = new_slot.resolve()  # Resolve it as far as you can
  [Previous line repeated 1 more time]
  File "/conkas/rattle/ssa.py", line 172, in resolve
    rv = new_slot.resolve()
  File "/conkas/rattle/ssa.py", line 172, in resolve
    rv = new_slot.resolve()
  File "/conkas/rattle/ssa.py", line 172, in resolve
    rv = new_slot.resolve()
  File "/conkas/rattle/ssa.py", line 199, in resolve
    new_slot, _ = new_slot.resolve()  # Resolve it as far as you can
  File "/conkas/rattle/ssa.py", line 199, in resolve
    new_slot, _ = new_slot.resolve()  # Resolve it as far as you can
  File "/conkas/rattle/ssa.py", line 172, in resolve
    rv = new_slot.resolve()
  File "/conkas/rattle/ssa.py", line 199, in resolve
    new_slot, _ = new_slot.resolve()  # Resolve it as far as you can
  File "/conkas/rattle/ssa.py", line 172, in resolve
    rv = new_slot.resolve()
  File "/conkas/rattle/ssa.py", line 172, in resolve
    rv = new_slot.resolve()
  File "/conkas/rattle/ssa.py", line 172, in resolve
    rv = new_slot.resolve()
  File "/conkas/rattle/ssa.py", line 199, in resolve
    new_slot, _ = new_slot.resolve()  # Resolve it as far as you can
  File "/conkas/rattle/ssa.py", line 172, in resolve
    rv = new_slot.resolve()
  File "/conkas/rattle/ssa.py", line 199, in resolve
    new_slot, _ = new_slot.resolve()  # Resolve it as far as you can
  File "/conkas/rattle/ssa.py", line 172, in resolve
    rv = new_slot.resolve()
  File "/conkas/rattle/ssa.py", line 172, in resolve
    rv = new_slot.resolve()
  File "/conkas/rattle/ssa.py", line 199, in resolve
    new_slot, _ = new_slot.resolve()  # Resolve it as far as you can
  File "/conkas/rattle/ssa.py", line 172, in resolve
    rv = new_slot.resolve()
  File "/conkas/rattle/ssa.py", line 199, in resolve
    new_slot, _ = new_slot.resolve()  # Resolve it as far as you can
  File "/conkas/rattle/ssa.py", line 172, in resolve
    rv = new_slot.resolve()
  File "/conkas/rattle/ssa.py", line 199, in resolve
    new_slot, _ = new_slot.resolve()  # Resolve it as far as you can
  File "/conkas/rattle/ssa.py", line 172, in resolve
    rv = new_slot.resolve()
  File "/conkas/rattle/ssa.py", line 199, in resolve
    new_slot, _ = new_slot.resolve()  # Resolve it as far as you can
  File "/conkas/rattle/ssa.py", line 172, in resolve
    rv = new_slot.resolve()
  File "/conkas/rattle/ssa.py", line 199, in resolve
    new_slot, _ = new_slot.resolve()  # Resolve it as far as you can
  File "/conkas/rattle/ssa.py", line 172, in resolve
    rv = new_slot.resolve()
  File "/conkas/rattle/ssa.py", line 199, in resolve
    new_slot, _ = new_slot.resolve()  # Resolve it as far as you can
  File "/conkas/rattle/ssa.py", line 172, in resolve
    rv = new_slot.resolve()
  File "/conkas/rattle/ssa.py", line 172, in resolve
    rv = new_slot.resolve()
  File "/conkas/rattle/ssa.py", line 172, in resolve
    rv = new_slot.resolve()
  File "/conkas/rattle/ssa.py", line 199, in resolve
    new_slot, _ = new_slot.resolve()  # Resolve it as far as you can
  File "/conkas/rattle/ssa.py", line 172, in resolve
    rv = new_slot.resolve()
  File "/conkas/rattle/ssa.py", line 199, in resolve
    new_slot, _ = new_slot.resolve()  # Resolve it as far as you can
  File "/conkas/rattle/ssa.py", line 199, in resolve
    new_slot, _ = new_slot.resolve()  # Resolve it as far as you can
  File "/conkas/rattle/ssa.py", line 172, in resolve
    rv = new_slot.resolve()
  File "/conkas/rattle/ssa.py", line 172, in resolve
    rv = new_slot.resolve()
  File "/conkas/rattle/ssa.py", line 199, in resolve
    new_slot, _ = new_slot.resolve()  # Resolve it as far as you can
  File "/conkas/rattle/ssa.py", line 172, in resolve
    rv = new_slot.resolve()
  File "/conkas/rattle/ssa.py", line 199, in resolve
    new_slot, _ = new_slot.resolve()  # Resolve it as far as you can
  File "/conkas/rattle/ssa.py", line 172, in resolve
    rv = new_slot.resolve()
  File "/conkas/rattle/ssa.py", line 172, in resolve
    rv = new_slot.resolve()
  File "/conkas/rattle/ssa.py", line 172, in resolve
    rv = new_slot.resolve()
  File "/conkas/rattle/ssa.py", line 199, in resolve
    new_slot, _ = new_slot.resolve()  # Resolve it as far as you can
  File "/conkas/rattle/ssa.py", line 172, in resolve
    rv = new_slot.resolve()
  File "/conkas/rattle/ssa.py", line 199, in resolve
    new_slot, _ = new_slot.resolve()  # Resolve it as far as you can
  File "/conkas/rattle/ssa.py", line 199, in resolve
    new_slot, _ = new_slot.resolve()  # Resolve it as far as you can
  File "/conkas/rattle/ssa.py", line 172, in resolve
    rv = new_slot.resolve()
  File "/conkas/rattle/ssa.py", line 199, in resolve
    new_slot, _ = new_slot.resolve()  # Resolve it as far as you can
  File "/conkas/rattle/ssa.py", line 172, in resolve
    rv = new_slot.resolve()
  File "/conkas/rattle/ssa.py", line 199, in resolve
    new_slot, _ = new_slot.resolve()  # Resolve it as far as you can
  File "/conkas/rattle/ssa.py", line 172, in resolve
    rv = new_slot.resolve()
  File "/conkas/rattle/ssa.py", line 172, in resolve
    rv = new_slot.resolve()
  File "/conkas/rattle/ssa.py", line 199, in resolve
    new_slot, _ = new_slot.resolve()  # Resolve it as far as you can
  File "/conkas/rattle/ssa.py", line 172, in resolve
    rv = new_slot.resolve()
  File "/conkas/rattle/ssa.py", line 199, in resolve
    new_slot, _ = new_slot.resolve()  # Resolve it as far as you can
  File "/conkas/rattle/ssa.py", line 172, in resolve
    rv = new_slot.resolve()
  File "/conkas/rattle/ssa.py", line 172, in resolve
    rv = new_slot.resolve()
  File "/conkas/rattle/ssa.py", line 172, in resolve
    rv = new_slot.resolve()
  File "/conkas/rattle/ssa.py", line 199, in resolve
    new_slot, _ = new_slot.resolve()  # Resolve it as far as you can
  File "/conkas/rattle/ssa.py", line 172, in resolve
    rv = new_slot.resolve()
  File "/conkas/rattle/ssa.py", line 199, in resolve
    new_slot, _ = new_slot.resolve()  # Resolve it as far as you can
  File "/conkas/rattle/ssa.py", line 172, in resolve
    rv = new_slot.resolve()
  File "/conkas/rattle/ssa.py", line 199, in resolve
    new_slot, _ = new_slot.resolve()  # Resolve it as far as you can
  File "/conkas/rattle/ssa.py", line 172, in resolve
    rv = new_slot.resolve()
  File "/conkas/rattle/ssa.py", line 199, in resolve
    new_slot, _ = new_slot.resolve()  # Resolve it as far as you can
  File "/conkas/rattle/ssa.py", line 172, in resolve
    rv = new_slot.resolve()
  File "/conkas/rattle/ssa.py", line 199, in resolve
    new_slot, _ = new_slot.resolve()  # Resolve it as far as you can
  File "/conkas/rattle/ssa.py", line 172, in resolve
    rv = new_slot.resolve()
  File "/conkas/rattle/ssa.py", line 199, in resolve
    new_slot, _ = new_slot.resolve()  # Resolve it as far as you can
  File "/conkas/rattle/ssa.py", line 172, in resolve
    rv = new_slot.resolve()
  File "/conkas/rattle/ssa.py", line 199, in resolve
    new_slot, _ = new_slot.resolve()  # Resolve it as far as you can
  File "/conkas/rattle/ssa.py", line 172, in resolve
    rv = new_slot.resolve()
  File "/conkas/rattle/ssa.py", line 172, in resolve
    rv = new_slot.resolve()
  File "/conkas/rattle/ssa.py", line 199, in resolve
    new_slot, _ = new_slot.resolve()  # Resolve it as far as you can
  File "/conkas/rattle/ssa.py", line 172, in resolve
    rv = new_slot.resolve()
  File "/conkas/rattle/ssa.py", line 172, in resolve
    rv = new_slot.resolve()
  File "/conkas/rattle/ssa.py", line 172, in resolve
    rv = new_slot.resolve()
  File "/conkas/rattle/ssa.py", line 199, in resolve
    new_slot, _ = new_slot.resolve()  # Resolve it as far as you can
  File "/conkas/rattle/ssa.py", line 172, in resolve
    rv = new_slot.resolve()
  File "/conkas/rattle/ssa.py", line 172, in resolve
    rv = new_slot.resolve()
  File "/conkas/rattle/ssa.py", line 172, in resolve
    rv = new_slot.resolve()
  [Previous line repeated 9 more times]
  File "/conkas/rattle/ssa.py", line 152, in resolve
    if len(self.block.in_edges) == 0:
RecursionError: maximum recursion depth exceeded while calling a Python object
ANTLR runtime and generated code versions disagree: 4.9.2!=4.7.2
ANTLR runtime and generated code versions disagree: 4.9.2!=4.7.2
Analysing /sb/0x3c2d8b8536d4bc6bad21e04d30fed77caf67106b.sol:BasicToken...
Analysing /sb/0x3c2d8b8536d4bc6bad21e04d30fed77caf67106b.sol:BurnableToken...
Analysing /sb/0x3c2d8b8536d4bc6bad21e04d30fed77caf67106b.sol:Consts...
Analysing /sb/0x3c2d8b8536d4bc6bad21e04d30fed77caf67106b.sol:ERC20...
Nothing to analyse
Analysing /sb/0x3c2d8b8536d4bc6bad21e04d30fed77caf67106b.sol:ERC20Basic...
Nothing to analyse
Analysing /sb/0x3c2d8b8536d4bc6bad21e04d30fed77caf67106b.sol:ERC223Basic...
Nothing to analyse
Analysing /sb/0x3c2d8b8536d4bc6bad21e04d30fed77caf67106b.sol:ERC223Receiver...
Nothing to analyse
Analysing /sb/0x3c2d8b8536d4bc6bad21e04d30fed77caf67106b.sol:ERC223ReceiverWithoutTokenFallback...
Analysing /sb/0x3c2d8b8536d4bc6bad21e04d30fed77caf67106b.sol:ERC223Token...
Vulnerability: Integer Overflow. Maybe in function: transfer(address,uint256,bytes). PC: 0x1c0. Line number: 635.
If a = 128
and b = 115792089237316195423570985008687907853269984665640564039457584007913129639745
Analysing /sb/0x3c2d8b8536d4bc6bad21e04d30fed77caf67106b.sol:FailingERC223Receiver...
Analysing /sb/0x3c2d8b8536d4bc6bad21e04d30fed77caf67106b.sol:FreezableMintableToken...
Vulnerability: Integer Overflow. Maybe in function: actualBalanceOf(address). PC: 0x1bf7. Line number: 314.
If a = 1
and b = 115792089237316195423570985008687907853269984665640564039457584007913129639935
Vulnerability: Time Manipulation. Maybe in function: freezingCount(address). PC: 0x18e3. Line number: 387.
Vulnerability: Integer Overflow. Maybe in function: freezingCount(address). PC: 0x2414. Line number: 427.
If a = 6277101735386680763835789423207666416102355444464034512896
and b = 18446744073709551616
Analysing /sb/0x3c2d8b8536d4bc6bad21e04d30fed77caf67106b.sol:FreezableToken...
Vulnerability: Integer Overflow. Maybe in function: balanceOf(address). PC: 0x1523. Line number: 314.
If a = 1
and b = 115792089237316195423570985008687907853269984665640564039457584007913129639935
Vulnerability: Time Manipulation. Maybe in function: releaseAll(). PC: 0x120f. Line number: 387.
Analysing /sb/0x3c2d8b8536d4bc6bad21e04d30fed77caf67106b.sol:MainToken...
Analysing /sb/0x3c2d8b8536d4bc6bad21e04d30fed77caf67106b.sol:MintableToken...
Analysing /sb/0x3c2d8b8536d4bc6bad21e04d30fed77caf67106b.sol:Ownable...
Analysing /sb/0x3c2d8b8536d4bc6bad21e04d30fed77caf67106b.sol:Pausable...
Analysing /sb/0x3c2d8b8536d4bc6bad21e04d30fed77caf67106b.sol:SafeMath...
Analysing /sb/0x3c2d8b8536d4bc6bad21e04d30fed77caf67106b.sol:StandardToken...
Analysing /sb/0x3c2d8b8536d4bc6bad21e04d30fed77caf67106b.sol:SuccessfulERC223Receiver...
Vulnerability: Integer Overflow. Maybe in function: tokenFallback(address,uint256,bytes). PC: 0x9e. Line number: 490.
If a = 31
and b = 115792089237316195423570985008687907853269984665640564039457584007913129639905
Vulnerability: Integer Overflow. Maybe in function: tokenFallback(address,uint256,bytes). PC: 0x139. Line number: 491.
If a = 32
and b = 115792089237316195423570985008687907853269984665640564039457584007913129639684
