A new version of Solhint is available: 6.0.1
Please consider updating your Solhint package.
/sb/0x00ff66ab8699aafa050ee5ef5041d1503aa0849a.sol:43:1: Found more than One contract per file. 15 contracts found! [Warning/one-contract-per-file]
/sb/0x00ff66ab8699aafa050ee5ef5041d1503aa0849a.sol:43:1: Compiler version 0.6.11 does not satisfy the ^0.8.24 semver requirement [Error/compiler-version]
/sb/0x00ff66ab8699aafa050ee5ef5041d1503aa0849a.sol:49:1: Missing @title tag in contract 'IBorrowerOperations' [Warning/use-natspec]
/sb/0x00ff66ab8699aafa050ee5ef5041d1503aa0849a.sol:49:1: Missing @author tag in contract 'IBorrowerOperations' [Warning/use-natspec]
/sb/0x00ff66ab8699aafa050ee5ef5041d1503aa0849a.sol:49:1: Missing @notice tag in contract 'IBorrowerOperations' [Warning/use-natspec]
/sb/0x00ff66ab8699aafa050ee5ef5041d1503aa0849a.sol:57:5: Missing @notice tag in event 'TroveManagerAddressChanged' [Warning/use-natspec]
/sb/0x00ff66ab8699aafa050ee5ef5041d1503aa0849a.sol:57:5: Missing @param tag in event 'TroveManagerAddressChanged' [Warning/use-natspec]
/sb/0x00ff66ab8699aafa050ee5ef5041d1503aa0849a.sol:57:5: Mismatch in @param names for event 'TroveManagerAddressChanged'. Expected: [_newTroveManagerAddress], Found: [] [Warning/use-natspec]
/sb/0x00ff66ab8699aafa050ee5ef5041d1503aa0849a.sol:57:5: GC: [_newTroveManagerAddress] on Event [TroveManagerAddressChanged] could be Indexed [Warning/gas-indexed-events]
/sb/0x00ff66ab8699aafa050ee5ef5041d1503aa0849a.sol:59:5: Missing @notice tag in event 'ActivePoolAddressChanged' [Warning/use-natspec]
/sb/0x00ff66ab8699aafa050ee5ef5041d1503aa0849a.sol:59:5: Missing @param tag in event 'ActivePoolAddressChanged' [Warning/use-natspec]
/sb/0x00ff66ab8699aafa050ee5ef5041d1503aa0849a.sol:59:5: Mismatch in @param names for event 'ActivePoolAddressChanged'. Expected: [_activePoolAddress], Found: [] [Warning/use-natspec]
/sb/0x00ff66ab8699aafa050ee5ef5041d1503aa0849a.sol:59:5: GC: [_activePoolAddress] on Event [ActivePoolAddressChanged] could be Indexed [Warning/gas-indexed-events]
/sb/0x00ff66ab8699aafa050ee5ef5041d1503aa0849a.sol:61:5: Missing @notice tag in event 'DefaultPoolAddressChanged' [Warning/use-natspec]
/sb/0x00ff66ab8699aafa050ee5ef5041d1503aa0849a.sol:61:5: Missing @param tag in event 'DefaultPoolAddressChanged' [Warning/use-natspec]
/sb/0x00ff66ab8699aafa050ee5ef5041d1503aa0849a.sol:61:5: Mismatch in @param names for event 'DefaultPoolAddressChanged'. Expected: [_defaultPoolAddress], Found: [] [Warning/use-natspec]
/sb/0x00ff66ab8699aafa050ee5ef5041d1503aa0849a.sol:61:5: GC: [_defaultPoolAddress] on Event [DefaultPoolAddressChanged] could be Indexed [Warning/gas-indexed-events]
/sb/0x00ff66ab8699aafa050ee5ef5041d1503aa0849a.sol:63:5: Missing @notice tag in event 'StabilityPoolAddressChanged' [Warning/use-natspec]
/sb/0x00ff66ab8699aafa050ee5ef5041d1503aa0849a.sol:63:5: Missing @param tag in event 'StabilityPoolAddressChanged' [Warning/use-natspec]
/sb/0x00ff66ab8699aafa050ee5ef5041d1503aa0849a.sol:63:5: Mismatch in @param names for event 'StabilityPoolAddressChanged'. Expected: [_stabilityPoolAddress], Found: [] [Warning/use-natspec]
/sb/0x00ff66ab8699aafa050ee5ef5041d1503aa0849a.sol:63:5: GC: [_stabilityPoolAddress] on Event [StabilityPoolAddressChanged] could be Indexed [Warning/gas-indexed-events]
/sb/0x00ff66ab8699aafa050ee5ef5041d1503aa0849a.sol:65:5: Missing @notice tag in event 'GasPoolAddressChanged' [Warning/use-natspec]
/sb/0x00ff66ab8699aafa050ee5ef5041d1503aa0849a.sol:65:5: Missing @param tag in event 'GasPoolAddressChanged' [Warning/use-natspec]
/sb/0x00ff66ab8699aafa050ee5ef5041d1503aa0849a.sol:65:5: Mismatch in @param names for event 'GasPoolAddressChanged'. Expected: [_gasPoolAddress], Found: [] [Warning/use-natspec]
/sb/0x00ff66ab8699aafa050ee5ef5041d1503aa0849a.sol:65:5: GC: [_gasPoolAddress] on Event [GasPoolAddressChanged] could be Indexed [Warning/gas-indexed-events]
/sb/0x00ff66ab8699aafa050ee5ef5041d1503aa0849a.sol:67:5: Missing @notice tag in event 'CollSurplusPoolAddressChanged' [Warning/use-natspec]
/sb/0x00ff66ab8699aafa050ee5ef5041d1503aa0849a.sol:67:5: Missing @param tag in event 'CollSurplusPoolAddressChanged' [Warning/use-natspec]
/sb/0x00ff66ab8699aafa050ee5ef5041d1503aa0849a.sol:67:5: Mismatch in @param names for event 'CollSurplusPoolAddressChanged'. Expected: [_collSurplusPoolAddress], Found: [] [Warning/use-natspec]
/sb/0x00ff66ab8699aafa050ee5ef5041d1503aa0849a.sol:67:5: GC: [_collSurplusPoolAddress] on Event [CollSurplusPoolAddressChanged] could be Indexed [Warning/gas-indexed-events]
/sb/0x00ff66ab8699aafa050ee5ef5041d1503aa0849a.sol:69:5: Missing @notice tag in event 'PriceFeedAddressChanged' [Warning/use-natspec]
/sb/0x00ff66ab8699aafa050ee5ef5041d1503aa0849a.sol:69:5: Missing @param tag in event 'PriceFeedAddressChanged' [Warning/use-natspec]
/sb/0x00ff66ab8699aafa050ee5ef5041d1503aa0849a.sol:69:5: Mismatch in @param names for event 'PriceFeedAddressChanged'. Expected: [_newPriceFeedAddress], Found: [] [Warning/use-natspec]
/sb/0x00ff66ab8699aafa050ee5ef5041d1503aa0849a.sol:69:5: GC: [_newPriceFeedAddress] on Event [PriceFeedAddressChanged] could be Indexed [Warning/gas-indexed-events]
/sb/0x00ff66ab8699aafa050ee5ef5041d1503aa0849a.sol:71:5: Missing @notice tag in event 'SortedTrovesAddressChanged' [Warning/use-natspec]
/sb/0x00ff66ab8699aafa050ee5ef5041d1503aa0849a.sol:71:5: Missing @param tag in event 'SortedTrovesAddressChanged' [Warning/use-natspec]
/sb/0x00ff66ab8699aafa050ee5ef5041d1503aa0849a.sol:71:5: Mismatch in @param names for event 'SortedTrovesAddressChanged'. Expected: [_sortedTrovesAddress], Found: [] [Warning/use-natspec]
/sb/0x00ff66ab8699aafa050ee5ef5041d1503aa0849a.sol:71:5: GC: [_sortedTrovesAddress] on Event [SortedTrovesAddressChanged] could be Indexed [Warning/gas-indexed-events]
/sb/0x00ff66ab8699aafa050ee5ef5041d1503aa0849a.sol:73:5: Missing @notice tag in event 'LUSDTokenAddressChanged' [Warning/use-natspec]
/sb/0x00ff66ab8699aafa050ee5ef5041d1503aa0849a.sol:73:5: Missing @param tag in event 'LUSDTokenAddressChanged' [Warning/use-natspec]
/sb/0x00ff66ab8699aafa050ee5ef5041d1503aa0849a.sol:73:5: Mismatch in @param names for event 'LUSDTokenAddressChanged'. Expected: [_lusdTokenAddress], Found: [] [Warning/use-natspec]
/sb/0x00ff66ab8699aafa050ee5ef5041d1503aa0849a.sol:73:5: GC: [_lusdTokenAddress] on Event [LUSDTokenAddressChanged] could be Indexed [Warning/gas-indexed-events]
/sb/0x00ff66ab8699aafa050ee5ef5041d1503aa0849a.sol:75:5: Missing @notice tag in event 'LQTYStakingAddressChanged' [Warning/use-natspec]
/sb/0x00ff66ab8699aafa050ee5ef5041d1503aa0849a.sol:75:5: Missing @param tag in event 'LQTYStakingAddressChanged' [Warning/use-natspec]
/sb/0x00ff66ab8699aafa050ee5ef5041d1503aa0849a.sol:75:5: Mismatch in @param names for event 'LQTYStakingAddressChanged'. Expected: [_lqtyStakingAddress], Found: [] [Warning/use-natspec]
/sb/0x00ff66ab8699aafa050ee5ef5041d1503aa0849a.sol:75:5: GC: [_lqtyStakingAddress] on Event [LQTYStakingAddressChanged] could be Indexed [Warning/gas-indexed-events]
/sb/0x00ff66ab8699aafa050ee5ef5041d1503aa0849a.sol:79:5: Missing @notice tag in event 'TroveCreated' [Warning/use-natspec]
/sb/0x00ff66ab8699aafa050ee5ef5041d1503aa0849a.sol:79:5: Missing @param tag in event 'TroveCreated' [Warning/use-natspec]
/sb/0x00ff66ab8699aafa050ee5ef5041d1503aa0849a.sol:79:5: Mismatch in @param names for event 'TroveCreated'. Expected: [_borrower, arrayIndex], Found: [] [Warning/use-natspec]
/sb/0x00ff66ab8699aafa050ee5ef5041d1503aa0849a.sol:79:5: GC: [arrayIndex] on Event [TroveCreated] could be Indexed [Warning/gas-indexed-events]
/sb/0x00ff66ab8699aafa050ee5ef5041d1503aa0849a.sol:79:51: Rule is set with explicit type [var/s: uint] [Warning/explicit-types]
/sb/0x00ff66ab8699aafa050ee5ef5041d1503aa0849a.sol:81:5: Missing @notice tag in event 'TroveUpdated' [Warning/use-natspec]
/sb/0x00ff66ab8699aafa050ee5ef5041d1503aa0849a.sol:81:5: Missing @param tag in event 'TroveUpdated' [Warning/use-natspec]
/sb/0x00ff66ab8699aafa050ee5ef5041d1503aa0849a.sol:81:5: Mismatch in @param names for event 'TroveUpdated'. Expected: [_borrower, _debt, _coll, stake, operation], Found: [] [Warning/use-natspec]
/sb/0x00ff66ab8699aafa050ee5ef5041d1503aa0849a.sol:81:5: GC: [_debt] on Event [TroveUpdated] could be Indexed [Warning/gas-indexed-events]
/sb/0x00ff66ab8699aafa050ee5ef5041d1503aa0849a.sol:81:5: GC: [_coll] on Event [TroveUpdated] could be Indexed [Warning/gas-indexed-events]
/sb/0x00ff66ab8699aafa050ee5ef5041d1503aa0849a.sol:81:5: GC: [stake] on Event [TroveUpdated] could be Indexed [Warning/gas-indexed-events]
/sb/0x00ff66ab8699aafa050ee5ef5041d1503aa0849a.sol:81:5: GC: [operation] on Event [TroveUpdated] could be Indexed [Warning/gas-indexed-events]
/sb/0x00ff66ab8699aafa050ee5ef5041d1503aa0849a.sol:81:51: Rule is set with explicit type [var/s: uint] [Warning/explicit-types]
/sb/0x00ff66ab8699aafa050ee5ef5041d1503aa0849a.sol:81:63: Rule is set with explicit type [var/s: uint] [Warning/explicit-types]
/sb/0x00ff66ab8699aafa050ee5ef5041d1503aa0849a.sol:81:75: Rule is set with explicit type [var/s: uint] [Warning/explicit-types]
/sb/0x00ff66ab8699aafa050ee5ef5041d1503aa0849a.sol:83:5: Missing @notice tag in event 'LUSDBorrowingFeePaid' [Warning/use-natspec]
/sb/0x00ff66ab8699aafa050ee5ef5041d1503aa0849a.sol:83:5: Missing @param tag in event 'LUSDBorrowingFeePaid' [Warning/use-natspec]
/sb/0x00ff66ab8699aafa050ee5ef5041d1503aa0849a.sol:83:5: Mismatch in @param names for event 'LUSDBorrowingFeePaid'. Expected: [_borrower, _LUSDFee], Found: [] [Warning/use-natspec]
/sb/0x00ff66ab8699aafa050ee5ef5041d1503aa0849a.sol:83:5: GC: [_LUSDFee] on Event [LUSDBorrowingFeePaid] could be Indexed [Warning/gas-indexed-events]
/sb/0x00ff66ab8699aafa050ee5ef5041d1503aa0849a.sol:83:59: Rule is set with explicit type [var/s: uint] [Warning/explicit-types]
/sb/0x00ff66ab8699aafa050ee5ef5041d1503aa0849a.sol:83:59: Variable name must be in mixedCase _LUSDFee [Warning/var-name-mixedcase]
/sb/0x00ff66ab8699aafa050ee5ef5041d1503aa0849a.sol:91:5: Missing @notice tag in function 'setAddresses' [Warning/use-natspec]
/sb/0x00ff66ab8699aafa050ee5ef5041d1503aa0849a.sol:91:5: Missing @param tag in function 'setAddresses' [Warning/use-natspec]
/sb/0x00ff66ab8699aafa050ee5ef5041d1503aa0849a.sol:91:5: Mismatch in @param names for function 'setAddresses'. Expected: [_troveManagerAddress, _activePoolAddress, _defaultPoolAddress, _stabilityPoolAddress, _gasPoolAddress, _collSurplusPoolAddress, _priceFeedAddress, _sortedTrovesAddress, _lusdTokenAddress, _lqtyStakingAddress], Found: [] [Warning/use-natspec]
/sb/0x00ff66ab8699aafa050ee5ef5041d1503aa0849a.sol:117:5: Missing @notice tag in function 'openTrove' [Warning/use-natspec]
/sb/0x00ff66ab8699aafa050ee5ef5041d1503aa0849a.sol:117:5: Missing @param tag in function 'openTrove' [Warning/use-natspec]
/sb/0x00ff66ab8699aafa050ee5ef5041d1503aa0849a.sol:117:5: Mismatch in @param names for function 'openTrove'. Expected: [_maxFee, _LUSDAmount, _upperHint, _lowerHint], Found: [] [Warning/use-natspec]
/sb/0x00ff66ab8699aafa050ee5ef5041d1503aa0849a.sol:117:24: Rule is set with explicit type [var/s: uint] [Warning/explicit-types]
/sb/0x00ff66ab8699aafa050ee5ef5041d1503aa0849a.sol:117:38: Rule is set with explicit type [var/s: uint] [Warning/explicit-types]
/sb/0x00ff66ab8699aafa050ee5ef5041d1503aa0849a.sol:117:38: Variable name must be in mixedCase _LUSDAmount [Warning/var-name-mixedcase]
/sb/0x00ff66ab8699aafa050ee5ef5041d1503aa0849a.sol:121:5: Missing @notice tag in function 'addColl' [Warning/use-natspec]
/sb/0x00ff66ab8699aafa050ee5ef5041d1503aa0849a.sol:121:5: Missing @param tag in function 'addColl' [Warning/use-natspec]
/sb/0x00ff66ab8699aafa050ee5ef5041d1503aa0849a.sol:121:5: Mismatch in @param names for function 'addColl'. Expected: [_upperHint, _lowerHint], Found: [] [Warning/use-natspec]
/sb/0x00ff66ab8699aafa050ee5ef5041d1503aa0849a.sol:125:5: Missing @notice tag in function 'moveETHGainToTrove' [Warning/use-natspec]
/sb/0x00ff66ab8699aafa050ee5ef5041d1503aa0849a.sol:125:5: Missing @param tag in function 'moveETHGainToTrove' [Warning/use-natspec]
/sb/0x00ff66ab8699aafa050ee5ef5041d1503aa0849a.sol:125:5: Mismatch in @param names for function 'moveETHGainToTrove'. Expected: [_user, _upperHint, _lowerHint], Found: [] [Warning/use-natspec]
/sb/0x00ff66ab8699aafa050ee5ef5041d1503aa0849a.sol:129:5: Missing @notice tag in function 'withdrawColl' [Warning/use-natspec]
/sb/0x00ff66ab8699aafa050ee5ef5041d1503aa0849a.sol:129:5: Missing @param tag in function 'withdrawColl' [Warning/use-natspec]
/sb/0x00ff66ab8699aafa050ee5ef5041d1503aa0849a.sol:129:5: Mismatch in @param names for function 'withdrawColl'. Expected: [_amount, _upperHint, _lowerHint], Found: [] [Warning/use-natspec]
/sb/0x00ff66ab8699aafa050ee5ef5041d1503aa0849a.sol:129:27: Rule is set with explicit type [var/s: uint] [Warning/explicit-types]
/sb/0x00ff66ab8699aafa050ee5ef5041d1503aa0849a.sol:133:5: Missing @notice tag in function 'withdrawLUSD' [Warning/use-natspec]
/sb/0x00ff66ab8699aafa050ee5ef5041d1503aa0849a.sol:133:5: Missing @param tag in function 'withdrawLUSD' [Warning/use-natspec]
/sb/0x00ff66ab8699aafa050ee5ef5041d1503aa0849a.sol:133:5: Mismatch in @param names for function 'withdrawLUSD'. Expected: [_maxFee, _amount, _upperHint, _lowerHint], Found: [] [Warning/use-natspec]
/sb/0x00ff66ab8699aafa050ee5ef5041d1503aa0849a.sol:133:27: Rule is set with explicit type [var/s: uint] [Warning/explicit-types]
/sb/0x00ff66ab8699aafa050ee5ef5041d1503aa0849a.sol:133:41: Rule is set with explicit type [var/s: uint] [Warning/explicit-types]
/sb/0x00ff66ab8699aafa050ee5ef5041d1503aa0849a.sol:137:5: Missing @notice tag in function 'repayLUSD' [Warning/use-natspec]
/sb/0x00ff66ab8699aafa050ee5ef5041d1503aa0849a.sol:137:5: Missing @param tag in function 'repayLUSD' [Warning/use-natspec]
/sb/0x00ff66ab8699aafa050ee5ef5041d1503aa0849a.sol:137:5: Mismatch in @param names for function 'repayLUSD'. Expected: [_amount, _upperHint, _lowerHint], Found: [] [Warning/use-natspec]
/sb/0x00ff66ab8699aafa050ee5ef5041d1503aa0849a.sol:137:24: Rule is set with explicit type [var/s: uint] [Warning/explicit-types]
/sb/0x00ff66ab8699aafa050ee5ef5041d1503aa0849a.sol:141:5: Missing @notice tag in function 'closeTrove' [Warning/use-natspec]
/sb/0x00ff66ab8699aafa050ee5ef5041d1503aa0849a.sol:145:5: Missing @notice tag in function 'adjustTrove' [Warning/use-natspec]
/sb/0x00ff66ab8699aafa050ee5ef5041d1503aa0849a.sol:145:5: Missing @param tag in function 'adjustTrove' [Warning/use-natspec]
/sb/0x00ff66ab8699aafa050ee5ef5041d1503aa0849a.sol:145:5: Mismatch in @param names for function 'adjustTrove'. Expected: [_maxFee, _collWithdrawal, _debtChange, isDebtIncrease, _upperHint, _lowerHint], Found: [] [Warning/use-natspec]
/sb/0x00ff66ab8699aafa050ee5ef5041d1503aa0849a.sol:145:26: Rule is set with explicit type [var/s: uint] [Warning/explicit-types]
/sb/0x00ff66ab8699aafa050ee5ef5041d1503aa0849a.sol:145:40: Rule is set with explicit type [var/s: uint] [Warning/explicit-types]
/sb/0x00ff66ab8699aafa050ee5ef5041d1503aa0849a.sol:145:62: Rule is set with explicit type [var/s: uint] [Warning/explicit-types]
/sb/0x00ff66ab8699aafa050ee5ef5041d1503aa0849a.sol:149:5: Missing @notice tag in function 'claimCollateral' [Warning/use-natspec]
/sb/0x00ff66ab8699aafa050ee5ef5041d1503aa0849a.sol:153:5: Missing @notice tag in function 'getCompositeDebt' [Warning/use-natspec]
/sb/0x00ff66ab8699aafa050ee5ef5041d1503aa0849a.sol:153:5: Missing @param tag in function 'getCompositeDebt' [Warning/use-natspec]
/sb/0x00ff66ab8699aafa050ee5ef5041d1503aa0849a.sol:153:5: Mismatch in @param names for function 'getCompositeDebt'. Expected: [_debt], Found: [] [Warning/use-natspec]
/sb/0x00ff66ab8699aafa050ee5ef5041d1503aa0849a.sol:153:5: Missing @return tag in function 'getCompositeDebt' [Warning/use-natspec]
/sb/0x00ff66ab8699aafa050ee5ef5041d1503aa0849a.sol:153:5: Mismatch in @return count for function 'getCompositeDebt'. Expected: 1, Found: 0 [Warning/use-natspec]
/sb/0x00ff66ab8699aafa050ee5ef5041d1503aa0849a.sol:153:31: Rule is set with explicit type [var/s: uint] [Warning/explicit-types]
/sb/0x00ff66ab8699aafa050ee5ef5041d1503aa0849a.sol:153:66: Rule is set with explicit type [var/s: uint] [Warning/explicit-types]
/sb/0x00ff66ab8699aafa050ee5ef5041d1503aa0849a.sol:169:1: Compiler version 0.6.11 does not satisfy the ^0.8.24 semver requirement [Error/compiler-version]
/sb/0x00ff66ab8699aafa050ee5ef5041d1503aa0849a.sol:235:1: Missing @title tag in contract 'IStabilityPool' [Warning/use-natspec]
/sb/0x00ff66ab8699aafa050ee5ef5041d1503aa0849a.sol:235:1: Missing @author tag in contract 'IStabilityPool' [Warning/use-natspec]
/sb/0x00ff66ab8699aafa050ee5ef5041d1503aa0849a.sol:235:1: Missing @notice tag in contract 'IStabilityPool' [Warning/use-natspec]
/sb/0x00ff66ab8699aafa050ee5ef5041d1503aa0849a.sol:243:5: Missing @notice tag in event 'StabilityPoolETHBalanceUpdated' [Warning/use-natspec]
/sb/0x00ff66ab8699aafa050ee5ef5041d1503aa0849a.sol:243:5: Missing @param tag in event 'StabilityPoolETHBalanceUpdated' [Warning/use-natspec]
/sb/0x00ff66ab8699aafa050ee5ef5041d1503aa0849a.sol:243:5: Mismatch in @param names for event 'StabilityPoolETHBalanceUpdated'. Expected: [_newBalance], Found: [] [Warning/use-natspec]
/sb/0x00ff66ab8699aafa050ee5ef5041d1503aa0849a.sol:243:5: GC: [_newBalance] on Event [StabilityPoolETHBalanceUpdated] could be Indexed [Warning/gas-indexed-events]
/sb/0x00ff66ab8699aafa050ee5ef5041d1503aa0849a.sol:243:42: Rule is set with explicit type [var/s: uint] [Warning/explicit-types]
/sb/0x00ff66ab8699aafa050ee5ef5041d1503aa0849a.sol:245:5: Missing @notice tag in event 'StabilityPoolLUSDBalanceUpdated' [Warning/use-natspec]
/sb/0x00ff66ab8699aafa050ee5ef5041d1503aa0849a.sol:245:5: Missing @param tag in event 'StabilityPoolLUSDBalanceUpdated' [Warning/use-natspec]
/sb/0x00ff66ab8699aafa050ee5ef5041d1503aa0849a.sol:245:5: Mismatch in @param names for event 'StabilityPoolLUSDBalanceUpdated'. Expected: [_newBalance], Found: [] [Warning/use-natspec]
/sb/0x00ff66ab8699aafa050ee5ef5041d1503aa0849a.sol:245:5: GC: [_newBalance] on Event [StabilityPoolLUSDBalanceUpdated] could be Indexed [Warning/gas-indexed-events]
/sb/0x00ff66ab8699aafa050ee5ef5041d1503aa0849a.sol:245:43: Rule is set with explicit type [var/s: uint] [Warning/explicit-types]
/sb/0x00ff66ab8699aafa050ee5ef5041d1503aa0849a.sol:249:5: Missing @notice tag in event 'BorrowerOperationsAddressChanged' [Warning/use-natspec]
/sb/0x00ff66ab8699aafa050ee5ef5041d1503aa0849a.sol:249:5: Missing @param tag in event 'BorrowerOperationsAddressChanged' [Warning/use-natspec]
/sb/0x00ff66ab8699aafa050ee5ef5041d1503aa0849a.sol:249:5: Mismatch in @param names for event 'BorrowerOperationsAddressChanged'. Expected: [_newBorrowerOperationsAddress], Found: [] [Warning/use-natspec]
/sb/0x00ff66ab8699aafa050ee5ef5041d1503aa0849a.sol:249:5: GC: [_newBorrowerOperationsAddress] on Event [BorrowerOperationsAddressChanged] could be Indexed [Warning/gas-indexed-events]
/sb/0x00ff66ab8699aafa050ee5ef5041d1503aa0849a.sol:251:5: Missing @notice tag in event 'TroveManagerAddressChanged' [Warning/use-natspec]
/sb/0x00ff66ab8699aafa050ee5ef5041d1503aa0849a.sol:251:5: Missing @param tag in event 'TroveManagerAddressChanged' [Warning/use-natspec]
/sb/0x00ff66ab8699aafa050ee5ef5041d1503aa0849a.sol:251:5: Mismatch in @param names for event 'TroveManagerAddressChanged'. Expected: [_newTroveManagerAddress], Found: [] [Warning/use-natspec]
/sb/0x00ff66ab8699aafa050ee5ef5041d1503aa0849a.sol:251:5: GC: [_newTroveManagerAddress] on Event [TroveManagerAddressChanged] could be Indexed [Warning/gas-indexed-events]
/sb/0x00ff66ab8699aafa050ee5ef5041d1503aa0849a.sol:253:5: Missing @notice tag in event 'ActivePoolAddressChanged' [Warning/use-natspec]
/sb/0x00ff66ab8699aafa050ee5ef5041d1503aa0849a.sol:253:5: Missing @param tag in event 'ActivePoolAddressChanged' [Warning/use-natspec]
/sb/0x00ff66ab8699aafa050ee5ef5041d1503aa0849a.sol:253:5: Mismatch in @param names for event 'ActivePoolAddressChanged'. Expected: [_newActivePoolAddress], Found: [] [Warning/use-natspec]
/sb/0x00ff66ab8699aafa050ee5ef5041d1503aa0849a.sol:253:5: GC: [_newActivePoolAddress] on Event [ActivePoolAddressChanged] could be Indexed [Warning/gas-indexed-events]
/sb/0x00ff66ab8699aafa050ee5ef5041d1503aa0849a.sol:255:5: Missing @notice tag in event 'DefaultPoolAddressChanged' [Warning/use-natspec]
/sb/0x00ff66ab8699aafa050ee5ef5041d1503aa0849a.sol:255:5: Missing @param tag in event 'DefaultPoolAddressChanged' [Warning/use-natspec]
/sb/0x00ff66ab8699aafa050ee5ef5041d1503aa0849a.sol:255:5: Mismatch in @param names for event 'DefaultPoolAddressChanged'. Expected: [_newDefaultPoolAddress], Found: [] [Warning/use-natspec]
/sb/0x00ff66ab8699aafa050ee5ef5041d1503aa0849a.sol:255:5: GC: [_newDefaultPoolAddress] on Event [DefaultPoolAddressChanged] could be Indexed [Warning/gas-indexed-events]
/sb/0x00ff66ab8699aafa050ee5ef5041d1503aa0849a.sol:257:5: Missing @notice tag in event 'LUSDTokenAddressChanged' [Warning/use-natspec]
/sb/0x00ff66ab8699aafa050ee5ef5041d1503aa0849a.sol:257:5: Missing @param tag in event 'LUSDTokenAddressChanged' [Warning/use-natspec]
/sb/0x00ff66ab8699aafa050ee5ef5041d1503aa0849a.sol:257:5: Mismatch in @param names for event 'LUSDTokenAddressChanged'. Expected: [_newLUSDTokenAddress], Found: [] [Warning/use-natspec]
/sb/0x00ff66ab8699aafa050ee5ef5041d1503aa0849a.sol:257:5: GC: [_newLUSDTokenAddress] on Event [LUSDTokenAddressChanged] could be Indexed [Warning/gas-indexed-events]
/sb/0x00ff66ab8699aafa050ee5ef5041d1503aa0849a.sol:259:5: Missing @notice tag in event 'SortedTrovesAddressChanged' [Warning/use-natspec]
/sb/0x00ff66ab8699aafa050ee5ef5041d1503aa0849a.sol:259:5: Missing @param tag in event 'SortedTrovesAddressChanged' [Warning/use-natspec]
/sb/0x00ff66ab8699aafa050ee5ef5041d1503aa0849a.sol:259:5: Mismatch in @param names for event 'SortedTrovesAddressChanged'. Expected: [_newSortedTrovesAddress], Found: [] [Warning/use-natspec]
/sb/0x00ff66ab8699aafa050ee5ef5041d1503aa0849a.sol:259:5: GC: [_newSortedTrovesAddress] on Event [SortedTrovesAddressChanged] could be Indexed [Warning/gas-indexed-events]
/sb/0x00ff66ab8699aafa050ee5ef5041d1503aa0849a.sol:261:5: Missing @notice tag in event 'PriceFeedAddressChanged' [Warning/use-natspec]
/sb/0x00ff66ab8699aafa050ee5ef5041d1503aa0849a.sol:261:5: Missing @param tag in event 'PriceFeedAddressChanged' [Warning/use-natspec]
/sb/0x00ff66ab8699aafa050ee5ef5041d1503aa0849a.sol:261:5: Mismatch in @param names for event 'PriceFeedAddressChanged'. Expected: [_newPriceFeedAddress], Found: [] [Warning/use-natspec]
/sb/0x00ff66ab8699aafa050ee5ef5041d1503aa0849a.sol:261:5: GC: [_newPriceFeedAddress] on Event [PriceFeedAddressChanged] could be Indexed [Warning/gas-indexed-events]
/sb/0x00ff66ab8699aafa050ee5ef5041d1503aa0849a.sol:263:5: Missing @notice tag in event 'CommunityIssuanceAddressChanged' [Warning/use-natspec]
/sb/0x00ff66ab8699aafa050ee5ef5041d1503aa0849a.sol:263:5: Missing @param tag in event 'CommunityIssuanceAddressChanged' [Warning/use-natspec]
/sb/0x00ff66ab8699aafa050ee5ef5041d1503aa0849a.sol:263:5: Mismatch in @param names for event 'CommunityIssuanceAddressChanged'. Expected: [_newCommunityIssuanceAddress], Found: [] [Warning/use-natspec]
/sb/0x00ff66ab8699aafa050ee5ef5041d1503aa0849a.sol:263:5: GC: [_newCommunityIssuanceAddress] on Event [CommunityIssuanceAddressChanged] could be Indexed [Warning/gas-indexed-events]
/sb/0x00ff66ab8699aafa050ee5ef5041d1503aa0849a.sol:267:5: Missing @notice tag in event 'P_Updated' [Warning/use-natspec]
/sb/0x00ff66ab8699aafa050ee5ef5041d1503aa0849a.sol:267:5: Missing @param tag in event 'P_Updated' [Warning/use-natspec]
/sb/0x00ff66ab8699aafa050ee5ef5041d1503aa0849a.sol:267:5: Mismatch in @param names for event 'P_Updated'. Expected: [_P], Found: [] [Warning/use-natspec]
/sb/0x00ff66ab8699aafa050ee5ef5041d1503aa0849a.sol:267:5: Event name must be in CapWords [Warning/event-name-capwords]
/sb/0x00ff66ab8699aafa050ee5ef5041d1503aa0849a.sol:267:5: GC: [_P] on Event [P_Updated] could be Indexed [Warning/gas-indexed-events]
/sb/0x00ff66ab8699aafa050ee5ef5041d1503aa0849a.sol:267:21: Rule is set with explicit type [var/s: uint] [Warning/explicit-types]
/sb/0x00ff66ab8699aafa050ee5ef5041d1503aa0849a.sol:267:21: Variable name must be in mixedCase _P [Warning/var-name-mixedcase]
/sb/0x00ff66ab8699aafa050ee5ef5041d1503aa0849a.sol:269:5: Missing @notice tag in event 'S_Updated' [Warning/use-natspec]
/sb/0x00ff66ab8699aafa050ee5ef5041d1503aa0849a.sol:269:5: Missing @param tag in event 'S_Updated' [Warning/use-natspec]
/sb/0x00ff66ab8699aafa050ee5ef5041d1503aa0849a.sol:269:5: Mismatch in @param names for event 'S_Updated'. Expected: [_S, _epoch, _scale], Found: [] [Warning/use-natspec]
/sb/0x00ff66ab8699aafa050ee5ef5041d1503aa0849a.sol:269:5: Event name must be in CapWords [Warning/event-name-capwords]
/sb/0x00ff66ab8699aafa050ee5ef5041d1503aa0849a.sol:269:5: GC: [_S] on Event [S_Updated] could be Indexed [Warning/gas-indexed-events]
/sb/0x00ff66ab8699aafa050ee5ef5041d1503aa0849a.sol:269:5: GC: [_epoch] on Event [S_Updated] could be Indexed [Warning/gas-indexed-events]
/sb/0x00ff66ab8699aafa050ee5ef5041d1503aa0849a.sol:269:5: GC: [_scale] on Event [S_Updated] could be Indexed [Warning/gas-indexed-events]
/sb/0x00ff66ab8699aafa050ee5ef5041d1503aa0849a.sol:269:21: Rule is set with explicit type [var/s: uint] [Warning/explicit-types]
/sb/0x00ff66ab8699aafa050ee5ef5041d1503aa0849a.sol:269:21: Variable name must be in mixedCase _S [Warning/var-name-mixedcase]
/sb/0x00ff66ab8699aafa050ee5ef5041d1503aa0849a.sol:271:5: Missing @notice tag in event 'G_Updated' [Warning/use-natspec]
/sb/0x00ff66ab8699aafa050ee5ef5041d1503aa0849a.sol:271:5: Missing @param tag in event 'G_Updated' [Warning/use-natspec]
/sb/0x00ff66ab8699aafa050ee5ef5041d1503aa0849a.sol:271:5: Mismatch in @param names for event 'G_Updated'. Expected: [_G, _epoch, _scale], Found: [] [Warning/use-natspec]
/sb/0x00ff66ab8699aafa050ee5ef5041d1503aa0849a.sol:271:5: Event name must be in CapWords [Warning/event-name-capwords]
/sb/0x00ff66ab8699aafa050ee5ef5041d1503aa0849a.sol:271:5: GC: [_G] on Event [G_Updated] could be Indexed [Warning/gas-indexed-events]
/sb/0x00ff66ab8699aafa050ee5ef5041d1503aa0849a.sol:271:5: GC: [_epoch] on Event [G_Updated] could be Indexed [Warning/gas-indexed-events]
/sb/0x00ff66ab8699aafa050ee5ef5041d1503aa0849a.sol:271:5: GC: [_scale] on Event [G_Updated] could be Indexed [Warning/gas-indexed-events]
/sb/0x00ff66ab8699aafa050ee5ef5041d1503aa0849a.sol:271:21: Rule is set with explicit type [var/s: uint] [Warning/explicit-types]
/sb/0x00ff66ab8699aafa050ee5ef5041d1503aa0849a.sol:271:21: Variable name must be in mixedCase _G [Warning/var-name-mixedcase]
/sb/0x00ff66ab8699aafa050ee5ef5041d1503aa0849a.sol:273:5: Missing @notice tag in event 'EpochUpdated' [Warning/use-natspec]
/sb/0x00ff66ab8699aafa050ee5ef5041d1503aa0849a.sol:273:5: Missing @param tag in event 'EpochUpdated' [Warning/use-natspec]
/sb/0x00ff66ab8699aafa050ee5ef5041d1503aa0849a.sol:273:5: Mismatch in @param names for event 'EpochUpdated'. Expected: [_currentEpoch], Found: [] [Warning/use-natspec]
/sb/0x00ff66ab8699aafa050ee5ef5041d1503aa0849a.sol:273:5: GC: [_currentEpoch] on Event [EpochUpdated] could be Indexed [Warning/gas-indexed-events]
/sb/0x00ff66ab8699aafa050ee5ef5041d1503aa0849a.sol:275:5: Missing @notice tag in event 'ScaleUpdated' [Warning/use-natspec]
/sb/0x00ff66ab8699aafa050ee5ef5041d1503aa0849a.sol:275:5: Missing @param tag in event 'ScaleUpdated' [Warning/use-natspec]
/sb/0x00ff66ab8699aafa050ee5ef5041d1503aa0849a.sol:275:5: Mismatch in @param names for event 'ScaleUpdated'. Expected: [_currentScale], Found: [] [Warning/use-natspec]
/sb/0x00ff66ab8699aafa050ee5ef5041d1503aa0849a.sol:275:5: GC: [_currentScale] on Event [ScaleUpdated] could be Indexed [Warning/gas-indexed-events]
/sb/0x00ff66ab8699aafa050ee5ef5041d1503aa0849a.sol:279:5: Missing @notice tag in event 'FrontEndRegistered' [Warning/use-natspec]
/sb/0x00ff66ab8699aafa050ee5ef5041d1503aa0849a.sol:279:5: Missing @param tag in event 'FrontEndRegistered' [Warning/use-natspec]
/sb/0x00ff66ab8699aafa050ee5ef5041d1503aa0849a.sol:279:5: Mismatch in @param names for event 'FrontEndRegistered'. Expected: [_frontEnd, _kickbackRate], Found: [] [Warning/use-natspec]
/sb/0x00ff66ab8699aafa050ee5ef5041d1503aa0849a.sol:279:5: GC: [_kickbackRate] on Event [FrontEndRegistered] could be Indexed [Warning/gas-indexed-events]
/sb/0x00ff66ab8699aafa050ee5ef5041d1503aa0849a.sol:279:57: Rule is set with explicit type [var/s: uint] [Warning/explicit-types]
/sb/0x00ff66ab8699aafa050ee5ef5041d1503aa0849a.sol:281:5: Missing @notice tag in event 'FrontEndTagSet' [Warning/use-natspec]
/sb/0x00ff66ab8699aafa050ee5ef5041d1503aa0849a.sol:281:5: Missing @param tag in event 'FrontEndTagSet' [Warning/use-natspec]
/sb/0x00ff66ab8699aafa050ee5ef5041d1503aa0849a.sol:281:5: Mismatch in @param names for event 'FrontEndTagSet'. Expected: [_depositor, _frontEnd], Found: [] [Warning/use-natspec]
/sb/0x00ff66ab8699aafa050ee5ef5041d1503aa0849a.sol:285:5: Missing @notice tag in event 'DepositSnapshotUpdated' [Warning/use-natspec]
/sb/0x00ff66ab8699aafa050ee5ef5041d1503aa0849a.sol:285:5: Missing @param tag in event 'DepositSnapshotUpdated' [Warning/use-natspec]
/sb/0x00ff66ab8699aafa050ee5ef5041d1503aa0849a.sol:285:5: Mismatch in @param names for event 'DepositSnapshotUpdated'. Expected: [_depositor, _P, _S, _G], Found: [] [Warning/use-natspec]
/sb/0x00ff66ab8699aafa050ee5ef5041d1503aa0849a.sol:285:5: GC: [_P] on Event [DepositSnapshotUpdated] could be Indexed [Warning/gas-indexed-events]
/sb/0x00ff66ab8699aafa050ee5ef5041d1503aa0849a.sol:285:5: GC: [_S] on Event [DepositSnapshotUpdated] could be Indexed [Warning/gas-indexed-events]
/sb/0x00ff66ab8699aafa050ee5ef5041d1503aa0849a.sol:285:5: GC: [_G] on Event [DepositSnapshotUpdated] could be Indexed [Warning/gas-indexed-events]
/sb/0x00ff66ab8699aafa050ee5ef5041d1503aa0849a.sol:285:62: Rule is set with explicit type [var/s: uint] [Warning/explicit-types]
/sb/0x00ff66ab8699aafa050ee5ef5041d1503aa0849a.sol:285:62: Variable name must be in mixedCase _P [Warning/var-name-mixedcase]
/sb/0x00ff66ab8699aafa050ee5ef5041d1503aa0849a.sol:285:71: Rule is set with explicit type [var/s: uint] [Warning/explicit-types]
/sb/0x00ff66ab8699aafa050ee5ef5041d1503aa0849a.sol:285:71: Variable name must be in mixedCase _S [Warning/var-name-mixedcase]
/sb/0x00ff66ab8699aafa050ee5ef5041d1503aa0849a.sol:285:80: Rule is set with explicit type [var/s: uint] [Warning/explicit-types]
/sb/0x00ff66ab8699aafa050ee5ef5041d1503aa0849a.sol:285:80: Variable name must be in mixedCase _G [Warning/var-name-mixedcase]
/sb/0x00ff66ab8699aafa050ee5ef5041d1503aa0849a.sol:287:5: Missing @notice tag in event 'FrontEndSnapshotUpdated' [Warning/use-natspec]
/sb/0x00ff66ab8699aafa050ee5ef5041d1503aa0849a.sol:287:5: Missing @param tag in event 'FrontEndSnapshotUpdated' [Warning/use-natspec]
/sb/0x00ff66ab8699aafa050ee5ef5041d1503aa0849a.sol:287:5: Mismatch in @param names for event 'FrontEndSnapshotUpdated'. Expected: [_frontEnd, _P, _G], Found: [] [Warning/use-natspec]
/sb/0x00ff66ab8699aafa050ee5ef5041d1503aa0849a.sol:287:5: GC: [_P] on Event [FrontEndSnapshotUpdated] could be Indexed [Warning/gas-indexed-events]
/sb/0x00ff66ab8699aafa050ee5ef5041d1503aa0849a.sol:287:5: GC: [_G] on Event [FrontEndSnapshotUpdated] could be Indexed [Warning/gas-indexed-events]
/sb/0x00ff66ab8699aafa050ee5ef5041d1503aa0849a.sol:287:62: Rule is set with explicit type [var/s: uint] [Warning/explicit-types]
/sb/0x00ff66ab8699aafa050ee5ef5041d1503aa0849a.sol:287:62: Variable name must be in mixedCase _P [Warning/var-name-mixedcase]
/sb/0x00ff66ab8699aafa050ee5ef5041d1503aa0849a.sol:287:71: Rule is set with explicit type [var/s: uint] [Warning/explicit-types]
/sb/0x00ff66ab8699aafa050ee5ef5041d1503aa0849a.sol:287:71: Variable name must be in mixedCase _G [Warning/var-name-mixedcase]
/sb/0x00ff66ab8699aafa050ee5ef5041d1503aa0849a.sol:289:5: Missing @notice tag in event 'UserDepositChanged' [Warning/use-natspec]
/sb/0x00ff66ab8699aafa050ee5ef5041d1503aa0849a.sol:289:5: Missing @param tag in event 'UserDepositChanged' [Warning/use-natspec]
/sb/0x00ff66ab8699aafa050ee5ef5041d1503aa0849a.sol:289:5: Mismatch in @param names for event 'UserDepositChanged'. Expected: [_depositor, _newDeposit], Found: [] [Warning/use-natspec]
/sb/0x00ff66ab8699aafa050ee5ef5041d1503aa0849a.sol:289:5: GC: [_newDeposit] on Event [UserDepositChanged] could be Indexed [Warning/gas-indexed-events]
/sb/0x00ff66ab8699aafa050ee5ef5041d1503aa0849a.sol:289:58: Rule is set with explicit type [var/s: uint] [Warning/explicit-types]
/sb/0x00ff66ab8699aafa050ee5ef5041d1503aa0849a.sol:291:5: Missing @notice tag in event 'FrontEndStakeChanged' [Warning/use-natspec]
/sb/0x00ff66ab8699aafa050ee5ef5041d1503aa0849a.sol:291:5: Missing @param tag in event 'FrontEndStakeChanged' [Warning/use-natspec]
/sb/0x00ff66ab8699aafa050ee5ef5041d1503aa0849a.sol:291:5: Mismatch in @param names for event 'FrontEndStakeChanged'. Expected: [_frontEnd, _newFrontEndStake, _depositor], Found: [] [Warning/use-natspec]
/sb/0x00ff66ab8699aafa050ee5ef5041d1503aa0849a.sol:291:5: GC: [_newFrontEndStake] on Event [FrontEndStakeChanged] could be Indexed [Warning/gas-indexed-events]
/sb/0x00ff66ab8699aafa050ee5ef5041d1503aa0849a.sol:291:5: GC: [_depositor] on Event [FrontEndStakeChanged] could be Indexed [Warning/gas-indexed-events]
/sb/0x00ff66ab8699aafa050ee5ef5041d1503aa0849a.sol:291:59: Rule is set with explicit type [var/s: uint] [Warning/explicit-types]
/sb/0x00ff66ab8699aafa050ee5ef5041d1503aa0849a.sol:295:5: Missing @notice tag in event 'ETHGainWithdrawn' [Warning/use-natspec]
/sb/0x00ff66ab8699aafa050ee5ef5041d1503aa0849a.sol:295:5: Missing @param tag in event 'ETHGainWithdrawn' [Warning/use-natspec]
/sb/0x00ff66ab8699aafa050ee5ef5041d1503aa0849a.sol:295:5: Mismatch in @param names for event 'ETHGainWithdrawn'. Expected: [_depositor, _ETH, _LUSDLoss], Found: [] [Warning/use-natspec]
/sb/0x00ff66ab8699aafa050ee5ef5041d1503aa0849a.sol:295:5: GC: [_ETH] on Event [ETHGainWithdrawn] could be Indexed [Warning/gas-indexed-events]
/sb/0x00ff66ab8699aafa050ee5ef5041d1503aa0849a.sol:295:5: GC: [_LUSDLoss] on Event [ETHGainWithdrawn] could be Indexed [Warning/gas-indexed-events]
/sb/0x00ff66ab8699aafa050ee5ef5041d1503aa0849a.sol:295:56: Rule is set with explicit type [var/s: uint] [Warning/explicit-types]
/sb/0x00ff66ab8699aafa050ee5ef5041d1503aa0849a.sol:295:56: Variable name must be in mixedCase _ETH [Warning/var-name-mixedcase]
/sb/0x00ff66ab8699aafa050ee5ef5041d1503aa0849a.sol:295:67: Rule is set with explicit type [var/s: uint] [Warning/explicit-types]
/sb/0x00ff66ab8699aafa050ee5ef5041d1503aa0849a.sol:295:67: Variable name must be in mixedCase _LUSDLoss [Warning/var-name-mixedcase]
/sb/0x00ff66ab8699aafa050ee5ef5041d1503aa0849a.sol:297:5: Missing @notice tag in event 'LQTYPaidToDepositor' [Warning/use-natspec]
/sb/0x00ff66ab8699aafa050ee5ef5041d1503aa0849a.sol:297:5: Missing @param tag in event 'LQTYPaidToDepositor' [Warning/use-natspec]
/sb/0x00ff66ab8699aafa050ee5ef5041d1503aa0849a.sol:297:5: Mismatch in @param names for event 'LQTYPaidToDepositor'. Expected: [_depositor, _LQTY], Found: [] [Warning/use-natspec]
/sb/0x00ff66ab8699aafa050ee5ef5041d1503aa0849a.sol:297:5: GC: [_LQTY] on Event [LQTYPaidToDepositor] could be Indexed [Warning/gas-indexed-events]
/sb/0x00ff66ab8699aafa050ee5ef5041d1503aa0849a.sol:297:59: Rule is set with explicit type [var/s: uint] [Warning/explicit-types]
/sb/0x00ff66ab8699aafa050ee5ef5041d1503aa0849a.sol:297:59: Variable name must be in mixedCase _LQTY [Warning/var-name-mixedcase]
/sb/0x00ff66ab8699aafa050ee5ef5041d1503aa0849a.sol:299:5: Missing @notice tag in event 'LQTYPaidToFrontEnd' [Warning/use-natspec]
/sb/0x00ff66ab8699aafa050ee5ef5041d1503aa0849a.sol:299:5: Missing @param tag in event 'LQTYPaidToFrontEnd' [Warning/use-natspec]
/sb/0x00ff66ab8699aafa050ee5ef5041d1503aa0849a.sol:299:5: Mismatch in @param names for event 'LQTYPaidToFrontEnd'. Expected: [_frontEnd, _LQTY], Found: [] [Warning/use-natspec]
/sb/0x00ff66ab8699aafa050ee5ef5041d1503aa0849a.sol:299:5: GC: [_LQTY] on Event [LQTYPaidToFrontEnd] could be Indexed [Warning/gas-indexed-events]
/sb/0x00ff66ab8699aafa050ee5ef5041d1503aa0849a.sol:299:57: Rule is set with explicit type [var/s: uint] [Warning/explicit-types]
/sb/0x00ff66ab8699aafa050ee5ef5041d1503aa0849a.sol:299:57: Variable name must be in mixedCase _LQTY [Warning/var-name-mixedcase]
/sb/0x00ff66ab8699aafa050ee5ef5041d1503aa0849a.sol:301:5: Missing @notice tag in event 'EtherSent' [Warning/use-natspec]
/sb/0x00ff66ab8699aafa050ee5ef5041d1503aa0849a.sol:301:5: Missing @param tag in event 'EtherSent' [Warning/use-natspec]
/sb/0x00ff66ab8699aafa050ee5ef5041d1503aa0849a.sol:301:5: Mismatch in @param names for event 'EtherSent'. Expected: [_to, _amount], Found: [] [Warning/use-natspec]
/sb/0x00ff66ab8699aafa050ee5ef5041d1503aa0849a.sol:301:5: GC: [_to] on Event [EtherSent] could be Indexed [Warning/gas-indexed-events]
/sb/0x00ff66ab8699aafa050ee5ef5041d1503aa0849a.sol:301:5: GC: [_amount] on Event [EtherSent] could be Indexed [Warning/gas-indexed-events]
/sb/0x00ff66ab8699aafa050ee5ef5041d1503aa0849a.sol:301:34: Rule is set with explicit type [var/s: uint] [Warning/explicit-types]
/sb/0x00ff66ab8699aafa050ee5ef5041d1503aa0849a.sol:317:5: Missing @notice tag in function 'setAddresses' [Warning/use-natspec]
/sb/0x00ff66ab8699aafa050ee5ef5041d1503aa0849a.sol:317:5: Missing @param tag in function 'setAddresses' [Warning/use-natspec]
/sb/0x00ff66ab8699aafa050ee5ef5041d1503aa0849a.sol:317:5: Mismatch in @param names for function 'setAddresses'. Expected: [_borrowerOperationsAddress, _troveManagerAddress, _activePoolAddress, _lusdTokenAddress, _sortedTrovesAddress, _priceFeedAddress, _communityIssuanceAddress], Found: [] [Warning/use-natspec]
/sb/0x00ff66ab8699aafa050ee5ef5041d1503aa0849a.sol:361:5: Missing @notice tag in function 'provideToSP' [Warning/use-natspec]
/sb/0x00ff66ab8699aafa050ee5ef5041d1503aa0849a.sol:361:5: Missing @param tag in function 'provideToSP' [Warning/use-natspec]
/sb/0x00ff66ab8699aafa050ee5ef5041d1503aa0849a.sol:361:5: Mismatch in @param names for function 'provideToSP'. Expected: [_amount, _frontEndTag], Found: [] [Warning/use-natspec]
/sb/0x00ff66ab8699aafa050ee5ef5041d1503aa0849a.sol:361:26: Rule is set with explicit type [var/s: uint] [Warning/explicit-types]
/sb/0x00ff66ab8699aafa050ee5ef5041d1503aa0849a.sol:391:5: Missing @notice tag in function 'withdrawFromSP' [Warning/use-natspec]
/sb/0x00ff66ab8699aafa050ee5ef5041d1503aa0849a.sol:391:5: Missing @param tag in function 'withdrawFromSP' [Warning/use-natspec]
/sb/0x00ff66ab8699aafa050ee5ef5041d1503aa0849a.sol:391:5: Mismatch in @param names for function 'withdrawFromSP'. Expected: [_amount], Found: [] [Warning/use-natspec]
/sb/0x00ff66ab8699aafa050ee5ef5041d1503aa0849a.sol:391:29: Rule is set with explicit type [var/s: uint] [Warning/explicit-types]
/sb/0x00ff66ab8699aafa050ee5ef5041d1503aa0849a.sol:421:5: Missing @notice tag in function 'withdrawETHGainToTrove' [Warning/use-natspec]
/sb/0x00ff66ab8699aafa050ee5ef5041d1503aa0849a.sol:421:5: Missing @param tag in function 'withdrawETHGainToTrove' [Warning/use-natspec]
/sb/0x00ff66ab8699aafa050ee5ef5041d1503aa0849a.sol:421:5: Mismatch in @param names for function 'withdrawETHGainToTrove'. Expected: [_upperHint, _lowerHint], Found: [] [Warning/use-natspec]
/sb/0x00ff66ab8699aafa050ee5ef5041d1503aa0849a.sol:441:5: Missing @notice tag in function 'registerFrontEnd' [Warning/use-natspec]
/sb/0x00ff66ab8699aafa050ee5ef5041d1503aa0849a.sol:441:5: Missing @param tag in function 'registerFrontEnd' [Warning/use-natspec]
/sb/0x00ff66ab8699aafa050ee5ef5041d1503aa0849a.sol:441:5: Mismatch in @param names for function 'registerFrontEnd'. Expected: [_kickbackRate], Found: [] [Warning/use-natspec]
/sb/0x00ff66ab8699aafa050ee5ef5041d1503aa0849a.sol:441:31: Rule is set with explicit type [var/s: uint] [Warning/explicit-types]
/sb/0x00ff66ab8699aafa050ee5ef5041d1503aa0849a.sol:461:5: Missing @notice tag in function 'offset' [Warning/use-natspec]
/sb/0x00ff66ab8699aafa050ee5ef5041d1503aa0849a.sol:461:5: Missing @param tag in function 'offset' [Warning/use-natspec]
/sb/0x00ff66ab8699aafa050ee5ef5041d1503aa0849a.sol:461:5: Mismatch in @param names for function 'offset'. Expected: [_debt, _coll], Found: [] [Warning/use-natspec]
/sb/0x00ff66ab8699aafa050ee5ef5041d1503aa0849a.sol:461:21: Rule is set with explicit type [var/s: uint] [Warning/explicit-types]
/sb/0x00ff66ab8699aafa050ee5ef5041d1503aa0849a.sol:461:33: Rule is set with explicit type [var/s: uint] [Warning/explicit-types]
/sb/0x00ff66ab8699aafa050ee5ef5041d1503aa0849a.sol:473:5: Missing @notice tag in function 'getETH' [Warning/use-natspec]
/sb/0x00ff66ab8699aafa050ee5ef5041d1503aa0849a.sol:473:5: Missing @return tag in function 'getETH' [Warning/use-natspec]
/sb/0x00ff66ab8699aafa050ee5ef5041d1503aa0849a.sol:473:5: Mismatch in @return count for function 'getETH'. Expected: 1, Found: 0 [Warning/use-natspec]
/sb/0x00ff66ab8699aafa050ee5ef5041d1503aa0849a.sol:473:46: Rule is set with explicit type [var/s: uint] [Warning/explicit-types]
/sb/0x00ff66ab8699aafa050ee5ef5041d1503aa0849a.sol:483:5: Missing @notice tag in function 'getTotalLUSDDeposits' [Warning/use-natspec]
/sb/0x00ff66ab8699aafa050ee5ef5041d1503aa0849a.sol:483:5: Missing @return tag in function 'getTotalLUSDDeposits' [Warning/use-natspec]
/sb/0x00ff66ab8699aafa050ee5ef5041d1503aa0849a.sol:483:5: Mismatch in @return count for function 'getTotalLUSDDeposits'. Expected: 1, Found: 0 [Warning/use-natspec]
/sb/0x00ff66ab8699aafa050ee5ef5041d1503aa0849a.sol:483:60: Rule is set with explicit type [var/s: uint] [Warning/explicit-types]
/sb/0x00ff66ab8699aafa050ee5ef5041d1503aa0849a.sol:493:5: Missing @notice tag in function 'getDepositorETHGain' [Warning/use-natspec]
/sb/0x00ff66ab8699aafa050ee5ef5041d1503aa0849a.sol:493:5: Missing @param tag in function 'getDepositorETHGain' [Warning/use-natspec]
/sb/0x00ff66ab8699aafa050ee5ef5041d1503aa0849a.sol:493:5: Mismatch in @param names for function 'getDepositorETHGain'. Expected: [_depositor], Found: [] [Warning/use-natspec]
/sb/0x00ff66ab8699aafa050ee5ef5041d1503aa0849a.sol:493:5: Missing @return tag in function 'getDepositorETHGain' [Warning/use-natspec]
/sb/0x00ff66ab8699aafa050ee5ef5041d1503aa0849a.sol:493:5: Mismatch in @return count for function 'getDepositorETHGain'. Expected: 1, Found: 0 [Warning/use-natspec]
/sb/0x00ff66ab8699aafa050ee5ef5041d1503aa0849a.sol:493:77: Rule is set with explicit type [var/s: uint] [Warning/explicit-types]
/sb/0x00ff66ab8699aafa050ee5ef5041d1503aa0849a.sol:509:5: Missing @notice tag in function 'getDepositorLQTYGain' [Warning/use-natspec]
/sb/0x00ff66ab8699aafa050ee5ef5041d1503aa0849a.sol:509:5: Missing @param tag in function 'getDepositorLQTYGain' [Warning/use-natspec]
/sb/0x00ff66ab8699aafa050ee5ef5041d1503aa0849a.sol:509:5: Mismatch in @param names for function 'getDepositorLQTYGain'. Expected: [_depositor], Found: [] [Warning/use-natspec]
/sb/0x00ff66ab8699aafa050ee5ef5041d1503aa0849a.sol:509:5: Missing @return tag in function 'getDepositorLQTYGain' [Warning/use-natspec]
/sb/0x00ff66ab8699aafa050ee5ef5041d1503aa0849a.sol:509:5: Mismatch in @return count for function 'getDepositorLQTYGain'. Expected: 1, Found: 0 [Warning/use-natspec]
/sb/0x00ff66ab8699aafa050ee5ef5041d1503aa0849a.sol:509:78: Rule is set with explicit type [var/s: uint] [Warning/explicit-types]
/sb/0x00ff66ab8699aafa050ee5ef5041d1503aa0849a.sol:519:5: Missing @notice tag in function 'getFrontEndLQTYGain' [Warning/use-natspec]
/sb/0x00ff66ab8699aafa050ee5ef5041d1503aa0849a.sol:519:5: Missing @param tag in function 'getFrontEndLQTYGain' [Warning/use-natspec]
/sb/0x00ff66ab8699aafa050ee5ef5041d1503aa0849a.sol:519:5: Mismatch in @param names for function 'getFrontEndLQTYGain'. Expected: [_frontEnd], Found: [] [Warning/use-natspec]
/sb/0x00ff66ab8699aafa050ee5ef5041d1503aa0849a.sol:519:5: Missing @return tag in function 'getFrontEndLQTYGain' [Warning/use-natspec]
/sb/0x00ff66ab8699aafa050ee5ef5041d1503aa0849a.sol:519:5: Mismatch in @return count for function 'getFrontEndLQTYGain'. Expected: 1, Found: 0 [Warning/use-natspec]
/sb/0x00ff66ab8699aafa050ee5ef5041d1503aa0849a.sol:519:76: Rule is set with explicit type [var/s: uint] [Warning/explicit-types]
/sb/0x00ff66ab8699aafa050ee5ef5041d1503aa0849a.sol:529:5: Missing @notice tag in function 'getCompoundedLUSDDeposit' [Warning/use-natspec]
/sb/0x00ff66ab8699aafa050ee5ef5041d1503aa0849a.sol:529:5: Missing @param tag in function 'getCompoundedLUSDDeposit' [Warning/use-natspec]
/sb/0x00ff66ab8699aafa050ee5ef5041d1503aa0849a.sol:529:5: Mismatch in @param names for function 'getCompoundedLUSDDeposit'. Expected: [_depositor], Found: [] [Warning/use-natspec]
/sb/0x00ff66ab8699aafa050ee5ef5041d1503aa0849a.sol:529:5: Missing @return tag in function 'getCompoundedLUSDDeposit' [Warning/use-natspec]
/sb/0x00ff66ab8699aafa050ee5ef5041d1503aa0849a.sol:529:5: Mismatch in @return count for function 'getCompoundedLUSDDeposit'. Expected: 1, Found: 0 [Warning/use-natspec]
/sb/0x00ff66ab8699aafa050ee5ef5041d1503aa0849a.sol:529:82: Rule is set with explicit type [var/s: uint] [Warning/explicit-types]
/sb/0x00ff66ab8699aafa050ee5ef5041d1503aa0849a.sol:543:5: Missing @notice tag in function 'getCompoundedFrontEndStake' [Warning/use-natspec]
/sb/0x00ff66ab8699aafa050ee5ef5041d1503aa0849a.sol:543:5: Missing @param tag in function 'getCompoundedFrontEndStake' [Warning/use-natspec]
/sb/0x00ff66ab8699aafa050ee5ef5041d1503aa0849a.sol:543:5: Mismatch in @param names for function 'getCompoundedFrontEndStake'. Expected: [_frontEnd], Found: [] [Warning/use-natspec]
/sb/0x00ff66ab8699aafa050ee5ef5041d1503aa0849a.sol:543:5: Missing @return tag in function 'getCompoundedFrontEndStake' [Warning/use-natspec]
/sb/0x00ff66ab8699aafa050ee5ef5041d1503aa0849a.sol:543:5: Mismatch in @return count for function 'getCompoundedFrontEndStake'. Expected: 1, Found: 0 [Warning/use-natspec]
/sb/0x00ff66ab8699aafa050ee5ef5041d1503aa0849a.sol:543:83: Rule is set with explicit type [var/s: uint] [Warning/explicit-types]
/sb/0x00ff66ab8699aafa050ee5ef5041d1503aa0849a.sol:571:1: Compiler version 0.6.11 does not satisfy the ^0.8.24 semver requirement [Error/compiler-version]
/sb/0x00ff66ab8699aafa050ee5ef5041d1503aa0849a.sol:575:1: Missing @title tag in contract 'IPriceFeed' [Warning/use-natspec]
/sb/0x00ff66ab8699aafa050ee5ef5041d1503aa0849a.sol:575:1: Missing @author tag in contract 'IPriceFeed' [Warning/use-natspec]
/sb/0x00ff66ab8699aafa050ee5ef5041d1503aa0849a.sol:575:1: Missing @notice tag in contract 'IPriceFeed' [Warning/use-natspec]
/sb/0x00ff66ab8699aafa050ee5ef5041d1503aa0849a.sol:581:5: Missing @notice tag in event 'LastGoodPriceUpdated' [Warning/use-natspec]
/sb/0x00ff66ab8699aafa050ee5ef5041d1503aa0849a.sol:581:5: Missing @param tag in event 'LastGoodPriceUpdated' [Warning/use-natspec]
/sb/0x00ff66ab8699aafa050ee5ef5041d1503aa0849a.sol:581:5: Mismatch in @param names for event 'LastGoodPriceUpdated'. Expected: [_lastGoodPrice], Found: [] [Warning/use-natspec]
/sb/0x00ff66ab8699aafa050ee5ef5041d1503aa0849a.sol:581:5: GC: [_lastGoodPrice] on Event [LastGoodPriceUpdated] could be Indexed [Warning/gas-indexed-events]
/sb/0x00ff66ab8699aafa050ee5ef5041d1503aa0849a.sol:581:32: Rule is set with explicit type [var/s: uint] [Warning/explicit-types]
/sb/0x00ff66ab8699aafa050ee5ef5041d1503aa0849a.sol:587:5: Missing @notice tag in function 'fetchPrice' [Warning/use-natspec]
/sb/0x00ff66ab8699aafa050ee5ef5041d1503aa0849a.sol:587:5: Missing @return tag in function 'fetchPrice' [Warning/use-natspec]
/sb/0x00ff66ab8699aafa050ee5ef5041d1503aa0849a.sol:587:5: Mismatch in @return count for function 'fetchPrice'. Expected: 1, Found: 0 [Warning/use-natspec]
/sb/0x00ff66ab8699aafa050ee5ef5041d1503aa0849a.sol:587:45: Rule is set with explicit type [var/s: uint] [Warning/explicit-types]
/sb/0x00ff66ab8699aafa050ee5ef5041d1503aa0849a.sol:603:1: Compiler version 0.6.11 does not satisfy the ^0.8.24 semver requirement [Error/compiler-version]
/sb/0x00ff66ab8699aafa050ee5ef5041d1503aa0849a.sol:607:1: Missing @title tag in contract 'ILiquityBase' [Warning/use-natspec]
/sb/0x00ff66ab8699aafa050ee5ef5041d1503aa0849a.sol:607:1: Missing @author tag in contract 'ILiquityBase' [Warning/use-natspec]
/sb/0x00ff66ab8699aafa050ee5ef5041d1503aa0849a.sol:607:1: Missing @notice tag in contract 'ILiquityBase' [Warning/use-natspec]
/sb/0x00ff66ab8699aafa050ee5ef5041d1503aa0849a.sol:609:5: Missing @notice tag in function 'priceFeed' [Warning/use-natspec]
/sb/0x00ff66ab8699aafa050ee5ef5041d1503aa0849a.sol:609:5: Missing @return tag in function 'priceFeed' [Warning/use-natspec]
/sb/0x00ff66ab8699aafa050ee5ef5041d1503aa0849a.sol:609:5: Mismatch in @return count for function 'priceFeed'. Expected: 1, Found: 0 [Warning/use-natspec]
/sb/0x00ff66ab8699aafa050ee5ef5041d1503aa0849a.sol:625:1: Compiler version 0.6.11 does not satisfy the ^0.8.24 semver requirement [Error/compiler-version]
/sb/0x00ff66ab8699aafa050ee5ef5041d1503aa0849a.sol:641:1: Missing @title tag in contract 'IERC20' [Warning/use-natspec]
/sb/0x00ff66ab8699aafa050ee5ef5041d1503aa0849a.sol:641:1: Missing @author tag in contract 'IERC20' [Warning/use-natspec]
/sb/0x00ff66ab8699aafa050ee5ef5041d1503aa0849a.sol:641:1: Missing @notice tag in contract 'IERC20' [Warning/use-natspec]
/sb/0x00ff66ab8699aafa050ee5ef5041d1503aa0849a.sol:649:5: Missing @notice tag in function 'totalSupply' [Warning/use-natspec]
/sb/0x00ff66ab8699aafa050ee5ef5041d1503aa0849a.sol:649:5: Missing @return tag in function 'totalSupply' [Warning/use-natspec]
/sb/0x00ff66ab8699aafa050ee5ef5041d1503aa0849a.sol:649:5: Mismatch in @return count for function 'totalSupply'. Expected: 1, Found: 0 [Warning/use-natspec]
/sb/0x00ff66ab8699aafa050ee5ef5041d1503aa0849a.sol:659:5: Missing @notice tag in function 'balanceOf' [Warning/use-natspec]
/sb/0x00ff66ab8699aafa050ee5ef5041d1503aa0849a.sol:659:5: Missing @param tag in function 'balanceOf' [Warning/use-natspec]
/sb/0x00ff66ab8699aafa050ee5ef5041d1503aa0849a.sol:659:5: Mismatch in @param names for function 'balanceOf'. Expected: [account], Found: [] [Warning/use-natspec]
/sb/0x00ff66ab8699aafa050ee5ef5041d1503aa0849a.sol:659:5: Missing @return tag in function 'balanceOf' [Warning/use-natspec]
/sb/0x00ff66ab8699aafa050ee5ef5041d1503aa0849a.sol:659:5: Mismatch in @return count for function 'balanceOf'. Expected: 1, Found: 0 [Warning/use-natspec]
/sb/0x00ff66ab8699aafa050ee5ef5041d1503aa0849a.sol:677:5: Missing @notice tag in function 'transfer' [Warning/use-natspec]
/sb/0x00ff66ab8699aafa050ee5ef5041d1503aa0849a.sol:677:5: Missing @param tag in function 'transfer' [Warning/use-natspec]
/sb/0x00ff66ab8699aafa050ee5ef5041d1503aa0849a.sol:677:5: Mismatch in @param names for function 'transfer'. Expected: [recipient, amount], Found: [] [Warning/use-natspec]
/sb/0x00ff66ab8699aafa050ee5ef5041d1503aa0849a.sol:677:5: Missing @return tag in function 'transfer' [Warning/use-natspec]
/sb/0x00ff66ab8699aafa050ee5ef5041d1503aa0849a.sol:677:5: Mismatch in @return count for function 'transfer'. Expected: 1, Found: 0 [Warning/use-natspec]
/sb/0x00ff66ab8699aafa050ee5ef5041d1503aa0849a.sol:695:5: Missing @notice tag in function 'allowance' [Warning/use-natspec]
/sb/0x00ff66ab8699aafa050ee5ef5041d1503aa0849a.sol:695:5: Missing @param tag in function 'allowance' [Warning/use-natspec]
/sb/0x00ff66ab8699aafa050ee5ef5041d1503aa0849a.sol:695:5: Mismatch in @param names for function 'allowance'. Expected: [owner, spender], Found: [] [Warning/use-natspec]
/sb/0x00ff66ab8699aafa050ee5ef5041d1503aa0849a.sol:695:5: Missing @return tag in function 'allowance' [Warning/use-natspec]
/sb/0x00ff66ab8699aafa050ee5ef5041d1503aa0849a.sol:695:5: Mismatch in @return count for function 'allowance'. Expected: 1, Found: 0 [Warning/use-natspec]
/sb/0x00ff66ab8699aafa050ee5ef5041d1503aa0849a.sol:697:5: Missing @notice tag in function 'increaseAllowance' [Warning/use-natspec]
/sb/0x00ff66ab8699aafa050ee5ef5041d1503aa0849a.sol:697:5: Missing @param tag in function 'increaseAllowance' [Warning/use-natspec]
/sb/0x00ff66ab8699aafa050ee5ef5041d1503aa0849a.sol:697:5: Mismatch in @param names for function 'increaseAllowance'. Expected: [spender, addedValue], Found: [] [Warning/use-natspec]
/sb/0x00ff66ab8699aafa050ee5ef5041d1503aa0849a.sol:697:5: Missing @return tag in function 'increaseAllowance' [Warning/use-natspec]
/sb/0x00ff66ab8699aafa050ee5ef5041d1503aa0849a.sol:697:5: Mismatch in @return count for function 'increaseAllowance'. Expected: 1, Found: 0 [Warning/use-natspec]
/sb/0x00ff66ab8699aafa050ee5ef5041d1503aa0849a.sol:699:5: Missing @notice tag in function 'decreaseAllowance' [Warning/use-natspec]
/sb/0x00ff66ab8699aafa050ee5ef5041d1503aa0849a.sol:699:5: Missing @param tag in function 'decreaseAllowance' [Warning/use-natspec]
/sb/0x00ff66ab8699aafa050ee5ef5041d1503aa0849a.sol:699:5: Mismatch in @param names for function 'decreaseAllowance'. Expected: [spender, subtractedValue], Found: [] [Warning/use-natspec]
/sb/0x00ff66ab8699aafa050ee5ef5041d1503aa0849a.sol:699:5: Missing @return tag in function 'decreaseAllowance' [Warning/use-natspec]
/sb/0x00ff66ab8699aafa050ee5ef5041d1503aa0849a.sol:699:5: Mismatch in @return count for function 'decreaseAllowance'. Expected: 1, Found: 0 [Warning/use-natspec]
/sb/0x00ff66ab8699aafa050ee5ef5041d1503aa0849a.sol:731:5: Missing @notice tag in function 'approve' [Warning/use-natspec]
/sb/0x00ff66ab8699aafa050ee5ef5041d1503aa0849a.sol:731:5: Missing @param tag in function 'approve' [Warning/use-natspec]
/sb/0x00ff66ab8699aafa050ee5ef5041d1503aa0849a.sol:731:5: Mismatch in @param names for function 'approve'. Expected: [spender, amount], Found: [] [Warning/use-natspec]
/sb/0x00ff66ab8699aafa050ee5ef5041d1503aa0849a.sol:731:5: Missing @return tag in function 'approve' [Warning/use-natspec]
/sb/0x00ff66ab8699aafa050ee5ef5041d1503aa0849a.sol:731:5: Mismatch in @return count for function 'approve'. Expected: 1, Found: 0 [Warning/use-natspec]
/sb/0x00ff66ab8699aafa050ee5ef5041d1503aa0849a.sol:753:5: Missing @notice tag in function 'transferFrom' [Warning/use-natspec]
/sb/0x00ff66ab8699aafa050ee5ef5041d1503aa0849a.sol:753:5: Missing @param tag in function 'transferFrom' [Warning/use-natspec]
/sb/0x00ff66ab8699aafa050ee5ef5041d1503aa0849a.sol:753:5: Mismatch in @param names for function 'transferFrom'. Expected: [sender, recipient, amount], Found: [] [Warning/use-natspec]
/sb/0x00ff66ab8699aafa050ee5ef5041d1503aa0849a.sol:753:5: Missing @return tag in function 'transferFrom' [Warning/use-natspec]
/sb/0x00ff66ab8699aafa050ee5ef5041d1503aa0849a.sol:753:5: Mismatch in @return count for function 'transferFrom'. Expected: 1, Found: 0 [Warning/use-natspec]
/sb/0x00ff66ab8699aafa050ee5ef5041d1503aa0849a.sol:757:5: Missing @notice tag in function 'name' [Warning/use-natspec]
/sb/0x00ff66ab8699aafa050ee5ef5041d1503aa0849a.sol:757:5: Missing @return tag in function 'name' [Warning/use-natspec]
/sb/0x00ff66ab8699aafa050ee5ef5041d1503aa0849a.sol:757:5: Mismatch in @return count for function 'name'. Expected: 1, Found: 0 [Warning/use-natspec]
/sb/0x00ff66ab8699aafa050ee5ef5041d1503aa0849a.sol:759:5: Missing @notice tag in function 'symbol' [Warning/use-natspec]
/sb/0x00ff66ab8699aafa050ee5ef5041d1503aa0849a.sol:759:5: Missing @return tag in function 'symbol' [Warning/use-natspec]
/sb/0x00ff66ab8699aafa050ee5ef5041d1503aa0849a.sol:759:5: Mismatch in @return count for function 'symbol'. Expected: 1, Found: 0 [Warning/use-natspec]
/sb/0x00ff66ab8699aafa050ee5ef5041d1503aa0849a.sol:761:5: Missing @notice tag in function 'decimals' [Warning/use-natspec]
/sb/0x00ff66ab8699aafa050ee5ef5041d1503aa0849a.sol:761:5: Missing @return tag in function 'decimals' [Warning/use-natspec]
/sb/0x00ff66ab8699aafa050ee5ef5041d1503aa0849a.sol:761:5: Mismatch in @return count for function 'decimals'. Expected: 1, Found: 0 [Warning/use-natspec]
/sb/0x00ff66ab8699aafa050ee5ef5041d1503aa0849a.sol:777:5: Missing @notice tag in event 'Transfer' [Warning/use-natspec]
/sb/0x00ff66ab8699aafa050ee5ef5041d1503aa0849a.sol:777:5: Missing @param tag in event 'Transfer' [Warning/use-natspec]
/sb/0x00ff66ab8699aafa050ee5ef5041d1503aa0849a.sol:777:5: Mismatch in @param names for event 'Transfer'. Expected: [from, to, value], Found: [] [Warning/use-natspec]
/sb/0x00ff66ab8699aafa050ee5ef5041d1503aa0849a.sol:777:5: GC: [value] on Event [Transfer] could be Indexed [Warning/gas-indexed-events]
/sb/0x00ff66ab8699aafa050ee5ef5041d1503aa0849a.sol:789:5: Missing @notice tag in event 'Approval' [Warning/use-natspec]
/sb/0x00ff66ab8699aafa050ee5ef5041d1503aa0849a.sol:789:5: Missing @param tag in event 'Approval' [Warning/use-natspec]
/sb/0x00ff66ab8699aafa050ee5ef5041d1503aa0849a.sol:789:5: Mismatch in @param names for event 'Approval'. Expected: [owner, spender, value], Found: [] [Warning/use-natspec]
/sb/0x00ff66ab8699aafa050ee5ef5041d1503aa0849a.sol:789:5: GC: [value] on Event [Approval] could be Indexed [Warning/gas-indexed-events]
/sb/0x00ff66ab8699aafa050ee5ef5041d1503aa0849a.sol:805:1: Compiler version 0.6.11 does not satisfy the ^0.8.24 semver requirement [Error/compiler-version]
/sb/0x00ff66ab8699aafa050ee5ef5041d1503aa0849a.sol:831:1: Missing @title tag in contract 'IERC2612' [Warning/use-natspec]
/sb/0x00ff66ab8699aafa050ee5ef5041d1503aa0849a.sol:831:1: Missing @author tag in contract 'IERC2612' [Warning/use-natspec]
/sb/0x00ff66ab8699aafa050ee5ef5041d1503aa0849a.sol:831:1: Missing @notice tag in contract 'IERC2612' [Warning/use-natspec]
/sb/0x00ff66ab8699aafa050ee5ef5041d1503aa0849a.sol:877:5: Missing @notice tag in function 'permit' [Warning/use-natspec]
/sb/0x00ff66ab8699aafa050ee5ef5041d1503aa0849a.sol:877:5: Missing @param tag in function 'permit' [Warning/use-natspec]
/sb/0x00ff66ab8699aafa050ee5ef5041d1503aa0849a.sol:877:5: Mismatch in @param names for function 'permit'. Expected: [owner, spender, amount, deadline, v, r, s], Found: [] [Warning/use-natspec]
/sb/0x00ff66ab8699aafa050ee5ef5041d1503aa0849a.sol:905:5: Missing @notice tag in function 'nonces' [Warning/use-natspec]
/sb/0x00ff66ab8699aafa050ee5ef5041d1503aa0849a.sol:905:5: Missing @param tag in function 'nonces' [Warning/use-natspec]
/sb/0x00ff66ab8699aafa050ee5ef5041d1503aa0849a.sol:905:5: Mismatch in @param names for function 'nonces'. Expected: [owner], Found: [] [Warning/use-natspec]
/sb/0x00ff66ab8699aafa050ee5ef5041d1503aa0849a.sol:905:5: Missing @return tag in function 'nonces' [Warning/use-natspec]
/sb/0x00ff66ab8699aafa050ee5ef5041d1503aa0849a.sol:905:5: Mismatch in @return count for function 'nonces'. Expected: 1, Found: 0 [Warning/use-natspec]
/sb/0x00ff66ab8699aafa050ee5ef5041d1503aa0849a.sol:909:5: Missing @notice tag in function 'version' [Warning/use-natspec]
/sb/0x00ff66ab8699aafa050ee5ef5041d1503aa0849a.sol:909:5: Missing @return tag in function 'version' [Warning/use-natspec]
/sb/0x00ff66ab8699aafa050ee5ef5041d1503aa0849a.sol:909:5: Mismatch in @return count for function 'version'. Expected: 1, Found: 0 [Warning/use-natspec]
/sb/0x00ff66ab8699aafa050ee5ef5041d1503aa0849a.sol:911:5: Missing @notice tag in function 'permitTypeHash' [Warning/use-natspec]
/sb/0x00ff66ab8699aafa050ee5ef5041d1503aa0849a.sol:911:5: Missing @return tag in function 'permitTypeHash' [Warning/use-natspec]
/sb/0x00ff66ab8699aafa050ee5ef5041d1503aa0849a.sol:911:5: Mismatch in @return count for function 'permitTypeHash'. Expected: 1, Found: 0 [Warning/use-natspec]
/sb/0x00ff66ab8699aafa050ee5ef5041d1503aa0849a.sol:913:5: Missing @notice tag in function 'domainSeparator' [Warning/use-natspec]
/sb/0x00ff66ab8699aafa050ee5ef5041d1503aa0849a.sol:913:5: Missing @return tag in function 'domainSeparator' [Warning/use-natspec]
/sb/0x00ff66ab8699aafa050ee5ef5041d1503aa0849a.sol:913:5: Mismatch in @return count for function 'domainSeparator'. Expected: 1, Found: 0 [Warning/use-natspec]
/sb/0x00ff66ab8699aafa050ee5ef5041d1503aa0849a.sol:929:1: Compiler version 0.6.11 does not satisfy the ^0.8.24 semver requirement [Error/compiler-version]
/sb/0x00ff66ab8699aafa050ee5ef5041d1503aa0849a.sol:935:1: Missing @title tag in contract 'ILUSDToken' [Warning/use-natspec]
/sb/0x00ff66ab8699aafa050ee5ef5041d1503aa0849a.sol:935:1: Missing @author tag in contract 'ILUSDToken' [Warning/use-natspec]
/sb/0x00ff66ab8699aafa050ee5ef5041d1503aa0849a.sol:935:1: Missing @notice tag in contract 'ILUSDToken' [Warning/use-natspec]
/sb/0x00ff66ab8699aafa050ee5ef5041d1503aa0849a.sol:943:5: Missing @notice tag in event 'TroveManagerAddressChanged' [Warning/use-natspec]
/sb/0x00ff66ab8699aafa050ee5ef5041d1503aa0849a.sol:943:5: Missing @param tag in event 'TroveManagerAddressChanged' [Warning/use-natspec]
/sb/0x00ff66ab8699aafa050ee5ef5041d1503aa0849a.sol:943:5: Mismatch in @param names for event 'TroveManagerAddressChanged'. Expected: [_troveManagerAddress], Found: [] [Warning/use-natspec]
/sb/0x00ff66ab8699aafa050ee5ef5041d1503aa0849a.sol:943:5: GC: [_troveManagerAddress] on Event [TroveManagerAddressChanged] could be Indexed [Warning/gas-indexed-events]
/sb/0x00ff66ab8699aafa050ee5ef5041d1503aa0849a.sol:945:5: Missing @notice tag in event 'StabilityPoolAddressChanged' [Warning/use-natspec]
/sb/0x00ff66ab8699aafa050ee5ef5041d1503aa0849a.sol:945:5: Missing @param tag in event 'StabilityPoolAddressChanged' [Warning/use-natspec]
/sb/0x00ff66ab8699aafa050ee5ef5041d1503aa0849a.sol:945:5: Mismatch in @param names for event 'StabilityPoolAddressChanged'. Expected: [_newStabilityPoolAddress], Found: [] [Warning/use-natspec]
/sb/0x00ff66ab8699aafa050ee5ef5041d1503aa0849a.sol:945:5: GC: [_newStabilityPoolAddress] on Event [StabilityPoolAddressChanged] could be Indexed [Warning/gas-indexed-events]
/sb/0x00ff66ab8699aafa050ee5ef5041d1503aa0849a.sol:947:5: Missing @notice tag in event 'BorrowerOperationsAddressChanged' [Warning/use-natspec]
/sb/0x00ff66ab8699aafa050ee5ef5041d1503aa0849a.sol:947:5: Missing @param tag in event 'BorrowerOperationsAddressChanged' [Warning/use-natspec]
/sb/0x00ff66ab8699aafa050ee5ef5041d1503aa0849a.sol:947:5: Mismatch in @param names for event 'BorrowerOperationsAddressChanged'. Expected: [_newBorrowerOperationsAddress], Found: [] [Warning/use-natspec]
/sb/0x00ff66ab8699aafa050ee5ef5041d1503aa0849a.sol:947:5: GC: [_newBorrowerOperationsAddress] on Event [BorrowerOperationsAddressChanged] could be Indexed [Warning/gas-indexed-events]
/sb/0x00ff66ab8699aafa050ee5ef5041d1503aa0849a.sol:951:5: Missing @notice tag in event 'LUSDTokenBalanceUpdated' [Warning/use-natspec]
/sb/0x00ff66ab8699aafa050ee5ef5041d1503aa0849a.sol:951:5: Missing @param tag in event 'LUSDTokenBalanceUpdated' [Warning/use-natspec]
/sb/0x00ff66ab8699aafa050ee5ef5041d1503aa0849a.sol:951:5: Mismatch in @param names for event 'LUSDTokenBalanceUpdated'. Expected: [_user, _amount], Found: [] [Warning/use-natspec]
/sb/0x00ff66ab8699aafa050ee5ef5041d1503aa0849a.sol:951:5: GC: [_user] on Event [LUSDTokenBalanceUpdated] could be Indexed [Warning/gas-indexed-events]
/sb/0x00ff66ab8699aafa050ee5ef5041d1503aa0849a.sol:951:5: GC: [_amount] on Event [LUSDTokenBalanceUpdated] could be Indexed [Warning/gas-indexed-events]
/sb/0x00ff66ab8699aafa050ee5ef5041d1503aa0849a.sol:951:50: Rule is set with explicit type [var/s: uint] [Warning/explicit-types]
/sb/0x00ff66ab8699aafa050ee5ef5041d1503aa0849a.sol:959:5: Missing @notice tag in function 'mint' [Warning/use-natspec]
/sb/0x00ff66ab8699aafa050ee5ef5041d1503aa0849a.sol:959:5: Missing @param tag in function 'mint' [Warning/use-natspec]
/sb/0x00ff66ab8699aafa050ee5ef5041d1503aa0849a.sol:959:5: Mismatch in @param names for function 'mint'. Expected: [_account, _amount], Found: [] [Warning/use-natspec]
/sb/0x00ff66ab8699aafa050ee5ef5041d1503aa0849a.sol:963:5: Missing @notice tag in function 'burn' [Warning/use-natspec]
/sb/0x00ff66ab8699aafa050ee5ef5041d1503aa0849a.sol:963:5: Missing @param tag in function 'burn' [Warning/use-natspec]
/sb/0x00ff66ab8699aafa050ee5ef5041d1503aa0849a.sol:963:5: Mismatch in @param names for function 'burn'. Expected: [_account, _amount], Found: [] [Warning/use-natspec]
/sb/0x00ff66ab8699aafa050ee5ef5041d1503aa0849a.sol:967:5: Missing @notice tag in function 'sendToPool' [Warning/use-natspec]
/sb/0x00ff66ab8699aafa050ee5ef5041d1503aa0849a.sol:967:5: Missing @param tag in function 'sendToPool' [Warning/use-natspec]
/sb/0x00ff66ab8699aafa050ee5ef5041d1503aa0849a.sol:967:5: Mismatch in @param names for function 'sendToPool'. Expected: [_sender, poolAddress, _amount], Found: [] [Warning/use-natspec]
/sb/0x00ff66ab8699aafa050ee5ef5041d1503aa0849a.sol:971:5: Missing @notice tag in function 'returnFromPool' [Warning/use-natspec]
/sb/0x00ff66ab8699aafa050ee5ef5041d1503aa0849a.sol:971:5: Missing @param tag in function 'returnFromPool' [Warning/use-natspec]
/sb/0x00ff66ab8699aafa050ee5ef5041d1503aa0849a.sol:971:5: Mismatch in @param names for function 'returnFromPool'. Expected: [poolAddress, user, _amount], Found: [] [Warning/use-natspec]
/sb/0x00ff66ab8699aafa050ee5ef5041d1503aa0849a.sol:987:1: Compiler version 0.6.11 does not satisfy the ^0.8.24 semver requirement [Error/compiler-version]
/sb/0x00ff66ab8699aafa050ee5ef5041d1503aa0849a.sol:993:1: Missing @title tag in contract 'ILQTYToken' [Warning/use-natspec]
/sb/0x00ff66ab8699aafa050ee5ef5041d1503aa0849a.sol:993:1: Missing @author tag in contract 'ILQTYToken' [Warning/use-natspec]
/sb/0x00ff66ab8699aafa050ee5ef5041d1503aa0849a.sol:993:1: Missing @notice tag in contract 'ILQTYToken' [Warning/use-natspec]
/sb/0x00ff66ab8699aafa050ee5ef5041d1503aa0849a.sol:1001:5: Missing @notice tag in event 'CommunityIssuanceAddressSet' [Warning/use-natspec]
/sb/0x00ff66ab8699aafa050ee5ef5041d1503aa0849a.sol:1001:5: Missing @param tag in event 'CommunityIssuanceAddressSet' [Warning/use-natspec]
/sb/0x00ff66ab8699aafa050ee5ef5041d1503aa0849a.sol:1001:5: Mismatch in @param names for event 'CommunityIssuanceAddressSet'. Expected: [_communityIssuanceAddress], Found: [] [Warning/use-natspec]
/sb/0x00ff66ab8699aafa050ee5ef5041d1503aa0849a.sol:1001:5: GC: [_communityIssuanceAddress] on Event [CommunityIssuanceAddressSet] could be Indexed [Warning/gas-indexed-events]
/sb/0x00ff66ab8699aafa050ee5ef5041d1503aa0849a.sol:1003:5: Missing @notice tag in event 'LQTYStakingAddressSet' [Warning/use-natspec]
/sb/0x00ff66ab8699aafa050ee5ef5041d1503aa0849a.sol:1003:5: Missing @param tag in event 'LQTYStakingAddressSet' [Warning/use-natspec]
/sb/0x00ff66ab8699aafa050ee5ef5041d1503aa0849a.sol:1003:5: Mismatch in @param names for event 'LQTYStakingAddressSet'. Expected: [_lqtyStakingAddress], Found: [] [Warning/use-natspec]
/sb/0x00ff66ab8699aafa050ee5ef5041d1503aa0849a.sol:1003:5: GC: [_lqtyStakingAddress] on Event [LQTYStakingAddressSet] could be Indexed [Warning/gas-indexed-events]
/sb/0x00ff66ab8699aafa050ee5ef5041d1503aa0849a.sol:1005:5: Missing @notice tag in event 'LockupContractFactoryAddressSet' [Warning/use-natspec]
/sb/0x00ff66ab8699aafa050ee5ef5041d1503aa0849a.sol:1005:5: Missing @param tag in event 'LockupContractFactoryAddressSet' [Warning/use-natspec]
/sb/0x00ff66ab8699aafa050ee5ef5041d1503aa0849a.sol:1005:5: Mismatch in @param names for event 'LockupContractFactoryAddressSet'. Expected: [_lockupContractFactoryAddress], Found: [] [Warning/use-natspec]
/sb/0x00ff66ab8699aafa050ee5ef5041d1503aa0849a.sol:1005:5: GC: [_lockupContractFactoryAddress] on Event [LockupContractFactoryAddressSet] could be Indexed [Warning/gas-indexed-events]
/sb/0x00ff66ab8699aafa050ee5ef5041d1503aa0849a.sol:1013:5: Missing @notice tag in function 'sendToLQTYStaking' [Warning/use-natspec]
/sb/0x00ff66ab8699aafa050ee5ef5041d1503aa0849a.sol:1013:5: Missing @param tag in function 'sendToLQTYStaking' [Warning/use-natspec]
/sb/0x00ff66ab8699aafa050ee5ef5041d1503aa0849a.sol:1013:5: Mismatch in @param names for function 'sendToLQTYStaking'. Expected: [_sender, _amount], Found: [] [Warning/use-natspec]
/sb/0x00ff66ab8699aafa050ee5ef5041d1503aa0849a.sol:1017:5: Missing @notice tag in function 'getDeploymentStartTime' [Warning/use-natspec]
/sb/0x00ff66ab8699aafa050ee5ef5041d1503aa0849a.sol:1017:5: Missing @return tag in function 'getDeploymentStartTime' [Warning/use-natspec]
/sb/0x00ff66ab8699aafa050ee5ef5041d1503aa0849a.sol:1017:5: Mismatch in @return count for function 'getDeploymentStartTime'. Expected: 1, Found: 0 [Warning/use-natspec]
/sb/0x00ff66ab8699aafa050ee5ef5041d1503aa0849a.sol:1021:5: Missing @notice tag in function 'getLpRewardsEntitlement' [Warning/use-natspec]
/sb/0x00ff66ab8699aafa050ee5ef5041d1503aa0849a.sol:1021:5: Missing @return tag in function 'getLpRewardsEntitlement' [Warning/use-natspec]
/sb/0x00ff66ab8699aafa050ee5ef5041d1503aa0849a.sol:1021:5: Mismatch in @return count for function 'getLpRewardsEntitlement'. Expected: 1, Found: 0 [Warning/use-natspec]
/sb/0x00ff66ab8699aafa050ee5ef5041d1503aa0849a.sol:1037:1: Compiler version 0.6.11 does not satisfy the ^0.8.24 semver requirement [Error/compiler-version]
/sb/0x00ff66ab8699aafa050ee5ef5041d1503aa0849a.sol:1041:1: Missing @title tag in contract 'ILQTYStaking' [Warning/use-natspec]
/sb/0x00ff66ab8699aafa050ee5ef5041d1503aa0849a.sol:1041:1: Missing @author tag in contract 'ILQTYStaking' [Warning/use-natspec]
/sb/0x00ff66ab8699aafa050ee5ef5041d1503aa0849a.sol:1041:1: Missing @notice tag in contract 'ILQTYStaking' [Warning/use-natspec]
/sb/0x00ff66ab8699aafa050ee5ef5041d1503aa0849a.sol:1049:5: Missing @notice tag in event 'LQTYTokenAddressSet' [Warning/use-natspec]
/sb/0x00ff66ab8699aafa050ee5ef5041d1503aa0849a.sol:1049:5: Missing @param tag in event 'LQTYTokenAddressSet' [Warning/use-natspec]
/sb/0x00ff66ab8699aafa050ee5ef5041d1503aa0849a.sol:1049:5: Mismatch in @param names for event 'LQTYTokenAddressSet'. Expected: [_lqtyTokenAddress], Found: [] [Warning/use-natspec]
/sb/0x00ff66ab8699aafa050ee5ef5041d1503aa0849a.sol:1049:5: GC: [_lqtyTokenAddress] on Event [LQTYTokenAddressSet] could be Indexed [Warning/gas-indexed-events]
/sb/0x00ff66ab8699aafa050ee5ef5041d1503aa0849a.sol:1051:5: Missing @notice tag in event 'LUSDTokenAddressSet' [Warning/use-natspec]
/sb/0x00ff66ab8699aafa050ee5ef5041d1503aa0849a.sol:1051:5: Missing @param tag in event 'LUSDTokenAddressSet' [Warning/use-natspec]
/sb/0x00ff66ab8699aafa050ee5ef5041d1503aa0849a.sol:1051:5: Mismatch in @param names for event 'LUSDTokenAddressSet'. Expected: [_lusdTokenAddress], Found: [] [Warning/use-natspec]
/sb/0x00ff66ab8699aafa050ee5ef5041d1503aa0849a.sol:1051:5: GC: [_lusdTokenAddress] on Event [LUSDTokenAddressSet] could be Indexed [Warning/gas-indexed-events]
/sb/0x00ff66ab8699aafa050ee5ef5041d1503aa0849a.sol:1053:5: Missing @notice tag in event 'TroveManagerAddressSet' [Warning/use-natspec]
/sb/0x00ff66ab8699aafa050ee5ef5041d1503aa0849a.sol:1053:5: Missing @param tag in event 'TroveManagerAddressSet' [Warning/use-natspec]
/sb/0x00ff66ab8699aafa050ee5ef5041d1503aa0849a.sol:1053:5: Mismatch in @param names for event 'TroveManagerAddressSet'. Expected: [_troveManager], Found: [] [Warning/use-natspec]
/sb/0x00ff66ab8699aafa050ee5ef5041d1503aa0849a.sol:1053:5: GC: [_troveManager] on Event [TroveManagerAddressSet] could be Indexed [Warning/gas-indexed-events]
/sb/0x00ff66ab8699aafa050ee5ef5041d1503aa0849a.sol:1055:5: Missing @notice tag in event 'BorrowerOperationsAddressSet' [Warning/use-natspec]
/sb/0x00ff66ab8699aafa050ee5ef5041d1503aa0849a.sol:1055:5: Missing @param tag in event 'BorrowerOperationsAddressSet' [Warning/use-natspec]
/sb/0x00ff66ab8699aafa050ee5ef5041d1503aa0849a.sol:1055:5: Mismatch in @param names for event 'BorrowerOperationsAddressSet'. Expected: [_borrowerOperationsAddress], Found: [] [Warning/use-natspec]
/sb/0x00ff66ab8699aafa050ee5ef5041d1503aa0849a.sol:1055:5: GC: [_borrowerOperationsAddress] on Event [BorrowerOperationsAddressSet] could be Indexed [Warning/gas-indexed-events]
/sb/0x00ff66ab8699aafa050ee5ef5041d1503aa0849a.sol:1057:5: Missing @notice tag in event 'ActivePoolAddressSet' [Warning/use-natspec]
/sb/0x00ff66ab8699aafa050ee5ef5041d1503aa0849a.sol:1057:5: Missing @param tag in event 'ActivePoolAddressSet' [Warning/use-natspec]
/sb/0x00ff66ab8699aafa050ee5ef5041d1503aa0849a.sol:1057:5: Mismatch in @param names for event 'ActivePoolAddressSet'. Expected: [_activePoolAddress], Found: [] [Warning/use-natspec]
/sb/0x00ff66ab8699aafa050ee5ef5041d1503aa0849a.sol:1057:5: GC: [_activePoolAddress] on Event [ActivePoolAddressSet] could be Indexed [Warning/gas-indexed-events]
/sb/0x00ff66ab8699aafa050ee5ef5041d1503aa0849a.sol:1061:5: Missing @notice tag in event 'StakeChanged' [Warning/use-natspec]
/sb/0x00ff66ab8699aafa050ee5ef5041d1503aa0849a.sol:1061:5: Missing @param tag in event 'StakeChanged' [Warning/use-natspec]
/sb/0x00ff66ab8699aafa050ee5ef5041d1503aa0849a.sol:1061:5: Mismatch in @param names for event 'StakeChanged'. Expected: [staker, newStake], Found: [] [Warning/use-natspec]
/sb/0x00ff66ab8699aafa050ee5ef5041d1503aa0849a.sol:1061:5: GC: [newStake] on Event [StakeChanged] could be Indexed [Warning/gas-indexed-events]
/sb/0x00ff66ab8699aafa050ee5ef5041d1503aa0849a.sol:1061:48: Rule is set with explicit type [var/s: uint] [Warning/explicit-types]
/sb/0x00ff66ab8699aafa050ee5ef5041d1503aa0849a.sol:1063:5: Missing @notice tag in event 'StakingGainsWithdrawn' [Warning/use-natspec]
/sb/0x00ff66ab8699aafa050ee5ef5041d1503aa0849a.sol:1063:5: Missing @param tag in event 'StakingGainsWithdrawn' [Warning/use-natspec]
/sb/0x00ff66ab8699aafa050ee5ef5041d1503aa0849a.sol:1063:5: Mismatch in @param names for event 'StakingGainsWithdrawn'. Expected: [staker, LUSDGain, ETHGain], Found: [] [Warning/use-natspec]
/sb/0x00ff66ab8699aafa050ee5ef5041d1503aa0849a.sol:1063:5: GC: [LUSDGain] on Event [StakingGainsWithdrawn] could be Indexed [Warning/gas-indexed-events]
/sb/0x00ff66ab8699aafa050ee5ef5041d1503aa0849a.sol:1063:5: GC: [ETHGain] on Event [StakingGainsWithdrawn] could be Indexed [Warning/gas-indexed-events]
/sb/0x00ff66ab8699aafa050ee5ef5041d1503aa0849a.sol:1063:57: Rule is set with explicit type [var/s: uint] [Warning/explicit-types]
/sb/0x00ff66ab8699aafa050ee5ef5041d1503aa0849a.sol:1063:57: Variable name must be in mixedCase LUSDGain [Warning/var-name-mixedcase]
/sb/0x00ff66ab8699aafa050ee5ef5041d1503aa0849a.sol:1063:72: Rule is set with explicit type [var/s: uint] [Warning/explicit-types]
/sb/0x00ff66ab8699aafa050ee5ef5041d1503aa0849a.sol:1063:72: Variable name must be in mixedCase ETHGain [Warning/var-name-mixedcase]
/sb/0x00ff66ab8699aafa050ee5ef5041d1503aa0849a.sol:1065:5: Missing @notice tag in event 'F_ETHUpdated' [Warning/use-natspec]
/sb/0x00ff66ab8699aafa050ee5ef5041d1503aa0849a.sol:1065:5: Missing @param tag in event 'F_ETHUpdated' [Warning/use-natspec]
/sb/0x00ff66ab8699aafa050ee5ef5041d1503aa0849a.sol:1065:5: Mismatch in @param names for event 'F_ETHUpdated'. Expected: [_F_ETH], Found: [] [Warning/use-natspec]
/sb/0x00ff66ab8699aafa050ee5ef5041d1503aa0849a.sol:1065:5: Event name must be in CapWords [Warning/event-name-capwords]
/sb/0x00ff66ab8699aafa050ee5ef5041d1503aa0849a.sol:1065:5: GC: [_F_ETH] on Event [F_ETHUpdated] could be Indexed [Warning/gas-indexed-events]
/sb/0x00ff66ab8699aafa050ee5ef5041d1503aa0849a.sol:1065:24: Rule is set with explicit type [var/s: uint] [Warning/explicit-types]
/sb/0x00ff66ab8699aafa050ee5ef5041d1503aa0849a.sol:1065:24: Variable name must be in mixedCase _F_ETH [Warning/var-name-mixedcase]
/sb/0x00ff66ab8699aafa050ee5ef5041d1503aa0849a.sol:1067:5: Missing @notice tag in event 'F_LUSDUpdated' [Warning/use-natspec]
/sb/0x00ff66ab8699aafa050ee5ef5041d1503aa0849a.sol:1067:5: Missing @param tag in event 'F_LUSDUpdated' [Warning/use-natspec]
/sb/0x00ff66ab8699aafa050ee5ef5041d1503aa0849a.sol:1067:5: Mismatch in @param names for event 'F_LUSDUpdated'. Expected: [_F_LUSD], Found: [] [Warning/use-natspec]
/sb/0x00ff66ab8699aafa050ee5ef5041d1503aa0849a.sol:1067:5: Event name must be in CapWords [Warning/event-name-capwords]
/sb/0x00ff66ab8699aafa050ee5ef5041d1503aa0849a.sol:1067:5: GC: [_F_LUSD] on Event [F_LUSDUpdated] could be Indexed [Warning/gas-indexed-events]
/sb/0x00ff66ab8699aafa050ee5ef5041d1503aa0849a.sol:1067:25: Rule is set with explicit type [var/s: uint] [Warning/explicit-types]
/sb/0x00ff66ab8699aafa050ee5ef5041d1503aa0849a.sol:1067:25: Variable name must be in mixedCase _F_LUSD [Warning/var-name-mixedcase]
/sb/0x00ff66ab8699aafa050ee5ef5041d1503aa0849a.sol:1069:5: Missing @notice tag in event 'TotalLQTYStakedUpdated' [Warning/use-natspec]
/sb/0x00ff66ab8699aafa050ee5ef5041d1503aa0849a.sol:1069:5: Missing @param tag in event 'TotalLQTYStakedUpdated' [Warning/use-natspec]
/sb/0x00ff66ab8699aafa050ee5ef5041d1503aa0849a.sol:1069:5: Mismatch in @param names for event 'TotalLQTYStakedUpdated'. Expected: [_totalLQTYStaked], Found: [] [Warning/use-natspec]
/sb/0x00ff66ab8699aafa050ee5ef5041d1503aa0849a.sol:1069:5: GC: [_totalLQTYStaked] on Event [TotalLQTYStakedUpdated] could be Indexed [Warning/gas-indexed-events]
/sb/0x00ff66ab8699aafa050ee5ef5041d1503aa0849a.sol:1069:34: Rule is set with explicit type [var/s: uint] [Warning/explicit-types]
/sb/0x00ff66ab8699aafa050ee5ef5041d1503aa0849a.sol:1071:5: Missing @notice tag in event 'EtherSent' [Warning/use-natspec]
/sb/0x00ff66ab8699aafa050ee5ef5041d1503aa0849a.sol:1071:5: Missing @param tag in event 'EtherSent' [Warning/use-natspec]
/sb/0x00ff66ab8699aafa050ee5ef5041d1503aa0849a.sol:1071:5: Mismatch in @param names for event 'EtherSent'. Expected: [_account, _amount], Found: [] [Warning/use-natspec]
/sb/0x00ff66ab8699aafa050ee5ef5041d1503aa0849a.sol:1071:5: GC: [_account] on Event [EtherSent] could be Indexed [Warning/gas-indexed-events]
/sb/0x00ff66ab8699aafa050ee5ef5041d1503aa0849a.sol:1071:5: GC: [_amount] on Event [EtherSent] could be Indexed [Warning/gas-indexed-events]
/sb/0x00ff66ab8699aafa050ee5ef5041d1503aa0849a.sol:1071:39: Rule is set with explicit type [var/s: uint] [Warning/explicit-types]
/sb/0x00ff66ab8699aafa050ee5ef5041d1503aa0849a.sol:1073:5: Missing @notice tag in event 'StakerSnapshotsUpdated' [Warning/use-natspec]
/sb/0x00ff66ab8699aafa050ee5ef5041d1503aa0849a.sol:1073:5: Missing @param tag in event 'StakerSnapshotsUpdated' [Warning/use-natspec]
/sb/0x00ff66ab8699aafa050ee5ef5041d1503aa0849a.sol:1073:5: Mismatch in @param names for event 'StakerSnapshotsUpdated'. Expected: [_staker, _F_ETH, _F_LUSD], Found: [] [Warning/use-natspec]
/sb/0x00ff66ab8699aafa050ee5ef5041d1503aa0849a.sol:1073:5: GC: [_staker] on Event [StakerSnapshotsUpdated] could be Indexed [Warning/gas-indexed-events]
/sb/0x00ff66ab8699aafa050ee5ef5041d1503aa0849a.sol:1073:5: GC: [_F_ETH] on Event [StakerSnapshotsUpdated] could be Indexed [Warning/gas-indexed-events]
/sb/0x00ff66ab8699aafa050ee5ef5041d1503aa0849a.sol:1073:5: GC: [_F_LUSD] on Event [StakerSnapshotsUpdated] could be Indexed [Warning/gas-indexed-events]
/sb/0x00ff66ab8699aafa050ee5ef5041d1503aa0849a.sol:1073:51: Rule is set with explicit type [var/s: uint] [Warning/explicit-types]
/sb/0x00ff66ab8699aafa050ee5ef5041d1503aa0849a.sol:1073:51: Variable name must be in mixedCase _F_ETH [Warning/var-name-mixedcase]
/sb/0x00ff66ab8699aafa050ee5ef5041d1503aa0849a.sol:1073:64: Rule is set with explicit type [var/s: uint] [Warning/explicit-types]
/sb/0x00ff66ab8699aafa050ee5ef5041d1503aa0849a.sol:1073:64: Variable name must be in mixedCase _F_LUSD [Warning/var-name-mixedcase]
/sb/0x00ff66ab8699aafa050ee5ef5041d1503aa0849a.sol:1081:5: Missing @notice tag in function 'setAddresses' [Warning/use-natspec]
/sb/0x00ff66ab8699aafa050ee5ef5041d1503aa0849a.sol:1081:5: Missing @param tag in function 'setAddresses' [Warning/use-natspec]
/sb/0x00ff66ab8699aafa050ee5ef5041d1503aa0849a.sol:1081:5: Mismatch in @param names for function 'setAddresses'. Expected: [_lqtyTokenAddress, _lusdTokenAddress, _troveManagerAddress, _borrowerOperationsAddress, _activePoolAddress], Found: [] [Warning/use-natspec]
/sb/0x00ff66ab8699aafa050ee5ef5041d1503aa0849a.sol:1099:5: Missing @notice tag in function 'stake' [Warning/use-natspec]
/sb/0x00ff66ab8699aafa050ee5ef5041d1503aa0849a.sol:1099:5: Missing @param tag in function 'stake' [Warning/use-natspec]
/sb/0x00ff66ab8699aafa050ee5ef5041d1503aa0849a.sol:1099:5: Mismatch in @param names for function 'stake'. Expected: [_LQTYamount], Found: [] [Warning/use-natspec]
/sb/0x00ff66ab8699aafa050ee5ef5041d1503aa0849a.sol:1099:20: Rule is set with explicit type [var/s: uint] [Warning/explicit-types]
/sb/0x00ff66ab8699aafa050ee5ef5041d1503aa0849a.sol:1099:20: Variable name must be in mixedCase _LQTYamount [Warning/var-name-mixedcase]
/sb/0x00ff66ab8699aafa050ee5ef5041d1503aa0849a.sol:1103:5: Missing @notice tag in function 'unstake' [Warning/use-natspec]
/sb/0x00ff66ab8699aafa050ee5ef5041d1503aa0849a.sol:1103:5: Missing @param tag in function 'unstake' [Warning/use-natspec]
/sb/0x00ff66ab8699aafa050ee5ef5041d1503aa0849a.sol:1103:5: Mismatch in @param names for function 'unstake'. Expected: [_LQTYamount], Found: [] [Warning/use-natspec]
/sb/0x00ff66ab8699aafa050ee5ef5041d1503aa0849a.sol:1103:22: Rule is set with explicit type [var/s: uint] [Warning/explicit-types]
/sb/0x00ff66ab8699aafa050ee5ef5041d1503aa0849a.sol:1103:22: Variable name must be in mixedCase _LQTYamount [Warning/var-name-mixedcase]
/sb/0x00ff66ab8699aafa050ee5ef5041d1503aa0849a.sol:1107:5: Missing @notice tag in function 'increaseF_ETH' [Warning/use-natspec]
/sb/0x00ff66ab8699aafa050ee5ef5041d1503aa0849a.sol:1107:5: Missing @param tag in function 'increaseF_ETH' [Warning/use-natspec]
/sb/0x00ff66ab8699aafa050ee5ef5041d1503aa0849a.sol:1107:5: Mismatch in @param names for function 'increaseF_ETH'. Expected: [_ETHFee], Found: [] [Warning/use-natspec]
/sb/0x00ff66ab8699aafa050ee5ef5041d1503aa0849a.sol:1107:5: Function name must be in mixedCase [Warning/func-name-mixedcase]
/sb/0x00ff66ab8699aafa050ee5ef5041d1503aa0849a.sol:1107:28: Rule is set with explicit type [var/s: uint] [Warning/explicit-types]
/sb/0x00ff66ab8699aafa050ee5ef5041d1503aa0849a.sol:1107:28: Variable name must be in mixedCase _ETHFee [Warning/var-name-mixedcase]
/sb/0x00ff66ab8699aafa050ee5ef5041d1503aa0849a.sol:1111:5: Missing @notice tag in function 'increaseF_LUSD' [Warning/use-natspec]
/sb/0x00ff66ab8699aafa050ee5ef5041d1503aa0849a.sol:1111:5: Missing @param tag in function 'increaseF_LUSD' [Warning/use-natspec]
/sb/0x00ff66ab8699aafa050ee5ef5041d1503aa0849a.sol:1111:5: Mismatch in @param names for function 'increaseF_LUSD'. Expected: [_LQTYFee], Found: [] [Warning/use-natspec]
/sb/0x00ff66ab8699aafa050ee5ef5041d1503aa0849a.sol:1111:5: Function name must be in mixedCase [Warning/func-name-mixedcase]
/sb/0x00ff66ab8699aafa050ee5ef5041d1503aa0849a.sol:1111:29: Rule is set with explicit type [var/s: uint] [Warning/explicit-types]
/sb/0x00ff66ab8699aafa050ee5ef5041d1503aa0849a.sol:1111:29: Variable name must be in mixedCase _LQTYFee [Warning/var-name-mixedcase]
/sb/0x00ff66ab8699aafa050ee5ef5041d1503aa0849a.sol:1115:5: Missing @notice tag in function 'getPendingETHGain' [Warning/use-natspec]
/sb/0x00ff66ab8699aafa050ee5ef5041d1503aa0849a.sol:1115:5: Missing @param tag in function 'getPendingETHGain' [Warning/use-natspec]
/sb/0x00ff66ab8699aafa050ee5ef5041d1503aa0849a.sol:1115:5: Mismatch in @param names for function 'getPendingETHGain'. Expected: [_user], Found: [] [Warning/use-natspec]
/sb/0x00ff66ab8699aafa050ee5ef5041d1503aa0849a.sol:1115:5: Missing @return tag in function 'getPendingETHGain' [Warning/use-natspec]
/sb/0x00ff66ab8699aafa050ee5ef5041d1503aa0849a.sol:1115:5: Mismatch in @return count for function 'getPendingETHGain'. Expected: 1, Found: 0 [Warning/use-natspec]
/sb/0x00ff66ab8699aafa050ee5ef5041d1503aa0849a.sol:1115:70: Rule is set with explicit type [var/s: uint] [Warning/explicit-types]
/sb/0x00ff66ab8699aafa050ee5ef5041d1503aa0849a.sol:1119:5: Missing @notice tag in function 'getPendingLUSDGain' [Warning/use-natspec]
/sb/0x00ff66ab8699aafa050ee5ef5041d1503aa0849a.sol:1119:5: Missing @param tag in function 'getPendingLUSDGain' [Warning/use-natspec]
/sb/0x00ff66ab8699aafa050ee5ef5041d1503aa0849a.sol:1119:5: Mismatch in @param names for function 'getPendingLUSDGain'. Expected: [_user], Found: [] [Warning/use-natspec]
/sb/0x00ff66ab8699aafa050ee5ef5041d1503aa0849a.sol:1119:5: Missing @return tag in function 'getPendingLUSDGain' [Warning/use-natspec]
/sb/0x00ff66ab8699aafa050ee5ef5041d1503aa0849a.sol:1119:5: Mismatch in @return count for function 'getPendingLUSDGain'. Expected: 1, Found: 0 [Warning/use-natspec]
/sb/0x00ff66ab8699aafa050ee5ef5041d1503aa0849a.sol:1119:71: Rule is set with explicit type [var/s: uint] [Warning/explicit-types]
/sb/0x00ff66ab8699aafa050ee5ef5041d1503aa0849a.sol:1135:1: Compiler version 0.6.11 does not satisfy the ^0.8.24 semver requirement [Error/compiler-version]
/sb/0x00ff66ab8699aafa050ee5ef5041d1503aa0849a.sol:1149:1: Missing @title tag in contract 'ITroveManager' [Warning/use-natspec]
/sb/0x00ff66ab8699aafa050ee5ef5041d1503aa0849a.sol:1149:1: Missing @author tag in contract 'ITroveManager' [Warning/use-natspec]
/sb/0x00ff66ab8699aafa050ee5ef5041d1503aa0849a.sol:1149:1: Missing @notice tag in contract 'ITroveManager' [Warning/use-natspec]
/sb/0x00ff66ab8699aafa050ee5ef5041d1503aa0849a.sol:1157:5: Missing @notice tag in event 'BorrowerOperationsAddressChanged' [Warning/use-natspec]
/sb/0x00ff66ab8699aafa050ee5ef5041d1503aa0849a.sol:1157:5: Missing @param tag in event 'BorrowerOperationsAddressChanged' [Warning/use-natspec]
/sb/0x00ff66ab8699aafa050ee5ef5041d1503aa0849a.sol:1157:5: Mismatch in @param names for event 'BorrowerOperationsAddressChanged'. Expected: [_newBorrowerOperationsAddress], Found: [] [Warning/use-natspec]
/sb/0x00ff66ab8699aafa050ee5ef5041d1503aa0849a.sol:1157:5: GC: [_newBorrowerOperationsAddress] on Event [BorrowerOperationsAddressChanged] could be Indexed [Warning/gas-indexed-events]
/sb/0x00ff66ab8699aafa050ee5ef5041d1503aa0849a.sol:1159:5: Missing @notice tag in event 'PriceFeedAddressChanged' [Warning/use-natspec]
/sb/0x00ff66ab8699aafa050ee5ef5041d1503aa0849a.sol:1159:5: Missing @param tag in event 'PriceFeedAddressChanged' [Warning/use-natspec]
/sb/0x00ff66ab8699aafa050ee5ef5041d1503aa0849a.sol:1159:5: Mismatch in @param names for event 'PriceFeedAddressChanged'. Expected: [_newPriceFeedAddress], Found: [] [Warning/use-natspec]
/sb/0x00ff66ab8699aafa050ee5ef5041d1503aa0849a.sol:1159:5: GC: [_newPriceFeedAddress] on Event [PriceFeedAddressChanged] could be Indexed [Warning/gas-indexed-events]
/sb/0x00ff66ab8699aafa050ee5ef5041d1503aa0849a.sol:1161:5: Missing @notice tag in event 'LUSDTokenAddressChanged' [Warning/use-natspec]
/sb/0x00ff66ab8699aafa050ee5ef5041d1503aa0849a.sol:1161:5: Missing @param tag in event 'LUSDTokenAddressChanged' [Warning/use-natspec]
/sb/0x00ff66ab8699aafa050ee5ef5041d1503aa0849a.sol:1161:5: Mismatch in @param names for event 'LUSDTokenAddressChanged'. Expected: [_newLUSDTokenAddress], Found: [] [Warning/use-natspec]
/sb/0x00ff66ab8699aafa050ee5ef5041d1503aa0849a.sol:1161:5: GC: [_newLUSDTokenAddress] on Event [LUSDTokenAddressChanged] could be Indexed [Warning/gas-indexed-events]
/sb/0x00ff66ab8699aafa050ee5ef5041d1503aa0849a.sol:1163:5: Missing @notice tag in event 'ActivePoolAddressChanged' [Warning/use-natspec]
/sb/0x00ff66ab8699aafa050ee5ef5041d1503aa0849a.sol:1163:5: Missing @param tag in event 'ActivePoolAddressChanged' [Warning/use-natspec]
/sb/0x00ff66ab8699aafa050ee5ef5041d1503aa0849a.sol:1163:5: Mismatch in @param names for event 'ActivePoolAddressChanged'. Expected: [_activePoolAddress], Found: [] [Warning/use-natspec]
/sb/0x00ff66ab8699aafa050ee5ef5041d1503aa0849a.sol:1163:5: GC: [_activePoolAddress] on Event [ActivePoolAddressChanged] could be Indexed [Warning/gas-indexed-events]
/sb/0x00ff66ab8699aafa050ee5ef5041d1503aa0849a.sol:1165:5: Missing @notice tag in event 'DefaultPoolAddressChanged' [Warning/use-natspec]
/sb/0x00ff66ab8699aafa050ee5ef5041d1503aa0849a.sol:1165:5: Missing @param tag in event 'DefaultPoolAddressChanged' [Warning/use-natspec]
/sb/0x00ff66ab8699aafa050ee5ef5041d1503aa0849a.sol:1165:5: Mismatch in @param names for event 'DefaultPoolAddressChanged'. Expected: [_defaultPoolAddress], Found: [] [Warning/use-natspec]
/sb/0x00ff66ab8699aafa050ee5ef5041d1503aa0849a.sol:1165:5: GC: [_defaultPoolAddress] on Event [DefaultPoolAddressChanged] could be Indexed [Warning/gas-indexed-events]
/sb/0x00ff66ab8699aafa050ee5ef5041d1503aa0849a.sol:1167:5: Missing @notice tag in event 'StabilityPoolAddressChanged' [Warning/use-natspec]
/sb/0x00ff66ab8699aafa050ee5ef5041d1503aa0849a.sol:1167:5: Missing @param tag in event 'StabilityPoolAddressChanged' [Warning/use-natspec]
/sb/0x00ff66ab8699aafa050ee5ef5041d1503aa0849a.sol:1167:5: Mismatch in @param names for event 'StabilityPoolAddressChanged'. Expected: [_stabilityPoolAddress], Found: [] [Warning/use-natspec]
/sb/0x00ff66ab8699aafa050ee5ef5041d1503aa0849a.sol:1167:5: GC: [_stabilityPoolAddress] on Event [StabilityPoolAddressChanged] could be Indexed [Warning/gas-indexed-events]
/sb/0x00ff66ab8699aafa050ee5ef5041d1503aa0849a.sol:1169:5: Missing @notice tag in event 'GasPoolAddressChanged' [Warning/use-natspec]
/sb/0x00ff66ab8699aafa050ee5ef5041d1503aa0849a.sol:1169:5: Missing @param tag in event 'GasPoolAddressChanged' [Warning/use-natspec]
/sb/0x00ff66ab8699aafa050ee5ef5041d1503aa0849a.sol:1169:5: Mismatch in @param names for event 'GasPoolAddressChanged'. Expected: [_gasPoolAddress], Found: [] [Warning/use-natspec]
/sb/0x00ff66ab8699aafa050ee5ef5041d1503aa0849a.sol:1169:5: GC: [_gasPoolAddress] on Event [GasPoolAddressChanged] could be Indexed [Warning/gas-indexed-events]
/sb/0x00ff66ab8699aafa050ee5ef5041d1503aa0849a.sol:1171:5: Missing @notice tag in event 'CollSurplusPoolAddressChanged' [Warning/use-natspec]
/sb/0x00ff66ab8699aafa050ee5ef5041d1503aa0849a.sol:1171:5: Missing @param tag in event 'CollSurplusPoolAddressChanged' [Warning/use-natspec]
/sb/0x00ff66ab8699aafa050ee5ef5041d1503aa0849a.sol:1171:5: Mismatch in @param names for event 'CollSurplusPoolAddressChanged'. Expected: [_collSurplusPoolAddress], Found: [] [Warning/use-natspec]
/sb/0x00ff66ab8699aafa050ee5ef5041d1503aa0849a.sol:1171:5: GC: [_collSurplusPoolAddress] on Event [CollSurplusPoolAddressChanged] could be Indexed [Warning/gas-indexed-events]
/sb/0x00ff66ab8699aafa050ee5ef5041d1503aa0849a.sol:1173:5: Missing @notice tag in event 'SortedTrovesAddressChanged' [Warning/use-natspec]
/sb/0x00ff66ab8699aafa050ee5ef5041d1503aa0849a.sol:1173:5: Missing @param tag in event 'SortedTrovesAddressChanged' [Warning/use-natspec]
/sb/0x00ff66ab8699aafa050ee5ef5041d1503aa0849a.sol:1173:5: Mismatch in @param names for event 'SortedTrovesAddressChanged'. Expected: [_sortedTrovesAddress], Found: [] [Warning/use-natspec]
/sb/0x00ff66ab8699aafa050ee5ef5041d1503aa0849a.sol:1173:5: GC: [_sortedTrovesAddress] on Event [SortedTrovesAddressChanged] could be Indexed [Warning/gas-indexed-events]
/sb/0x00ff66ab8699aafa050ee5ef5041d1503aa0849a.sol:1175:5: Missing @notice tag in event 'LQTYTokenAddressChanged' [Warning/use-natspec]
/sb/0x00ff66ab8699aafa050ee5ef5041d1503aa0849a.sol:1175:5: Missing @param tag in event 'LQTYTokenAddressChanged' [Warning/use-natspec]
/sb/0x00ff66ab8699aafa050ee5ef5041d1503aa0849a.sol:1175:5: Mismatch in @param names for event 'LQTYTokenAddressChanged'. Expected: [_lqtyTokenAddress], Found: [] [Warning/use-natspec]
/sb/0x00ff66ab8699aafa050ee5ef5041d1503aa0849a.sol:1175:5: GC: [_lqtyTokenAddress] on Event [LQTYTokenAddressChanged] could be Indexed [Warning/gas-indexed-events]
/sb/0x00ff66ab8699aafa050ee5ef5041d1503aa0849a.sol:1177:5: Missing @notice tag in event 'LQTYStakingAddressChanged' [Warning/use-natspec]
/sb/0x00ff66ab8699aafa050ee5ef5041d1503aa0849a.sol:1177:5: Missing @param tag in event 'LQTYStakingAddressChanged' [Warning/use-natspec]
/sb/0x00ff66ab8699aafa050ee5ef5041d1503aa0849a.sol:1177:5: Mismatch in @param names for event 'LQTYStakingAddressChanged'. Expected: [_lqtyStakingAddress], Found: [] [Warning/use-natspec]
/sb/0x00ff66ab8699aafa050ee5ef5041d1503aa0849a.sol:1177:5: GC: [_lqtyStakingAddress] on Event [LQTYStakingAddressChanged] could be Indexed [Warning/gas-indexed-events]
/sb/0x00ff66ab8699aafa050ee5ef5041d1503aa0849a.sol:1181:5: Missing @notice tag in event 'Liquidation' [Warning/use-natspec]
/sb/0x00ff66ab8699aafa050ee5ef5041d1503aa0849a.sol:1181:5: Missing @param tag in event 'Liquidation' [Warning/use-natspec]
/sb/0x00ff66ab8699aafa050ee5ef5041d1503aa0849a.sol:1181:5: Mismatch in @param names for event 'Liquidation'. Expected: [_liquidatedDebt, _liquidatedColl, _collGasCompensation, _LUSDGasCompensation], Found: [] [Warning/use-natspec]
/sb/0x00ff66ab8699aafa050ee5ef5041d1503aa0849a.sol:1181:5: GC: [_liquidatedDebt] on Event [Liquidation] could be Indexed [Warning/gas-indexed-events]
/sb/0x00ff66ab8699aafa050ee5ef5041d1503aa0849a.sol:1181:5: GC: [_liquidatedColl] on Event [Liquidation] could be Indexed [Warning/gas-indexed-events]
/sb/0x00ff66ab8699aafa050ee5ef5041d1503aa0849a.sol:1181:5: GC: [_collGasCompensation] on Event [Liquidation] could be Indexed [Warning/gas-indexed-events]
/sb/0x00ff66ab8699aafa050ee5ef5041d1503aa0849a.sol:1181:5: GC: [_LUSDGasCompensation] on Event [Liquidation] could be Indexed [Warning/gas-indexed-events]
/sb/0x00ff66ab8699aafa050ee5ef5041d1503aa0849a.sol:1181:23: Rule is set with explicit type [var/s: uint] [Warning/explicit-types]
/sb/0x00ff66ab8699aafa050ee5ef5041d1503aa0849a.sol:1181:45: Rule is set with explicit type [var/s: uint] [Warning/explicit-types]
/sb/0x00ff66ab8699aafa050ee5ef5041d1503aa0849a.sol:1181:67: Rule is set with explicit type [var/s: uint] [Warning/explicit-types]
/sb/0x00ff66ab8699aafa050ee5ef5041d1503aa0849a.sol:1181:94: Rule is set with explicit type [var/s: uint] [Warning/explicit-types]
/sb/0x00ff66ab8699aafa050ee5ef5041d1503aa0849a.sol:1181:94: Variable name must be in mixedCase _LUSDGasCompensation [Warning/var-name-mixedcase]
/sb/0x00ff66ab8699aafa050ee5ef5041d1503aa0849a.sol:1183:5: Missing @notice tag in event 'Redemption' [Warning/use-natspec]
/sb/0x00ff66ab8699aafa050ee5ef5041d1503aa0849a.sol:1183:5: Missing @param tag in event 'Redemption' [Warning/use-natspec]
/sb/0x00ff66ab8699aafa050ee5ef5041d1503aa0849a.sol:1183:5: Mismatch in @param names for event 'Redemption'. Expected: [_attemptedLUSDAmount, _actualLUSDAmount, _ETHSent, _ETHFee], Found: [] [Warning/use-natspec]
/sb/0x00ff66ab8699aafa050ee5ef5041d1503aa0849a.sol:1183:5: GC: [_attemptedLUSDAmount] on Event [Redemption] could be Indexed [Warning/gas-indexed-events]
/sb/0x00ff66ab8699aafa050ee5ef5041d1503aa0849a.sol:1183:5: GC: [_actualLUSDAmount] on Event [Redemption] could be Indexed [Warning/gas-indexed-events]
/sb/0x00ff66ab8699aafa050ee5ef5041d1503aa0849a.sol:1183:5: GC: [_ETHSent] on Event [Redemption] could be Indexed [Warning/gas-indexed-events]
/sb/0x00ff66ab8699aafa050ee5ef5041d1503aa0849a.sol:1183:5: GC: [_ETHFee] on Event [Redemption] could be Indexed [Warning/gas-indexed-events]
/sb/0x00ff66ab8699aafa050ee5ef5041d1503aa0849a.sol:1183:22: Rule is set with explicit type [var/s: uint] [Warning/explicit-types]
/sb/0x00ff66ab8699aafa050ee5ef5041d1503aa0849a.sol:1183:49: Rule is set with explicit type [var/s: uint] [Warning/explicit-types]
/sb/0x00ff66ab8699aafa050ee5ef5041d1503aa0849a.sol:1183:73: Rule is set with explicit type [var/s: uint] [Warning/explicit-types]
/sb/0x00ff66ab8699aafa050ee5ef5041d1503aa0849a.sol:1183:73: Variable name must be in mixedCase _ETHSent [Warning/var-name-mixedcase]
/sb/0x00ff66ab8699aafa050ee5ef5041d1503aa0849a.sol:1183:88: Rule is set with explicit type [var/s: uint] [Warning/explicit-types]
/sb/0x00ff66ab8699aafa050ee5ef5041d1503aa0849a.sol:1183:88: Variable name must be in mixedCase _ETHFee [Warning/var-name-mixedcase]
/sb/0x00ff66ab8699aafa050ee5ef5041d1503aa0849a.sol:1185:5: Missing @notice tag in event 'TroveUpdated' [Warning/use-natspec]
/sb/0x00ff66ab8699aafa050ee5ef5041d1503aa0849a.sol:1185:5: Missing @param tag in event 'TroveUpdated' [Warning/use-natspec]
/sb/0x00ff66ab8699aafa050ee5ef5041d1503aa0849a.sol:1185:5: Mismatch in @param names for event 'TroveUpdated'. Expected: [_borrower, _debt, _coll, stake, operation], Found: [] [Warning/use-natspec]
/sb/0x00ff66ab8699aafa050ee5ef5041d1503aa0849a.sol:1185:5: GC: [_debt] on Event [TroveUpdated] could be Indexed [Warning/gas-indexed-events]
/sb/0x00ff66ab8699aafa050ee5ef5041d1503aa0849a.sol:1185:5: GC: [_coll] on Event [TroveUpdated] could be Indexed [Warning/gas-indexed-events]
/sb/0x00ff66ab8699aafa050ee5ef5041d1503aa0849a.sol:1185:5: GC: [stake] on Event [TroveUpdated] could be Indexed [Warning/gas-indexed-events]
/sb/0x00ff66ab8699aafa050ee5ef5041d1503aa0849a.sol:1185:5: GC: [operation] on Event [TroveUpdated] could be Indexed [Warning/gas-indexed-events]
/sb/0x00ff66ab8699aafa050ee5ef5041d1503aa0849a.sol:1185:51: Rule is set with explicit type [var/s: uint] [Warning/explicit-types]
/sb/0x00ff66ab8699aafa050ee5ef5041d1503aa0849a.sol:1185:63: Rule is set with explicit type [var/s: uint] [Warning/explicit-types]
/sb/0x00ff66ab8699aafa050ee5ef5041d1503aa0849a.sol:1185:75: Rule is set with explicit type [var/s: uint] [Warning/explicit-types]
/sb/0x00ff66ab8699aafa050ee5ef5041d1503aa0849a.sol:1187:5: Missing @notice tag in event 'TroveLiquidated' [Warning/use-natspec]
/sb/0x00ff66ab8699aafa050ee5ef5041d1503aa0849a.sol:1187:5: Missing @param tag in event 'TroveLiquidated' [Warning/use-natspec]
/sb/0x00ff66ab8699aafa050ee5ef5041d1503aa0849a.sol:1187:5: Mismatch in @param names for event 'TroveLiquidated'. Expected: [_borrower, _debt, _coll, operation], Found: [] [Warning/use-natspec]
/sb/0x00ff66ab8699aafa050ee5ef5041d1503aa0849a.sol:1187:5: GC: [_debt] on Event [TroveLiquidated] could be Indexed [Warning/gas-indexed-events]
/sb/0x00ff66ab8699aafa050ee5ef5041d1503aa0849a.sol:1187:5: GC: [_coll] on Event [TroveLiquidated] could be Indexed [Warning/gas-indexed-events]
/sb/0x00ff66ab8699aafa050ee5ef5041d1503aa0849a.sol:1187:5: GC: [operation] on Event [TroveLiquidated] could be Indexed [Warning/gas-indexed-events]
/sb/0x00ff66ab8699aafa050ee5ef5041d1503aa0849a.sol:1187:54: Rule is set with explicit type [var/s: uint] [Warning/explicit-types]
/sb/0x00ff66ab8699aafa050ee5ef5041d1503aa0849a.sol:1187:66: Rule is set with explicit type [var/s: uint] [Warning/explicit-types]
/sb/0x00ff66ab8699aafa050ee5ef5041d1503aa0849a.sol:1189:5: Missing @notice tag in event 'BaseRateUpdated' [Warning/use-natspec]
/sb/0x00ff66ab8699aafa050ee5ef5041d1503aa0849a.sol:1189:5: Missing @param tag in event 'BaseRateUpdated' [Warning/use-natspec]
/sb/0x00ff66ab8699aafa050ee5ef5041d1503aa0849a.sol:1189:5: Mismatch in @param names for event 'BaseRateUpdated'. Expected: [_baseRate], Found: [] [Warning/use-natspec]
/sb/0x00ff66ab8699aafa050ee5ef5041d1503aa0849a.sol:1189:5: GC: [_baseRate] on Event [BaseRateUpdated] could be Indexed [Warning/gas-indexed-events]
/sb/0x00ff66ab8699aafa050ee5ef5041d1503aa0849a.sol:1189:27: Rule is set with explicit type [var/s: uint] [Warning/explicit-types]
/sb/0x00ff66ab8699aafa050ee5ef5041d1503aa0849a.sol:1191:5: Missing @notice tag in event 'LastFeeOpTimeUpdated' [Warning/use-natspec]
/sb/0x00ff66ab8699aafa050ee5ef5041d1503aa0849a.sol:1191:5: Missing @param tag in event 'LastFeeOpTimeUpdated' [Warning/use-natspec]
/sb/0x00ff66ab8699aafa050ee5ef5041d1503aa0849a.sol:1191:5: Mismatch in @param names for event 'LastFeeOpTimeUpdated'. Expected: [_lastFeeOpTime], Found: [] [Warning/use-natspec]
/sb/0x00ff66ab8699aafa050ee5ef5041d1503aa0849a.sol:1191:5: GC: [_lastFeeOpTime] on Event [LastFeeOpTimeUpdated] could be Indexed [Warning/gas-indexed-events]
/sb/0x00ff66ab8699aafa050ee5ef5041d1503aa0849a.sol:1191:32: Rule is set with explicit type [var/s: uint] [Warning/explicit-types]
/sb/0x00ff66ab8699aafa050ee5ef5041d1503aa0849a.sol:1193:5: Missing @notice tag in event 'TotalStakesUpdated' [Warning/use-natspec]
/sb/0x00ff66ab8699aafa050ee5ef5041d1503aa0849a.sol:1193:5: Missing @param tag in event 'TotalStakesUpdated' [Warning/use-natspec]
/sb/0x00ff66ab8699aafa050ee5ef5041d1503aa0849a.sol:1193:5: Mismatch in @param names for event 'TotalStakesUpdated'. Expected: [_newTotalStakes], Found: [] [Warning/use-natspec]
/sb/0x00ff66ab8699aafa050ee5ef5041d1503aa0849a.sol:1193:5: GC: [_newTotalStakes] on Event [TotalStakesUpdated] could be Indexed [Warning/gas-indexed-events]
/sb/0x00ff66ab8699aafa050ee5ef5041d1503aa0849a.sol:1193:30: Rule is set with explicit type [var/s: uint] [Warning/explicit-types]
/sb/0x00ff66ab8699aafa050ee5ef5041d1503aa0849a.sol:1195:5: Missing @notice tag in event 'SystemSnapshotsUpdated' [Warning/use-natspec]
/sb/0x00ff66ab8699aafa050ee5ef5041d1503aa0849a.sol:1195:5: Missing @param tag in event 'SystemSnapshotsUpdated' [Warning/use-natspec]
/sb/0x00ff66ab8699aafa050ee5ef5041d1503aa0849a.sol:1195:5: Mismatch in @param names for event 'SystemSnapshotsUpdated'. Expected: [_totalStakesSnapshot, _totalCollateralSnapshot], Found: [] [Warning/use-natspec]
/sb/0x00ff66ab8699aafa050ee5ef5041d1503aa0849a.sol:1195:5: GC: [_totalStakesSnapshot] on Event [SystemSnapshotsUpdated] could be Indexed [Warning/gas-indexed-events]
/sb/0x00ff66ab8699aafa050ee5ef5041d1503aa0849a.sol:1195:5: GC: [_totalCollateralSnapshot] on Event [SystemSnapshotsUpdated] could be Indexed [Warning/gas-indexed-events]
/sb/0x00ff66ab8699aafa050ee5ef5041d1503aa0849a.sol:1195:34: Rule is set with explicit type [var/s: uint] [Warning/explicit-types]
/sb/0x00ff66ab8699aafa050ee5ef5041d1503aa0849a.sol:1195:61: Rule is set with explicit type [var/s: uint] [Warning/explicit-types]
/sb/0x00ff66ab8699aafa050ee5ef5041d1503aa0849a.sol:1197:5: Missing @notice tag in event 'LTermsUpdated' [Warning/use-natspec]
/sb/0x00ff66ab8699aafa050ee5ef5041d1503aa0849a.sol:1197:5: Missing @param tag in event 'LTermsUpdated' [Warning/use-natspec]
/sb/0x00ff66ab8699aafa050ee5ef5041d1503aa0849a.sol:1197:5: Mismatch in @param names for event 'LTermsUpdated'. Expected: [_L_ETH, _L_LUSDDebt], Found: [] [Warning/use-natspec]
/sb/0x00ff66ab8699aafa050ee5ef5041d1503aa0849a.sol:1197:5: GC: [_L_ETH] on Event [LTermsUpdated] could be Indexed [Warning/gas-indexed-events]
/sb/0x00ff66ab8699aafa050ee5ef5041d1503aa0849a.sol:1197:5: GC: [_L_LUSDDebt] on Event [LTermsUpdated] could be Indexed [Warning/gas-indexed-events]
/sb/0x00ff66ab8699aafa050ee5ef5041d1503aa0849a.sol:1197:25: Rule is set with explicit type [var/s: uint] [Warning/explicit-types]
/sb/0x00ff66ab8699aafa050ee5ef5041d1503aa0849a.sol:1197:25: Variable name must be in mixedCase _L_ETH [Warning/var-name-mixedcase]
/sb/0x00ff66ab8699aafa050ee5ef5041d1503aa0849a.sol:1197:38: Rule is set with explicit type [var/s: uint] [Warning/explicit-types]
/sb/0x00ff66ab8699aafa050ee5ef5041d1503aa0849a.sol:1197:38: Variable name must be in mixedCase _L_LUSDDebt [Warning/var-name-mixedcase]
/sb/0x00ff66ab8699aafa050ee5ef5041d1503aa0849a.sol:1199:5: Missing @notice tag in event 'TroveSnapshotsUpdated' [Warning/use-natspec]
/sb/0x00ff66ab8699aafa050ee5ef5041d1503aa0849a.sol:1199:5: Missing @param tag in event 'TroveSnapshotsUpdated' [Warning/use-natspec]
/sb/0x00ff66ab8699aafa050ee5ef5041d1503aa0849a.sol:1199:5: Mismatch in @param names for event 'TroveSnapshotsUpdated'. Expected: [_L_ETH, _L_LUSDDebt], Found: [] [Warning/use-natspec]
/sb/0x00ff66ab8699aafa050ee5ef5041d1503aa0849a.sol:1199:5: GC: [_L_ETH] on Event [TroveSnapshotsUpdated] could be Indexed [Warning/gas-indexed-events]
/sb/0x00ff66ab8699aafa050ee5ef5041d1503aa0849a.sol:1199:5: GC: [_L_LUSDDebt] on Event [TroveSnapshotsUpdated] could be Indexed [Warning/gas-indexed-events]
/sb/0x00ff66ab8699aafa050ee5ef5041d1503aa0849a.sol:1199:33: Rule is set with explicit type [var/s: uint] [Warning/explicit-types]
/sb/0x00ff66ab8699aafa050ee5ef5041d1503aa0849a.sol:1199:33: Variable name must be in mixedCase _L_ETH [Warning/var-name-mixedcase]
/sb/0x00ff66ab8699aafa050ee5ef5041d1503aa0849a.sol:1199:46: Rule is set with explicit type [var/s: uint] [Warning/explicit-types]
/sb/0x00ff66ab8699aafa050ee5ef5041d1503aa0849a.sol:1199:46: Variable name must be in mixedCase _L_LUSDDebt [Warning/var-name-mixedcase]
/sb/0x00ff66ab8699aafa050ee5ef5041d1503aa0849a.sol:1201:5: Missing @notice tag in event 'TroveIndexUpdated' [Warning/use-natspec]
/sb/0x00ff66ab8699aafa050ee5ef5041d1503aa0849a.sol:1201:5: Missing @param tag in event 'TroveIndexUpdated' [Warning/use-natspec]
/sb/0x00ff66ab8699aafa050ee5ef5041d1503aa0849a.sol:1201:5: Mismatch in @param names for event 'TroveIndexUpdated'. Expected: [_borrower, _newIndex], Found: [] [Warning/use-natspec]
/sb/0x00ff66ab8699aafa050ee5ef5041d1503aa0849a.sol:1201:5: GC: [_borrower] on Event [TroveIndexUpdated] could be Indexed [Warning/gas-indexed-events]
/sb/0x00ff66ab8699aafa050ee5ef5041d1503aa0849a.sol:1201:5: GC: [_newIndex] on Event [TroveIndexUpdated] could be Indexed [Warning/gas-indexed-events]
/sb/0x00ff66ab8699aafa050ee5ef5041d1503aa0849a.sol:1201:48: Rule is set with explicit type [var/s: uint] [Warning/explicit-types]
/sb/0x00ff66ab8699aafa050ee5ef5041d1503aa0849a.sol:1209:5: Missing @notice tag in function 'setAddresses' [Warning/use-natspec]
/sb/0x00ff66ab8699aafa050ee5ef5041d1503aa0849a.sol:1209:5: Missing @param tag in function 'setAddresses' [Warning/use-natspec]
/sb/0x00ff66ab8699aafa050ee5ef5041d1503aa0849a.sol:1209:5: Mismatch in @param names for function 'setAddresses'. Expected: [_borrowerOperationsAddress, _activePoolAddress, _defaultPoolAddress, _stabilityPoolAddress, _gasPoolAddress, _collSurplusPoolAddress, _priceFeedAddress, _lusdTokenAddress, _sortedTrovesAddress, _lqtyTokenAddress, _lqtyStakingAddress], Found: [] [Warning/use-natspec]
/sb/0x00ff66ab8699aafa050ee5ef5041d1503aa0849a.sol:1237:5: Missing @notice tag in function 'stabilityPool' [Warning/use-natspec]
/sb/0x00ff66ab8699aafa050ee5ef5041d1503aa0849a.sol:1237:5: Missing @return tag in function 'stabilityPool' [Warning/use-natspec]
/sb/0x00ff66ab8699aafa050ee5ef5041d1503aa0849a.sol:1237:5: Mismatch in @return count for function 'stabilityPool'. Expected: 1, Found: 0 [Warning/use-natspec]
/sb/0x00ff66ab8699aafa050ee5ef5041d1503aa0849a.sol:1239:5: Missing @notice tag in function 'lusdToken' [Warning/use-natspec]
/sb/0x00ff66ab8699aafa050ee5ef5041d1503aa0849a.sol:1239:5: Missing @return tag in function 'lusdToken' [Warning/use-natspec]
/sb/0x00ff66ab8699aafa050ee5ef5041d1503aa0849a.sol:1239:5: Mismatch in @return count for function 'lusdToken'. Expected: 1, Found: 0 [Warning/use-natspec]
/sb/0x00ff66ab8699aafa050ee5ef5041d1503aa0849a.sol:1241:5: Missing @notice tag in function 'lqtyToken' [Warning/use-natspec]
/sb/0x00ff66ab8699aafa050ee5ef5041d1503aa0849a.sol:1241:5: Missing @return tag in function 'lqtyToken' [Warning/use-natspec]
/sb/0x00ff66ab8699aafa050ee5ef5041d1503aa0849a.sol:1241:5: Mismatch in @return count for function 'lqtyToken'. Expected: 1, Found: 0 [Warning/use-natspec]
/sb/0x00ff66ab8699aafa050ee5ef5041d1503aa0849a.sol:1243:5: Missing @notice tag in function 'lqtyStaking' [Warning/use-natspec]
/sb/0x00ff66ab8699aafa050ee5ef5041d1503aa0849a.sol:1243:5: Missing @return tag in function 'lqtyStaking' [Warning/use-natspec]
/sb/0x00ff66ab8699aafa050ee5ef5041d1503aa0849a.sol:1243:5: Mismatch in @return count for function 'lqtyStaking'. Expected: 1, Found: 0 [Warning/use-natspec]
/sb/0x00ff66ab8699aafa050ee5ef5041d1503aa0849a.sol:1247:5: Missing @notice tag in function 'getTroveOwnersCount' [Warning/use-natspec]
/sb/0x00ff66ab8699aafa050ee5ef5041d1503aa0849a.sol:1247:5: Missing @return tag in function 'getTroveOwnersCount' [Warning/use-natspec]
/sb/0x00ff66ab8699aafa050ee5ef5041d1503aa0849a.sol:1247:5: Mismatch in @return count for function 'getTroveOwnersCount'. Expected: 1, Found: 0 [Warning/use-natspec]
/sb/0x00ff66ab8699aafa050ee5ef5041d1503aa0849a.sol:1247:59: Rule is set with explicit type [var/s: uint] [Warning/explicit-types]
/sb/0x00ff66ab8699aafa050ee5ef5041d1503aa0849a.sol:1251:5: Missing @notice tag in function 'getTroveFromTroveOwnersArray' [Warning/use-natspec]
/sb/0x00ff66ab8699aafa050ee5ef5041d1503aa0849a.sol:1251:5: Missing @param tag in function 'getTroveFromTroveOwnersArray' [Warning/use-natspec]
/sb/0x00ff66ab8699aafa050ee5ef5041d1503aa0849a.sol:1251:5: Mismatch in @param names for function 'getTroveFromTroveOwnersArray'. Expected: [_index], Found: [] [Warning/use-natspec]
/sb/0x00ff66ab8699aafa050ee5ef5041d1503aa0849a.sol:1251:5: Missing @return tag in function 'getTroveFromTroveOwnersArray' [Warning/use-natspec]
/sb/0x00ff66ab8699aafa050ee5ef5041d1503aa0849a.sol:1251:5: Mismatch in @return count for function 'getTroveFromTroveOwnersArray'. Expected: 1, Found: 0 [Warning/use-natspec]
/sb/0x00ff66ab8699aafa050ee5ef5041d1503aa0849a.sol:1251:43: Rule is set with explicit type [var/s: uint] [Warning/explicit-types]
/sb/0x00ff66ab8699aafa050ee5ef5041d1503aa0849a.sol:1255:5: Missing @notice tag in function 'getNominalICR' [Warning/use-natspec]
/sb/0x00ff66ab8699aafa050ee5ef5041d1503aa0849a.sol:1255:5: Missing @param tag in function 'getNominalICR' [Warning/use-natspec]
/sb/0x00ff66ab8699aafa050ee5ef5041d1503aa0849a.sol:1255:5: Mismatch in @param names for function 'getNominalICR'. Expected: [_borrower], Found: [] [Warning/use-natspec]
/sb/0x00ff66ab8699aafa050ee5ef5041d1503aa0849a.sol:1255:5: Missing @return tag in function 'getNominalICR' [Warning/use-natspec]
/sb/0x00ff66ab8699aafa050ee5ef5041d1503aa0849a.sol:1255:5: Mismatch in @return count for function 'getNominalICR'. Expected: 1, Found: 0 [Warning/use-natspec]
/sb/0x00ff66ab8699aafa050ee5ef5041d1503aa0849a.sol:1255:70: Rule is set with explicit type [var/s: uint] [Warning/explicit-types]
/sb/0x00ff66ab8699aafa050ee5ef5041d1503aa0849a.sol:1257:5: Missing @notice tag in function 'getCurrentICR' [Warning/use-natspec]
/sb/0x00ff66ab8699aafa050ee5ef5041d1503aa0849a.sol:1257:5: Missing @param tag in function 'getCurrentICR' [Warning/use-natspec]
/sb/0x00ff66ab8699aafa050ee5ef5041d1503aa0849a.sol:1257:5: Mismatch in @param names for function 'getCurrentICR'. Expected: [_borrower, _price], Found: [] [Warning/use-natspec]
/sb/0x00ff66ab8699aafa050ee5ef5041d1503aa0849a.sol:1257:5: Missing @return tag in function 'getCurrentICR' [Warning/use-natspec]
/sb/0x00ff66ab8699aafa050ee5ef5041d1503aa0849a.sol:1257:5: Mismatch in @return count for function 'getCurrentICR'. Expected: 1, Found: 0 [Warning/use-natspec]
/sb/0x00ff66ab8699aafa050ee5ef5041d1503aa0849a.sol:1257:47: Rule is set with explicit type [var/s: uint] [Warning/explicit-types]
/sb/0x00ff66ab8699aafa050ee5ef5041d1503aa0849a.sol:1257:83: Rule is set with explicit type [var/s: uint] [Warning/explicit-types]
/sb/0x00ff66ab8699aafa050ee5ef5041d1503aa0849a.sol:1261:5: Missing @notice tag in function 'liquidate' [Warning/use-natspec]
/sb/0x00ff66ab8699aafa050ee5ef5041d1503aa0849a.sol:1261:5: Missing @param tag in function 'liquidate' [Warning/use-natspec]
/sb/0x00ff66ab8699aafa050ee5ef5041d1503aa0849a.sol:1261:5: Mismatch in @param names for function 'liquidate'. Expected: [_borrower], Found: [] [Warning/use-natspec]
/sb/0x00ff66ab8699aafa050ee5ef5041d1503aa0849a.sol:1265:5: Missing @notice tag in function 'liquidateTroves' [Warning/use-natspec]
/sb/0x00ff66ab8699aafa050ee5ef5041d1503aa0849a.sol:1265:5: Missing @param tag in function 'liquidateTroves' [Warning/use-natspec]
/sb/0x00ff66ab8699aafa050ee5ef5041d1503aa0849a.sol:1265:5: Mismatch in @param names for function 'liquidateTroves'. Expected: [_n], Found: [] [Warning/use-natspec]
/sb/0x00ff66ab8699aafa050ee5ef5041d1503aa0849a.sol:1265:30: Rule is set with explicit type [var/s: uint] [Warning/explicit-types]
/sb/0x00ff66ab8699aafa050ee5ef5041d1503aa0849a.sol:1269:5: Missing @notice tag in function 'batchLiquidateTroves' [Warning/use-natspec]
/sb/0x00ff66ab8699aafa050ee5ef5041d1503aa0849a.sol:1269:5: Missing @param tag in function 'batchLiquidateTroves' [Warning/use-natspec]
/sb/0x00ff66ab8699aafa050ee5ef5041d1503aa0849a.sol:1269:5: Mismatch in @param names for function 'batchLiquidateTroves'. Expected: [_troveArray], Found: [] [Warning/use-natspec]
/sb/0x00ff66ab8699aafa050ee5ef5041d1503aa0849a.sol:1273:5: Missing @notice tag in function 'redeemCollateral' [Warning/use-natspec]
/sb/0x00ff66ab8699aafa050ee5ef5041d1503aa0849a.sol:1273:5: Missing @param tag in function 'redeemCollateral' [Warning/use-natspec]
/sb/0x00ff66ab8699aafa050ee5ef5041d1503aa0849a.sol:1273:5: Mismatch in @param names for function 'redeemCollateral'. Expected: [_LUSDAmount, _firstRedemptionHint, _upperPartialRedemptionHint, _lowerPartialRedemptionHint, _partialRedemptionHintNICR, _maxIterations, _maxFee], Found: [] [Warning/use-natspec]
/sb/0x00ff66ab8699aafa050ee5ef5041d1503aa0849a.sol:1275:9: Rule is set with explicit type [var/s: uint] [Warning/explicit-types]
/sb/0x00ff66ab8699aafa050ee5ef5041d1503aa0849a.sol:1275:9: Variable name must be in mixedCase _LUSDAmount [Warning/var-name-mixedcase]
/sb/0x00ff66ab8699aafa050ee5ef5041d1503aa0849a.sol:1283:9: Rule is set with explicit type [var/s: uint] [Warning/explicit-types]
/sb/0x00ff66ab8699aafa050ee5ef5041d1503aa0849a.sol:1285:9: Rule is set with explicit type [var/s: uint] [Warning/explicit-types]
/sb/0x00ff66ab8699aafa050ee5ef5041d1503aa0849a.sol:1287:9: Rule is set with explicit type [var/s: uint] [Warning/explicit-types]
/sb/0x00ff66ab8699aafa050ee5ef5041d1503aa0849a.sol:1293:5: Missing @notice tag in function 'updateStakeAndTotalStakes' [Warning/use-natspec]
/sb/0x00ff66ab8699aafa050ee5ef5041d1503aa0849a.sol:1293:5: Missing @param tag in function 'updateStakeAndTotalStakes' [Warning/use-natspec]
/sb/0x00ff66ab8699aafa050ee5ef5041d1503aa0849a.sol:1293:5: Mismatch in @param names for function 'updateStakeAndTotalStakes'. Expected: [_borrower], Found: [] [Warning/use-natspec]
/sb/0x00ff66ab8699aafa050ee5ef5041d1503aa0849a.sol:1293:5: Missing @return tag in function 'updateStakeAndTotalStakes' [Warning/use-natspec]
/sb/0x00ff66ab8699aafa050ee5ef5041d1503aa0849a.sol:1293:5: Mismatch in @return count for function 'updateStakeAndTotalStakes'. Expected: 1, Found: 0 [Warning/use-natspec]
/sb/0x00ff66ab8699aafa050ee5ef5041d1503aa0849a.sol:1293:77: Rule is set with explicit type [var/s: uint] [Warning/explicit-types]
/sb/0x00ff66ab8699aafa050ee5ef5041d1503aa0849a.sol:1297:5: Missing @notice tag in function 'updateTroveRewardSnapshots' [Warning/use-natspec]
/sb/0x00ff66ab8699aafa050ee5ef5041d1503aa0849a.sol:1297:5: Missing @param tag in function 'updateTroveRewardSnapshots' [Warning/use-natspec]
/sb/0x00ff66ab8699aafa050ee5ef5041d1503aa0849a.sol:1297:5: Mismatch in @param names for function 'updateTroveRewardSnapshots'. Expected: [_borrower], Found: [] [Warning/use-natspec]
/sb/0x00ff66ab8699aafa050ee5ef5041d1503aa0849a.sol:1301:5: Missing @notice tag in function 'addTroveOwnerToArray' [Warning/use-natspec]
/sb/0x00ff66ab8699aafa050ee5ef5041d1503aa0849a.sol:1301:5: Missing @param tag in function 'addTroveOwnerToArray' [Warning/use-natspec]
/sb/0x00ff66ab8699aafa050ee5ef5041d1503aa0849a.sol:1301:5: Mismatch in @param names for function 'addTroveOwnerToArray'. Expected: [_borrower], Found: [] [Warning/use-natspec]
/sb/0x00ff66ab8699aafa050ee5ef5041d1503aa0849a.sol:1301:5: Missing @return tag in function 'addTroveOwnerToArray' [Warning/use-natspec]
/sb/0x00ff66ab8699aafa050ee5ef5041d1503aa0849a.sol:1301:5: Mismatch in @return names for function 'addTroveOwnerToArray'. Expected: [index], Found: [] [Warning/use-natspec]
/sb/0x00ff66ab8699aafa050ee5ef5041d1503aa0849a.sol:1301:72: Rule is set with explicit type [var/s: uint] [Warning/explicit-types]
/sb/0x00ff66ab8699aafa050ee5ef5041d1503aa0849a.sol:1305:5: Missing @notice tag in function 'applyPendingRewards' [Warning/use-natspec]
/sb/0x00ff66ab8699aafa050ee5ef5041d1503aa0849a.sol:1305:5: Missing @param tag in function 'applyPendingRewards' [Warning/use-natspec]
/sb/0x00ff66ab8699aafa050ee5ef5041d1503aa0849a.sol:1305:5: Mismatch in @param names for function 'applyPendingRewards'. Expected: [_borrower], Found: [] [Warning/use-natspec]
/sb/0x00ff66ab8699aafa050ee5ef5041d1503aa0849a.sol:1309:5: Missing @notice tag in function 'getPendingETHReward' [Warning/use-natspec]
/sb/0x00ff66ab8699aafa050ee5ef5041d1503aa0849a.sol:1309:5: Missing @param tag in function 'getPendingETHReward' [Warning/use-natspec]
/sb/0x00ff66ab8699aafa050ee5ef5041d1503aa0849a.sol:1309:5: Mismatch in @param names for function 'getPendingETHReward'. Expected: [_borrower], Found: [] [Warning/use-natspec]
/sb/0x00ff66ab8699aafa050ee5ef5041d1503aa0849a.sol:1309:5: Missing @return tag in function 'getPendingETHReward' [Warning/use-natspec]
/sb/0x00ff66ab8699aafa050ee5ef5041d1503aa0849a.sol:1309:5: Mismatch in @return count for function 'getPendingETHReward'. Expected: 1, Found: 0 [Warning/use-natspec]
/sb/0x00ff66ab8699aafa050ee5ef5041d1503aa0849a.sol:1309:76: Rule is set with explicit type [var/s: uint] [Warning/explicit-types]
/sb/0x00ff66ab8699aafa050ee5ef5041d1503aa0849a.sol:1313:5: Missing @notice tag in function 'getPendingLUSDDebtReward' [Warning/use-natspec]
/sb/0x00ff66ab8699aafa050ee5ef5041d1503aa0849a.sol:1313:5: Missing @param tag in function 'getPendingLUSDDebtReward' [Warning/use-natspec]
/sb/0x00ff66ab8699aafa050ee5ef5041d1503aa0849a.sol:1313:5: Mismatch in @param names for function 'getPendingLUSDDebtReward'. Expected: [_borrower], Found: [] [Warning/use-natspec]
/sb/0x00ff66ab8699aafa050ee5ef5041d1503aa0849a.sol:1313:5: Missing @return tag in function 'getPendingLUSDDebtReward' [Warning/use-natspec]
/sb/0x00ff66ab8699aafa050ee5ef5041d1503aa0849a.sol:1313:5: Mismatch in @return count for function 'getPendingLUSDDebtReward'. Expected: 1, Found: 0 [Warning/use-natspec]
/sb/0x00ff66ab8699aafa050ee5ef5041d1503aa0849a.sol:1313:81: Rule is set with explicit type [var/s: uint] [Warning/explicit-types]
/sb/0x00ff66ab8699aafa050ee5ef5041d1503aa0849a.sol:1317:6: Missing @notice tag in function 'hasPendingRewards' [Warning/use-natspec]
/sb/0x00ff66ab8699aafa050ee5ef5041d1503aa0849a.sol:1317:6: Missing @param tag in function 'hasPendingRewards' [Warning/use-natspec]
/sb/0x00ff66ab8699aafa050ee5ef5041d1503aa0849a.sol:1317:6: Mismatch in @param names for function 'hasPendingRewards'. Expected: [_borrower], Found: [] [Warning/use-natspec]
/sb/0x00ff66ab8699aafa050ee5ef5041d1503aa0849a.sol:1317:6: Missing @return tag in function 'hasPendingRewards' [Warning/use-natspec]
/sb/0x00ff66ab8699aafa050ee5ef5041d1503aa0849a.sol:1317:6: Mismatch in @return count for function 'hasPendingRewards'. Expected: 1, Found: 0 [Warning/use-natspec]
/sb/0x00ff66ab8699aafa050ee5ef5041d1503aa0849a.sol:1321:5: Missing @notice tag in function 'getEntireDebtAndColl' [Warning/use-natspec]
/sb/0x00ff66ab8699aafa050ee5ef5041d1503aa0849a.sol:1321:5: Missing @param tag in function 'getEntireDebtAndColl' [Warning/use-natspec]
/sb/0x00ff66ab8699aafa050ee5ef5041d1503aa0849a.sol:1321:5: Mismatch in @param names for function 'getEntireDebtAndColl'. Expected: [_borrower], Found: [] [Warning/use-natspec]
/sb/0x00ff66ab8699aafa050ee5ef5041d1503aa0849a.sol:1321:5: Missing @return tag in function 'getEntireDebtAndColl' [Warning/use-natspec]
/sb/0x00ff66ab8699aafa050ee5ef5041d1503aa0849a.sol:1321:5: Mismatch in @return names for function 'getEntireDebtAndColl'. Expected: [debt, coll, pendingLUSDDebtReward, pendingETHReward], Found: [] [Warning/use-natspec]
/sb/0x00ff66ab8699aafa050ee5ef5041d1503aa0849a.sol:1323:9: Rule is set with explicit type [var/s: uint] [Warning/explicit-types]
/sb/0x00ff66ab8699aafa050ee5ef5041d1503aa0849a.sol:1325:9: Rule is set with explicit type [var/s: uint] [Warning/explicit-types]
/sb/0x00ff66ab8699aafa050ee5ef5041d1503aa0849a.sol:1327:9: Rule is set with explicit type [var/s: uint] [Warning/explicit-types]
/sb/0x00ff66ab8699aafa050ee5ef5041d1503aa0849a.sol:1329:9: Rule is set with explicit type [var/s: uint] [Warning/explicit-types]
/sb/0x00ff66ab8699aafa050ee5ef5041d1503aa0849a.sol:1335:5: Missing @notice tag in function 'closeTrove' [Warning/use-natspec]
/sb/0x00ff66ab8699aafa050ee5ef5041d1503aa0849a.sol:1335:5: Missing @param tag in function 'closeTrove' [Warning/use-natspec]
/sb/0x00ff66ab8699aafa050ee5ef5041d1503aa0849a.sol:1335:5: Mismatch in @param names for function 'closeTrove'. Expected: [_borrower], Found: [] [Warning/use-natspec]
/sb/0x00ff66ab8699aafa050ee5ef5041d1503aa0849a.sol:1339:5: Missing @notice tag in function 'removeStake' [Warning/use-natspec]
/sb/0x00ff66ab8699aafa050ee5ef5041d1503aa0849a.sol:1339:5: Missing @param tag in function 'removeStake' [Warning/use-natspec]
/sb/0x00ff66ab8699aafa050ee5ef5041d1503aa0849a.sol:1339:5: Mismatch in @param names for function 'removeStake'. Expected: [_borrower], Found: [] [Warning/use-natspec]
/sb/0x00ff66ab8699aafa050ee5ef5041d1503aa0849a.sol:1343:5: Missing @notice tag in function 'getRedemptionRate' [Warning/use-natspec]
/sb/0x00ff66ab8699aafa050ee5ef5041d1503aa0849a.sol:1343:5: Missing @return tag in function 'getRedemptionRate' [Warning/use-natspec]
/sb/0x00ff66ab8699aafa050ee5ef5041d1503aa0849a.sol:1343:5: Mismatch in @return count for function 'getRedemptionRate'. Expected: 1, Found: 0 [Warning/use-natspec]
/sb/0x00ff66ab8699aafa050ee5ef5041d1503aa0849a.sol:1343:57: Rule is set with explicit type [var/s: uint] [Warning/explicit-types]
/sb/0x00ff66ab8699aafa050ee5ef5041d1503aa0849a.sol:1345:5: Missing @notice tag in function 'getRedemptionRateWithDecay' [Warning/use-natspec]
/sb/0x00ff66ab8699aafa050ee5ef5041d1503aa0849a.sol:1345:5: Missing @return tag in function 'getRedemptionRateWithDecay' [Warning/use-natspec]
/sb/0x00ff66ab8699aafa050ee5ef5041d1503aa0849a.sol:1345:5: Mismatch in @return count for function 'getRedemptionRateWithDecay'. Expected: 1, Found: 0 [Warning/use-natspec]
/sb/0x00ff66ab8699aafa050ee5ef5041d1503aa0849a.sol:1345:66: Rule is set with explicit type [var/s: uint] [Warning/explicit-types]
/sb/0x00ff66ab8699aafa050ee5ef5041d1503aa0849a.sol:1349:5: Missing @notice tag in function 'getRedemptionFeeWithDecay' [Warning/use-natspec]
/sb/0x00ff66ab8699aafa050ee5ef5041d1503aa0849a.sol:1349:5: Missing @param tag in function 'getRedemptionFeeWithDecay' [Warning/use-natspec]
/sb/0x00ff66ab8699aafa050ee5ef5041d1503aa0849a.sol:1349:5: Mismatch in @param names for function 'getRedemptionFeeWithDecay'. Expected: [_ETHDrawn], Found: [] [Warning/use-natspec]
/sb/0x00ff66ab8699aafa050ee5ef5041d1503aa0849a.sol:1349:5: Missing @return tag in function 'getRedemptionFeeWithDecay' [Warning/use-natspec]
/sb/0x00ff66ab8699aafa050ee5ef5041d1503aa0849a.sol:1349:5: Mismatch in @return count for function 'getRedemptionFeeWithDecay'. Expected: 1, Found: 0 [Warning/use-natspec]
/sb/0x00ff66ab8699aafa050ee5ef5041d1503aa0849a.sol:1349:40: Rule is set with explicit type [var/s: uint] [Warning/explicit-types]
/sb/0x00ff66ab8699aafa050ee5ef5041d1503aa0849a.sol:1349:40: Variable name must be in mixedCase _ETHDrawn [Warning/var-name-mixedcase]
/sb/0x00ff66ab8699aafa050ee5ef5041d1503aa0849a.sol:1349:79: Rule is set with explicit type [var/s: uint] [Warning/explicit-types]
/sb/0x00ff66ab8699aafa050ee5ef5041d1503aa0849a.sol:1353:5: Missing @notice tag in function 'getBorrowingRate' [Warning/use-natspec]
/sb/0x00ff66ab8699aafa050ee5ef5041d1503aa0849a.sol:1353:5: Missing @return tag in function 'getBorrowingRate' [Warning/use-natspec]
/sb/0x00ff66ab8699aafa050ee5ef5041d1503aa0849a.sol:1353:5: Mismatch in @return count for function 'getBorrowingRate'. Expected: 1, Found: 0 [Warning/use-natspec]
/sb/0x00ff66ab8699aafa050ee5ef5041d1503aa0849a.sol:1353:56: Rule is set with explicit type [var/s: uint] [Warning/explicit-types]
/sb/0x00ff66ab8699aafa050ee5ef5041d1503aa0849a.sol:1355:5: Missing @notice tag in function 'getBorrowingRateWithDecay' [Warning/use-natspec]
/sb/0x00ff66ab8699aafa050ee5ef5041d1503aa0849a.sol:1355:5: Missing @return tag in function 'getBorrowingRateWithDecay' [Warning/use-natspec]
/sb/0x00ff66ab8699aafa050ee5ef5041d1503aa0849a.sol:1355:5: Mismatch in @return count for function 'getBorrowingRateWithDecay'. Expected: 1, Found: 0 [Warning/use-natspec]
/sb/0x00ff66ab8699aafa050ee5ef5041d1503aa0849a.sol:1355:65: Rule is set with explicit type [var/s: uint] [Warning/explicit-types]
/sb/0x00ff66ab8699aafa050ee5ef5041d1503aa0849a.sol:1359:5: Missing @notice tag in function 'getBorrowingFee' [Warning/use-natspec]
/sb/0x00ff66ab8699aafa050ee5ef5041d1503aa0849a.sol:1359:5: Missing @param tag in function 'getBorrowingFee' [Warning/use-natspec]
/sb/0x00ff66ab8699aafa050ee5ef5041d1503aa0849a.sol:1359:5: Mismatch in @param names for function 'getBorrowingFee'. Expected: [LUSDDebt], Found: [] [Warning/use-natspec]
/sb/0x00ff66ab8699aafa050ee5ef5041d1503aa0849a.sol:1359:5: Missing @return tag in function 'getBorrowingFee' [Warning/use-natspec]
/sb/0x00ff66ab8699aafa050ee5ef5041d1503aa0849a.sol:1359:5: Mismatch in @return count for function 'getBorrowingFee'. Expected: 1, Found: 0 [Warning/use-natspec]
/sb/0x00ff66ab8699aafa050ee5ef5041d1503aa0849a.sol:1359:30: Rule is set with explicit type [var/s: uint] [Warning/explicit-types]
/sb/0x00ff66ab8699aafa050ee5ef5041d1503aa0849a.sol:1359:30: Variable name must be in mixedCase LUSDDebt [Warning/var-name-mixedcase]
/sb/0x00ff66ab8699aafa050ee5ef5041d1503aa0849a.sol:1359:68: Rule is set with explicit type [var/s: uint] [Warning/explicit-types]
/sb/0x00ff66ab8699aafa050ee5ef5041d1503aa0849a.sol:1361:5: Missing @notice tag in function 'getBorrowingFeeWithDecay' [Warning/use-natspec]
/sb/0x00ff66ab8699aafa050ee5ef5041d1503aa0849a.sol:1361:5: Missing @param tag in function 'getBorrowingFeeWithDecay' [Warning/use-natspec]
/sb/0x00ff66ab8699aafa050ee5ef5041d1503aa0849a.sol:1361:5: Mismatch in @param names for function 'getBorrowingFeeWithDecay'. Expected: [_LUSDDebt], Found: [] [Warning/use-natspec]
/sb/0x00ff66ab8699aafa050ee5ef5041d1503aa0849a.sol:1361:5: Missing @return tag in function 'getBorrowingFeeWithDecay' [Warning/use-natspec]
/sb/0x00ff66ab8699aafa050ee5ef5041d1503aa0849a.sol:1361:5: Mismatch in @return count for function 'getBorrowingFeeWithDecay'. Expected: 1, Found: 0 [Warning/use-natspec]
/sb/0x00ff66ab8699aafa050ee5ef5041d1503aa0849a.sol:1361:39: Rule is set with explicit type [var/s: uint] [Warning/explicit-types]
/sb/0x00ff66ab8699aafa050ee5ef5041d1503aa0849a.sol:1361:39: Variable name must be in mixedCase _LUSDDebt [Warning/var-name-mixedcase]
/sb/0x00ff66ab8699aafa050ee5ef5041d1503aa0849a.sol:1361:78: Rule is set with explicit type [var/s: uint] [Warning/explicit-types]
/sb/0x00ff66ab8699aafa050ee5ef5041d1503aa0849a.sol:1365:5: Missing @notice tag in function 'decayBaseRateFromBorrowing' [Warning/use-natspec]
/sb/0x00ff66ab8699aafa050ee5ef5041d1503aa0849a.sol:1369:5: Missing @notice tag in function 'getTroveStatus' [Warning/use-natspec]
/sb/0x00ff66ab8699aafa050ee5ef5041d1503aa0849a.sol:1369:5: Missing @param tag in function 'getTroveStatus' [Warning/use-natspec]
/sb/0x00ff66ab8699aafa050ee5ef5041d1503aa0849a.sol:1369:5: Mismatch in @param names for function 'getTroveStatus'. Expected: [_borrower], Found: [] [Warning/use-natspec]
/sb/0x00ff66ab8699aafa050ee5ef5041d1503aa0849a.sol:1369:5: Missing @return tag in function 'getTroveStatus' [Warning/use-natspec]
/sb/0x00ff66ab8699aafa050ee5ef5041d1503aa0849a.sol:1369:5: Mismatch in @return count for function 'getTroveStatus'. Expected: 1, Found: 0 [Warning/use-natspec]
/sb/0x00ff66ab8699aafa050ee5ef5041d1503aa0849a.sol:1369:71: Rule is set with explicit type [var/s: uint] [Warning/explicit-types]
/sb/0x00ff66ab8699aafa050ee5ef5041d1503aa0849a.sol:1373:5: Missing @notice tag in function 'getTroveStake' [Warning/use-natspec]
/sb/0x00ff66ab8699aafa050ee5ef5041d1503aa0849a.sol:1373:5: Missing @param tag in function 'getTroveStake' [Warning/use-natspec]
/sb/0x00ff66ab8699aafa050ee5ef5041d1503aa0849a.sol:1373:5: Mismatch in @param names for function 'getTroveStake'. Expected: [_borrower], Found: [] [Warning/use-natspec]
/sb/0x00ff66ab8699aafa050ee5ef5041d1503aa0849a.sol:1373:5: Missing @return tag in function 'getTroveStake' [Warning/use-natspec]
/sb/0x00ff66ab8699aafa050ee5ef5041d1503aa0849a.sol:1373:5: Mismatch in @return count for function 'getTroveStake'. Expected: 1, Found: 0 [Warning/use-natspec]
/sb/0x00ff66ab8699aafa050ee5ef5041d1503aa0849a.sol:1373:70: Rule is set with explicit type [var/s: uint] [Warning/explicit-types]
/sb/0x00ff66ab8699aafa050ee5ef5041d1503aa0849a.sol:1377:5: Missing @notice tag in function 'getTroveDebt' [Warning/use-natspec]
/sb/0x00ff66ab8699aafa050ee5ef5041d1503aa0849a.sol:1377:5: Missing @param tag in function 'getTroveDebt' [Warning/use-natspec]
/sb/0x00ff66ab8699aafa050ee5ef5041d1503aa0849a.sol:1377:5: Mismatch in @param names for function 'getTroveDebt'. Expected: [_borrower], Found: [] [Warning/use-natspec]
/sb/0x00ff66ab8699aafa050ee5ef5041d1503aa0849a.sol:1377:5: Missing @return tag in function 'getTroveDebt' [Warning/use-natspec]
/sb/0x00ff66ab8699aafa050ee5ef5041d1503aa0849a.sol:1377:5: Mismatch in @return count for function 'getTroveDebt'. Expected: 1, Found: 0 [Warning/use-natspec]
/sb/0x00ff66ab8699aafa050ee5ef5041d1503aa0849a.sol:1377:69: Rule is set with explicit type [var/s: uint] [Warning/explicit-types]
/sb/0x00ff66ab8699aafa050ee5ef5041d1503aa0849a.sol:1381:5: Missing @notice tag in function 'getTroveColl' [Warning/use-natspec]
/sb/0x00ff66ab8699aafa050ee5ef5041d1503aa0849a.sol:1381:5: Missing @param tag in function 'getTroveColl' [Warning/use-natspec]
/sb/0x00ff66ab8699aafa050ee5ef5041d1503aa0849a.sol:1381:5: Mismatch in @param names for function 'getTroveColl'. Expected: [_borrower], Found: [] [Warning/use-natspec]
/sb/0x00ff66ab8699aafa050ee5ef5041d1503aa0849a.sol:1381:5: Missing @return tag in function 'getTroveColl' [Warning/use-natspec]
/sb/0x00ff66ab8699aafa050ee5ef5041d1503aa0849a.sol:1381:5: Mismatch in @return count for function 'getTroveColl'. Expected: 1, Found: 0 [Warning/use-natspec]
/sb/0x00ff66ab8699aafa050ee5ef5041d1503aa0849a.sol:1381:69: Rule is set with explicit type [var/s: uint] [Warning/explicit-types]
/sb/0x00ff66ab8699aafa050ee5ef5041d1503aa0849a.sol:1385:5: Missing @notice tag in function 'setTroveStatus' [Warning/use-natspec]
/sb/0x00ff66ab8699aafa050ee5ef5041d1503aa0849a.sol:1385:5: Missing @param tag in function 'setTroveStatus' [Warning/use-natspec]
/sb/0x00ff66ab8699aafa050ee5ef5041d1503aa0849a.sol:1385:5: Mismatch in @param names for function 'setTroveStatus'. Expected: [_borrower, num], Found: [] [Warning/use-natspec]
/sb/0x00ff66ab8699aafa050ee5ef5041d1503aa0849a.sol:1385:48: Rule is set with explicit type [var/s: uint] [Warning/explicit-types]
/sb/0x00ff66ab8699aafa050ee5ef5041d1503aa0849a.sol:1389:5: Missing @notice tag in function 'increaseTroveColl' [Warning/use-natspec]
/sb/0x00ff66ab8699aafa050ee5ef5041d1503aa0849a.sol:1389:5: Missing @param tag in function 'increaseTroveColl' [Warning/use-natspec]
/sb/0x00ff66ab8699aafa050ee5ef5041d1503aa0849a.sol:1389:5: Mismatch in @param names for function 'increaseTroveColl'. Expected: [_borrower, _collIncrease], Found: [] [Warning/use-natspec]
/sb/0x00ff66ab8699aafa050ee5ef5041d1503aa0849a.sol:1389:5: Missing @return tag in function 'increaseTroveColl' [Warning/use-natspec]
/sb/0x00ff66ab8699aafa050ee5ef5041d1503aa0849a.sol:1389:5: Mismatch in @return count for function 'increaseTroveColl'. Expected: 1, Found: 0 [Warning/use-natspec]
/sb/0x00ff66ab8699aafa050ee5ef5041d1503aa0849a.sol:1389:51: Rule is set with explicit type [var/s: uint] [Warning/explicit-types]
/sb/0x00ff66ab8699aafa050ee5ef5041d1503aa0849a.sol:1389:89: Rule is set with explicit type [var/s: uint] [Warning/explicit-types]
/sb/0x00ff66ab8699aafa050ee5
