A new version of Solhint is available: 6.0.1
Please consider updating your Solhint package.
/sb/0x00e07fd90e86855c3f9ebf7741c92981f664b442.sol:55:1: Found more than One contract per file. 7 contracts found! [Warning/one-contract-per-file]
/sb/0x00e07fd90e86855c3f9ebf7741c92981f664b442.sol:55:1: Compiler version 0.8.9 does not satisfy the ^0.8.24 semver requirement [Error/compiler-version]
/sb/0x00e07fd90e86855c3f9ebf7741c92981f664b442.sol:59:1: Missing @title tag in contract 'Context' [Warning/use-natspec]
/sb/0x00e07fd90e86855c3f9ebf7741c92981f664b442.sol:59:1: Missing @author tag in contract 'Context' [Warning/use-natspec]
/sb/0x00e07fd90e86855c3f9ebf7741c92981f664b442.sol:59:1: Missing @notice tag in contract 'Context' [Warning/use-natspec]
/sb/0x00e07fd90e86855c3f9ebf7741c92981f664b442.sol:61:5: Missing @notice tag in function '_msgSender' [Warning/use-natspec]
/sb/0x00e07fd90e86855c3f9ebf7741c92981f664b442.sol:61:5: Missing @return tag in function '_msgSender' [Warning/use-natspec]
/sb/0x00e07fd90e86855c3f9ebf7741c92981f664b442.sol:61:5: Mismatch in @return count for function '_msgSender'. Expected: 1, Found: 0 [Warning/use-natspec]
/sb/0x00e07fd90e86855c3f9ebf7741c92981f664b442.sol:69:5: Missing @notice tag in function '_msgData' [Warning/use-natspec]
/sb/0x00e07fd90e86855c3f9ebf7741c92981f664b442.sol:69:5: Missing @return tag in function '_msgData' [Warning/use-natspec]
/sb/0x00e07fd90e86855c3f9ebf7741c92981f664b442.sol:69:5: Mismatch in @return count for function '_msgData'. Expected: 1, Found: 0 [Warning/use-natspec]
/sb/0x00e07fd90e86855c3f9ebf7741c92981f664b442.sol:81:1: Missing @title tag in contract 'IUniswapV2Pair' [Warning/use-natspec]
/sb/0x00e07fd90e86855c3f9ebf7741c92981f664b442.sol:81:1: Missing @author tag in contract 'IUniswapV2Pair' [Warning/use-natspec]
/sb/0x00e07fd90e86855c3f9ebf7741c92981f664b442.sol:81:1: Missing @notice tag in contract 'IUniswapV2Pair' [Warning/use-natspec]
/sb/0x00e07fd90e86855c3f9ebf7741c92981f664b442.sol:83:5: Missing @notice tag in event 'Approval' [Warning/use-natspec]
/sb/0x00e07fd90e86855c3f9ebf7741c92981f664b442.sol:83:5: Missing @param tag in event 'Approval' [Warning/use-natspec]
/sb/0x00e07fd90e86855c3f9ebf7741c92981f664b442.sol:83:5: Mismatch in @param names for event 'Approval'. Expected: [owner, spender, value], Found: [] [Warning/use-natspec]
/sb/0x00e07fd90e86855c3f9ebf7741c92981f664b442.sol:83:5: GC: [value] on Event [Approval] could be Indexed [Warning/gas-indexed-events]
/sb/0x00e07fd90e86855c3f9ebf7741c92981f664b442.sol:83:68: Rule is set with explicit type [var/s: uint] [Warning/explicit-types]
/sb/0x00e07fd90e86855c3f9ebf7741c92981f664b442.sol:85:5: Missing @notice tag in event 'Transfer' [Warning/use-natspec]
/sb/0x00e07fd90e86855c3f9ebf7741c92981f664b442.sol:85:5: Missing @param tag in event 'Transfer' [Warning/use-natspec]
/sb/0x00e07fd90e86855c3f9ebf7741c92981f664b442.sol:85:5: Mismatch in @param names for event 'Transfer'. Expected: [from, to, value], Found: [] [Warning/use-natspec]
/sb/0x00e07fd90e86855c3f9ebf7741c92981f664b442.sol:85:5: GC: [value] on Event [Transfer] could be Indexed [Warning/gas-indexed-events]
/sb/0x00e07fd90e86855c3f9ebf7741c92981f664b442.sol:85:62: Rule is set with explicit type [var/s: uint] [Warning/explicit-types]
/sb/0x00e07fd90e86855c3f9ebf7741c92981f664b442.sol:89:5: Missing @notice tag in function 'name' [Warning/use-natspec]
/sb/0x00e07fd90e86855c3f9ebf7741c92981f664b442.sol:89:5: Missing @return tag in function 'name' [Warning/use-natspec]
/sb/0x00e07fd90e86855c3f9ebf7741c92981f664b442.sol:89:5: Mismatch in @return count for function 'name'. Expected: 1, Found: 0 [Warning/use-natspec]
/sb/0x00e07fd90e86855c3f9ebf7741c92981f664b442.sol:91:5: Missing @notice tag in function 'symbol' [Warning/use-natspec]
/sb/0x00e07fd90e86855c3f9ebf7741c92981f664b442.sol:91:5: Missing @return tag in function 'symbol' [Warning/use-natspec]
/sb/0x00e07fd90e86855c3f9ebf7741c92981f664b442.sol:91:5: Mismatch in @return count for function 'symbol'. Expected: 1, Found: 0 [Warning/use-natspec]
/sb/0x00e07fd90e86855c3f9ebf7741c92981f664b442.sol:93:5: Missing @notice tag in function 'decimals' [Warning/use-natspec]
/sb/0x00e07fd90e86855c3f9ebf7741c92981f664b442.sol:93:5: Missing @return tag in function 'decimals' [Warning/use-natspec]
/sb/0x00e07fd90e86855c3f9ebf7741c92981f664b442.sol:93:5: Mismatch in @return count for function 'decimals'. Expected: 1, Found: 0 [Warning/use-natspec]
/sb/0x00e07fd90e86855c3f9ebf7741c92981f664b442.sol:95:5: Missing @notice tag in function 'totalSupply' [Warning/use-natspec]
/sb/0x00e07fd90e86855c3f9ebf7741c92981f664b442.sol:95:5: Missing @return tag in function 'totalSupply' [Warning/use-natspec]
/sb/0x00e07fd90e86855c3f9ebf7741c92981f664b442.sol:95:5: Mismatch in @return count for function 'totalSupply'. Expected: 1, Found: 0 [Warning/use-natspec]
/sb/0x00e07fd90e86855c3f9ebf7741c92981f664b442.sol:95:51: Rule is set with explicit type [var/s: uint] [Warning/explicit-types]
/sb/0x00e07fd90e86855c3f9ebf7741c92981f664b442.sol:97:5: Missing @notice tag in function 'balanceOf' [Warning/use-natspec]
/sb/0x00e07fd90e86855c3f9ebf7741c92981f664b442.sol:97:5: Missing @param tag in function 'balanceOf' [Warning/use-natspec]
/sb/0x00e07fd90e86855c3f9ebf7741c92981f664b442.sol:97:5: Mismatch in @param names for function 'balanceOf'. Expected: [owner], Found: [] [Warning/use-natspec]
/sb/0x00e07fd90e86855c3f9ebf7741c92981f664b442.sol:97:5: Missing @return tag in function 'balanceOf' [Warning/use-natspec]
/sb/0x00e07fd90e86855c3f9ebf7741c92981f664b442.sol:97:5: Mismatch in @return count for function 'balanceOf'. Expected: 1, Found: 0 [Warning/use-natspec]
/sb/0x00e07fd90e86855c3f9ebf7741c92981f664b442.sol:97:62: Rule is set with explicit type [var/s: uint] [Warning/explicit-types]
/sb/0x00e07fd90e86855c3f9ebf7741c92981f664b442.sol:99:5: Missing @notice tag in function 'allowance' [Warning/use-natspec]
/sb/0x00e07fd90e86855c3f9ebf7741c92981f664b442.sol:99:5: Missing @param tag in function 'allowance' [Warning/use-natspec]
/sb/0x00e07fd90e86855c3f9ebf7741c92981f664b442.sol:99:5: Mismatch in @param names for function 'allowance'. Expected: [owner, spender], Found: [] [Warning/use-natspec]
/sb/0x00e07fd90e86855c3f9ebf7741c92981f664b442.sol:99:5: Missing @return tag in function 'allowance' [Warning/use-natspec]
/sb/0x00e07fd90e86855c3f9ebf7741c92981f664b442.sol:99:5: Mismatch in @return count for function 'allowance'. Expected: 1, Found: 0 [Warning/use-natspec]
/sb/0x00e07fd90e86855c3f9ebf7741c92981f664b442.sol:99:79: Rule is set with explicit type [var/s: uint] [Warning/explicit-types]
/sb/0x00e07fd90e86855c3f9ebf7741c92981f664b442.sol:103:5: Missing @notice tag in function 'approve' [Warning/use-natspec]
/sb/0x00e07fd90e86855c3f9ebf7741c92981f664b442.sol:103:5: Missing @param tag in function 'approve' [Warning/use-natspec]
/sb/0x00e07fd90e86855c3f9ebf7741c92981f664b442.sol:103:5: Mismatch in @param names for function 'approve'. Expected: [spender, value], Found: [] [Warning/use-natspec]
/sb/0x00e07fd90e86855c3f9ebf7741c92981f664b442.sol:103:5: Missing @return tag in function 'approve' [Warning/use-natspec]
/sb/0x00e07fd90e86855c3f9ebf7741c92981f664b442.sol:103:5: Mismatch in @return count for function 'approve'. Expected: 1, Found: 0 [Warning/use-natspec]
/sb/0x00e07fd90e86855c3f9ebf7741c92981f664b442.sol:103:39: Rule is set with explicit type [var/s: uint] [Warning/explicit-types]
/sb/0x00e07fd90e86855c3f9ebf7741c92981f664b442.sol:105:5: Missing @notice tag in function 'transfer' [Warning/use-natspec]
/sb/0x00e07fd90e86855c3f9ebf7741c92981f664b442.sol:105:5: Missing @param tag in function 'transfer' [Warning/use-natspec]
/sb/0x00e07fd90e86855c3f9ebf7741c92981f664b442.sol:105:5: Mismatch in @param names for function 'transfer'. Expected: [to, value], Found: [] [Warning/use-natspec]
/sb/0x00e07fd90e86855c3f9ebf7741c92981f664b442.sol:105:5: Missing @return tag in function 'transfer' [Warning/use-natspec]
/sb/0x00e07fd90e86855c3f9ebf7741c92981f664b442.sol:105:5: Mismatch in @return count for function 'transfer'. Expected: 1, Found: 0 [Warning/use-natspec]
/sb/0x00e07fd90e86855c3f9ebf7741c92981f664b442.sol:105:35: Rule is set with explicit type [var/s: uint] [Warning/explicit-types]
/sb/0x00e07fd90e86855c3f9ebf7741c92981f664b442.sol:107:5: Missing @notice tag in function 'transferFrom' [Warning/use-natspec]
/sb/0x00e07fd90e86855c3f9ebf7741c92981f664b442.sol:107:5: Missing @param tag in function 'transferFrom' [Warning/use-natspec]
/sb/0x00e07fd90e86855c3f9ebf7741c92981f664b442.sol:107:5: Mismatch in @param names for function 'transferFrom'. Expected: [from, to, value], Found: [] [Warning/use-natspec]
/sb/0x00e07fd90e86855c3f9ebf7741c92981f664b442.sol:107:5: Missing @return tag in function 'transferFrom' [Warning/use-natspec]
/sb/0x00e07fd90e86855c3f9ebf7741c92981f664b442.sol:107:5: Mismatch in @return count for function 'transferFrom'. Expected: 1, Found: 0 [Warning/use-natspec]
/sb/0x00e07fd90e86855c3f9ebf7741c92981f664b442.sol:107:53: Rule is set with explicit type [var/s: uint] [Warning/explicit-types]
/sb/0x00e07fd90e86855c3f9ebf7741c92981f664b442.sol:111:5: Missing @notice tag in function 'DOMAIN_SEPARATOR' [Warning/use-natspec]
/sb/0x00e07fd90e86855c3f9ebf7741c92981f664b442.sol:111:5: Missing @return tag in function 'DOMAIN_SEPARATOR' [Warning/use-natspec]
/sb/0x00e07fd90e86855c3f9ebf7741c92981f664b442.sol:111:5: Mismatch in @return count for function 'DOMAIN_SEPARATOR'. Expected: 1, Found: 0 [Warning/use-natspec]
/sb/0x00e07fd90e86855c3f9ebf7741c92981f664b442.sol:111:5: Function name must be in mixedCase [Warning/func-name-mixedcase]
/sb/0x00e07fd90e86855c3f9ebf7741c92981f664b442.sol:113:5: Missing @notice tag in function 'PERMIT_TYPEHASH' [Warning/use-natspec]
/sb/0x00e07fd90e86855c3f9ebf7741c92981f664b442.sol:113:5: Missing @return tag in function 'PERMIT_TYPEHASH' [Warning/use-natspec]
/sb/0x00e07fd90e86855c3f9ebf7741c92981f664b442.sol:113:5: Mismatch in @return count for function 'PERMIT_TYPEHASH'. Expected: 1, Found: 0 [Warning/use-natspec]
/sb/0x00e07fd90e86855c3f9ebf7741c92981f664b442.sol:113:5: Function name must be in mixedCase [Warning/func-name-mixedcase]
/sb/0x00e07fd90e86855c3f9ebf7741c92981f664b442.sol:115:5: Missing @notice tag in function 'nonces' [Warning/use-natspec]
/sb/0x00e07fd90e86855c3f9ebf7741c92981f664b442.sol:115:5: Missing @param tag in function 'nonces' [Warning/use-natspec]
/sb/0x00e07fd90e86855c3f9ebf7741c92981f664b442.sol:115:5: Mismatch in @param names for function 'nonces'. Expected: [owner], Found: [] [Warning/use-natspec]
/sb/0x00e07fd90e86855c3f9ebf7741c92981f664b442.sol:115:5: Missing @return tag in function 'nonces' [Warning/use-natspec]
/sb/0x00e07fd90e86855c3f9ebf7741c92981f664b442.sol:115:5: Mismatch in @return count for function 'nonces'. Expected: 1, Found: 0 [Warning/use-natspec]
/sb/0x00e07fd90e86855c3f9ebf7741c92981f664b442.sol:115:59: Rule is set with explicit type [var/s: uint] [Warning/explicit-types]
/sb/0x00e07fd90e86855c3f9ebf7741c92981f664b442.sol:119:5: Missing @notice tag in function 'permit' [Warning/use-natspec]
/sb/0x00e07fd90e86855c3f9ebf7741c92981f664b442.sol:119:5: Missing @param tag in function 'permit' [Warning/use-natspec]
/sb/0x00e07fd90e86855c3f9ebf7741c92981f664b442.sol:119:5: Mismatch in @param names for function 'permit'. Expected: [owner, spender, value, deadline, v, r, s], Found: [] [Warning/use-natspec]
/sb/0x00e07fd90e86855c3f9ebf7741c92981f664b442.sol:119:53: Rule is set with explicit type [var/s: uint] [Warning/explicit-types]
/sb/0x00e07fd90e86855c3f9ebf7741c92981f664b442.sol:119:65: Rule is set with explicit type [var/s: uint] [Warning/explicit-types]
/sb/0x00e07fd90e86855c3f9ebf7741c92981f664b442.sol:123:5: Missing @notice tag in event 'Mint' [Warning/use-natspec]
/sb/0x00e07fd90e86855c3f9ebf7741c92981f664b442.sol:123:5: Missing @param tag in event 'Mint' [Warning/use-natspec]
/sb/0x00e07fd90e86855c3f9ebf7741c92981f664b442.sol:123:5: Mismatch in @param names for event 'Mint'. Expected: [sender, amount0, amount1], Found: [] [Warning/use-natspec]
/sb/0x00e07fd90e86855c3f9ebf7741c92981f664b442.sol:123:5: GC: [amount0] on Event [Mint] could be Indexed [Warning/gas-indexed-events]
/sb/0x00e07fd90e86855c3f9ebf7741c92981f664b442.sol:123:5: GC: [amount1] on Event [Mint] could be Indexed [Warning/gas-indexed-events]
/sb/0x00e07fd90e86855c3f9ebf7741c92981f664b442.sol:123:40: Rule is set with explicit type [var/s: uint] [Warning/explicit-types]
/sb/0x00e07fd90e86855c3f9ebf7741c92981f664b442.sol:123:54: Rule is set with explicit type [var/s: uint] [Warning/explicit-types]
/sb/0x00e07fd90e86855c3f9ebf7741c92981f664b442.sol:125:5: Missing @notice tag in event 'Burn' [Warning/use-natspec]
/sb/0x00e07fd90e86855c3f9ebf7741c92981f664b442.sol:125:5: Missing @param tag in event 'Burn' [Warning/use-natspec]
/sb/0x00e07fd90e86855c3f9ebf7741c92981f664b442.sol:125:5: Mismatch in @param names for event 'Burn'. Expected: [sender, amount0, amount1, to], Found: [] [Warning/use-natspec]
/sb/0x00e07fd90e86855c3f9ebf7741c92981f664b442.sol:125:5: GC: [amount0] on Event [Burn] could be Indexed [Warning/gas-indexed-events]
/sb/0x00e07fd90e86855c3f9ebf7741c92981f664b442.sol:125:5: GC: [amount1] on Event [Burn] could be Indexed [Warning/gas-indexed-events]
/sb/0x00e07fd90e86855c3f9ebf7741c92981f664b442.sol:125:40: Rule is set with explicit type [var/s: uint] [Warning/explicit-types]
/sb/0x00e07fd90e86855c3f9ebf7741c92981f664b442.sol:125:54: Rule is set with explicit type [var/s: uint] [Warning/explicit-types]
/sb/0x00e07fd90e86855c3f9ebf7741c92981f664b442.sol:127:5: Missing @notice tag in event 'Swap' [Warning/use-natspec]
/sb/0x00e07fd90e86855c3f9ebf7741c92981f664b442.sol:127:5: Missing @param tag in event 'Swap' [Warning/use-natspec]
/sb/0x00e07fd90e86855c3f9ebf7741c92981f664b442.sol:127:5: Mismatch in @param names for event 'Swap'. Expected: [sender, amount0In, amount1In, amount0Out, amount1Out, to], Found: [] [Warning/use-natspec]
/sb/0x00e07fd90e86855c3f9ebf7741c92981f664b442.sol:127:5: GC: [amount0In] on Event [Swap] could be Indexed [Warning/gas-indexed-events]
/sb/0x00e07fd90e86855c3f9ebf7741c92981f664b442.sol:127:5: GC: [amount1In] on Event [Swap] could be Indexed [Warning/gas-indexed-events]
/sb/0x00e07fd90e86855c3f9ebf7741c92981f664b442.sol:127:5: GC: [amount0Out] on Event [Swap] could be Indexed [Warning/gas-indexed-events]
/sb/0x00e07fd90e86855c3f9ebf7741c92981f664b442.sol:127:5: GC: [amount1Out] on Event [Swap] could be Indexed [Warning/gas-indexed-events]
/sb/0x00e07fd90e86855c3f9ebf7741c92981f664b442.sol:131:9: Rule is set with explicit type [var/s: uint] [Warning/explicit-types]
/sb/0x00e07fd90e86855c3f9ebf7741c92981f664b442.sol:133:9: Rule is set with explicit type [var/s: uint] [Warning/explicit-types]
/sb/0x00e07fd90e86855c3f9ebf7741c92981f664b442.sol:135:9: Rule is set with explicit type [var/s: uint] [Warning/explicit-types]
/sb/0x00e07fd90e86855c3f9ebf7741c92981f664b442.sol:137:9: Rule is set with explicit type [var/s: uint] [Warning/explicit-types]
/sb/0x00e07fd90e86855c3f9ebf7741c92981f664b442.sol:143:5: Missing @notice tag in event 'Sync' [Warning/use-natspec]
/sb/0x00e07fd90e86855c3f9ebf7741c92981f664b442.sol:143:5: Missing @param tag in event 'Sync' [Warning/use-natspec]
/sb/0x00e07fd90e86855c3f9ebf7741c92981f664b442.sol:143:5: Mismatch in @param names for event 'Sync'. Expected: [reserve0, reserve1], Found: [] [Warning/use-natspec]
/sb/0x00e07fd90e86855c3f9ebf7741c92981f664b442.sol:143:5: GC: [reserve0] on Event [Sync] could be Indexed [Warning/gas-indexed-events]
/sb/0x00e07fd90e86855c3f9ebf7741c92981f664b442.sol:143:5: GC: [reserve1] on Event [Sync] could be Indexed [Warning/gas-indexed-events]
/sb/0x00e07fd90e86855c3f9ebf7741c92981f664b442.sol:147:5: Missing @notice tag in function 'MINIMUM_LIQUIDITY' [Warning/use-natspec]
/sb/0x00e07fd90e86855c3f9ebf7741c92981f664b442.sol:147:5: Missing @return tag in function 'MINIMUM_LIQUIDITY' [Warning/use-natspec]
/sb/0x00e07fd90e86855c3f9ebf7741c92981f664b442.sol:147:5: Mismatch in @return count for function 'MINIMUM_LIQUIDITY'. Expected: 1, Found: 0 [Warning/use-natspec]
/sb/0x00e07fd90e86855c3f9ebf7741c92981f664b442.sol:147:5: Function name must be in mixedCase [Warning/func-name-mixedcase]
/sb/0x00e07fd90e86855c3f9ebf7741c92981f664b442.sol:147:57: Rule is set with explicit type [var/s: uint] [Warning/explicit-types]
/sb/0x00e07fd90e86855c3f9ebf7741c92981f664b442.sol:149:5: Missing @notice tag in function 'factory' [Warning/use-natspec]
/sb/0x00e07fd90e86855c3f9ebf7741c92981f664b442.sol:149:5: Missing @return tag in function 'factory' [Warning/use-natspec]
/sb/0x00e07fd90e86855c3f9ebf7741c92981f664b442.sol:149:5: Mismatch in @return count for function 'factory'. Expected: 1, Found: 0 [Warning/use-natspec]
/sb/0x00e07fd90e86855c3f9ebf7741c92981f664b442.sol:151:5: Missing @notice tag in function 'token0' [Warning/use-natspec]
/sb/0x00e07fd90e86855c3f9ebf7741c92981f664b442.sol:151:5: Missing @return tag in function 'token0' [Warning/use-natspec]
/sb/0x00e07fd90e86855c3f9ebf7741c92981f664b442.sol:151:5: Mismatch in @return count for function 'token0'. Expected: 1, Found: 0 [Warning/use-natspec]
/sb/0x00e07fd90e86855c3f9ebf7741c92981f664b442.sol:153:5: Missing @notice tag in function 'token1' [Warning/use-natspec]
/sb/0x00e07fd90e86855c3f9ebf7741c92981f664b442.sol:153:5: Missing @return tag in function 'token1' [Warning/use-natspec]
/sb/0x00e07fd90e86855c3f9ebf7741c92981f664b442.sol:153:5: Mismatch in @return count for function 'token1'. Expected: 1, Found: 0 [Warning/use-natspec]
/sb/0x00e07fd90e86855c3f9ebf7741c92981f664b442.sol:155:5: Missing @notice tag in function 'getReserves' [Warning/use-natspec]
/sb/0x00e07fd90e86855c3f9ebf7741c92981f664b442.sol:155:5: Missing @return tag in function 'getReserves' [Warning/use-natspec]
/sb/0x00e07fd90e86855c3f9ebf7741c92981f664b442.sol:155:5: Mismatch in @return names for function 'getReserves'. Expected: [reserve0, reserve1, blockTimestampLast], Found: [] [Warning/use-natspec]
/sb/0x00e07fd90e86855c3f9ebf7741c92981f664b442.sol:157:5: Missing @notice tag in function 'price0CumulativeLast' [Warning/use-natspec]
/sb/0x00e07fd90e86855c3f9ebf7741c92981f664b442.sol:157:5: Missing @return tag in function 'price0CumulativeLast' [Warning/use-natspec]
/sb/0x00e07fd90e86855c3f9ebf7741c92981f664b442.sol:157:5: Mismatch in @return count for function 'price0CumulativeLast'. Expected: 1, Found: 0 [Warning/use-natspec]
/sb/0x00e07fd90e86855c3f9ebf7741c92981f664b442.sol:157:60: Rule is set with explicit type [var/s: uint] [Warning/explicit-types]
/sb/0x00e07fd90e86855c3f9ebf7741c92981f664b442.sol:159:5: Missing @notice tag in function 'price1CumulativeLast' [Warning/use-natspec]
/sb/0x00e07fd90e86855c3f9ebf7741c92981f664b442.sol:159:5: Missing @return tag in function 'price1CumulativeLast' [Warning/use-natspec]
/sb/0x00e07fd90e86855c3f9ebf7741c92981f664b442.sol:159:5: Mismatch in @return count for function 'price1CumulativeLast'. Expected: 1, Found: 0 [Warning/use-natspec]
/sb/0x00e07fd90e86855c3f9ebf7741c92981f664b442.sol:159:60: Rule is set with explicit type [var/s: uint] [Warning/explicit-types]
/sb/0x00e07fd90e86855c3f9ebf7741c92981f664b442.sol:161:5: Missing @notice tag in function 'kLast' [Warning/use-natspec]
/sb/0x00e07fd90e86855c3f9ebf7741c92981f664b442.sol:161:5: Missing @return tag in function 'kLast' [Warning/use-natspec]
/sb/0x00e07fd90e86855c3f9ebf7741c92981f664b442.sol:161:5: Mismatch in @return count for function 'kLast'. Expected: 1, Found: 0 [Warning/use-natspec]
/sb/0x00e07fd90e86855c3f9ebf7741c92981f664b442.sol:161:45: Rule is set with explicit type [var/s: uint] [Warning/explicit-types]
/sb/0x00e07fd90e86855c3f9ebf7741c92981f664b442.sol:165:5: Missing @notice tag in function 'mint' [Warning/use-natspec]
/sb/0x00e07fd90e86855c3f9ebf7741c92981f664b442.sol:165:5: Missing @param tag in function 'mint' [Warning/use-natspec]
/sb/0x00e07fd90e86855c3f9ebf7741c92981f664b442.sol:165:5: Mismatch in @param names for function 'mint'. Expected: [to], Found: [] [Warning/use-natspec]
/sb/0x00e07fd90e86855c3f9ebf7741c92981f664b442.sol:165:5: Missing @return tag in function 'mint' [Warning/use-natspec]
/sb/0x00e07fd90e86855c3f9ebf7741c92981f664b442.sol:165:5: Mismatch in @return names for function 'mint'. Expected: [liquidity], Found: [] [Warning/use-natspec]
/sb/0x00e07fd90e86855c3f9ebf7741c92981f664b442.sol:165:49: Rule is set with explicit type [var/s: uint] [Warning/explicit-types]
/sb/0x00e07fd90e86855c3f9ebf7741c92981f664b442.sol:167:5: Missing @notice tag in function 'burn' [Warning/use-natspec]
/sb/0x00e07fd90e86855c3f9ebf7741c92981f664b442.sol:167:5: Missing @param tag in function 'burn' [Warning/use-natspec]
/sb/0x00e07fd90e86855c3f9ebf7741c92981f664b442.sol:167:5: Mismatch in @param names for function 'burn'. Expected: [to], Found: [] [Warning/use-natspec]
/sb/0x00e07fd90e86855c3f9ebf7741c92981f664b442.sol:167:5: Missing @return tag in function 'burn' [Warning/use-natspec]
/sb/0x00e07fd90e86855c3f9ebf7741c92981f664b442.sol:167:5: Mismatch in @return names for function 'burn'. Expected: [amount0, amount1], Found: [] [Warning/use-natspec]
/sb/0x00e07fd90e86855c3f9ebf7741c92981f664b442.sol:167:49: Rule is set with explicit type [var/s: uint] [Warning/explicit-types]
/sb/0x00e07fd90e86855c3f9ebf7741c92981f664b442.sol:167:63: Rule is set with explicit type [var/s: uint] [Warning/explicit-types]
/sb/0x00e07fd90e86855c3f9ebf7741c92981f664b442.sol:169:5: Missing @notice tag in function 'swap' [Warning/use-natspec]
/sb/0x00e07fd90e86855c3f9ebf7741c92981f664b442.sol:169:5: Missing @param tag in function 'swap' [Warning/use-natspec]
/sb/0x00e07fd90e86855c3f9ebf7741c92981f664b442.sol:169:5: Mismatch in @param names for function 'swap'. Expected: [amount0Out, amount1Out, to, data], Found: [] [Warning/use-natspec]
/sb/0x00e07fd90e86855c3f9ebf7741c92981f664b442.sol:169:19: Rule is set with explicit type [var/s: uint] [Warning/explicit-types]
/sb/0x00e07fd90e86855c3f9ebf7741c92981f664b442.sol:169:36: Rule is set with explicit type [var/s: uint] [Warning/explicit-types]
/sb/0x00e07fd90e86855c3f9ebf7741c92981f664b442.sol:171:5: Missing @notice tag in function 'skim' [Warning/use-natspec]
/sb/0x00e07fd90e86855c3f9ebf7741c92981f664b442.sol:171:5: Missing @param tag in function 'skim' [Warning/use-natspec]
/sb/0x00e07fd90e86855c3f9ebf7741c92981f664b442.sol:171:5: Mismatch in @param names for function 'skim'. Expected: [to], Found: [] [Warning/use-natspec]
/sb/0x00e07fd90e86855c3f9ebf7741c92981f664b442.sol:173:5: Missing @notice tag in function 'sync' [Warning/use-natspec]
/sb/0x00e07fd90e86855c3f9ebf7741c92981f664b442.sol:177:5: Missing @notice tag in function 'initialize' [Warning/use-natspec]
/sb/0x00e07fd90e86855c3f9ebf7741c92981f664b442.sol:177:5: Missing @param tag in function 'initialize' [Warning/use-natspec]
/sb/0x00e07fd90e86855c3f9ebf7741c92981f664b442.sol:177:5: Mismatch in @param count for function 'initialize'. Expected: 2, Found: 0 [Warning/use-natspec]
/sb/0x00e07fd90e86855c3f9ebf7741c92981f664b442.sol:183:1: Missing @title tag in contract 'IUniswapV2Factory' [Warning/use-natspec]
/sb/0x00e07fd90e86855c3f9ebf7741c92981f664b442.sol:183:1: Missing @author tag in contract 'IUniswapV2Factory' [Warning/use-natspec]
/sb/0x00e07fd90e86855c3f9ebf7741c92981f664b442.sol:183:1: Missing @notice tag in contract 'IUniswapV2Factory' [Warning/use-natspec]
/sb/0x00e07fd90e86855c3f9ebf7741c92981f664b442.sol:185:5: Missing @notice tag in event 'PairCreated' [Warning/use-natspec]
/sb/0x00e07fd90e86855c3f9ebf7741c92981f664b442.sol:185:5: Missing @param tag in event 'PairCreated' [Warning/use-natspec]
/sb/0x00e07fd90e86855c3f9ebf7741c92981f664b442.sol:185:5: Mismatch in @param count for event 'PairCreated'. Expected: 4, Found: 0 [Warning/use-natspec]
/sb/0x00e07fd90e86855c3f9ebf7741c92981f664b442.sol:185:5: GC: [pair] on Event [PairCreated] could be Indexed [Warning/gas-indexed-events]
/sb/0x00e07fd90e86855c3f9ebf7741c92981f664b442.sol:185:5: GC: [null] on Event [PairCreated] could be Indexed [Warning/gas-indexed-events]
/sb/0x00e07fd90e86855c3f9ebf7741c92981f664b442.sol:185:85: Rule is set with explicit type [var/s: uint] [Warning/explicit-types]
/sb/0x00e07fd90e86855c3f9ebf7741c92981f664b442.sol:189:5: Missing @notice tag in function 'feeTo' [Warning/use-natspec]
/sb/0x00e07fd90e86855c3f9ebf7741c92981f664b442.sol:189:5: Missing @return tag in function 'feeTo' [Warning/use-natspec]
/sb/0x00e07fd90e86855c3f9ebf7741c92981f664b442.sol:189:5: Mismatch in @return count for function 'feeTo'. Expected: 1, Found: 0 [Warning/use-natspec]
/sb/0x00e07fd90e86855c3f9ebf7741c92981f664b442.sol:191:5: Missing @notice tag in function 'feeToSetter' [Warning/use-natspec]
/sb/0x00e07fd90e86855c3f9ebf7741c92981f664b442.sol:191:5: Missing @return tag in function 'feeToSetter' [Warning/use-natspec]
/sb/0x00e07fd90e86855c3f9ebf7741c92981f664b442.sol:191:5: Mismatch in @return count for function 'feeToSetter'. Expected: 1, Found: 0 [Warning/use-natspec]
/sb/0x00e07fd90e86855c3f9ebf7741c92981f664b442.sol:195:5: Missing @notice tag in function 'getPair' [Warning/use-natspec]
/sb/0x00e07fd90e86855c3f9ebf7741c92981f664b442.sol:195:5: Missing @param tag in function 'getPair' [Warning/use-natspec]
/sb/0x00e07fd90e86855c3f9ebf7741c92981f664b442.sol:195:5: Mismatch in @param names for function 'getPair'. Expected: [tokenA, tokenB], Found: [] [Warning/use-natspec]
/sb/0x00e07fd90e86855c3f9ebf7741c92981f664b442.sol:195:5: Missing @return tag in function 'getPair' [Warning/use-natspec]
/sb/0x00e07fd90e86855c3f9ebf7741c92981f664b442.sol:195:5: Mismatch in @return names for function 'getPair'. Expected: [pair], Found: [] [Warning/use-natspec]
/sb/0x00e07fd90e86855c3f9ebf7741c92981f664b442.sol:197:5: Missing @notice tag in function 'allPairs' [Warning/use-natspec]
/sb/0x00e07fd90e86855c3f9ebf7741c92981f664b442.sol:197:5: Missing @param tag in function 'allPairs' [Warning/use-natspec]
/sb/0x00e07fd90e86855c3f9ebf7741c92981f664b442.sol:197:5: Mismatch in @param count for function 'allPairs'. Expected: 1, Found: 0 [Warning/use-natspec]
/sb/0x00e07fd90e86855c3f9ebf7741c92981f664b442.sol:197:5: Missing @return tag in function 'allPairs' [Warning/use-natspec]
/sb/0x00e07fd90e86855c3f9ebf7741c92981f664b442.sol:197:5: Mismatch in @return names for function 'allPairs'. Expected: [pair], Found: [] [Warning/use-natspec]
/sb/0x00e07fd90e86855c3f9ebf7741c92981f664b442.sol:197:23: Rule is set with explicit type [var/s: uint] [Warning/explicit-types]
/sb/0x00e07fd90e86855c3f9ebf7741c92981f664b442.sol:199:5: Missing @notice tag in function 'allPairsLength' [Warning/use-natspec]
/sb/0x00e07fd90e86855c3f9ebf7741c92981f664b442.sol:199:5: Missing @return tag in function 'allPairsLength' [Warning/use-natspec]
/sb/0x00e07fd90e86855c3f9ebf7741c92981f664b442.sol:199:5: Mismatch in @return count for function 'allPairsLength'. Expected: 1, Found: 0 [Warning/use-natspec]
/sb/0x00e07fd90e86855c3f9ebf7741c92981f664b442.sol:199:54: Rule is set with explicit type [var/s: uint] [Warning/explicit-types]
/sb/0x00e07fd90e86855c3f9ebf7741c92981f664b442.sol:203:5: Missing @notice tag in function 'createPair' [Warning/use-natspec]
/sb/0x00e07fd90e86855c3f9ebf7741c92981f664b442.sol:203:5: Missing @param tag in function 'createPair' [Warning/use-natspec]
/sb/0x00e07fd90e86855c3f9ebf7741c92981f664b442.sol:203:5: Mismatch in @param names for function 'createPair'. Expected: [tokenA, tokenB], Found: [] [Warning/use-natspec]
/sb/0x00e07fd90e86855c3f9ebf7741c92981f664b442.sol:203:5: Missing @return tag in function 'createPair' [Warning/use-natspec]
/sb/0x00e07fd90e86855c3f9ebf7741c92981f664b442.sol:203:5: Mismatch in @return names for function 'createPair'. Expected: [pair], Found: [] [Warning/use-natspec]
/sb/0x00e07fd90e86855c3f9ebf7741c92981f664b442.sol:207:5: Missing @notice tag in function 'setFeeTo' [Warning/use-natspec]
/sb/0x00e07fd90e86855c3f9ebf7741c92981f664b442.sol:207:5: Missing @param tag in function 'setFeeTo' [Warning/use-natspec]
/sb/0x00e07fd90e86855c3f9ebf7741c92981f664b442.sol:207:5: Mismatch in @param count for function 'setFeeTo'. Expected: 1, Found: 0 [Warning/use-natspec]
/sb/0x00e07fd90e86855c3f9ebf7741c92981f664b442.sol:209:5: Missing @notice tag in function 'setFeeToSetter' [Warning/use-natspec]
/sb/0x00e07fd90e86855c3f9ebf7741c92981f664b442.sol:209:5: Missing @param tag in function 'setFeeToSetter' [Warning/use-natspec]
/sb/0x00e07fd90e86855c3f9ebf7741c92981f664b442.sol:209:5: Mismatch in @param count for function 'setFeeToSetter'. Expected: 1, Found: 0 [Warning/use-natspec]
/sb/0x00e07fd90e86855c3f9ebf7741c92981f664b442.sol:215:1: Missing @title tag in contract 'IERC20' [Warning/use-natspec]
/sb/0x00e07fd90e86855c3f9ebf7741c92981f664b442.sol:215:1: Missing @author tag in contract 'IERC20' [Warning/use-natspec]
/sb/0x00e07fd90e86855c3f9ebf7741c92981f664b442.sol:215:1: Missing @notice tag in contract 'IERC20' [Warning/use-natspec]
/sb/0x00e07fd90e86855c3f9ebf7741c92981f664b442.sol:223:5: Missing @notice tag in function 'totalSupply' [Warning/use-natspec]
/sb/0x00e07fd90e86855c3f9ebf7741c92981f664b442.sol:223:5: Missing @return tag in function 'totalSupply' [Warning/use-natspec]
/sb/0x00e07fd90e86855c3f9ebf7741c92981f664b442.sol:223:5: Mismatch in @return count for function 'totalSupply'. Expected: 1, Found: 0 [Warning/use-natspec]
/sb/0x00e07fd90e86855c3f9ebf7741c92981f664b442.sol:233:5: Missing @notice tag in function 'balanceOf' [Warning/use-natspec]
/sb/0x00e07fd90e86855c3f9ebf7741c92981f664b442.sol:233:5: Missing @param tag in function 'balanceOf' [Warning/use-natspec]
/sb/0x00e07fd90e86855c3f9ebf7741c92981f664b442.sol:233:5: Mismatch in @param names for function 'balanceOf'. Expected: [account], Found: [] [Warning/use-natspec]
/sb/0x00e07fd90e86855c3f9ebf7741c92981f664b442.sol:233:5: Missing @return tag in function 'balanceOf' [Warning/use-natspec]
/sb/0x00e07fd90e86855c3f9ebf7741c92981f664b442.sol:233:5: Mismatch in @return count for function 'balanceOf'. Expected: 1, Found: 0 [Warning/use-natspec]
/sb/0x00e07fd90e86855c3f9ebf7741c92981f664b442.sol:251:5: Missing @notice tag in function 'transfer' [Warning/use-natspec]
/sb/0x00e07fd90e86855c3f9ebf7741c92981f664b442.sol:251:5: Missing @param tag in function 'transfer' [Warning/use-natspec]
/sb/0x00e07fd90e86855c3f9ebf7741c92981f664b442.sol:251:5: Mismatch in @param names for function 'transfer'. Expected: [recipient, amount], Found: [] [Warning/use-natspec]
/sb/0x00e07fd90e86855c3f9ebf7741c92981f664b442.sol:251:5: Missing @return tag in function 'transfer' [Warning/use-natspec]
/sb/0x00e07fd90e86855c3f9ebf7741c92981f664b442.sol:251:5: Mismatch in @return count for function 'transfer'. Expected: 1, Found: 0 [Warning/use-natspec]
/sb/0x00e07fd90e86855c3f9ebf7741c92981f664b442.sol:269:5: Missing @notice tag in function 'allowance' [Warning/use-natspec]
/sb/0x00e07fd90e86855c3f9ebf7741c92981f664b442.sol:269:5: Missing @param tag in function 'allowance' [Warning/use-natspec]
/sb/0x00e07fd90e86855c3f9ebf7741c92981f664b442.sol:269:5: Mismatch in @param names for function 'allowance'. Expected: [owner, spender], Found: [] [Warning/use-natspec]
/sb/0x00e07fd90e86855c3f9ebf7741c92981f664b442.sol:269:5: Missing @return tag in function 'allowance' [Warning/use-natspec]
/sb/0x00e07fd90e86855c3f9ebf7741c92981f664b442.sol:269:5: Mismatch in @return count for function 'allowance'. Expected: 1, Found: 0 [Warning/use-natspec]
/sb/0x00e07fd90e86855c3f9ebf7741c92981f664b442.sol:301:5: Missing @notice tag in function 'approve' [Warning/use-natspec]
/sb/0x00e07fd90e86855c3f9ebf7741c92981f664b442.sol:301:5: Missing @param tag in function 'approve' [Warning/use-natspec]
/sb/0x00e07fd90e86855c3f9ebf7741c92981f664b442.sol:301:5: Mismatch in @param names for function 'approve'. Expected: [spender, amount], Found: [] [Warning/use-natspec]
/sb/0x00e07fd90e86855c3f9ebf7741c92981f664b442.sol:301:5: Missing @return tag in function 'approve' [Warning/use-natspec]
/sb/0x00e07fd90e86855c3f9ebf7741c92981f664b442.sol:301:5: Mismatch in @return count for function 'approve'. Expected: 1, Found: 0 [Warning/use-natspec]
/sb/0x00e07fd90e86855c3f9ebf7741c92981f664b442.sol:323:5: Missing @notice tag in function 'transferFrom' [Warning/use-natspec]
/sb/0x00e07fd90e86855c3f9ebf7741c92981f664b442.sol:323:5: Missing @param tag in function 'transferFrom' [Warning/use-natspec]
/sb/0x00e07fd90e86855c3f9ebf7741c92981f664b442.sol:323:5: Mismatch in @param names for function 'transferFrom'. Expected: [sender, recipient, amount], Found: [] [Warning/use-natspec]
/sb/0x00e07fd90e86855c3f9ebf7741c92981f664b442.sol:323:5: Missing @return tag in function 'transferFrom' [Warning/use-natspec]
/sb/0x00e07fd90e86855c3f9ebf7741c92981f664b442.sol:323:5: Mismatch in @return count for function 'transferFrom'. Expected: 1, Found: 0 [Warning/use-natspec]
/sb/0x00e07fd90e86855c3f9ebf7741c92981f664b442.sol:347:5: Missing @notice tag in event 'Transfer' [Warning/use-natspec]
/sb/0x00e07fd90e86855c3f9ebf7741c92981f664b442.sol:347:5: Missing @param tag in event 'Transfer' [Warning/use-natspec]
/sb/0x00e07fd90e86855c3f9ebf7741c92981f664b442.sol:347:5: Mismatch in @param names for event 'Transfer'. Expected: [from, to, value], Found: [] [Warning/use-natspec]
/sb/0x00e07fd90e86855c3f9ebf7741c92981f664b442.sol:347:5: GC: [value] on Event [Transfer] could be Indexed [Warning/gas-indexed-events]
/sb/0x00e07fd90e86855c3f9ebf7741c92981f664b442.sol:359:5: Missing @notice tag in event 'Approval' [Warning/use-natspec]
/sb/0x00e07fd90e86855c3f9ebf7741c92981f664b442.sol:359:5: Missing @param tag in event 'Approval' [Warning/use-natspec]
/sb/0x00e07fd90e86855c3f9ebf7741c92981f664b442.sol:359:5: Mismatch in @param names for event 'Approval'. Expected: [owner, spender, value], Found: [] [Warning/use-natspec]
/sb/0x00e07fd90e86855c3f9ebf7741c92981f664b442.sol:359:5: GC: [value] on Event [Approval] could be Indexed [Warning/gas-indexed-events]
/sb/0x00e07fd90e86855c3f9ebf7741c92981f664b442.sol:365:1: Missing @title tag in contract 'IERC20Metadata' [Warning/use-natspec]
/sb/0x00e07fd90e86855c3f9ebf7741c92981f664b442.sol:365:1: Missing @author tag in contract 'IERC20Metadata' [Warning/use-natspec]
/sb/0x00e07fd90e86855c3f9ebf7741c92981f664b442.sol:365:1: Missing @notice tag in contract 'IERC20Metadata' [Warning/use-natspec]
/sb/0x00e07fd90e86855c3f9ebf7741c92981f664b442.sol:373:5: Missing @notice tag in function 'name' [Warning/use-natspec]
/sb/0x00e07fd90e86855c3f9ebf7741c92981f664b442.sol:373:5: Missing @return tag in function 'name' [Warning/use-natspec]
/sb/0x00e07fd90e86855c3f9ebf7741c92981f664b442.sol:373:5: Mismatch in @return count for function 'name'. Expected: 1, Found: 0 [Warning/use-natspec]
/sb/0x00e07fd90e86855c3f9ebf7741c92981f664b442.sol:383:5: Missing @notice tag in function 'symbol' [Warning/use-natspec]
/sb/0x00e07fd90e86855c3f9ebf7741c92981f664b442.sol:383:5: Missing @return tag in function 'symbol' [Warning/use-natspec]
/sb/0x00e07fd90e86855c3f9ebf7741c92981f664b442.sol:383:5: Mismatch in @return count for function 'symbol'. Expected: 1, Found: 0 [Warning/use-natspec]
/sb/0x00e07fd90e86855c3f9ebf7741c92981f664b442.sol:393:5: Missing @notice tag in function 'decimals' [Warning/use-natspec]
/sb/0x00e07fd90e86855c3f9ebf7741c92981f664b442.sol:393:5: Missing @return tag in function 'decimals' [Warning/use-natspec]
/sb/0x00e07fd90e86855c3f9ebf7741c92981f664b442.sol:393:5: Mismatch in @return count for function 'decimals'. Expected: 1, Found: 0 [Warning/use-natspec]
/sb/0x00e07fd90e86855c3f9ebf7741c92981f664b442.sol:401:1: Missing @title tag in contract 'ERC20' [Warning/use-natspec]
/sb/0x00e07fd90e86855c3f9ebf7741c92981f664b442.sol:401:1: Missing @author tag in contract 'ERC20' [Warning/use-natspec]
/sb/0x00e07fd90e86855c3f9ebf7741c92981f664b442.sol:401:1: Missing @notice tag in contract 'ERC20' [Warning/use-natspec]
/sb/0x00e07fd90e86855c3f9ebf7741c92981f664b442.sol:443:5: Missing @notice tag in function '<anonymous>' [Warning/use-natspec]
/sb/0x00e07fd90e86855c3f9ebf7741c92981f664b442.sol:443:5: Missing @param tag in function '<anonymous>' [Warning/use-natspec]
/sb/0x00e07fd90e86855c3f9ebf7741c92981f664b442.sol:443:5: Mismatch in @param names for function '<anonymous>'. Expected: [name_, symbol_], Found: [] [Warning/use-natspec]
/sb/0x00e07fd90e86855c3f9ebf7741c92981f664b442.sol:443:5: Explicitly mark visibility in function (Set ignoreConstructors to true if using solidity >=0.7.0) [Warning/func-visibility]
/sb/0x00e07fd90e86855c3f9ebf7741c92981f664b442.sol:459:5: Missing @notice tag in function 'name' [Warning/use-natspec]
/sb/0x00e07fd90e86855c3f9ebf7741c92981f664b442.sol:459:5: Missing @return tag in function 'name' [Warning/use-natspec]
/sb/0x00e07fd90e86855c3f9ebf7741c92981f664b442.sol:459:5: Mismatch in @return count for function 'name'. Expected: 1, Found: 0 [Warning/use-natspec]
/sb/0x00e07fd90e86855c3f9ebf7741c92981f664b442.sol:475:5: Missing @notice tag in function 'symbol' [Warning/use-natspec]
/sb/0x00e07fd90e86855c3f9ebf7741c92981f664b442.sol:475:5: Missing @return tag in function 'symbol' [Warning/use-natspec]
/sb/0x00e07fd90e86855c3f9ebf7741c92981f664b442.sol:475:5: Mismatch in @return count for function 'symbol'. Expected: 1, Found: 0 [Warning/use-natspec]
/sb/0x00e07fd90e86855c3f9ebf7741c92981f664b442.sol:509:5: Missing @notice tag in function 'decimals' [Warning/use-natspec]
/sb/0x00e07fd90e86855c3f9ebf7741c92981f664b442.sol:509:5: Missing @return tag in function 'decimals' [Warning/use-natspec]
/sb/0x00e07fd90e86855c3f9ebf7741c92981f664b442.sol:509:5: Mismatch in @return count for function 'decimals'. Expected: 1, Found: 0 [Warning/use-natspec]
/sb/0x00e07fd90e86855c3f9ebf7741c92981f664b442.sol:523:5: Missing @notice tag in function 'totalSupply' [Warning/use-natspec]
/sb/0x00e07fd90e86855c3f9ebf7741c92981f664b442.sol:523:5: Missing @return tag in function 'totalSupply' [Warning/use-natspec]
/sb/0x00e07fd90e86855c3f9ebf7741c92981f664b442.sol:523:5: Mismatch in @return count for function 'totalSupply'. Expected: 1, Found: 0 [Warning/use-natspec]
/sb/0x00e07fd90e86855c3f9ebf7741c92981f664b442.sol:537:5: Missing @notice tag in function 'balanceOf' [Warning/use-natspec]
/sb/0x00e07fd90e86855c3f9ebf7741c92981f664b442.sol:537:5: Missing @param tag in function 'balanceOf' [Warning/use-natspec]
/sb/0x00e07fd90e86855c3f9ebf7741c92981f664b442.sol:537:5: Mismatch in @param names for function 'balanceOf'. Expected: [account], Found: [] [Warning/use-natspec]
/sb/0x00e07fd90e86855c3f9ebf7741c92981f664b442.sol:537:5: Missing @return tag in function 'balanceOf' [Warning/use-natspec]
/sb/0x00e07fd90e86855c3f9ebf7741c92981f664b442.sol:537:5: Mismatch in @return count for function 'balanceOf'. Expected: 1, Found: 0 [Warning/use-natspec]
/sb/0x00e07fd90e86855c3f9ebf7741c92981f664b442.sol:561:5: Missing @notice tag in function 'transfer' [Warning/use-natspec]
/sb/0x00e07fd90e86855c3f9ebf7741c92981f664b442.sol:561:5: Missing @param tag in function 'transfer' [Warning/use-natspec]
/sb/0x00e07fd90e86855c3f9ebf7741c92981f664b442.sol:561:5: Mismatch in @param names for function 'transfer'. Expected: [recipient, amount], Found: [] [Warning/use-natspec]
/sb/0x00e07fd90e86855c3f9ebf7741c92981f664b442.sol:561:5: Missing @return tag in function 'transfer' [Warning/use-natspec]
/sb/0x00e07fd90e86855c3f9ebf7741c92981f664b442.sol:561:5: Mismatch in @return count for function 'transfer'. Expected: 1, Found: 0 [Warning/use-natspec]
/sb/0x00e07fd90e86855c3f9ebf7741c92981f664b442.sol:577:5: Missing @notice tag in function 'allowance' [Warning/use-natspec]
/sb/0x00e07fd90e86855c3f9ebf7741c92981f664b442.sol:577:5: Missing @param tag in function 'allowance' [Warning/use-natspec]
/sb/0x00e07fd90e86855c3f9ebf7741c92981f664b442.sol:577:5: Mismatch in @param names for function 'allowance'. Expected: [owner, spender], Found: [] [Warning/use-natspec]
/sb/0x00e07fd90e86855c3f9ebf7741c92981f664b442.sol:577:5: Missing @return tag in function 'allowance' [Warning/use-natspec]
/sb/0x00e07fd90e86855c3f9ebf7741c92981f664b442.sol:577:5: Mismatch in @return count for function 'allowance'. Expected: 1, Found: 0 [Warning/use-natspec]
/sb/0x00e07fd90e86855c3f9ebf7741c92981f664b442.sol:599:5: Missing @notice tag in function 'approve' [Warning/use-natspec]
/sb/0x00e07fd90e86855c3f9ebf7741c92981f664b442.sol:599:5: Missing @param tag in function 'approve' [Warning/use-natspec]
/sb/0x00e07fd90e86855c3f9ebf7741c92981f664b442.sol:599:5: Mismatch in @param names for function 'approve'. Expected: [spender, amount], Found: [] [Warning/use-natspec]
/sb/0x00e07fd90e86855c3f9ebf7741c92981f664b442.sol:599:5: Missing @return tag in function 'approve' [Warning/use-natspec]
/sb/0x00e07fd90e86855c3f9ebf7741c92981f664b442.sol:599:5: Mismatch in @return count for function 'approve'. Expected: 1, Found: 0 [Warning/use-natspec]
/sb/0x00e07fd90e86855c3f9ebf7741c92981f664b442.sol:635:5: Missing @notice tag in function 'transferFrom' [Warning/use-natspec]
/sb/0x00e07fd90e86855c3f9ebf7741c92981f664b442.sol:635:5: Missing @param tag in function 'transferFrom' [Warning/use-natspec]
/sb/0x00e07fd90e86855c3f9ebf7741c92981f664b442.sol:635:5: Mismatch in @param names for function 'transferFrom'. Expected: [sender, recipient, amount], Found: [] [Warning/use-natspec]
/sb/0x00e07fd90e86855c3f9ebf7741c92981f664b442.sol:635:5: Missing @return tag in function 'transferFrom' [Warning/use-natspec]
/sb/0x00e07fd90e86855c3f9ebf7741c92981f664b442.sol:635:5: Mismatch in @return count for function 'transferFrom'. Expected: 1, Found: 0 [Warning/use-natspec]
/sb/0x00e07fd90e86855c3f9ebf7741c92981f664b442.sol:647:40: GC: String exceeds 32 bytes [Warning/gas-small-strings]
/sb/0x00e07fd90e86855c3f9ebf7741c92981f664b442.sol:679:5: Missing @notice tag in function 'increaseAllowance' [Warning/use-natspec]
/sb/0x00e07fd90e86855c3f9ebf7741c92981f664b442.sol:679:5: Missing @param tag in function 'increaseAllowance' [Warning/use-natspec]
/sb/0x00e07fd90e86855c3f9ebf7741c92981f664b442.sol:679:5: Mismatch in @param names for function 'increaseAllowance'. Expected: [spender, addedValue], Found: [] [Warning/use-natspec]
/sb/0x00e07fd90e86855c3f9ebf7741c92981f664b442.sol:679:5: Missing @return tag in function 'increaseAllowance' [Warning/use-natspec]
/sb/0x00e07fd90e86855c3f9ebf7741c92981f664b442.sol:679:5: Mismatch in @return count for function 'increaseAllowance'. Expected: 1, Found: 0 [Warning/use-natspec]
/sb/0x00e07fd90e86855c3f9ebf7741c92981f664b442.sol:717:5: Missing @notice tag in function 'decreaseAllowance' [Warning/use-natspec]
/sb/0x00e07fd90e86855c3f9ebf7741c92981f664b442.sol:717:5: Missing @param tag in function 'decreaseAllowance' [Warning/use-natspec]
/sb/0x00e07fd90e86855c3f9ebf7741c92981f664b442.sol:717:5: Mismatch in @param names for function 'decreaseAllowance'. Expected: [spender, subtractedValue], Found: [] [Warning/use-natspec]
/sb/0x00e07fd90e86855c3f9ebf7741c92981f664b442.sol:717:5: Missing @return tag in function 'decreaseAllowance' [Warning/use-natspec]
/sb/0x00e07fd90e86855c3f9ebf7741c92981f664b442.sol:717:5: Mismatch in @return count for function 'decreaseAllowance'. Expected: 1, Found: 0 [Warning/use-natspec]
/sb/0x00e07fd90e86855c3f9ebf7741c92981f664b442.sol:719:41: GC: String exceeds 32 bytes [Warning/gas-small-strings]
/sb/0x00e07fd90e86855c3f9ebf7741c92981f664b442.sol:755:5: Missing @notice tag in function '_transfer' [Warning/use-natspec]
/sb/0x00e07fd90e86855c3f9ebf7741c92981f664b442.sol:755:5: Missing @param tag in function '_transfer' [Warning/use-natspec]
/sb/0x00e07fd90e86855c3f9ebf7741c92981f664b442.sol:755:5: Mismatch in @param names for function '_transfer'. Expected: [sender, recipient, amount], Found: [] [Warning/use-natspec]
/sb/0x00e07fd90e86855c3f9ebf7741c92981f664b442.sol:765:9: Error message for require is too long: 37 counted / 32 allowed [Warning/reason-string]
/sb/0x00e07fd90e86855c3f9ebf7741c92981f664b442.sol:765:9: GC: String exceeds 32 bytes [Warning/gas-small-strings]
/sb/0x00e07fd90e86855c3f9ebf7741c92981f664b442.sol:765:9: GC: Use Custom Errors instead of require statements [Warning/gas-custom-errors]
/sb/0x00e07fd90e86855c3f9ebf7741c92981f664b442.sol:767:9: Error message for require is too long: 35 counted / 32 allowed [Warning/reason-string]
/sb/0x00e07fd90e86855c3f9ebf7741c92981f664b442.sol:767:9: GC: String exceeds 32 bytes [Warning/gas-small-strings]
/sb/0x00e07fd90e86855c3f9ebf7741c92981f664b442.sol:767:9: GC: Use Custom Errors instead of require statements [Warning/gas-custom-errors]
/sb/0x00e07fd90e86855c3f9ebf7741c92981f664b442.sol:775:29: GC: String exceeds 32 bytes [Warning/gas-small-strings]
/sb/0x00e07fd90e86855c3f9ebf7741c92981f664b442.sol:803:5: Missing @notice tag in function '_mint' [Warning/use-natspec]
/sb/0x00e07fd90e86855c3f9ebf7741c92981f664b442.sol:803:5: Missing @param tag in function '_mint' [Warning/use-natspec]
/sb/0x00e07fd90e86855c3f9ebf7741c92981f664b442.sol:803:5: Mismatch in @param names for function '_mint'. Expected: [account, amount], Found: [] [Warning/use-natspec]
/sb/0x00e07fd90e86855c3f9ebf7741c92981f664b442.sol:805:9: GC: Use Custom Errors instead of require statements [Warning/gas-custom-errors]
/sb/0x00e07fd90e86855c3f9ebf7741c92981f664b442.sol:845:5: Missing @notice tag in function '_burn' [Warning/use-natspec]
/sb/0x00e07fd90e86855c3f9ebf7741c92981f664b442.sol:845:5: Missing @param tag in function '_burn' [Warning/use-natspec]
/sb/0x00e07fd90e86855c3f9ebf7741c92981f664b442.sol:845:5: Mismatch in @param names for function '_burn'. Expected: [account, amount], Found: [] [Warning/use-natspec]
/sb/0x00e07fd90e86855c3f9ebf7741c92981f664b442.sol:847:9: Error message for require is too long: 33 counted / 32 allowed [Warning/reason-string]
/sb/0x00e07fd90e86855c3f9ebf7741c92981f664b442.sol:847:9: GC: String exceeds 32 bytes [Warning/gas-small-strings]
/sb/0x00e07fd90e86855c3f9ebf7741c92981f664b442.sol:847:9: GC: Use Custom Errors instead of require statements [Warning/gas-custom-errors]
/sb/0x00e07fd90e86855c3f9ebf7741c92981f664b442.sol:855:30: GC: String exceeds 32 bytes [Warning/gas-small-strings]
/sb/0x00e07fd90e86855c3f9ebf7741c92981f664b442.sol:891:5: Missing @notice tag in function '_approve' [Warning/use-natspec]
/sb/0x00e07fd90e86855c3f9ebf7741c92981f664b442.sol:891:5: Missing @param tag in function '_approve' [Warning/use-natspec]
/sb/0x00e07fd90e86855c3f9ebf7741c92981f664b442.sol:891:5: Mismatch in @param names for function '_approve'. Expected: [owner, spender, amount], Found: [] [Warning/use-natspec]
/sb/0x00e07fd90e86855c3f9ebf7741c92981f664b442.sol:901:9: Error message for require is too long: 36 counted / 32 allowed [Warning/reason-string]
/sb/0x00e07fd90e86855c3f9ebf7741c92981f664b442.sol:901:9: GC: String exceeds 32 bytes [Warning/gas-small-strings]
/sb/0x00e07fd90e86855c3f9ebf7741c92981f664b442.sol:901:9: GC: Use Custom Errors instead of require statements [Warning/gas-custom-errors]
/sb/0x00e07fd90e86855c3f9ebf7741c92981f664b442.sol:903:9: Error message for require is too long: 34 counted / 32 allowed [Warning/reason-string]
/sb/0x00e07fd90e86855c3f9ebf7741c92981f664b442.sol:903:9: GC: String exceeds 32 bytes [Warning/gas-small-strings]
/sb/0x00e07fd90e86855c3f9ebf7741c92981f664b442.sol:903:9: GC: Use Custom Errors instead of require statements [Warning/gas-custom-errors]
/sb/0x00e07fd90e86855c3f9ebf7741c92981f664b442.sol:943:5: Missing @notice tag in function '_beforeTokenTransfer' [Warning/use-natspec]
/sb/0x00e07fd90e86855c3f9ebf7741c92981f664b442.sol:943:5: Missing @param tag in function '_beforeTokenTransfer' [Warning/use-natspec]
/sb/0x00e07fd90e86855c3f9ebf7741c92981f664b442.sol:943:5: Mismatch in @param names for function '_beforeTokenTransfer'. Expected: [from, to, amount], Found: [] [Warning/use-natspec]
/sb/0x00e07fd90e86855c3f9ebf7741c92981f664b442.sol:951:24: Code contains empty blocks [Warning/no-empty-blocks]
/sb/0x00e07fd90e86855c3f9ebf7741c92981f664b442.sol:957:1: Missing @title tag in contract 'SafeMath' [Warning/use-natspec]
/sb/0x00e07fd90e86855c3f9ebf7741c92981f664b442.sol:957:1: Missing @author tag in contract 'SafeMath' [Warning/use-natspec]
/sb/0x00e07fd90e86855c3f9ebf7741c92981f664b442.sol:957:1: Missing @notice tag in contract 'SafeMath' [Warning/use-natspec]
/sb/0x00e07fd90e86855c3f9ebf7741c92981f664b442.sol:979:5: Missing @notice tag in function 'add' [Warning/use-natspec]
/sb/0x00e07fd90e86855c3f9ebf7741c92981f664b442.sol:979:5: Missing @param tag in function 'add' [Warning/use-natspec]
/sb/0x00e07fd90e86855c3f9ebf7741c92981f664b442.sol:979:5: Mismatch in @param names for function 'add'. Expected: [a, b], Found: [] [Warning/use-natspec]
/sb/0x00e07fd90e86855c3f9ebf7741c92981f664b442.sol:979:5: Missing @return tag in function 'add' [Warning/use-natspec]
/sb/0x00e07fd90e86855c3f9ebf7741c92981f664b442.sol:979:5: Mismatch in @return count for function 'add'. Expected: 1, Found: 0 [Warning/use-natspec]
/sb/0x00e07fd90e86855c3f9ebf7741c92981f664b442.sol:983:9: GC: Use Custom Errors instead of require statements [Warning/gas-custom-errors]
/sb/0x00e07fd90e86855c3f9ebf7741c92981f664b442.sol:983:17: GC: Non strict inequality found. Try converting to a strict one [Warning/gas-strict-inequalities]
/sb/0x00e07fd90e86855c3f9ebf7741c92981f664b442.sol:1013:5: Missing @notice tag in function 'sub' [Warning/use-natspec]
/sb/0x00e07fd90e86855c3f9ebf7741c92981f664b442.sol:1013:5: Missing @param tag in function 'sub' [Warning/use-natspec]
/sb/0x00e07fd90e86855c3f9ebf7741c92981f664b442.sol:1013:5: Mismatch in @param names for function 'sub'. Expected: [a, b], Found: [] [Warning/use-natspec]
/sb/0x00e07fd90e86855c3f9ebf7741c92981f664b442.sol:1013:5: Missing @return tag in function 'sub' [Warning/use-natspec]
/sb/0x00e07fd90e86855c3f9ebf7741c92981f664b442.sol:1013:5: Mismatch in @return count for function 'sub'. Expected: 1, Found: 0 [Warning/use-natspec]
/sb/0x00e07fd90e86855c3f9ebf7741c92981f664b442.sol:1041:5: Missing @notice tag in function 'sub' [Warning/use-natspec]
/sb/0x00e07fd90e86855c3f9ebf7741c92981f664b442.sol:1041:5: Missing @param tag in function 'sub' [Warning/use-natspec]
/sb/0x00e07fd90e86855c3f9ebf7741c92981f664b442.sol:1041:5: Mismatch in @param names for function 'sub'. Expected: [a, b, errorMessage], Found: [] [Warning/use-natspec]
/sb/0x00e07fd90e86855c3f9ebf7741c92981f664b442.sol:1041:5: Missing @return tag in function 'sub' [Warning/use-natspec]
/sb/0x00e07fd90e86855c3f9ebf7741c92981f664b442.sol:1041:5: Mismatch in @return count for function 'sub'. Expected: 1, Found: 0 [Warning/use-natspec]
/sb/0x00e07fd90e86855c3f9ebf7741c92981f664b442.sol:1043:9: GC: Use Custom Errors instead of require statements [Warning/gas-custom-errors]
/sb/0x00e07fd90e86855c3f9ebf7741c92981f664b442.sol:1043:17: GC: Non strict inequality found. Try converting to a strict one [Warning/gas-strict-inequalities]
/sb/0x00e07fd90e86855c3f9ebf7741c92981f664b442.sol:1075:5: Missing @notice tag in function 'mul' [Warning/use-natspec]
/sb/0x00e07fd90e86855c3f9ebf7741c92981f664b442.sol:1075:5: Missing @param tag in function 'mul' [Warning/use-natspec]
/sb/0x00e07fd90e86855c3f9ebf7741c92981f664b442.sol:1075:5: Mismatch in @param names for function 'mul'. Expected: [a, b], Found: [] [Warning/use-natspec]
/sb/0x00e07fd90e86855c3f9ebf7741c92981f664b442.sol:1075:5: Missing @return tag in function 'mul' [Warning/use-natspec]
/sb/0x00e07fd90e86855c3f9ebf7741c92981f664b442.sol:1075:5: Mismatch in @return count for function 'mul'. Expected: 1, Found: 0 [Warning/use-natspec]
/sb/0x00e07fd90e86855c3f9ebf7741c92981f664b442.sol:1093:9: Error message for require is too long: 33 counted / 32 allowed [Warning/reason-string]
/sb/0x00e07fd90e86855c3f9ebf7741c92981f664b442.sol:1093:9: GC: String exceeds 32 bytes [Warning/gas-small-strings]
/sb/0x00e07fd90e86855c3f9ebf7741c92981f664b442.sol:1093:9: GC: Use Custom Errors instead of require statements [Warning/gas-custom-errors]
/sb/0x00e07fd90e86855c3f9ebf7741c92981f664b442.sol:1127:5: Missing @notice tag in function 'div' [Warning/use-natspec]
/sb/0x00e07fd90e86855c3f9ebf7741c92981f664b442.sol:1127:5: Missing @param tag in function 'div' [Warning/use-natspec]
/sb/0x00e07fd90e86855c3f9ebf7741c92981f664b442.sol:1127:5: Mismatch in @param names for function 'div'. Expected: [a, b], Found: [] [Warning/use-natspec]
/sb/0x00e07fd90e86855c3f9ebf7741c92981f664b442.sol:1127:5: Missing @return tag in function 'div' [Warning/use-natspec]
/sb/0x00e07fd90e86855c3f9ebf7741c92981f664b442.sol:1127:5: Mismatch in @return count for function 'div'. Expected: 1, Found: 0 [Warning/use-natspec]
/sb/0x00e07fd90e86855c3f9ebf7741c92981f664b442.sol:1159:5: Missing @notice tag in function 'div' [Warning/use-natspec]
/sb/0x00e07fd90e86855c3f9ebf7741c92981f664b442.sol:1159:5: Missing @param tag in function 'div' [Warning/use-natspec]
/sb/0x00e07fd90e86855c3f9ebf7741c92981f664b442.sol:1159:5: Mismatch in @param names for function 'div'. Expected: [a, b, errorMessage], Found: [] [Warning/use-natspec]
/sb/0x00e07fd90e86855c3f9ebf7741c92981f664b442.sol:1159:5: Missing @return tag in function 'div' [Warning/use-natspec]
/sb/0x00e07fd90e86855c3f9ebf7741c92981f664b442.sol:1159:5: Mismatch in @return count for function 'div'. Expected: 1, Found: 0 [Warning/use-natspec]
/sb/0x00e07fd90e86855c3f9ebf7741c92981f664b442.sol:1161:9: GC: Use Custom Errors instead of require statements [Warning/gas-custom-errors]
/sb/0x00e07fd90e86855c3f9ebf7741c92981f664b442.sol:1199:5: Missing @notice tag in function 'mod' [Warning/use-natspec]
/sb/0x00e07fd90e86855c3f9ebf7741c92981f664b442.sol:1199:5: Missing @param tag in function 'mod' [Warning/use-natspec]
/sb/0x00e07fd90e86855c3f9ebf7741c92981f664b442.sol:1199:5: Mismatch in @param names for function 'mod'. Expected: [a, b], Found: [] [Warning/use-natspec]
/sb/0x00e07fd90e86855c3f9ebf7741c92981f664b442.sol:1199:5: Missing @return tag in function 'mod' [Warning/use-natspec]
/sb/0x00e07fd90e86855c3f9ebf7741c92981f664b442.sol:1199:5: Mismatch in @return count for function 'mod'. Expected: 1, Found: 0 [Warning/use-natspec]
/sb/0x00e07fd90e86855c3f9ebf7741c92981f664b442.sol:1231:5: Missing @notice tag in function 'mod' [Warning/use-natspec]
/sb/0x00e07fd90e86855c3f9ebf7741c92981f664b442.sol:1231:5: Missing @param tag in function 'mod' [Warning/use-natspec]
/sb/0x00e07fd90e86855c3f9ebf7741c92981f664b442.sol:1231:5: Mismatch in @param names for function 'mod'. Expected: [a, b, errorMessage], Found: [] [Warning/use-natspec]
/sb/0x00e07fd90e86855c3f9ebf7741c92981f664b442.sol:1231:5: Missing @return tag in function 'mod' [Warning/use-natspec]
/sb/0x00e07fd90e86855c3f9ebf7741c92981f664b442.sol:1231:5: Mismatch in @return count for function 'mod'. Expected: 1, Found: 0 [Warning/use-natspec]
/sb/0x00e07fd90e86855c3f9ebf7741c92981f664b442.sol:1233:9: GC: Use Custom Errors instead of require statements [Warning/gas-custom-errors]
/sb/0x00e07fd90e86855c3f9ebf7741c92981f664b442.sol:1243:1: Missing @title tag in contract 'Ownable' [Warning/use-natspec]
/sb/0x00e07fd90e86855c3f9ebf7741c92981f664b442.sol:1243:1: Missing @author tag in contract 'Ownable' [Warning/use-natspec]
/sb/0x00e07fd90e86855c3f9ebf7741c92981f664b442.sol:1243:1: Missing @notice tag in contract 'Ownable' [Warning/use-natspec]
/sb/0x00e07fd90e86855c3f9ebf7741c92981f664b442.sol:1249:5: Missing @notice tag in event 'OwnershipTransferred' [Warning/use-natspec]
/sb/0x00e07fd90e86855c3f9ebf7741c92981f664b442.sol:1249:5: Missing @param tag in event 'OwnershipTransferred' [Warning/use-natspec]
/sb/0x00e07fd90e86855c3f9ebf7741c92981f664b442.sol:1249:5: Mismatch in @param names for event 'OwnershipTransferred'. Expected: [previousOwner, newOwner], Found: [] [Warning/use-natspec]
/sb/0x00e07fd90e86855c3f9ebf7741c92981f664b442.sol:1259:5: Missing @notice tag in function '<anonymous>' [Warning/use-natspec]
/sb/0x00e07fd90e86855c3f9ebf7741c92981f664b442.sol:1259:5: Explicitly mark visibility in function (Set ignoreConstructors to true if using solidity >=0.7.0) [Warning/func-visibility]
/sb/0x00e07fd90e86855c3f9ebf7741c92981f664b442.sol:1277:5: Missing @notice tag in function 'owner' [Warning/use-natspec]
/sb/0x00e07fd90e86855c3f9ebf7741c92981f664b442.sol:1277:5: Missing @return tag in function 'owner' [Warning/use-natspec]
/sb/0x00e07fd90e86855c3f9ebf7741c92981f664b442.sol:1277:5: Mismatch in @return count for function 'owner'. Expected: 1, Found: 0 [Warning/use-natspec]
/sb/0x00e07fd90e86855c3f9ebf7741c92981f664b442.sol:1293:9: GC: Use Custom Errors instead of require statements [Warning/gas-custom-errors]
/sb/0x00e07fd90e86855c3f9ebf7741c92981f664b442.sol:1315:5: Missing @notice tag in function 'renounceOwnership' [Warning/use-natspec]
/sb/0x00e07fd90e86855c3f9ebf7741c92981f664b442.sol:1333:5: Missing @notice tag in function 'transferOwnership' [Warning/use-natspec]
/sb/0x00e07fd90e86855c3f9ebf7741c92981f664b442.sol:1333:5: Missing @param tag in function 'transferOwnership' [Warning/use-natspec]
/sb/0x00e07fd90e86855c3f9ebf7741c92981f664b442.sol:1333:5: Mismatch in @param names for function 'transferOwnership'. Expected: [newOwner], Found: [] [Warning/use-natspec]
/sb/0x00e07fd90e86855c3f9ebf7741c92981f664b442.sol:1335:9: Error message for require is too long: 38 counted / 32 allowed [Warning/reason-string]
/sb/0x00e07fd90e86855c3f9ebf7741c92981f664b442.sol:1335:9: GC: String exceeds 32 bytes [Warning/gas-small-strings]
/sb/0x00e07fd90e86855c3f9ebf7741c92981f664b442.sol:1335:9: GC: Use Custom Errors instead of require statements [Warning/gas-custom-errors]
/sb/0x00e07fd90e86855c3f9ebf7741c92981f664b442.sol:1351:1: Missing @title tag in contract 'SafeMathInt' [Warning/use-natspec]
/sb/0x00e07fd90e86855c3f9ebf7741c92981f664b442.sol:1351:1: Missing @author tag in contract 'SafeMathInt' [Warning/use-natspec]
/sb/0x00e07fd90e86855c3f9ebf7741c92981f664b442.sol:1351:1: Missing @notice tag in contract 'SafeMathInt' [Warning/use-natspec]
/sb/0x00e07fd90e86855c3f9ebf7741c92981f664b442.sol:1365:5: Missing @notice tag in function 'mul' [Warning/use-natspec]
/sb/0x00e07fd90e86855c3f9ebf7741c92981f664b442.sol:1365:5: Missing @param tag in function 'mul' [Warning/use-natspec]
/sb/0x00e07fd90e86855c3f9ebf7741c92981f664b442.sol:1365:5: Mismatch in @param names for function 'mul'. Expected: [a, b], Found: [] [Warning/use-natspec]
/sb/0x00e07fd90e86855c3f9ebf7741c92981f664b442.sol:1365:5: Missing @return tag in function 'mul' [Warning/use-natspec]
/sb/0x00e07fd90e86855c3f9ebf7741c92981f664b442.sol:1365:5: Mismatch in @return count for function 'mul'. Expected: 1, Found: 0 [Warning/use-natspec]
/sb/0x00e07fd90e86855c3f9ebf7741c92981f664b442.sol:1373:9: Provide an error message for require [Warning/reason-string]
/sb/0x00e07fd90e86855c3f9ebf7741c92981f664b442.sol:1373:9: GC: Use Custom Errors instead of require statements [Warning/gas-custom-errors]
/sb/0x00e07fd90e86855c3f9ebf7741c92981f664b442.sol:1375:9: Provide an error message for require [Warning/reason-string]
/sb/0x00e07fd90e86855c3f9ebf7741c92981f664b442.sol:1375:9: GC: Use Custom Errors instead of require statements [Warning/gas-custom-errors]
/sb/0x00e07fd90e86855c3f9ebf7741c92981f664b442.sol:1389:5: Missing @notice tag in function 'div' [Warning/use-natspec]
/sb/0x00e07fd90e86855c3f9ebf7741c92981f664b442.sol:1389:5: Missing @param tag in function 'div' [Warning/use-natspec]
/sb/0x00e07fd90e86855c3f9ebf7741c92981f664b442.sol:1389:5: Mismatch in @param names for function 'div'. Expected: [a, b], Found: [] [Warning/use-natspec]
/sb/0x00e07fd90e86855c3f9ebf7741c92981f664b442.sol:1389:5: Missing @return tag in function 'div' [Warning/use-natspec]
/sb/0x00e07fd90e86855c3f9ebf7741c92981f664b442.sol:1389:5: Mismatch in @return count for function 'div'. Expected: 1, Found: 0 [Warning/use-natspec]
/sb/0x00e07fd90e86855c3f9ebf7741c92981f664b442.sol:1393:9: Provide an error message for require [Warning/reason-string]
/sb/0x00e07fd90e86855c3f9ebf7741c92981f664b442.sol:1393:9: GC: Use Custom Errors instead of require statements [Warning/gas-custom-errors]
/sb/0x00e07fd90e86855c3f9ebf7741c92981f664b442.sol:1411:5: Missing @notice tag in function 'sub' [Warning/use-natspec]
/sb/0x00e07fd90e86855c3f9ebf7741c92981f664b442.sol:1411:5: Missing @param tag in function 'sub' [Warning/use-natspec]
/sb/0x00e07fd90e86855c3f9ebf7741c92981f664b442.sol:1411:5: Mismatch in @param names for function 'sub'. Expected: [a, b], Found: [] [Warning/use-natspec]
/sb/0x00e07fd90e86855c3f9ebf7741c92981f664b442.sol:1411:5: Missing @return tag in function 'sub' [Warning/use-natspec]
/sb/0x00e07fd90e86855c3f9ebf7741c92981f664b442.sol:1411:5: Mismatch in @return count for function 'sub'. Expected: 1, Found: 0 [Warning/use-natspec]
/sb/0x00e07fd90e86855c3f9ebf7741c92981f664b442.sol:1415:9: Provide an error message for require [Warning/reason-string]
/sb/0x00e07fd90e86855c3f9ebf7741c92981f664b442.sol:1415:9: GC: Use Custom Errors instead of require statements [Warning/gas-custom-errors]
/sb/0x00e07fd90e86855c3f9ebf7741c92981f664b442.sol:1415:18: GC: Non strict inequality found. Try converting to a strict one [Warning/gas-strict-inequalities]
/sb/0x00e07fd90e86855c3f9ebf7741c92981f664b442.sol:1415:28: GC: Non strict inequality found. Try converting to a strict one [Warning/gas-strict-inequalities]
/sb/0x00e07fd90e86855c3f9ebf7741c92981f664b442.sol:1429:5: Missing @notice tag in function 'add' [Warning/use-natspec]
/sb/0x00e07fd90e86855c3f9ebf7741c92981f664b442.sol:1429:5: Missing @param tag in function 'add' [Warning/use-natspec]
/sb/0x00e07fd90e86855c3f9ebf7741c92981f664b442.sol:1429:5: Mismatch in @param names for function 'add'. Expected: [a, b], Found: [] [Warning/use-natspec]
/sb/0x00e07fd90e86855c3f9ebf7741c92981f664b442.sol:1429:5: Missing @return tag in function 'add' [Warning/use-natspec]
/sb/0x00e07fd90e86855c3f9ebf7741c92981f664b442.sol:1429:5: Mismatch in @return count for function 'add'. Expected: 1, Found: 0 [Warning/use-natspec]
/sb/0x00e07fd90e86855c3f9ebf7741c92981f664b442.sol:1433:9: Provide an error message for require [Warning/reason-string]
/sb/0x00e07fd90e86855c3f9ebf7741c92981f664b442.sol:1433:9: GC: Use Custom Errors instead of require statements [Warning/gas-custom-errors]
/sb/0x00e07fd90e86855c3f9ebf7741c92981f664b442.sol:1433:18: GC: Non strict inequality found. Try converting to a strict one [Warning/gas-strict-inequalities]
/sb/0x00e07fd90e86855c3f9ebf7741c92981f664b442.sol:1433:28: GC: Non strict inequality found. Try converting to a strict one [Warning/gas-strict-inequalities]
/sb/0x00e07fd90e86855c3f9ebf7741c92981f664b442.sol:1447:5: Missing @notice tag in function 'abs' [Warning/use-natspec]
/sb/0x00e07fd90e86855c3f9ebf7741c92981f664b442.sol:1447:5: Missing @param tag in function 'abs' [Warning/use-natspec]
/sb/0x00e07fd90e86855c3f9ebf7741c92981f664b442.sol:1447:5: Mismatch in @param names for function 'abs'. Expected: [a], Found: [] [Warning/use-natspec]
/sb/0x00e07fd90e86855c3f9ebf7741c92981f664b442.sol:1447:5: Missing @return tag in function 'abs' [Warning/use-natspec]
/sb/0x00e07fd90e86855c3f9ebf7741c92981f664b442.sol:1447:5: Mismatch in @return count for function 'abs'. Expected: 1, Found: 0 [Warning/use-natspec]
/sb/0x00e07fd90e86855c3f9ebf7741c92981f664b442.sol:1449:9: Provide an error message for require [Warning/reason-string]
/sb/0x00e07fd90e86855c3f9ebf7741c92981f664b442.sol:1449:9: GC: Use Custom Errors instead of require statements [Warning/gas-custom-errors]
/sb/0x00e07fd90e86855c3f9ebf7741c92981f664b442.sol:1459:5: Missing @notice tag in function 'toUint256Safe' [Warning/use-natspec]
/sb/0x00e07fd90e86855c3f9ebf7741c92981f664b442.sol:1459:5: Missing @param tag in function 'toUint256Safe' [Warning/use-natspec]
/sb/0x00e07fd90e86855c3f9ebf7741c92981f664b442.sol:1459:5: Mismatch in @param names for function 'toUint256Safe'. Expected: [a], Found: [] [Warning/use-natspec]
/sb/0x00e07fd90e86855c3f9ebf7741c92981f664b442.sol:1459:5: Missing @return tag in function 'toUint256Safe' [Warning/use-natspec]
/sb/0x00e07fd90e86855c3f9ebf7741c92981f664b442.sol:1459:5: Mismatch in @return count for function 'toUint256Safe'. Expected: 1, Found: 0 [Warning/use-natspec]
/sb/0x00e07fd90e86855c3f9ebf7741c92981f664b442.sol:1461:9: Provide an error message for require [Warning/reason-string]
/sb/0x00e07fd90e86855c3f9ebf7741c92981f664b442.sol:1461:9: GC: Use Custom Errors instead of require statements [Warning/gas-custom-errors]
/sb/0x00e07fd90e86855c3f9ebf7741c92981f664b442.sol:1461:17: GC: Non strict inequality found. Try converting to a strict one [Warning/gas-strict-inequalities]
/sb/0x00e07fd90e86855c3f9ebf7741c92981f664b442.sol:1471:1: Missing @title tag in contract 'SafeMathUint' [Warning/use-natspec]
/sb/0x00e07fd90e86855c3f9ebf7741c92981f664b442.sol:1471:1: Missing @author tag in contract 'SafeMathUint' [Warning/use-natspec]
/sb/0x00e07fd90e86855c3f9ebf7741c92981f664b442.sol:1471:1: Missing @notice tag in contract 'SafeMathUint' [Warning/use-natspec]
/sb/0x00e07fd90e86855c3f9ebf7741c92981f664b442.sol:1473:3: Missing @notice tag in function 'toInt256Safe' [Warning/use-natspec]
/sb/0x00e07fd90e86855c3f9ebf7741c92981f664b442.sol:1473:3: Missing @param tag in function 'toInt256Safe' [Warning/use-natspec]
/sb/0x00e07fd90e86855c3f9ebf7741c92981f664b442.sol:1473:3: Mismatch in @param names for function 'toInt256Safe'. Expected: [a], Found: [] [Warning/use-natspec]
/sb/0x00e07fd90e86855c3f9ebf7741c92981f664b442.sol:1473:3: Missing @return tag in function 'toInt256Safe' [Warning/use-natspec]
/sb/0x00e07fd90e86855c3f9ebf7741c92981f664b442.sol:1473:3: Mismatch in @return count for function 'toInt256Safe'. Expected: 1, Found: 0 [Warning/use-natspec]
/sb/0x00e07fd90e86855c3f9ebf7741c92981f664b442.sol:1477:5: Provide an error message for require [Warning/reason-string]
/sb/0x00e07fd90e86855c3f9ebf7741c92981f664b442.sol:1477:5: GC: Use Custom Errors instead of require statements [Warning/gas-custom-errors]
/sb/0x00e07fd90e86855c3f9ebf7741c92981f664b442.sol:1477:13: GC: Non strict inequality found. Try converting to a strict one [Warning/gas-strict-inequalities]
/sb/0x00e07fd90e86855c3f9ebf7741c92981f664b442.sol:1489:1: Missing @title tag in contract 'IUniswapV2Router01' [Warning/use-natspec]
/sb/0x00e07fd90e86855c3f9ebf7741c92981f664b442.sol:1489:1: Missing @author tag in contract 'IUniswapV2Router01' [Warning/use-natspec]
/sb/0x00e07fd90e86855c3f9ebf7741c92981f664b442.sol:1489:1: Missing @notice tag in contract 'IUniswapV2Router01' [Warning/use-natspec]
/sb/0x00e07fd90e86855c3f9ebf7741c92981f664b442.sol:1491:5: Missing @notice tag in function 'factory' [Warning/use-natspec]
/sb/0x00e07fd90e86855c3f9ebf7741c92981f664b442.sol:1491:5: Missing @return tag in function 'factory' [Warning/use-natspec]
/sb/0x00e07fd90e86855c3f9ebf7741c92981f664b442.sol:1491:5: Mismatch in @return count for function 'factory'. Expected: 1, Found: 0 [Warning/use-natspec]
/sb/0x00e07fd90e86855c3f9ebf7741c92981f664b442.sol:1493:5: Missing @notice tag in function 'WETH' [Warning/use-natspec]
/sb/0x00e07fd90e86855c3f9ebf7741c92981f664b442.sol:1493:5: Missing @return tag in function 'WETH' [Warning/use-natspec]
/sb/0x00e07fd90e86855c3f9ebf7741c92981f664b442.sol:1493:5: Mismatch in @return count for function 'WETH'. Expected: 1, Found: 0 [Warning/use-natspec]
/sb/0x00e07fd90e86855c3f9ebf7741c92981f664b442.sol:1493:5: Function name must be in mixedCase [Warning/func-name-mixedcase]
/sb/0x00e07fd90e86855c3f9ebf7741c92981f664b442.sol:1497:5: Missing @notice tag in function 'addLiquidity' [Warning/use-natspec]
/sb/0x00e07fd90e86855c3f9ebf7741c92981f664b442.sol:1497:5: Missing @param tag in function 'addLiquidity' [Warning/use-natspec]
/sb/0x00e07fd90e86855c3f9ebf7741c92981f664b442.sol:1497:5: Mismatch in @param names for function 'addLiquidity'. Expected: [tokenA, tokenB, amountADesired, amountBDesired, amountAMin, amountBMin, to, deadline], Found: [] [Warning/use-natspec]
/sb/0x00e07fd90e86855c3f9ebf7741c92981f664b442.sol:1497:5: Missing @return tag in function 'addLiquidity' [Warning/use-natspec]
/sb/0x00e07fd90e86855c3f9ebf7741c92981f664b442.sol:1497:5: Mismatch in @return names for function 'addLiquidity'. Expected: [amountA, amountB, liquidity], Found: [] [Warning/use-natspec]
/sb/0x00e07fd90e86855c3f9ebf7741c92981f664b442.sol:1503:9: Rule is set with explicit type [var/s: uint] [Warning/explicit-types]
/sb/0x00e07fd90e86855c3f9ebf7741c92981f664b442.sol:1505:9: Rule is set with explicit type [var/s: uint] [Warning/explicit-types]
/sb/0x00e07fd90e86855c3f9ebf7741c92981f664b442.sol:1507:9: Rule is set with explicit type [var/s: uint] [Warning/explicit-types]
/sb/0x00e07fd90e86855c3f9ebf7741c92981f664b442.sol:1509:9: Rule is set with explicit type [var/s: uint] [Warning/explicit-types]
/sb/0x00e07fd90e86855c3f9ebf7741c92981f664b442.sol:1513:9: Rule is set with explicit type [var/s: uint] [Warning/explicit-types]
/sb/0x00e07fd90e86855c3f9ebf7741c92981f664b442.sol:1515:25: Rule is set with explicit type [var/s: uint] [Warning/explicit-types]
/sb/0x00e07fd90e86855c3f9ebf7741c92981f664b442.sol:1515:39: Rule is set with explicit type [var/s: uint] [Warning/explicit-types]
/sb/0x00e07fd90e86855c3f9ebf7741c92981f664b442.sol:1515:53: Rule is set with explicit type [var/s: uint] [Warning/explicit-types]
/sb/0x00e07fd90e86855c3f9ebf7741c92981f664b442.sol:1517:5: Missing @notice tag in function 'addLiquidityETH' [Warning/use-natspec]
/sb/0x00e07fd90e86855c3f9ebf7741c92981f664b442.sol:1517:5: Missing @param tag in function 'addLiquidityETH' [Warning/use-natspec]
/sb/0x00e07fd90e86855c3f9ebf7741c92981f664b442.sol:1517:5: Mismatch in @param names for function 'addLiquidityETH'. Expected: [token, amountTokenDesired, amountTokenMin, amountETHMin, to, deadline], Found: [] [Warning/use-natspec]
/sb/0x00e07fd90e86855c3f9ebf7741c92981f664b442.sol:1517:5: Missing @return tag in function 'addLiquidityETH' [Warning/use-natspec]
/sb/0x00e07fd90e86855c3f9ebf7741c92981f664b442.sol:1517:5: Mismatch in @return names for function 'addLiquidityETH'. Expected: [amountToken, amountETH, liquidity], Found: [] [Warning/use-natspec]
/sb/0x00e07fd90e86855c3f9ebf7741c92981f664b442.sol:1521:9: Rule is set with explicit type [var/s: uint] [Warning/explicit-types]
/sb/0x00e07fd90e86855c3f9ebf7741c92981f664b442.sol:1523:9: Rule is set with explicit type [var/s: uint] [Warning/explicit-types]
/sb/0x00e07fd90e86855c3f9ebf7741c92981f664b442.sol:1525:9: Rule is set with explicit type [var/s: uint] [Warning/explicit-types]
/sb/0x00e07fd90e86855c3f9ebf7741c92981f664b442.sol:1529:9: Rule is set with explicit type [var/s: uint] [Warning/explicit-types]
/sb/0x00e07fd90e86855c3f9ebf7741c92981f664b442.sol:1531:33: Rule is set with explicit type [var/s: uint] [Warning/explicit-types]
/sb/0x00e07fd90e86855c3f9ebf7741c92981f664b442.sol:1531:51: Rule is set with explicit type [var/s: uint] [Warning/explicit-types]
/sb/0x00e07fd90e86855c3f9ebf7741c92981f664b442.sol:1531:67: Rule is set with explicit type [var/s: uint] [Warning/explicit-types]
/sb/0x00e07fd90e86855c3f9ebf7741c92981f664b442.sol:1533:5: Missing @notice tag in function 'removeLiquidity' [Warning/use-natspec]
/sb/0x00e07fd90e86855c3f9ebf7741c92981f664b442.sol:1533:5: Missing @param tag in function 'removeLiquidity' [Warning/use-natspec]
/sb/0x00e07fd90e86855c3f9ebf7741c92981f664b442.sol:1533:5: Mismatch in @param names for function 'removeLiquidity'. Expected: [tokenA, tokenB, liquidity, amountAMin, amountBMin, to, deadline], Found: [] [Warning/use-natspec]
/sb/0x00e07fd90e86855c3f9ebf7741c92981f664b442.sol:1533:5: Missing @return tag in function 'removeLiquidity' [Warning/use-natspec]
/sb/0x00e07fd90e86855c3f9ebf7741c92981f664b442.sol:1533:5: Mismatch in @return names for function 'removeLiquidity'. Expected: [amountA, amountB], Found: [] [Warning/use-natspec]
/sb/0x00e07fd90e86855c3f9ebf7741c92981f664b442.sol:1539:9: Rule is set with explicit type [var/s: uint] [Warning/explicit-types]
/sb/0x00e07fd90e86855c3f9ebf7741c92981f664b442.sol:1541:9: Rule is set with explicit type [var/s: uint] [Warning/explicit-types]
/sb/0x00e07fd90e86855c3f9ebf7741c92981f664b442.sol:1543:9: Rule is set with explicit type [var/s: uint] [Warning/explicit-types]
/sb/0x00e07fd90e86855c3f9ebf7741c92981f664b442.sol:1547:9: Rule is set with explicit type [var/s: uint] [Warning/explicit-types]
/sb/0x00e07fd90e86855c3f9ebf7741c92981f664b442.sol:1549:25: Rule is set with explicit type [var/s: uint] [Warning/explicit-types]
/sb/0x00e07fd90e86855c3f9ebf7741c92981f664b442.sol:1549:39: Rule is set with explicit type [var/s: uint] [Warning/explicit-types]
/sb/0x00e07fd90e86855c3f9ebf7741c92981f664b442.sol:1551:5: Missing @notice tag in function 'removeLiquidityETH' [Warning/use-natspec]
/sb/0x00e07fd90e86855c3f9ebf7741c92981f664b442.sol:1551:5: Missing @param tag in function 'removeLiquidityETH' [Warning/use-natspec]
/sb/0x00e07fd90e86855c3f9ebf7741c92981f664b442.sol:1551:5: Mismatch in @param names for function 'removeLiquidityETH'. Expected: [token, liquidity, amountTokenMin, amountETHMin, to, deadline], Found: [] [Warning/use-natspec]
/sb/0x00e07fd90e86855c3f9ebf7741c92981f664b442.sol:1551:5: Missing @return tag in function 'removeLiquidityETH' [Warning/use-natspec]
/sb/0x00e07fd90e86855c3f9ebf7741c92981f664b442.sol:1551:5: Mismatch in @return names for function 'removeLiquidityETH'. Expected: [amountToken, amountETH], Found: [] [Warning/use-natspec]
/sb/0x00e07fd90e86855c3f9ebf7741c92981f664b442.sol:1555:9: Rule is set with explicit type [var/s: uint] [Warning/explicit-types]
/sb/0x00e07fd90e86855c3f9ebf7741c92981f664b442.sol:1557:9: Rule is set with explicit type [var/s: uint] [Warning/explicit-types]
/sb/0x00e07fd90e86855c3f9ebf7741c92981f664b442.sol:1559:9: Rule is set with explicit type [var/s: uint] [Warning/explicit-types]
/sb/0x00e07fd90e86855c3f9ebf7741c92981f664b442.sol:1563:9: Rule is set with explicit type [var/s: uint] [Warning/explicit-types]
/sb/0x00e07fd90e86855c3f9ebf7741c92981f664b442.sol:1565:25: Rule is set with explicit type [var/s: uint] [Warning/explicit-types]
/sb/0x00e07fd90e86855c3f9ebf7741c92981f664b442.sol:1565:43: Rule is set with explicit type [var/s: uint] [Warning/explicit-types]
/sb/0x00e07fd90e86855c3f9ebf7741c92981f664b442.sol:1567:5: Missing @notice tag in function 'removeLiquidityWithPermit' [Warning/use-natspec]
/sb/0x00e07fd90e86855c3f9ebf7741c92981f664b442.sol:1567:5: Missing @param tag in function 'removeLiquidityWithPermit' [Warning/use-natspec]
/sb/0x00e07fd90e86855c3f9ebf7741c92981f664b442.sol:1567:5: Mismatch in @param names for function 'removeLiquidityWithPermit'. Expected: [tokenA, tokenB, liquidity, amountAMin, amountBMin, to, deadline, approveMax, v, r, s], Found: [] [Warning/use-natspec]
/sb/0x00e07fd90e86855c3f9ebf7741c92981f664b442.sol:1567:5: Missing @return tag in function 'removeLiquidityWithPermit' [Warning/use-natspec]
/sb/0x00e07fd90e86855c3f9ebf7741c92981f664b442.sol:1567:5: Mismatch in @return names for function 'removeLiquidityWithPermit'. Expected: [amountA, amountB], Found: [] [Warning/use-natspec]
/sb/0x00e07fd90e86855c3f9ebf7741c92981f664b442.sol:1573:9: Rule is set with explicit type [var/s: uint] [Warning/explicit-types]
/sb/0x00e07fd90e86855c3f9ebf7741c92981f664b442.sol:1575:9: Rule is set with explicit type [var/s: uint] [Warning/explicit-types]
/sb/0x00e07fd90e86855c3f9ebf7741c92981f664b442.sol:1577:9: Rule is set with explicit type [var/s: uint] [Warning/explicit-types]
/sb/0x00e07fd90e86855c3f9ebf7741c92981f664b442.sol:1581:9: Rule is set with explicit type [var/s: uint] [Warning/explicit-types]
/sb/0x00e07fd90e86855c3f9ebf7741c92981f664b442.sol:1585:25: Rule is set with explicit type [var/s: uint] [Warning/explicit-types]
/sb/0x00e07fd90e86855c3f9ebf7741c92981f664b442.sol:1585:39: Rule is set with explicit type [var/s: uint] [Warning/explicit-types]
/sb/0x00e07fd90e86855c3f9ebf7741c92981f664b442.sol:1587:5: Missing @notice tag in function 'removeLiquidityETHWithPermit' [Warning/use-natspec]
/sb/0x00e07fd90e86855c3f9ebf7741c92981f664b442.sol:1587:5: Missing @param tag in function 'removeLiquidityETHWithPermit' [Warning/use-natspec]
/sb/0x00e07fd90e86855c3f9ebf7741c92981f664b442.sol:1587:5: Mismatch in @param names for function 'removeLiquidityETHWithPermit'. Expected: [token, liquidity, amountTokenMin, amountETHMin, to, deadline, approveMax, v, r, s], Found: [] [Warning/use-natspec]
/sb/0x00e07fd90e86855c3f9ebf7741c92981f664b442.sol:1587:5: Missing @return tag in function 'removeLiquidityETHWithPermit' [Warning/use-natspec]
/sb/0x00e07fd90e86855c3f9ebf7741c92981f664b442.sol:1587:5: Mismatch in @return names for function 'removeLiquidityETHWithPermit'. Expected: [amountToken, amountETH], Found: [] [Warning/use-natspec]
/sb/0x00e07fd90e86855c3f9ebf7741c92981f664b442.sol:1591:9: Rule is set with explicit type [var/s: uint] [Warning/explicit-types]
/sb/0x00e07fd90e86855c3f9ebf7741c92981f664b442.sol:1593:9: Rule is set with explicit type [var/s: uint] [Warning/explicit-types]
/sb/0x00e07fd90e86855c3f9ebf7741c92981f664b442.sol:1595:9: Rule is set with explicit type [var/s: uint] [Warning/explicit-types]
/sb/0x00e07fd90e86855c3f9ebf7741c92981f664b442.sol:1599:9: Rule is set with explicit type [var/s: uint] [Warning/explicit-types]
/sb/0x00e07fd90e86855c3f9ebf7741c92981f664b442.sol:1603:25: Rule is set with explicit type [var/s: uint] [Warning/explicit-types]
/sb/0x00e07fd90e86855c3f9ebf7741c92981f664b442.sol:1603:43: Rule is set with explicit type [var/s: uint] [Warning/explicit-types]
/sb/0x00e07fd90e86855c3f9ebf7741c92981f664b442.sol:1605:5: Missing @notice tag in function 'swapExactTokensForTokens' [Warning/use-natspec]
/sb/0x00e07fd90e86855c3f9ebf7741c92981f664b442.sol:1605:5: Missing @param tag in function 'swapExactTokensForTokens' [Warning/use-natspec]
/sb/0x00e07fd90e86855c3f9ebf7741c92981f664b442.sol:1605:5: Mismatch in @param names for function 'swapExactTokensForTokens'. Expected: [amountIn, amountOutMin, path, to, deadline], Found: [] [Warning/use-natspec]
/sb/0x00e07fd90e86855c3f9ebf7741c92981f664b442.sol:1605:5: Missing @return tag in function 'swapExactTokensForTokens' [Warning/use-natspec]
/sb/0x00e07fd90e86855c3f9ebf7741c92981f664b442.sol:1605:5: Mismatch in @return names for function 'swapExactTokensForTokens'. Expected: [amounts], Found: [] [Warning/use-natspec]
/sb/0x00e07fd90e86855c3f9ebf7741c92981f664b442.sol:1607:9: Rule is set with explicit type [var/s: uint] [Warning/explicit-types]
/sb/0x00e07fd90e86855c3f9ebf7741c92981f664b442.sol:1609:9: Rule is set with explicit type [var/s: uint] [Warning/explicit-types]
/sb/0x00e07fd90e86855c3f9ebf7741c92981f664b442.sol:1615:9: Rule is set with explicit type [var/s: uint] [Warning/explicit-types]
/sb/0x00e07fd90e86855c3f9ebf7741c92981f664b442.sol:1617:25: Rule is set with explicit type [var/s: uint] [Warning/explicit-types]
/sb/0x00e07fd90e86855c3f9ebf7741c92981f664b442.sol:1619:5: Missing @notice tag in function 'swapTokensForExactTokens' [Warning/use-natspec]
/sb/0x00e07fd90e86855c3f9ebf7741c92981f664b442.sol:1619:5: Missing @param tag in function 'swapTokensForExactTokens' [Warning/use-natspec]
/sb/0x00e07fd90e86855c3f9ebf7741c92981f664b442.sol:1619:5: Mismatch in @param names for function 'swapTokensForExactTokens'. Expected: [amountOut, amountInMax, path, to, deadline], Found: [] [Warning/use-natspec]
/sb/0x00e07fd90e86855c3f9ebf7741c92981f664b442.sol:1619:5: Missing @return tag in function 'swapTokensForExactTokens' [Warning/use-natspec]
/sb/0x00e07fd90e86855c3f9ebf7741c92981f664b442.sol:1619:5: Mismatch in @return names for function 'swapTokensForExactTokens'. Expected: [amounts], Found: [] [Warning/use-natspec]
/sb/0x00e07fd90e86855c3f9ebf7741c92981f664b442.sol:1621:9: Rule is set with explicit type [var/s: uint] [Warning/explicit-types]
/sb/0x00e07fd90e86855c3f9ebf7741c92981f664b442.sol:1623:9: Rule is set with explicit type [var/s: uint] [Warning/explicit-types]
/sb/0x00e07fd90e86855c3f9ebf7741c92981f664b442.sol:1629:9: Rule is set with explicit type [var/s: uint] [Warning/explicit-types]
/sb/0x00e07fd90e86855c3f9ebf7741c92981f664b442.sol:1631:25: Rule is set with explicit type [var/s: uint] [Warning/explicit-types]
/sb/0x00e07fd90e86855c3f9ebf7741c92981f664b442.sol:1633:5: Missing @notice tag in function 'swapExactETHForTokens' [Warning/use-natspec]
/sb/0x00e07fd90e86855c3f9ebf7741c92981f664b442.sol:1633:5: Missing @param tag in function 'swapExactETHForTokens' [Warning/use-natspec]
/sb/0x00e07fd90e86855c3f9ebf7741c92981f664b442.sol:1633:5: Mismatch in @param names for function 'swapExactETHForTokens'. Expected: [amountOutMin, path, to, deadline], Found: [] [Warning/use-natspec]
/sb/0x00e07fd90e86855c3f9ebf7741c92981f664b442.sol:1633:5: Missing @return tag in function 'swapExactETHForTokens' [Warning/use-natspec]
/sb/0x00e07fd90e86855c3f9ebf7741c92981f664b442.sol:1633:5: Mismatch in @return names for function 'swapExactETHForTokens'. Expected: [amounts], Found: [] [Warning/use-natspec]
/sb/0x00e07fd90e86855c3f9ebf7741c92981f664b442.sol:1633:36: Rule is set with explicit type [var/s: uint] [Warning/explicit-types]
/sb/0x00e07fd90e86855c3f9ebf7741c92981f664b442.sol:1633:92: Rule is set with explicit type [var/s: uint] [Warning/explicit-types]
/sb/0x00e07fd90e86855c3f9ebf7741c92981f664b442.sol:1639:18: Rule is set with explicit type [var/s: uint] [Warning/explicit-types]
/sb/0x00e07fd90e86855c3f9ebf7741c92981f664b442.sol:1641:5: Missing @notice tag in function 'swapTokensForExactETH' [Warning/use-natspec]
/sb/0x00e07fd90e86855c3f9ebf7741c92981f664b442.sol:1641:5: Missing @param tag in function 'swapTokensForExactETH' [Warning/use-natspec]
/sb/0x00e07fd90e86855c3f9ebf7741c92981f664b442.sol:1641:5: Mismatch in @param names for function 'swapTokensForExactETH'. Expected: [amountOut, amountInMax, path, to, deadline], Found: [] [Warning/use-natspec]
/sb/0x00e07fd90e86855c3f9ebf7741c92981f664b442.sol:1641:5: Missing @return tag in function 'swapTokensForExactETH' [Warning/use-natspec]
/sb/0x00e07fd90e86855c3f9ebf7741c92981f664b442.sol:1641:5: Mismatch in @return names for function 'swapTokensForExactETH'. Expected: [amounts], Found: [] [Warning/use-natspec]
/sb/0x00e07fd90e86855c3f9ebf7741c92981f664b442.sol:1641:36: Rule is set with explicit type [var/s: uint] [Warning/explicit-types]
/sb/0x00e07fd90e86855c3f9ebf7741c92981f664b442.sol:1641:52: Rule is set with explicit type [var/s: uint] [Warning/explicit-types]
/sb/0x00e07fd90e86855c3f9ebf7741c92981f664b442.sol:1641:107: Rule is set with explicit type [var/s: uint] [Warning/explicit-types]
/sb/0x00e07fd90e86855c3f9ebf7741c92981f664b442.sol:1645:18: Rule is set with explicit type [var/s: uint] [Warning/explicit-types]
/sb/0x00e07fd90e86855c3f9ebf7741c92981f664b442.sol:1647:5: Missing @notice tag in function 'swapExactTokensForETH' [Warning/use-natspec]
/sb/0x00e07fd90e86855c3f9ebf7741c92981f664b442.sol:1647:5: Missing @param tag in function 'swapExactTokensForETH' [Warning/use-natspec]
/sb/0x00e07fd90e86855c3f9ebf7741c92981f664b442.sol:1647:5: Mismatch in @param names for function 'swapExactTokensForETH'. Expected: [amountIn, amountOutMin, path, to, deadline], Found: [] [Warning/use-natspec]
/sb/0x00e07fd90e86855c3f9ebf7741c92981f664b442.sol:1647:5: Missing @return tag in function 'swapExactTokensForETH' [Warning/use-natspec]
/sb/0x00e07fd90e86855c3f9ebf7741c92981f664b442.sol:1647:5: Mismatch in @return names for function 'swapExactTokensForETH'. Expected: [amounts], Found: [] [Warning/use-natspec]
/sb/0x00e07fd90e86855c3f9ebf7741c92981f664b442.sol:1647:36: Rule is set with explicit type [var/s: uint] [Warning/explicit-types]
/sb/0x00e07fd90e86855c3f9ebf7741c92981f664b442.sol:1647:51: Rule is set with explicit type [var/s: uint] [Warning/explicit-types]
/sb/0x00e07fd90e86855c3f9ebf7741c92981f664b442.sol:1647:107: Rule is set with explicit type [var/s: uint] [Warning/explicit-types]
/sb/0x00e07fd90e86855c3f9ebf7741c92981f664b442.sol:1651:18: Rule is set with explicit type [var/s: uint] [Warning/explicit-types]
/sb/0x00e07fd90e86855c3f9ebf7741c92981f664b442.sol:1653:5: Missing @notice tag in function 'swapETHForExactTokens' [Warning/use-natspec]
/sb/0x00e07fd90e86855c3f9ebf7741c92981f664b442.sol:1653:5: Missing @param tag in function 'swapETHForExactTokens' [Warning/use-natspec]
/sb/0x00e07fd90e86855c3f9ebf7741c92981f664b442.sol:1653:5: Mismatch in @param names for function 'swapETHForExactTokens'. Expected: [amountOut, path, to, deadline], Found: [] [Warning/use-natspec]
/sb/0x00e07fd90e86855c3f9ebf7741c92981f664b442.sol:1653:5: Missing @return tag in function 'swapETHForExactTokens' [Warning/use-natspec]
/sb/0x00e07fd90e86855c3f9ebf7741c92981f664b442.sol:1653:5: Mismatch in @return names for function 'swapETHForExactTokens'. Expected: [amounts], Found: [] [Warning/use-natspec]
/sb/0x00e07fd90e86855c3f9ebf7741c92981f664b442.sol:1653:36: Rule is set with explicit type [var/s: uint] [Warning/explicit-types]
/sb/0x00e07fd90e86855c3f9ebf7741c92981f664b442.sol:1653:89: Rule is set with explicit type [var/s: uint] [Warning/explicit-types]
/sb/0x00e07fd90e86855c3f9ebf7741c92981f664b442.sol:1659:18: Rule is set with explicit type [var/s: uint] [Warning/explicit-types]
/sb/0x00e07fd90e86855c3f9ebf7741c92981f664b442.sol:1663:5: Missing @notice tag in function 'quote' [Warning/use-natspec]
/sb/0x00e07fd90e86855c3f9ebf7741c92981f664b442.sol:1663:5: Missing @param tag in function 'quote' [Warning/use-natspec]
/sb/0x00e07fd90e86855c3f9ebf7741c92981f664b442.sol:1663:5: Mismatch in @param names for function 'quote'. Expected: [amountA, reserveA, reserveB], Found: [] [Warning/use-natspec]
/sb/0x00e07fd90e86855c3f9ebf7741c92981f664b442.sol:1663:5: Missing @return tag in function 'quote' [Warning/use-natspec]
/sb/0x00e07fd90e86855c3f9ebf7741c92981f664b442.sol:1663:5: Mismatch in @return names for function 'quote'. Expected: [amountB], Found: [] [Warning/use-natspec]
/sb/0x00e07fd90e86855c3f9ebf7741c92981f664b442.sol:1663:20: Rule is set with explicit type [var/s: uint] [Warning/explicit-types]
/sb/0x00e07fd90e86855c3f9ebf7741c92981f664b442.sol:1663:34: Rule is set with explicit type [var/s: uint] [Warning/explicit-types]
/sb/0x00e07fd90e86855c3f9ebf7741c92981f664b442.sol:1663:49: Rule is set with explicit type [var/s: uint] [Warning/explicit-types]
/sb/0x00e07fd90e86855c3f9ebf7741c92981f664b442.sol:1663:87: Rule is set with explicit type [var/s: uint] [Warning/explicit-types]
/sb/0x00e07fd90e86855c3f9ebf7741c92981f664b442.sol:1665:5: Missing @notice tag in function 'getAmountOut' [Warning/use-natspec]
/sb/0x00e07fd90e86855c3f9ebf7741c92981f664b442.sol:1665:5: Missing @param tag in function 'getAmountOut' [Warning/use-natspec]
/sb/0x00e07fd90e86855c3f9ebf7741c92981f664b442.sol:1665:5: Mismatch in @param names for function 'getAmountOut'. Expected: [amountIn, reserveIn, reserveOut], Found: [] [Warning/use-natspec]
/sb/0x00e07fd90e86855c3f9ebf7741c92981f664b442.sol:1665:5: Missing @return tag in function 'getAmountOut' [Warning/use-natspec]
/sb/0x00e07fd90e86855c3f9ebf7741c92981f664b442.sol:1665:5: Mismatch in @return names for function 'getAmountOut'. Expected: [amountOut], Found: [] [Warning/use-natspec]
/sb/0x00e07fd90e86855c3f9ebf7741c92981f664b442.sol:1665:27: Rule is set with explicit type [var/s: uint] [Warning/explicit-types]
/sb/0x00e07fd90e86855c3f9ebf7741c92981f664b442.sol:1665:42: Rule is set with explicit type [var/s: uint] [Warning/explicit-types]
/sb/0x00e07fd90e86855c3f9ebf7741c92981f664b442.sol:1665:58: Rule is set with explicit type [var/s: uint] [Warning/explicit-types]
/sb/0x00e07fd90e86855c3f9ebf7741c92981f664b442.sol:1665:98: Rule is set with explicit type [var/s: uint] [Warning/explicit-types]
/sb/0x00e07fd90e86855c3f9ebf7741c92981f664b442.sol:1667:5: Missing @notice tag in function 'getAmountIn' [Warning/use-natspec]
/sb/0x00e07fd90e86855c3f9ebf7741c92981f664b442.sol:1667:5: Missing @param tag in function 'getAmountIn' [Warning/use-natspec]
/sb/0x00e07fd90e86855c3f9ebf7741c92981f664b442.sol:1667:5: Mismatch in @param names for function 'getAmountIn'. Expected: [amountOut, reserveIn, reserveOut], Found: [] [Warning/use-natspec]
/sb/0x00e07fd90e86855c3f9ebf7741c92981f664b442.sol:1667:5: Missing @return tag in function 'getAmountIn' [Warning/use-natspec]
/sb/0x00e07fd90e86855c3f9ebf7741c92981f664b442.sol:1667:5: Mismatch in @return names for function 'getAmountIn'. Expected: [amountIn], Found: [] [Warning/use-natspec]
/sb/0x00e07fd90e86855c3f9ebf7741c92981f664b442.sol:1667:26: Rule is set with explicit type [var/s: uint] [Warning/explicit-types]
/sb/0x00e07fd90e86855c3f9ebf7741c92981f664b442.sol:1667:42: Rule is set with explicit type [var/s: uint] [Warning/explicit-types]
/sb/0x00e07fd90e86855c3f9ebf7741c92981f664b442.sol:1667:58: Rule is set with explicit type [var/s: uint] [Warning/explicit-types]
/sb/0x00e07fd90e86855c3f9ebf7741c92981f664b442.sol:1667:98: Rule is set with explicit type [var/s: uint] [Warning/explicit-types]
/sb/0x00e07fd90e86855c3f9ebf7741c92981f664b442.sol:1669:5: Missing @notice tag in function 'getAmountsOut' [Warning/use-natspec]
/sb/0x00e07fd90e86855c3f9ebf7741c92981f664b442.sol:1669:5: Missing @param tag in function 'getAmountsOut' [Warning/use-natspec]
/sb/0x00e07fd90e86855c3f9ebf7741c92981f664b442.sol:1669:5: Mismatch in @param names for function 'getAmountsOut'. Expected: [amountIn, path], Found: [] [Warning/use-natspec]
/sb/0x00e07fd90e86855c3f9ebf7741c92981f664b442.sol:1669:5: Missing @return tag in function 'getAmountsOut' [Warning/use-natspec]
/sb/0x00e07fd90e86855c3f9ebf7741c92981f664b442.sol:1669:5: Mismatch in @return names for function 'getAmountsOut'. Expected: [amounts], Found: [] [Warning/use-natspec]
/sb/0x00e07fd90e86855c3f9ebf7741c92981f664b442.sol:1669:28: Rule is set with explicit type [var/s: uint] [Warning/explicit-types]
/sb/0x00e07fd90e86855c3f9ebf7741c92981f664b442.sol:1669:91: Rule is set with explicit type [var/s: uint] [Warning/explicit-types]
/sb/0x00e07fd90e86855c3f9ebf7741c92981f664b442.sol:1671:5: Missing @notice tag in function 'getAmountsIn' [Warning/use-natspec]
/sb/0x00e07fd90e86855c3f9ebf7741c92981f664b442.sol:1671:5: Missing @param tag in function 'getAmountsIn' [Warning/use-natspec]
/sb/0x00e07fd90e86855c3f9ebf7741c92981f664b442.sol:1671:5: Mismatch in @param names for function 'getAmountsIn'. Expected: [amountOut, path], Found: [] [Warning/use-natspec]
/sb/0x00e07fd90e86855c3f9ebf7741c92981f664b442.sol:1671:5: Missing @return tag in function 'getAmountsIn' [Warning/use-natspec]
/sb/0x00e07fd90e86855c3f9ebf7741c92981f664b442.sol:1671:5: Mismatch in @return names for function 'getAmountsIn'. Expected: [amounts], Found: [] [Warning/use-natspec]
/sb/0x00e07fd90e86855c3f9ebf7741c92981f664b442.sol:1671:27: Rule is set with explicit type [var/s: uint] [Warning/explicit-types]
/sb/0x00e07fd90e86855c3f9ebf7741c92981f664b442.sol:1671:91: Rule is set with explicit type [var/s: uint] [Warning/explicit-types]
/sb/0x00e07fd90e86855c3f9ebf7741c92981f664b442.sol:1677:1: Missing @title tag in contract 'IUniswapV2Router02' [Warning/use-natspec]
/sb/0x00e07fd90e86855c3f9ebf7741c92981f664b442.sol:1677:1: Missing @author tag in contract 'IUniswapV2Router02' [Warning/use-natspec]
/sb/0x00e07fd90e86855c3f9ebf7741c92981f664b442.sol:1677:1: Missing @notice tag in contract 'IUniswapV2Router02' [Warning/use-natspec]
/sb/0x00e07fd90e86855c3f9ebf7741c92981f664b442.sol:1679:5: Missing @notice tag in function 'removeLiquidityETHSupportingFeeOnTransferTokens' [Warning/use-natspec]
/sb/0x00e07fd90e86855c3f9ebf7741c92981f664b442.sol:1679:5: Missing @param tag in function 'removeLiquidityETHSupportingFeeOnTransferTokens' [Warning/use-natspec]
/sb/0x00e07fd90e86855c3f9ebf7741c92981f664b442.sol:1679:5: Mismatch in @param names for function 'removeLiquidityETHSupportingFeeOnTransferTokens'. Expected: [token, liquidity, amountTokenMin, amountETHMin, to, deadline], Found: [] [Warning/use-natspec]
/sb/0x00e07fd90e86855c3f9ebf7741c92981f664b442.sol:1679:5: Missing @return tag in function 'removeLiquidityETHSupportingFeeOnTransferTokens' [Warning/use-natspec]
/sb/0x00e07fd90e86855c3f9ebf7741c92981f664b442.sol:1679:5: Mismatch in @return names for function 'removeLiquidityETHSupportingFeeOnTransferTokens'. Expected: [amountETH], Found: [] [Warning/use-natspec]
/sb/0x00e07fd90e86855c3f9ebf7741c92981f664b442.sol:1683:9: Rule is set with explicit type [var/s: uint] [Warning/explicit-types]
/sb/0x00e07fd90e86855c3f9ebf7741c92981f664b442.sol:1685:9: Rule is set with explicit type [var/s: uint] [Warning/explicit-types]
/sb/0x00e07fd90e86855c3f9ebf7741c92981f664b442.sol:1687:9: Rule is set with explicit type [var/s: uint] [Warning/explicit-types]
/sb/0x00e07fd90e86855c3f9ebf7741c92981f664b442.sol:1691:9: Rule is set with explicit type [var/s: uint] [Warning/explicit-types]
/sb/0x00e07fd90e86855c3f9ebf7741c92981f664b442.sol:1693:25: Rule is set with explicit type [var/s: uint] [Warning/explicit-types]
/sb/0x00e07fd90e86855c3f9ebf7741c92981f664b442.sol:1695:5: Missing @notice tag in function 'removeLiquidityETHWithPermitSupportingFeeOnTransferTokens' [Warning/use-natspec]
/sb/0x00e07fd90e86855c3f9ebf7741c92981f664b442.sol:1695:5: Missing @param tag in function 'removeLiquidityETHWithPermitSupportingFeeOnTransferTokens' [Warning/use-natspec]
/sb/0x00e07fd90e86855c3f9ebf7741c92981f664b442.sol:1695:5: Mismatch in @param names for function 'removeLiquidityETHWithPermitSupportingFeeOnTransferTokens'. Expected: [token, liquidity, amountTokenMin, amountETHMin, to, deadline, approveMax, v, r, s], Found: [] [Warning/use-natspec]
/sb/0x00e07fd90e86855c3f9ebf7741c92981f664b442.sol:1695:5: Missing @return tag in function 'removeLiquidityETHWithPermitSupportingFeeOnTransferTokens' [Warning/use-natspec]
/sb/0x00e07fd90e86855c3f9ebf7741c92981f664b442.sol:1695:5: Mismatch in @return names for function 'removeLiquidityETHWithPermitSupportingFeeOnTransferTokens'. Expected: [amountETH], Found: [] [Warning/use-natspec]
/sb/0x00e07fd90e86855c3f9ebf7741c92981f664b442.sol:1699:9: Rule is set with explicit type [var/s: uint] [Warning/explicit-types]
/sb/0x00e07fd90e86855c3f9ebf7741c92981f664b442.sol:1701:9: Rule is set with explicit type [var/s: uint] [Warning/explicit-types]
/sb/0x00e07fd90e86855c3f9ebf7741c92981f664b442.sol:1703:9: Rule is set with explicit type [var/s: uint] [Warning/explicit-types]
/sb/0x00e07fd90e86855c3f9ebf7741c92981f664b442.sol:1707:9: Rule is set with explicit type [var/s: uint] [Warning/explicit-types]
/sb/0x00e07fd90e86855c3f9ebf7741c92981f664b442.sol:1711:25: Rule is set with explicit type [var/s: uint] [Warning/explicit-types]
/sb/0x00e07fd90e86855c3f9ebf7741c92981f664b442.sol:1715:5: Missing @notice tag in function 'swapExactTokensForTokensSupportingFeeOnTransferTokens' [Warning/use-natspec]
/sb/0x00e07fd90e86855c3f9ebf7741c92981f664b442.sol:1715:5: Missing @param tag in function 'swapExactTokensForTokensSupportingFeeOnTransferTokens' [Warning/use-natspec]
/sb/0x00e07fd90e86855c3f9ebf7741c92981f664b442.sol:1715:5: Mismatch in @param names for function 'swapExactTokensForTokensSupportingFeeOnTransferTokens'. Expected: [amountIn, amountOutMin, path, to, deadline], Found: [] [Warning/use-natspec]
/sb/0x00e07fd90e86855c3f9ebf7741c92981f664b442.sol:1717:9: Rule is set with explicit type [var/s: uint] [Warning/explicit-types]
/sb/0x00e07fd90e86855c3f9ebf7741c92981f664b442.sol:1719:9: Rule is set with explicit type [var/s: uint] [Warning/explicit-types]
/sb/0x00e07fd90e86855c3f9ebf7741c92981f664b442.sol:1725:9: Rule is set with explicit type [var/s: uint] [Warning/explicit-types]
/sb/0x00e07fd90e86855c3f9ebf7741c92981f664b442.sol:1729:5: Missing @notice tag in function 'swapExactETHForTokensSupportingFeeOnTransferTokens' [Warning/use-natspec]
/sb/0x00e07fd90e86855c3f9ebf7741c92981f664b442.sol:1729:5: Missing @param tag in function 'swapExactETHForTokensSupportingFeeOnTransferTokens' [Warning/use-natspec]
/sb/0x00e07fd90e86855c3f9ebf7741c92981f664b442.sol:1729:5: Mismatch in @param names for function 'swapExactETHForTokensSupportingFeeOnTransferTokens'. Expected: [amountOutMin, path, to, deadline], Found: [] [Warning/use-natspec]
/sb/0x00e07fd90e86855c3f9ebf7741c92981f664b442.sol:1731:9: Rule is set with explicit type [var/s: uint] [Warning/explicit-types]
/sb/0x00e07fd90e86855c3f9ebf7741c92981f664b442.sol:1737:9: Rule is set with explicit type [var/s: uint] [Warning/explicit-types]
/sb/0x00e07fd90e86855c3f9ebf7741c92981f664b442.sol:1741:5: Missing @notice tag in function 'swapExactTokensForETHSupportingFeeOnTransferTokens' [Warning/use-natspec]
/sb/0x00e07fd90e86855c3f9ebf7741c92981f664b442.sol:1741:5: Missing @param tag in function 'swapExactTokensForETHSupportingFeeOnTransferTokens' [Warning/use-natspec]
/sb/0x00e07fd90e86855c3f9ebf7741c92981f664b442.sol:1741:5: Mismatch in @param names for function 'swapExactTokensForETHSupportingFeeOnTransferTokens'. Expected: [amountIn, amountOutMin, path, to, deadline], Found: [] [Warning/use-natspec]
/sb/0x00e07fd90e86855c3f9ebf7741c92981f664b442.sol:1743:9: Rule is set with explicit type [var/s: uint] [Warning/explicit-types]
/sb/0x00e07fd90e86855c3f9ebf7741c92981f664b442.sol:1745:9: Rule is set with explicit type [var/s: uint] [Warning/explicit-types]
/sb/0x00e07fd90e86855c3f9ebf7741c92981f664b442.sol:1751:9: Rule is set with explicit type [var/s: uint] [Warning/explicit-types]
/sb/0x00e07fd90e86855c3f9ebf7741c92981f664b442.sol:1759:1: Contract has 31 states declarations but allowed no more than 15 [Warning/max-states-count]
/sb/0x00e07fd90e86855c3f9ebf7741c92981f664b442.sol:1759:1: Missing @title tag in contract 'Dodo' [Warning/use-natspec]
/sb/0x00e07fd90e86855c3f9ebf7741c92981f664b442.sol:1759:1: Missing @author tag in contract 'Dodo' [Warning/use-natspec]
/sb/0x00e07fd90e86855c3f9ebf7741c92981f664b442.sol:1759:1: Missing @notice tag in contract 'Dodo' [Warning/use-natspec]
/sb/0x00e07fd90e86855c3f9ebf7741c92981f664b442.sol:1765:5: Missing @notice tag in variable 'uniswapV2Router' [Warning/use-natspec]
/sb/0x00e07fd90e86855c3f9ebf7741c92981f664b442.sol:1765:5: Immutable variables name are set to be in capitalized SNAKE_CASE [Warning/immutable-vars-naming]
/sb/0x00e07fd90e86855c3f9ebf7741c92981f664b442.sol:1767:5: Missing @notice tag in variable 'uniswapV2Pair' [Warning/use-natspec]
/sb/0x00e07fd90e86855c3f9ebf7741c92981f664b442.sol:1767:5: Immutable variables name are set to be in capitalized SNAKE_CASE [Warning/immutable-vars-naming]
/sb/0x00e07fd90e86855c3f9ebf7741c92981f664b442.sol:1769:5: Missing @notice tag in variable 'deadAddress' [Warning/use-natspec]
/sb/0x00e07fd90e86855c3f9ebf7741c92981f664b442.sol:1769:5: Constant name must be in capitalized SNAKE_CASE [Warning/const-name-snakecase]
/sb/0x00e07fd90e86855c3f9ebf7741c92981f664b442.sol:1777:5: Missing @notice tag in variable 'marketingWallet' [Warning/use-natspec]
/sb/0x00e07fd90e86855c3f9ebf7741c92981f664b442.sol:1779:5: Missing @notice tag in variable 'devWallet' [Warning/use-natspec]
/sb/0x00e07fd90e86855c3f9ebf7741c92981f664b442.sol:1783:5: Missing @notice tag in variable 'maxTransactionAmount' [Warning/use-natspec]
/sb/0x00e07fd90e86855c3f9ebf7741c92981f664b442.sol:1785:5: Missing @notice tag in variable 'swapTokensAtAmount' [Warning/use-natspec]
/sb/0x00e07fd90e86855c3f9ebf7741c92981f664b442.sol:1787:5: Missing @notice tag in variable 'maxWallet' [Warning/use-natspec]
/sb/0x00e07fd90e86855c3f9ebf7741c92981f664b442.sol:1791:5: Missing @notice tag in variable 'percentForLPBurn' [Warning/use-natspec]
/sb/0x00e07fd90e86855c3f9ebf7741c92981f664b442.sol:1793:5: Missing @notice tag in variable 'lpBurnEnabled' [Warning/use-natspec]
/sb/0x00e07fd90e86855c3f9ebf7741c92981f664b442.sol:1795:5: Missing @notice tag in variable 'lpBurnFrequency' [Warning/use-natspec]
/sb/0x00e07fd90e86855c3f9ebf7741c92981f664b442.sol:1797:5: Missing @notice tag in variable 'lastLpBurnTime' [Warning/use-natspec]
/sb/0x00e07fd90e86855c3f9ebf7741c92981f664b442.sol:1801:5: Missing @notice tag in variable 'manualBurnFrequency' [Warning/use-natspec]
/sb/0x00e07fd90e86855c3f9ebf7741c92981f664b442.sol:1803:5: Missing @notice tag in variable 'lastManualLpBurnTime' [Warning/use-natspec]
/sb/0x00e07fd90e86855c3f9ebf7741c92981f664b442.sol:1807:5: Missing @notice tag in variable 'limitsInEffect' [Warning/use-natspec]
/sb/0x00e07fd90e86855c3f9ebf7741c92981f664b442.sol:1809:5: Missing @notice tag in variable 'tradingActive' [Warning/use-natspec]
/sb/0x00e07fd90e86855c3f9ebf7741c92981f664b442.sol:1811:5: Missing @notice tag in variable 'swapEnabled' [Warning/use-natspec]
/sb/0x00e07fd90e86855c3f9ebf7741c92981f664b442.sol:1819:5: Missing @notice tag in variable 'transferDelayEnabled' [Warning/use-natspec]
/sb/0x00e07fd90e86855c3f9ebf7741c92981f664b442.sol:1823:5: Missing @notice tag in variable 'buyTotalFees' [Warning/use-natspec]
/sb/0x00e07fd90e86855c3f9ebf7741c92981f664b442.sol:1825:5: Missing @notice tag in variable 'buyMarketingFee' [Warning/use-natspec]
/sb/0x00e07fd90e86855c3f9ebf7741c92981f664b442.sol:1827:5: Missing @notice tag in variable 'buyLiquidityFee' [Warning/use-natspec]
/sb/0x00e07fd90e86855c3f9ebf7741c92981f664b442.sol:1829:5: Missing @notice tag in variable 'buyDevFee' [Warning/use-natspec]
/sb/0x00e07fd90e86855c3f9ebf7741c92981f664b442.sol:1833:5: Missing @notice tag in variable 'sellTotalFees' [Warning/use-natspec]
/sb/0x00e07fd90e86855c3f9ebf7741c92981f664b442.sol:1835:5: Missing @notice tag in variable 'sellMarketingFee' [Warning/use-natspec]
/sb/0x00e07fd90e86855c3f9ebf7741c92981f664b442.sol:1837:5: Missing @notice tag in variable 'sellLiquidityFee' [Warning/use-natspec]
/sb/0x00e07fd90e86855c3f9ebf7741c92981f664b442.sol:1839:5: Missing @notice tag in variable 'sellDevFee' [Warning/use-natspec]
/sb/0x00e07fd90e86855c3f9ebf7741c92981f664b442.sol:1843:5: Missing @notice tag in variable 'tokensForMarketing' [Warning/use-natspec]
/sb/0x00e07fd90e86855c3f9ebf7741c92981f664b442.sol:1845:5: Missing @notice tag in variable 'tokensForLiquidity' [Warning/use-natspec]
/sb/0x00e07fd90e86855c3f9ebf7741c92981f664b442.sol:1847:5: Missing @notice tag in variable 'tokensForDev' [Warning/use-natspec]
/sb/0x00e07fd90e86855c3f9ebf7741c92981f664b442.sol:1859:5: Missing @notice tag in variable '_isExcludedMaxTransactionAmount' [Warning/use-natspec]
/sb/0x00e07fd90e86855c3f9ebf7741c92981f664b442.sol:1867:5: Missing @notice tag in variable 'automatedMarketMakerPairs' [Warning/use-natspec]
/sb/0x00e07fd90e86855c3f9ebf7741c92981f664b442.sol:1871:5: Missing @notice tag in event 'UpdateUniswapV2Router' [Warning/use-natspec]
/sb/0x00e07fd90e86855c3f9ebf7741c92981f664b442.sol:1871:5: Missing @param tag in event 'UpdateUniswapV2Router' [Warning/use-natspec]
/sb/0x00e07fd90e86855c3f9ebf7741c92981f664b442.sol:1871:5: Mismatch in @param names for event 'UpdateUniswapV2Router'. Expected: [newAddress, oldAddress], Found: [] [Warning/use-natspec]
/sb/0x00e07fd90e86855c3f9ebf7741c92981f664b442.sol:1875:5: Missing @notice tag in event 'ExcludeFromFees' [Warning/use-natspec]
/sb/0x00e07fd90e86855c3f9ebf7741c92981f664b442.sol:1875:5: Missing @param tag in event 'ExcludeFromFees' [Warning/use-natspec]
/sb/0x00e07fd90e86855c3f9ebf7741c92981f664b442.sol:1875:5: Mismatch in @param names for event 'ExcludeFromFees'. Expected: [account, isExcluded], Found: [] [Warning/use-natspec]
/sb/0x00e07fd90e86855c3f9ebf7741c92981f664b442.sol:1875:5: GC: [isExcluded] on Event [ExcludeFromFees] could be Indexed [Warning/gas-indexed-events]
/sb/0x00e07fd90e86855c3f9ebf7741c92981f664b442.sol:1879:5: Missing @notice tag in event 'SetAutomatedMarketMakerPair' [Warning/use-natspec]
/sb/0x00e07fd90e86855c3f9ebf7741c92981f664b442.sol:1879:5: Missing @param tag in event 'SetAutomatedMarketMakerPair' [Warning/use-natspec]
/sb/0x00e07fd90e86855c3f9ebf7741c92981f664b442.sol:1879:5: Mismatch in @param names for event 'SetAutomatedMarketMakerPair'. Expected: [pair, value], Found: [] [Warning/use-natspec]
/sb/0x00e07fd90e86855c3f9ebf7741c92981f664b442.sol:1883:5: Missing @notice tag in event 'marketingWalletUpdated' [Warning/use-natspec]
/sb/0x00e07fd90e86855c3f9ebf7741c92981f664b442.sol:1883:5: Missing @param tag in event 'marketingWalletUpdated' [Warning/use-natspec]
/sb/0x00e07fd90e86855c3f9ebf7741c92981f664b442.sol:1883:5: Mismatch in @param names for event 'marketingWalletUpdated'. Expected: [newWallet, oldWallet], Found: [] [Warning/use-natspec]
/sb/0x00e07fd90e86855c3f9ebf7741c92981f664b442.sol:1883:5: Event name must be in CapWords [Warning/event-name-capwords]
/sb/0x00e07fd90e86855c3f9ebf7741c92981f664b442.sol:1887:5: Missing @notice tag in event 'devWalletUpdated' [Warning/use-natspec]
/sb/0x00e07fd90e86855c3f9ebf7741c92981f664b442.sol:1887:5: Missing @param tag in event 'devWalletUpdated' [Warning/use-natspec]
/sb/0x00e07fd90e86855c3f9ebf7741c92981f664b442.sol:1887:5: Mismatch in @param names for event 'devWalletUpdated'. Expected: [newWallet, oldWallet], Found: [] [Warning/use-natspec]
/sb/0x00e07fd90e86855c3f9ebf7741c92981f664b442.sol:1887:5: Event name must be in CapWords [Warning/event-name-capwords]
/sb/0x00e07fd90e86855c3f9ebf7741c92981f664b442.sol:1891:5: Missing @notice tag in event 'SwapAndLiquify' [Warning/use-natspec]
/sb/0x00e07fd90e86855c3f9ebf7741c92981f664b442.sol:1891:5: Missing @param tag in event 'SwapAndLiquify' [Warning/use-natspec]
/sb/0x00e07fd90e86855c3f9ebf7741c92981f664b442.sol:1891:5: Mismatch in @param names for event 'SwapAndLiquify'. Expected: [tokensSwapped, ethReceived, tokensIntoLiquidity], Found: [] [Warning/use-natspec]
/sb/0x00e07fd90e86855c3f9ebf7741c92981f664b442.sol:1891:5: GC: [tokensSwapped] on Event [SwapAndLiquify] could be Indexed [Warning/gas-indexed-events]
/sb/0x00e07fd90e86855c3f9ebf7741c92981f664b442.sol:1891:5: GC: [ethReceived] on Event [SwapAndLiquify] could be Indexed [Warning/gas-indexed-events]
/sb/0x00e07fd90e86855c3f9ebf7741c92981f664b442.sol:1891:5: GC: [tokensIntoLiquidity] on Event [SwapAndLiquify] could be Indexed [Warning/gas-indexed-events]
/sb/0x00e07fd90e86855c3f9ebf7741c92981f664b442.sol:1903:5: Missing @notice tag in event 'AutoNukeLP' [Warning/use-natspec]
/sb/0x00e07fd90e86855c3f9ebf7741c92981f664b442.sol:1907:5: Missing @notice tag in event 'ManualNukeLP' [Warning/use-natspec]
/sb/0x00e07fd90e86855c3f9ebf7741c92981f664b442.sol:1911:5: Function body contains 103 lines but allowed no more than 50 lines [Warning/function-max-lines]
/sb/0x00e07fd90e86855c3f9ebf7741c92981f664b442.sol:1911:5: Missing @notice tag in function '<anonymous>' [Warning/use-natspec]
/sb/0x00e07fd90e86855c3f9ebf7741c92981f664b442.sol:1911:5: Explicitly mark visibility in function (Set ignoreConstructors to true if using solidity >=0.7.0) [Warning/func-visibility]
/sb/0x00e07fd90e86855c3f9ebf7741c92981f664b442.sol:2019:5: Missing @notice tag in function '<anonymous>' [Warning/use-natspec]
/sb/0x00e07fd90e86855c3f9ebf7741c92981f664b442.sol:2029:5: Missing @notice tag in function 'enableTrading' [Warning/use-natspec]
/sb/0x00e07fd90e86855c3f9ebf7741c92981f664b442.sol:2043:5: Missing @notice tag in function 'removeLimits' [Warning/use-natspec]
/sb/0x00e07fd90e86855c3f9ebf7741c92981f664b442.sol:2043:5: Missing @return tag in function 'removeLimits' [Warning/use-natspec]
/sb/0x00e07fd90e86855c3f9ebf7741c92981f664b442.sol:2043:5: Mismatch in @return count for function 'removeLimits'. Expected: 1, Found: 0 [Warning/use-natspec]
/sb/0x00e07fd90e86855c3f9ebf7741c92981f664b442.sol:2055:5: Missing @notice tag in function 'disableTransferDelay' [Warning/use-natspec]
/sb/0x00e07fd90e86855c3f9ebf7741c92981f664b442.sol:2055:5: Missing @return tag in function 'disableTransferDelay' [Warning/use-natspec]
/sb/0x00e07fd90e86855c3f9ebf7741c92981f664b442.sol:2055:5: Mismatch in @return count for function 'disableTransferDelay'. Expected: 1, Found: 0 [Warning/use-natspec]
/sb/0x00e07fd90e86855c3f9ebf7741c92981f664b442.sol:2067:5: Missing @notice tag in function 'updateSwapTokensAtAmount' [Warning/use-natspec]
/sb/0x00e07fd90e86855c3f9ebf7741c92981f664b442.sol:2067:5: Missing @param tag in function 'updateSwapTokensAtAmount' [Warning/use-natspec]
/sb/0x00e07fd90e86855c3f9ebf7741c92981f664b442.sol:2067:5: Mismatch in @param names for function 'updateSwapTokensAtAmount'. Expected: [newAmount], Found: [] [Warning/use-natspec]
/sb/0x00e07fd90e86855c3f9ebf7741c92981f664b442.sol:2067:5: Missing @return tag in function 'updateSwapTokensAtAmount' [Warning/use-natspec]
/sb/0x00e07fd90e86855c3f9ebf7741c92981f664b442.sol:2067:5: Mismatch in @return count for function 'updateSwapTokensAtAmount'. Expected: 1, Found: 0 [Warning/use-natspec]
/sb/0x00e07fd90e86855c3f9ebf7741c92981f664b442.sol:2069:8: Error message for require is too long: 53 counted / 32 allowed [Warning/reason-string]
/sb/0x00e07fd90e86855c3f9ebf7741c92981f664b442.sol:2069:8: GC: String exceeds 32 bytes [Warning/gas-small-strings]
/sb/0x00e07fd90e86855c3f9ebf7741c92981f664b442.sol:2069:8: GC: Use Custom Errors instead of require statements [Warning/gas-custom-errors]
/sb/0x00e07fd90e86855c3f9ebf7741c92981f664b442.sol:2069:16: GC: Non strict inequality found. Try converting to a strict one [Warning/gas-strict-inequalities]
/sb/0x00e07fd90e86855c3f9ebf7741c92981f664b442.sol:2071:8: Error message for require is too long: 52 counted / 32 allowed [Warning/reason-string]
/sb/0x00e07fd90e86855c3f9ebf7741c92981f664b442.sol:2071:8: GC: String exceeds 32 bytes [Warning/gas-small-strings]
/sb/0x00e07fd90e86855c3f9ebf7741c92981f664b442.sol:2071:8: GC: Use Custom Errors instead of require statements [Warning/gas-custom-errors]
/sb/0x00e07fd90e86855c3f9ebf7741c92981f664b442.sol:2071:16: GC: Non strict inequality found. Try converting to a strict one [Warning/gas-strict-inequalities]
/sb/0x00e07fd90e86855c3f9ebf7741c92981f664b442.sol:2081:5: Missing @notice tag in function 'updateMaxTxnAmount' [Warning/use-natspec]
/sb/0x00e07fd90e86855c3f9ebf7741c92981f664b442.sol:2081:5: Missing @param tag in function 'updateMaxTxnAmount' [Warning/use-natspec]
/sb/0x00e07fd90e86855c3f9ebf7741c92981f664b442.sol:2081:5: Mismatch in @param names for function 'updateMaxTxnAmount'. Expected: [newNum], Found: [] [Warning/use-natspec]
/sb/0x00e07fd90e86855c3f9ebf7741c92981f664b442.sol:2083:9: Error message for require is too long: 47 counted / 32 allowed [Warning/reason-string]
/sb/0x00e07fd90e86855c3f9ebf7741c92981f664b442.sol:2083:9: GC: String exceeds 32 bytes [Warning/gas-small-strings]
/sb/0x00e07fd90e86855c3f9ebf7741c92981f664b442.sol:2083:9: GC: Use Custom Errors instead of require statements [Warning/gas-custom-errors]
/sb/0x00e07fd90e86855c3f9ebf7741c92981f664b442.sol:2083:17: GC: Non strict inequality found. Try converting to a strict one [Warning/gas-strict-inequalities]
/sb/0x00e07fd90e86855c3f9ebf7741c92981f664b442.sol:2091:5: Missing @notice tag in function 'updateMaxWalletAmount' [Warning/use-natspec]
/sb/0x00e07fd90e86855c3f9ebf7741c92981f664b442.sol:2091:5: Missing @param tag in function 'updateMaxWalletAmount' [Warning/use-natspec]
/sb/0x00e07fd90e86855c3f9ebf7741c92981f664b442.sol:2091:5: Mismatch in @param names for function 'updateMaxWalletAmount'. Expected: [newNum], Found: [] [Warning/use-natspec]
/sb/0x00e07fd90e86855c3f9ebf7741c92981f664b442.sol:2093:9: Error message for require is too long: 36 counted / 32 allowed [Warning/reason-string]
/sb/0x00e07fd90e86855c3f9ebf7741c92981f664b442.sol:2093:9: GC: String exceeds 32 bytes [Warning/gas-small-strings]
/sb/0x00e07fd90e86855c3f9ebf7741c92981f664b442.sol:2093:9: GC: Use Custom Errors instead of require statements [Warning/gas-custom-errors]
/sb/0x00e07fd90e86855c3f9ebf7741c92981f664b442.sol:2093:17: GC: Non strict inequality found. Try converting to a strict one [Warning/gas-strict-inequalities]
/sb/0x00e07fd90e86855c3f9ebf7741c92981f664b442.sol:2101:5: Missing @notice tag in function 'excludeFromMaxTransaction' [Warning/use-natspec]
/sb/0x00e07fd90e86855c3f9ebf7741c92981f664b442.sol:2101:5: Missing @param tag in function 'excludeFromMaxTransaction' [Warning/use-natspec]
/sb/0x00e07fd90e86855c3f9ebf7741c92981f664b442.sol:2101:5: Mismatch in @param names for function 'excludeFromMaxTransaction'. Expected: [updAds, isEx], Found: [] [Warning/use-natspec]
/sb/0x00e07fd90e86855c3f9ebf7741c92981f664b442.sol:2111:5: Missing @notice tag in function 'updateSwapEnabled' [Warning/use-natspec]
/sb/0x00e07fd90e86855c3f9ebf7741c92981f664b442.sol:2111:5: Missing @param tag in function 'updateSwapEnabled' [Warning/use-natspec]
/sb/0x00e07fd90e86855c3f9ebf7741c92981f664b442.sol:2111:5: Mismatch in @param names for function 'updateSwapEnabled'. Expected: [enabled], Found: [] [Warning/use-natspec]
/sb/0x00e07fd90e86855c3f9ebf7741c92981f664b442.sol:2119:5: Missing @notice tag in function 'updateBuyFees' [Warning/use-natspec]
/sb/0x00e07fd90e86855c3f9ebf7741c92981f664b442.sol:2119:5: Missing @param tag in function 'updateBuyFees' [Warning/use-natspec]
/sb/0x00e07fd90e86855c3f9ebf7741c92981f664b442.sol:2119:5: Mismatch in @param names for function 'updateBuyFees'. Expected: [_marketingFee, _liquidityFee, _devFee], Found: [] [Warning/use-natspec]
/sb/0x00e07fd90e86855c3f9ebf7741c92981f664b442.sol:2129:9: GC: Use Custom Errors instead of require statements [Warning/gas-custom-errors]
/sb/0x00e07fd90e86855c3f9ebf7741c92981f664b442.sol:2129:17: GC: Non strict inequality found. Try converting to a strict one [Warning/gas-strict-inequalities]
/sb/0x00e07fd90e86855c3f9ebf7741c92981f664b442.sol:2135:5: Missing @notice tag in function 'updateSellFees' [Warning/use-natspec]
/sb/0x00e07fd90e86855c3f9ebf7741c92981f664b442.sol:2135:5: Missing @param tag in function 'updateSellFees' [Warning/use-natspec]
/sb/0x00e07fd90e86855c3f9ebf7741c92981f664b442.sol:2135:5: Mismatch in @param names for function 'updateSellFees'. Expected: [_marketingFee, _liquidityFee, _devFee], Found: [] [Warning/use-natspec]
/sb/0x00e07fd90e86855c3f9ebf7741c92981f664b442.sol:2145:9: GC: Use Custom Errors instead of require statements [Warning/gas-custom-errors]
/sb/0x00e07fd90e86855c3f9ebf7741c92981f664b442.sol:2145:17: GC: Non strict inequality found. Try converting to a strict one [Warning/gas-strict-inequalities]
/sb/0x00e07fd90e86855c3f9ebf7741c92981f664b442.sol:2151:5: Missing @notice tag in function 'excludeFromFees' [Warning/use-natspec]
/sb/0x00e07fd90e86855c3f9ebf7741c92981f664b442.sol:2151:5: Missing @param tag in function 'excludeFromFees' [Warning/use-natspec]
/sb/0x00e07fd90e86855c3f9ebf7741c92981f664b442.sol:2151:5: Mismatch in @param names for function 'excludeFromFees'. Expected: [account, excluded], Found: [] [Warning/use-natspec]
/sb/0x00e07fd90e86855c3f9ebf7741c92981f664b442.sol:2161:5: Missing @notice tag in function 'setAutomatedMarketMakerPair' [Warning/use-natspec]
/sb/0x00e07fd90e86855c3f9ebf7741c92981f664b442.sol:2161:5: Missing @param tag in function 'setAutomatedMarketMakerPair' [Warning/use-natspec]
/sb/0x00e07fd90e86855c3f9ebf7741c92981f664b442.sol:2161:5: Mismatch in @param names for function 'setAutomatedMarketMakerPair'. Expected: [pair, value], Found: [] [Warning/use-natspec]
/sb/0x00e07fd90e86855c3f9ebf7741c92981f664b442.sol:2163:9: Error message for require is too long: 57 counted / 32 allowed [Warning/reason-string]
/sb/0x00e07fd90e86855c3f9ebf7741c92981f664b442.sol:2163:9: GC: String exceeds 32 bytes [Warning/gas-small-strings]
/sb/0x00e07fd90e86855c3f9ebf7741c92981f664b442.sol:2163:9: GC: Use Custom Errors instead of require statements [Warning/gas-custom-errors]
/sb/0x00e07fd90e86855c3f9ebf7741c92981f664b442.sol:2173:5: Missing @notice tag in function '_setAutomatedMarketMakerPair' [Warning/use-natspec]
/sb/0x00e07fd90e86855c3f9ebf7741c92981f664b442.sol:2173:5: Missing @param tag in function '_setAutomatedMarketMakerPair' [Warning/use-natspec]
/sb/0x00e07fd90e86855c3f9ebf7741c92981f664b442.sol:2173:5: Mismatch in @param names for function '_setAutomatedMarketMakerPair'. Expected: [pair, value], Found: [] [Warning/use-natspec]
/sb/0x00e07fd90e86855c3f9ebf7741c92981f664b442.sol:2185:5: Missing @notice tag in function 'updateMarketingWallet' [Warning/use-natspec]
/sb/0x00e07fd90e86855c3f9ebf7741c92981f664b442.sol:2185:5: Missing @param tag in function 'updateMarketingWallet' [Warning/use-natspec]
/sb/0x00e07fd90e86855c3f9ebf7741c92981f664b442.sol:2185:5: Mismatch in @param names for function 'updateMarketingWallet'. Expected: [newMarketingWallet], Found: [] [Warning/use-natspec]
/sb/0x00e07fd90e86855c3f9ebf7741c92981f664b442.sol:2195:5: Missing @notice tag in function 'updateDevWallet' [Warning/use-natspec]
/sb/0x00e07fd90e86855c3f9ebf7741c92981f664b442.sol:2195:5: Missing @param tag in function 'updateDevWallet' [Warning/use-natspec]
/sb/0x00e07fd90e86855c3f9ebf7741c92981f664b442.sol:2195:5: Mismatch in @param names for function 'updateDevWallet'. Expected: [newWallet], Found: [] [Warning/use-natspec]
/sb/0x00e07fd90e86855c3f9ebf7741c92981f664b442.sol:2207:5: Missing @notice tag in function 'isExcludedFromFees' [Warning/use-natspec]
/sb/0x00e07fd90e86855c3f9ebf7741c92981f664b442.sol:2207:5: Missing @param tag in function 'isExcludedFromFees' [Warning/use-natspec]
/sb/0x00e07fd90e86855c3f9ebf7741c92981f664b442.sol:2207:5: Mismatch in @param names for function 'isExcludedFromFees'. Expected: [account], Found: [] [Warning/use-natspec]
/sb/0x00e07fd90e86855c3f9ebf7741c92981f664b442.sol:2207:5: Missing @return tag in function 'isExcludedFromFees' [Warning/use-natspec]
/sb/0x00e07fd90e86855c3f9ebf7741c92981f664b442.sol:2207:5: Mismatch in @return count for function 'isExcludedFromFees'. Expected: 1, Found: 0 [Warning/use-natspec]
/sb/0x00e07fd90e86855c3f9ebf7741c92981f664b442.sol:2215:5: Missing @notice tag in event 'BoughtEarly' [Warning/use-natspec]
/sb/0x00e07fd90e86855c3f9ebf7741c92981f664b442.sol:2215:5: Missing @param tag in event 'BoughtEarly' [Warning/use-natspec]
/sb/0x00e07fd90e86855c3f9ebf7741c92981f664b442.sol:2215:5: Mismatch in @param names for event 'BoughtEarly'. Expected: [sniper], Found: [] [Warning/use-natspec]
/sb/0x00e07fd90e86855c3f9ebf7741c92981f664b442.sol:2219:5: Function body contains 213 lines but allowed no more than 50 lines [Warning/function-max-lines]
/sb/0x00e07fd90e86855c3f9ebf7741c92981f664b442.sol:2219:5: Missing @notice tag in function '_transfer' [Warning/use-natspec]
/sb/0x00e07fd90e86855c3f9ebf7741c92981f664b442.sol:2219:5: Missing @param tag in function '_transfer' [Warning/use-natspec]
/sb/0x00e07fd90e86855c3f9ebf7741c92981f664b442.sol:2219:5: Mismatch in @param names for function '_transfer'. Expected: [from, to, amount], Found: [] [Warning/use-natspec]
/sb/0x00e07fd90e86855c3f9ebf7741c92981f664b442.sol:2229:9: Error message for require is too long: 37 counted / 32 allowed [Warning/reason-string]
/sb/0x00e07fd90e86855c3f9ebf7741c92981f664b442.sol:2229:9: GC: String exceeds 32 bytes [Warning/gas-small-strings]
/sb/0x00e07fd90e86855c3f9ebf7741c92981f664b442.sol:2229:9: GC: Use Custom Errors instead of require statements [Warning/gas-custom-errors]
/sb/0x00e07fd90e86855c3f9ebf7741c92981f664b442.sol:2231:9: Error message for require is too long: 35 counted / 32 allowed [Warning/reason-string]
/sb/0x00e07fd90e86855c3f9ebf7741c92981f664b442.sol:2231:9: GC: String exceeds 32 bytes [Warning/gas-small-strings]
/sb/0x00e07fd90e86855c3f9ebf7741c92981f664b442.sol:2231:9: GC: Use Custom Errors instead of require statements [Warning/gas-custom-errors]
/sb/0x00e07fd90e86855c3f9ebf7741c92981f664b442.sol:2263:21: GC: Use Custom Errors instead of require statements [Warning/gas-custom-errors]
/sb/0x00e07fd90e86855c3f9ebf7741c92981f664b442.sol:2275:25: Error message for require is too long: 73 counted / 32 allowed [Warning/reason-string]
/sb/0x00e07fd90e86855c3f9ebf7741c92981f664b442.sol:2275:25: GC: String exceeds 32 bytes [Warning/gas-small-strings]
/sb/0x00e07fd90e86855c3f9ebf7741c92981f664b442.sol:2275:25: GC: Use Custom Errors instead of require statements [Warning/gas-custom-errors]
/sb/0x00e07fd90e86855c3f9ebf7741c92981f664b442.sol:2275:62: Avoid to use tx.origin [Warning/avoid-tx-origin]
/sb/0x00e07fd90e86855c3f9ebf7741c92981f664b442.sol:2277:54: Avoid to use tx.origin [Warning/avoid-tx-origin]
/sb/0x00e07fd90e86855c3f9ebf7741c92981f664b442.sol:2289:25: Error message for require is too long: 53 counted / 32 allowed [Warning/reason-string]
/sb/0x00e07fd90e86855c3f9ebf7741c92981f664b442.sol:2289:25: GC: String exceeds 32 bytes [Warning/gas-small-strings]
/sb/0x00e07fd90e86855c3f9ebf7741c92981f664b442.sol:2289:25: GC: Use Custom Errors instead of require statements [Warning/gas-custom-errors]
/sb/0x00e07fd90e86855c3f9ebf7741c92981f664b442.sol:2289:33: GC: Non strict inequality found. Try converting to a strict one [Warning/gas-strict-inequalities]
/sb/0x00e07fd90e86855c3f9ebf7741c92981f664b442.sol:2291:25: GC: Use Custom Errors instead of require statements [Warning/gas-custom-errors]
/sb/0x00e07fd90e86855c3f9ebf7741c92981f664b442.sol:2291:33: GC: Non strict inequality found. Try converting to a strict one [Warning/gas-strict-inequalities]
/sb/0x00e07fd90e86855c3f9ebf7741c92981f664b442.sol:2301:25: Error message for require is too long: 54 counted / 32 allowed [Warning/reason-string]
/sb/0x00e07fd90e86855c3f9ebf7741c92981f664b442.sol:2301:25: GC: String exceeds 32 bytes [Warning/gas-small-strings]
/sb/0x00e07fd90e86855c3f9ebf7741c92981f664b442.sol:2301:25: GC: Use Custom Errors instead of require statements [Warning/gas-custom-errors]
/sb/0x00e07fd90e86855c3f9ebf7741c92981f664b442.sol:2301:33: GC: Non strict inequality found. Try converting to a strict one [Warning/gas-strict-inequalities]
/sb/0x00e07fd90e86855c3f9ebf7741c92981f664b442.sol:2307:21: GC: Use Custom Errors instead of require statements [Warning/gas-custom-errors]
/sb/0x00e07fd90e86855c3f9ebf7741c92981f664b442.sol:2307:29: GC: Non strict inequality found. Try converting to a strict one [Warning/gas-strict-inequalities]
/sb/0x00e07fd90e86855c3f9ebf7741c92981f664b442.sol:2325:24: GC: Non strict inequality found. Try converting to a strict one [Warning/gas-strict-inequalities]
/sb/0x00e07fd90e86855c3f9ebf7741c92981f664b442.sol:2359:75: GC: Non strict inequality found. Try converting to a strict one [Warning/gas-strict-inequalities]
/sb/0x00e07fd90e86855c3f9ebf7741c92981f664b442.sol:2437:5: Missing @notice tag in function 'swapTokensForEth' [Warning/use-natspec]
/sb/0x00e07fd90e86855c3f9ebf7741c92981f664b442.sol:2437:5: Missing @param tag in function 'swapTokensForEth' [Warning/use-natspec]
/sb/0x00e07fd90e86855c3f9ebf7741c92981f664b442.sol:2437:5: Mismatch in @param names for function 'swapTokensForEth'. Expected: [tokenAmount], Found: [] [Warning/use-natspec]
/sb/0x00e07fd90e86855c3f9ebf7741c92981f664b442.sol:2481:5: Missing @notice tag in function 'addLiquidity' [Warning/use-natspec]
/sb/0x00e07fd90e86855c3f9ebf7741c92981f664b442.sol:2481:5: Missing @param tag in function 'addLiquidity' [Warning/use-natspec]
/sb/0x00e07fd90e86855c3f9ebf7741c92981f664b442.sol:2481:5: Mismatch in @param names for function 'addLiquidity'. Expected: [tokenAmount, ethAmount], Found: [] [Warning/use-natspec]
/sb/0x00e07fd90e86855c3f9ebf7741c92981f664b442.sol:2511:5: Function body contains 81 lines but allowed no more than 50 lines [Warning/function-max-lines]
/sb/0x00e07fd90e86855c3f9ebf7741c92981f664b442.sol:2511:5: Missing @notice tag in function 'swapBack' [Warning/use-natspec]
/sb/0x00e07fd90e86855c3f9ebf7741c92981f664b442.sol:2597:5: Missing @notice tag in function 'setAutoLPBurnSettings' [Warning/use-natspec]
/sb/0x00e07fd90e86855c3f9ebf7741c92981f664b442.sol:2597:5: Missing @param tag in function 'setAutoLPBurnSettings' [Warning/use-natspec]
/sb/0x00e07fd90e86855c3f9ebf7741c92981f664b442.sol:2597:5: Mismatch in @param names for function 'setAutoLPBurnSettings'. Expected: [_frequencyInSeconds, _percent, _Enabled], Found: [] [Warning/use-natspec]
/sb/0x00e07fd90e86855c3f9ebf7741c92981f664b442.sol:2597:83: Variable name must be in mixedCase _Enabled [Warning/var-name-mixedcase]
/sb/0x00e07fd90e86855c3f9ebf7741c92981f664b442.sol:2599:9: Error message for require is too long: 51 counted / 32 allowed [Warning/reason-string]
/sb/0x00e07fd90e86855c3f9ebf7741c92981f664b442.sol:2599:9: GC: String exceeds 32 bytes [Warning/gas-small-strings]
/sb/0x00e07fd90e86855c3f9ebf7741c92981f664b442.sol:2599:9: GC: Use Custom Errors instead of require statements [Warning/gas-custom-errors]
/sb/0x00e07fd90e86855c3f9ebf7741c92981f664b442.sol:2599:17: GC: Non strict inequality found. Try converting to a strict one [Warning/gas-strict-inequalities]
/sb/0x00e07fd90e86855c3f9ebf7741c92981f664b442.sol:2601:9: Error message for require is too long: 48 counted / 32 allowed [Warning/reason-string]
/sb/0x00e07fd90e86855c3f9ebf7741c92981f664b442.sol:2601:9: GC: String exceeds 32 bytes [Warning/gas-small-strings]
/sb/0x00e07fd90e86855c3f9ebf7741c92981f664b442.sol:2601:9: GC: Use Custom Errors instead of require statements [Warning/gas-custom-errors]
/sb/0x00e07fd90e86855c3f9ebf7741c92981f664b442.sol:2601:17: GC: Non strict inequality found. Try converting to a strict one [Warning/gas-strict-inequalities]
/sb/0x00e07fd90e86855c3f9ebf7741c92981f664b442.sol:2601:37: GC: Non strict inequality found. Try converting to a strict one [Warning/gas-strict-inequalities]
/sb/0x00e07fd90e86855c3f9ebf7741c92981f664b442.sol:2613:5: Missing @notice tag in function 'autoBurnLiquidityPairTokens' [Warning/use-natspec]
/sb/0x00e07fd90e86855c3f9ebf7741c92981f664b442.sol:2613:5: Missing @return tag in function 'autoBurnLiquidityPairTokens' [Warning/use-natspec]
/sb/0x00e07fd90e86855c3f9ebf7741c92981f664b442.sol:2613:5: Mismatch in @return count for function 'autoBurnLiquidityPairTokens'. Expected: 1, Found: 0 [Warning/use-natspec]
/sb/0x00e07fd90e86855c3f9ebf7741c92981f664b442.sol:2657:5: Missing @notice tag in function 'manualBurnLiquidityPairTokens' [Warning/use-natspec]
/sb/0x00e07fd90e86855c3f9ebf7741c92981f664b442.sol:2657:5: Missing @param tag in function 'manualBurnLiquidityPairTokens' [Warning/use-natspec]
/sb/0x00e07fd90e86855c3f9ebf7741c92981f664b442.sol:2657:5: Mismatch in @param names for function 'manualBurnLiquidityPairTokens'. Expected: [percent], Found: [] [Warning/use-natspec]
/sb/0x00e07fd90e86855c3f9ebf7741c92981f664b442.sol:2657:5: Missing @return tag in function 'manualBurnLiquidityPairTokens' [Warning/use-natspec]
/sb/0x00e07fd90e86855c3f9ebf7741c92981f664b442.sol:2657:5: Mismatch in @return count for function 'manualBurnLiquidityPairTokens'. Expected: 1, Found: 0 [Warning/use-natspec]
/sb/0x00e07fd90e86855c3f9ebf7741c92981f664b442.sol:2659:9: GC: Use Custom Errors instead of require statements [Warning/gas-custom-errors]
/sb/0x00e07fd90e86855c3f9ebf7741c92981f664b442.sol:2661:9: Error message for require is too long: 42 counted / 32 allowed [Warning/reason-string]
/sb/0x00e07fd90e86855c3f9ebf7741c92981f664b442.sol:2661:9: GC: String exceeds 32 bytes [Warning/gas-small-strings]
/sb/0x00e07fd90e86855c3f9ebf7741c92981f664b442.sol:2661:9: GC: Use Custom Errors instead of require statements [Warning/gas-custom-errors]
/sb/0x00e07fd90e86855c3f9ebf7741c92981f664b442.sol:2661:17: GC: Non strict inequality found. Try converting to a strict one [Warning/gas-strict-inequalities]

906 problem/s (1 error/s, 905 warning/s)
