'solc --version' running
'solc /sb/0x131cf0d3b3cc6763417bffb2dfdc119fdebca002.sol --combined-json abi,ast,bin,bin-runtime,srcmap,srcmap-runtime,userdoc,devdoc,hashes,compact-format --allow-paths .,/sb' running
Compilation warnings/errors on /sb/0x131cf0d3b3cc6763417bffb2dfdc119fdebca002.sol:
/sb/0x131cf0d3b3cc6763417bffb2dfdc119fdebca002.sol:769:45: Warning: "throw" is deprecated in favour of "revert()", "require()" and "assert()".
        if ((_nbytes == 0)||(_nbytes > 32)) throw;
                                            ^---^
/sb/0x131cf0d3b3cc6763417bffb2dfdc119fdebca002.sol:859:71: Warning: "throw" is deprecated in favour of "revert()", "require()" and "assert()".
        if ((_proof[0] != "L")||(_proof[1] != "P")||(_proof[2] != 1)) throw;
                                                                      ^---^
/sb/0x131cf0d3b3cc6763417bffb2dfdc119fdebca002.sol:862:37: Warning: "throw" is deprecated in favour of "revert()", "require()" and "assert()".
        if (proofVerified == false) throw;
                                    ^---^
/sb/0x131cf0d3b3cc6763417bffb2dfdc119fdebca002.sol:870:14: Warning: Use of the "var" keyword is deprecated.
        for (var i=0; i<prefix.length; i++){
             ^---^
/sb/0x131cf0d3b3cc6763417bffb2dfdc119fdebca002.sol:933:13: Warning: "throw" is deprecated in favour of "revert()", "require()" and "assert()".
            throw; // Should be a better way?
            ^---^
/sb/0x131cf0d3b3cc6763417bffb2dfdc119fdebca002.sol:1039:5: Warning: Defining constructors as functions with the same name as the contract is deprecated. Use "constructor(...) { ... }" instead.
    function KrakenPriceTicker() {
    ^ (Relevant source part starts here and spans across multiple lines).
/sb/0x131cf0d3b3cc6763417bffb2dfdc119fdebca002.sol:1045:49: Warning: "throw" is deprecated in favour of "revert()", "require()" and "assert()".
        if (msg.sender != oraclize_cbAddress()) throw;
                                                ^---^
/sb/0x131cf0d3b3cc6763417bffb2dfdc119fdebca002.sol:783:50: Warning: "sha3" has been deprecated in favour of "keccak256"
        oraclize_randomDS_setCommitment(queryId, sha3(bytes8(_delay), args[1], sha256(args[0]), args[2]));
                                                 ^-----------------------------------------------------^
/sb/0x131cf0d3b3cc6763417bffb2dfdc119fdebca002.sol:783:50: Warning: This function only accepts a single "bytes" argument. Please use "abi.encodePacked(...)" or a similar function to encode the data.
        oraclize_randomDS_setCommitment(queryId, sha3(bytes8(_delay), args[1], sha256(args[0]), args[2]));
                                                 ^-----------------------------------------------------^
/sb/0x131cf0d3b3cc6763417bffb2dfdc119fdebca002.sol:815:21: Warning: "sha3" has been deprecated in favour of "keccak256"
        if (address(sha3(pubkey)) == signer) return true;
                    ^----------^
/sb/0x131cf0d3b3cc6763417bffb2dfdc119fdebca002.sol:818:29: Warning: "sha3" has been deprecated in favour of "keccak256"
            return (address(sha3(pubkey)) == signer);
                            ^----------^
/sb/0x131cf0d3b3cc6763417bffb2dfdc119fdebca002.sol:833:22: Warning: Decimal literal assigned to bytesXX variable will be left-aligned. Use an explicit conversion to silence this warning.
        tosign2[0] = 1; //role
                     ^
/sb/0x131cf0d3b3cc6763417bffb2dfdc119fdebca002.sol:870:14: Warning: The type of this variable was inferred as uint8, which can hold values between 0 and 255. This is probably not desired. Use an explicit type to silence this warning.
        for (var i=0; i<prefix.length; i++){
             ^-----^
/sb/0x131cf0d3b3cc6763417bffb2dfdc119fdebca002.sol:885:20: Warning: "sha3" has been deprecated in favour of "keccak256"
        checkok = (sha3(keyhash) == sha3(sha256(context_name, queryId)));
                   ^-----------^
/sb/0x131cf0d3b3cc6763417bffb2dfdc119fdebca002.sol:885:42: Warning: This function only accepts a single "bytes" argument. Please use "abi.encodePacked(...)" or a similar function to encode the data.
        checkok = (sha3(keyhash) == sha3(sha256(context_name, queryId)));
                                         ^---------------------------^
/sb/0x131cf0d3b3cc6763417bffb2dfdc119fdebca002.sol:885:37: Warning: "sha3" has been deprecated in favour of "keccak256"
        checkok = (sha3(keyhash) == sha3(sha256(context_name, queryId)));
                                    ^---------------------------------^
/sb/0x131cf0d3b3cc6763417bffb2dfdc119fdebca002.sol:885:37: Warning: This function only accepts a single "bytes" argument. Please use "abi.encodePacked(...)" or a similar function to encode the data.
        checkok = (sha3(keyhash) == sha3(sha256(context_name, queryId)));
                                    ^---------------------------------^
/sb/0x131cf0d3b3cc6763417bffb2dfdc119fdebca002.sol:885:37: Warning: The provided argument of type bytes32 is not implicitly convertible to expected type bytes memory.
        checkok = (sha3(keyhash) == sha3(sha256(context_name, queryId)));
                                    ^---------------------------------^
/sb/0x131cf0d3b3cc6763417bffb2dfdc119fdebca002.sol:907:48: Warning: "sha3" has been deprecated in favour of "keccak256"
        if (oraclize_randomDS_args[queryId] == sha3(commitmentSlice1, sessionPubkeyHash)){ //unonce, nbytes and sessionKeyHash match
                                               ^---------------------------------------^
/sb/0x131cf0d3b3cc6763417bffb2dfdc119fdebca002.sol:907:48: Warning: This function only accepts a single "bytes" argument. Please use "abi.encodePacked(...)" or a similar function to encode the data.
        if (oraclize_randomDS_args[queryId] == sha3(commitmentSlice1, sessionPubkeyHash)){ //unonce, nbytes and sessionKeyHash match
                                               ^---------------------------------------^
/sb/0x131cf0d3b3cc6763417bffb2dfdc119fdebca002.sol:1035:30: Warning: This looks like an address but has an invalid checksum. If this is not used as an address, please prepend '00'. Correct checksummed address: '0x6f28B146804dBa2D6f944C03528A8FDbc673df2C'. For more information please see https://solidity.readthedocs.io/en/develop/types.html#address-literals
        oraclize = OraclizeI(0x6f28b146804dba2d6f944c03528a8fdbc673df2c);
                             ^----------------------------------------^
/sb/0x131cf0d3b3cc6763417bffb2dfdc119fdebca002.sol:1047:9: Warning: Invoking events without "emit" prefix is deprecated.
        newKrakenPriceTicker(ETHXBT);
        ^--------------------------^
/sb/0x131cf0d3b3cc6763417bffb2dfdc119fdebca002.sol:1052:40: Warning: Using contract member "balance" inherited from the address type is deprecated. Convert the contract to "address" type to access the member, for example use "address(contract).balance" instead.
        if (oraclize.getPrice("URL") > this.balance) {
                                       ^----------^
/sb/0x131cf0d3b3cc6763417bffb2dfdc119fdebca002.sol:1053:13: Warning: Invoking events without "emit" prefix is deprecated.
            newOraclizeQuery("Oraclize query was NOT sent, please add some ETH to cover for the query fee");
            ^---------------------------------------------------------------------------------------------^
/sb/0x131cf0d3b3cc6763417bffb2dfdc119fdebca002.sol:1055:13: Warning: Invoking events without "emit" prefix is deprecated.
            newOraclizeQuery("Oraclize query was sent, standing by for the answer..");
            ^-----------------------------------------------------------------------^
/sb/0x131cf0d3b3cc6763417bffb2dfdc119fdebca002.sol:42:5: Warning: No visibility specified. Defaulting to "public". 
    function query(uint _timestamp, string _datasource, string _arg) payable returns (bytes32 _id);
    ^---------------------------------------------------------------------------------------------^
/sb/0x131cf0d3b3cc6763417bffb2dfdc119fdebca002.sol:43:5: Warning: No visibility specified. Defaulting to "public". 
    function query_withGasLimit(uint _timestamp, string _datasource, string _arg, uint _gaslimit) payable returns (bytes32 _id);
    ^--------------------------------------------------------------------------------------------------------------------------^
/sb/0x131cf0d3b3cc6763417bffb2dfdc119fdebca002.sol:44:5: Warning: No visibility specified. Defaulting to "public". 
    function query2(uint _timestamp, string _datasource, string _arg1, string _arg2) payable returns (bytes32 _id);
    ^-------------------------------------------------------------------------------------------------------------^
/sb/0x131cf0d3b3cc6763417bffb2dfdc119fdebca002.sol:45:5: Warning: No visibility specified. Defaulting to "public". 
    function query2_withGasLimit(uint _timestamp, string _datasource, string _arg1, string _arg2, uint _gaslimit) payable returns (bytes32 _id);
    ^------------------------------------------------------------------------------------------------------------------------------------------^
/sb/0x131cf0d3b3cc6763417bffb2dfdc119fdebca002.sol:46:5: Warning: No visibility specified. Defaulting to "public". 
    function queryN(uint _timestamp, string _datasource, bytes _argN) payable returns (bytes32 _id);
    ^----------------------------------------------------------------------------------------------^
/sb/0x131cf0d3b3cc6763417bffb2dfdc119fdebca002.sol:47:5: Warning: No visibility specified. Defaulting to "public". 
    function queryN_withGasLimit(uint _timestamp, string _datasource, bytes _argN, uint _gaslimit) payable returns (bytes32 _id);
    ^---------------------------------------------------------------------------------------------------------------------------^
/sb/0x131cf0d3b3cc6763417bffb2dfdc119fdebca002.sol:48:5: Warning: No visibility specified. Defaulting to "public". 
    function getPrice(string _datasource) returns (uint _dsprice);
    ^------------------------------------------------------------^
/sb/0x131cf0d3b3cc6763417bffb2dfdc119fdebca002.sol:49:5: Warning: No visibility specified. Defaulting to "public". 
    function getPrice(string _datasource, uint gaslimit) returns (uint _dsprice);
    ^---------------------------------------------------------------------------^
/sb/0x131cf0d3b3cc6763417bffb2dfdc119fdebca002.sol:50:5: Warning: No visibility specified. Defaulting to "public". 
    function useCoupon(string _coupon);
    ^---------------------------------^
/sb/0x131cf0d3b3cc6763417bffb2dfdc119fdebca002.sol:51:5: Warning: No visibility specified. Defaulting to "public". 
    function setProofType(byte _proofType);
    ^-------------------------------------^
/sb/0x131cf0d3b3cc6763417bffb2dfdc119fdebca002.sol:52:5: Warning: No visibility specified. Defaulting to "public". 
    function setConfig(bytes32 _config);
    ^----------------------------------^
/sb/0x131cf0d3b3cc6763417bffb2dfdc119fdebca002.sol:53:5: Warning: No visibility specified. Defaulting to "public". 
    function setCustomGasPrice(uint _gasPrice);
    ^-----------------------------------------^
/sb/0x131cf0d3b3cc6763417bffb2dfdc119fdebca002.sol:54:5: Warning: No visibility specified. Defaulting to "public". 
    function randomDS_getSessionPubKeyHash() returns(bytes32);
    ^--------------------------------------------------------^
/sb/0x131cf0d3b3cc6763417bffb2dfdc119fdebca002.sol:57:5: Warning: No visibility specified. Defaulting to "public". 
    function getAddress() returns (address _addr);
    ^--------------------------------------------^
/sb/0x131cf0d3b3cc6763417bffb2dfdc119fdebca002.sol:89:34: Warning: Unused function parameter. Remove or comment out the variable name to silence this warning.
    function oraclize_setNetwork(uint8 networkID) internal returns(bool){
                                 ^-------------^
/sb/0x131cf0d3b3cc6763417bffb2dfdc119fdebca002.sol:125:5: Warning: No visibility specified. Defaulting to "public". 
    function __callback(bytes32 myid, string result) {
    ^ (Relevant source part starts here and spans across multiple lines).
/sb/0x131cf0d3b3cc6763417bffb2dfdc119fdebca002.sol:128:5: Warning: No visibility specified. Defaulting to "public". 
    function __callback(bytes32 myid, string result, bytes proof) {
    ^ (Relevant source part starts here and spans across multiple lines).
/sb/0x131cf0d3b3cc6763417bffb2dfdc119fdebca002.sol:128:25: Warning: Unused function parameter. Remove or comment out the variable name to silence this warning.
    function __callback(bytes32 myid, string result, bytes proof) {
                        ^----------^
/sb/0x131cf0d3b3cc6763417bffb2dfdc119fdebca002.sol:128:39: Warning: Unused function parameter. Remove or comment out the variable name to silence this warning.
    function __callback(bytes32 myid, string result, bytes proof) {
                                      ^-----------^
/sb/0x131cf0d3b3cc6763417bffb2dfdc119fdebca002.sol:128:54: Warning: Unused function parameter. Remove or comment out the variable name to silence this warning.
    function __callback(bytes32 myid, string result, bytes proof) {
                                                     ^---------^
/sb/0x131cf0d3b3cc6763417bffb2dfdc119fdebca002.sol:1039:5: Warning: No visibility specified. Defaulting to "public". 
    function KrakenPriceTicker() {
    ^ (Relevant source part starts here and spans across multiple lines).
/sb/0x131cf0d3b3cc6763417bffb2dfdc119fdebca002.sol:1044:5: Warning: No visibility specified. Defaulting to "public". 
    function __callback(bytes32 myid, string result, bytes proof) {
    ^ (Relevant source part starts here and spans across multiple lines).
/sb/0x131cf0d3b3cc6763417bffb2dfdc119fdebca002.sol:1044:25: Warning: Unused function parameter. Remove or comment out the variable name to silence this warning.
    function __callback(bytes32 myid, string result, bytes proof) {
                        ^----------^
/sb/0x131cf0d3b3cc6763417bffb2dfdc119fdebca002.sol:1044:54: Warning: Unused function parameter. Remove or comment out the variable name to silence this warning.
    function __callback(bytes32 myid, string result, bytes proof) {
                                                     ^---------^
/sb/0x131cf0d3b3cc6763417bffb2dfdc119fdebca002.sol:1051:5: Warning: No visibility specified. Defaulting to "public". 
    function update() payable {
    ^ (Relevant source part starts here and spans across multiple lines).
/sb/0x131cf0d3b3cc6763417bffb2dfdc119fdebca002.sol:128:5: Warning: Function state mutability can be restricted to pure
    function __callback(bytes32 myid, string result, bytes proof) {
    ^ (Relevant source part starts here and spans across multiple lines).
/sb/0x131cf0d3b3cc6763417bffb2dfdc119fdebca002.sol:539:5: Warning: Function state mutability can be restricted to pure
    function parseAddr(string _a) internal returns (address){
    ^ (Relevant source part starts here and spans across multiple lines).
/sb/0x131cf0d3b3cc6763417bffb2dfdc119fdebca002.sol:559:5: Warning: Function state mutability can be restricted to pure
    function strCompare(string _a, string _b) internal returns (int) {
    ^ (Relevant source part starts here and spans across multiple lines).
/sb/0x131cf0d3b3cc6763417bffb2dfdc119fdebca002.sol:577:5: Warning: Function state mutability can be restricted to pure
    function indexOf(string _haystack, string _needle) internal returns (int) {
    ^ (Relevant source part starts here and spans across multiple lines).
/sb/0x131cf0d3b3cc6763417bffb2dfdc119fdebca002.sol:604:5: Warning: Function state mutability can be restricted to pure
    function strConcat(string _a, string _b, string _c, string _d, string _e) internal returns (string) {
    ^ (Relevant source part starts here and spans across multiple lines).
/sb/0x131cf0d3b3cc6763417bffb2dfdc119fdebca002.sol:639:5: Warning: Function state mutability can be restricted to pure
    function parseInt(string _a, uint _b) internal returns (uint) {
    ^ (Relevant source part starts here and spans across multiple lines).
/sb/0x131cf0d3b3cc6763417bffb2dfdc119fdebca002.sol:657:5: Warning: Function state mutability can be restricted to pure
    function uint2str(uint i) internal returns (string){
    ^ (Relevant source part starts here and spans across multiple lines).
/sb/0x131cf0d3b3cc6763417bffb2dfdc119fdebca002.sol:674:5: Warning: Function state mutability can be restricted to pure
    function stra2cbor(string[] arr) internal returns (bytes) {
    ^ (Relevant source part starts here and spans across multiple lines).
/sb/0x131cf0d3b3cc6763417bffb2dfdc119fdebca002.sol:716:5: Warning: Function state mutability can be restricted to pure
    function ba2cbor(bytes[] arr) internal returns (bytes) {
    ^ (Relevant source part starts here and spans across multiple lines).
/sb/0x131cf0d3b3cc6763417bffb2dfdc119fdebca002.sol:764:5: Warning: Function state mutability can be restricted to view
    function oraclize_getNetworkName() internal returns (string) {
    ^ (Relevant source part starts here and spans across multiple lines).
/sb/0x131cf0d3b3cc6763417bffb2dfdc119fdebca002.sol:867:5: Warning: Function state mutability can be restricted to pure
    function matchBytes32Prefix(bytes32 content, bytes prefix) internal returns (bool){
    ^ (Relevant source part starts here and spans across multiple lines).
/sb/0x131cf0d3b3cc6763417bffb2dfdc119fdebca002.sol:928:5: Warning: Function state mutability can be restricted to pure
    function copyBytes(bytes from, uint fromOffset, uint length, bytes to, uint toOffset) internal returns (bytes) {
    ^ (Relevant source part starts here and spans across multiple lines).


usingOraclize.getCodeSize(address) (../sb/0x131cf0d3b3cc6763417bffb2dfdc119fdebca002.sol#533-537) is declared view but contains assembly code
Reference: https://github.com/crytic/slither/wiki/Detector-Documentation#constant-functions-using-assembly-code

Reentrancy in usingOraclize.oraclize_newRandomDSQuery(uint256,uint256,uint256) (../sb/0x131cf0d3b3cc6763417bffb2dfdc119fdebca002.sol#768-785):
	External calls:
	- sessionKeyHash_bytes32 = oraclize_randomDS_getSessionPubKeyHash() (../sb/0x131cf0d3b3cc6763417bffb2dfdc119fdebca002.sol#774)
		- oraclize.randomDS_getSessionPubKeyHash() (../sb/0x131cf0d3b3cc6763417bffb2dfdc119fdebca002.sol#530)
		- oraclize = OraclizeI(OAR.getAddress()) (../sb/0x131cf0d3b3cc6763417bffb2dfdc119fdebca002.sol#80)
	- queryId = oraclize_query(_delay,random,args,_customGasLimit) (../sb/0x131cf0d3b3cc6763417bffb2dfdc119fdebca002.sol#782)
		- price = oraclize.getPrice(datasource,gaslimit) (../sb/0x131cf0d3b3cc6763417bffb2dfdc119fdebca002.sol#362)
		- oraclize = OraclizeI(OAR.getAddress()) (../sb/0x131cf0d3b3cc6763417bffb2dfdc119fdebca002.sol#80)
		- oraclize.queryN_withGasLimit.value(price)(timestamp,datasource,args,gaslimit) (../sb/0x131cf0d3b3cc6763417bffb2dfdc119fdebca002.sol#365)
	External calls sending eth:
	- queryId = oraclize_query(_delay,random,args,_customGasLimit) (../sb/0x131cf0d3b3cc6763417bffb2dfdc119fdebca002.sol#782)
		- oraclize.queryN_withGasLimit.value(price)(timestamp,datasource,args,gaslimit) (../sb/0x131cf0d3b3cc6763417bffb2dfdc119fdebca002.sol#365)
	State variables written after the call(s):
	- queryId = oraclize_query(_delay,random,args,_customGasLimit) (../sb/0x131cf0d3b3cc6763417bffb2dfdc119fdebca002.sol#782)
		- oraclize_network_name = _network_name (../sb/0x131cf0d3b3cc6763417bffb2dfdc119fdebca002.sol#761)
	- oraclize_randomDS_setCommitment(queryId,sha3()(bytes8(_delay),args[1],sha256()(args[0]),args[2])) (../sb/0x131cf0d3b3cc6763417bffb2dfdc119fdebca002.sol#783)
		- oraclize_randomDS_args[queryId] = commitment (../sb/0x131cf0d3b3cc6763417bffb2dfdc119fdebca002.sol#788)
Reentrancy in usingOraclize.oraclize_query(string,string[1]) (../sb/0x131cf0d3b3cc6763417bffb2dfdc119fdebca002.sol#207-211):
	External calls:
	- oraclize_query(datasource,dynargs) (../sb/0x131cf0d3b3cc6763417bffb2dfdc119fdebca002.sol#210)
		- price = oraclize.getPrice(datasource) (../sb/0x131cf0d3b3cc6763417bffb2dfdc119fdebca002.sol#184)
		- oraclize = OraclizeI(OAR.getAddress()) (../sb/0x131cf0d3b3cc6763417bffb2dfdc119fdebca002.sol#80)
		- oraclize.queryN.value(price)(0,datasource,args) (../sb/0x131cf0d3b3cc6763417bffb2dfdc119fdebca002.sol#187)
	- oraclizeAPI() (../sb/0x131cf0d3b3cc6763417bffb2dfdc119fdebca002.sol#207)
		- oraclize = OraclizeI(OAR.getAddress()) (../sb/0x131cf0d3b3cc6763417bffb2dfdc119fdebca002.sol#80)
	External calls sending eth:
	- oraclize_query(datasource,dynargs) (../sb/0x131cf0d3b3cc6763417bffb2dfdc119fdebca002.sol#210)
		- oraclize.queryN.value(price)(0,datasource,args) (../sb/0x131cf0d3b3cc6763417bffb2dfdc119fdebca002.sol#187)
	State variables written after the call(s):
	- oraclize_query(datasource,dynargs) (../sb/0x131cf0d3b3cc6763417bffb2dfdc119fdebca002.sol#210)
		- oraclize_network_name = _network_name (../sb/0x131cf0d3b3cc6763417bffb2dfdc119fdebca002.sol#761)
Reentrancy in usingOraclize.oraclize_query(uint256,string,string[1]) (../sb/0x131cf0d3b3cc6763417bffb2dfdc119fdebca002.sol#212-216):
	External calls:
	- oraclize_query(timestamp,datasource,dynargs) (../sb/0x131cf0d3b3cc6763417bffb2dfdc119fdebca002.sol#215)
		- price = oraclize.getPrice(datasource) (../sb/0x131cf0d3b3cc6763417bffb2dfdc119fdebca002.sol#190)
		- oraclize = OraclizeI(OAR.getAddress()) (../sb/0x131cf0d3b3cc6763417bffb2dfdc119fdebca002.sol#80)
		- oraclize.queryN.value(price)(timestamp,datasource,args) (../sb/0x131cf0d3b3cc6763417bffb2dfdc119fdebca002.sol#193)
	- oraclizeAPI() (../sb/0x131cf0d3b3cc6763417bffb2dfdc119fdebca002.sol#212)
		- oraclize = OraclizeI(OAR.getAddress()) (../sb/0x131cf0d3b3cc6763417bffb2dfdc119fdebca002.sol#80)
	External calls sending eth:
	- oraclize_query(timestamp,datasource,dynargs) (../sb/0x131cf0d3b3cc6763417bffb2dfdc119fdebca002.sol#215)
		- oraclize.queryN.value(price)(timestamp,datasource,args) (../sb/0x131cf0d3b3cc6763417bffb2dfdc119fdebca002.sol#193)
	State variables written after the call(s):
	- oraclize_query(timestamp,datasource,dynargs) (../sb/0x131cf0d3b3cc6763417bffb2dfdc119fdebca002.sol#215)
		- oraclize_network_name = _network_name (../sb/0x131cf0d3b3cc6763417bffb2dfdc119fdebca002.sol#761)
Reentrancy in usingOraclize.oraclize_query(uint256,string,string[1],uint256) (../sb/0x131cf0d3b3cc6763417bffb2dfdc119fdebca002.sol#217-221):
	External calls:
	- oraclize_query(timestamp,datasource,dynargs,gaslimit) (../sb/0x131cf0d3b3cc6763417bffb2dfdc119fdebca002.sol#220)
		- price = oraclize.getPrice(datasource,gaslimit) (../sb/0x131cf0d3b3cc6763417bffb2dfdc119fdebca002.sol#196)
		- oraclize = OraclizeI(OAR.getAddress()) (../sb/0x131cf0d3b3cc6763417bffb2dfdc119fdebca002.sol#80)
		- oraclize.queryN_withGasLimit.value(price)(timestamp,datasource,args,gaslimit) (../sb/0x131cf0d3b3cc6763417bffb2dfdc119fdebca002.sol#199)
	- oraclizeAPI() (../sb/0x131cf0d3b3cc6763417bffb2dfdc119fdebca002.sol#217)
		- oraclize = OraclizeI(OAR.getAddress()) (../sb/0x131cf0d3b3cc6763417bffb2dfdc119fdebca002.sol#80)
	External calls sending eth:
	- oraclize_query(timestamp,datasource,dynargs,gaslimit) (../sb/0x131cf0d3b3cc6763417bffb2dfdc119fdebca002.sol#220)
		- oraclize.queryN_withGasLimit.value(price)(timestamp,datasource,args,gaslimit) (../sb/0x131cf0d3b3cc6763417bffb2dfdc119fdebca002.sol#199)
	State variables written after the call(s):
	- oraclize_query(timestamp,datasource,dynargs,gaslimit) (../sb/0x131cf0d3b3cc6763417bffb2dfdc119fdebca002.sol#220)
		- oraclize_network_name = _network_name (../sb/0x131cf0d3b3cc6763417bffb2dfdc119fdebca002.sol#761)
Reentrancy in usingOraclize.oraclize_query(string,string[1],uint256) (../sb/0x131cf0d3b3cc6763417bffb2dfdc119fdebca002.sol#222-226):
	External calls:
	- oraclize_query(datasource,dynargs,gaslimit) (../sb/0x131cf0d3b3cc6763417bffb2dfdc119fdebca002.sol#225)
		- price = oraclize.getPrice(datasource,gaslimit) (../sb/0x131cf0d3b3cc6763417bffb2dfdc119fdebca002.sol#202)
		- oraclize = OraclizeI(OAR.getAddress()) (../sb/0x131cf0d3b3cc6763417bffb2dfdc119fdebca002.sol#80)
		- oraclize.queryN_withGasLimit.value(price)(0,datasource,args,gaslimit) (../sb/0x131cf0d3b3cc6763417bffb2dfdc119fdebca002.sol#205)
	- oraclizeAPI() (../sb/0x131cf0d3b3cc6763417bffb2dfdc119fdebca002.sol#222)
		- oraclize = OraclizeI(OAR.getAddress()) (../sb/0x131cf0d3b3cc6763417bffb2dfdc119fdebca002.sol#80)
	External calls sending eth:
	- oraclize_query(datasource,dynargs,gaslimit) (../sb/0x131cf0d3b3cc6763417bffb2dfdc119fdebca002.sol#225)
		- oraclize.queryN_withGasLimit.value(price)(0,datasource,args,gaslimit) (../sb/0x131cf0d3b3cc6763417bffb2dfdc119fdebca002.sol#205)
	State variables written after the call(s):
	- oraclize_query(datasource,dynargs,gaslimit) (../sb/0x131cf0d3b3cc6763417bffb2dfdc119fdebca002.sol#225)
		- oraclize_network_name = _network_name (../sb/0x131cf0d3b3cc6763417bffb2dfdc119fdebca002.sol#761)
Reentrancy in usingOraclize.oraclize_query(string,string[2]) (../sb/0x131cf0d3b3cc6763417bffb2dfdc119fdebca002.sol#228-233):
	External calls:
	- oraclize_query(datasource,dynargs) (../sb/0x131cf0d3b3cc6763417bffb2dfdc119fdebca002.sol#232)
		- price = oraclize.getPrice(datasource) (../sb/0x131cf0d3b3cc6763417bffb2dfdc119fdebca002.sol#184)
		- oraclize = OraclizeI(OAR.getAddress()) (../sb/0x131cf0d3b3cc6763417bffb2dfdc119fdebca002.sol#80)
		- oraclize.queryN.value(price)(0,datasource,args) (../sb/0x131cf0d3b3cc6763417bffb2dfdc119fdebca002.sol#187)
	- oraclizeAPI() (../sb/0x131cf0d3b3cc6763417bffb2dfdc119fdebca002.sol#228)
		- oraclize = OraclizeI(OAR.getAddress()) (../sb/0x131cf0d3b3cc6763417bffb2dfdc119fdebca002.sol#80)
	External calls sending eth:
	- oraclize_query(datasource,dynargs) (../sb/0x131cf0d3b3cc6763417bffb2dfdc119fdebca002.sol#232)
		- oraclize.queryN.value(price)(0,datasource,args) (../sb/0x131cf0d3b3cc6763417bffb2dfdc119fdebca002.sol#187)
	State variables written after the call(s):
	- oraclize_query(datasource,dynargs) (../sb/0x131cf0d3b3cc6763417bffb2dfdc119fdebca002.sol#232)
		- oraclize_network_name = _network_name (../sb/0x131cf0d3b3cc6763417bffb2dfdc119fdebca002.sol#761)
Reentrancy in usingOraclize.oraclize_query(uint256,string,string[2]) (../sb/0x131cf0d3b3cc6763417bffb2dfdc119fdebca002.sol#234-239):
	External calls:
	- oraclize_query(timestamp,datasource,dynargs) (../sb/0x131cf0d3b3cc6763417bffb2dfdc119fdebca002.sol#238)
		- price = oraclize.getPrice(datasource) (../sb/0x131cf0d3b3cc6763417bffb2dfdc119fdebca002.sol#190)
		- oraclize = OraclizeI(OAR.getAddress()) (../sb/0x131cf0d3b3cc6763417bffb2dfdc119fdebca002.sol#80)
		- oraclize.queryN.value(price)(timestamp,datasource,args) (../sb/0x131cf0d3b3cc6763417bffb2dfdc119fdebca002.sol#193)
	- oraclizeAPI() (../sb/0x131cf0d3b3cc6763417bffb2dfdc119fdebca002.sol#234)
		- oraclize = OraclizeI(OAR.getAddress()) (../sb/0x131cf0d3b3cc6763417bffb2dfdc119fdebca002.sol#80)
	External calls sending eth:
	- oraclize_query(timestamp,datasource,dynargs) (../sb/0x131cf0d3b3cc6763417bffb2dfdc119fdebca002.sol#238)
		- oraclize.queryN.value(price)(timestamp,datasource,args) (../sb/0x131cf0d3b3cc6763417bffb2dfdc119fdebca002.sol#193)
	State variables written after the call(s):
	- oraclize_query(timestamp,datasource,dynargs) (../sb/0x131cf0d3b3cc6763417bffb2dfdc119fdebca002.sol#238)
		- oraclize_network_name = _network_name (../sb/0x131cf0d3b3cc6763417bffb2dfdc119fdebca002.sol#761)
Reentrancy in usingOraclize.oraclize_query(uint256,string,string[2],uint256) (../sb/0x131cf0d3b3cc6763417bffb2dfdc119fdebca002.sol#240-245):
	External calls:
	- oraclize_query(timestamp,datasource,dynargs,gaslimit) (../sb/0x131cf0d3b3cc6763417bffb2dfdc119fdebca002.sol#244)
		- price = oraclize.getPrice(datasource,gaslimit) (../sb/0x131cf0d3b3cc6763417bffb2dfdc119fdebca002.sol#196)
		- oraclize = OraclizeI(OAR.getAddress()) (../sb/0x131cf0d3b3cc6763417bffb2dfdc119fdebca002.sol#80)
		- oraclize.queryN_withGasLimit.value(price)(timestamp,datasource,args,gaslimit) (../sb/0x131cf0d3b3cc6763417bffb2dfdc119fdebca002.sol#199)
	- oraclizeAPI() (../sb/0x131cf0d3b3cc6763417bffb2dfdc119fdebca002.sol#240)
		- oraclize = OraclizeI(OAR.getAddress()) (../sb/0x131cf0d3b3cc6763417bffb2dfdc119fdebca002.sol#80)
	External calls sending eth:
	- oraclize_query(timestamp,datasource,dynargs,gaslimit) (../sb/0x131cf0d3b3cc6763417bffb2dfdc119fdebca002.sol#244)
		- oraclize.queryN_withGasLimit.value(price)(timestamp,datasource,args,gaslimit) (../sb/0x131cf0d3b3cc6763417bffb2dfdc119fdebca002.sol#199)
	State variables written after the call(s):
	- oraclize_query(timestamp,datasource,dynargs,gaslimit) (../sb/0x131cf0d3b3cc6763417bffb2dfdc119fdebca002.sol#244)
		- oraclize_network_name = _network_name (../sb/0x131cf0d3b3cc6763417bffb2dfdc119fdebca002.sol#761)
Reentrancy in usingOraclize.oraclize_query(string,string[2],uint256) (../sb/0x131cf0d3b3cc6763417bffb2dfdc119fdebca002.sol#246-251):
	External calls:
	- oraclize_query(datasource,dynargs,gaslimit) (../sb/0x131cf0d3b3cc6763417bffb2dfdc119fdebca002.sol#250)
		- price = oraclize.getPrice(datasource,gaslimit) (../sb/0x131cf0d3b3cc6763417bffb2dfdc119fdebca002.sol#202)
		- oraclize = OraclizeI(OAR.getAddress()) (../sb/0x131cf0d3b3cc6763417bffb2dfdc119fdebca002.sol#80)
		- oraclize.queryN_withGasLimit.value(price)(0,datasource,args,gaslimit) (../sb/0x131cf0d3b3cc6763417bffb2dfdc119fdebca002.sol#205)
	- oraclizeAPI() (../sb/0x131cf0d3b3cc6763417bffb2dfdc119fdebca002.sol#246)
		- oraclize = OraclizeI(OAR.getAddress()) (../sb/0x131cf0d3b3cc6763417bffb2dfdc119fdebca002.sol#80)
	External calls sending eth:
	- oraclize_query(datasource,dynargs,gaslimit) (../sb/0x131cf0d3b3cc6763417bffb2dfdc119fdebca002.sol#250)
		- oraclize.queryN_withGasLimit.value(price)(0,datasource,args,gaslimit) (../sb/0x131cf0d3b3cc6763417bffb2dfdc119fdebca002.sol#205)
	State variables written after the call(s):
	- oraclize_query(datasource,dynargs,gaslimit) (../sb/0x131cf0d3b3cc6763417bffb2dfdc119fdebca002.sol#250)
		- oraclize_network_name = _network_name (../sb/0x131cf0d3b3cc6763417bffb2dfdc119fdebca002.sol#761)
Reentrancy in usingOraclize.oraclize_query(string,string[3]) (../sb/0x131cf0d3b3cc6763417bffb2dfdc119fdebca002.sol#252-258):
	External calls:
	- oraclize_query(datasource,dynargs) (../sb/0x131cf0d3b3cc6763417bffb2dfdc119fdebca002.sol#257)
		- price = oraclize.getPrice(datasource) (../sb/0x131cf0d3b3cc6763417bffb2dfdc119fdebca002.sol#184)
		- oraclize = OraclizeI(OAR.getAddress()) (../sb/0x131cf0d3b3cc6763417bffb2dfdc119fdebca002.sol#80)
		- oraclize.queryN.value(price)(0,datasource,args) (../sb/0x131cf0d3b3cc6763417bffb2dfdc119fdebca002.sol#187)
	- oraclizeAPI() (../sb/0x131cf0d3b3cc6763417bffb2dfdc119fdebca002.sol#252)
		- oraclize = OraclizeI(OAR.getAddress()) (../sb/0x131cf0d3b3cc6763417bffb2dfdc119fdebca002.sol#80)
	External calls sending eth:
	- oraclize_query(datasource,dynargs) (../sb/0x131cf0d3b3cc6763417bffb2dfdc119fdebca002.sol#257)
		- oraclize.queryN.value(price)(0,datasource,args) (../sb/0x131cf0d3b3cc6763417bffb2dfdc119fdebca002.sol#187)
	State variables written after the call(s):
	- oraclize_query(datasource,dynargs) (../sb/0x131cf0d3b3cc6763417bffb2dfdc119fdebca002.sol#257)
		- oraclize_network_name = _network_name (../sb/0x131cf0d3b3cc6763417bffb2dfdc119fdebca002.sol#761)
Reentrancy in usingOraclize.oraclize_query(uint256,string,string[3]) (../sb/0x131cf0d3b3cc6763417bffb2dfdc119fdebca002.sol#259-265):
	External calls:
	- oraclize_query(timestamp,datasource,dynargs) (../sb/0x131cf0d3b3cc6763417bffb2dfdc119fdebca002.sol#264)
		- price = oraclize.getPrice(datasource) (../sb/0x131cf0d3b3cc6763417bffb2dfdc119fdebca002.sol#190)
		- oraclize = OraclizeI(OAR.getAddress()) (../sb/0x131cf0d3b3cc6763417bffb2dfdc119fdebca002.sol#80)
		- oraclize.queryN.value(price)(timestamp,datasource,args) (../sb/0x131cf0d3b3cc6763417bffb2dfdc119fdebca002.sol#193)
	- oraclizeAPI() (../sb/0x131cf0d3b3cc6763417bffb2dfdc119fdebca002.sol#259)
		- oraclize = OraclizeI(OAR.getAddress()) (../sb/0x131cf0d3b3cc6763417bffb2dfdc119fdebca002.sol#80)
	External calls sending eth:
	- oraclize_query(timestamp,datasource,dynargs) (../sb/0x131cf0d3b3cc6763417bffb2dfdc119fdebca002.sol#264)
		- oraclize.queryN.value(price)(timestamp,datasource,args) (../sb/0x131cf0d3b3cc6763417bffb2dfdc119fdebca002.sol#193)
	State variables written after the call(s):
	- oraclize_query(timestamp,datasource,dynargs) (../sb/0x131cf0d3b3cc6763417bffb2dfdc119fdebca002.sol#264)
		- oraclize_network_name = _network_name (../sb/0x131cf0d3b3cc6763417bffb2dfdc119fdebca002.sol#761)
Reentrancy in usingOraclize.oraclize_query(uint256,string,string[3],uint256) (../sb/0x131cf0d3b3cc6763417bffb2dfdc119fdebca002.sol#266-272):
	External calls:
	- oraclize_query(timestamp,datasource,dynargs,gaslimit) (../sb/0x131cf0d3b3cc6763417bffb2dfdc119fdebca002.sol#271)
		- price = oraclize.getPrice(datasource,gaslimit) (../sb/0x131cf0d3b3cc6763417bffb2dfdc119fdebca002.sol#196)
		- oraclize = OraclizeI(OAR.getAddress()) (../sb/0x131cf0d3b3cc6763417bffb2dfdc119fdebca002.sol#80)
		- oraclize.queryN_withGasLimit.value(price)(timestamp,datasource,args,gaslimit) (../sb/0x131cf0d3b3cc6763417bffb2dfdc119fdebca002.sol#199)
	- oraclizeAPI() (../sb/0x131cf0d3b3cc6763417bffb2dfdc119fdebca002.sol#266)
		- oraclize = OraclizeI(OAR.getAddress()) (../sb/0x131cf0d3b3cc6763417bffb2dfdc119fdebca002.sol#80)
	External calls sending eth:
	- oraclize_query(timestamp,datasource,dynargs,gaslimit) (../sb/0x131cf0d3b3cc6763417bffb2dfdc119fdebca002.sol#271)
		- oraclize.queryN_withGasLimit.value(price)(timestamp,datasource,args,gaslimit) (../sb/0x131cf0d3b3cc6763417bffb2dfdc119fdebca002.sol#199)
	State variables written after the call(s):
	- oraclize_query(timestamp,datasource,dynargs,gaslimit) (../sb/0x131cf0d3b3cc6763417bffb2dfdc119fdebca002.sol#271)
		- oraclize_network_name = _network_name (../sb/0x131cf0d3b3cc6763417bffb2dfdc119fdebca002.sol#761)
Reentrancy in usingOraclize.oraclize_query(string,string[3],uint256) (../sb/0x131cf0d3b3cc6763417bffb2dfdc119fdebca002.sol#273-279):
	External calls:
	- oraclize_query(datasource,dynargs,gaslimit) (../sb/0x131cf0d3b3cc6763417bffb2dfdc119fdebca002.sol#278)
		- price = oraclize.getPrice(datasource,gaslimit) (../sb/0x131cf0d3b3cc6763417bffb2dfdc119fdebca002.sol#202)
		- oraclize = OraclizeI(OAR.getAddress()) (../sb/0x131cf0d3b3cc6763417bffb2dfdc119fdebca002.sol#80)
		- oraclize.queryN_withGasLimit.value(price)(0,datasource,args,gaslimit) (../sb/0x131cf0d3b3cc6763417bffb2dfdc119fdebca002.sol#205)
	- oraclizeAPI() (../sb/0x131cf0d3b3cc6763417bffb2dfdc119fdebca002.sol#273)
		- oraclize = OraclizeI(OAR.getAddress()) (../sb/0x131cf0d3b3cc6763417bffb2dfdc119fdebca002.sol#80)
	External calls sending eth:
	- oraclize_query(datasource,dynargs,gaslimit) (../sb/0x131cf0d3b3cc6763417bffb2dfdc119fdebca002.sol#278)
		- oraclize.queryN_withGasLimit.value(price)(0,datasource,args,gaslimit) (../sb/0x131cf0d3b3cc6763417bffb2dfdc119fdebca002.sol#205)
	State variables written after the call(s):
	- oraclize_query(datasource,dynargs,gaslimit) (../sb/0x131cf0d3b3cc6763417bffb2dfdc119fdebca002.sol#278)
		- oraclize_network_name = _network_name (../sb/0x131cf0d3b3cc6763417bffb2dfdc119fdebca002.sol#761)
Reentrancy in usingOraclize.oraclize_query(string,string[4]) (../sb/0x131cf0d3b3cc6763417bffb2dfdc119fdebca002.sol#281-288):
	External calls:
	- oraclize_query(datasource,dynargs) (../sb/0x131cf0d3b3cc6763417bffb2dfdc119fdebca002.sol#287)
		- price = oraclize.getPrice(datasource) (../sb/0x131cf0d3b3cc6763417bffb2dfdc119fdebca002.sol#184)
		- oraclize = OraclizeI(OAR.getAddress()) (../sb/0x131cf0d3b3cc6763417bffb2dfdc119fdebca002.sol#80)
		- oraclize.queryN.value(price)(0,datasource,args) (../sb/0x131cf0d3b3cc6763417bffb2dfdc119fdebca002.sol#187)
	- oraclizeAPI() (../sb/0x131cf0d3b3cc6763417bffb2dfdc119fdebca002.sol#281)
		- oraclize = OraclizeI(OAR.getAddress()) (../sb/0x131cf0d3b3cc6763417bffb2dfdc119fdebca002.sol#80)
	External calls sending eth:
	- oraclize_query(datasource,dynargs) (../sb/0x131cf0d3b3cc6763417bffb2dfdc119fdebca002.sol#287)
		- oraclize.queryN.value(price)(0,datasource,args) (../sb/0x131cf0d3b3cc6763417bffb2dfdc119fdebca002.sol#187)
	State variables written after the call(s):
	- oraclize_query(datasource,dynargs) (../sb/0x131cf0d3b3cc6763417bffb2dfdc119fdebca002.sol#287)
		- oraclize_network_name = _network_name (../sb/0x131cf0d3b3cc6763417bffb2dfdc119fdebca002.sol#761)
Reentrancy in usingOraclize.oraclize_query(uint256,string,string[4]) (../sb/0x131cf0d3b3cc6763417bffb2dfdc119fdebca002.sol#289-296):
	External calls:
	- oraclize_query(timestamp,datasource,dynargs) (../sb/0x131cf0d3b3cc6763417bffb2dfdc119fdebca002.sol#295)
		- price = oraclize.getPrice(datasource) (../sb/0x131cf0d3b3cc6763417bffb2dfdc119fdebca002.sol#190)
		- oraclize = OraclizeI(OAR.getAddress()) (../sb/0x131cf0d3b3cc6763417bffb2dfdc119fdebca002.sol#80)
		- oraclize.queryN.value(price)(timestamp,datasource,args) (../sb/0x131cf0d3b3cc6763417bffb2dfdc119fdebca002.sol#193)
	- oraclizeAPI() (../sb/0x131cf0d3b3cc6763417bffb2dfdc119fdebca002.sol#289)
		- oraclize = OraclizeI(OAR.getAddress()) (../sb/0x131cf0d3b3cc6763417bffb2dfdc119fdebca002.sol#80)
	External calls sending eth:
	- oraclize_query(timestamp,datasource,dynargs) (../sb/0x131cf0d3b3cc6763417bffb2dfdc119fdebca002.sol#295)
		- oraclize.queryN.value(price)(timestamp,datasource,args) (../sb/0x131cf0d3b3cc6763417bffb2dfdc119fdebca002.sol#193)
	State variables written after the call(s):
	- oraclize_query(timestamp,datasource,dynargs) (../sb/0x131cf0d3b3cc6763417bffb2dfdc119fdebca002.sol#295)
		- oraclize_network_name = _network_name (../sb/0x131cf0d3b3cc6763417bffb2dfdc119fdebca002.sol#761)
Reentrancy in usingOraclize.oraclize_query(uint256,string,string[4],uint256) (../sb/0x131cf0d3b3cc6763417bffb2dfdc119fdebca002.sol#297-304):
	External calls:
	- oraclize_query(timestamp,datasource,dynargs,gaslimit) (../sb/0x131cf0d3b3cc6763417bffb2dfdc119fdebca002.sol#303)
		- price = oraclize.getPrice(datasource,gaslimit) (../sb/0x131cf0d3b3cc6763417bffb2dfdc119fdebca002.sol#196)
		- oraclize = OraclizeI(OAR.getAddress()) (../sb/0x131cf0d3b3cc6763417bffb2dfdc119fdebca002.sol#80)
		- oraclize.queryN_withGasLimit.value(price)(timestamp,datasource,args,gaslimit) (../sb/0x131cf0d3b3cc6763417bffb2dfdc119fdebca002.sol#199)
	- oraclizeAPI() (../sb/0x131cf0d3b3cc6763417bffb2dfdc119fdebca002.sol#297)
		- oraclize = OraclizeI(OAR.getAddress()) (../sb/0x131cf0d3b3cc6763417bffb2dfdc119fdebca002.sol#80)
	External calls sending eth:
	- oraclize_query(timestamp,datasource,dynargs,gaslimit) (../sb/0x131cf0d3b3cc6763417bffb2dfdc119fdebca002.sol#303)
		- oraclize.queryN_withGasLimit.value(price)(timestamp,datasource,args,gaslimit) (../sb/0x131cf0d3b3cc6763417bffb2dfdc119fdebca002.sol#199)
	State variables written after the call(s):
	- oraclize_query(timestamp,datasource,dynargs,gaslimit) (../sb/0x131cf0d3b3cc6763417bffb2dfdc119fdebca002.sol#303)
		- oraclize_network_name = _network_name (../sb/0x131cf0d3b3cc6763417bffb2dfdc119fdebca002.sol#761)
Reentrancy in usingOraclize.oraclize_query(string,string[4],uint256) (../sb/0x131cf0d3b3cc6763417bffb2dfdc119fdebca002.sol#305-312):
	External calls:
	- oraclize_query(datasource,dynargs,gaslimit) (../sb/0x131cf0d3b3cc6763417bffb2dfdc119fdebca002.sol#311)
		- price = oraclize.getPrice(datasource,gaslimit) (../sb/0x131cf0d3b3cc6763417bffb2dfdc119fdebca002.sol#202)
		- oraclize = OraclizeI(OAR.getAddress()) (../sb/0x131cf0d3b3cc6763417bffb2dfdc119fdebca002.sol#80)
		- oraclize.queryN_withGasLimit.value(price)(0,datasource,args,gaslimit) (../sb/0x131cf0d3b3cc6763417bffb2dfdc119fdebca002.sol#205)
	- oraclizeAPI() (../sb/0x131cf0d3b3cc6763417bffb2dfdc119fdebca002.sol#305)
		- oraclize = OraclizeI(OAR.getAddress()) (../sb/0x131cf0d3b3cc6763417bffb2dfdc119fdebca002.sol#80)
	External calls sending eth:
	- oraclize_query(datasource,dynargs,gaslimit) (../sb/0x131cf0d3b3cc6763417bffb2dfdc119fdebca002.sol#311)
		- oraclize.queryN_withGasLimit.value(price)(0,datasource,args,gaslimit) (../sb/0x131cf0d3b3cc6763417bffb2dfdc119fdebca002.sol#205)
	State variables written after the call(s):
	- oraclize_query(datasource,dynargs,gaslimit) (../sb/0x131cf0d3b3cc6763417bffb2dfdc119fdebca002.sol#311)
		- oraclize_network_name = _network_name (../sb/0x131cf0d3b3cc6763417bffb2dfdc119fdebca002.sol#761)
Reentrancy in usingOraclize.oraclize_query(string,string[5]) (../sb/0x131cf0d3b3cc6763417bffb2dfdc119fdebca002.sol#313-321):
	External calls:
	- oraclize_query(datasource,dynargs) (../sb/0x131cf0d3b3cc6763417bffb2dfdc119fdebca002.sol#320)
		- price = oraclize.getPrice(datasource) (../sb/0x131cf0d3b3cc6763417bffb2dfdc119fdebca002.sol#184)
		- oraclize = OraclizeI(OAR.getAddress()) (../sb/0x131cf0d3b3cc6763417bffb2dfdc119fdebca002.sol#80)
		- oraclize.queryN.value(price)(0,datasource,args) (../sb/0x131cf0d3b3cc6763417bffb2dfdc119fdebca002.sol#187)
	- oraclizeAPI() (../sb/0x131cf0d3b3cc6763417bffb2dfdc119fdebca002.sol#313)
		- oraclize = OraclizeI(OAR.getAddress()) (../sb/0x131cf0d3b3cc6763417bffb2dfdc119fdebca002.sol#80)
	External calls sending eth:
	- oraclize_query(datasource,dynargs) (../sb/0x131cf0d3b3cc6763417bffb2dfdc119fdebca002.sol#320)
		- oraclize.queryN.value(price)(0,datasource,args) (../sb/0x131cf0d3b3cc6763417bffb2dfdc119fdebca002.sol#187)
	State variables written after the call(s):
	- oraclize_query(datasource,dynargs) (../sb/0x131cf0d3b3cc6763417bffb2dfdc119fdebca002.sol#320)
		- oraclize_network_name = _network_name (../sb/0x131cf0d3b3cc6763417bffb2dfdc119fdebca002.sol#761)
Reentrancy in usingOraclize.oraclize_query(uint256,string,string[5]) (../sb/0x131cf0d3b3cc6763417bffb2dfdc119fdebca002.sol#322-330):
	External calls:
	- oraclize_query(timestamp,datasource,dynargs) (../sb/0x131cf0d3b3cc6763417bffb2dfdc119fdebca002.sol#329)
		- price = oraclize.getPrice(datasource) (../sb/0x131cf0d3b3cc6763417bffb2dfdc119fdebca002.sol#190)
		- oraclize = OraclizeI(OAR.getAddress()) (../sb/0x131cf0d3b3cc6763417bffb2dfdc119fdebca002.sol#80)
		- oraclize.queryN.value(price)(timestamp,datasource,args) (../sb/0x131cf0d3b3cc6763417bffb2dfdc119fdebca002.sol#193)
	- oraclizeAPI() (../sb/0x131cf0d3b3cc6763417bffb2dfdc119fdebca002.sol#322)
		- oraclize = OraclizeI(OAR.getAddress()) (../sb/0x131cf0d3b3cc6763417bffb2dfdc119fdebca002.sol#80)
	External calls sending eth:
	- oraclize_query(timestamp,datasource,dynargs) (../sb/0x131cf0d3b3cc6763417bffb2dfdc119fdebca002.sol#329)
		- oraclize.queryN.value(price)(timestamp,datasource,args) (../sb/0x131cf0d3b3cc6763417bffb2dfdc119fdebca002.sol#193)
	State variables written after the call(s):
	- oraclize_query(timestamp,datasource,dynargs) (../sb/0x131cf0d3b3cc6763417bffb2dfdc119fdebca002.sol#329)
		- oraclize_network_name = _network_name (../sb/0x131cf0d3b3cc6763417bffb2dfdc119fdebca002.sol#761)
Reentrancy in usingOraclize.oraclize_query(uint256,string,string[5],uint256) (../sb/0x131cf0d3b3cc6763417bffb2dfdc119fdebca002.sol#331-339):
	External calls:
	- oraclize_query(timestamp,datasource,dynargs,gaslimit) (../sb/0x131cf0d3b3cc6763417bffb2dfdc119fdebca002.sol#338)
		- price = oraclize.getPrice(datasource,gaslimit) (../sb/0x131cf0d3b3cc6763417bffb2dfdc119fdebca002.sol#196)
		- oraclize = OraclizeI(OAR.getAddress()) (../sb/0x131cf0d3b3cc6763417bffb2dfdc119fdebca002.sol#80)
		- oraclize.queryN_withGasLimit.value(price)(timestamp,datasource,args,gaslimit) (../sb/0x131cf0d3b3cc6763417bffb2dfdc119fdebca002.sol#199)
	- oraclizeAPI() (../sb/0x131cf0d3b3cc6763417bffb2dfdc119fdebca002.sol#331)
		- oraclize = OraclizeI(OAR.getAddress()) (../sb/0x131cf0d3b3cc6763417bffb2dfdc119fdebca002.sol#80)
	External calls sending eth:
	- oraclize_query(timestamp,datasource,dynargs,gaslimit) (../sb/0x131cf0d3b3cc6763417bffb2dfdc119fdebca002.sol#338)
		- oraclize.queryN_withGasLimit.value(price)(timestamp,datasource,args,gaslimit) (../sb/0x131cf0d3b3cc6763417bffb2dfdc119fdebca002.sol#199)
	State variables written after the call(s):
	- oraclize_query(timestamp,datasource,dynargs,gaslimit) (../sb/0x131cf0d3b3cc6763417bffb2dfdc119fdebca002.sol#338)
		- oraclize_network_name = _network_name (../sb/0x131cf0d3b3cc6763417bffb2dfdc119fdebca002.sol#761)
Reentrancy in usingOraclize.oraclize_query(string,string[5],uint256) (../sb/0x131cf0d3b3cc6763417bffb2dfdc119fdebca002.sol#340-348):
	External calls:
	- oraclize_query(datasource,dynargs,gaslimit) (../sb/0x131cf0d3b3cc6763417bffb2dfdc119fdebca002.sol#347)
		- price = oraclize.getPrice(datasource,gaslimit) (../sb/0x131cf0d3b3cc6763417bffb2dfdc119fdebca002.sol#202)
		- oraclize = OraclizeI(OAR.getAddress()) (../sb/0x131cf0d3b3cc6763417bffb2dfdc119fdebca002.sol#80)
		- oraclize.queryN_withGasLimit.value(price)(0,datasource,args,gaslimit) (../sb/0x131cf0d3b3cc6763417bffb2dfdc119fdebca002.sol#205)
	- oraclizeAPI() (../sb/0x131cf0d3b3cc6763417bffb2dfdc119fdebca002.sol#340)
		- oraclize = OraclizeI(OAR.getAddress()) (../sb/0x131cf0d3b3cc6763417bffb2dfdc119fdebca002.sol#80)
	External calls sending eth:
	- oraclize_query(datasource,dynargs,gaslimit) (../sb/0x131cf0d3b3cc6763417bffb2dfdc119fdebca002.sol#347)
		- oraclize.queryN_withGasLimit.value(price)(0,datasource,args,gaslimit) (../sb/0x131cf0d3b3cc6763417bffb2dfdc119fdebca002.sol#205)
	State variables written after the call(s):
	- oraclize_query(datasource,dynargs,gaslimit) (../sb/0x131cf0d3b3cc6763417bffb2dfdc119fdebca002.sol#347)
		- oraclize_network_name = _network_name (../sb/0x131cf0d3b3cc6763417bffb2dfdc119fdebca002.sol#761)
Reentrancy in usingOraclize.oraclize_query(string,bytes[1]) (../sb/0x131cf0d3b3cc6763417bffb2dfdc119fdebca002.sol#373-377):
	External calls:
	- oraclize_query(datasource,dynargs) (../sb/0x131cf0d3b3cc6763417bffb2dfdc119fdebca002.sol#376)
		- price = oraclize.getPrice(datasource) (../sb/0x131cf0d3b3cc6763417bffb2dfdc119fdebca002.sol#350)
		- oraclize = OraclizeI(OAR.getAddress()) (../sb/0x131cf0d3b3cc6763417bffb2dfdc119fdebca002.sol#80)
		- oraclize.queryN.value(price)(0,datasource,args) (../sb/0x131cf0d3b3cc6763417bffb2dfdc119fdebca002.sol#353)
	- oraclizeAPI() (../sb/0x131cf0d3b3cc6763417bffb2dfdc119fdebca002.sol#373)
		- oraclize = OraclizeI(OAR.getAddress()) (../sb/0x131cf0d3b3cc6763417bffb2dfdc119fdebca002.sol#80)
	External calls sending eth:
	- oraclize_query(datasource,dynargs) (../sb/0x131cf0d3b3cc6763417bffb2dfdc119fdebca002.sol#376)
		- oraclize.queryN.value(price)(0,datasource,args) (../sb/0x131cf0d3b3cc6763417bffb2dfdc119fdebca002.sol#353)
	State variables written after the call(s):
	- oraclize_query(datasource,dynargs) (../sb/0x131cf0d3b3cc6763417bffb2dfdc119fdebca002.sol#376)
		- oraclize_network_name = _network_name (../sb/0x131cf0d3b3cc6763417bffb2dfdc119fdebca002.sol#761)
Reentrancy in usingOraclize.oraclize_query(uint256,string,bytes[1]) (../sb/0x131cf0d3b3cc6763417bffb2dfdc119fdebca002.sol#378-382):
	External calls:
	- oraclize_query(timestamp,datasource,dynargs) (../sb/0x131cf0d3b3cc6763417bffb2dfdc119fdebca002.sol#381)
		- price = oraclize.getPrice(datasource) (../sb/0x131cf0d3b3cc6763417bffb2dfdc119fdebca002.sol#356)
		- oraclize = OraclizeI(OAR.getAddress()) (../sb/0x131cf0d3b3cc6763417bffb2dfdc119fdebca002.sol#80)
		- oraclize.queryN.value(price)(timestamp,datasource,args) (../sb/0x131cf0d3b3cc6763417bffb2dfdc119fdebca002.sol#359)
	- oraclizeAPI() (../sb/0x131cf0d3b3cc6763417bffb2dfdc119fdebca002.sol#378)
		- oraclize = OraclizeI(OAR.getAddress()) (../sb/0x131cf0d3b3cc6763417bffb2dfdc119fdebca002.sol#80)
	External calls sending eth:
	- oraclize_query(timestamp,datasource,dynargs) (../sb/0x131cf0d3b3cc6763417bffb2dfdc119fdebca002.sol#381)
		- oraclize.queryN.value(price)(timestamp,datasource,args) (../sb/0x131cf0d3b3cc6763417bffb2dfdc119fdebca002.sol#359)
	State variables written after the call(s):
	- oraclize_query(timestamp,datasource,dynargs) (../sb/0x131cf0d3b3cc6763417bffb2dfdc119fdebca002.sol#381)
		- oraclize_network_name = _network_name (../sb/0x131cf0d3b3cc6763417bffb2dfdc119fdebca002.sol#761)
Reentrancy in usingOraclize.oraclize_query(uint256,string,bytes[1],uint256) (../sb/0x131cf0d3b3cc6763417bffb2dfdc119fdebca002.sol#383-387):
	External calls:
	- oraclize_query(timestamp,datasource,dynargs,gaslimit) (../sb/0x131cf0d3b3cc6763417bffb2dfdc119fdebca002.sol#386)
		- price = oraclize.getPrice(datasource,gaslimit) (../sb/0x131cf0d3b3cc6763417bffb2dfdc119fdebca002.sol#362)
		- oraclize = OraclizeI(OAR.getAddress()) (../sb/0x131cf0d3b3cc6763417bffb2dfdc119fdebca002.sol#80)
		- oraclize.queryN_withGasLimit.value(price)(timestamp,datasource,args,gaslimit) (../sb/0x131cf0d3b3cc6763417bffb2dfdc119fdebca002.sol#365)
	- oraclizeAPI() (../sb/0x131cf0d3b3cc6763417bffb2dfdc119fdebca002.sol#383)
		- oraclize = OraclizeI(OAR.getAddress()) (../sb/0x131cf0d3b3cc6763417bffb2dfdc119fdebca002.sol#80)
	External calls sending eth:
	- oraclize_query(timestamp,datasource,dynargs,gaslimit) (../sb/0x131cf0d3b3cc6763417bffb2dfdc119fdebca002.sol#386)
		- oraclize.queryN_withGasLimit.value(price)(timestamp,datasource,args,gaslimit) (../sb/0x131cf0d3b3cc6763417bffb2dfdc119fdebca002.sol#365)
	State variables written after the call(s):
	- oraclize_query(timestamp,datasource,dynargs,gaslimit) (../sb/0x131cf0d3b3cc6763417bffb2dfdc119fdebca002.sol#386)
		- oraclize_network_name = _network_name (../sb/0x131cf0d3b3cc6763417bffb2dfdc119fdebca002.sol#761)
Reentrancy in usingOraclize.oraclize_query(string,bytes[1],uint256) (../sb/0x131cf0d3b3cc6763417bffb2dfdc119fdebca002.sol#388-392):
	External calls:
	- oraclize_query(datasource,dynargs,gaslimit) (../sb/0x131cf0d3b3cc6763417bffb2dfdc119fdebca002.sol#391)
		- price = oraclize.getPrice(datasource,gaslimit) (../sb/0x131cf0d3b3cc6763417bffb2dfdc119fdebca002.sol#368)
		- oraclize = OraclizeI(OAR.getAddress()) (../sb/0x131cf0d3b3cc6763417bffb2dfdc119fdebca002.sol#80)
		- oraclize.queryN_withGasLimit.value(price)(0,datasource,args,gaslimit) (../sb/0x131cf0d3b3cc6763417bffb2dfdc119fdebca002.sol#371)
	- oraclizeAPI() (../sb/0x131cf0d3b3cc6763417bffb2dfdc119fdebca002.sol#388)
		- oraclize = OraclizeI(OAR.getAddress()) (../sb/0x131cf0d3b3cc6763417bffb2dfdc119fdebca002.sol#80)
	External calls sending eth:
	- oraclize_query(datasource,dynargs,gaslimit) (../sb/0x131cf0d3b3cc6763417bffb2dfdc119fdebca002.sol#391)
		- oraclize.queryN_withGasLimit.value(price)(0,datasource,args,gaslimit) (../sb/0x131cf0d3b3cc6763417bffb2dfdc119fdebca002.sol#371)
	State variables written after the call(s):
	- oraclize_query(datasource,dynargs,gaslimit) (../sb/0x131cf0d3b3cc6763417bffb2dfdc119fdebca002.sol#391)
		- oraclize_network_name = _network_name (../sb/0x131cf0d3b3cc6763417bffb2dfdc119fdebca002.sol#761)
Reentrancy in usingOraclize.oraclize_query(string,bytes[2]) (../sb/0x131cf0d3b3cc6763417bffb2dfdc119fdebca002.sol#394-399):
	External calls:
	- oraclize_query(datasource,dynargs) (../sb/0x131cf0d3b3cc6763417bffb2dfdc119fdebca002.sol#398)
		- price = oraclize.getPrice(datasource) (../sb/0x131cf0d3b3cc6763417bffb2dfdc119fdebca002.sol#350)
		- oraclize = OraclizeI(OAR.getAddress()) (../sb/0x131cf0d3b3cc6763417bffb2dfdc119fdebca002.sol#80)
		- oraclize.queryN.value(price)(0,datasource,args) (../sb/0x131cf0d3b3cc6763417bffb2dfdc119fdebca002.sol#353)
	- oraclizeAPI() (../sb/0x131cf0d3b3cc6763417bffb2dfdc119fdebca002.sol#394)
		- oraclize = OraclizeI(OAR.getAddress()) (../sb/0x131cf0d3b3cc6763417bffb2dfdc119fdebca002.sol#80)
	External calls sending eth:
	- oraclize_query(datasource,dynargs) (../sb/0x131cf0d3b3cc6763417bffb2dfdc119fdebca002.sol#398)
		- oraclize.queryN.value(price)(0,datasource,args) (../sb/0x131cf0d3b3cc6763417bffb2dfdc119fdebca002.sol#353)
	State variables written after the call(s):
	- oraclize_query(datasource,dynargs) (../sb/0x131cf0d3b3cc6763417bffb2dfdc119fdebca002.sol#398)
		- oraclize_network_name = _network_name (../sb/0x131cf0d3b3cc6763417bffb2dfdc119fdebca002.sol#761)
Reentrancy in usingOraclize.oraclize_query(uint256,string,bytes[2]) (../sb/0x131cf0d3b3cc6763417bffb2dfdc119fdebca002.sol#400-405):
	External calls:
	- oraclize_query(timestamp,datasource,dynargs) (../sb/0x131cf0d3b3cc6763417bffb2dfdc119fdebca002.sol#404)
		- price = oraclize.getPrice(datasource) (../sb/0x131cf0d3b3cc6763417bffb2dfdc119fdebca002.sol#356)
		- oraclize = OraclizeI(OAR.getAddress()) (../sb/0x131cf0d3b3cc6763417bffb2dfdc119fdebca002.sol#80)
		- oraclize.queryN.value(price)(timestamp,datasource,args) (../sb/0x131cf0d3b3cc6763417bffb2dfdc119fdebca002.sol#359)
	- oraclizeAPI() (../sb/0x131cf0d3b3cc6763417bffb2dfdc119fdebca002.sol#400)
		- oraclize = OraclizeI(OAR.getAddress()) (../sb/0x131cf0d3b3cc6763417bffb2dfdc119fdebca002.sol#80)
	External calls sending eth:
	- oraclize_query(timestamp,datasource,dynargs) (../sb/0x131cf0d3b3cc6763417bffb2dfdc119fdebca002.sol#404)
		- oraclize.queryN.value(price)(timestamp,datasource,args) (../sb/0x131cf0d3b3cc6763417bffb2dfdc119fdebca002.sol#359)
	State variables written after the call(s):
	- oraclize_query(timestamp,datasource,dynargs) (../sb/0x131cf0d3b3cc6763417bffb2dfdc119fdebca002.sol#404)
		- oraclize_network_name = _network_name (../sb/0x131cf0d3b3cc6763417bffb2dfdc119fdebca002.sol#761)
Reentrancy in usingOraclize.oraclize_query(uint256,string,bytes[2],uint256) (../sb/0x131cf0d3b3cc6763417bffb2dfdc119fdebca002.sol#406-411):
	External calls:
	- oraclize_query(timestamp,datasource,dynargs,gaslimit) (../sb/0x131cf0d3b3cc6763417bffb2dfdc119fdebca002.sol#410)
		- price = oraclize.getPrice(datasource,gaslimit) (../sb/0x131cf0d3b3cc6763417bffb2dfdc119fdebca002.sol#362)
		- oraclize = OraclizeI(OAR.getAddress()) (../sb/0x131cf0d3b3cc6763417bffb2dfdc119fdebca002.sol#80)
		- oraclize.queryN_withGasLimit.value(price)(timestamp,datasource,args,gaslimit) (../sb/0x131cf0d3b3cc6763417bffb2dfdc119fdebca002.sol#365)
	- oraclizeAPI() (../sb/0x131cf0d3b3cc6763417bffb2dfdc119fdebca002.sol#406)
		- oraclize = OraclizeI(OAR.getAddress()) (../sb/0x131cf0d3b3cc6763417bffb2dfdc119fdebca002.sol#80)
	External calls sending eth:
	- oraclize_query(timestamp,datasource,dynargs,gaslimit) (../sb/0x131cf0d3b3cc6763417bffb2dfdc119fdebca002.sol#410)
		- oraclize.queryN_withGasLimit.value(price)(timestamp,datasource,args,gaslimit) (../sb/0x131cf0d3b3cc6763417bffb2dfdc119fdebca002.sol#365)
	State variables written after the call(s):
	- oraclize_query(timestamp,datasource,dynargs,gaslimit) (../sb/0x131cf0d3b3cc6763417bffb2dfdc119fdebca002.sol#410)
		- oraclize_network_name = _network_name (../sb/0x131cf0d3b3cc6763417bffb2dfdc119fdebca002.sol#761)
Reentrancy in usingOraclize.oraclize_query(string,bytes[2],uint256) (../sb/0x131cf0d3b3cc6763417bffb2dfdc119fdebca002.sol#412-417):
	External calls:
	- oraclize_query(datasource,dynargs,gaslimit) (../sb/0x131cf0d3b3cc6763417bffb2dfdc119fdebca002.sol#416)
		- price = oraclize.getPrice(datasource,gaslimit) (../sb/0x131cf0d3b3cc6763417bffb2dfdc119fdebca002.sol#368)
		- oraclize = OraclizeI(OAR.getAddress()) (../sb/0x131cf0d3b3cc6763417bffb2dfdc119fdebca002.sol#80)
		- oraclize.queryN_withGasLimit.value(price)(0,datasource,args,gaslimit) (../sb/0x131cf0d3b3cc6763417bffb2dfdc119fdebca002.sol#371)
	- oraclizeAPI() (../sb/0x131cf0d3b3cc6763417bffb2dfdc119fdebca002.sol#412)
		- oraclize = OraclizeI(OAR.getAddress()) (../sb/0x131cf0d3b3cc6763417bffb2dfdc119fdebca002.sol#80)
	External calls sending eth:
	- oraclize_query(datasource,dynargs,gaslimit) (../sb/0x131cf0d3b3cc6763417bffb2dfdc119fdebca002.sol#416)
		- oraclize.queryN_withGasLimit.value(price)(0,datasource,args,gaslimit) (../sb/0x131cf0d3b3cc6763417bffb2dfdc119fdebca002.sol#371)
	State variables written after the call(s):
	- oraclize_query(datasource,dynargs,gaslimit) (../sb/0x131cf0d3b3cc6763417bffb2dfdc119fdebca002.sol#416)
		- oraclize_network_name = _network_name (../sb/0x131cf0d3b3cc6763417bffb2dfdc119fdebca002.sol#761)
Reentrancy in usingOraclize.oraclize_query(string,bytes[3]) (../sb/0x131cf0d3b3cc6763417bffb2dfdc119fdebca002.sol#418-424):
	External calls:
	- oraclize_query(datasource,dynargs) (../sb/0x131cf0d3b3cc6763417bffb2dfdc119fdebca002.sol#423)
		- price = oraclize.getPrice(datasource) (../sb/0x131cf0d3b3cc6763417bffb2dfdc119fdebca002.sol#350)
		- oraclize = OraclizeI(OAR.getAddress()) (../sb/0x131cf0d3b3cc6763417bffb2dfdc119fdebca002.sol#80)
		- oraclize.queryN.value(price)(0,datasource,args) (../sb/0x131cf0d3b3cc6763417bffb2dfdc119fdebca002.sol#353)
	- oraclizeAPI() (../sb/0x131cf0d3b3cc6763417bffb2dfdc119fdebca002.sol#418)
		- oraclize = OraclizeI(OAR.getAddress()) (../sb/0x131cf0d3b3cc6763417bffb2dfdc119fdebca002.sol#80)
	External calls sending eth:
	- oraclize_query(datasource,dynargs) (../sb/0x131cf0d3b3cc6763417bffb2dfdc119fdebca002.sol#423)
		- oraclize.queryN.value(price)(0,datasource,args) (../sb/0x131cf0d3b3cc6763417bffb2dfdc119fdebca002.sol#353)
	State variables written after the call(s):
	- oraclize_query(datasource,dynargs) (../sb/0x131cf0d3b3cc6763417bffb2dfdc119fdebca002.sol#423)
		- oraclize_network_name = _network_name (../sb/0x131cf0d3b3cc6763417bffb2dfdc119fdebca002.sol#761)
Reentrancy in usingOraclize.oraclize_query(uint256,string,bytes[3]) (../sb/0x131cf0d3b3cc6763417bffb2dfdc119fdebca002.sol#425-431):
	External calls:
	- oraclize_query(timestamp,datasource,dynargs) (../sb/0x131cf0d3b3cc6763417bffb2dfdc119fdebca002.sol#430)
		- price = oraclize.getPrice(datasource) (../sb/0x131cf0d3b3cc6763417bffb2dfdc119fdebca002.sol#356)
		- oraclize = OraclizeI(OAR.getAddress()) (../sb/0x131cf0d3b3cc6763417bffb2dfdc119fdebca002.sol#80)
		- oraclize.queryN.value(price)(timestamp,datasource,args) (../sb/0x131cf0d3b3cc6763417bffb2dfdc119fdebca002.sol#359)
	- oraclizeAPI() (../sb/0x131cf0d3b3cc6763417bffb2dfdc119fdebca002.sol#425)
		- oraclize = OraclizeI(OAR.getAddress()) (../sb/0x131cf0d3b3cc6763417bffb2dfdc119fdebca002.sol#80)
	External calls sending eth:
	- oraclize_query(timestamp,datasource,dynargs) (../sb/0x131cf0d3b3cc6763417bffb2dfdc119fdebca002.sol#430)
		- oraclize.queryN.value(price)(timestamp,datasource,args) (../sb/0x131cf0d3b3cc6763417bffb2dfdc119fdebca002.sol#359)
	State variables written after the call(s):
	- oraclize_query(timestamp,datasource,dynargs) (../sb/0x131cf0d3b3cc6763417bffb2dfdc119fdebca002.sol#430)
		- oraclize_network_name = _network_name (../sb/0x131cf0d3b3cc6763417bffb2dfdc119fdebca002.sol#761)
Reentrancy in usingOraclize.oraclize_query(uint256,string,bytes[3],uint256) (../sb/0x131cf0d3b3cc6763417bffb2dfdc119fdebca002.sol#432-438):
	External calls:
	- oraclize_query(timestamp,datasource,dynargs,gaslimit) (../sb/0x131cf0d3b3cc6763417bffb2dfdc119fdebca002.sol#437)
		- price = oraclize.getPrice(datasource,gaslimit) (../sb/0x131cf0d3b3cc6763417bffb2dfdc119fdebca002.sol#362)
		- oraclize = OraclizeI(OAR.getAddress()) (../sb/0x131cf0d3b3cc6763417bffb2dfdc119fdebca002.sol#80)
		- oraclize.queryN_withGasLimit.value(price)(timestamp,datasource,args,gaslimit) (../sb/0x131cf0d3b3cc6763417bffb2dfdc119fdebca002.sol#365)
	- oraclizeAPI() (../sb/0x131cf0d3b3cc6763417bffb2dfdc119fdebca002.sol#432)
		- oraclize = OraclizeI(OAR.getAddress()) (../sb/0x131cf0d3b3cc6763417bffb2dfdc119fdebca002.sol#80)
	External calls sending eth:
	- oraclize_query(timestamp,datasource,dynargs,gaslimit) (../sb/0x131cf0d3b3cc6763417bffb2dfdc119fdebca002.sol#437)
		- oraclize.queryN_withGasLimit.value(price)(timestamp,datasource,args,gaslimit) (../sb/0x131cf0d3b3cc6763417bffb2dfdc119fdebca002.sol#365)
	State variables written after the call(s):
	- oraclize_query(timestamp,datasource,dynargs,gaslimit) (../sb/0x131cf0d3b3cc6763417bffb2dfdc119fdebca002.sol#437)
		- oraclize_network_name = _network_name (../sb/0x131cf0d3b3cc6763417bffb2dfdc119fdebca002.sol#761)
Reentrancy in usingOraclize.oraclize_query(string,bytes[3],uint256) (../sb/0x131cf0d3b3cc6763417bffb2dfdc119fdebca002.sol#439-445):
	External calls:
	- oraclize_query(datasource,dynargs,gaslimit) (../sb/0x131cf0d3b3cc6763417bffb2dfdc119fdebca002.sol#444)
		- price = oraclize.getPrice(datasource,gaslimit) (../sb/0x131cf0d3b3cc6763417bffb2dfdc119fdebca002.sol#368)
		- oraclize = OraclizeI(OAR.getAddress()) (../sb/0x131cf0d3b3cc6763417bffb2dfdc119fdebca002.sol#80)
		- oraclize.queryN_withGasLimit.value(price)(0,datasource,args,gaslimit) (../sb/0x131cf0d3b3cc6763417bffb2dfdc119fdebca002.sol#371)
	- oraclizeAPI() (../sb/0x131cf0d3b3cc6763417bffb2dfdc119fdebca002.sol#439)
		- oraclize = OraclizeI(OAR.getAddress()) (../sb/0x131cf0d3b3cc6763417bffb2dfdc119fdebca002.sol#80)
	External calls sending eth:
	- oraclize_query(datasource,dynargs,gaslimit) (../sb/0x131cf0d3b3cc6763417bffb2dfdc119fdebca002.sol#444)
		- oraclize.queryN_withGasLimit.value(price)(0,datasource,args,gaslimit) (../sb/0x131cf0d3b3cc6763417bffb2dfdc119fdebca002.sol#371)
	State variables written after the call(s):
	- oraclize_query(datasource,dynargs,gaslimit) (../sb/0x131cf0d3b3cc6763417bffb2dfdc119fdebca002.sol#444)
		- oraclize_network_name = _network_name (../sb/0x131cf0d3b3cc6763417bffb2dfdc119fdebca002.sol#761)
Reentrancy in usingOraclize.oraclize_query(string,bytes[4]) (../sb/0x131cf0d3b3cc6763417bffb2dfdc119fdebca002.sol#447-454):
	External calls:
	- oraclize_query(datasource,dynargs) (../sb/0x131cf0d3b3cc6763417bffb2dfdc119fdebca002.sol#453)
		- price = oraclize.getPrice(datasource) (../sb/0x131cf0d3b3cc6763417bffb2dfdc119fdebca002.sol#350)
		- oraclize = OraclizeI(OAR.getAddress()) (../sb/0x131cf0d3b3cc6763417bffb2dfdc119fdebca002.sol#80)
		- oraclize.queryN.value(price)(0,datasource,args) (../sb/0x131cf0d3b3cc6763417bffb2dfdc119fdebca002.sol#353)
	- oraclizeAPI() (../sb/0x131cf0d3b3cc6763417bffb2dfdc119fdebca002.sol#447)
		- oraclize = OraclizeI(OAR.getAddress()) (../sb/0x131cf0d3b3cc6763417bffb2dfdc119fdebca002.sol#80)
	External calls sending eth:
	- oraclize_query(datasource,dynargs) (../sb/0x131cf0d3b3cc6763417bffb2dfdc119fdebca002.sol#453)
		- oraclize.queryN.value(price)(0,datasource,args) (../sb/0x131cf0d3b3cc6763417bffb2dfdc119fdebca002.sol#353)
	State variables written after the call(s):
	- oraclize_query(datasource,dynargs) (../sb/0x131cf0d3b3cc6763417bffb2dfdc119fdebca002.sol#453)
		- oraclize_network_name = _network_name (../sb/0x131cf0d3b3cc6763417bffb2dfdc119fdebca002.sol#761)
Reentrancy in usingOraclize.oraclize_query(uint256,string,bytes[4]) (../sb/0x131cf0d3b3cc6763417bffb2dfdc119fdebca002.sol#455-462):
	External calls:
	- oraclize_query(timestamp,datasource,dynargs) (../sb/0x131cf0d3b3cc6763417bffb2dfdc119fdebca002.sol#461)
		- price = oraclize.getPrice(datasource) (../sb/0x131cf0d3b3cc6763417bffb2dfdc119fdebca002.sol#356)
		- oraclize = OraclizeI(OAR.getAddress()) (../sb/0x131cf0d3b3cc6763417bffb2dfdc119fdebca002.sol#80)
		- oraclize.queryN.value(price)(timestamp,datasource,args) (../sb/0x131cf0d3b3cc6763417bffb2dfdc119fdebca002.sol#359)
	- oraclizeAPI() (../sb/0x131cf0d3b3cc6763417bffb2dfdc119fdebca002.sol#455)
		- oraclize = OraclizeI(OAR.getAddress()) (../sb/0x131cf0d3b3cc6763417bffb2dfdc119fdebca002.sol#80)
	External calls sending eth:
	- oraclize_query(timestamp,datasource,dynargs) (../sb/0x131cf0d3b3cc6763417bffb2dfdc119fdebca002.sol#461)
		- oraclize.queryN.value(price)(timestamp,datasource,args) (../sb/0x131cf0d3b3cc6763417bffb2dfdc119fdebca002.sol#359)
	State variables written after the call(s):
	- oraclize_query(timestamp,datasource,dynargs) (../sb/0x131cf0d3b3cc6763417bffb2dfdc119fdebca002.sol#461)
		- oraclize_network_name = _network_name (../sb/0x131cf0d3b3cc6763417bffb2dfdc119fdebca002.sol#761)
Reentrancy in usingOraclize.oraclize_query(uint256,string,bytes[4],uint256) (../sb/0x131cf0d3b3cc6763417bffb2dfdc119fdebca002.sol#463-470):
	External calls:
	- oraclize_query(timestamp,datasource,dynargs,gaslimit) (../sb/0x131cf0d3b3cc6763417bffb2dfdc119fdebca002.sol#469)
		- price = oraclize.getPrice(datasource,gaslimit) (../sb/0x131cf0d3b3cc6763417bffb2dfdc119fdebca002.sol#362)
		- oraclize = OraclizeI(OAR.getAddress()) (../sb/0x131cf0d3b3cc6763417bffb2dfdc119fdebca002.sol#80)
		- oraclize.queryN_withGasLimit.value(price)(timestamp,datasource,args,gaslimit) (../sb/0x131cf0d3b3cc6763417bffb2dfdc119fdebca002.sol#365)
	- oraclizeAPI() (../sb/0x131cf0d3b3cc6763417bffb2dfdc119fdebca002.sol#463)
		- oraclize = OraclizeI(OAR.getAddress()) (../sb/0x131cf0d3b3cc6763417bffb2dfdc119fdebca002.sol#80)
	External calls sending eth:
	- oraclize_query(timestamp,datasource,dynargs,gaslimit) (../sb/0x131cf0d3b3cc6763417bffb2dfdc119fdebca002.sol#469)
		- oraclize.queryN_withGasLimit.value(price)(timestamp,datasource,args,gaslimit) (../sb/0x131cf0d3b3cc6763417bffb2dfdc119fdebca002.sol#365)
	State variables written after the call(s):
	- oraclize_query(timestamp,datasource,dynargs,gaslimit) (../sb/0x131cf0d3b3cc6763417bffb2dfdc119fdebca002.sol#469)
		- oraclize_network_name = _network_name (../sb/0x131cf0d3b3cc6763417bffb2dfdc119fdebca002.sol#761)
Reentrancy in usingOraclize.oraclize_query(string,bytes[4],uint256) (../sb/0x131cf0d3b3cc6763417bffb2dfdc119fdebca002.sol#471-478):
	External calls:
	- oraclize_query(datasource,dynargs,gaslimit) (../sb/0x131cf0d3b3cc6763417bffb2dfdc119fdebca002.sol#477)
		- price = oraclize.getPrice(datasource,gaslimit) (../sb/0x131cf0d3b3cc6763417bffb2dfdc119fdebca002.sol#368)
		- oraclize = OraclizeI(OAR.getAddress()) (../sb/0x131cf0d3b3cc6763417bffb2dfdc119fdebca002.sol#80)
		- oraclize.queryN_withGasLimit.value(price)(0,datasource,args,gaslimit) (../sb/0x131cf0d3b3cc6763417bffb2dfdc119fdebca002.sol#371)
	- oraclizeAPI() (../sb/0x131cf0d3b3cc6763417bffb2dfdc119fdebca002.sol#471)
		- oraclize = OraclizeI(OAR.getAddress()) (../sb/0x131cf0d3b3cc6763417bffb2dfdc119fdebca002.sol#80)
	External calls sending eth:
	- oraclize_query(datasource,dynargs,gaslimit) (../sb/0x131cf0d3b3cc6763417bffb2dfdc119fdebca002.sol#477)
		- oraclize.queryN_withGasLimit.value(price)(0,datasource,args,gaslimit) (../sb/0x131cf0d3b3cc6763417bffb2dfdc119fdebca002.sol#371)
	State variables written after the call(s):
	- oraclize_query(datasource,dynargs,gaslimit) (../sb/0x131cf0d3b3cc6763417bffb2dfdc119fdebca002.sol#477)
		- oraclize_network_name = _network_name (../sb/0x131cf0d3b3cc6763417bffb2dfdc119fdebca002.sol#761)
Reentrancy in usingOraclize.oraclize_query(string,bytes[5]) (../sb/0x131cf0d3b3cc6763417bffb2dfdc119fdebca002.sol#479-487):
	External calls:
	- oraclize_query(datasource,dynargs) (../sb/0x131cf0d3b3cc6763417bffb2dfdc119fdebca002.sol#486)
		- price = oraclize.getPrice(datasource) (../sb/0x131cf0d3b3cc6763417bffb2dfdc119fdebca002.sol#350)
		- oraclize = OraclizeI(OAR.getAddress()) (../sb/0x131cf0d3b3cc6763417bffb2dfdc119fdebca002.sol#80)
		- oraclize.queryN.value(price)(0,datasource,args) (../sb/0x131cf0d3b3cc6763417bffb2dfdc119fdebca002.sol#353)
	- oraclizeAPI() (../sb/0x131cf0d3b3cc6763417bffb2dfdc119fdebca002.sol#479)
		- oraclize = OraclizeI(OAR.getAddress()) (../sb/0x131cf0d3b3cc6763417bffb2dfdc119fdebca002.sol#80)
	External calls sending eth:
	- oraclize_query(datasource,dynargs) (../sb/0x131cf0d3b3cc6763417bffb2dfdc119fdebca002.sol#486)
		- oraclize.queryN.value(price)(0,datasource,args) (../sb/0x131cf0d3b3cc6763417bffb2dfdc119fdebca002.sol#353)
	State variables written after the call(s):
	- oraclize_query(datasource,dynargs) (../sb/0x131cf0d3b3cc6763417bffb2dfdc119fdebca002.sol#486)
		- oraclize_network_name = _network_name (../sb/0x131cf0d3b3cc6763417bffb2dfdc119fdebca002.sol#761)
Reentrancy in usingOraclize.oraclize_query(uint256,string,bytes[5]) (../sb/0x131cf0d3b3cc6763417bffb2dfdc119fdebca002.sol#488-496):
	External calls:
	- oraclize_query(timestamp,datasource,dynargs) (../sb/0x131cf0d3b3cc6763417bffb2dfdc119fdebca002.sol#495)
		- price = oraclize.getPrice(datasource) (../sb/0x131cf0d3b3cc6763417bffb2dfdc119fdebca002.sol#356)
		- oraclize = OraclizeI(OAR.getAddress()) (../sb/0x131cf0d3b3cc6763417bffb2dfdc119fdebca002.sol#80)
		- oraclize.queryN.value(price)(timestamp,datasource,args) (../sb/0x131cf0d3b3cc6763417bffb2dfdc119fdebca002.sol#359)
	- oraclizeAPI() (../sb/0x131cf0d3b3cc6763417bffb2dfdc119fdebca002.sol#488)
		- oraclize = OraclizeI(OAR.getAddress()) (../sb/0x131cf0d3b3cc6763417bffb2dfdc119fdebca002.sol#80)
	External calls sending eth:
	- oraclize_query(timestamp,datasource,dynargs) (../sb/0x131cf0d3b3cc6763417bffb2dfdc119fdebca002.sol#495)
		- oraclize.queryN.value(price)(timestamp,datasource,args) (../sb/0x131cf0d3b3cc6763417bffb2dfdc119fdebca002.sol#359)
	State variables written after the call(s):
	- oraclize_query(timestamp,datasource,dynargs) (../sb/0x131cf0d3b3cc6763417bffb2dfdc119fdebca002.sol#495)
		- oraclize_network_name = _network_name (../sb/0x131cf0d3b3cc6763417bffb2dfdc119fdebca002.sol#761)
Reentrancy in usingOraclize.oraclize_query(uint256,string,bytes[5],uint256) (../sb/0x131cf0d3b3cc6763417bffb2dfdc119fdebca002.sol#497-505):
	External calls:
	- oraclize_query(timestamp,datasource,dynargs,gaslimit) (../sb/0x131cf0d3b3cc6763417bffb2dfdc119fdebca002.sol#504)
		- price = oraclize.getPrice(datasource,gaslimit) (../sb/0x131cf0d3b3cc6763417bffb2dfdc119fdebca002.sol#362)
		- oraclize = OraclizeI(OAR.getAddress()) (../sb/0x131cf0d3b3cc6763417bffb2dfdc119fdebca002.sol#80)
		- oraclize.queryN_withGasLimit.value(price)(timestamp,datasource,args,gaslimit) (../sb/0x131cf0d3b3cc6763417bffb2dfdc119fdebca002.sol#365)
	- oraclizeAPI() (../sb/0x131cf0d3b3cc6763417bffb2dfdc119fdebca002.sol#497)
		- oraclize = OraclizeI(OAR.getAddress()) (../sb/0x131cf0d3b3cc6763417bffb2dfdc119fdebca002.sol#80)
	External calls sending eth:
	- oraclize_query(timestamp,datasource,dynargs,gaslimit) (../sb/0x131cf0d3b3cc6763417bffb2dfdc119fdebca002.sol#504)
		- oraclize.queryN_withGasLimit.value(price)(timestamp,datasource,args,gaslimit) (../sb/0x131cf0d3b3cc6763417bffb2dfdc119fdebca002.sol#365)
	State variables written after the call(s):
	- oraclize_query(timestamp,datasource,dynargs,gaslimit) (../sb/0x131cf0d3b3cc6763417bffb2dfdc119fdebca002.sol#504)
		- oraclize_network_name = _network_name (../sb/0x131cf0d3b3cc6763417bffb2dfdc119fdebca002.sol#761)
Reentrancy in usingOraclize.oraclize_query(string,bytes[5],uint256) (../sb/0x131cf0d3b3cc6763417bffb2dfdc119fdebca002.sol#506-514):
	External calls:
	- oraclize_query(datasource,dynargs,gaslimit) (../sb/0x131cf0d3b3cc6763417bffb2dfdc119fdebca002.sol#513)
		- price = oraclize.getPrice(datasource,gaslimit) (../sb/0x131cf0d3b3cc6763417bffb2dfdc119fdebca002.sol#368)
		- oraclize = OraclizeI(OAR.getAddress()) (../sb/0x131cf0d3b3cc6763417bffb2dfdc119fdebca002.sol#80)
		- oraclize.queryN_withGasLimit.value(price)(0,datasource,args,gaslimit) (../sb/0x131cf0d3b3cc6763417bffb2dfdc119fdebca002.sol#371)
	- oraclizeAPI() (../sb/0x131cf0d3b3cc6763417bffb2dfdc119fdebca002.sol#506)
		- oraclize = OraclizeI(OAR.getAddress()) (../sb/0x131cf0d3b3cc6763417bffb2dfdc119fdebca002.sol#80)
	External calls sending eth:
	- oraclize_query(datasource,dynargs,gaslimit) (../sb/0x131cf0d3b3cc6763417bffb2dfdc119fdebca002.sol#513)
		- oraclize.queryN_withGasLimit.value(price)(0,datasource,args,gaslimit) (../sb/0x131cf0d3b3cc6763417bffb2dfdc119fdebca002.sol#371)
	State variables written after the call(s):
	- oraclize_query(datasource,dynargs,gaslimit) (../sb/0x131cf0d3b3cc6763417bffb2dfdc119fdebca002.sol#513)
		- oraclize_network_name = _network_name (../sb/0x131cf0d3b3cc6763417bffb2dfdc119fdebca002.sol#761)
Reference: https://github.com/crytic/slither/wiki/Detector-Documentation#reentrancy-vulnerabilities-2

Reentrancy in KrakenPriceTicker.update() (../sb/0x131cf0d3b3cc6763417bffb2dfdc119fdebca002.sol#1051-1058):
	External calls:
	- oraclize.getPrice(URL) > this.balance (../sb/0x131cf0d3b3cc6763417bffb2dfdc119fdebca002.sol#1052)
	Event emitted after the call(s):
	- newOraclizeQuery(Oraclize query was NOT sent, please add some ETH to cover for the query fee) (../sb/0x131cf0d3b3cc6763417bffb2dfdc119fdebca002.sol#1053)
Reference: https://github.com/crytic/slither/wiki/Detector-Documentation#reentrancy-vulnerabilities-3

usingOraclize.getCodeSize(address) (../sb/0x131cf0d3b3cc6763417bffb2dfdc119fdebca002.sol#533-537) uses assembly
	- INLINE ASM (../sb/0x131cf0d3b3cc6763417bffb2dfdc119fdebca002.sol#534-537)
usingOraclize.oraclize_newRandomDSQuery(uint256,uint256,uint256) (../sb/0x131cf0d3b3cc6763417bffb2dfdc119fdebca002.sol#768-785) uses assembly
	- INLINE ASM (../sb/0x131cf0d3b3cc6763417bffb2dfdc119fdebca002.sol#775-781)
usingOraclize.verifySig(bytes32,bytes,bytes) (../sb/0x131cf0d3b3cc6763417bffb2dfdc119fdebca002.sol#794-820) uses assembly
	- INLINE ASM (../sb/0x131cf0d3b3cc6763417bffb2dfdc119fdebca002.sol#808-814)
usingOraclize.copyBytes(bytes,uint256,uint256,bytes,uint256) (../sb/0x131cf0d3b3cc6763417bffb2dfdc119fdebca002.sol#928-950) uses assembly
	- INLINE ASM (../sb/0x131cf0d3b3cc6763417bffb2dfdc119fdebca002.sol#941-945)
usingOraclize.safer_ecrecover(bytes32,uint8,bytes32,bytes32) (../sb/0x131cf0d3b3cc6763417bffb2dfdc119fdebca002.sol#954-979) uses assembly
	- INLINE ASM (../sb/0x131cf0d3b3cc6763417bffb2dfdc119fdebca002.sol#965-978)
usingOraclize.ecrecovery(bytes32,bytes) (../sb/0x131cf0d3b3cc6763417bffb2dfdc119fdebca002.sol#982-1020) uses assembly
	- INLINE ASM (../sb/0x131cf0d3b3cc6763417bffb2dfdc119fdebca002.sol#993-1013)
Reference: https://github.com/crytic/slither/wiki/Detector-Documentation#assembly-usage

usingOraclize.oraclize_randomDS_proofVerify__sessionKeyValidity(bytes,uint256) (../sb/0x131cf0d3b3cc6763417bffb2dfdc119fdebca002.sol#822-855) compares to a boolean constant:
	-sigok == false (../sb/0x131cf0d3b3cc6763417bffb2dfdc119fdebca002.sol#839)
usingOraclize.oraclize_randomDS_proofVerify__main(bytes,bytes32,bytes,string) (../sb/0x131cf0d3b3cc6763417bffb2dfdc119fdebca002.sol#877-924) compares to a boolean constant:
	-oraclize_randomDS_sessionKeysHashVerified[sessionPubkeyHash] == false (../sb/0x131cf0d3b3cc6763417bffb2dfdc119fdebca002.sol#919)
usingOraclize.oraclize_randomDS_proofVerify__main(bytes,bytes32,bytes,string) (../sb/0x131cf0d3b3cc6763417bffb2dfdc119fdebca002.sol#877-924) compares to a boolean constant:
	-checkok == false (../sb/0x131cf0d3b3cc6763417bffb2dfdc119fdebca002.sol#894)
usingOraclize.oraclize_randomDS_proofVerify__main(bytes,bytes32,bytes,string) (../sb/0x131cf0d3b3cc6763417bffb2dfdc119fdebca002.sol#877-924) compares to a boolean constant:
	-checkok == false (../sb/0x131cf0d3b3cc6763417bffb2dfdc119fdebca002.sol#886)
usingOraclize.oraclize_randomDS_proofVerify__main(bytes,bytes32,bytes,string) (../sb/0x131cf0d3b3cc6763417bffb2dfdc119fdebca002.sol#877-924) compares to a boolean constant:
	-checkok == false (../sb/0x131cf0d3b3cc6763417bffb2dfdc119fdebca002.sol#916)
usingOraclize.oraclize_randomDS_proofVerify(bytes32,string,bytes) (../sb/0x131cf0d3b3cc6763417bffb2dfdc119fdebca002.sol#857-865) compares to a boolean constant:
	-proofVerified == false (../sb/0x131cf0d3b3cc6763417bffb2dfdc119fdebca002.sol#862)
Reference: https://github.com/crytic/slither/wiki/Detector-Documentation#boolean-equality

usingOraclize.ba2cbor(bytes[]) (../sb/0x131cf0d3b3cc6763417bffb2dfdc119fdebca002.sol#716-756) is never used and should be removed
usingOraclize.copyBytes(bytes,uint256,uint256,bytes,uint256) (../sb/0x131cf0d3b3cc6763417bffb2dfdc119fdebca002.sol#928-950) is never used and should be removed
usingOraclize.ecrecovery(bytes32,bytes) (../sb/0x131cf0d3b3cc6763417bffb2dfdc119fdebca002.sol#982-1020) is never used and should be removed
usingOraclize.getCodeSize(address) (../sb/0x131cf0d3b3cc6763417bffb2dfdc119fdebca002.sol#533-537) is never used and should be removed
usingOraclize.indexOf(string,string) (../sb/0x131cf0d3b3cc6763417bffb2dfdc119fdebca002.sol#577-602) is never used and should be removed
usingOraclize.matchBytes32Prefix(bytes32,bytes) (../sb/0x131cf0d3b3cc6763417bffb2dfdc119fdebca002.sol#867-875) is never used and should be removed
usingOraclize.oraclize_getNetworkName() (../sb/0x131cf0d3b3cc6763417bffb2dfdc119fdebca002.sol#764-766) is never used and should be removed
usingOraclize.oraclize_getPrice(string) (../sb/0x131cf0d3b3cc6763417bffb2dfdc119fdebca002.sol#135-137) is never used and should be removed
usingOraclize.oraclize_getPrice(string,uint256) (../sb/0x131cf0d3b3cc6763417bffb2dfdc119fdebca002.sol#139-141) is never used and should be removed
usingOraclize.oraclize_newRandomDSQuery(uint256,uint256,uint256) (../sb/0x131cf0d3b3cc6763417bffb2dfdc119fdebca002.sol#768-785) is never used and should be removed
usingOraclize.oraclize_query(string,bytes[1]) (../sb/0x131cf0d3b3cc6763417bffb2dfdc119fdebca002.sol#373-377) is never used and should be removed
usingOraclize.oraclize_query(string,bytes[1],uint256) (../sb/0x131cf0d3b3cc6763417bffb2dfdc119fdebca002.sol#388-392) is never used and should be removed
usingOraclize.oraclize_query(string,bytes[2]) (../sb/0x131cf0d3b3cc6763417bffb2dfdc119fdebca002.sol#394-399) is never used and should be removed
usingOraclize.oraclize_query(string,bytes[2],uint256) (../sb/0x131cf0d3b3cc6763417bffb2dfdc119fdebca002.sol#412-417) is never used and should be removed
usingOraclize.oraclize_query(string,bytes[3]) (../sb/0x131cf0d3b3cc6763417bffb2dfdc119fdebca002.sol#418-424) is never used and should be removed
usingOraclize.oraclize_query(string,bytes[3],uint256) (../sb/0x131cf0d3b3cc6763417bffb2dfdc119fdebca002.sol#439-445) is never used and should be removed
usingOraclize.oraclize_query(string,bytes[4]) (../sb/0x131cf0d3b3cc6763417bffb2dfdc119fdebca002.sol#447-454) is never used and should be removed
usingOraclize.oraclize_query(string,bytes[4],uint256) (../sb/0x131cf0d3b3cc6763417bffb2dfdc119fdebca002.sol#471-478) is never used and should be removed
usingOraclize.oraclize_query(string,bytes[5]) (../sb/0x131cf0d3b3cc6763417bffb2dfdc119fdebca002.sol#479-487) is never used and should be removed
usingOraclize.oraclize_query(string,bytes[5],uint256) (../sb/0x131cf0d3b3cc6763417bffb2dfdc119fdebca002.sol#506-514) is never used and should be removed
usingOraclize.oraclize_query(string,bytes[]) (../sb/0x131cf0d3b3cc6763417bffb2dfdc119fdebca002.sol#349-354) is never used and should be removed
usingOraclize.oraclize_query(string,bytes[],uint256) (../sb/0x131cf0d3b3cc6763417bffb2dfdc119fdebca002.sol#367-372) is never used and should be removed
usingOraclize.oraclize_query(string,string) (../sb/0x131cf0d3b3cc6763417bffb2dfdc119fdebca002.sol#143-147) is never used and should be removed
usingOraclize.oraclize_query(string,string,string) (../sb/0x131cf0d3b3cc6763417bffb2dfdc119fdebca002.sol#163-167) is never used and should be removed
usingOraclize.oraclize_query(string,string,string,uint256) (../sb/0x131cf0d3b3cc6763417bffb2dfdc119fdebca002.sol#178-182) is never used and should be removed
usingOraclize.oraclize_query(string,string,uint256) (../sb/0x131cf0d3b3cc6763417bffb2dfdc119fdebca002.sol#158-162) is never used and should be removed
usingOraclize.oraclize_query(string,string[1]) (../sb/0x131cf0d3b3cc6763417bffb2dfdc119fdebca002.sol#207-211) is never used and should be removed
usingOraclize.oraclize_query(string,string[1],uint256) (../sb/0x131cf0d3b3cc6763417bffb2dfdc119fdebca002.sol#222-226) is never used and should be removed
usingOraclize.oraclize_query(string,string[2]) (../sb/0x131cf0d3b3cc6763417bffb2dfdc119fdebca002.sol#228-233) is never used and should be removed
usingOraclize.oraclize_query(string,string[2],uint256) (../sb/0x131cf0d3b3cc6763417bffb2dfdc119fdebca002.sol#246-251) is never used and should be removed
usingOraclize.oraclize_query(string,string[3]) (../sb/0x131cf0d3b3cc6763417bffb2dfdc119fdebca002.sol#252-258) is never used and should be removed
usingOraclize.oraclize_query(string,string[3],uint256) (../sb/0x131cf0d3b3cc6763417bffb2dfdc119fdebca002.sol#273-279) is never used and should be removed
usingOraclize.oraclize_query(string,string[4]) (../sb/0x131cf0d3b3cc6763417bffb2dfdc119fdebca002.sol#281-288) is never used and should be removed
usingOraclize.oraclize_query(string,string[4],uint256) (../sb/0x131cf0d3b3cc6763417bffb2dfdc119fdebca002.sol#305-312) is never used and should be removed
usingOraclize.oraclize_query(string,string[5]) (../sb/0x131cf0d3b3cc6763417bffb2dfdc119fdebca002.sol#313-321) is never used and should be removed
usingOraclize.oraclize_query(string,string[5],uint256) (../sb/0x131cf0d3b3cc6763417bffb2dfdc119fdebca002.sol#340-348) is never used and should be removed
usingOraclize.oraclize_query(string,string[]) (../sb/0x131cf0d3b3cc6763417bffb2dfdc119fdebca002.sol#183-188) is never used and should be removed
usingOraclize.oraclize_query(string,string[],uint256) (../sb/0x131cf0d3b3cc6763417bffb2dfdc119fdebca002.sol#201-206) is never used and should be removed
usingOraclize.oraclize_query(uint256,string,bytes[1]) (../sb/0x131cf0d3b3cc6763417bffb2dfdc119fdebca002.sol#378-382) is never used and should be removed
usingOraclize.oraclize_query(uint256,string,bytes[1],uint256) (../sb/0x131cf0d3b3cc6763417bffb2dfdc119fdebca002.sol#383-387) is never used and should be removed
usingOraclize.oraclize_query(uint256,string,bytes[2]) (../sb/0x131cf0d3b3cc6763417bffb2dfdc119fdebca002.sol#400-405) is never used and should be removed
usingOraclize.oraclize_query(uint256,string,bytes[2],uint256) (../sb/0x131cf0d3b3cc6763417bffb2dfdc119fdebca002.sol#406-411) is never used and should be removed
usingOraclize.oraclize_query(uint256,string,bytes[3]) (../sb/0x131cf0d3b3cc6763417bffb2dfdc119fdebca002.sol#425-431) is never used and should be removed
usingOraclize.oraclize_query(uint256,string,bytes[3],uint256) (../sb/0x131cf0d3b3cc6763417bffb2dfdc119fdebca002.sol#432-438) is never used and should be removed
usingOraclize.oraclize_query(uint256,string,bytes[4]) (../sb/0x131cf0d3b3cc6763417bffb2dfdc119fdebca002.sol#455-462) is never used and should be removed
usingOraclize.oraclize_query(uint256,string,bytes[4],uint256) (../sb/0x131cf0d3b3cc6763417bffb2dfdc119fdebca002.sol#463-470) is never used and should be removed
usingOraclize.oraclize_query(uint256,string,bytes[5]) (../sb/0x131cf0d3b3cc6763417bffb2dfdc119fdebca002.sol#488-496) is never used and should be removed
usingOraclize.oraclize_query(uint256,string,bytes[5],uint256) (../sb/0x131cf0d3b3cc6763417bffb2dfdc119fdebca002.sol#497-505) is never used and should be removed
usingOraclize.oraclize_query(uint256,string,bytes[]) (../sb/0x131cf0d3b3cc6763417bffb2dfdc119fdebca002.sol#355-360) is never used and should be removed
usingOraclize.oraclize_query(uint256,string,bytes[],uint256) (../sb/0x131cf0d3b3cc6763417bffb2dfdc119fdebca002.sol#361-366) is never used and should be removed
usingOraclize.oraclize_query(uint256,string,string,string) (../sb/0x131cf0d3b3cc6763417bffb2dfdc119fdebca002.sol#168-172) is never used and should be removed
usingOraclize.oraclize_query(uint256,string,string,string,uint256) (../sb/0x131cf0d3b3cc6763417bffb2dfdc119fdebca002.sol#173-177) is never used and should be removed
usingOraclize.oraclize_query(uint256,string,string,uint256) (../sb/0x131cf0d3b3cc6763417bffb2dfdc119fdebca002.sol#153-157) is never used and should be removed
usingOraclize.oraclize_query(uint256,string,string[1]) (../sb/0x131cf0d3b3cc6763417bffb2dfdc119fdebca002.sol#212-216) is never used and should be removed
usingOraclize.oraclize_query(uint256,string,string[1],uint256) (../sb/0x131cf0d3b3cc6763417bffb2dfdc119fdebca002.sol#217-221) is never used and should be removed
usingOraclize.oraclize_query(uint256,string,string[2]) (../sb/0x131cf0d3b3cc6763417bffb2dfdc119fdebca002.sol#234-239) is never used and should be removed
usingOraclize.oraclize_query(uint256,string,string[2],uint256) (../sb/0x131cf0d3b3cc6763417bffb2dfdc119fdebca002.sol#240-245) is never used and should be removed
usingOraclize.oraclize_query(uint256,string,string[3]) (../sb/0x131cf0d3b3cc6763417bffb2dfdc119fdebca002.sol#259-265) is never used and should be removed
usingOraclize.oraclize_query(uint256,string,string[3],uint256) (../sb/0x131cf0d3b3cc6763417bffb2dfdc119fdebca002.sol#266-272) is never used and should be removed
usingOraclize.oraclize_query(uint256,string,string[4]) (../sb/0x131cf0d3b3cc6763417bffb2dfdc119fdebca002.sol#289-296) is never used and should be removed
usingOraclize.oraclize_query(uint256,string,string[4],uint256) (../sb/0x131cf0d3b3cc6763417bffb2dfdc119fdebca002.sol#297-304) is never used and should be removed
usingOraclize.oraclize_query(uint256,string,string[5]) (../sb/0x131cf0d3b3cc6763417bffb2dfdc119fdebca002.sol#322-330) is never used and should be removed
usingOraclize.oraclize_query(uint256,string,string[5],uint256) (../sb/0x131cf0d3b3cc6763417bffb2dfdc119fdebca002.sol#331-339) is never used and should be removed
usingOraclize.oraclize_query(uint256,string,string[]) (../sb/0x131cf0d3b3cc6763417bffb2dfdc119fdebca002.sol#189-194) is never used and should be removed
usingOraclize.oraclize_query(uint256,string,string[],uint256) (../sb/0x131cf0d3b3cc6763417bffb2dfdc119fdebca002.sol#195-200) is never used and should be removed
usingOraclize.oraclize_randomDS_getSessionPubKeyHash() (../sb/0x131cf0d3b3cc6763417bffb2dfdc119fdebca002.sol#529-531) is never used and should be removed
usingOraclize.oraclize_randomDS_proofVerify__main(bytes,bytes32,bytes,string) (../sb/0x131cf0d3b3cc6763417bffb2dfdc119fdebca002.sol#877-924) is never used and should be removed
usingOraclize.oraclize_randomDS_proofVerify__sessionKeyValidity(bytes,uint256) (../sb/0x131cf0d3b3cc6763417bffb2dfdc119fdebca002.sol#822-855) is never used and should be removed
usingOraclize.oraclize_randomDS_setCommitment(bytes32,bytes32) (../sb/0x131cf0d3b3cc6763417bffb2dfdc119fdebca002.sol#787-789) is never used and should be removed
usingOraclize.oraclize_setConfig(bytes32) (../sb/0x131cf0d3b3cc6763417bffb2dfdc119fdebca002.sol#525-527) is never used and should be removed
usingOraclize.oraclize_setCustomGasPrice(uint256) (../sb/0x131cf0d3b3cc6763417bffb2dfdc119fdebca002.sol#522-524) is never used and should be removed
usingOraclize.oraclize_setNetwork(uint8) (../sb/0x131cf0d3b3cc6763417bffb2dfdc119fdebca002.sol#89-123) is never used and should be removed
usingOraclize.oraclize_setNetworkName(string) (../sb/0x131cf0d3b3cc6763417bffb2dfdc119fdebca002.sol#760-762) is never used and should be removed
usingOraclize.oraclize_useCoupon(string) (../sb/0x131cf0d3b3cc6763417bffb2dfdc119fdebca002.sol#131-133) is never used and should be removed
usingOraclize.parseAddr(string) (../sb/0x131cf0d3b3cc6763417bffb2dfdc119fdebca002.sol#539-557) is never used and should be removed
usingOraclize.parseInt(string) (../sb/0x131cf0d3b3cc6763417bffb2dfdc119fdebca002.sol#634-636) is never used and should be removed
usingOraclize.parseInt(string,uint256) (../sb/0x131cf0d3b3cc6763417bffb2dfdc119fdebca002.sol#639-655) is never used and should be removed
usingOraclize.safer_ecrecover(bytes32,uint8,bytes32,bytes32) (../sb/0x131cf0d3b3cc6763417bffb2dfdc119fdebca002.sol#954-979) is never used and should be removed
usingOraclize.strCompare(string,string) (../sb/0x131cf0d3b3cc6763417bffb2dfdc119fdebca002.sol#559-575) is never used and should be removed
usingOraclize.strConcat(string,string) (../sb/0x131cf0d3b3cc6763417bffb2dfdc119fdebca002.sol#629-631) is never used and should be removed
usingOraclize.strConcat(string,string,string) (../sb/0x131cf0d3b3cc6763417bffb2dfdc119fdebca002.sol#625-627) is never used and should be removed
usingOraclize.strConcat(string,string,string,string) (../sb/0x131cf0d3b3cc6763417bffb2dfdc119fdebca002.sol#621-623) is never used and should be removed
usingOraclize.strConcat(string,string,string,string,string) (../sb/0x131cf0d3b3cc6763417bffb2dfdc119fdebca002.sol#604-619) is never used and should be removed
usingOraclize.stra2cbor(string[]) (../sb/0x131cf0d3b3cc6763417bffb2dfdc119fdebca002.sol#674-714) is never used and should be removed
usingOraclize.uint2str(uint256) (../sb/0x131cf0d3b3cc6763417bffb2dfdc119fdebca002.sol#657-672) is never used and should be removed
usingOraclize.verifySig(bytes32,bytes,bytes) (../sb/0x131cf0d3b3cc6763417bffb2dfdc119fdebca002.sol#794-820) is never used and should be removed
Reference: https://github.com/crytic/slither/wiki/Detector-Documentation#dead-code

Deprecated standard detected THROW (../sb/0x131cf0d3b3cc6763417bffb2dfdc119fdebca002.sol#769):
	- Usage of "throw" should be replaced with "revert()"
Deprecated standard detected oraclize_randomDS_setCommitment(queryId,sha3()(bytes8(_delay),args[1],sha256()(args[0]),args[2])) (../sb/0x131cf0d3b3cc6763417bffb2dfdc119fdebca002.sol#783):
	- Usage of "sha3()" should be replaced with "keccak256()"
Deprecated standard detected address(sha3()(pubkey)) == signer (../sb/0x131cf0d3b3cc6763417bffb2dfdc119fdebca002.sol#815):
	- Usage of "sha3()" should be replaced with "keccak256()"
Deprecated standard detected (address(sha3()(pubkey)) == signer) (../sb/0x131cf0d3b3cc6763417bffb2dfdc119fdebca002.sol#818):
	- Usage of "sha3()" should be replaced with "keccak256()"
Deprecated standard detected checkok = (sha3()(keyhash) == sha3()(sha256()(context_name,queryId))) (../sb/0x131cf0d3b3cc6763417bffb2dfdc119fdebca002.sol#885):
	- Usage of "sha3()" should be replaced with "keccak256()"
Deprecated standard detected oraclize_randomDS_args[queryId] == sha3()(commitmentSlice1,sessionPubkeyHash) (../sb/0x131cf0d3b3cc6763417bffb2dfdc119fdebca002.sol#907):
	- Usage of "sha3()" should be replaced with "keccak256()"
Deprecated standard detected THROW (../sb/0x131cf0d3b3cc6763417bffb2dfdc119fdebca002.sol#933):
	- Usage of "throw" should be replaced with "revert()"
Deprecated standard detected THROW (../sb/0x131cf0d3b3cc6763417bffb2dfdc119fdebca002.sol#859):
	- Usage of "throw" should be replaced with "revert()"
Deprecated standard detected THROW (../sb/0x131cf0d3b3cc6763417bffb2dfdc119fdebca002.sol#862):
	- Usage of "throw" should be replaced with "revert()"
Deprecated standard detected THROW (../sb/0x131cf0d3b3cc6763417bffb2dfdc119fdebca002.sol#1045):
	- Usage of "throw" should be replaced with "revert()"
Reference: https://github.com/crytic/slither/wiki/Detector-Documentation#deprecated-standards

Version constraint ^0.4.0 contains known severe issues (https://solidity.readthedocs.io/en/latest/bugs.html)
	- DirtyBytesArrayToStorage
	- KeccakCaching
	- EmptyByteArrayCopy
	- DynamicArrayCleanup
	- TupleAssignmentMultiStackSlotComponents
	- MemoryArrayCreationOverflow
	- privateCanBeOverridden
	- IncorrectEventSignatureInLibraries_0.4.x
	- ExpExponentCleanup
	- NestedArrayFunctionCallDecoder
	- ZeroFunctionSelector
	- DelegateCallReturnValue
	- ECRecoverMalformedInput
	- SkipEmptyStringLiteral
	- ConstantOptimizerSubtraction
	- IdentityPrecompileReturnIgnored
	- HighOrderByteCleanStorage
	- OptimizerStaleKnowledgeAboutSHA3
	- LibrariesNotCallableFromPayableFunctions.
It is used by:
	- ^0.4.0 (../sb/0x131cf0d3b3cc6763417bffb2dfdc119fdebca002.sol#38)
	- ^0.4.0 (../sb/0x131cf0d3b3cc6763417bffb2dfdc119fdebca002.sol#1025)
solc-0.4.26 is an outdated solc version. Use a more recent version (at least 0.8.0), if possible.
Reference: https://github.com/crytic/slither/wiki/Detector-Documentation#incorrect-versions-of-solidity

Function OraclizeI.query_withGasLimit(uint256,string,string,uint256) (../sb/0x131cf0d3b3cc6763417bffb2dfdc119fdebca002.sol#43) is not in mixedCase
Function OraclizeI.query2_withGasLimit(uint256,string,string,string,uint256) (../sb/0x131cf0d3b3cc6763417bffb2dfdc119fdebca002.sol#45) is not in mixedCase
Function OraclizeI.queryN_withGasLimit(uint256,string,bytes,uint256) (../sb/0x131cf0d3b3cc6763417bffb2dfdc119fdebca002.sol#47) is not in mixedCase
Function OraclizeI.randomDS_getSessionPubKeyHash() (../sb/0x131cf0d3b3cc6763417bffb2dfdc119fdebca002.sol#54) is not in mixedCase
Contract usingOraclize (../sb/0x131cf0d3b3cc6763417bffb2dfdc119fdebca002.sol#59-1022) is not in CapWords
Function usingOraclize.oraclize_setNetwork(uint8) (../sb/0x131cf0d3b3cc6763417bffb2dfdc119fdebca002.sol#89-123) is not in mixedCase
Function usingOraclize.__callback(bytes32,string) (../sb/0x131cf0d3b3cc6763417bffb2dfdc119fdebca002.sol#125-127) is not in mixedCase
Function usingOraclize.__callback(bytes32,string,bytes) (../sb/0x131cf0d3b3cc6763417bffb2dfdc119fdebca002.sol#128-129) is not in mixedCase
Function usingOraclize.oraclize_useCoupon(string) (../sb/0x131cf0d3b3cc6763417bffb2dfdc119fdebca002.sol#131-133) is not in mixedCase
Function usingOraclize.oraclize_getPrice(string) (../sb/0x131cf0d3b3cc6763417bffb2dfdc119fdebca002.sol#135-137) is not in mixedCase
Function usingOraclize.oraclize_getPrice(string,uint256) (../sb/0x131cf0d3b3cc6763417bffb2dfdc119fdebca002.sol#139-141) is not in mixedCase
Function usingOraclize.oraclize_query(string,string) (../sb/0x131cf0d3b3cc6763417bffb2dfdc119fdebca002.sol#143-147) is not in mixedCase
Function usingOraclize.oraclize_query(uint256,string,string) (../sb/0x131cf0d3b3cc6763417bffb2dfdc119fdebca002.sol#148-152) is not in mixedCase
Function usingOraclize.oraclize_query(uint256,string,string,uint256) (../sb/0x131cf0d3b3cc6763417bffb2dfdc119fdebca002.sol#153-157) is not in mixedCase
Function usingOraclize.oraclize_query(string,string,uint256) (../sb/0x131cf0d3b3cc6763417bffb2dfdc119fdebca002.sol#158-162) is not in mixedCase
Function usingOraclize.oraclize_query(string,string,string) (../sb/0x131cf0d3b3cc6763417bffb2dfdc119fdebca002.sol#163-167) is not in mixedCase
Function usingOraclize.oraclize_query(uint256,string,string,string) (../sb/0x131cf0d3b3cc6763417bffb2dfdc119fdebca002.sol#168-172) is not in mixedCase
Function usingOraclize.oraclize_query(uint256,string,string,string,uint256) (../sb/0x131cf0d3b3cc6763417bffb2dfdc119fdebca002.sol#173-177) is not in mixedCase
Function usingOraclize.oraclize_query(string,string,string,uint256) (../sb/0x131cf0d3b3cc6763417bffb2dfdc119fdebca002.sol#178-182) is not in mixedCase
Function usingOraclize.oraclize_query(string,string[]) (../sb/0x131cf0d3b3cc6763417bffb2dfdc119fdebca002.sol#183-188) is not in mixedCase
Function usingOraclize.oraclize_query(uint256,string,string[]) (../sb/0x131cf0d3b3cc6763417bffb2dfdc119fdebca002.sol#189-194) is not in mixedCase
Function usingOraclize.oraclize_query(uint256,string,string[],uint256) (../sb/0x131cf0d3b3cc6763417bffb2dfdc119fdebca002.sol#195-200) is not in mixedCase
Function usingOraclize.oraclize_query(string,string[],uint256) (../sb/0x131cf0d3b3cc6763417bffb2dfdc119fdebca002.sol#201-206) is not in mixedCase
Function usingOraclize.oraclize_query(string,string[1]) (../sb/0x131cf0d3b3cc6763417bffb2dfdc119fdebca002.sol#207-211) is not in mixedCase
Function usingOraclize.oraclize_query(uint256,string,string[1]) (../sb/0x131cf0d3b3cc6763417bffb2dfdc119fdebca002.sol#212-216) is not in mixedCase
Function usingOraclize.oraclize_query(uint256,string,string[1],uint256) (../sb/0x131cf0d3b3cc6763417bffb2dfdc119fdebca002.sol#217-221) is not in mixedCase
Function usingOraclize.oraclize_query(string,string[1],uint256) (../sb/0x131cf0d3b3cc6763417bffb2dfdc119fdebca002.sol#222-226) is not in mixedCase
Function usingOraclize.oraclize_query(string,string[2]) (../sb/0x131cf0d3b3cc6763417bffb2dfdc119fdebca002.sol#228-233) is not in mixedCase
Function usingOraclize.oraclize_query(uint256,string,string[2]) (../sb/0x131cf0d3b3cc6763417bffb2dfdc119fdebca002.sol#234-239) is not in mixedCase
Function usingOraclize.oraclize_query(uint256,string,string[2],uint256) (../sb/0x131cf0d3b3cc6763417bffb2dfdc119fdebca002.sol#240-245) is not in mixedCase
Function usingOraclize.oraclize_query(string,string[2],uint256) (../sb/0x131cf0d3b3cc6763417bffb2dfdc119fdebca002.sol#246-251) is not in mixedCase
Function usingOraclize.oraclize_query(string,string[3]) (../sb/0x131cf0d3b3cc6763417bffb2dfdc119fdebca002.sol#252-258) is not in mixedCase
Function usingOraclize.oraclize_query(uint256,string,string[3]) (../sb/0x131cf0d3b3cc6763417bffb2dfdc119fdebca002.sol#259-265) is not in mixedCase
Function usingOraclize.oraclize_query(uint256,string,string[3],uint256) (../sb/0x131cf0d3b3cc6763417bffb2dfdc119fdebca002.sol#266-272) is not in mixedCase
Function usingOraclize.oraclize_query(string,string[3],uint256) (../sb/0x131cf0d3b3cc6763417bffb2dfdc119fdebca002.sol#273-279) is not in mixedCase
Function usingOraclize.oraclize_query(string,string[4]) (../sb/0x131cf0d3b3cc6763417bffb2dfdc119fdebca002.sol#281-288) is not in mixedCase
Function usingOraclize.oraclize_query(uint256,string,string[4]) (../sb/0x131cf0d3b3cc6763417bffb2dfdc119fdebca002.sol#289-296) is not in mixedCase
Function usingOraclize.oraclize_query(uint256,string,string[4],uint256) (../sb/0x131cf0d3b3cc6763417bffb2dfdc119fdebca002.sol#297-304) is not in mixedCase
Function usingOraclize.oraclize_query(string,string[4],uint256) (../sb/0x131cf0d3b3cc6763417bffb2dfdc119fdebca002.sol#305-312) is not in mixedCase
Function usingOraclize.oraclize_query(string,string[5]) (../sb/0x131cf0d3b3cc6763417bffb2dfdc119fdebca002.sol#313-321) is not in mixedCase
Function usingOraclize.oraclize_query(uint256,string,string[5]) (../sb/0x131cf0d3b3cc6763417bffb2dfdc119fdebca002.sol#322-330) is not in mixedCase
Function usingOraclize.oraclize_query(uint256,string,string[5],uint256) (../sb/0x131cf0d3b3cc6763417bffb2dfdc119fdebca002.sol#331-339) is not in mixedCase
Function usingOraclize.oraclize_query(string,string[5],uint256) (../sb/0x131cf0d3b3cc6763417bffb2dfdc119fdebca002.sol#340-348) is not in mixedCase
Function usingOraclize.oraclize_query(string,bytes[]) (../sb/0x131cf0d3b3cc6763417bffb2dfdc119fdebca002.sol#349-354) is not in mixedCase
Function usingOraclize.oraclize_query(uint256,string,bytes[]) (../sb/0x131cf0d3b3cc6763417bffb2dfdc119fdebca002.sol#355-360) is not in mixedCase
Function usingOraclize.oraclize_query(uint256,string,bytes[],uint256) (../sb/0x131cf0d3b3cc6763417bffb2dfdc119fdebca002.sol#361-366) is not in mixedCase
Function usingOraclize.oraclize_query(string,bytes[],uint256) (../sb/0x131cf0d3b3cc6763417bffb2dfdc119fdebca002.sol#367-372) is not in mixedCase
Function usingOraclize.oraclize_query(string,bytes[1]) (../sb/0x131cf0d3b3cc6763417bffb2dfdc119fdebca002.sol#373-377) is not in mixedCase
Function usingOraclize.oraclize_query(uint256,string,bytes[1]) (../sb/0x131cf0d3b3cc6763417bffb2dfdc119fdebca002.sol#378-382) is not in mixedCase
Function usingOraclize.oraclize_query(uint256,string,bytes[1],uint256) (../sb/0x131cf0d3b3cc6763417bffb2dfdc119fdebca002.sol#383-387) is not in mixedCase
Function usingOraclize.oraclize_query(string,bytes[1],uint256) (../sb/0x131cf0d3b3cc6763417bffb2dfdc119fdebca002.sol#388-392) is not in mixedCase
Function usingOraclize.oraclize_query(string,bytes[2]) (../sb/0x131cf0d3b3cc6763417bffb2dfdc119fdebca002.sol#394-399) is not in mixedCase
Function usingOraclize.oraclize_query(uint256,string,bytes[2]) (../sb/0x131cf0d3b3cc6763417bffb2dfdc119fdebca002.sol#400-405) is not in mixedCase
Function usingOraclize.oraclize_query(uint256,string,bytes[2],uint256) (../sb/0x131cf0d3b3cc6763417bffb2dfdc119fdebca002.sol#406-411) is not in mixedCase
Function usingOraclize.oraclize_query(string,bytes[2],uint256) (../sb/0x131cf0d3b3cc6763417bffb2dfdc119fdebca002.sol#412-417) is not in mixedCase
Function usingOraclize.oraclize_query(string,bytes[3]) (../sb/0x131cf0d3b3cc6763417bffb2dfdc119fdebca002.sol#418-424) is not in mixedCase
Function usingOraclize.oraclize_query(uint256,string,bytes[3]) (../sb/0x131cf0d3b3cc6763417bffb2dfdc119fdebca002.sol#425-431) is not in mixedCase
Function usingOraclize.oraclize_query(uint256,string,bytes[3],uint256) (../sb/0x131cf0d3b3cc6763417bffb2dfdc119fdebca002.sol#432-438) is not in mixedCase
Function usingOraclize.oraclize_query(string,bytes[3],uint256) (../sb/0x131cf0d3b3cc6763417bffb2dfdc119fdebca002.sol#439-445) is not in mixedCase
Function usingOraclize.oraclize_query(string,bytes[4]) (../sb/0x131cf0d3b3cc6763417bffb2dfdc119fdebca002.sol#447-454) is not in mixedCase
Function usingOraclize.oraclize_query(uint256,string,bytes[4]) (../sb/0x131cf0d3b3cc6763417bffb2dfdc119fdebca002.sol#455-462) is not in mixedCase
Function usingOraclize.oraclize_query(uint256,string,bytes[4],uint256) (../sb/0x131cf0d3b3cc6763417bffb2dfdc119fdebca002.sol#463-470) is not in mixedCase
Function usingOraclize.oraclize_query(string,bytes[4],uint256) (../sb/0x131cf0d3b3cc6763417bffb2dfdc119fdebca002.sol#471-478) is not in mixedCase
Function usingOraclize.oraclize_query(string,bytes[5]) (../sb/0x131cf0d3b3cc6763417bffb2dfdc119fdebca002.sol#479-487) is not in mixedCase
Function usingOraclize.oraclize_query(uint256,string,bytes[5]) (../sb/0x131cf0d3b3cc6763417bffb2dfdc119fdebca002.sol#488-496) is not in mixedCase
Function usingOraclize.oraclize_query(uint256,string,bytes[5],uint256) (../sb/0x131cf0d3b3cc6763417bffb2dfdc119fdebca002.sol#497-505) is not in mixedCase
Function usingOraclize.oraclize_query(string,bytes[5],uint256) (../sb/0x131cf0d3b3cc6763417bffb2dfdc119fdebca002.sol#506-514) is not in mixedCase
Function usingOraclize.oraclize_cbAddress() (../sb/0x131cf0d3b3cc6763417bffb2dfdc119fdebca002.sol#516-518) is not in mixedCase
Function usingOraclize.oraclize_setProof(bytes1) (../sb/0x131cf0d3b3cc6763417bffb2dfdc119fdebca002.sol#519-521) is not in mixedCase
Function usingOraclize.oraclize_setCustomGasPrice(uint256) (../sb/0x131cf0d3b3cc6763417bffb2dfdc119fdebca002.sol#522-524) is not in mixedCase
Function usingOraclize.oraclize_setConfig(bytes32) (../sb/0x131cf0d3b3cc6763417bffb2dfdc119fdebca002.sol#525-527) is not in mixedCase
Function usingOraclize.oraclize_randomDS_getSessionPubKeyHash() (../sb/0x131cf0d3b3cc6763417bffb2dfdc119fdebca002.sol#529-531) is not in mixedCase
Parameter usingOraclize.parseAddr(string)._a (../sb/0x131cf0d3b3cc6763417bffb2dfdc119fdebca002.sol#539) is not in mixedCase
Parameter usingOraclize.strCompare(string,string)._a (../sb/0x131cf0d3b3cc6763417bffb2dfdc119fdebca002.sol#559) is not in mixedCase
Parameter usingOraclize.strCompare(string,string)._b (../sb/0x131cf0d3b3cc6763417bffb2dfdc119fdebca002.sol#559) is not in mixedCase
Parameter usingOraclize.indexOf(string,string)._haystack (../sb/0x131cf0d3b3cc6763417bffb2dfdc119fdebca002.sol#577) is not in mixedCase
Parameter usingOraclize.indexOf(string,string)._needle (../sb/0x131cf0d3b3cc6763417bffb2dfdc119fdebca002.sol#577) is not in mixedCase
Parameter usingOraclize.strConcat(string,string,string,string,string)._a (../sb/0x131cf0d3b3cc6763417bffb2dfdc119fdebca002.sol#604) is not in mixedCase
Parameter usingOraclize.strConcat(string,string,string,string,string)._b (../sb/0x131cf0d3b3cc6763417bffb2dfdc119fdebca002.sol#604) is not in mixedCase
Parameter usingOraclize.strConcat(string,string,string,string,string)._c (../sb/0x131cf0d3b3cc6763417bffb2dfdc119fdebca002.sol#604) is not in mixedCase
Parameter usingOraclize.strConcat(string,string,string,string,string)._d (../sb/0x131cf0d3b3cc6763417bffb2dfdc119fdebca002.sol#604) is not in mixedCase
Parameter usingOraclize.strConcat(string,string,string,string,string)._e (../sb/0x131cf0d3b3cc6763417bffb2dfdc119fdebca002.sol#604) is not in mixedCase
Parameter usingOraclize.strConcat(string,string,string,string)._a (../sb/0x131cf0d3b3cc6763417bffb2dfdc119fdebca002.sol#621) is not in mixedCase
Parameter usingOraclize.strConcat(string,string,string,string)._b (../sb/0x131cf0d3b3cc6763417bffb2dfdc119fdebca002.sol#621) is not in mixedCase
Parameter usingOraclize.strConcat(string,string,string,string)._c (../sb/0x131cf0d3b3cc6763417bffb2dfdc119fdebca002.sol#621) is not in mixedCase
Parameter usingOraclize.strConcat(string,string,string,string)._d (../sb/0x131cf0d3b3cc6763417bffb2dfdc119fdebca002.sol#621) is not in mixedCase
Parameter usingOraclize.strConcat(string,string,string)._a (../sb/0x131cf0d3b3cc6763417bffb2dfdc119fdebca002.sol#625) is not in mixedCase
Parameter usingOraclize.strConcat(string,string,string)._b (../sb/0x131cf0d3b3cc6763417bffb2dfdc119fdebca002.sol#625) is not in mixedCase
Parameter usingOraclize.strConcat(string,string,string)._c (../sb/0x131cf0d3b3cc6763417bffb2dfdc119fdebca002.sol#625) is not in mixedCase
Parameter usingOraclize.strConcat(string,string)._a (../sb/0x131cf0d3b3cc6763417bffb2dfdc119fdebca002.sol#629) is not in mixedCase
Parameter usingOraclize.strConcat(string,string)._b (../sb/0x131cf0d3b3cc6763417bffb2dfdc119fdebca002.sol#629) is not in mixedCase
Parameter usingOraclize.parseInt(string)._a (../sb/0x131cf0d3b3cc6763417bffb2dfdc119fdebca002.sol#634) is not in mixedCase
Parameter usingOraclize.parseInt(string,uint256)._a (../sb/0x131cf0d3b3cc6763417bffb2dfdc119fdebca002.sol#639) is not in mixedCase
Parameter usingOraclize.parseInt(string,uint256)._b (../sb/0x131cf0d3b3cc6763417bffb2dfdc119fdebca002.sol#639) is not in mixedCase
Function usingOraclize.oraclize_setNetworkName(string) (../sb/0x131cf0d3b3cc6763417bffb2dfdc119fdebca002.sol#760-762) is not in mixedCase
Parameter usingOraclize.oraclize_setNetworkName(string)._network_name (../sb/0x131cf0d3b3cc6763417bffb2dfdc119fdebca002.sol#760) is not in mixedCase
Function usingOraclize.oraclize_getNetworkName() (../sb/0x131cf0d3b3cc6763417bffb2dfdc119fdebca002.sol#764-766) is not in mixedCase
Function usingOraclize.oraclize_newRandomDSQuery(uint256,uint256,uint256) (../sb/0x131cf0d3b3cc6763417bffb2dfdc119fdebca002.sol#768-785) is not in mixedCase
Parameter usingOraclize.oraclize_newRandomDSQuery(uint256,uint256,uint256)._delay (../sb/0x131cf0d3b3cc6763417bffb2dfdc119fdebca002.sol#768) is not in mixedCase
Parameter usingOraclize.oraclize_newRandomDSQuery(uint256,uint256,uint256)._nbytes (../sb/0x131cf0d3b3cc6763417bffb2dfdc119fdebca002.sol#768) is not in mixedCase
Parameter usingOraclize.oraclize_newRandomDSQuery(uint256,uint256,uint256)._customGasLimit (../sb/0x131cf0d3b3cc6763417bffb2dfdc119fdebca002.sol#768) is not in mixedCase
Function usingOraclize.oraclize_randomDS_setCommitment(bytes32,bytes32) (../sb/0x131cf0d3b3cc6763417bffb2dfdc119fdebca002.sol#787-789) is not in mixedCase
Function usingOraclize.oraclize_randomDS_proofVerify__sessionKeyValidity(bytes,uint256) (../sb/0x131cf0d3b3cc6763417bffb2dfdc119fdebca002.sol#822-855) is not in mixedCase
Function usingOraclize.oraclize_randomDS_proofVerify__main(bytes,bytes32,bytes,string) (../sb/0x131cf0d3b3cc6763417bffb2dfdc119fdebca002.sol#877-924) is not in mixedCase
Parameter usingOraclize.oraclize_randomDS_proofVerify__main(bytes,bytes32,bytes,string).context_name (../sb/0x131cf0d3b3cc6763417bffb2dfdc119fdebca002.sol#877) is not in mixedCase
Function usingOraclize.safer_ecrecover(bytes32,uint8,bytes32,bytes32) (../sb/0x131cf0d3b3cc6763417bffb2dfdc119fdebca002.sol#954-979) is not in mixedCase
Constant usingOraclize.day (../sb/0x131cf0d3b3cc6763417bffb2dfdc119fdebca002.sol#60) is not in UPPER_CASE_WITH_UNDERSCORES
Constant usingOraclize.week (../sb/0x131cf0d3b3cc6763417bffb2dfdc119fdebca002.sol#61) is not in UPPER_CASE_WITH_UNDERSCORES
Constant usingOraclize.month (../sb/0x131cf0d3b3cc6763417bffb2dfdc119fdebca002.sol#62) is not in UPPER_CASE_WITH_UNDERSCORES
Constant usingOraclize.proofType_NONE (../sb/0x131cf0d3b3cc6763417bffb2dfdc119fdebca002.sol#63) is not in UPPER_CASE_WITH_UNDERSCORES
Constant usingOraclize.proofType_TLSNotary (../sb/0x131cf0d3b3cc6763417bffb2dfdc119fdebca002.sol#64) is not in UPPER_CASE_WITH_UNDERSCORES
Constant usingOraclize.proofType_Android (../sb/0x131cf0d3b3cc6763417bffb2dfdc119fdebca002.sol#65) is not in UPPER_CASE_WITH_UNDERSCORES
Constant usingOraclize.proofType_Ledger (../sb/0x131cf0d3b3cc6763417bffb2dfdc119fdebca002.sol#66) is not in UPPER_CASE_WITH_UNDERSCORES
Constant usingOraclize.proofType_Native (../sb/0x131cf0d3b3cc6763417bffb2dfdc119fdebca002.sol#67) is not in UPPER_CASE_WITH_UNDERSCORES
Constant usingOraclize.proofStorage_IPFS (../sb/0x131cf0d3b3cc6763417bffb2dfdc119fdebca002.sol#68) is not in UPPER_CASE_WITH_UNDERSCORES
Constant usingOraclize.networkID_auto (../sb/0x131cf0d3b3cc6763417bffb2dfdc119fdebca002.sol#69) is not in UPPER_CASE_WITH_UNDERSCORES
Constant usingOraclize.networkID_mainnet (../sb/0x131cf0d3b3cc6763417bffb2dfdc119fdebca002.sol#70) is not in UPPER_CASE_WITH_UNDERSCORES
Constant usingOraclize.networkID_testnet (../sb/0x131cf0d3b3cc6763417bffb2dfdc119fdebca002.sol#71) is not in UPPER_CASE_WITH_UNDERSCORES
Constant usingOraclize.networkID_morden (../sb/0x131cf0d3b3cc6763417bffb2dfdc119fdebca002.sol#72) is not in UPPER_CASE_WITH_UNDERSCORES
Constant usingOraclize.networkID_consensys (../sb/0x131cf0d3b3cc6763417bffb2dfdc119fdebca002.sol#73) is not in UPPER_CASE_WITH_UNDERSCORES
Variable usingOraclize.OAR (../sb/0x131cf0d3b3cc6763417bffb2dfdc119fdebca002.sol#75) is not in mixedCase
Variable usingOraclize.oraclize_network_name (../sb/0x131cf0d3b3cc6763417bffb2dfdc119fdebca002.sol#759) is not in mixedCase
Variable usingOraclize.oraclize_randomDS_args (../sb/0x131cf0d3b3cc6763417bffb2dfdc119fdebca002.sol#791) is not in mixedCase
Variable usingOraclize.oraclize_randomDS_sessionKeysHashVerified (../sb/0x131cf0d3b3cc6763417bffb2dfdc119fdebca002.sol#792) is not in mixedCase
Modifier usingOraclize.oraclize_randomDS_proofVerify(bytes32,string,bytes) (../sb/0x131cf0d3b3cc6763417bffb2dfdc119fdebca002.sol#857-865) is not in mixedCase
Event KrakenPriceTicker.newOraclizeQuery(string) (../sb/0x131cf0d3b3cc6763417bffb2dfdc119fdebca002.sol#1031) is not in CapWords
Event KrakenPriceTicker.newKrakenPriceTicker(string) (../sb/0x131cf0d3b3cc6763417bffb2dfdc119fdebca002.sol#1032) is not in CapWords
Function KrakenPriceTicker.__callback(bytes32,string,bytes) (../sb/0x131cf0d3b3cc6763417bffb2dfdc119fdebca002.sol#1044-1049) is not in mixedCase
Variable KrakenPriceTicker.ETHXBT (../sb/0x131cf0d3b3cc6763417bffb2dfdc119fdebca002.sol#1029) is not in mixedCase
Reference: https://github.com/crytic/slither/wiki/Detector-Documentation#conformance-to-solidity-naming-conventions

usingOraclize.oraclize_query(string,string) (../sb/0x131cf0d3b3cc6763417bffb2dfdc119fdebca002.sol#143-147) uses literals with too many digits:
	- price > 1000000000000000000 + tx.gasprice * 200000 (../sb/0x131cf0d3b3cc6763417bffb2dfdc119fdebca002.sol#145)
usingOraclize.oraclize_query(uint256,string,string) (../sb/0x131cf0d3b3cc6763417bffb2dfdc119fdebca002.sol#148-152) uses literals with too many digits:
	- price > 1000000000000000000 + tx.gasprice * 200000 (../sb/0x131cf0d3b3cc6763417bffb2dfdc119fdebca002.sol#150)
usingOraclize.oraclize_query(string,string,string) (../sb/0x131cf0d3b3cc6763417bffb2dfdc119fdebca002.sol#163-167) uses literals with too many digits:
	- price > 1000000000000000000 + tx.gasprice * 200000 (../sb/0x131cf0d3b3cc6763417bffb2dfdc119fdebca002.sol#165)
usingOraclize.oraclize_query(uint256,string,string,string) (../sb/0x131cf0d3b3cc6763417bffb2dfdc119fdebca002.sol#168-172) uses literals with too many digits:
	- price > 1000000000000000000 + tx.gasprice * 200000 (../sb/0x131cf0d3b3cc6763417bffb2dfdc119fdebca002.sol#170)
usingOraclize.oraclize_query(string,string[]) (../sb/0x131cf0d3b3cc6763417bffb2dfdc119fdebca002.sol#183-188) uses literals with too many digits:
	- price > 1000000000000000000 + tx.gasprice * 200000 (../sb/0x131cf0d3b3cc6763417bffb2dfdc119fdebca002.sol#185)
usingOraclize.oraclize_query(uint256,string,string[]) (../sb/0x131cf0d3b3cc6763417bffb2dfdc119fdebca002.sol#189-194) uses literals with too many digits:
	- price > 1000000000000000000 + tx.gasprice * 200000 (../sb/0x131cf0d3b3cc6763417bffb2dfdc119fdebca002.sol#191)
usingOraclize.oraclize_query(string,bytes[]) (../sb/0x131cf0d3b3cc6763417bffb2dfdc119fdebca002.sol#349-354) uses literals with too many digits:
	- price > 1000000000000000000 + tx.gasprice * 200000 (../sb/0x131cf0d3b3cc6763417bffb2dfdc119fdebca002.sol#351)
usingOraclize.oraclize_query(uint256,string,bytes[]) (../sb/0x131cf0d3b3cc6763417bffb2dfdc119fdebca002.sol#355-360) uses literals with too many digits:
	- price > 1000000000000000000 + tx.gasprice * 200000 (../sb/0x131cf0d3b3cc6763417bffb2dfdc119fdebca002.sol#357)
Reference: https://github.com/crytic/slither/wiki/Detector-Documentation#too-many-digits

usingOraclize.day (../sb/0x131cf0d3b3cc6763417bffb2dfdc119fdebca002.sol#60) is never used in KrakenPriceTicker (../sb/0x131cf0d3b3cc6763417bffb2dfdc119fdebca002.sol#1027-1061)
usingOraclize.week (../sb/0x131cf0d3b3cc6763417bffb2dfdc119fdebca002.sol#61) is never used in KrakenPriceTicker (../sb/0x131cf0d3b3cc6763417bffb2dfdc119fdebca002.sol#1027-1061)
usingOraclize.month (../sb/0x131cf0d3b3cc6763417bffb2dfdc119fdebca002.sol#62) is never used in KrakenPriceTicker (../sb/0x131cf0d3b3cc6763417bffb2dfdc119fdebca002.sol#1027-1061)
usingOraclize.proofType_NONE (../sb/0x131cf0d3b3cc6763417bffb2dfdc119fdebca002.sol#63) is never used in KrakenPriceTicker (../sb/0x131cf0d3b3cc6763417bffb2dfdc119fdebca002.sol#1027-1061)
usingOraclize.proofType_Android (../sb/0x131cf0d3b3cc6763417bffb2dfdc119fdebca002.sol#65) is never used in KrakenPriceTicker (../sb/0x131cf0d3b3cc6763417bffb2dfdc119fdebca002.sol#1027-1061)
usingOraclize.proofType_Ledger (../sb/0x131cf0d3b3cc6763417bffb2dfdc119fdebca002.sol#66) is never used in KrakenPriceTicker (../sb/0x131cf0d3b3cc6763417bffb2dfdc119fdebca002.sol#1027-1061)
usingOraclize.proofType_Native (../sb/0x131cf0d3b3cc6763417bffb2dfdc119fdebca002.sol#67) is never used in KrakenPriceTicker (../sb/0x131cf0d3b3cc6763417bffb2dfdc119fdebca002.sol#1027-1061)
usingOraclize.networkID_mainnet (../sb/0x131cf0d3b3cc6763417bffb2dfdc119fdebca002.sol#70) is never used in KrakenPriceTicker (../sb/0x131cf0d3b3cc6763417bffb2dfdc119fdebca002.sol#1027-1061)
usingOraclize.networkID_testnet (../sb/0x131cf0d3b3cc6763417bffb2dfdc119fdebca002.sol#71) is never used in KrakenPriceTicker (../sb/0x131cf0d3b3cc6763417bffb2dfdc119fdebca002.sol#1027-1061)
usingOraclize.networkID_morden (../sb/0x131cf0d3b3cc6763417bffb2dfdc119fdebca002.sol#72) is never used in KrakenPriceTicker (../sb/0x131cf0d3b3cc6763417bffb2dfdc119fdebca002.sol#1027-1061)
usingOraclize.networkID_consensys (../sb/0x131cf0d3b3cc6763417bffb2dfdc119fdebca002.sol#73) is never used in KrakenPriceTicker (../sb/0x131cf0d3b3cc6763417bffb2dfdc119fdebca002.sol#1027-1061)
Reference: https://github.com/crytic/slither/wiki/Detector-Documentation#unused-state-variable

query(uint256,string,string) should be declared external:
	- OraclizeI.query(uint256,string,string) (../sb/0x131cf0d3b3cc6763417bffb2dfdc119fdebca002.sol#42)
query_withGasLimit(uint256,string,string,uint256) should be declared external:
	- OraclizeI.query_withGasLimit(uint256,string,string,uint256) (../sb/0x131cf0d3b3cc6763417bffb2dfdc119fdebca002.sol#43)
query2(uint256,string,string,string) should be declared external:
	- OraclizeI.query2(uint256,string,string,string) (../sb/0x131cf0d3b3cc6763417bffb2dfdc119fdebca002.sol#44)
query2_withGasLimit(uint256,string,string,string,uint256) should be declared external:
	- OraclizeI.query2_withGasLimit(uint256,string,string,string,uint256) (../sb/0x131cf0d3b3cc6763417bffb2dfdc119fdebca002.sol#45)
queryN(uint256,string,bytes) should be declared external:
	- OraclizeI.queryN(uint256,string,bytes) (../sb/0x131cf0d3b3cc6763417bffb2dfdc119fdebca002.sol#46)
queryN_withGasLimit(uint256,string,bytes,uint256) should be declared external:
	- OraclizeI.queryN_withGasLimit(uint256,string,bytes,uint256) (../sb/0x131cf0d3b3cc6763417bffb2dfdc119fdebca002.sol#47)
getPrice(string) should be declared external:
	- OraclizeI.getPrice(string) (../sb/0x131cf0d3b3cc6763417bffb2dfdc119fdebca002.sol#48)
getPrice(string,uint256) should be declared external:
	- OraclizeI.getPrice(string,uint256) (../sb/0x131cf0d3b3cc6763417bffb2dfdc119fdebca002.sol#49)
useCoupon(string) should be declared external:
	- OraclizeI.useCoupon(string) (../sb/0x131cf0d3b3cc6763417bffb2dfdc119fdebca002.sol#50)
__callback(bytes32,string) should be declared external:
	- usingOraclize.__callback(bytes32,string) (../sb/0x131cf0d3b3cc6763417bffb2dfdc119fdebca002.sol#125-127)
Reference: https://github.com/crytic/slither/wiki/Detector-Documentation#public-function-that-could-be-declared-external
/sb/0x131cf0d3b3cc6763417bffb2dfdc119fdebca002.sol analyzed (4 contracts with 100 detectors), 311 result(s) found
