Extract contract CMCEthereumTicker from /sb/0xa70bbfe72a97b2bbf08fead044ae020e5c5ae76f.sol
Extract contract DBIPToken from /sb/0xa70bbfe72a97b2bbf08fead044ae020e5c5ae76f.sol
Extract contract Freezable from /sb/0xa70bbfe72a97b2bbf08fead044ae020e5c5ae76f.sol
Extract contract Ownable from /sb/0xa70bbfe72a97b2bbf08fead044ae020e5c5ae76f.sol
Extract contract PresaleToken from /sb/0xa70bbfe72a97b2bbf08fead044ae020e5c5ae76f.sol
Extract contract SafeMath from /sb/0xa70bbfe72a97b2bbf08fead044ae020e5c5ae76f.sol
Extract contract TickerController from /sb/0xa70bbfe72a97b2bbf08fead044ae020e5c5ae76f.sol
Extract contract usingOraclize from /sb/0xa70bbfe72a97b2bbf08fead044ae020e5c5ae76f.sol
Extracted 8 contract(s) from /sb/0xa70bbfe72a97b2bbf08fead044ae020e5c5ae76f.sol
[0;32m> Created "fuzzMe"[0m
[0;32m> To fuzz contracts:[0m
  chmod +x fuzzMe
  ./fuzzMe
contracts/DBIPToken.sol:766:45: Warning: "throw" is deprecated in favour of "revert()", "require()" and "assert()".
        if ((_nbytes == 0)||(_nbytes > 32)) throw;
                                            ^---^
contracts/DBIPToken.sol:856:71: Warning: "throw" is deprecated in favour of "revert()", "require()" and "assert()".
        if ((_proof[0] != "L")||(_proof[1] != "P")||(_proof[2] != 1)) throw;
                                                                      ^---^
contracts/DBIPToken.sol:859:37: Warning: "throw" is deprecated in favour of "revert()", "require()" and "assert()".
        if (proofVerified == false) throw;
                                    ^---^
contracts/DBIPToken.sol:867:14: Warning: Use of the "var" keyword is deprecated.
        for (var i=0; i<prefix.length; i++){
             ^---^
contracts/DBIPToken.sol:930:13: Warning: "throw" is deprecated in favour of "revert()", "require()" and "assert()".
            throw; // Should be a better way?
            ^---^
contracts/DBIPToken.sol:1051:3: Warning: Defining constructors as functions with the same name as the contract is deprecated. Use "constructor(...) { ... }" instead.
  function Ownable() {
  ^ (Relevant source part starts here and spans across multiple lines).
contracts/DBIPToken.sol:1099:5: Warning: Defining constructors as functions with the same name as the contract is deprecated. Use "constructor(...) { ... }" instead.
    function CMCEthereumTicker(address _manager, uint256 _delay) {
    ^ (Relevant source part starts here and spans across multiple lines).
contracts/DBIPToken.sol:1246:5: Warning: Defining constructors as functions with the same name as the contract is deprecated. Use "constructor(...) { ... }" instead.
    function DBIPToken (uint256 _initial_supply) {
    ^ (Relevant source part starts here and spans across multiple lines).
contracts/DBIPToken.sol:1346:5: Warning: Defining constructors as functions with the same name as the contract is deprecated. Use "constructor(...) { ... }" instead.
    function PresaleToken(uint256 _limitUSD, uint256 _priceCents) {
    ^ (Relevant source part starts here and spans across multiple lines).
contracts/DBIPToken.sol:1493:9: Warning: Use of the "var" keyword is deprecated.
        var migratedValue = token.balanceOf(_owner);
        ^---------------^
contracts/DBIPToken.sol:1276:58: Warning: This declaration shadows an existing declaration.
    function balanceOf(address _owner) constant returns (uint256 balanceOf) {
                                                         ^---------------^
contracts/DBIPToken.sol:1276:5: The shadowed declaration is here:
    function balanceOf(address _owner) constant returns (uint256 balanceOf) {
    ^ (Relevant source part starts here and spans across multiple lines).

contracts/DBIPToken.sol:1280:46: Warning: This declaration shadows an existing declaration.
    function totalSupply() constant returns (uint256 totalSupply) {
                                             ^-----------------^
contracts/DBIPToken.sol:1280:5: The shadowed declaration is here:
    function totalSupply() constant returns (uint256 totalSupply) {
    ^ (Relevant source part starts here and spans across multiple lines).

contracts/DBIPToken.sol:780:50: Warning: "sha3" has been deprecated in favour of "keccak256"
        oraclize_randomDS_setCommitment(queryId, sha3(bytes8(_delay), args[1], sha256(args[0]), args[2]));
                                                 ^-----------------------------------------------------^
contracts/DBIPToken.sol:780:50: Warning: This function only accepts a single "bytes" argument. Please use "abi.encodePacked(...)" or a similar function to encode the data.
        oraclize_randomDS_setCommitment(queryId, sha3(bytes8(_delay), args[1], sha256(args[0]), args[2]));
                                                 ^-----------------------------------------------------^
contracts/DBIPToken.sol:812:21: Warning: "sha3" has been deprecated in favour of "keccak256"
        if (address(sha3(pubkey)) == signer) return true;
                    ^----------^
contracts/DBIPToken.sol:815:29: Warning: "sha3" has been deprecated in favour of "keccak256"
            return (address(sha3(pubkey)) == signer);
                            ^----------^
contracts/DBIPToken.sol:830:22: Warning: Decimal literal assigned to bytesXX variable will be left-aligned. Use an explicit conversion to silence this warning.
        tosign2[0] = 1; //role
                     ^
contracts/DBIPToken.sol:867:14: Warning: The type of this variable was inferred as uint8, which can hold values between 0 and 255. This is probably not desired. Use an explicit type to silence this warning.
        for (var i=0; i<prefix.length; i++){
             ^-----^
contracts/DBIPToken.sol:882:20: Warning: "sha3" has been deprecated in favour of "keccak256"
        checkok = (sha3(keyhash) == sha3(sha256(context_name, queryId)));
                   ^-----------^
contracts/DBIPToken.sol:882:42: Warning: This function only accepts a single "bytes" argument. Please use "abi.encodePacked(...)" or a similar function to encode the data.
        checkok = (sha3(keyhash) == sha3(sha256(context_name, queryId)));
                                         ^---------------------------^
contracts/DBIPToken.sol:882:37: Warning: "sha3" has been deprecated in favour of "keccak256"
        checkok = (sha3(keyhash) == sha3(sha256(context_name, queryId)));
                                    ^---------------------------------^
contracts/DBIPToken.sol:882:37: Warning: This function only accepts a single "bytes" argument. Please use "abi.encodePacked(...)" or a similar function to encode the data.
        checkok = (sha3(keyhash) == sha3(sha256(context_name, queryId)));
                                    ^---------------------------------^
contracts/DBIPToken.sol:882:37: Warning: The provided argument of type bytes32 is not implicitly convertible to expected type bytes memory.
        checkok = (sha3(keyhash) == sha3(sha256(context_name, queryId)));
                                    ^---------------------------------^
contracts/DBIPToken.sol:904:48: Warning: "sha3" has been deprecated in favour of "keccak256"
        if (oraclize_randomDS_args[queryId] == sha3(commitmentSlice1, sessionPubkeyHash)){ //unonce, nbytes and sessionKeyHash match
                                               ^---------------------------------------^
contracts/DBIPToken.sol:904:48: Warning: This function only accepts a single "bytes" argument. Please use "abi.encodePacked(...)" or a similar function to encode the data.
        if (oraclize_randomDS_args[queryId] == sha3(commitmentSlice1, sessionPubkeyHash)){ //unonce, nbytes and sessionKeyHash match
                                               ^---------------------------------------^
contracts/DBIPToken.sol:1132:9: Warning: Invoking events without "emit" prefix is deprecated.
        newPriceTicker(result);
        ^--------------------^
contracts/DBIPToken.sol:1139:40: Warning: Using contract member "balance" inherited from the address type is deprecated. Convert the contract to "address" type to access the member, for example use "address(contract).balance" instead.
        if (oraclize.getPrice("URL") > this.balance) {
                                       ^----------^
contracts/DBIPToken.sol:1140:13: Warning: Invoking events without "emit" prefix is deprecated.
            newOraclizeQuery("Oraclize query was NOT sent, please add some ETH to cover for the query fee");
            ^---------------------------------------------------------------------------------------------^
contracts/DBIPToken.sol:1142:13: Warning: Invoking events without "emit" prefix is deprecated.
            newOraclizeQuery("Oraclize query was sent, standing by for the answer..");
            ^-----------------------------------------------------------------------^
contracts/DBIPToken.sol:1148:40: Warning: Using contract member "balance" inherited from the address type is deprecated. Convert the contract to "address" type to access the member, for example use "address(contract).balance" instead.
        if (oraclize.getPrice("URL") > this.balance) {
                                       ^----------^
contracts/DBIPToken.sol:1149:13: Warning: Invoking events without "emit" prefix is deprecated.
            newOraclizeQuery("Oraclize query was NOT sent, please add some ETH to cover for the query fee");
            ^---------------------------------------------------------------------------------------------^
contracts/DBIPToken.sol:1151:13: Warning: Invoking events without "emit" prefix is deprecated.
            newOraclizeQuery("Oraclize query was sent, standing by for the answer..");
            ^-----------------------------------------------------------------------^
contracts/DBIPToken.sol:1269:9: Warning: Invoking events without "emit" prefix is deprecated.
        Transfer(owner,_to,_value);
        ^------------------------^
contracts/DBIPToken.sol:1294:9: Warning: Invoking events without "emit" prefix is deprecated.
        Transfer(msg.sender,_to,_value);
        ^-----------------------------^
contracts/DBIPToken.sol:1303:9: Warning: Invoking events without "emit" prefix is deprecated.
        Approval(msg.sender,_spender,_value);
        ^----------------------------------^
contracts/DBIPToken.sol:1316:9: Warning: Invoking events without "emit" prefix is deprecated.
        Transfer(_from,_to,_value);
        ^------------------------^
contracts/DBIPToken.sol:1436:13: Warning: Invoking events without "emit" prefix is deprecated.
            LogBuy(_buyer, remainder, centsPerETH);
            ^------------------------------------^
contracts/DBIPToken.sol:1441:13: Warning: Invoking events without "emit" prefix is deprecated.
            LogBuy(_buyer, newTokens, centsPerETH);
            ^------------------------------------^
contracts/DBIPToken.sol:1447:13: Warning: Invoking events without "emit" prefix is deprecated.
            LogPhaseSwitch(Phase.Finished);
            ^----------------------------^
contracts/DBIPToken.sol:1472:13: Warning: Invoking events without "emit" prefix is deprecated.
            LogBuy(_buyer, remainder, centsPerETH);
            ^------------------------------------^
contracts/DBIPToken.sol:1478:13: Warning: Invoking events without "emit" prefix is deprecated.
            LogBuy(_buyer, newTokens, centsPerETH);
            ^------------------------------------^
contracts/DBIPToken.sol:1484:13: Warning: Invoking events without "emit" prefix is deprecated.
            LogPhaseSwitch(Phase.Finished);
            ^----------------------------^
contracts/DBIPToken.sol:1495:9: Warning: Invoking events without "emit" prefix is deprecated.
        LogMigrate(_owner, migratedValue);
        ^-------------------------------^
contracts/DBIPToken.sol:1498:13: Warning: Invoking events without "emit" prefix is deprecated.
            LogPhaseSwitch(Phase.Migrated);
            ^----------------------------^
contracts/DBIPToken.sol:1509:9: Warning: Invoking events without "emit" prefix is deprecated.
        LogPhaseSwitch(Phase.Running);
        ^---------------------------^
contracts/DBIPToken.sol:1518:9: Warning: Invoking events without "emit" prefix is deprecated.
        LogPhaseSwitch(Phase.Finished);
        ^----------------------------^
contracts/DBIPToken.sol:1532:9: Warning: Invoking events without "emit" prefix is deprecated.
        LogPhaseSwitch(Phase.Finalized);
        ^-----------------------------^
contracts/DBIPToken.sol:1542:9: Warning: Invoking events without "emit" prefix is deprecated.
        LogPhaseSwitch(Phase.Migrating);
        ^-----------------------------^
contracts/DBIPToken.sol:1547:16: Warning: Using contract member "balance" inherited from the address type is deprecated. Convert the contract to "address" type to access the member, for example use "address(contract).balance" instead.
        assert(this.balance > 0);
               ^----------^
contracts/DBIPToken.sol:1548:24: Warning: Using contract member "balance" inherited from the address type is deprecated. Convert the contract to "address" type to access the member, for example use "address(contract).balance" instead.
        owner.transfer(this.balance);
                       ^----------^
contracts/DBIPToken.sol:1573:9: Warning: Invoking events without "emit" prefix is deprecated.
        LogPhaseSwitch(Phase.Running);
        ^---------------------------^
contracts/DBIPToken.sol:1584:9: Warning: Invoking events without "emit" prefix is deprecated.
        LogGive(_address, _value, _reason);
        ^--------------------------------^
contracts/DBIPToken.sol:39:5: Warning: No visibility specified. Defaulting to "public". 
    function query(uint _timestamp, string _datasource, string _arg) payable returns (bytes32 _id);
    ^---------------------------------------------------------------------------------------------^
contracts/DBIPToken.sol:40:5: Warning: No visibility specified. Defaulting to "public". 
    function query_withGasLimit(uint _timestamp, string _datasource, string _arg, uint _gaslimit) payable returns (bytes32 _id);
    ^--------------------------------------------------------------------------------------------------------------------------^
contracts/DBIPToken.sol:41:5: Warning: No visibility specified. Defaulting to "public". 
    function query2(uint _timestamp, string _datasource, string _arg1, string _arg2) payable returns (bytes32 _id);
    ^-------------------------------------------------------------------------------------------------------------^
contracts/DBIPToken.sol:42:5: Warning: No visibility specified. Defaulting to "public". 
    function query2_withGasLimit(uint _timestamp, string _datasource, string _arg1, string _arg2, uint _gaslimit) payable returns (bytes32 _id);
    ^------------------------------------------------------------------------------------------------------------------------------------------^
contracts/DBIPToken.sol:43:5: Warning: No visibility specified. Defaulting to "public". 
    function queryN(uint _timestamp, string _datasource, bytes _argN) payable returns (bytes32 _id);
    ^----------------------------------------------------------------------------------------------^
contracts/DBIPToken.sol:44:5: Warning: No visibility specified. Defaulting to "public". 
    function queryN_withGasLimit(uint _timestamp, string _datasource, bytes _argN, uint _gaslimit) payable returns (bytes32 _id);
    ^---------------------------------------------------------------------------------------------------------------------------^
contracts/DBIPToken.sol:45:5: Warning: No visibility specified. Defaulting to "public". 
    function getPrice(string _datasource) returns (uint _dsprice);
    ^------------------------------------------------------------^
contracts/DBIPToken.sol:46:5: Warning: No visibility specified. Defaulting to "public". 
    function getPrice(string _datasource, uint gaslimit) returns (uint _dsprice);
    ^---------------------------------------------------------------------------^
contracts/DBIPToken.sol:47:5: Warning: No visibility specified. Defaulting to "public". 
    function useCoupon(string _coupon);
    ^---------------------------------^
contracts/DBIPToken.sol:48:5: Warning: No visibility specified. Defaulting to "public". 
    function setProofType(byte _proofType);
    ^-------------------------------------^
contracts/DBIPToken.sol:49:5: Warning: No visibility specified. Defaulting to "public". 
    function setConfig(bytes32 _config);
    ^----------------------------------^
contracts/DBIPToken.sol:50:5: Warning: No visibility specified. Defaulting to "public". 
    function setCustomGasPrice(uint _gasPrice);
    ^-----------------------------------------^
contracts/DBIPToken.sol:51:5: Warning: No visibility specified. Defaulting to "public". 
    function randomDS_getSessionPubKeyHash() returns(bytes32);
    ^--------------------------------------------------------^
contracts/DBIPToken.sol:54:5: Warning: No visibility specified. Defaulting to "public". 
    function getAddress() returns (address _addr);
    ^--------------------------------------------^
contracts/DBIPToken.sol:86:34: Warning: Unused function parameter. Remove or comment out the variable name to silence this warning.
    function oraclize_setNetwork(uint8 networkID) internal returns(bool){
                                 ^-------------^
contracts/DBIPToken.sol:122:5: Warning: No visibility specified. Defaulting to "public". 
    function __callback(bytes32 myid, string result) {
    ^ (Relevant source part starts here and spans across multiple lines).
contracts/DBIPToken.sol:125:5: Warning: No visibility specified. Defaulting to "public". 
    function __callback(bytes32 myid, string result, bytes proof) {
    ^ (Relevant source part starts here and spans across multiple lines).
contracts/DBIPToken.sol:125:25: Warning: Unused function parameter. Remove or comment out the variable name to silence this warning.
    function __callback(bytes32 myid, string result, bytes proof) {
                        ^----------^
contracts/DBIPToken.sol:125:39: Warning: Unused function parameter. Remove or comment out the variable name to silence this warning.
    function __callback(bytes32 myid, string result, bytes proof) {
                                      ^-----------^
contracts/DBIPToken.sol:125:54: Warning: Unused function parameter. Remove or comment out the variable name to silence this warning.
    function __callback(bytes32 myid, string result, bytes proof) {
                                                     ^---------^
contracts/DBIPToken.sol:1051:3: Warning: No visibility specified. Defaulting to "public". 
  function Ownable() {
  ^ (Relevant source part starts here and spans across multiple lines).
contracts/DBIPToken.sol:1060:3: Warning: No visibility specified. Defaulting to "public". 
  function transferOwnership(address newOwner) onlyOwner {
  ^ (Relevant source part starts here and spans across multiple lines).
contracts/DBIPToken.sol:1074:5: Warning: No visibility specified. Defaulting to "public". 
    function freeze() onlyOwner {
    ^ (Relevant source part starts here and spans across multiple lines).
contracts/DBIPToken.sol:1078:5: Warning: No visibility specified. Defaulting to "public". 
    function unfreeze() onlyOwner {
    ^ (Relevant source part starts here and spans across multiple lines).
contracts/DBIPToken.sol:1099:5: Warning: No visibility specified. Defaulting to "public". 
    function CMCEthereumTicker(address _manager, uint256 _delay) {
    ^ (Relevant source part starts here and spans across multiple lines).
contracts/DBIPToken.sol:1106:5: Warning: No visibility specified. Defaulting to "public". 
    function getCentsPerETH() constant returns(uint256) {
    ^ (Relevant source part starts here and spans across multiple lines).
contracts/DBIPToken.sol:1110:5: Warning: No visibility specified. Defaulting to "public". 
    function getEnabled() constant returns(bool) {
    ^ (Relevant source part starts here and spans across multiple lines).
contracts/DBIPToken.sol:1114:5: Warning: No visibility specified. Defaulting to "public". 
    function enable() 
    ^ (Relevant source part starts here and spans across multiple lines).
contracts/DBIPToken.sol:1122:5: Warning: No visibility specified. Defaulting to "public". 
    function disable() 
    ^ (Relevant source part starts here and spans across multiple lines).
contracts/DBIPToken.sol:1129:5: Warning: No visibility specified. Defaulting to "public". 
    function __callback(bytes32 myid, string result) {
    ^ (Relevant source part starts here and spans across multiple lines).
contracts/DBIPToken.sol:1129:25: Warning: Unused function parameter. Remove or comment out the variable name to silence this warning.
    function __callback(bytes32 myid, string result) {
                        ^----------^
contracts/DBIPToken.sol:1156:5: Warning: No visibility specified. Defaulting to "public". 
    function payToManager(uint256 _amount) 
    ^ (Relevant source part starts here and spans across multiple lines).
contracts/DBIPToken.sol:1162:5: Warning: No visibility specified. Defaulting to "public". 
    function () payable {}
    ^--------------------^
contracts/DBIPToken.sol:1171:5: Warning: No visibility specified. Defaulting to "public". 
    function createTicker(uint256 _delay) 
    ^ (Relevant source part starts here and spans across multiple lines).
contracts/DBIPToken.sol:1177:5: Warning: No visibility specified. Defaulting to "public". 
    function attachTicker(address _tickerAddress)
    ^ (Relevant source part starts here and spans across multiple lines).
contracts/DBIPToken.sol:1183:5: Warning: No visibility specified. Defaulting to "public". 
    function enableTicker() 
    ^ (Relevant source part starts here and spans across multiple lines).
contracts/DBIPToken.sol:1189:5: Warning: No visibility specified. Defaulting to "public". 
    function disableTicker() 
    ^ (Relevant source part starts here and spans across multiple lines).
contracts/DBIPToken.sol:1195:5: Warning: No visibility specified. Defaulting to "public". 
    function sendToTicker() payable
    ^ (Relevant source part starts here and spans across multiple lines).
contracts/DBIPToken.sol:1202:5: Warning: No visibility specified. Defaulting to "public". 
    function withdrawFromTicker(uint _amount)
    ^ (Relevant source part starts here and spans across multiple lines).
contracts/DBIPToken.sol:1209:5: Warning: No visibility specified. Defaulting to "public". 
    function tickerAddress() constant returns (address) {
    ^ (Relevant source part starts here and spans across multiple lines).
contracts/DBIPToken.sol:1213:5: Warning: No visibility specified. Defaulting to "public". 
    function getCentsPerETH() constant returns (uint256) {
    ^ (Relevant source part starts here and spans across multiple lines).
contracts/DBIPToken.sol:1246:5: Warning: No visibility specified. Defaulting to "public". 
    function DBIPToken (uint256 _initial_supply) {
    ^ (Relevant source part starts here and spans across multiple lines).
contracts/DBIPToken.sol:1253:5: Warning: No visibility specified. Defaulting to "public". 
    function raiseSupply (uint256 _new_supply) 
    ^ (Relevant source part starts here and spans across multiple lines).
contracts/DBIPToken.sol:1263:5: Warning: No visibility specified. Defaulting to "public". 
    function ownerTransfer(address _to, uint256 _value) onlyOwner returns (bool success) 
    ^ (Relevant source part starts here and spans across multiple lines).
contracts/DBIPToken.sol:1276:5: Warning: No visibility specified. Defaulting to "public". 
    function balanceOf(address _owner) constant returns (uint256 balanceOf) {
    ^ (Relevant source part starts here and spans across multiple lines).
contracts/DBIPToken.sol:1280:5: Warning: No visibility specified. Defaulting to "public". 
    function totalSupply() constant returns (uint256 totalSupply) {
    ^ (Relevant source part starts here and spans across multiple lines).
contracts/DBIPToken.sol:1284:5: Warning: No visibility specified. Defaulting to "public". 
    function allowance(address _owner, address _spender) constant returns (uint256 remaining) {
    ^ (Relevant source part starts here and spans across multiple lines).
contracts/DBIPToken.sol:1288:5: Warning: No visibility specified. Defaulting to "public". 
    function transfer(address _to, uint256 _value) whileNotFrozen minimalPayloadSize(2 * 32) returns (bool success) 
    ^ (Relevant source part starts here and spans across multiple lines).
contracts/DBIPToken.sol:1299:5: Warning: No visibility specified. Defaulting to "public". 
    function approve(address _spender, uint256 _value) whileNotFrozen  returns (bool success) {
    ^ (Relevant source part starts here and spans across multiple lines).
contracts/DBIPToken.sol:1309:5: Warning: No visibility specified. Defaulting to "public". 
    function transferFrom(address _from, address _to, uint256 _value) whileNotFrozen minimalPayloadSize(3 * 32) returns (bool success) {
    ^ (Relevant source part starts here and spans across multiple lines).
contracts/DBIPToken.sol:1333:5: Warning: No visibility specified. Defaulting to "public". 
    function setProxy(address _proxy) 
    ^ (Relevant source part starts here and spans across multiple lines).
contracts/DBIPToken.sol:1339:5: Warning: No visibility specified. Defaulting to "public". 
    function buyThroughProxy(address _buyer) payable;
    ^-----------------------------------------------^
contracts/DBIPToken.sol:1346:5: Warning: No visibility specified. Defaulting to "public". 
    function PresaleToken(uint256 _limitUSD, uint256 _priceCents) {
    ^ (Relevant source part starts here and spans across multiple lines).
contracts/DBIPToken.sol:1413:5: Warning: No visibility specified. Defaulting to "public". 
    function() payable {
    ^ (Relevant source part starts here and spans across multiple lines).
contracts/DBIPToken.sol:1417:5: Warning: No visibility specified. Defaulting to "public". 
    function buyTokens(address _buyer) payable
    ^ (Relevant source part starts here and spans across multiple lines).
contracts/DBIPToken.sol:1451:5: Warning: No visibility specified. Defaulting to "public". 
    function buyThroughProxy(address _buyer) payable
    ^ (Relevant source part starts here and spans across multiple lines).
contracts/DBIPToken.sol:1488:5: Warning: No visibility specified. Defaulting to "public". 
    function migrateTokens(address _owner)
    ^ (Relevant source part starts here and spans across multiple lines).
contracts/DBIPToken.sol:1502:5: Warning: No visibility specified. Defaulting to "public". 
    function startPresale()
    ^ (Relevant source part starts here and spans across multiple lines).
contracts/DBIPToken.sol:1512:5: Warning: No visibility specified. Defaulting to "public". 
    function finishPresale()
    ^ (Relevant source part starts here and spans across multiple lines).
contracts/DBIPToken.sol:1522:5: Warning: No visibility specified. Defaulting to "public". 
    function finalizePresale()
    ^ (Relevant source part starts here and spans across multiple lines).
contracts/DBIPToken.sol:1535:5: Warning: No visibility specified. Defaulting to "public". 
    function startMigration()
    ^ (Relevant source part starts here and spans across multiple lines).
contracts/DBIPToken.sol:1551:5: Warning: No visibility specified. Defaulting to "public". 
    function setMigrationManager(address _mgr)
    ^ (Relevant source part starts here and spans across multiple lines).
contracts/DBIPToken.sol:1558:5: Warning: No visibility specified. Defaulting to "public". 
    function raiseCap(uint _newCap)
    ^ (Relevant source part starts here and spans across multiple lines).
contracts/DBIPToken.sol:1576:5: Warning: No visibility specified. Defaulting to "public". 
    function giveTokens(address _address, uint _value, string _reason)
    ^ (Relevant source part starts here and spans across multiple lines).
contracts/DBIPToken.sol:125:5: Warning: Function state mutability can be restricted to pure
    function __callback(bytes32 myid, string result, bytes proof) {
    ^ (Relevant source part starts here and spans across multiple lines).
contracts/DBIPToken.sol:536:5: Warning: Function state mutability can be restricted to pure
    function parseAddr(string _a) internal returns (address){
    ^ (Relevant source part starts here and spans across multiple lines).
contracts/DBIPToken.sol:556:5: Warning: Function state mutability can be restricted to pure
    function strCompare(string _a, string _b) internal returns (int) {
    ^ (Relevant source part starts here and spans across multiple lines).
contracts/DBIPToken.sol:574:5: Warning: Function state mutability can be restricted to pure
    function indexOf(string _haystack, string _needle) internal returns (int) {
    ^ (Relevant source part starts here and spans across multiple lines).
contracts/DBIPToken.sol:601:5: Warning: Function state mutability can be restricted to pure
    function strConcat(string _a, string _b, string _c, string _d, string _e) internal returns (string) {
    ^ (Relevant source part starts here and spans across multiple lines).
contracts/DBIPToken.sol:636:5: Warning: Function state mutability can be restricted to pure
    function parseInt(string _a, uint _b) internal returns (uint) {
    ^ (Relevant source part starts here and spans across multiple lines).
contracts/DBIPToken.sol:654:5: Warning: Function state mutability can be restricted to pure
    function uint2str(uint i) internal returns (string){
    ^ (Relevant source part starts here and spans across multiple lines).
contracts/DBIPToken.sol:671:5: Warning: Function state mutability can be restricted to pure
    function stra2cbor(string[] arr) internal returns (bytes) {
    ^ (Relevant source part starts here and spans across multiple lines).
contracts/DBIPToken.sol:713:5: Warning: Function state mutability can be restricted to pure
    function ba2cbor(bytes[] arr) internal returns (bytes) {
    ^ (Relevant source part starts here and spans across multiple lines).
contracts/DBIPToken.sol:761:5: Warning: Function state mutability can be restricted to view
    function oraclize_getNetworkName() internal returns (string) {
    ^ (Relevant source part starts here and spans across multiple lines).
contracts/DBIPToken.sol:864:5: Warning: Function state mutability can be restricted to pure
    function matchBytes32Prefix(bytes32 content, bytes prefix) internal returns (bool){
    ^ (Relevant source part starts here and spans across multiple lines).
contracts/DBIPToken.sol:925:5: Warning: Function state mutability can be restricted to pure
    function copyBytes(bytes from, uint fromOffset, uint length, bytes to, uint toOffset) internal returns (bytes) {
    ^ (Relevant source part starts here and spans across multiple lines).
contracts/DBIPToken.sol:1024:3: Warning: Function state mutability can be restricted to pure
  function mul(uint256 a, uint256 b) internal returns (uint256) {
  ^ (Relevant source part starts here and spans across multiple lines).
contracts/DBIPToken.sol:1030:3: Warning: Function state mutability can be restricted to pure
  function div(uint256 a, uint256 b) internal returns (uint256) {
  ^ (Relevant source part starts here and spans across multiple lines).
contracts/DBIPToken.sol:1035:3: Warning: Function state mutability can be restricted to pure
  function sub(uint256 a, uint256 b) internal returns (uint256) {
  ^ (Relevant source part starts here and spans across multiple lines).
contracts/DBIPToken.sol:1040:3: Warning: Function state mutability can be restricted to pure
  function add(uint256 a, uint256 b) internal returns (uint256) {
  ^ (Relevant source part starts here and spans across multiple lines).
contracts/CMCEthereumTicker.sol:766:45: Warning: "throw" is deprecated in favour of "revert()", "require()" and "assert()".
        if ((_nbytes == 0)||(_nbytes > 32)) throw;
                                            ^---^
contracts/CMCEthereumTicker.sol:856:71: Warning: "throw" is deprecated in favour of "revert()", "require()" and "assert()".
        if ((_proof[0] != "L")||(_proof[1] != "P")||(_proof[2] != 1)) throw;
                                                                      ^---^
contracts/CMCEthereumTicker.sol:859:37: Warning: "throw" is deprecated in favour of "revert()", "require()" and "assert()".
        if (proofVerified == false) throw;
                                    ^---^
contracts/CMCEthereumTicker.sol:867:14: Warning: Use of the "var" keyword is deprecated.
        for (var i=0; i<prefix.length; i++){
             ^---^
contracts/CMCEthereumTicker.sol:930:13: Warning: "throw" is deprecated in favour of "revert()", "require()" and "assert()".
            throw; // Should be a better way?
            ^---^
contracts/CMCEthereumTicker.sol:1051:3: Warning: Defining constructors as functions with the same name as the contract is deprecated. Use "constructor(...) { ... }" instead.
  function Ownable() {
  ^ (Relevant source part starts here and spans across multiple lines).
contracts/CMCEthereumTicker.sol:1099:5: Warning: Defining constructors as functions with the same name as the contract is deprecated. Use "constructor(...) { ... }" instead.
    function CMCEthereumTicker(address _manager, uint256 _delay) {
    ^ (Relevant source part starts here and spans across multiple lines).
contracts/CMCEthereumTicker.sol:1246:5: Warning: Defining constructors as functions with the same name as the contract is deprecated. Use "constructor(...) { ... }" instead.
    function DBIPToken (uint256 _initial_supply) {
    ^ (Relevant source part starts here and spans across multiple lines).
contracts/CMCEthereumTicker.sol:1346:5: Warning: Defining constructors as functions with the same name as the contract is deprecated. Use "constructor(...) { ... }" instead.
    function PresaleToken(uint256 _limitUSD, uint256 _priceCents) {
    ^ (Relevant source part starts here and spans across multiple lines).
contracts/CMCEthereumTicker.sol:1493:9: Warning: Use of the "var" keyword is deprecated.
        var migratedValue = token.balanceOf(_owner);
        ^---------------^
contracts/CMCEthereumTicker.sol:1276:58: Warning: This declaration shadows an existing declaration.
    function balanceOf(address _owner) constant returns (uint256 balanceOf) {
                                                         ^---------------^
contracts/CMCEthereumTicker.sol:1276:5: The shadowed declaration is here:
    function balanceOf(address _owner) constant returns (uint256 balanceOf) {
    ^ (Relevant source part starts here and spans across multiple lines).

contracts/CMCEthereumTicker.sol:1280:46: Warning: This declaration shadows an existing declaration.
    function totalSupply() constant returns (uint256 totalSupply) {
                                             ^-----------------^
contracts/CMCEthereumTicker.sol:1280:5: The shadowed declaration is here:
    function totalSupply() constant returns (uint256 totalSupply) {
    ^ (Relevant source part starts here and spans across multiple lines).

contracts/CMCEthereumTicker.sol:780:50: Warning: "sha3" has been deprecated in favour of "keccak256"
        oraclize_randomDS_setCommitment(queryId, sha3(bytes8(_delay), args[1], sha256(args[0]), args[2]));
                                                 ^-----------------------------------------------------^
contracts/CMCEthereumTicker.sol:780:50: Warning: This function only accepts a single "bytes" argument. Please use "abi.encodePacked(...)" or a similar function to encode the data.
        oraclize_randomDS_setCommitment(queryId, sha3(bytes8(_delay), args[1], sha256(args[0]), args[2]));
                                                 ^-----------------------------------------------------^
contracts/CMCEthereumTicker.sol:812:21: Warning: "sha3" has been deprecated in favour of "keccak256"
        if (address(sha3(pubkey)) == signer) return true;
                    ^----------^
contracts/CMCEthereumTicker.sol:815:29: Warning: "sha3" has been deprecated in favour of "keccak256"
            return (address(sha3(pubkey)) == signer);
                            ^----------^
contracts/CMCEthereumTicker.sol:830:22: Warning: Decimal literal assigned to bytesXX variable will be left-aligned. Use an explicit conversion to silence this warning.
        tosign2[0] = 1; //role
                     ^
contracts/CMCEthereumTicker.sol:867:14: Warning: The type of this variable was inferred as uint8, which can hold values between 0 and 255. This is probably not desired. Use an explicit type to silence this warning.
        for (var i=0; i<prefix.length; i++){
             ^-----^
contracts/CMCEthereumTicker.sol:882:20: Warning: "sha3" has been deprecated in favour of "keccak256"
        checkok = (sha3(keyhash) == sha3(sha256(context_name, queryId)));
                   ^-----------^
contracts/CMCEthereumTicker.sol:882:42: Warning: This function only accepts a single "bytes" argument. Please use "abi.encodePacked(...)" or a similar function to encode the data.
        checkok = (sha3(keyhash) == sha3(sha256(context_name, queryId)));
                                         ^---------------------------^
contracts/CMCEthereumTicker.sol:882:37: Warning: "sha3" has been deprecated in favour of "keccak256"
        checkok = (sha3(keyhash) == sha3(sha256(context_name, queryId)));
                                    ^---------------------------------^
contracts/CMCEthereumTicker.sol:882:37: Warning: This function only accepts a single "bytes" argument. Please use "abi.encodePacked(...)" or a similar function to encode the data.
        checkok = (sha3(keyhash) == sha3(sha256(context_name, queryId)));
                                    ^---------------------------------^
contracts/CMCEthereumTicker.sol:882:37: Warning: The provided argument of type bytes32 is not implicitly convertible to expected type bytes memory.
        checkok = (sha3(keyhash) == sha3(sha256(context_name, queryId)));
                                    ^---------------------------------^
contracts/CMCEthereumTicker.sol:904:48: Warning: "sha3" has been deprecated in favour of "keccak256"
        if (oraclize_randomDS_args[queryId] == sha3(commitmentSlice1, sessionPubkeyHash)){ //unonce, nbytes and sessionKeyHash match
                                               ^---------------------------------------^
contracts/CMCEthereumTicker.sol:904:48: Warning: This function only accepts a single "bytes" argument. Please use "abi.encodePacked(...)" or a similar function to encode the data.
        if (oraclize_randomDS_args[queryId] == sha3(commitmentSlice1, sessionPubkeyHash)){ //unonce, nbytes and sessionKeyHash match
                                               ^---------------------------------------^
contracts/CMCEthereumTicker.sol:1132:9: Warning: Invoking events without "emit" prefix is deprecated.
        newPriceTicker(result);
        ^--------------------^
contracts/CMCEthereumTicker.sol:1139:40: Warning: Using contract member "balance" inherited from the address type is deprecated. Convert the contract to "address" type to access the member, for example use "address(contract).balance" instead.
        if (oraclize.getPrice("URL") > this.balance) {
                                       ^----------^
contracts/CMCEthereumTicker.sol:1140:13: Warning: Invoking events without "emit" prefix is deprecated.
            newOraclizeQuery("Oraclize query was NOT sent, please add some ETH to cover for the query fee");
            ^---------------------------------------------------------------------------------------------^
contracts/CMCEthereumTicker.sol:1142:13: Warning: Invoking events without "emit" prefix is deprecated.
            newOraclizeQuery("Oraclize query was sent, standing by for the answer..");
            ^-----------------------------------------------------------------------^
contracts/CMCEthereumTicker.sol:1148:40: Warning: Using contract member "balance" inherited from the address type is deprecated. Convert the contract to "address" type to access the member, for example use "address(contract).balance" instead.
        if (oraclize.getPrice("URL") > this.balance) {
                                       ^----------^
contracts/CMCEthereumTicker.sol:1149:13: Warning: Invoking events without "emit" prefix is deprecated.
            newOraclizeQuery("Oraclize query was NOT sent, please add some ETH to cover for the query fee");
            ^---------------------------------------------------------------------------------------------^
contracts/CMCEthereumTicker.sol:1151:13: Warning: Invoking events without "emit" prefix is deprecated.
            newOraclizeQuery("Oraclize query was sent, standing by for the answer..");
            ^-----------------------------------------------------------------------^
contracts/CMCEthereumTicker.sol:1269:9: Warning: Invoking events without "emit" prefix is deprecated.
        Transfer(owner,_to,_value);
        ^------------------------^
contracts/CMCEthereumTicker.sol:1294:9: Warning: Invoking events without "emit" prefix is deprecated.
        Transfer(msg.sender,_to,_value);
        ^-----------------------------^
contracts/CMCEthereumTicker.sol:1303:9: Warning: Invoking events without "emit" prefix is deprecated.
        Approval(msg.sender,_spender,_value);
        ^----------------------------------^
contracts/CMCEthereumTicker.sol:1316:9: Warning: Invoking events without "emit" prefix is deprecated.
        Transfer(_from,_to,_value);
        ^------------------------^
contracts/CMCEthereumTicker.sol:1436:13: Warning: Invoking events without "emit" prefix is deprecated.
            LogBuy(_buyer, remainder, centsPerETH);
            ^------------------------------------^
contracts/CMCEthereumTicker.sol:1441:13: Warning: Invoking events without "emit" prefix is deprecated.
            LogBuy(_buyer, newTokens, centsPerETH);
            ^------------------------------------^
contracts/CMCEthereumTicker.sol:1447:13: Warning: Invoking events without "emit" prefix is deprecated.
            LogPhaseSwitch(Phase.Finished);
            ^----------------------------^
contracts/CMCEthereumTicker.sol:1472:13: Warning: Invoking events without "emit" prefix is deprecated.
            LogBuy(_buyer, remainder, centsPerETH);
            ^------------------------------------^
contracts/CMCEthereumTicker.sol:1478:13: Warning: Invoking events without "emit" prefix is deprecated.
            LogBuy(_buyer, newTokens, centsPerETH);
            ^------------------------------------^
contracts/CMCEthereumTicker.sol:1484:13: Warning: Invoking events without "emit" prefix is deprecated.
            LogPhaseSwitch(Phase.Finished);
            ^----------------------------^
contracts/CMCEthereumTicker.sol:1495:9: Warning: Invoking events without "emit" prefix is deprecated.
        LogMigrate(_owner, migratedValue);
        ^-------------------------------^
contracts/CMCEthereumTicker.sol:1498:13: Warning: Invoking events without "emit" prefix is deprecated.
            LogPhaseSwitch(Phase.Migrated);
            ^----------------------------^
contracts/CMCEthereumTicker.sol:1509:9: Warning: Invoking events without "emit" prefix is deprecated.
        LogPhaseSwitch(Phase.Running);
        ^---------------------------^
contracts/CMCEthereumTicker.sol:1518:9: Warning: Invoking events without "emit" prefix is deprecated.
        LogPhaseSwitch(Phase.Finished);
        ^----------------------------^
contracts/CMCEthereumTicker.sol:1532:9: Warning: Invoking events without "emit" prefix is deprecated.
        LogPhaseSwitch(Phase.Finalized);
        ^-----------------------------^
contracts/CMCEthereumTicker.sol:1542:9: Warning: Invoking events without "emit" prefix is deprecated.
        LogPhaseSwitch(Phase.Migrating);
        ^-----------------------------^
contracts/CMCEthereumTicker.sol:1547:16: Warning: Using contract member "balance" inherited from the address type is deprecated. Convert the contract to "address" type to access the member, for example use "address(contract).balance" instead.
        assert(this.balance > 0);
               ^----------^
contracts/CMCEthereumTicker.sol:1548:24: Warning: Using contract member "balance" inherited from the address type is deprecated. Convert the contract to "address" type to access the member, for example use "address(contract).balance" instead.
        owner.transfer(this.balance);
                       ^----------^
contracts/CMCEthereumTicker.sol:1573:9: Warning: Invoking events without "emit" prefix is deprecated.
        LogPhaseSwitch(Phase.Running);
        ^---------------------------^
contracts/CMCEthereumTicker.sol:1584:9: Warning: Invoking events without "emit" prefix is deprecated.
        LogGive(_address, _value, _reason);
        ^--------------------------------^
contracts/CMCEthereumTicker.sol:39:5: Warning: No visibility specified. Defaulting to "public". 
    function query(uint _timestamp, string _datasource, string _arg) payable returns (bytes32 _id);
    ^---------------------------------------------------------------------------------------------^
contracts/CMCEthereumTicker.sol:40:5: Warning: No visibility specified. Defaulting to "public". 
    function query_withGasLimit(uint _timestamp, string _datasource, string _arg, uint _gaslimit) payable returns (bytes32 _id);
    ^--------------------------------------------------------------------------------------------------------------------------^
contracts/CMCEthereumTicker.sol:41:5: Warning: No visibility specified. Defaulting to "public". 
    function query2(uint _timestamp, string _datasource, string _arg1, string _arg2) payable returns (bytes32 _id);
    ^-------------------------------------------------------------------------------------------------------------^
contracts/CMCEthereumTicker.sol:42:5: Warning: No visibility specified. Defaulting to "public". 
    function query2_withGasLimit(uint _timestamp, string _datasource, string _arg1, string _arg2, uint _gaslimit) payable returns (bytes32 _id);
    ^------------------------------------------------------------------------------------------------------------------------------------------^
contracts/CMCEthereumTicker.sol:43:5: Warning: No visibility specified. Defaulting to "public". 
    function queryN(uint _timestamp, string _datasource, bytes _argN) payable returns (bytes32 _id);
    ^----------------------------------------------------------------------------------------------^
contracts/CMCEthereumTicker.sol:44:5: Warning: No visibility specified. Defaulting to "public". 
    function queryN_withGasLimit(uint _timestamp, string _datasource, bytes _argN, uint _gaslimit) payable returns (bytes32 _id);
    ^---------------------------------------------------------------------------------------------------------------------------^
contracts/CMCEthereumTicker.sol:45:5: Warning: No visibility specified. Defaulting to "public". 
    function getPrice(string _datasource) returns (uint _dsprice);
    ^------------------------------------------------------------^
contracts/CMCEthereumTicker.sol:46:5: Warning: No visibility specified. Defaulting to "public". 
    function getPrice(string _datasource, uint gaslimit) returns (uint _dsprice);
    ^---------------------------------------------------------------------------^
contracts/CMCEthereumTicker.sol:47:5: Warning: No visibility specified. Defaulting to "public". 
    function useCoupon(string _coupon);
    ^---------------------------------^
contracts/CMCEthereumTicker.sol:48:5: Warning: No visibility specified. Defaulting to "public". 
    function setProofType(byte _proofType);
    ^-------------------------------------^
contracts/CMCEthereumTicker.sol:49:5: Warning: No visibility specified. Defaulting to "public". 
    function setConfig(bytes32 _config);
    ^----------------------------------^
contracts/CMCEthereumTicker.sol:50:5: Warning: No visibility specified. Defaulting to "public". 
    function setCustomGasPrice(uint _gasPrice);
    ^-----------------------------------------^
contracts/CMCEthereumTicker.sol:51:5: Warning: No visibility specified. Defaulting to "public". 
    function randomDS_getSessionPubKeyHash() returns(bytes32);
    ^--------------------------------------------------------^
contracts/CMCEthereumTicker.sol:54:5: Warning: No visibility specified. Defaulting to "public". 
    function getAddress() returns (address _addr);
    ^--------------------------------------------^
contracts/CMCEthereumTicker.sol:86:34: Warning: Unused function parameter. Remove or comment out the variable name to silence this warning.
    function oraclize_setNetwork(uint8 networkID) internal returns(bool){
                                 ^-------------^
contracts/CMCEthereumTicker.sol:122:5: Warning: No visibility specified. Defaulting to "public". 
    function __callback(bytes32 myid, string result) {
    ^ (Relevant source part starts here and spans across multiple lines).
contracts/CMCEthereumTicker.sol:125:5: Warning: No visibility specified. Defaulting to "public". 
    function __callback(bytes32 myid, string result, bytes proof) {
    ^ (Relevant source part starts here and spans across multiple lines).
contracts/CMCEthereumTicker.sol:125:25: Warning: Unused function parameter. Remove or comment out the variable name to silence this warning.
    function __callback(bytes32 myid, string result, bytes proof) {
                        ^----------^
contracts/CMCEthereumTicker.sol:125:39: Warning: Unused function parameter. Remove or comment out the variable name to silence this warning.
    function __callback(bytes32 myid, string result, bytes proof) {
                                      ^-----------^
contracts/CMCEthereumTicker.sol:125:54: Warning: Unused function parameter. Remove or comment out the variable name to silence this warning.
    function __callback(bytes32 myid, string result, bytes proof) {
                                                     ^---------^
contracts/CMCEthereumTicker.sol:1051:3: Warning: No visibility specified. Defaulting to "public". 
  function Ownable() {
  ^ (Relevant source part starts here and spans across multiple lines).
contracts/CMCEthereumTicker.sol:1060:3: Warning: No visibility specified. Defaulting to "public". 
  function transferOwnership(address newOwner) onlyOwner {
  ^ (Relevant source part starts here and spans across multiple lines).
contracts/CMCEthereumTicker.sol:1074:5: Warning: No visibility specified. Defaulting to "public". 
    function freeze() onlyOwner {
    ^ (Relevant source part starts here and spans across multiple lines).
contracts/CMCEthereumTicker.sol:1078:5: Warning: No visibility specified. Defaulting to "public". 
    function unfreeze() onlyOwner {
    ^ (Relevant source part starts here and spans across multiple lines).
contracts/CMCEthereumTicker.sol:1099:5: Warning: No visibility specified. Defaulting to "public". 
    function CMCEthereumTicker(address _manager, uint256 _delay) {
    ^ (Relevant source part starts here and spans across multiple lines).
contracts/CMCEthereumTicker.sol:1106:5: Warning: No visibility specified. Defaulting to "public". 
    function getCentsPerETH() constant returns(uint256) {
    ^ (Relevant source part starts here and spans across multiple lines).
contracts/CMCEthereumTicker.sol:1110:5: Warning: No visibility specified. Defaulting to "public". 
    function getEnabled() constant returns(bool) {
    ^ (Relevant source part starts here and spans across multiple lines).
contracts/CMCEthereumTicker.sol:1114:5: Warning: No visibility specified. Defaulting to "public". 
    function enable() 
    ^ (Relevant source part starts here and spans across multiple lines).
contracts/CMCEthereumTicker.sol:1122:5: Warning: No visibility specified. Defaulting to "public". 
    function disable() 
    ^ (Relevant source part starts here and spans across multiple lines).
contracts/CMCEthereumTicker.sol:1129:5: Warning: No visibility specified. Defaulting to "public". 
    function __callback(bytes32 myid, string result) {
    ^ (Relevant source part starts here and spans across multiple lines).
contracts/CMCEthereumTicker.sol:1129:25: Warning: Unused function parameter. Remove or comment out the variable name to silence this warning.
    function __callback(bytes32 myid, string result) {
                        ^----------^
contracts/CMCEthereumTicker.sol:1156:5: Warning: No visibility specified. Defaulting to "public". 
    function payToManager(uint256 _amount) 
    ^ (Relevant source part starts here and spans across multiple lines).
contracts/CMCEthereumTicker.sol:1162:5: Warning: No visibility specified. Defaulting to "public". 
    function () payable {}
    ^--------------------^
contracts/CMCEthereumTicker.sol:1171:5: Warning: No visibility specified. Defaulting to "public". 
    function createTicker(uint256 _delay) 
    ^ (Relevant source part starts here and spans across multiple lines).
contracts/CMCEthereumTicker.sol:1177:5: Warning: No visibility specified. Defaulting to "public". 
    function attachTicker(address _tickerAddress)
    ^ (Relevant source part starts here and spans across multiple lines).
contracts/CMCEthereumTicker.sol:1183:5: Warning: No visibility specified. Defaulting to "public". 
    function enableTicker() 
    ^ (Relevant source part starts here and spans across multiple lines).
contracts/CMCEthereumTicker.sol:1189:5: Warning: No visibility specified. Defaulting to "public". 
    function disableTicker() 
    ^ (Relevant source part starts here and spans across multiple lines).
contracts/CMCEthereumTicker.sol:1195:5: Warning: No visibility specified. Defaulting to "public". 
    function sendToTicker() payable
    ^ (Relevant source part starts here and spans across multiple lines).
contracts/CMCEthereumTicker.sol:1202:5: Warning: No visibility specified. Defaulting to "public". 
    function withdrawFromTicker(uint _amount)
    ^ (Relevant source part starts here and spans across multiple lines).
contracts/CMCEthereumTicker.sol:1209:5: Warning: No visibility specified. Defaulting to "public". 
    function tickerAddress() constant returns (address) {
    ^ (Relevant source part starts here and spans across multiple lines).
contracts/CMCEthereumTicker.sol:1213:5: Warning: No visibility specified. Defaulting to "public". 
    function getCentsPerETH() constant returns (uint256) {
    ^ (Relevant source part starts here and spans across multiple lines).
contracts/CMCEthereumTicker.sol:1246:5: Warning: No visibility specified. Defaulting to "public". 
    function DBIPToken (uint256 _initial_supply) {
    ^ (Relevant source part starts here and spans across multiple lines).
contracts/CMCEthereumTicker.sol:1253:5: Warning: No visibility specified. Defaulting to "public". 
    function raiseSupply (uint256 _new_supply) 
    ^ (Relevant source part starts here and spans across multiple lines).
contracts/CMCEthereumTicker.sol:1263:5: Warning: No visibility specified. Defaulting to "public". 
    function ownerTransfer(address _to, uint256 _value) onlyOwner returns (bool success) 
    ^ (Relevant source part starts here and spans across multiple lines).
contracts/CMCEthereumTicker.sol:1276:5: Warning: No visibility specified. Defaulting to "public". 
    function balanceOf(address _owner) constant returns (uint256 balanceOf) {
    ^ (Relevant source part starts here and spans across multiple lines).
contracts/CMCEthereumTicker.sol:1280:5: Warning: No visibility specified. Defaulting to "public". 
    function totalSupply() constant returns (uint256 totalSupply) {
    ^ (Relevant source part starts here and spans across multiple lines).
contracts/CMCEthereumTicker.sol:1284:5: Warning: No visibility specified. Defaulting to "public". 
    function allowance(address _owner, address _spender) constant returns (uint256 remaining) {
    ^ (Relevant source part starts here and spans across multiple lines).
contracts/CMCEthereumTicker.sol:1288:5: Warning: No visibility specified. Defaulting to "public". 
    function transfer(address _to, uint256 _value) whileNotFrozen minimalPayloadSize(2 * 32) returns (bool success) 
    ^ (Relevant source part starts here and spans across multiple lines).
contracts/CMCEthereumTicker.sol:1299:5: Warning: No visibility specified. Defaulting to "public". 
    function approve(address _spender, uint256 _value) whileNotFrozen  returns (bool success) {
    ^ (Relevant source part starts here and spans across multiple lines).
contracts/CMCEthereumTicker.sol:1309:5: Warning: No visibility specified. Defaulting to "public". 
    function transferFrom(address _from, address _to, uint256 _value) whileNotFrozen minimalPayloadSize(3 * 32) returns (bool success) {
    ^ (Relevant source part starts here and spans across multiple lines).
contracts/CMCEthereumTicker.sol:1333:5: Warning: No visibility specified. Defaulting to "public". 
    function setProxy(address _proxy) 
    ^ (Relevant source part starts here and spans across multiple lines).
contracts/CMCEthereumTicker.sol:1339:5: Warning: No visibility specified. Defaulting to "public". 
    function buyThroughProxy(address _buyer) payable;
    ^-----------------------------------------------^
contracts/CMCEthereumTicker.sol:1346:5: Warning: No visibility specified. Defaulting to "public". 
    function PresaleToken(uint256 _limitUSD, uint256 _priceCents) {
    ^ (Relevant source part starts here and spans across multiple lines).
contracts/CMCEthereumTicker.sol:1413:5: Warning: No visibility specified. Defaulting to "public". 
    function() payable {
    ^ (Relevant source part starts here and spans across multiple lines).
contracts/CMCEthereumTicker.sol:1417:5: Warning: No visibility specified. Defaulting to "public". 
    function buyTokens(address _buyer) payable
    ^ (Relevant source part starts here and spans across multiple lines).
contracts/CMCEthereumTicker.sol:1451:5: Warning: No visibility specified. Defaulting to "public". 
    function buyThroughProxy(address _buyer) payable
    ^ (Relevant source part starts here and spans across multiple lines).
contracts/CMCEthereumTicker.sol:1488:5: Warning: No visibility specified. Defaulting to "public". 
    function migrateTokens(address _owner)
    ^ (Relevant source part starts here and spans across multiple lines).
contracts/CMCEthereumTicker.sol:1502:5: Warning: No visibility specified. Defaulting to "public". 
    function startPresale()
    ^ (Relevant source part starts here and spans across multiple lines).
contracts/CMCEthereumTicker.sol:1512:5: Warning: No visibility specified. Defaulting to "public". 
    function finishPresale()
    ^ (Relevant source part starts here and spans across multiple lines).
contracts/CMCEthereumTicker.sol:1522:5: Warning: No visibility specified. Defaulting to "public". 
    function finalizePresale()
    ^ (Relevant source part starts here and spans across multiple lines).
contracts/CMCEthereumTicker.sol:1535:5: Warning: No visibility specified. Defaulting to "public". 
    function startMigration()
    ^ (Relevant source part starts here and spans across multiple lines).
contracts/CMCEthereumTicker.sol:1551:5: Warning: No visibility specified. Defaulting to "public". 
    function setMigrationManager(address _mgr)
    ^ (Relevant source part starts here and spans across multiple lines).
contracts/CMCEthereumTicker.sol:1558:5: Warning: No visibility specified. Defaulting to "public". 
    function raiseCap(uint _newCap)
    ^ (Relevant source part starts here and spans across multiple lines).
contracts/CMCEthereumTicker.sol:1576:5: Warning: No visibility specified. Defaulting to "public". 
    function giveTokens(address _address, uint _value, string _reason)
    ^ (Relevant source part starts here and spans across multiple lines).
contracts/CMCEthereumTicker.sol:125:5: Warning: Function state mutability can be restricted to pure
    function __callback(bytes32 myid, string result, bytes proof) {
    ^ (Relevant source part starts here and spans across multiple lines).
contracts/CMCEthereumTicker.sol:536:5: Warning: Function state mutability can be restricted to pure
    function parseAddr(string _a) internal returns (address){
    ^ (Relevant source part starts here and spans across multiple lines).
contracts/CMCEthereumTicker.sol:556:5: Warning: Function state mutability can be restricted to pure
    function strCompare(string _a, string _b) internal returns (int) {
    ^ (Relevant source part starts here and spans across multiple lines).
contracts/CMCEthereumTicker.sol:574:5: Warning: Function state mutability can be restricted to pure
    function indexOf(string _haystack, string _needle) internal returns (int) {
    ^ (Relevant source part starts here and spans across multiple lines).
contracts/CMCEthereumTicker.sol:601:5: Warning: Function state mutability can be restricted to pure
    function strConcat(string _a, string _b, string _c, string _d, string _e) internal returns (string) {
    ^ (Relevant source part starts here and spans across multiple lines).
contracts/CMCEthereumTicker.sol:636:5: Warning: Function state mutability can be restricted to pure
    function parseInt(string _a, uint _b) internal returns (uint) {
    ^ (Relevant source part starts here and spans across multiple lines).
contracts/CMCEthereumTicker.sol:654:5: Warning: Function state mutability can be restricted to pure
    function uint2str(uint i) internal returns (string){
    ^ (Relevant source part starts here and spans across multiple lines).
contracts/CMCEthereumTicker.sol:671:5: Warning: Function state mutability can be restricted to pure
    function stra2cbor(string[] arr) internal returns (bytes) {
    ^ (Relevant source part starts here and spans across multiple lines).
contracts/CMCEthereumTicker.sol:713:5: Warning: Function state mutability can be restricted to pure
    function ba2cbor(bytes[] arr) internal returns (bytes) {
    ^ (Relevant source part starts here and spans across multiple lines).
contracts/CMCEthereumTicker.sol:761:5: Warning: Function state mutability can be restricted to view
    function oraclize_getNetworkName() internal returns (string) {
    ^ (Relevant source part starts here and spans across multiple lines).
contracts/CMCEthereumTicker.sol:864:5: Warning: Function state mutability can be restricted to pure
    function matchBytes32Prefix(bytes32 content, bytes prefix) internal returns (bool){
    ^ (Relevant source part starts here and spans across multiple lines).
contracts/CMCEthereumTicker.sol:925:5: Warning: Function state mutability can be restricted to pure
    function copyBytes(bytes from, uint fromOffset, uint length, bytes to, uint toOffset) internal returns (bytes) {
    ^ (Relevant source part starts here and spans across multiple lines).
contracts/CMCEthereumTicker.sol:1024:3: Warning: Function state mutability can be restricted to pure
  function mul(uint256 a, uint256 b) internal returns (uint256) {
  ^ (Relevant source part starts here and spans across multiple lines).
contracts/CMCEthereumTicker.sol:1030:3: Warning: Function state mutability can be restricted to pure
  function div(uint256 a, uint256 b) internal returns (uint256) {
  ^ (Relevant source part starts here and spans across multiple lines).
contracts/CMCEthereumTicker.sol:1035:3: Warning: Function state mutability can be restricted to pure
  function sub(uint256 a, uint256 b) internal returns (uint256) {
  ^ (Relevant source part starts here and spans across multiple lines).
contracts/CMCEthereumTicker.sol:1040:3: Warning: Function state mutability can be restricted to pure
  function add(uint256 a, uint256 b) internal returns (uint256) {
  ^ (Relevant source part starts here and spans across multiple lines).
contracts/Ownable.sol:766:45: Warning: "throw" is deprecated in favour of "revert()", "require()" and "assert()".
        if ((_nbytes == 0)||(_nbytes > 32)) throw;
                                            ^---^
contracts/Ownable.sol:856:71: Warning: "throw" is deprecated in favour of "revert()", "require()" and "assert()".
        if ((_proof[0] != "L")||(_proof[1] != "P")||(_proof[2] != 1)) throw;
                                                                      ^---^
contracts/Ownable.sol:859:37: Warning: "throw" is deprecated in favour of "revert()", "require()" and "assert()".
        if (proofVerified == false) throw;
                                    ^---^
contracts/Ownable.sol:867:14: Warning: Use of the "var" keyword is deprecated.
        for (var i=0; i<prefix.length; i++){
             ^---^
contracts/Ownable.sol:930:13: Warning: "throw" is deprecated in favour of "revert()", "require()" and "assert()".
            throw; // Should be a better way?
            ^---^
contracts/Ownable.sol:1051:3: Warning: Defining constructors as functions with the same name as the contract is deprecated. Use "constructor(...) { ... }" instead.
  function Ownable() {
  ^ (Relevant source part starts here and spans across multiple lines).
contracts/Ownable.sol:1099:5: Warning: Defining constructors as functions with the same name as the contract is deprecated. Use "constructor(...) { ... }" instead.
    function CMCEthereumTicker(address _manager, uint256 _delay) {
    ^ (Relevant source part starts here and spans across multiple lines).
contracts/Ownable.sol:1246:5: Warning: Defining constructors as functions with the same name as the contract is deprecated. Use "constructor(...) { ... }" instead.
    function DBIPToken (uint256 _initial_supply) {
    ^ (Relevant source part starts here and spans across multiple lines).
contracts/Ownable.sol:1346:5: Warning: Defining constructors as functions with the same name as the contract is deprecated. Use "constructor(...) { ... }" instead.
    function PresaleToken(uint256 _limitUSD, uint256 _priceCents) {
    ^ (Relevant source part starts here and spans across multiple lines).
contracts/Ownable.sol:1493:9: Warning: Use of the "var" keyword is deprecated.
        var migratedValue = token.balanceOf(_owner);
        ^---------------^
contracts/Ownable.sol:1276:58: Warning: This declaration shadows an existing declaration.
    function balanceOf(address _owner) constant returns (uint256 balanceOf) {
                                                         ^---------------^
contracts/Ownable.sol:1276:5: The shadowed declaration is here:
    function balanceOf(address _owner) constant returns (uint256 balanceOf) {
    ^ (Relevant source part starts here and spans across multiple lines).

contracts/Ownable.sol:1280:46: Warning: This declaration shadows an existing declaration.
    function totalSupply() constant returns (uint256 totalSupply) {
                                             ^-----------------^
contracts/Ownable.sol:1280:5: The shadowed declaration is here:
    function totalSupply() constant returns (uint256 totalSupply) {
    ^ (Relevant source part starts here and spans across multiple lines).

contracts/Ownable.sol:780:50: Warning: "sha3" has been deprecated in favour of "keccak256"
        oraclize_randomDS_setCommitment(queryId, sha3(bytes8(_delay), args[1], sha256(args[0]), args[2]));
                                                 ^-----------------------------------------------------^
contracts/Ownable.sol:780:50: Warning: This function only accepts a single "bytes" argument. Please use "abi.encodePacked(...)" or a similar function to encode the data.
        oraclize_randomDS_setCommitment(queryId, sha3(bytes8(_delay), args[1], sha256(args[0]), args[2]));
                                                 ^-----------------------------------------------------^
contracts/Ownable.sol:812:21: Warning: "sha3" has been deprecated in favour of "keccak256"
        if (address(sha3(pubkey)) == signer) return true;
                    ^----------^
contracts/Ownable.sol:815:29: Warning: "sha3" has been deprecated in favour of "keccak256"
            return (address(sha3(pubkey)) == signer);
                            ^----------^
contracts/Ownable.sol:830:22: Warning: Decimal literal assigned to bytesXX variable will be left-aligned. Use an explicit conversion to silence this warning.
        tosign2[0] = 1; //role
                     ^
contracts/Ownable.sol:867:14: Warning: The type of this variable was inferred as uint8, which can hold values between 0 and 255. This is probably not desired. Use an explicit type to silence this warning.
        for (var i=0; i<prefix.length; i++){
             ^-----^
contracts/Ownable.sol:882:20: Warning: "sha3" has been deprecated in favour of "keccak256"
        checkok = (sha3(keyhash) == sha3(sha256(context_name, queryId)));
                   ^-----------^
contracts/Ownable.sol:882:42: Warning: This function only accepts a single "bytes" argument. Please use "abi.encodePacked(...)" or a similar function to encode the data.
        checkok = (sha3(keyhash) == sha3(sha256(context_name, queryId)));
                                         ^---------------------------^
contracts/Ownable.sol:882:37: Warning: "sha3" has been deprecated in favour of "keccak256"
        checkok = (sha3(keyhash) == sha3(sha256(context_name, queryId)));
                                    ^---------------------------------^
contracts/Ownable.sol:882:37: Warning: This function only accepts a single "bytes" argument. Please use "abi.encodePacked(...)" or a similar function to encode the data.
        checkok = (sha3(keyhash) == sha3(sha256(context_name, queryId)));
                                    ^---------------------------------^
contracts/Ownable.sol:882:37: Warning: The provided argument of type bytes32 is not implicitly convertible to expected type bytes memory.
        checkok = (sha3(keyhash) == sha3(sha256(context_name, queryId)));
                                    ^---------------------------------^
contracts/Ownable.sol:904:48: Warning: "sha3" has been deprecated in favour of "keccak256"
        if (oraclize_randomDS_args[queryId] == sha3(commitmentSlice1, sessionPubkeyHash)){ //unonce, nbytes and sessionKeyHash match
                                               ^---------------------------------------^
contracts/Ownable.sol:904:48: Warning: This function only accepts a single "bytes" argument. Please use "abi.encodePacked(...)" or a similar function to encode the data.
        if (oraclize_randomDS_args[queryId] == sha3(commitmentSlice1, sessionPubkeyHash)){ //unonce, nbytes and sessionKeyHash match
                                               ^---------------------------------------^
contracts/Ownable.sol:1132:9: Warning: Invoking events without "emit" prefix is deprecated.
        newPriceTicker(result);
        ^--------------------^
contracts/Ownable.sol:1139:40: Warning: Using contract member "balance" inherited from the address type is deprecated. Convert the contract to "address" type to access the member, for example use "address(contract).balance" instead.
        if (oraclize.getPrice("URL") > this.balance) {
                                       ^----------^
contracts/Ownable.sol:1140:13: Warning: Invoking events without "emit" prefix is deprecated.
            newOraclizeQuery("Oraclize query was NOT sent, please add some ETH to cover for the query fee");
            ^---------------------------------------------------------------------------------------------^
contracts/Ownable.sol:1142:13: Warning: Invoking events without "emit" prefix is deprecated.
            newOraclizeQuery("Oraclize query was sent, standing by for the answer..");
            ^-----------------------------------------------------------------------^
contracts/Ownable.sol:1148:40: Warning: Using contract member "balance" inherited from the address type is deprecated. Convert the contract to "address" type to access the member, for example use "address(contract).balance" instead.
        if (oraclize.getPrice("URL") > this.balance) {
                                       ^----------^
contracts/Ownable.sol:1149:13: Warning: Invoking events without "emit" prefix is deprecated.
            newOraclizeQuery("Oraclize query was NOT sent, please add some ETH to cover for the query fee");
            ^---------------------------------------------------------------------------------------------^
contracts/Ownable.sol:1151:13: Warning: Invoking events without "emit" prefix is deprecated.
            newOraclizeQuery("Oraclize query was sent, standing by for the answer..");
            ^-----------------------------------------------------------------------^
contracts/Ownable.sol:1269:9: Warning: Invoking events without "emit" prefix is deprecated.
        Transfer(owner,_to,_value);
        ^------------------------^
contracts/Ownable.sol:1294:9: Warning: Invoking events without "emit" prefix is deprecated.
        Transfer(msg.sender,_to,_value);
        ^-----------------------------^
contracts/Ownable.sol:1303:9: Warning: Invoking events without "emit" prefix is deprecated.
        Approval(msg.sender,_spender,_value);
        ^----------------------------------^
contracts/Ownable.sol:1316:9: Warning: Invoking events without "emit" prefix is deprecated.
        Transfer(_from,_to,_value);
        ^------------------------^
contracts/Ownable.sol:1436:13: Warning: Invoking events without "emit" prefix is deprecated.
            LogBuy(_buyer, remainder, centsPerETH);
            ^------------------------------------^
contracts/Ownable.sol:1441:13: Warning: Invoking events without "emit" prefix is deprecated.
            LogBuy(_buyer, newTokens, centsPerETH);
            ^------------------------------------^
contracts/Ownable.sol:1447:13: Warning: Invoking events without "emit" prefix is deprecated.
            LogPhaseSwitch(Phase.Finished);
            ^----------------------------^
contracts/Ownable.sol:1472:13: Warning: Invoking events without "emit" prefix is deprecated.
            LogBuy(_buyer, remainder, centsPerETH);
            ^------------------------------------^
contracts/Ownable.sol:1478:13: Warning: Invoking events without "emit" prefix is deprecated.
            LogBuy(_buyer, newTokens, centsPerETH);
            ^------------------------------------^
contracts/Ownable.sol:1484:13: Warning: Invoking events without "emit" prefix is deprecated.
            LogPhaseSwitch(Phase.Finished);
            ^----------------------------^
contracts/Ownable.sol:1495:9: Warning: Invoking events without "emit" prefix is deprecated.
        LogMigrate(_owner, migratedValue);
        ^-------------------------------^
contracts/Ownable.sol:1498:13: Warning: Invoking events without "emit" prefix is deprecated.
            LogPhaseSwitch(Phase.Migrated);
            ^----------------------------^
contracts/Ownable.sol:1509:9: Warning: Invoking events without "emit" prefix is deprecated.
        LogPhaseSwitch(Phase.Running);
        ^---------------------------^
contracts/Ownable.sol:1518:9: Warning: Invoking events without "emit" prefix is deprecated.
        LogPhaseSwitch(Phase.Finished);
        ^----------------------------^
contracts/Ownable.sol:1532:9: Warning: Invoking events without "emit" prefix is deprecated.
        LogPhaseSwitch(Phase.Finalized);
        ^-----------------------------^
contracts/Ownable.sol:1542:9: Warning: Invoking events without "emit" prefix is deprecated.
        LogPhaseSwitch(Phase.Migrating);
        ^-----------------------------^
contracts/Ownable.sol:1547:16: Warning: Using contract member "balance" inherited from the address type is deprecated. Convert the contract to "address" type to access the member, for example use "address(contract).balance" instead.
        assert(this.balance > 0);
               ^----------^
contracts/Ownable.sol:1548:24: Warning: Using contract member "balance" inherited from the address type is deprecated. Convert the contract to "address" type to access the member, for example use "address(contract).balance" instead.
        owner.transfer(this.balance);
                       ^----------^
contracts/Ownable.sol:1573:9: Warning: Invoking events without "emit" prefix is deprecated.
        LogPhaseSwitch(Phase.Running);
        ^---------------------------^
contracts/Ownable.sol:1584:9: Warning: Invoking events without "emit" prefix is deprecated.
        LogGive(_address, _value, _reason);
        ^--------------------------------^
contracts/Ownable.sol:39:5: Warning: No visibility specified. Defaulting to "public". 
    function query(uint _timestamp, string _datasource, string _arg) payable returns (bytes32 _id);
    ^---------------------------------------------------------------------------------------------^
contracts/Ownable.sol:40:5: Warning: No visibility specified. Defaulting to "public". 
    function query_withGasLimit(uint _timestamp, string _datasource, string _arg, uint _gaslimit) payable returns (bytes32 _id);
    ^--------------------------------------------------------------------------------------------------------------------------^
contracts/Ownable.sol:41:5: Warning: No visibility specified. Defaulting to "public". 
    function query2(uint _timestamp, string _datasource, string _arg1, string _arg2) payable returns (bytes32 _id);
    ^-------------------------------------------------------------------------------------------------------------^
contracts/Ownable.sol:42:5: Warning: No visibility specified. Defaulting to "public". 
    function query2_withGasLimit(uint _timestamp, string _datasource, string _arg1, string _arg2, uint _gaslimit) payable returns (bytes32 _id);
    ^------------------------------------------------------------------------------------------------------------------------------------------^
contracts/Ownable.sol:43:5: Warning: No visibility specified. Defaulting to "public". 
    function queryN(uint _timestamp, string _datasource, bytes _argN) payable returns (bytes32 _id);
    ^----------------------------------------------------------------------------------------------^
contracts/Ownable.sol:44:5: Warning: No visibility specified. Defaulting to "public". 
    function queryN_withGasLimit(uint _timestamp, string _datasource, bytes _argN, uint _gaslimit) payable returns (bytes32 _id);
    ^---------------------------------------------------------------------------------------------------------------------------^
contracts/Ownable.sol:45:5: Warning: No visibility specified. Defaulting to "public". 
    function getPrice(string _datasource) returns (uint _dsprice);
    ^------------------------------------------------------------^
contracts/Ownable.sol:46:5: Warning: No visibility specified. Defaulting to "public". 
    function getPrice(string _datasource, uint gaslimit) returns (uint _dsprice);
    ^---------------------------------------------------------------------------^
contracts/Ownable.sol:47:5: Warning: No visibility specified. Defaulting to "public". 
    function useCoupon(string _coupon);
    ^---------------------------------^
contracts/Ownable.sol:48:5: Warning: No visibility specified. Defaulting to "public". 
    function setProofType(byte _proofType);
    ^-------------------------------------^
contracts/Ownable.sol:49:5: Warning: No visibility specified. Defaulting to "public". 
    function setConfig(bytes32 _config);
    ^----------------------------------^
contracts/Ownable.sol:50:5: Warning: No visibility specified. Defaulting to "public". 
    function setCustomGasPrice(uint _gasPrice);
    ^-----------------------------------------^
contracts/Ownable.sol:51:5: Warning: No visibility specified. Defaulting to "public". 
    function randomDS_getSessionPubKeyHash() returns(bytes32);
    ^--------------------------------------------------------^
contracts/Ownable.sol:54:5: Warning: No visibility specified. Defaulting to "public". 
    function getAddress() returns (address _addr);
    ^--------------------------------------------^
contracts/Ownable.sol:86:34: Warning: Unused function parameter. Remove or comment out the variable name to silence this warning.
    function oraclize_setNetwork(uint8 networkID) internal returns(bool){
                                 ^-------------^
contracts/Ownable.sol:122:5: Warning: No visibility specified. Defaulting to "public". 
    function __callback(bytes32 myid, string result) {
    ^ (Relevant source part starts here and spans across multiple lines).
contracts/Ownable.sol:125:5: Warning: No visibility specified. Defaulting to "public". 
    function __callback(bytes32 myid, string result, bytes proof) {
    ^ (Relevant source part starts here and spans across multiple lines).
contracts/Ownable.sol:125:25: Warning: Unused function parameter. Remove or comment out the variable name to silence this warning.
    function __callback(bytes32 myid, string result, bytes proof) {
                        ^----------^
contracts/Ownable.sol:125:39: Warning: Unused function parameter. Remove or comment out the variable name to silence this warning.
    function __callback(bytes32 myid, string result, bytes proof) {
                                      ^-----------^
contracts/Ownable.sol:125:54: Warning: Unused function parameter. Remove or comment out the variable name to silence this warning.
    function __callback(bytes32 myid, string result, bytes proof) {
                                                     ^---------^
contracts/Ownable.sol:1051:3: Warning: No visibility specified. Defaulting to "public". 
  function Ownable() {
  ^ (Relevant source part starts here and spans across multiple lines).
contracts/Ownable.sol:1060:3: Warning: No visibility specified. Defaulting to "public". 
  function transferOwnership(address newOwner) onlyOwner {
  ^ (Relevant source part starts here and spans across multiple lines).
contracts/Ownable.sol:1074:5: Warning: No visibility specified. Defaulting to "public". 
    function freeze() onlyOwner {
    ^ (Relevant source part starts here and spans across multiple lines).
contracts/Ownable.sol:1078:5: Warning: No visibility specified. Defaulting to "public". 
    function unfreeze() onlyOwner {
    ^ (Relevant source part starts here and spans across multiple lines).
contracts/Ownable.sol:1099:5: Warning: No visibility specified. Defaulting to "public". 
    function CMCEthereumTicker(address _manager, uint256 _delay) {
    ^ (Relevant source part starts here and spans across multiple lines).
contracts/Ownable.sol:1106:5: Warning: No visibility specified. Defaulting to "public". 
    function getCentsPerETH() constant returns(uint256) {
    ^ (Relevant source part starts here and spans across multiple lines).
contracts/Ownable.sol:1110:5: Warning: No visibility specified. Defaulting to "public". 
    function getEnabled() constant returns(bool) {
    ^ (Relevant source part starts here and spans across multiple lines).
contracts/Ownable.sol:1114:5: Warning: No visibility specified. Defaulting to "public". 
    function enable() 
    ^ (Relevant source part starts here and spans across multiple lines).
contracts/Ownable.sol:1122:5: Warning: No visibility specified. Defaulting to "public". 
    function disable() 
    ^ (Relevant source part starts here and spans across multiple lines).
contracts/Ownable.sol:1129:5: Warning: No visibility specified. Defaulting to "public". 
    function __callback(bytes32 myid, string result) {
    ^ (Relevant source part starts here and spans across multiple lines).
contracts/Ownable.sol:1129:25: Warning: Unused function parameter. Remove or comment out the variable name to silence this warning.
    function __callback(bytes32 myid, string result) {
                        ^----------^
contracts/Ownable.sol:1156:5: Warning: No visibility specified. Defaulting to "public". 
    function payToManager(uint256 _amount) 
    ^ (Relevant source part starts here and spans across multiple lines).
contracts/Ownable.sol:1162:5: Warning: No visibility specified. Defaulting to "public". 
    function () payable {}
    ^--------------------^
contracts/Ownable.sol:1171:5: Warning: No visibility specified. Defaulting to "public". 
    function createTicker(uint256 _delay) 
    ^ (Relevant source part starts here and spans across multiple lines).
contracts/Ownable.sol:1177:5: Warning: No visibility specified. Defaulting to "public". 
    function attachTicker(address _tickerAddress)
    ^ (Relevant source part starts here and spans across multiple lines).
contracts/Ownable.sol:1183:5: Warning: No visibility specified. Defaulting to "public". 
    function enableTicker() 
    ^ (Relevant source part starts here and spans across multiple lines).
contracts/Ownable.sol:1189:5: Warning: No visibility specified. Defaulting to "public". 
    function disableTicker() 
    ^ (Relevant source part starts here and spans across multiple lines).
contracts/Ownable.sol:1195:5: Warning: No visibility specified. Defaulting to "public". 
    function sendToTicker() payable
    ^ (Relevant source part starts here and spans across multiple lines).
contracts/Ownable.sol:1202:5: Warning: No visibility specified. Defaulting to "public". 
    function withdrawFromTicker(uint _amount)
    ^ (Relevant source part starts here and spans across multiple lines).
contracts/Ownable.sol:1209:5: Warning: No visibility specified. Defaulting to "public". 
    function tickerAddress() constant returns (address) {
    ^ (Relevant source part starts here and spans across multiple lines).
contracts/Ownable.sol:1213:5: Warning: No visibility specified. Defaulting to "public". 
    function getCentsPerETH() constant returns (uint256) {
    ^ (Relevant source part starts here and spans across multiple lines).
contracts/Ownable.sol:1246:5: Warning: No visibility specified. Defaulting to "public". 
    function DBIPToken (uint256 _initial_supply) {
    ^ (Relevant source part starts here and spans across multiple lines).
contracts/Ownable.sol:1253:5: Warning: No visibility specified. Defaulting to "public". 
    function raiseSupply (uint256 _new_supply) 
    ^ (Relevant source part starts here and spans across multiple lines).
contracts/Ownable.sol:1263:5: Warning: No visibility specified. Defaulting to "public". 
    function ownerTransfer(address _to, uint256 _value) onlyOwner returns (bool success) 
    ^ (Relevant source part starts here and spans across multiple lines).
contracts/Ownable.sol:1276:5: Warning: No visibility specified. Defaulting to "public". 
    function balanceOf(address _owner) constant returns (uint256 balanceOf) {
    ^ (Relevant source part starts here and spans across multiple lines).
contracts/Ownable.sol:1280:5: Warning: No visibility specified. Defaulting to "public". 
    function totalSupply() constant returns (uint256 totalSupply) {
    ^ (Relevant source part starts here and spans across multiple lines).
contracts/Ownable.sol:1284:5: Warning: No visibility specified. Defaulting to "public". 
    function allowance(address _owner, address _spender) constant returns (uint256 remaining) {
    ^ (Relevant source part starts here and spans across multiple lines).
contracts/Ownable.sol:1288:5: Warning: No visibility specified. Defaulting to "public". 
    function transfer(address _to, uint256 _value) whileNotFrozen minimalPayloadSize(2 * 32) returns (bool success) 
    ^ (Relevant source part starts here and spans across multiple lines).
contracts/Ownable.sol:1299:5: Warning: No visibility specified. Defaulting to "public". 
    function approve(address _spender, uint256 _value) whileNotFrozen  returns (bool success) {
    ^ (Relevant source part starts here and spans across multiple lines).
contracts/Ownable.sol:1309:5: Warning: No visibility specified. Defaulting to "public". 
    function transferFrom(address _from, address _to, uint256 _value) whileNotFrozen minimalPayloadSize(3 * 32) returns (bool success) {
    ^ (Relevant source part starts here and spans across multiple lines).
contracts/Ownable.sol:1333:5: Warning: No visibility specified. Defaulting to "public". 
    function setProxy(address _proxy) 
    ^ (Relevant source part starts here and spans across multiple lines).
contracts/Ownable.sol:1339:5: Warning: No visibility specified. Defaulting to "public". 
    function buyThroughProxy(address _buyer) payable;
    ^-----------------------------------------------^
contracts/Ownable.sol:1346:5: Warning: No visibility specified. Defaulting to "public". 
    function PresaleToken(uint256 _limitUSD, uint256 _priceCents) {
    ^ (Relevant source part starts here and spans across multiple lines).
contracts/Ownable.sol:1413:5: Warning: No visibility specified. Defaulting to "public". 
    function() payable {
    ^ (Relevant source part starts here and spans across multiple lines).
contracts/Ownable.sol:1417:5: Warning: No visibility specified. Defaulting to "public". 
    function buyTokens(address _buyer) payable
    ^ (Relevant source part starts here and spans across multiple lines).
contracts/Ownable.sol:1451:5: Warning: No visibility specified. Defaulting to "public". 
    function buyThroughProxy(address _buyer) payable
    ^ (Relevant source part starts here and spans across multiple lines).
contracts/Ownable.sol:1488:5: Warning: No visibility specified. Defaulting to "public". 
    function migrateTokens(address _owner)
    ^ (Relevant source part starts here and spans across multiple lines).
contracts/Ownable.sol:1502:5: Warning: No visibility specified. Defaulting to "public". 
    function startPresale()
    ^ (Relevant source part starts here and spans across multiple lines).
contracts/Ownable.sol:1512:5: Warning: No visibility specified. Defaulting to "public". 
    function finishPresale()
    ^ (Relevant source part starts here and spans across multiple lines).
contracts/Ownable.sol:1522:5: Warning: No visibility specified. Defaulting to "public". 
    function finalizePresale()
    ^ (Relevant source part starts here and spans across multiple lines).
contracts/Ownable.sol:1535:5: Warning: No visibility specified. Defaulting to "public". 
    function startMigration()
    ^ (Relevant source part starts here and spans across multiple lines).
contracts/Ownable.sol:1551:5: Warning: No visibility specified. Defaulting to "public". 
    function setMigrationManager(address _mgr)
    ^ (Relevant source part starts here and spans across multiple lines).
contracts/Ownable.sol:1558:5: Warning: No visibility specified. Defaulting to "public". 
    function raiseCap(uint _newCap)
    ^ (Relevant source part starts here and spans across multiple lines).
contracts/Ownable.sol:1576:5: Warning: No visibility specified. Defaulting to "public". 
    function giveTokens(address _address, uint _value, string _reason)
    ^ (Relevant source part starts here and spans across multiple lines).
contracts/Ownable.sol:125:5: Warning: Function state mutability can be restricted to pure
    function __callback(bytes32 myid, string result, bytes proof) {
    ^ (Relevant source part starts here and spans across multiple lines).
contracts/Ownable.sol:536:5: Warning: Function state mutability can be restricted to pure
    function parseAddr(string _a) internal returns (address){
    ^ (Relevant source part starts here and spans across multiple lines).
contracts/Ownable.sol:556:5: Warning: Function state mutability can be restricted to pure
    function strCompare(string _a, string _b) internal returns (int) {
    ^ (Relevant source part starts here and spans across multiple lines).
contracts/Ownable.sol:574:5: Warning: Function state mutability can be restricted to pure
    function indexOf(string _haystack, string _needle) internal returns (int) {
    ^ (Relevant source part starts here and spans across multiple lines).
contracts/Ownable.sol:601:5: Warning: Function state mutability can be restricted to pure
    function strConcat(string _a, string _b, string _c, string _d, string _e) internal returns (string) {
    ^ (Relevant source part starts here and spans across multiple lines).
contracts/Ownable.sol:636:5: Warning: Function state mutability can be restricted to pure
    function parseInt(string _a, uint _b) internal returns (uint) {
    ^ (Relevant source part starts here and spans across multiple lines).
contracts/Ownable.sol:654:5: Warning: Function state mutability can be restricted to pure
    function uint2str(uint i) internal returns (string){
    ^ (Relevant source part starts here and spans across multiple lines).
contracts/Ownable.sol:671:5: Warning: Function state mutability can be restricted to pure
    function stra2cbor(string[] arr) internal returns (bytes) {
    ^ (Relevant source part starts here and spans across multiple lines).
contracts/Ownable.sol:713:5: Warning: Function state mutability can be restricted to pure
    function ba2cbor(bytes[] arr) internal returns (bytes) {
    ^ (Relevant source part starts here and spans across multiple lines).
contracts/Ownable.sol:761:5: Warning: Function state mutability can be restricted to view
    function oraclize_getNetworkName() internal returns (string) {
    ^ (Relevant source part starts here and spans across multiple lines).
contracts/Ownable.sol:864:5: Warning: Function state mutability can be restricted to pure
    function matchBytes32Prefix(bytes32 content, bytes prefix) internal returns (bool){
    ^ (Relevant source part starts here and spans across multiple lines).
contracts/Ownable.sol:925:5: Warning: Function state mutability can be restricted to pure
    function copyBytes(bytes from, uint fromOffset, uint length, bytes to, uint toOffset) internal returns (bytes) {
    ^ (Relevant source part starts here and spans across multiple lines).
contracts/Ownable.sol:1024:3: Warning: Function state mutability can be restricted to pure
  function mul(uint256 a, uint256 b) internal returns (uint256) {
  ^ (Relevant source part starts here and spans across multiple lines).
contracts/Ownable.sol:1030:3: Warning: Function state mutability can be restricted to pure
  function div(uint256 a, uint256 b) internal returns (uint256) {
  ^ (Relevant source part starts here and spans across multiple lines).
contracts/Ownable.sol:1035:3: Warning: Function state mutability can be restricted to pure
  function sub(uint256 a, uint256 b) internal returns (uint256) {
  ^ (Relevant source part starts here and spans across multiple lines).
contracts/Ownable.sol:1040:3: Warning: Function state mutability can be restricted to pure
  function add(uint256 a, uint256 b) internal returns (uint256) {
  ^ (Relevant source part starts here and spans across multiple lines).
contracts/SafeMath.sol:766:45: Warning: "throw" is deprecated in favour of "revert()", "require()" and "assert()".
        if ((_nbytes == 0)||(_nbytes > 32)) throw;
                                            ^---^
contracts/SafeMath.sol:856:71: Warning: "throw" is deprecated in favour of "revert()", "require()" and "assert()".
        if ((_proof[0] != "L")||(_proof[1] != "P")||(_proof[2] != 1)) throw;
                                                                      ^---^
contracts/SafeMath.sol:859:37: Warning: "throw" is deprecated in favour of "revert()", "require()" and "assert()".
        if (proofVerified == false) throw;
                                    ^---^
contracts/SafeMath.sol:867:14: Warning: Use of the "var" keyword is deprecated.
        for (var i=0; i<prefix.length; i++){
             ^---^
contracts/SafeMath.sol:930:13: Warning: "throw" is deprecated in favour of "revert()", "require()" and "assert()".
            throw; // Should be a better way?
            ^---^
contracts/SafeMath.sol:1051:3: Warning: Defining constructors as functions with the same name as the contract is deprecated. Use "constructor(...) { ... }" instead.
  function Ownable() {
  ^ (Relevant source part starts here and spans across multiple lines).
contracts/SafeMath.sol:1099:5: Warning: Defining constructors as functions with the same name as the contract is deprecated. Use "constructor(...) { ... }" instead.
    function CMCEthereumTicker(address _manager, uint256 _delay) {
    ^ (Relevant source part starts here and spans across multiple lines).
contracts/SafeMath.sol:1246:5: Warning: Defining constructors as functions with the same name as the contract is deprecated. Use "constructor(...) { ... }" instead.
    function DBIPToken (uint256 _initial_supply) {
    ^ (Relevant source part starts here and spans across multiple lines).
contracts/SafeMath.sol:1346:5: Warning: Defining constructors as functions with the same name as the contract is deprecated. Use "constructor(...) { ... }" instead.
    function PresaleToken(uint256 _limitUSD, uint256 _priceCents) {
    ^ (Relevant source part starts here and spans across multiple lines).
contracts/SafeMath.sol:1493:9: Warning: Use of the "var" keyword is deprecated.
        var migratedValue = token.balanceOf(_owner);
        ^---------------^
contracts/SafeMath.sol:1276:58: Warning: This declaration shadows an existing declaration.
    function balanceOf(address _owner) constant returns (uint256 balanceOf) {
                                                         ^---------------^
contracts/SafeMath.sol:1276:5: The shadowed declaration is here:
    function balanceOf(address _owner) constant returns (uint256 balanceOf) {
    ^ (Relevant source part starts here and spans across multiple lines).

contracts/SafeMath.sol:1280:46: Warning: This declaration shadows an existing declaration.
    function totalSupply() constant returns (uint256 totalSupply) {
                                             ^-----------------^
contracts/SafeMath.sol:1280:5: The shadowed declaration is here:
    function totalSupply() constant returns (uint256 totalSupply) {
    ^ (Relevant source part starts here and spans across multiple lines).

contracts/SafeMath.sol:780:50: Warning: "sha3" has been deprecated in favour of "keccak256"
        oraclize_randomDS_setCommitment(queryId, sha3(bytes8(_delay), args[1], sha256(args[0]), args[2]));
                                                 ^-----------------------------------------------------^
contracts/SafeMath.sol:780:50: Warning: This function only accepts a single "bytes" argument. Please use "abi.encodePacked(...)" or a similar function to encode the data.
        oraclize_randomDS_setCommitment(queryId, sha3(bytes8(_delay), args[1], sha256(args[0]), args[2]));
                                                 ^-----------------------------------------------------^
contracts/SafeMath.sol:812:21: Warning: "sha3" has been deprecated in favour of "keccak256"
        if (address(sha3(pubkey)) == signer) return true;
                    ^----------^
contracts/SafeMath.sol:815:29: Warning: "sha3" has been deprecated in favour of "keccak256"
            return (address(sha3(pubkey)) == signer);
                            ^----------^
contracts/SafeMath.sol:830:22: Warning: Decimal literal assigned to bytesXX variable will be left-aligned. Use an explicit conversion to silence this warning.
        tosign2[0] = 1; //role
                     ^
contracts/SafeMath.sol:867:14: Warning: The type of this variable was inferred as uint8, which can hold values between 0 and 255. This is probably not desired. Use an explicit type to silence this warning.
        for (var i=0; i<prefix.length; i++){
             ^-----^
contracts/SafeMath.sol:882:20: Warning: "sha3" has been deprecated in favour of "keccak256"
        checkok = (sha3(keyhash) == sha3(sha256(context_name, queryId)));
                   ^-----------^
contracts/SafeMath.sol:882:42: Warning: This function only accepts a single "bytes" argument. Please use "abi.encodePacked(...)" or a similar function to encode the data.
        checkok = (sha3(keyhash) == sha3(sha256(context_name, queryId)));
                                         ^---------------------------^
contracts/SafeMath.sol:882:37: Warning: "sha3" has been deprecated in favour of "keccak256"
        checkok = (sha3(keyhash) == sha3(sha256(context_name, queryId)));
                                    ^---------------------------------^
contracts/SafeMath.sol:882:37: Warning: This function only accepts a single "bytes" argument. Please use "abi.encodePacked(...)" or a similar function to encode the data.
        checkok = (sha3(keyhash) == sha3(sha256(context_name, queryId)));
                                    ^---------------------------------^
contracts/SafeMath.sol:882:37: Warning: The provided argument of type bytes32 is not implicitly convertible to expected type bytes memory.
        checkok = (sha3(keyhash) == sha3(sha256(context_name, queryId)));
                                    ^---------------------------------^
contracts/SafeMath.sol:904:48: Warning: "sha3" has been deprecated in favour of "keccak256"
        if (oraclize_randomDS_args[queryId] == sha3(commitmentSlice1, sessionPubkeyHash)){ //unonce, nbytes and sessionKeyHash match
                                               ^---------------------------------------^
contracts/SafeMath.sol:904:48: Warning: This function only accepts a single "bytes" argument. Please use "abi.encodePacked(...)" or a similar function to encode the data.
        if (oraclize_randomDS_args[queryId] == sha3(commitmentSlice1, sessionPubkeyHash)){ //unonce, nbytes and sessionKeyHash match
                                               ^---------------------------------------^
contracts/SafeMath.sol:1132:9: Warning: Invoking events without "emit" prefix is deprecated.
        newPriceTicker(result);
        ^--------------------^
contracts/SafeMath.sol:1139:40: Warning: Using contract member "balance" inherited from the address type is deprecated. Convert the contract to "address" type to access the member, for example use "address(contract).balance" instead.
        if (oraclize.getPrice("URL") > this.balance) {
                                       ^----------^
contracts/SafeMath.sol:1140:13: Warning: Invoking events without "emit" prefix is deprecated.
            newOraclizeQuery("Oraclize query was NOT sent, please add some ETH to cover for the query fee");
            ^---------------------------------------------------------------------------------------------^
contracts/SafeMath.sol:1142:13: Warning: Invoking events without "emit" prefix is deprecated.
            newOraclizeQuery("Oraclize query was sent, standing by for the answer..");
            ^-----------------------------------------------------------------------^
contracts/SafeMath.sol:1148:40: Warning: Using contract member "balance" inherited from the address type is deprecated. Convert the contract to "address" type to access the member, for example use "address(contract).balance" instead.
        if (oraclize.getPrice("URL") > this.balance) {
                                       ^----------^
contracts/SafeMath.sol:1149:13: Warning: Invoking events without "emit" prefix is deprecated.
            newOraclizeQuery("Oraclize query was NOT sent, please add some ETH to cover for the query fee");
            ^---------------------------------------------------------------------------------------------^
contracts/SafeMath.sol:1151:13: Warning: Invoking events without "emit" prefix is deprecated.
            newOraclizeQuery("Oraclize query was sent, standing by for the answer..");
            ^-----------------------------------------------------------------------^
contracts/SafeMath.sol:1269:9: Warning: Invoking events without "emit" prefix is deprecated.
        Transfer(owner,_to,_value);
        ^------------------------^
contracts/SafeMath.sol:1294:9: Warning: Invoking events without "emit" prefix is deprecated.
        Transfer(msg.sender,_to,_value);
        ^-----------------------------^
contracts/SafeMath.sol:1303:9: Warning: Invoking events without "emit" prefix is deprecated.
        Approval(msg.sender,_spender,_value);
        ^----------------------------------^
contracts/SafeMath.sol:1316:9: Warning: Invoking events without "emit" prefix is deprecated.
        Transfer(_from,_to,_value);
        ^------------------------^
contracts/SafeMath.sol:1436:13: Warning: Invoking events without "emit" prefix is deprecated.
            LogBuy(_buyer, remainder, centsPerETH);
            ^------------------------------------^
contracts/SafeMath.sol:1441:13: Warning: Invoking events without "emit" prefix is deprecated.
            LogBuy(_buyer, newTokens, centsPerETH);
            ^------------------------------------^
contracts/SafeMath.sol:1447:13: Warning: Invoking events without "emit" prefix is deprecated.
            LogPhaseSwitch(Phase.Finished);
            ^----------------------------^
contracts/SafeMath.sol:1472:13: Warning: Invoking events without "emit" prefix is deprecated.
            LogBuy(_buyer, remainder, centsPerETH);
            ^------------------------------------^
contracts/SafeMath.sol:1478:13: Warning: Invoking events without "emit" prefix is deprecated.
            LogBuy(_buyer, newTokens, centsPerETH);
            ^------------------------------------^
contracts/SafeMath.sol:1484:13: Warning: Invoking events without "emit" prefix is deprecated.
            LogPhaseSwitch(Phase.Finished);
            ^----------------------------^
contracts/SafeMath.sol:1495:9: Warning: Invoking events without "emit" prefix is deprecated.
        LogMigrate(_owner, migratedValue);
        ^-------------------------------^
contracts/SafeMath.sol:1498:13: Warning: Invoking events without "emit" prefix is deprecated.
            LogPhaseSwitch(Phase.Migrated);
            ^----------------------------^
contracts/SafeMath.sol:1509:9: Warning: Invoking events without "emit" prefix is deprecated.
        LogPhaseSwitch(Phase.Running);
        ^---------------------------^
contracts/SafeMath.sol:1518:9: Warning: Invoking events without "emit" prefix is deprecated.
        LogPhaseSwitch(Phase.Finished);
        ^----------------------------^
contracts/SafeMath.sol:1532:9: Warning: Invoking events without "emit" prefix is deprecated.
        LogPhaseSwitch(Phase.Finalized);
        ^-----------------------------^
contracts/SafeMath.sol:1542:9: Warning: Invoking events without "emit" prefix is deprecated.
        LogPhaseSwitch(Phase.Migrating);
        ^-----------------------------^
contracts/SafeMath.sol:1547:16: Warning: Using contract member "balance" inherited from the address type is deprecated. Convert the contract to "address" type to access the member, for example use "address(contract).balance" instead.
        assert(this.balance > 0);
               ^----------^
contracts/SafeMath.sol:1548:24: Warning: Using contract member "balance" inherited from the address type is deprecated. Convert the contract to "address" type to access the member, for example use "address(contract).balance" instead.
        owner.transfer(this.balance);
                       ^----------^
contracts/SafeMath.sol:1573:9: Warning: Invoking events without "emit" prefix is deprecated.
        LogPhaseSwitch(Phase.Running);
        ^---------------------------^
contracts/SafeMath.sol:1584:9: Warning: Invoking events without "emit" prefix is deprecated.
        LogGive(_address, _value, _reason);
        ^--------------------------------^
contracts/SafeMath.sol:39:5: Warning: No visibility specified. Defaulting to "public". 
    function query(uint _timestamp, string _datasource, string _arg) payable returns (bytes32 _id);
    ^---------------------------------------------------------------------------------------------^
contracts/SafeMath.sol:40:5: Warning: No visibility specified. Defaulting to "public". 
    function query_withGasLimit(uint _timestamp, string _datasource, string _arg, uint _gaslimit) payable returns (bytes32 _id);
    ^--------------------------------------------------------------------------------------------------------------------------^
contracts/SafeMath.sol:41:5: Warning: No visibility specified. Defaulting to "public". 
    function query2(uint _timestamp, string _datasource, string _arg1, string _arg2) payable returns (bytes32 _id);
    ^-------------------------------------------------------------------------------------------------------------^
contracts/SafeMath.sol:42:5: Warning: No visibility specified. Defaulting to "public". 
    function query2_withGasLimit(uint _timestamp, string _datasource, string _arg1, string _arg2, uint _gaslimit) payable returns (bytes32 _id);
    ^------------------------------------------------------------------------------------------------------------------------------------------^
contracts/SafeMath.sol:43:5: Warning: No visibility specified. Defaulting to "public". 
    function queryN(uint _timestamp, string _datasource, bytes _argN) payable returns (bytes32 _id);
    ^----------------------------------------------------------------------------------------------^
contracts/SafeMath.sol:44:5: Warning: No visibility specified. Defaulting to "public". 
    function queryN_withGasLimit(uint _timestamp, string _datasource, bytes _argN, uint _gaslimit) payable returns (bytes32 _id);
    ^---------------------------------------------------------------------------------------------------------------------------^
contracts/SafeMath.sol:45:5: Warning: No visibility specified. Defaulting to "public". 
    function getPrice(string _datasource) returns (uint _dsprice);
    ^------------------------------------------------------------^
contracts/SafeMath.sol:46:5: Warning: No visibility specified. Defaulting to "public". 
    function getPrice(string _datasource, uint gaslimit) returns (uint _dsprice);
    ^---------------------------------------------------------------------------^
contracts/SafeMath.sol:47:5: Warning: No visibility specified. Defaulting to "public". 
    function useCoupon(string _coupon);
    ^---------------------------------^
contracts/SafeMath.sol:48:5: Warning: No visibility specified. Defaulting to "public". 
    function setProofType(byte _proofType);
    ^-------------------------------------^
contracts/SafeMath.sol:49:5: Warning: No visibility specified. Defaulting to "public". 
    function setConfig(bytes32 _config);
    ^----------------------------------^
contracts/SafeMath.sol:50:5: Warning: No visibility specified. Defaulting to "public". 
    function setCustomGasPrice(uint _gasPrice);
    ^-----------------------------------------^
contracts/SafeMath.sol:51:5: Warning: No visibility specified. Defaulting to "public". 
    function randomDS_getSessionPubKeyHash() returns(bytes32);
    ^--------------------------------------------------------^
contracts/SafeMath.sol:54:5: Warning: No visibility specified. Defaulting to "public". 
    function getAddress() returns (address _addr);
    ^--------------------------------------------^
contracts/SafeMath.sol:86:34: Warning: Unused function parameter. Remove or comment out the variable name to silence this warning.
    function oraclize_setNetwork(uint8 networkID) internal returns(bool){
                                 ^-------------^
contracts/SafeMath.sol:122:5: Warning: No visibility specified. Defaulting to "public". 
    function __callback(bytes32 myid, string result) {
    ^ (Relevant source part starts here and spans across multiple lines).
contracts/SafeMath.sol:125:5: Warning: No visibility specified. Defaulting to "public". 
    function __callback(bytes32 myid, string result, bytes proof) {
    ^ (Relevant source part starts here and spans across multiple lines).
contracts/SafeMath.sol:125:25: Warning: Unused function parameter. Remove or comment out the variable name to silence this warning.
    function __callback(bytes32 myid, string result, bytes proof) {
                        ^----------^
contracts/SafeMath.sol:125:39: Warning: Unused function parameter. Remove or comment out the variable name to silence this warning.
    function __callback(bytes32 myid, string result, bytes proof) {
                                      ^-----------^
contracts/SafeMath.sol:125:54: Warning: Unused function parameter. Remove or comment out the variable name to silence this warning.
    function __callback(bytes32 myid, string result, bytes proof) {
                                                     ^---------^
contracts/SafeMath.sol:1051:3: Warning: No visibility specified. Defaulting to "public". 
  function Ownable() {
  ^ (Relevant source part starts here and spans across multiple lines).
contracts/SafeMath.sol:1060:3: Warning: No visibility specified. Defaulting to "public". 
  function transferOwnership(address newOwner) onlyOwner {
  ^ (Relevant source part starts here and spans across multiple lines).
contracts/SafeMath.sol:1074:5: Warning: No visibility specified. Defaulting to "public". 
    function freeze() onlyOwner {
    ^ (Relevant source part starts here and spans across multiple lines).
contracts/SafeMath.sol:1078:5: Warning: No visibility specified. Defaulting to "public". 
    function unfreeze() onlyOwner {
    ^ (Relevant source part starts here and spans across multiple lines).
contracts/SafeMath.sol:1099:5: Warning: No visibility specified. Defaulting to "public". 
    function CMCEthereumTicker(address _manager, uint256 _delay) {
    ^ (Relevant source part starts here and spans across multiple lines).
contracts/SafeMath.sol:1106:5: Warning: No visibility specified. Defaulting to "public". 
    function getCentsPerETH() constant returns(uint256) {
    ^ (Relevant source part starts here and spans across multiple lines).
contracts/SafeMath.sol:1110:5: Warning: No visibility specified. Defaulting to "public". 
    function getEnabled() constant returns(bool) {
    ^ (Relevant source part starts here and spans across multiple lines).
contracts/SafeMath.sol:1114:5: Warning: No visibility specified. Defaulting to "public". 
    function enable() 
    ^ (Relevant source part starts here and spans across multiple lines).
contracts/SafeMath.sol:1122:5: Warning: No visibility specified. Defaulting to "public". 
    function disable() 
    ^ (Relevant source part starts here and spans across multiple lines).
contracts/SafeMath.sol:1129:5: Warning: No visibility specified. Defaulting to "public". 
    function __callback(bytes32 myid, string result) {
    ^ (Relevant source part starts here and spans across multiple lines).
contracts/SafeMath.sol:1129:25: Warning: Unused function parameter. Remove or comment out the variable name to silence this warning.
    function __callback(bytes32 myid, string result) {
                        ^----------^
contracts/SafeMath.sol:1156:5: Warning: No visibility specified. Defaulting to "public". 
    function payToManager(uint256 _amount) 
    ^ (Relevant source part starts here and spans across multiple lines).
contracts/SafeMath.sol:1162:5: Warning: No visibility specified. Defaulting to "public". 
    function () payable {}
    ^--------------------^
contracts/SafeMath.sol:1171:5: Warning: No visibility specified. Defaulting to "public". 
    function createTicker(uint256 _delay) 
    ^ (Relevant source part starts here and spans across multiple lines).
contracts/SafeMath.sol:1177:5: Warning: No visibility specified. Defaulting to "public". 
    function attachTicker(address _tickerAddress)
    ^ (Relevant source part starts here and spans across multiple lines).
contracts/SafeMath.sol:1183:5: Warning: No visibility specified. Defaulting to "public". 
    function enableTicker() 
    ^ (Relevant source part starts here and spans across multiple lines).
contracts/SafeMath.sol:1189:5: Warning: No visibility specified. Defaulting to "public". 
    function disableTicker() 
    ^ (Relevant source part starts here and spans across multiple lines).
contracts/SafeMath.sol:1195:5: Warning: No visibility specified. Defaulting to "public". 
    function sendToTicker() payable
    ^ (Relevant source part starts here and spans across multiple lines).
contracts/SafeMath.sol:1202:5: Warning: No visibility specified. Defaulting to "public". 
    function withdrawFromTicker(uint _amount)
    ^ (Relevant source part starts here and spans across multiple lines).
contracts/SafeMath.sol:1209:5: Warning: No visibility specified. Defaulting to "public". 
    function tickerAddress() constant returns (address) {
    ^ (Relevant source part starts here and spans across multiple lines).
contracts/SafeMath.sol:1213:5: Warning: No visibility specified. Defaulting to "public". 
    function getCentsPerETH() constant returns (uint256) {
    ^ (Relevant source part starts here and spans across multiple lines).
contracts/SafeMath.sol:1246:5: Warning: No visibility specified. Defaulting to "public". 
    function DBIPToken (uint256 _initial_supply) {
    ^ (Relevant source part starts here and spans across multiple lines).
contracts/SafeMath.sol:1253:5: Warning: No visibility specified. Defaulting to "public". 
    function raiseSupply (uint256 _new_supply) 
    ^ (Relevant source part starts here and spans across multiple lines).
contracts/SafeMath.sol:1263:5: Warning: No visibility specified. Defaulting to "public". 
    function ownerTransfer(address _to, uint256 _value) onlyOwner returns (bool success) 
    ^ (Relevant source part starts here and spans across multiple lines).
contracts/SafeMath.sol:1276:5: Warning: No visibility specified. Defaulting to "public". 
    function balanceOf(address _owner) constant returns (uint256 balanceOf) {
    ^ (Relevant source part starts here and spans across multiple lines).
contracts/SafeMath.sol:1280:5: Warning: No visibility specified. Defaulting to "public". 
    function totalSupply() constant returns (uint256 totalSupply) {
    ^ (Relevant source part starts here and spans across multiple lines).
contracts/SafeMath.sol:1284:5: Warning: No visibility specified. Defaulting to "public". 
    function allowance(address _owner, address _spender) constant returns (uint256 remaining) {
    ^ (Relevant source part starts here and spans across multiple lines).
contracts/SafeMath.sol:1288:5: Warning: No visibility specified. Defaulting to "public". 
    function transfer(address _to, uint256 _value) whileNotFrozen minimalPayloadSize(2 * 32) returns (bool success) 
    ^ (Relevant source part starts here and spans across multiple lines).
contracts/SafeMath.sol:1299:5: Warning: No visibility specified. Defaulting to "public". 
    function approve(address _spender, uint256 _value) whileNotFrozen  returns (bool success) {
    ^ (Relevant source part starts here and spans across multiple lines).
contracts/SafeMath.sol:1309:5: Warning: No visibility specified. Defaulting to "public". 
    function transferFrom(address _from, address _to, uint256 _value) whileNotFrozen minimalPayloadSize(3 * 32) returns (bool success) {
    ^ (Relevant source part starts here and spans across multiple lines).
contracts/SafeMath.sol:1333:5: Warning: No visibility specified. Defaulting to "public". 
    function setProxy(address _proxy) 
    ^ (Relevant source part starts here and spans across multiple lines).
contracts/SafeMath.sol:1339:5: Warning: No visibility specified. Defaulting to "public". 
    function buyThroughProxy(address _buyer) payable;
    ^-----------------------------------------------^
contracts/SafeMath.sol:1346:5: Warning: No visibility specified. Defaulting to "public". 
    function PresaleToken(uint256 _limitUSD, uint256 _priceCents) {
    ^ (Relevant source part starts here and spans across multiple lines).
contracts/SafeMath.sol:1413:5: Warning: No visibility specified. Defaulting to "public". 
    function() payable {
    ^ (Relevant source part starts here and spans across multiple lines).
contracts/SafeMath.sol:1417:5: Warning: No visibility specified. Defaulting to "public". 
    function buyTokens(address _buyer) payable
    ^ (Relevant source part starts here and spans across multiple lines).
contracts/SafeMath.sol:1451:5: Warning: No visibility specified. Defaulting to "public". 
    function buyThroughProxy(address _buyer) payable
    ^ (Relevant source part starts here and spans across multiple lines).
contracts/SafeMath.sol:1488:5: Warning: No visibility specified. Defaulting to "public". 
    function migrateTokens(address _owner)
    ^ (Relevant source part starts here and spans across multiple lines).
contracts/SafeMath.sol:1502:5: Warning: No visibility specified. Defaulting to "public". 
    function startPresale()
    ^ (Relevant source part starts here and spans across multiple lines).
contracts/SafeMath.sol:1512:5: Warning: No visibility specified. Defaulting to "public". 
    function finishPresale()
    ^ (Relevant source part starts here and spans across multiple lines).
contracts/SafeMath.sol:1522:5: Warning: No visibility specified. Defaulting to "public". 
    function finalizePresale()
    ^ (Relevant source part starts here and spans across multiple lines).
contracts/SafeMath.sol:1535:5: Warning: No visibility specified. Defaulting to "public". 
    function startMigration()
    ^ (Relevant source part starts here and spans across multiple lines).
contracts/SafeMath.sol:1551:5: Warning: No visibility specified. Defaulting to "public". 
    function setMigrationManager(address _mgr)
    ^ (Relevant source part starts here and spans across multiple lines).
contracts/SafeMath.sol:1558:5: Warning: No visibility specified. Defaulting to "public". 
    function raiseCap(uint _newCap)
    ^ (Relevant source part starts here and spans across multiple lines).
contracts/SafeMath.sol:1576:5: Warning: No visibility specified. Defaulting to "public". 
    function giveTokens(address _address, uint _value, string _reason)
    ^ (Relevant source part starts here and spans across multiple lines).
contracts/SafeMath.sol:125:5: Warning: Function state mutability can be restricted to pure
    function __callback(bytes32 myid, string result, bytes proof) {
    ^ (Relevant source part starts here and spans across multiple lines).
contracts/SafeMath.sol:536:5: Warning: Function state mutability can be restricted to pure
    function parseAddr(string _a) internal returns (address){
    ^ (Relevant source part starts here and spans across multiple lines).
contracts/SafeMath.sol:556:5: Warning: Function state mutability can be restricted to pure
    function strCompare(string _a, string _b) internal returns (int) {
    ^ (Relevant source part starts here and spans across multiple lines).
contracts/SafeMath.sol:574:5: Warning: Function state mutability can be restricted to pure
    function indexOf(string _haystack, string _needle) internal returns (int) {
    ^ (Relevant source part starts here and spans across multiple lines).
contracts/SafeMath.sol:601:5: Warning: Function state mutability can be restricted to pure
    function strConcat(string _a, string _b, string _c, string _d, string _e) internal returns (string) {
    ^ (Relevant source part starts here and spans across multiple lines).
contracts/SafeMath.sol:636:5: Warning: Function state mutability can be restricted to pure
    function parseInt(string _a, uint _b) internal returns (uint) {
    ^ (Relevant source part starts here and spans across multiple lines).
contracts/SafeMath.sol:654:5: Warning: Function state mutability can be restricted to pure
    function uint2str(uint i) internal returns (string){
    ^ (Relevant source part starts here and spans across multiple lines).
contracts/SafeMath.sol:671:5: Warning: Function state mutability can be restricted to pure
    function stra2cbor(string[] arr) internal returns (bytes) {
    ^ (Relevant source part starts here and spans across multiple lines).
contracts/SafeMath.sol:713:5: Warning: Function state mutability can be restricted to pure
    function ba2cbor(bytes[] arr) internal returns (bytes) {
    ^ (Relevant source part starts here and spans across multiple lines).
contracts/SafeMath.sol:761:5: Warning: Function state mutability can be restricted to view
    function oraclize_getNetworkName() internal returns (string) {
    ^ (Relevant source part starts here and spans across multiple lines).
contracts/SafeMath.sol:864:5: Warning: Function state mutability can be restricted to pure
    function matchBytes32Prefix(bytes32 content, bytes prefix) internal returns (bool){
    ^ (Relevant source part starts here and spans across multiple lines).
contracts/SafeMath.sol:925:5: Warning: Function state mutability can be restricted to pure
    function copyBytes(bytes from, uint fromOffset, uint length, bytes to, uint toOffset) internal returns (bytes) {
    ^ (Relevant source part starts here and spans across multiple lines).
contracts/SafeMath.sol:1024:3: Warning: Function state mutability can be restricted to pure
  function mul(uint256 a, uint256 b) internal returns (uint256) {
  ^ (Relevant source part starts here and spans across multiple lines).
contracts/SafeMath.sol:1030:3: Warning: Function state mutability can be restricted to pure
  function div(uint256 a, uint256 b) internal returns (uint256) {
  ^ (Relevant source part starts here and spans across multiple lines).
contracts/SafeMath.sol:1035:3: Warning: Function state mutability can be restricted to pure
  function sub(uint256 a, uint256 b) internal returns (uint256) {
  ^ (Relevant source part starts here and spans across multiple lines).
contracts/SafeMath.sol:1040:3: Warning: Function state mutability can be restricted to pure
  function add(uint256 a, uint256 b) internal returns (uint256) {
  ^ (Relevant source part starts here and spans across multiple lines).
contracts/Freezable.sol:766:45: Warning: "throw" is deprecated in favour of "revert()", "require()" and "assert()".
        if ((_nbytes == 0)||(_nbytes > 32)) throw;
                                            ^---^
contracts/Freezable.sol:856:71: Warning: "throw" is deprecated in favour of "revert()", "require()" and "assert()".
        if ((_proof[0] != "L")||(_proof[1] != "P")||(_proof[2] != 1)) throw;
                                                                      ^---^
contracts/Freezable.sol:859:37: Warning: "throw" is deprecated in favour of "revert()", "require()" and "assert()".
        if (proofVerified == false) throw;
                                    ^---^
contracts/Freezable.sol:867:14: Warning: Use of the "var" keyword is deprecated.
        for (var i=0; i<prefix.length; i++){
             ^---^
contracts/Freezable.sol:930:13: Warning: "throw" is deprecated in favour of "revert()", "require()" and "assert()".
            throw; // Should be a better way?
            ^---^
contracts/Freezable.sol:1051:3: Warning: Defining constructors as functions with the same name as the contract is deprecated. Use "constructor(...) { ... }" instead.
  function Ownable() {
  ^ (Relevant source part starts here and spans across multiple lines).
contracts/Freezable.sol:1099:5: Warning: Defining constructors as functions with the same name as the contract is deprecated. Use "constructor(...) { ... }" instead.
    function CMCEthereumTicker(address _manager, uint256 _delay) {
    ^ (Relevant source part starts here and spans across multiple lines).
contracts/Freezable.sol:1246:5: Warning: Defining constructors as functions with the same name as the contract is deprecated. Use "constructor(...) { ... }" instead.
    function DBIPToken (uint256 _initial_supply) {
    ^ (Relevant source part starts here and spans across multiple lines).
contracts/Freezable.sol:1346:5: Warning: Defining constructors as functions with the same name as the contract is deprecated. Use "constructor(...) { ... }" instead.
    function PresaleToken(uint256 _limitUSD, uint256 _priceCents) {
    ^ (Relevant source part starts here and spans across multiple lines).
contracts/Freezable.sol:1493:9: Warning: Use of the "var" keyword is deprecated.
        var migratedValue = token.balanceOf(_owner);
        ^---------------^
contracts/Freezable.sol:1276:58: Warning: This declaration shadows an existing declaration.
    function balanceOf(address _owner) constant returns (uint256 balanceOf) {
                                                         ^---------------^
contracts/Freezable.sol:1276:5: The shadowed declaration is here:
    function balanceOf(address _owner) constant returns (uint256 balanceOf) {
    ^ (Relevant source part starts here and spans across multiple lines).

contracts/Freezable.sol:1280:46: Warning: This declaration shadows an existing declaration.
    function totalSupply() constant returns (uint256 totalSupply) {
                                             ^-----------------^
contracts/Freezable.sol:1280:5: The shadowed declaration is here:
    function totalSupply() constant returns (uint256 totalSupply) {
    ^ (Relevant source part starts here and spans across multiple lines).

contracts/Freezable.sol:780:50: Warning: "sha3" has been deprecated in favour of "keccak256"
        oraclize_randomDS_setCommitment(queryId, sha3(bytes8(_delay), args[1], sha256(args[0]), args[2]));
                                                 ^-----------------------------------------------------^
contracts/Freezable.sol:780:50: Warning: This function only accepts a single "bytes" argument. Please use "abi.encodePacked(...)" or a similar function to encode the data.
        oraclize_randomDS_setCommitment(queryId, sha3(bytes8(_delay), args[1], sha256(args[0]), args[2]));
                                                 ^-----------------------------------------------------^
contracts/Freezable.sol:812:21: Warning: "sha3" has been deprecated in favour of "keccak256"
        if (address(sha3(pubkey)) == signer) return true;
                    ^----------^
contracts/Freezable.sol:815:29: Warning: "sha3" has been deprecated in favour of "keccak256"
            return (address(sha3(pubkey)) == signer);
                            ^----------^
contracts/Freezable.sol:830:22: Warning: Decimal literal assigned to bytesXX variable will be left-aligned. Use an explicit conversion to silence this warning.
        tosign2[0] = 1; //role
                     ^
contracts/Freezable.sol:867:14: Warning: The type of this variable was inferred as uint8, which can hold values between 0 and 255. This is probably not desired. Use an explicit type to silence this warning.
        for (var i=0; i<prefix.length; i++){
             ^-----^
contracts/Freezable.sol:882:20: Warning: "sha3" has been deprecated in favour of "keccak256"
        checkok = (sha3(keyhash) == sha3(sha256(context_name, queryId)));
                   ^-----------^
contracts/Freezable.sol:882:42: Warning: This function only accepts a single "bytes" argument. Please use "abi.encodePacked(...)" or a similar function to encode the data.
        checkok = (sha3(keyhash) == sha3(sha256(context_name, queryId)));
                                         ^---------------------------^
contracts/Freezable.sol:882:37: Warning: "sha3" has been deprecated in favour of "keccak256"
        checkok = (sha3(keyhash) == sha3(sha256(context_name, queryId)));
                                    ^---------------------------------^
contracts/Freezable.sol:882:37: Warning: This function only accepts a single "bytes" argument. Please use "abi.encodePacked(...)" or a similar function to encode the data.
        checkok = (sha3(keyhash) == sha3(sha256(context_name, queryId)));
                                    ^---------------------------------^
contracts/Freezable.sol:882:37: Warning: The provided argument of type bytes32 is not implicitly convertible to expected type bytes memory.
        checkok = (sha3(keyhash) == sha3(sha256(context_name, queryId)));
                                    ^---------------------------------^
contracts/Freezable.sol:904:48: Warning: "sha3" has been deprecated in favour of "keccak256"
        if (oraclize_randomDS_args[queryId] == sha3(commitmentSlice1, sessionPubkeyHash)){ //unonce, nbytes and sessionKeyHash match
                                               ^---------------------------------------^
contracts/Freezable.sol:904:48: Warning: This function only accepts a single "bytes" argument. Please use "abi.encodePacked(...)" or a similar function to encode the data.
        if (oraclize_randomDS_args[queryId] == sha3(commitmentSlice1, sessionPubkeyHash)){ //unonce, nbytes and sessionKeyHash match
                                               ^---------------------------------------^
contracts/Freezable.sol:1132:9: Warning: Invoking events without "emit" prefix is deprecated.
        newPriceTicker(result);
        ^--------------------^
contracts/Freezable.sol:1139:40: Warning: Using contract member "balance" inherited from the address type is deprecated. Convert the contract to "address" type to access the member, for example use "address(contract).balance" instead.
        if (oraclize.getPrice("URL") > this.balance) {
                                       ^----------^
contracts/Freezable.sol:1140:13: Warning: Invoking events without "emit" prefix is deprecated.
            newOraclizeQuery("Oraclize query was NOT sent, please add some ETH to cover for the query fee");
            ^---------------------------------------------------------------------------------------------^
contracts/Freezable.sol:1142:13: Warning: Invoking events without "emit" prefix is deprecated.
            newOraclizeQuery("Oraclize query was sent, standing by for the answer..");
            ^-----------------------------------------------------------------------^
contracts/Freezable.sol:1148:40: Warning: Using contract member "balance" inherited from the address type is deprecated. Convert the contract to "address" type to access the member, for example use "address(contract).balance" instead.
        if (oraclize.getPrice("URL") > this.balance) {
                                       ^----------^
contracts/Freezable.sol:1149:13: Warning: Invoking events without "emit" prefix is deprecated.
            newOraclizeQuery("Oraclize query was NOT sent, please add some ETH to cover for the query fee");
            ^---------------------------------------------------------------------------------------------^
contracts/Freezable.sol:1151:13: Warning: Invoking events without "emit" prefix is deprecated.
            newOraclizeQuery("Oraclize query was sent, standing by for the answer..");
            ^-----------------------------------------------------------------------^
contracts/Freezable.sol:1269:9: Warning: Invoking events without "emit" prefix is deprecated.
        Transfer(owner,_to,_value);
        ^------------------------^
contracts/Freezable.sol:1294:9: Warning: Invoking events without "emit" prefix is deprecated.
        Transfer(msg.sender,_to,_value);
        ^-----------------------------^
contracts/Freezable.sol:1303:9: Warning: Invoking events without "emit" prefix is deprecated.
        Approval(msg.sender,_spender,_value);
        ^----------------------------------^
contracts/Freezable.sol:1316:9: Warning: Invoking events without "emit" prefix is deprecated.
        Transfer(_from,_to,_value);
        ^------------------------^
contracts/Freezable.sol:1436:13: Warning: Invoking events without "emit" prefix is deprecated.
            LogBuy(_buyer, remainder, centsPerETH);
            ^------------------------------------^
contracts/Freezable.sol:1441:13: Warning: Invoking events without "emit" prefix is deprecated.
            LogBuy(_buyer, newTokens, centsPerETH);
            ^------------------------------------^
contracts/Freezable.sol:1447:13: Warning: Invoking events without "emit" prefix is deprecated.
            LogPhaseSwitch(Phase.Finished);
            ^----------------------------^
contracts/Freezable.sol:1472:13: Warning: Invoking events without "emit" prefix is deprecated.
            LogBuy(_buyer, remainder, centsPerETH);
            ^------------------------------------^
contracts/Freezable.sol:1478:13: Warning: Invoking events without "emit" prefix is deprecated.
            LogBuy(_buyer, newTokens, centsPerETH);
            ^------------------------------------^
contracts/Freezable.sol:1484:13: Warning: Invoking events without "emit" prefix is deprecated.
            LogPhaseSwitch(Phase.Finished);
            ^----------------------------^
contracts/Freezable.sol:1495:9: Warning: Invoking events without "emit" prefix is deprecated.
        LogMigrate(_owner, migratedValue);
        ^-------------------------------^
contracts/Freezable.sol:1498:13: Warning: Invoking events without "emit" prefix is deprecated.
            LogPhaseSwitch(Phase.Migrated);
            ^----------------------------^
contracts/Freezable.sol:1509:9: Warning: Invoking events without "emit" prefix is deprecated.
        LogPhaseSwitch(Phase.Running);
        ^---------------------------^
contracts/Freezable.sol:1518:9: Warning: Invoking events without "emit" prefix is deprecated.
        LogPhaseSwitch(Phase.Finished);
        ^----------------------------^
contracts/Freezable.sol:1532:9: Warning: Invoking events without "emit" prefix is deprecated.
        LogPhaseSwitch(Phase.Finalized);
        ^-----------------------------^
contracts/Freezable.sol:1542:9: Warning: Invoking events without "emit" prefix is deprecated.
        LogPhaseSwitch(Phase.Migrating);
        ^-----------------------------^
contracts/Freezable.sol:1547:16: Warning: Using contract member "balance" inherited from the address type is deprecated. Convert the contract to "address" type to access the member, for example use "address(contract).balance" instead.
        assert(this.balance > 0);
               ^----------^
contracts/Freezable.sol:1548:24: Warning: Using contract member "balance" inherited from the address type is deprecated. Convert the contract to "address" type to access the member, for example use "address(contract).balance" instead.
        owner.transfer(this.balance);
                       ^----------^
contracts/Freezable.sol:1573:9: Warning: Invoking events without "emit" prefix is deprecated.
        LogPhaseSwitch(Phase.Running);
        ^---------------------------^
contracts/Freezable.sol:1584:9: Warning: Invoking events without "emit" prefix is deprecated.
        LogGive(_address, _value, _reason);
        ^--------------------------------^
contracts/Freezable.sol:39:5: Warning: No visibility specified. Defaulting to "public". 
    function query(uint _timestamp, string _datasource, string _arg) payable returns (bytes32 _id);
    ^---------------------------------------------------------------------------------------------^
contracts/Freezable.sol:40:5: Warning: No visibility specified. Defaulting to "public". 
    function query_withGasLimit(uint _timestamp, string _datasource, string _arg, uint _gaslimit) payable returns (bytes32 _id);
    ^--------------------------------------------------------------------------------------------------------------------------^
contracts/Freezable.sol:41:5: Warning: No visibility specified. Defaulting to "public". 
    function query2(uint _timestamp, string _datasource, string _arg1, string _arg2) payable returns (bytes32 _id);
    ^-------------------------------------------------------------------------------------------------------------^
contracts/Freezable.sol:42:5: Warning: No visibility specified. Defaulting to "public". 
    function query2_withGasLimit(uint _timestamp, string _datasource, string _arg1, string _arg2, uint _gaslimit) payable returns (bytes32 _id);
    ^------------------------------------------------------------------------------------------------------------------------------------------^
contracts/Freezable.sol:43:5: Warning: No visibility specified. Defaulting to "public". 
    function queryN(uint _timestamp, string _datasource, bytes _argN) payable returns (bytes32 _id);
    ^----------------------------------------------------------------------------------------------^
contracts/Freezable.sol:44:5: Warning: No visibility specified. Defaulting to "public". 
    function queryN_withGasLimit(uint _timestamp, string _datasource, bytes _argN, uint _gaslimit) payable returns (bytes32 _id);
    ^---------------------------------------------------------------------------------------------------------------------------^
contracts/Freezable.sol:45:5: Warning: No visibility specified. Defaulting to "public". 
    function getPrice(string _datasource) returns (uint _dsprice);
    ^------------------------------------------------------------^
contracts/Freezable.sol:46:5: Warning: No visibility specified. Defaulting to "public". 
    function getPrice(string _datasource, uint gaslimit) returns (uint _dsprice);
    ^---------------------------------------------------------------------------^
contracts/Freezable.sol:47:5: Warning: No visibility specified. Defaulting to "public". 
    function useCoupon(string _coupon);
    ^---------------------------------^
contracts/Freezable.sol:48:5: Warning: No visibility specified. Defaulting to "public". 
    function setProofType(byte _proofType);
    ^-------------------------------------^
contracts/Freezable.sol:49:5: Warning: No visibility specified. Defaulting to "public". 
    function setConfig(bytes32 _config);
    ^----------------------------------^
contracts/Freezable.sol:50:5: Warning: No visibility specified. Defaulting to "public". 
    function setCustomGasPrice(uint _gasPrice);
    ^-----------------------------------------^
contracts/Freezable.sol:51:5: Warning: No visibility specified. Defaulting to "public". 
    function randomDS_getSessionPubKeyHash() returns(bytes32);
    ^--------------------------------------------------------^
contracts/Freezable.sol:54:5: Warning: No visibility specified. Defaulting to "public". 
    function getAddress() returns (address _addr);
    ^--------------------------------------------^
contracts/Freezable.sol:86:34: Warning: Unused function parameter. Remove or comment out the variable name to silence this warning.
    function oraclize_setNetwork(uint8 networkID) internal returns(bool){
                                 ^-------------^
contracts/Freezable.sol:122:5: Warning: No visibility specified. Defaulting to "public". 
    function __callback(bytes32 myid, string result) {
    ^ (Relevant source part starts here and spans across multiple lines).
contracts/Freezable.sol:125:5: Warning: No visibility specified. Defaulting to "public". 
    function __callback(bytes32 myid, string result, bytes proof) {
    ^ (Relevant source part starts here and spans across multiple lines).
contracts/Freezable.sol:125:25: Warning: Unused function parameter. Remove or comment out the variable name to silence this warning.
    function __callback(bytes32 myid, string result, bytes proof) {
                        ^----------^
contracts/Freezable.sol:125:39: Warning: Unused function parameter. Remove or comment out the variable name to silence this warning.
    function __callback(bytes32 myid, string result, bytes proof) {
                                      ^-----------^
contracts/Freezable.sol:125:54: Warning: Unused function parameter. Remove or comment out the variable name to silence this warning.
    function __callback(bytes32 myid, string result, bytes proof) {
                                                     ^---------^
contracts/Freezable.sol:1051:3: Warning: No visibility specified. Defaulting to "public". 
  function Ownable() {
  ^ (Relevant source part starts here and spans across multiple lines).
contracts/Freezable.sol:1060:3: Warning: No visibility specified. Defaulting to "public". 
  function transferOwnership(address newOwner) onlyOwner {
  ^ (Relevant source part starts here and spans across multiple lines).
contracts/Freezable.sol:1074:5: Warning: No visibility specified. Defaulting to "public". 
    function freeze() onlyOwner {
    ^ (Relevant source part starts here and spans across multiple lines).
contracts/Freezable.sol:1078:5: Warning: No visibility specified. Defaulting to "public". 
    function unfreeze() onlyOwner {
    ^ (Relevant source part starts here and spans across multiple lines).
contracts/Freezable.sol:1099:5: Warning: No visibility specified. Defaulting to "public". 
    function CMCEthereumTicker(address _manager, uint256 _delay) {
    ^ (Relevant source part starts here and spans across multiple lines).
contracts/Freezable.sol:1106:5: Warning: No visibility specified. Defaulting to "public". 
    function getCentsPerETH() constant returns(uint256) {
    ^ (Relevant source part starts here and spans across multiple lines).
contracts/Freezable.sol:1110:5: Warning: No visibility specified. Defaulting to "public". 
    function getEnabled() constant returns(bool) {
    ^ (Relevant source part starts here and spans across multiple lines).
contracts/Freezable.sol:1114:5: Warning: No visibility specified. Defaulting to "public". 
    function enable() 
    ^ (Relevant source part starts here and spans across multiple lines).
contracts/Freezable.sol:1122:5: Warning: No visibility specified. Defaulting to "public". 
    function disable() 
    ^ (Relevant source part starts here and spans across multiple lines).
contracts/Freezable.sol:1129:5: Warning: No visibility specified. Defaulting to "public". 
    function __callback(bytes32 myid, string result) {
    ^ (Relevant source part starts here and spans across multiple lines).
contracts/Freezable.sol:1129:25: Warning: Unused function parameter. Remove or comment out the variable name to silence this warning.
    function __callback(bytes32 myid, string result) {
                        ^----------^
contracts/Freezable.sol:1156:5: Warning: No visibility specified. Defaulting to "public". 
    function payToManager(uint256 _amount) 
    ^ (Relevant source part starts here and spans across multiple lines).
contracts/Freezable.sol:1162:5: Warning: No visibility specified. Defaulting to "public". 
    function () payable {}
    ^--------------------^
contracts/Freezable.sol:1171:5: Warning: No visibility specified. Defaulting to "public". 
    function createTicker(uint256 _delay) 
    ^ (Relevant source part starts here and spans across multiple lines).
contracts/Freezable.sol:1177:5: Warning: No visibility specified. Defaulting to "public". 
    function attachTicker(address _tickerAddress)
    ^ (Relevant source part starts here and spans across multiple lines).
contracts/Freezable.sol:1183:5: Warning: No visibility specified. Defaulting to "public". 
    function enableTicker() 
    ^ (Relevant source part starts here and spans across multiple lines).
contracts/Freezable.sol:1189:5: Warning: No visibility specified. Defaulting to "public". 
    function disableTicker() 
    ^ (Relevant source part starts here and spans across multiple lines).
contracts/Freezable.sol:1195:5: Warning: No visibility specified. Defaulting to "public". 
    function sendToTicker() payable
    ^ (Relevant source part starts here and spans across multiple lines).
contracts/Freezable.sol:1202:5: Warning: No visibility specified. Defaulting to "public". 
    function withdrawFromTicker(uint _amount)
    ^ (Relevant source part starts here and spans across multiple lines).
contracts/Freezable.sol:1209:5: Warning: No visibility specified. Defaulting to "public". 
    function tickerAddress() constant returns (address) {
    ^ (Relevant source part starts here and spans across multiple lines).
contracts/Freezable.sol:1213:5: Warning: No visibility specified. Defaulting to "public". 
    function getCentsPerETH() constant returns (uint256) {
    ^ (Relevant source part starts here and spans across multiple lines).
contracts/Freezable.sol:1246:5: Warning: No visibility specified. Defaulting to "public". 
    function DBIPToken (uint256 _initial_supply) {
    ^ (Relevant source part starts here and spans across multiple lines).
contracts/Freezable.sol:1253:5: Warning: No visibility specified. Defaulting to "public". 
    function raiseSupply (uint256 _new_supply) 
    ^ (Relevant source part starts here and spans across multiple lines).
contracts/Freezable.sol:1263:5: Warning: No visibility specified. Defaulting to "public". 
    function ownerTransfer(address _to, uint256 _value) onlyOwner returns (bool success) 
    ^ (Relevant source part starts here and spans across multiple lines).
contracts/Freezable.sol:1276:5: Warning: No visibility specified. Defaulting to "public". 
    function balanceOf(address _owner) constant returns (uint256 balanceOf) {
    ^ (Relevant source part starts here and spans across multiple lines).
contracts/Freezable.sol:1280:5: Warning: No visibility specified. Defaulting to "public". 
    function totalSupply() constant returns (uint256 totalSupply) {
    ^ (Relevant source part starts here and spans across multiple lines).
contracts/Freezable.sol:1284:5: Warning: No visibility specified. Defaulting to "public". 
    function allowance(address _owner, address _spender) constant returns (uint256 remaining) {
    ^ (Relevant source part starts here and spans across multiple lines).
contracts/Freezable.sol:1288:5: Warning: No visibility specified. Defaulting to "public". 
    function transfer(address _to, uint256 _value) whileNotFrozen minimalPayloadSize(2 * 32) returns (bool success) 
    ^ (Relevant source part starts here and spans across multiple lines).
contracts/Freezable.sol:1299:5: Warning: No visibility specified. Defaulting to "public". 
    function approve(address _spender, uint256 _value) whileNotFrozen  returns (bool success) {
    ^ (Relevant source part starts here and spans across multiple lines).
contracts/Freezable.sol:1309:5: Warning: No visibility specified. Defaulting to "public". 
    function transferFrom(address _from, address _to, uint256 _value) whileNotFrozen minimalPayloadSize(3 * 32) returns (bool success) {
    ^ (Relevant source part starts here and spans across multiple lines).
contracts/Freezable.sol:1333:5: Warning: No visibility specified. Defaulting to "public". 
    function setProxy(address _proxy) 
    ^ (Relevant source part starts here and spans across multiple lines).
contracts/Freezable.sol:1339:5: Warning: No visibility specified. Defaulting to "public". 
    function buyThroughProxy(address _buyer) payable;
    ^-----------------------------------------------^
contracts/Freezable.sol:1346:5: Warning: No visibility specified. Defaulting to "public". 
    function PresaleToken(uint256 _limitUSD, uint256 _priceCents) {
    ^ (Relevant source part starts here and spans across multiple lines).
contracts/Freezable.sol:1413:5: Warning: No visibility specified. Defaulting to "public". 
    function() payable {
    ^ (Relevant source part starts here and spans across multiple lines).
contracts/Freezable.sol:1417:5: Warning: No visibility specified. Defaulting to "public". 
    function buyTokens(address _buyer) payable
    ^ (Relevant source part starts here and spans across multiple lines).
contracts/Freezable.sol:1451:5: Warning: No visibility specified. Defaulting to "public". 
    function buyThroughProxy(address _buyer) payable
    ^ (Relevant source part starts here and spans across multiple lines).
contracts/Freezable.sol:1488:5: Warning: No visibility specified. Defaulting to "public". 
    function migrateTokens(address _owner)
    ^ (Relevant source part starts here and spans across multiple lines).
contracts/Freezable.sol:1502:5: Warning: No visibility specified. Defaulting to "public". 
    function startPresale()
    ^ (Relevant source part starts here and spans across multiple lines).
contracts/Freezable.sol:1512:5: Warning: No visibility specified. Defaulting to "public". 
    function finishPresale()
    ^ (Relevant source part starts here and spans across multiple lines).
contracts/Freezable.sol:1522:5: Warning: No visibility specified. Defaulting to "public". 
    function finalizePresale()
    ^ (Relevant source part starts here and spans across multiple lines).
contracts/Freezable.sol:1535:5: Warning: No visibility specified. Defaulting to "public". 
    function startMigration()
    ^ (Relevant source part starts here and spans across multiple lines).
contracts/Freezable.sol:1551:5: Warning: No visibility specified. Defaulting to "public". 
    function setMigrationManager(address _mgr)
    ^ (Relevant source part starts here and spans across multiple lines).
contracts/Freezable.sol:1558:5: Warning: No visibility specified. Defaulting to "public". 
    function raiseCap(uint _newCap)
    ^ (Relevant source part starts here and spans across multiple lines).
contracts/Freezable.sol:1576:5: Warning: No visibility specified. Defaulting to "public". 
    function giveTokens(address _address, uint _value, string _reason)
    ^ (Relevant source part starts here and spans across multiple lines).
contracts/Freezable.sol:125:5: Warning: Function state mutability can be restricted to pure
    function __callback(bytes32 myid, string result, bytes proof) {
    ^ (Relevant source part starts here and spans across multiple lines).
contracts/Freezable.sol:536:5: Warning: Function state mutability can be restricted to pure
    function parseAddr(string _a) internal returns (address){
    ^ (Relevant source part starts here and spans across multiple lines).
contracts/Freezable.sol:556:5: Warning: Function state mutability can be restricted to pure
    function strCompare(string _a, string _b) internal returns (int) {
    ^ (Relevant source part starts here and spans across multiple lines).
contracts/Freezable.sol:574:5: Warning: Function state mutability can be restricted to pure
    function indexOf(string _haystack, string _needle) internal returns (int) {
    ^ (Relevant source part starts here and spans across multiple lines).
contracts/Freezable.sol:601:5: Warning: Function state mutability can be restricted to pure
    function strConcat(string _a, string _b, string _c, string _d, string _e) internal returns (string) {
    ^ (Relevant source part starts here and spans across multiple lines).
contracts/Freezable.sol:636:5: Warning: Function state mutability can be restricted to pure
    function parseInt(string _a, uint _b) internal returns (uint) {
    ^ (Relevant source part starts here and spans across multiple lines).
contracts/Freezable.sol:654:5: Warning: Function state mutability can be restricted to pure
    function uint2str(uint i) internal returns (string){
    ^ (Relevant source part starts here and spans across multiple lines).
contracts/Freezable.sol:671:5: Warning: Function state mutability can be restricted to pure
    function stra2cbor(string[] arr) internal returns (bytes) {
    ^ (Relevant source part starts here and spans across multiple lines).
contracts/Freezable.sol:713:5: Warning: Function state mutability can be restricted to pure
    function ba2cbor(bytes[] arr) internal returns (bytes) {
    ^ (Relevant source part starts here and spans across multiple lines).
contracts/Freezable.sol:761:5: Warning: Function state mutability can be restricted to view
    function oraclize_getNetworkName() internal returns (string) {
    ^ (Relevant source part starts here and spans across multiple lines).
contracts/Freezable.sol:864:5: Warning: Function state mutability can be restricted to pure
    function matchBytes32Prefix(bytes32 content, bytes prefix) internal returns (bool){
    ^ (Relevant source part starts here and spans across multiple lines).
contracts/Freezable.sol:925:5: Warning: Function state mutability can be restricted to pure
    function copyBytes(bytes from, uint fromOffset, uint length, bytes to, uint toOffset) internal returns (bytes) {
    ^ (Relevant source part starts here and spans across multiple lines).
contracts/Freezable.sol:1024:3: Warning: Function state mutability can be restricted to pure
  function mul(uint256 a, uint256 b) internal returns (uint256) {
  ^ (Relevant source part starts here and spans across multiple lines).
contracts/Freezable.sol:1030:3: Warning: Function state mutability can be restricted to pure
  function div(uint256 a, uint256 b) internal returns (uint256) {
  ^ (Relevant source part starts here and spans across multiple lines).
contracts/Freezable.sol:1035:3: Warning: Function state mutability can be restricted to pure
  function sub(uint256 a, uint256 b) internal returns (uint256) {
  ^ (Relevant source part starts here and spans across multiple lines).
contracts/Freezable.sol:1040:3: Warning: Function state mutability can be restricted to pure
  function add(uint256 a, uint256 b) internal returns (uint256) {
  ^ (Relevant source part starts here and spans across multiple lines).
contracts/usingOraclize.sol:766:45: Warning: "throw" is deprecated in favour of "revert()", "require()" and "assert()".
        if ((_nbytes == 0)||(_nbytes > 32)) throw;
                                            ^---^
contracts/usingOraclize.sol:856:71: Warning: "throw" is deprecated in favour of "revert()", "require()" and "assert()".
        if ((_proof[0] != "L")||(_proof[1] != "P")||(_proof[2] != 1)) throw;
                                                                      ^---^
contracts/usingOraclize.sol:859:37: Warning: "throw" is deprecated in favour of "revert()", "require()" and "assert()".
        if (proofVerified == false) throw;
                                    ^---^
contracts/usingOraclize.sol:867:14: Warning: Use of the "var" keyword is deprecated.
        for (var i=0; i<prefix.length; i++){
             ^---^
contracts/usingOraclize.sol:930:13: Warning: "throw" is deprecated in favour of "revert()", "require()" and "assert()".
            throw; // Should be a better way?
            ^---^
contracts/usingOraclize.sol:1051:3: Warning: Defining constructors as functions with the same name as the contract is deprecated. Use "constructor(...) { ... }" instead.
  function Ownable() {
  ^ (Relevant source part starts here and spans across multiple lines).
contracts/usingOraclize.sol:1099:5: Warning: Defining constructors as functions with the same name as the contract is deprecated. Use "constructor(...) { ... }" instead.
    function CMCEthereumTicker(address _manager, uint256 _delay) {
    ^ (Relevant source part starts here and spans across multiple lines).
contracts/usingOraclize.sol:1246:5: Warning: Defining constructors as functions with the same name as the contract is deprecated. Use "constructor(...) { ... }" instead.
    function DBIPToken (uint256 _initial_supply) {
    ^ (Relevant source part starts here and spans across multiple lines).
contracts/usingOraclize.sol:1346:5: Warning: Defining constructors as functions with the same name as the contract is deprecated. Use "constructor(...) { ... }" instead.
    function PresaleToken(uint256 _limitUSD, uint256 _priceCents) {
    ^ (Relevant source part starts here and spans across multiple lines).
contracts/usingOraclize.sol:1493:9: Warning: Use of the "var" keyword is deprecated.
        var migratedValue = token.balanceOf(_owner);
        ^---------------^
contracts/usingOraclize.sol:1276:58: Warning: This declaration shadows an existing declaration.
    function balanceOf(address _owner) constant returns (uint256 balanceOf) {
                                                         ^---------------^
contracts/usingOraclize.sol:1276:5: The shadowed declaration is here:
    function balanceOf(address _owner) constant returns (uint256 balanceOf) {
    ^ (Relevant source part starts here and spans across multiple lines).

contracts/usingOraclize.sol:1280:46: Warning: This declaration shadows an existing declaration.
    function totalSupply() constant returns (uint256 totalSupply) {
                                             ^-----------------^
contracts/usingOraclize.sol:1280:5: The shadowed declaration is here:
    function totalSupply() constant returns (uint256 totalSupply) {
    ^ (Relevant source part starts here and spans across multiple lines).

contracts/usingOraclize.sol:780:50: Warning: "sha3" has been deprecated in favour of "keccak256"
        oraclize_randomDS_setCommitment(queryId, sha3(bytes8(_delay), args[1], sha256(args[0]), args[2]));
                                                 ^-----------------------------------------------------^
contracts/usingOraclize.sol:780:50: Warning: This function only accepts a single "bytes" argument. Please use "abi.encodePacked(...)" or a similar function to encode the data.
        oraclize_randomDS_setCommitment(queryId, sha3(bytes8(_delay), args[1], sha256(args[0]), args[2]));
                                                 ^-----------------------------------------------------^
contracts/usingOraclize.sol:812:21: Warning: "sha3" has been deprecated in favour of "keccak256"
        if (address(sha3(pubkey)) == signer) return true;
                    ^----------^
contracts/usingOraclize.sol:815:29: Warning: "sha3" has been deprecated in favour of "keccak256"
            return (address(sha3(pubkey)) == signer);
                            ^----------^
contracts/usingOraclize.sol:830:22: Warning: Decimal literal assigned to bytesXX variable will be left-aligned. Use an explicit conversion to silence this warning.
        tosign2[0] = 1; //role
                     ^
contracts/usingOraclize.sol:867:14: Warning: The type of this variable was inferred as uint8, which can hold values between 0 and 255. This is probably not desired. Use an explicit type to silence this warning.
        for (var i=0; i<prefix.length; i++){
             ^-----^
contracts/usingOraclize.sol:882:20: Warning: "sha3" has been deprecated in favour of "keccak256"
        checkok = (sha3(keyhash) == sha3(sha256(context_name, queryId)));
                   ^-----------^
contracts/usingOraclize.sol:882:42: Warning: This function only accepts a single "bytes" argument. Please use "abi.encodePacked(...)" or a similar function to encode the data.
        checkok = (sha3(keyhash) == sha3(sha256(context_name, queryId)));
                                         ^---------------------------^
contracts/usingOraclize.sol:882:37: Warning: "sha3" has been deprecated in favour of "keccak256"
        checkok = (sha3(keyhash) == sha3(sha256(context_name, queryId)));
                                    ^---------------------------------^
contracts/usingOraclize.sol:882:37: Warning: This function only accepts a single "bytes" argument. Please use "abi.encodePacked(...)" or a similar function to encode the data.
        checkok = (sha3(keyhash) == sha3(sha256(context_name, queryId)));
                                    ^---------------------------------^
contracts/usingOraclize.sol:882:37: Warning: The provided argument of type bytes32 is not implicitly convertible to expected type bytes memory.
        checkok = (sha3(keyhash) == sha3(sha256(context_name, queryId)));
                                    ^---------------------------------^
contracts/usingOraclize.sol:904:48: Warning: "sha3" has been deprecated in favour of "keccak256"
        if (oraclize_randomDS_args[queryId] == sha3(commitmentSlice1, sessionPubkeyHash)){ //unonce, nbytes and sessionKeyHash match
                                               ^---------------------------------------^
contracts/usingOraclize.sol:904:48: Warning: This function only accepts a single "bytes" argument. Please use "abi.encodePacked(...)" or a similar function to encode the data.
        if (oraclize_randomDS_args[queryId] == sha3(commitmentSlice1, sessionPubkeyHash)){ //unonce, nbytes and sessionKeyHash match
                                               ^---------------------------------------^
contracts/usingOraclize.sol:1132:9: Warning: Invoking events without "emit" prefix is deprecated.
        newPriceTicker(result);
        ^--------------------^
contracts/usingOraclize.sol:1139:40: Warning: Using contract member "balance" inherited from the address type is deprecated. Convert the contract to "address" type to access the member, for example use "address(contract).balance" instead.
        if (oraclize.getPrice("URL") > this.balance) {
                                       ^----------^
contracts/usingOraclize.sol:1140:13: Warning: Invoking events without "emit" prefix is deprecated.
            newOraclizeQuery("Oraclize query was NOT sent, please add some ETH to cover for the query fee");
            ^---------------------------------------------------------------------------------------------^
contracts/usingOraclize.sol:1142:13: Warning: Invoking events without "emit" prefix is deprecated.
            newOraclizeQuery("Oraclize query was sent, standing by for the answer..");
            ^-----------------------------------------------------------------------^
contracts/usingOraclize.sol:1148:40: Warning: Using contract member "balance" inherited from the address type is deprecated. Convert the contract to "address" type to access the member, for example use "address(contract).balance" instead.
        if (oraclize.getPrice("URL") > this.balance) {
                                       ^----------^
contracts/usingOraclize.sol:1149:13: Warning: Invoking events without "emit" prefix is deprecated.
            newOraclizeQuery("Oraclize query was NOT sent, please add some ETH to cover for the query fee");
            ^---------------------------------------------------------------------------------------------^
contracts/usingOraclize.sol:1151:13: Warning: Invoking events without "emit" prefix is deprecated.
            newOraclizeQuery("Oraclize query was sent, standing by for the answer..");
            ^-----------------------------------------------------------------------^
contracts/usingOraclize.sol:1269:9: Warning: Invoking events without "emit" prefix is deprecated.
        Transfer(owner,_to,_value);
        ^------------------------^
contracts/usingOraclize.sol:1294:9: Warning: Invoking events without "emit" prefix is deprecated.
        Transfer(msg.sender,_to,_value);
        ^-----------------------------^
contracts/usingOraclize.sol:1303:9: Warning: Invoking events without "emit" prefix is deprecated.
        Approval(msg.sender,_spender,_value);
        ^----------------------------------^
contracts/usingOraclize.sol:1316:9: Warning: Invoking events without "emit" prefix is deprecated.
        Transfer(_from,_to,_value);
        ^------------------------^
contracts/usingOraclize.sol:1436:13: Warning: Invoking events without "emit" prefix is deprecated.
            LogBuy(_buyer, remainder, centsPerETH);
            ^------------------------------------^
contracts/usingOraclize.sol:1441:13: Warning: Invoking events without "emit" prefix is deprecated.
            LogBuy(_buyer, newTokens, centsPerETH);
            ^------------------------------------^
contracts/usingOraclize.sol:1447:13: Warning: Invoking events without "emit" prefix is deprecated.
            LogPhaseSwitch(Phase.Finished);
            ^----------------------------^
contracts/usingOraclize.sol:1472:13: Warning: Invoking events without "emit" prefix is deprecated.
            LogBuy(_buyer, remainder, centsPerETH);
            ^------------------------------------^
contracts/usingOraclize.sol:1478:13: Warning: Invoking events without "emit" prefix is deprecated.
            LogBuy(_buyer, newTokens, centsPerETH);
            ^------------------------------------^
contracts/usingOraclize.sol:1484:13: Warning: Invoking events without "emit" prefix is deprecated.
            LogPhaseSwitch(Phase.Finished);
            ^----------------------------^
contracts/usingOraclize.sol:1495:9: Warning: Invoking events without "emit" prefix is deprecated.
        LogMigrate(_owner, migratedValue);
        ^-------------------------------^
contracts/usingOraclize.sol:1498:13: Warning: Invoking events without "emit" prefix is deprecated.
            LogPhaseSwitch(Phase.Migrated);
            ^----------------------------^
contracts/usingOraclize.sol:1509:9: Warning: Invoking events without "emit" prefix is deprecated.
        LogPhaseSwitch(Phase.Running);
        ^---------------------------^
contracts/usingOraclize.sol:1518:9: Warning: Invoking events without "emit" prefix is deprecated.
        LogPhaseSwitch(Phase.Finished);
        ^----------------------------^
contracts/usingOraclize.sol:1532:9: Warning: Invoking events without "emit" prefix is deprecated.
        LogPhaseSwitch(Phase.Finalized);
        ^-----------------------------^
contracts/usingOraclize.sol:1542:9: Warning: Invoking events without "emit" prefix is deprecated.
        LogPhaseSwitch(Phase.Migrating);
        ^-----------------------------^
contracts/usingOraclize.sol:1547:16: Warning: Using contract member "balance" inherited from the address type is deprecated. Convert the contract to "address" type to access the member, for example use "address(contract).balance" instead.
        assert(this.balance > 0);
               ^----------^
contracts/usingOraclize.sol:1548:24: Warning: Using contract member "balance" inherited from the address type is deprecated. Convert the contract to "address" type to access the member, for example use "address(contract).balance" instead.
        owner.transfer(this.balance);
                       ^----------^
contracts/usingOraclize.sol:1573:9: Warning: Invoking events without "emit" prefix is deprecated.
        LogPhaseSwitch(Phase.Running);
        ^---------------------------^
contracts/usingOraclize.sol:1584:9: Warning: Invoking events without "emit" prefix is deprecated.
        LogGive(_address, _value, _reason);
        ^--------------------------------^
contracts/usingOraclize.sol:39:5: Warning: No visibility specified. Defaulting to "public". 
    function query(uint _timestamp, string _datasource, string _arg) payable returns (bytes32 _id);
    ^---------------------------------------------------------------------------------------------^
contracts/usingOraclize.sol:40:5: Warning: No visibility specified. Defaulting to "public". 
    function query_withGasLimit(uint _timestamp, string _datasource, string _arg, uint _gaslimit) payable returns (bytes32 _id);
    ^--------------------------------------------------------------------------------------------------------------------------^
contracts/usingOraclize.sol:41:5: Warning: No visibility specified. Defaulting to "public". 
    function query2(uint _timestamp, string _datasource, string _arg1, string _arg2) payable returns (bytes32 _id);
    ^-------------------------------------------------------------------------------------------------------------^
contracts/usingOraclize.sol:42:5: Warning: No visibility specified. Defaulting to "public". 
    function query2_withGasLimit(uint _timestamp, string _datasource, string _arg1, string _arg2, uint _gaslimit) payable returns (bytes32 _id);
    ^------------------------------------------------------------------------------------------------------------------------------------------^
contracts/usingOraclize.sol:43:5: Warning: No visibility specified. Defaulting to "public". 
    function queryN(uint _timestamp, string _datasource, bytes _argN) payable returns (bytes32 _id);
    ^----------------------------------------------------------------------------------------------^
contracts/usingOraclize.sol:44:5: Warning: No visibility specified. Defaulting to "public". 
    function queryN_withGasLimit(uint _timestamp, string _datasource, bytes _argN, uint _gaslimit) payable returns (bytes32 _id);
    ^---------------------------------------------------------------------------------------------------------------------------^
contracts/usingOraclize.sol:45:5: Warning: No visibility specified. Defaulting to "public". 
    function getPrice(string _datasource) returns (uint _dsprice);
    ^------------------------------------------------------------^
contracts/usingOraclize.sol:46:5: Warning: No visibility specified. Defaulting to "public". 
    function getPrice(string _datasource, uint gaslimit) returns (uint _dsprice);
    ^---------------------------------------------------------------------------^
contracts/usingOraclize.sol:47:5: Warning: No visibility specified. Defaulting to "public". 
    function useCoupon(string _coupon);
    ^---------------------------------^
contracts/usingOraclize.sol:48:5: Warning: No visibility specified. Defaulting to "public". 
    function setProofType(byte _proofType);
    ^-------------------------------------^
contracts/usingOraclize.sol:49:5: Warning: No visibility specified. Defaulting to "public". 
    function setConfig(bytes32 _config);
    ^----------------------------------^
contracts/usingOraclize.sol:50:5: Warning: No visibility specified. Defaulting to "public". 
    function setCustomGasPrice(uint _gasPrice);
    ^-----------------------------------------^
contracts/usingOraclize.sol:51:5: Warning: No visibility specified. Defaulting to "public". 
    function randomDS_getSessionPubKeyHash() returns(bytes32);
    ^--------------------------------------------------------^
contracts/usingOraclize.sol:54:5: Warning: No visibility specified. Defaulting to "public". 
    function getAddress() returns (address _addr);
    ^--------------------------------------------^
contracts/usingOraclize.sol:86:34: Warning: Unused function parameter. Remove or comment out the variable name to silence this warning.
    function oraclize_setNetwork(uint8 networkID) internal returns(bool){
                                 ^-------------^
contracts/usingOraclize.sol:122:5: Warning: No visibility specified. Defaulting to "public". 
    function __callback(bytes32 myid, string result) {
    ^ (Relevant source part starts here and spans across multiple lines).
contracts/usingOraclize.sol:125:5: Warning: No visibility specified. Defaulting to "public". 
    function __callback(bytes32 myid, string result, bytes proof) {
    ^ (Relevant source part starts here and spans across multiple lines).
contracts/usingOraclize.sol:125:25: Warning: Unused function parameter. Remove or comment out the variable name to silence this warning.
    function __callback(bytes32 myid, string result, bytes proof) {
                        ^----------^
contracts/usingOraclize.sol:125:39: Warning: Unused function parameter. Remove or comment out the variable name to silence this warning.
    function __callback(bytes32 myid, string result, bytes proof) {
                                      ^-----------^
contracts/usingOraclize.sol:125:54: Warning: Unused function parameter. Remove or comment out the variable name to silence this warning.
    function __callback(bytes32 myid, string result, bytes proof) {
                                                     ^---------^
contracts/usingOraclize.sol:1051:3: Warning: No visibility specified. Defaulting to "public". 
  function Ownable() {
  ^ (Relevant source part starts here and spans across multiple lines).
contracts/usingOraclize.sol:1060:3: Warning: No visibility specified. Defaulting to "public". 
  function transferOwnership(address newOwner) onlyOwner {
  ^ (Relevant source part starts here and spans across multiple lines).
contracts/usingOraclize.sol:1074:5: Warning: No visibility specified. Defaulting to "public". 
    function freeze() onlyOwner {
    ^ (Relevant source part starts here and spans across multiple lines).
contracts/usingOraclize.sol:1078:5: Warning: No visibility specified. Defaulting to "public". 
    function unfreeze() onlyOwner {
    ^ (Relevant source part starts here and spans across multiple lines).
contracts/usingOraclize.sol:1099:5: Warning: No visibility specified. Defaulting to "public". 
    function CMCEthereumTicker(address _manager, uint256 _delay) {
    ^ (Relevant source part starts here and spans across multiple lines).
contracts/usingOraclize.sol:1106:5: Warning: No visibility specified. Defaulting to "public". 
    function getCentsPerETH() constant returns(uint256) {
    ^ (Relevant source part starts here and spans across multiple lines).
contracts/usingOraclize.sol:1110:5: Warning: No visibility specified. Defaulting to "public". 
    function getEnabled() constant returns(bool) {
    ^ (Relevant source part starts here and spans across multiple lines).
contracts/usingOraclize.sol:1114:5: Warning: No visibility specified. Defaulting to "public". 
    function enable() 
    ^ (Relevant source part starts here and spans across multiple lines).
contracts/usingOraclize.sol:1122:5: Warning: No visibility specified. Defaulting to "public". 
    function disable() 
    ^ (Relevant source part starts here and spans across multiple lines).
contracts/usingOraclize.sol:1129:5: Warning: No visibility specified. Defaulting to "public". 
    function __callback(bytes32 myid, string result) {
    ^ (Relevant source part starts here and spans across multiple lines).
contracts/usingOraclize.sol:1129:25: Warning: Unused function parameter. Remove or comment out the variable name to silence this warning.
    function __callback(bytes32 myid, string result) {
                        ^----------^
contracts/usingOraclize.sol:1156:5: Warning: No visibility specified. Defaulting to "public". 
    function payToManager(uint256 _amount) 
    ^ (Relevant source part starts here and spans across multiple lines).
contracts/usingOraclize.sol:1162:5: Warning: No visibility specified. Defaulting to "public". 
    function () payable {}
    ^--------------------^
contracts/usingOraclize.sol:1171:5: Warning: No visibility specified. Defaulting to "public". 
    function createTicker(uint256 _delay) 
    ^ (Relevant source part starts here and spans across multiple lines).
contracts/usingOraclize.sol:1177:5: Warning: No visibility specified. Defaulting to "public". 
    function attachTicker(address _tickerAddress)
    ^ (Relevant source part starts here and spans across multiple lines).
contracts/usingOraclize.sol:1183:5: Warning: No visibility specified. Defaulting to "public". 
    function enableTicker() 
    ^ (Relevant source part starts here and spans across multiple lines).
contracts/usingOraclize.sol:1189:5: Warning: No visibility specified. Defaulting to "public". 
    function disableTicker() 
    ^ (Relevant source part starts here and spans across multiple lines).
contracts/usingOraclize.sol:1195:5: Warning: No visibility specified. Defaulting to "public". 
    function sendToTicker() payable
    ^ (Relevant source part starts here and spans across multiple lines).
contracts/usingOraclize.sol:1202:5: Warning: No visibility specified. Defaulting to "public". 
    function withdrawFromTicker(uint _amount)
    ^ (Relevant source part starts here and spans across multiple lines).
contracts/usingOraclize.sol:1209:5: Warning: No visibility specified. Defaulting to "public". 
    function tickerAddress() constant returns (address) {
    ^ (Relevant source part starts here and spans across multiple lines).
contracts/usingOraclize.sol:1213:5: Warning: No visibility specified. Defaulting to "public". 
    function getCentsPerETH() constant returns (uint256) {
    ^ (Relevant source part starts here and spans across multiple lines).
contracts/usingOraclize.sol:1246:5: Warning: No visibility specified. Defaulting to "public". 
    function DBIPToken (uint256 _initial_supply) {
    ^ (Relevant source part starts here and spans across multiple lines).
contracts/usingOraclize.sol:1253:5: Warning: No visibility specified. Defaulting to "public". 
    function raiseSupply (uint256 _new_supply) 
    ^ (Relevant source part starts here and spans across multiple lines).
contracts/usingOraclize.sol:1263:5: Warning: No visibility specified. Defaulting to "public". 
    function ownerTransfer(address _to, uint256 _value) onlyOwner returns (bool success) 
    ^ (Relevant source part starts here and spans across multiple lines).
contracts/usingOraclize.sol:1276:5: Warning: No visibility specified. Defaulting to "public". 
    function balanceOf(address _owner) constant returns (uint256 balanceOf) {
    ^ (Relevant source part starts here and spans across multiple lines).
contracts/usingOraclize.sol:1280:5: Warning: No visibility specified. Defaulting to "public". 
    function totalSupply() constant returns (uint256 totalSupply) {
    ^ (Relevant source part starts here and spans across multiple lines).
contracts/usingOraclize.sol:1284:5: Warning: No visibility specified. Defaulting to "public". 
    function allowance(address _owner, address _spender) constant returns (uint256 remaining) {
    ^ (Relevant source part starts here and spans across multiple lines).
contracts/usingOraclize.sol:1288:5: Warning: No visibility specified. Defaulting to "public". 
    function transfer(address _to, uint256 _value) whileNotFrozen minimalPayloadSize(2 * 32) returns (bool success) 
    ^ (Relevant source part starts here and spans across multiple lines).
contracts/usingOraclize.sol:1299:5: Warning: No visibility specified. Defaulting to "public". 
    function approve(address _spender, uint256 _value) whileNotFrozen  returns (bool success) {
    ^ (Relevant source part starts here and spans across multiple lines).
contracts/usingOraclize.sol:1309:5: Warning: No visibility specified. Defaulting to "public". 
    function transferFrom(address _from, address _to, uint256 _value) whileNotFrozen minimalPayloadSize(3 * 32) returns (bool success) {
    ^ (Relevant source part starts here and spans across multiple lines).
contracts/usingOraclize.sol:1333:5: Warning: No visibility specified. Defaulting to "public". 
    function setProxy(address _proxy) 
    ^ (Relevant source part starts here and spans across multiple lines).
contracts/usingOraclize.sol:1339:5: Warning: No visibility specified. Defaulting to "public". 
    function buyThroughProxy(address _buyer) payable;
    ^-----------------------------------------------^
contracts/usingOraclize.sol:1346:5: Warning: No visibility specified. Defaulting to "public". 
    function PresaleToken(uint256 _limitUSD, uint256 _priceCents) {
    ^ (Relevant source part starts here and spans across multiple lines).
contracts/usingOraclize.sol:1413:5: Warning: No visibility specified. Defaulting to "public". 
    function() payable {
    ^ (Relevant source part starts here and spans across multiple lines).
contracts/usingOraclize.sol:1417:5: Warning: No visibility specified. Defaulting to "public". 
    function buyTokens(address _buyer) payable
    ^ (Relevant source part starts here and spans across multiple lines).
contracts/usingOraclize.sol:1451:5: Warning: No visibility specified. Defaulting to "public". 
    function buyThroughProxy(address _buyer) payable
    ^ (Relevant source part starts here and spans across multiple lines).
contracts/usingOraclize.sol:1488:5: Warning: No visibility specified. Defaulting to "public". 
    function migrateTokens(address _owner)
    ^ (Relevant source part starts here and spans across multiple lines).
contracts/usingOraclize.sol:1502:5: Warning: No visibility specified. Defaulting to "public". 
    function startPresale()
    ^ (Relevant source part starts here and spans across multiple lines).
contracts/usingOraclize.sol:1512:5: Warning: No visibility specified. Defaulting to "public". 
    function finishPresale()
    ^ (Relevant source part starts here and spans across multiple lines).
contracts/usingOraclize.sol:1522:5: Warning: No visibility specified. Defaulting to "public". 
    function finalizePresale()
    ^ (Relevant source part starts here and spans across multiple lines).
contracts/usingOraclize.sol:1535:5: Warning: No visibility specified. Defaulting to "public". 
    function startMigration()
    ^ (Relevant source part starts here and spans across multiple lines).
contracts/usingOraclize.sol:1551:5: Warning: No visibility specified. Defaulting to "public". 
    function setMigrationManager(address _mgr)
    ^ (Relevant source part starts here and spans across multiple lines).
contracts/usingOraclize.sol:1558:5: Warning: No visibility specified. Defaulting to "public". 
    function raiseCap(uint _newCap)
    ^ (Relevant source part starts here and spans across multiple lines).
contracts/usingOraclize.sol:1576:5: Warning: No visibility specified. Defaulting to "public". 
    function giveTokens(address _address, uint _value, string _reason)
    ^ (Relevant source part starts here and spans across multiple lines).
contracts/usingOraclize.sol:125:5: Warning: Function state mutability can be restricted to pure
    function __callback(bytes32 myid, string result, bytes proof) {
    ^ (Relevant source part starts here and spans across multiple lines).
contracts/usingOraclize.sol:536:5: Warning: Function state mutability can be restricted to pure
    function parseAddr(string _a) internal returns (address){
    ^ (Relevant source part starts here and spans across multiple lines).
contracts/usingOraclize.sol:556:5: Warning: Function state mutability can be restricted to pure
    function strCompare(string _a, string _b) internal returns (int) {
    ^ (Relevant source part starts here and spans across multiple lines).
contracts/usingOraclize.sol:574:5: Warning: Function state mutability can be restricted to pure
    function indexOf(string _haystack, string _needle) internal returns (int) {
    ^ (Relevant source part starts here and spans across multiple lines).
contracts/usingOraclize.sol:601:5: Warning: Function state mutability can be restricted to pure
    function strConcat(string _a, string _b, string _c, string _d, string _e) internal returns (string) {
    ^ (Relevant source part starts here and spans across multiple lines).
contracts/usingOraclize.sol:636:5: Warning: Function state mutability can be restricted to pure
    function parseInt(string _a, uint _b) internal returns (uint) {
    ^ (Relevant source part starts here and spans across multiple lines).
contracts/usingOraclize.sol:654:5: Warning: Function state mutability can be restricted to pure
    function uint2str(uint i) internal returns (string){
    ^ (Relevant source part starts here and spans across multiple lines).
contracts/usingOraclize.sol:671:5: Warning: Function state mutability can be restricted to pure
    function stra2cbor(string[] arr) internal returns (bytes) {
    ^ (Relevant source part starts here and spans across multiple lines).
contracts/usingOraclize.sol:713:5: Warning: Function state mutability can be restricted to pure
    function ba2cbor(bytes[] arr) internal returns (bytes) {
    ^ (Relevant source part starts here and spans across multiple lines).
contracts/usingOraclize.sol:761:5: Warning: Function state mutability can be restricted to view
    function oraclize_getNetworkName() internal returns (string) {
    ^ (Relevant source part starts here and spans across multiple lines).
contracts/usingOraclize.sol:864:5: Warning: Function state mutability can be restricted to pure
    function matchBytes32Prefix(bytes32 content, bytes prefix) internal returns (bool){
    ^ (Relevant source part starts here and spans across multiple lines).
contracts/usingOraclize.sol:925:5: Warning: Function state mutability can be restricted to pure
    function copyBytes(bytes from, uint fromOffset, uint length, bytes to, uint toOffset) internal returns (bytes) {
    ^ (Relevant source part starts here and spans across multiple lines).
contracts/usingOraclize.sol:1024:3: Warning: Function state mutability can be restricted to pure
  function mul(uint256 a, uint256 b) internal returns (uint256) {
  ^ (Relevant source part starts here and spans across multiple lines).
contracts/usingOraclize.sol:1030:3: Warning: Function state mutability can be restricted to pure
  function div(uint256 a, uint256 b) internal returns (uint256) {
  ^ (Relevant source part starts here and spans across multiple lines).
contracts/usingOraclize.sol:1035:3: Warning: Function state mutability can be restricted to pure
  function sub(uint256 a, uint256 b) internal returns (uint256) {
  ^ (Relevant source part starts here and spans across multiple lines).
contracts/usingOraclize.sol:1040:3: Warning: Function state mutability can be restricted to pure
  function add(uint256 a, uint256 b) internal returns (uint256) {
  ^ (Relevant source part starts here and spans across multiple lines).
contracts/PresaleToken.sol:766:45: Warning: "throw" is deprecated in favour of "revert()", "require()" and "assert()".
        if ((_nbytes == 0)||(_nbytes > 32)) throw;
                                            ^---^
contracts/PresaleToken.sol:856:71: Warning: "throw" is deprecated in favour of "revert()", "require()" and "assert()".
        if ((_proof[0] != "L")||(_proof[1] != "P")||(_proof[2] != 1)) throw;
                                                                      ^---^
contracts/PresaleToken.sol:859:37: Warning: "throw" is deprecated in favour of "revert()", "require()" and "assert()".
        if (proofVerified == false) throw;
                                    ^---^
contracts/PresaleToken.sol:867:14: Warning: Use of the "var" keyword is deprecated.
        for (var i=0; i<prefix.length; i++){
             ^---^
contracts/PresaleToken.sol:930:13: Warning: "throw" is deprecated in favour of "revert()", "require()" and "assert()".
            throw; // Should be a better way?
            ^---^
contracts/PresaleToken.sol:1051:3: Warning: Defining constructors as functions with the same name as the contract is deprecated. Use "constructor(...) { ... }" instead.
  function Ownable() {
  ^ (Relevant source part starts here and spans across multiple lines).
contracts/PresaleToken.sol:1099:5: Warning: Defining constructors as functions with the same name as the contract is deprecated. Use "constructor(...) { ... }" instead.
    function CMCEthereumTicker(address _manager, uint256 _delay) {
    ^ (Relevant source part starts here and spans across multiple lines).
contracts/PresaleToken.sol:1246:5: Warning: Defining constructors as functions with the same name as the contract is deprecated. Use "constructor(...) { ... }" instead.
    function DBIPToken (uint256 _initial_supply) {
    ^ (Relevant source part starts here and spans across multiple lines).
contracts/PresaleToken.sol:1346:5: Warning: Defining constructors as functions with the same name as the contract is deprecated. Use "constructor(...) { ... }" instead.
    function PresaleToken(uint256 _limitUSD, uint256 _priceCents) {
    ^ (Relevant source part starts here and spans across multiple lines).
contracts/PresaleToken.sol:1493:9: Warning: Use of the "var" keyword is deprecated.
        var migratedValue = token.balanceOf(_owner);
        ^---------------^
contracts/PresaleToken.sol:1276:58: Warning: This declaration shadows an existing declaration.
    function balanceOf(address _owner) constant returns (uint256 balanceOf) {
                                                         ^---------------^
contracts/PresaleToken.sol:1276:5: The shadowed declaration is here:
    function balanceOf(address _owner) constant returns (uint256 balanceOf) {
    ^ (Relevant source part starts here and spans across multiple lines).

contracts/PresaleToken.sol:1280:46: Warning: This declaration shadows an existing declaration.
    function totalSupply() constant returns (uint256 totalSupply) {
                                             ^-----------------^
contracts/PresaleToken.sol:1280:5: The shadowed declaration is here:
    function totalSupply() constant returns (uint256 totalSupply) {
    ^ (Relevant source part starts here and spans across multiple lines).

contracts/PresaleToken.sol:780:50: Warning: "sha3" has been deprecated in favour of "keccak256"
        oraclize_randomDS_setCommitment(queryId, sha3(bytes8(_delay), args[1], sha256(args[0]), args[2]));
                                                 ^-----------------------------------------------------^
contracts/PresaleToken.sol:780:50: Warning: This function only accepts a single "bytes" argument. Please use "abi.encodePacked(...)" or a similar function to encode the data.
        oraclize_randomDS_setCommitment(queryId, sha3(bytes8(_delay), args[1], sha256(args[0]), args[2]));
                                                 ^-----------------------------------------------------^
contracts/PresaleToken.sol:812:21: Warning: "sha3" has been deprecated in favour of "keccak256"
        if (address(sha3(pubkey)) == signer) return true;
                    ^----------^
contracts/PresaleToken.sol:815:29: Warning: "sha3" has been deprecated in favour of "keccak256"
            return (address(sha3(pubkey)) == signer);
                            ^----------^
contracts/PresaleToken.sol:830:22: Warning: Decimal literal assigned to bytesXX variable will be left-aligned. Use an explicit conversion to silence this warning.
        tosign2[0] = 1; //role
                     ^
contracts/PresaleToken.sol:867:14: Warning: The type of this variable was inferred as uint8, which can hold values between 0 and 255. This is probably not desired. Use an explicit type to silence this warning.
        for (var i=0; i<prefix.length; i++){
             ^-----^
contracts/PresaleToken.sol:882:20: Warning: "sha3" has been deprecated in favour of "keccak256"
        checkok = (sha3(keyhash) == sha3(sha256(context_name, queryId)));
                   ^-----------^
contracts/PresaleToken.sol:882:42: Warning: This function only accepts a single "bytes" argument. Please use "abi.encodePacked(...)" or a similar function to encode the data.
        checkok = (sha3(keyhash) == sha3(sha256(context_name, queryId)));
                                         ^---------------------------^
contracts/PresaleToken.sol:882:37: Warning: "sha3" has been deprecated in favour of "keccak256"
        checkok = (sha3(keyhash) == sha3(sha256(context_name, queryId)));
                                    ^---------------------------------^
contracts/PresaleToken.sol:882:37: Warning: This function only accepts a single "bytes" argument. Please use "abi.encodePacked(...)" or a similar function to encode the data.
        checkok = (sha3(keyhash) == sha3(sha256(context_name, queryId)));
                                    ^---------------------------------^
contracts/PresaleToken.sol:882:37: Warning: The provided argument of type bytes32 is not implicitly convertible to expected type bytes memory.
        checkok = (sha3(keyhash) == sha3(sha256(context_name, queryId)));
                                    ^---------------------------------^
contracts/PresaleToken.sol:904:48: Warning: "sha3" has been deprecated in favour of "keccak256"
        if (oraclize_randomDS_args[queryId] == sha3(commitmentSlice1, sessionPubkeyHash)){ //unonce, nbytes and sessionKeyHash match
                                               ^---------------------------------------^
contracts/PresaleToken.sol:904:48: Warning: This function only accepts a single "bytes" argument. Please use "abi.encodePacked(...)" or a similar function to encode the data.
        if (oraclize_randomDS_args[queryId] == sha3(commitmentSlice1, sessionPubkeyHash)){ //unonce, nbytes and sessionKeyHash match
                                               ^---------------------------------------^
contracts/PresaleToken.sol:1132:9: Warning: Invoking events without "emit" prefix is deprecated.
        newPriceTicker(result);
        ^--------------------^
contracts/PresaleToken.sol:1139:40: Warning: Using contract member "balance" inherited from the address type is deprecated. Convert the contract to "address" type to access the member, for example use "address(contract).balance" instead.
        if (oraclize.getPrice("URL") > this.balance) {
                                       ^----------^
contracts/PresaleToken.sol:1140:13: Warning: Invoking events without "emit" prefix is deprecated.
            newOraclizeQuery("Oraclize query was NOT sent, please add some ETH to cover for the query fee");
            ^---------------------------------------------------------------------------------------------^
contracts/PresaleToken.sol:1142:13: Warning: Invoking events without "emit" prefix is deprecated.
            newOraclizeQuery("Oraclize query was sent, standing by for the answer..");
            ^-----------------------------------------------------------------------^
contracts/PresaleToken.sol:1148:40: Warning: Using contract member "balance" inherited from the address type is deprecated. Convert the contract to "address" type to access the member, for example use "address(contract).balance" instead.
        if (oraclize.getPrice("URL") > this.balance) {
                                       ^----------^
contracts/PresaleToken.sol:1149:13: Warning: Invoking events without "emit" prefix is deprecated.
            newOraclizeQuery("Oraclize query was NOT sent, please add some ETH to cover for the query fee");
            ^---------------------------------------------------------------------------------------------^
contracts/PresaleToken.sol:1151:13: Warning: Invoking events without "emit" prefix is deprecated.
            newOraclizeQuery("Oraclize query was sent, standing by for the answer..");
            ^-----------------------------------------------------------------------^
contracts/PresaleToken.sol:1269:9: Warning: Invoking events without "emit" prefix is deprecated.
        Transfer(owner,_to,_value);
        ^------------------------^
contracts/PresaleToken.sol:1294:9: Warning: Invoking events without "emit" prefix is deprecated.
        Transfer(msg.sender,_to,_value);
        ^-----------------------------^
contracts/PresaleToken.sol:1303:9: Warning: Invoking events without "emit" prefix is deprecated.
        Approval(msg.sender,_spender,_value);
        ^----------------------------------^
contracts/PresaleToken.sol:1316:9: Warning: Invoking events without "emit" prefix is deprecated.
        Transfer(_from,_to,_value);
        ^------------------------^
contracts/PresaleToken.sol:1436:13: Warning: Invoking events without "emit" prefix is deprecated.
            LogBuy(_buyer, remainder, centsPerETH);
            ^------------------------------------^
contracts/PresaleToken.sol:1441:13: Warning: Invoking events without "emit" prefix is deprecated.
            LogBuy(_buyer, newTokens, centsPerETH);
            ^------------------------------------^
contracts/PresaleToken.sol:1447:13: Warning: Invoking events without "emit" prefix is deprecated.
            LogPhaseSwitch(Phase.Finished);
            ^----------------------------^
contracts/PresaleToken.sol:1472:13: Warning: Invoking events without "emit" prefix is deprecated.
            LogBuy(_buyer, remainder, centsPerETH);
            ^------------------------------------^
contracts/PresaleToken.sol:1478:13: Warning: Invoking events without "emit" prefix is deprecated.
            LogBuy(_buyer, newTokens, centsPerETH);
            ^------------------------------------^
contracts/PresaleToken.sol:1484:13: Warning: Invoking events without "emit" prefix is deprecated.
            LogPhaseSwitch(Phase.Finished);
            ^----------------------------^
contracts/PresaleToken.sol:1495:9: Warning: Invoking events without "emit" prefix is deprecated.
        LogMigrate(_owner, migratedValue);
        ^-------------------------------^
contracts/PresaleToken.sol:1498:13: Warning: Invoking events without "emit" prefix is deprecated.
            LogPhaseSwitch(Phase.Migrated);
            ^----------------------------^
contracts/PresaleToken.sol:1509:9: Warning: Invoking events without "emit" prefix is deprecated.
        LogPhaseSwitch(Phase.Running);
        ^---------------------------^
contracts/PresaleToken.sol:1518:9: Warning: Invoking events without "emit" prefix is deprecated.
        LogPhaseSwitch(Phase.Finished);
        ^----------------------------^
contracts/PresaleToken.sol:1532:9: Warning: Invoking events without "emit" prefix is deprecated.
        LogPhaseSwitch(Phase.Finalized);
        ^-----------------------------^
contracts/PresaleToken.sol:1542:9: Warning: Invoking events without "emit" prefix is deprecated.
        LogPhaseSwitch(Phase.Migrating);
        ^-----------------------------^
contracts/PresaleToken.sol:1547:16: Warning: Using contract member "balance" inherited from the address type is deprecated. Convert the contract to "address" type to access the member, for example use "address(contract).balance" instead.
        assert(this.balance > 0);
               ^----------^
contracts/PresaleToken.sol:1548:24: Warning: Using contract member "balance" inherited from the address type is deprecated. Convert the contract to "address" type to access the member, for example use "address(contract).balance" instead.
        owner.transfer(this.balance);
                       ^----------^
contracts/PresaleToken.sol:1573:9: Warning: Invoking events without "emit" prefix is deprecated.
        LogPhaseSwitch(Phase.Running);
        ^---------------------------^
contracts/PresaleToken.sol:1584:9: Warning: Invoking events without "emit" prefix is deprecated.
        LogGive(_address, _value, _reason);
        ^--------------------------------^
contracts/PresaleToken.sol:39:5: Warning: No visibility specified. Defaulting to "public". 
    function query(uint _timestamp, string _datasource, string _arg) payable returns (bytes32 _id);
    ^---------------------------------------------------------------------------------------------^
contracts/PresaleToken.sol:40:5: Warning: No visibility specified. Defaulting to "public". 
    function query_withGasLimit(uint _timestamp, string _datasource, string _arg, uint _gaslimit) payable returns (bytes32 _id);
    ^--------------------------------------------------------------------------------------------------------------------------^
contracts/PresaleToken.sol:41:5: Warning: No visibility specified. Defaulting to "public". 
    function query2(uint _timestamp, string _datasource, string _arg1, string _arg2) payable returns (bytes32 _id);
    ^-------------------------------------------------------------------------------------------------------------^
contracts/PresaleToken.sol:42:5: Warning: No visibility specified. Defaulting to "public". 
    function query2_withGasLimit(uint _timestamp, string _datasource, string _arg1, string _arg2, uint _gaslimit) payable returns (bytes32 _id);
    ^------------------------------------------------------------------------------------------------------------------------------------------^
contracts/PresaleToken.sol:43:5: Warning: No visibility specified. Defaulting to "public". 
    function queryN(uint _timestamp, string _datasource, bytes _argN) payable returns (bytes32 _id);
    ^----------------------------------------------------------------------------------------------^
contracts/PresaleToken.sol:44:5: Warning: No visibility specified. Defaulting to "public". 
    function queryN_withGasLimit(uint _timestamp, string _datasource, bytes _argN, uint _gaslimit) payable returns (bytes32 _id);
    ^---------------------------------------------------------------------------------------------------------------------------^
contracts/PresaleToken.sol:45:5: Warning: No visibility specified. Defaulting to "public". 
    function getPrice(string _datasource) returns (uint _dsprice);
    ^------------------------------------------------------------^
contracts/PresaleToken.sol:46:5: Warning: No visibility specified. Defaulting to "public". 
    function getPrice(string _datasource, uint gaslimit) returns (uint _dsprice);
    ^---------------------------------------------------------------------------^
contracts/PresaleToken.sol:47:5: Warning: No visibility specified. Defaulting to "public". 
    function useCoupon(string _coupon);
    ^---------------------------------^
contracts/PresaleToken.sol:48:5: Warning: No visibility specified. Defaulting to "public". 
    function setProofType(byte _proofType);
    ^-------------------------------------^
contracts/PresaleToken.sol:49:5: Warning: No visibility specified. Defaulting to "public". 
    function setConfig(bytes32 _config);
    ^----------------------------------^
contracts/PresaleToken.sol:50:5: Warning: No visibility specified. Defaulting to "public". 
    function setCustomGasPrice(uint _gasPrice);
    ^-----------------------------------------^
contracts/PresaleToken.sol:51:5: Warning: No visibility specified. Defaulting to "public". 
    function randomDS_getSessionPubKeyHash() returns(bytes32);
    ^--------------------------------------------------------^
contracts/PresaleToken.sol:54:5: Warning: No visibility specified. Defaulting to "public". 
    function getAddress() returns (address _addr);
    ^--------------------------------------------^
contracts/PresaleToken.sol:86:34: Warning: Unused function parameter. Remove or comment out the variable name to silence this warning.
    function oraclize_setNetwork(uint8 networkID) internal returns(bool){
                                 ^-------------^
contracts/PresaleToken.sol:122:5: Warning: No visibility specified. Defaulting to "public". 
    function __callback(bytes32 myid, string result) {
    ^ (Relevant source part starts here and spans across multiple lines).
contracts/PresaleToken.sol:125:5: Warning: No visibility specified. Defaulting to "public". 
    function __callback(bytes32 myid, string result, bytes proof) {
    ^ (Relevant source part starts here and spans across multiple lines).
contracts/PresaleToken.sol:125:25: Warning: Unused function parameter. Remove or comment out the variable name to silence this warning.
    function __callback(bytes32 myid, string result, bytes proof) {
                        ^----------^
contracts/PresaleToken.sol:125:39: Warning: Unused function parameter. Remove or comment out the variable name to silence this warning.
    function __callback(bytes32 myid, string result, bytes proof) {
                                      ^-----------^
contracts/PresaleToken.sol:125:54: Warning: Unused function parameter. Remove or comment out the variable name to silence this warning.
    function __callback(bytes32 myid, string result, bytes proof) {
                                                     ^---------^
contracts/PresaleToken.sol:1051:3: Warning: No visibility specified. Defaulting to "public". 
  function Ownable() {
  ^ (Relevant source part starts here and spans across multiple lines).
contracts/PresaleToken.sol:1060:3: Warning: No visibility specified. Defaulting to "public". 
  function transferOwnership(address newOwner) onlyOwner {
  ^ (Relevant source part starts here and spans across multiple lines).
contracts/PresaleToken.sol:1074:5: Warning: No visibility specified. Defaulting to "public". 
    function freeze() onlyOwner {
    ^ (Relevant source part starts here and spans across multiple lines).
contracts/PresaleToken.sol:1078:5: Warning: No visibility specified. Defaulting to "public". 
    function unfreeze() onlyOwner {
    ^ (Relevant source part starts here and spans across multiple lines).
contracts/PresaleToken.sol:1099:5: Warning: No visibility specified. Defaulting to "public". 
    function CMCEthereumTicker(address _manager, uint256 _delay) {
    ^ (Relevant source part starts here and spans across multiple lines).
contracts/PresaleToken.sol:1106:5: Warning: No visibility specified. Defaulting to "public". 
    function getCentsPerETH() constant returns(uint256) {
    ^ (Relevant source part starts here and spans across multiple lines).
contracts/PresaleToken.sol:1110:5: Warning: No visibility specified. Defaulting to "public". 
    function getEnabled() constant returns(bool) {
    ^ (Relevant source part starts here and spans across multiple lines).
contracts/PresaleToken.sol:1114:5: Warning: No visibility specified. Defaulting to "public". 
    function enable() 
    ^ (Relevant source part starts here and spans across multiple lines).
contracts/PresaleToken.sol:1122:5: Warning: No visibility specified. Defaulting to "public". 
    function disable() 
    ^ (Relevant source part starts here and spans across multiple lines).
contracts/PresaleToken.sol:1129:5: Warning: No visibility specified. Defaulting to "public". 
    function __callback(bytes32 myid, string result) {
    ^ (Relevant source part starts here and spans across multiple lines).
contracts/PresaleToken.sol:1129:25: Warning: Unused function parameter. Remove or comment out the variable name to silence this warning.
    function __callback(bytes32 myid, string result) {
                        ^----------^
contracts/PresaleToken.sol:1156:5: Warning: No visibility specified. Defaulting to "public". 
    function payToManager(uint256 _amount) 
    ^ (Relevant source part starts here and spans across multiple lines).
contracts/PresaleToken.sol:1162:5: Warning: No visibility specified. Defaulting to "public". 
    function () payable {}
    ^--------------------^
contracts/PresaleToken.sol:1171:5: Warning: No visibility specified. Defaulting to "public". 
    function createTicker(uint256 _delay) 
    ^ (Relevant source part starts here and spans across multiple lines).
contracts/PresaleToken.sol:1177:5: Warning: No visibility specified. Defaulting to "public". 
    function attachTicker(address _tickerAddress)
    ^ (Relevant source part starts here and spans across multiple lines).
contracts/PresaleToken.sol:1183:5: Warning: No visibility specified. Defaulting to "public". 
    function enableTicker() 
    ^ (Relevant source part starts here and spans across multiple lines).
contracts/PresaleToken.sol:1189:5: Warning: No visibility specified. Defaulting to "public". 
    function disableTicker() 
    ^ (Relevant source part starts here and spans across multiple lines).
contracts/PresaleToken.sol:1195:5: Warning: No visibility specified. Defaulting to "public". 
    function sendToTicker() payable
    ^ (Relevant source part starts here and spans across multiple lines).
contracts/PresaleToken.sol:1202:5: Warning: No visibility specified. Defaulting to "public". 
    function withdrawFromTicker(uint _amount)
    ^ (Relevant source part starts here and spans across multiple lines).
contracts/PresaleToken.sol:1209:5: Warning: No visibility specified. Defaulting to "public". 
    function tickerAddress() constant returns (address) {
    ^ (Relevant source part starts here and spans across multiple lines).
contracts/PresaleToken.sol:1213:5: Warning: No visibility specified. Defaulting to "public". 
    function getCentsPerETH() constant returns (uint256) {
    ^ (Relevant source part starts here and spans across multiple lines).
contracts/PresaleToken.sol:1246:5: Warning: No visibility specified. Defaulting to "public". 
    function DBIPToken (uint256 _initial_supply) {
    ^ (Relevant source part starts here and spans across multiple lines).
contracts/PresaleToken.sol:1253:5: Warning: No visibility specified. Defaulting to "public". 
    function raiseSupply (uint256 _new_supply) 
    ^ (Relevant source part starts here and spans across multiple lines).
contracts/PresaleToken.sol:1263:5: Warning: No visibility specified. Defaulting to "public". 
    function ownerTransfer(address _to, uint256 _value) onlyOwner returns (bool success) 
    ^ (Relevant source part starts here and spans across multiple lines).
contracts/PresaleToken.sol:1276:5: Warning: No visibility specified. Defaulting to "public". 
    function balanceOf(address _owner) constant returns (uint256 balanceOf) {
    ^ (Relevant source part starts here and spans across multiple lines).
contracts/PresaleToken.sol:1280:5: Warning: No visibility specified. Defaulting to "public". 
    function totalSupply() constant returns (uint256 totalSupply) {
    ^ (Relevant source part starts here and spans across multiple lines).
contracts/PresaleToken.sol:1284:5: Warning: No visibility specified. Defaulting to "public". 
    function allowance(address _owner, address _spender) constant returns (uint256 remaining) {
    ^ (Relevant source part starts here and spans across multiple lines).
contracts/PresaleToken.sol:1288:5: Warning: No visibility specified. Defaulting to "public". 
    function transfer(address _to, uint256 _value) whileNotFrozen minimalPayloadSize(2 * 32) returns (bool success) 
    ^ (Relevant source part starts here and spans across multiple lines).
contracts/PresaleToken.sol:1299:5: Warning: No visibility specified. Defaulting to "public". 
    function approve(address _spender, uint256 _value) whileNotFrozen  returns (bool success) {
    ^ (Relevant source part starts here and spans across multiple lines).
contracts/PresaleToken.sol:1309:5: Warning: No visibility specified. Defaulting to "public". 
    function transferFrom(address _from, address _to, uint256 _value) whileNotFrozen minimalPayloadSize(3 * 32) returns (bool success) {
    ^ (Relevant source part starts here and spans across multiple lines).
contracts/PresaleToken.sol:1333:5: Warning: No visibility specified. Defaulting to "public". 
    function setProxy(address _proxy) 
    ^ (Relevant source part starts here and spans across multiple lines).
contracts/PresaleToken.sol:1339:5: Warning: No visibility specified. Defaulting to "public". 
    function buyThroughProxy(address _buyer) payable;
    ^-----------------------------------------------^
contracts/PresaleToken.sol:1346:5: Warning: No visibility specified. Defaulting to "public". 
    function PresaleToken(uint256 _limitUSD, uint256 _priceCents) {
    ^ (Relevant source part starts here and spans across multiple lines).
contracts/PresaleToken.sol:1413:5: Warning: No visibility specified. Defaulting to "public". 
    function() payable {
    ^ (Relevant source part starts here and spans across multiple lines).
contracts/PresaleToken.sol:1417:5: Warning: No visibility specified. Defaulting to "public". 
    function buyTokens(address _buyer) payable
    ^ (Relevant source part starts here and spans across multiple lines).
contracts/PresaleToken.sol:1451:5: Warning: No visibility specified. Defaulting to "public". 
    function buyThroughProxy(address _buyer) payable
    ^ (Relevant source part starts here and spans across multiple lines).
contracts/PresaleToken.sol:1488:5: Warning: No visibility specified. Defaulting to "public". 
    function migrateTokens(address _owner)
    ^ (Relevant source part starts here and spans across multiple lines).
contracts/PresaleToken.sol:1502:5: Warning: No visibility specified. Defaulting to "public". 
    function startPresale()
    ^ (Relevant source part starts here and spans across multiple lines).
contracts/PresaleToken.sol:1512:5: Warning: No visibility specified. Defaulting to "public". 
    function finishPresale()
    ^ (Relevant source part starts here and spans across multiple lines).
contracts/PresaleToken.sol:1522:5: Warning: No visibility specified. Defaulting to "public". 
    function finalizePresale()
    ^ (Relevant source part starts here and spans across multiple lines).
contracts/PresaleToken.sol:1535:5: Warning: No visibility specified. Defaulting to "public". 
    function startMigration()
    ^ (Relevant source part starts here and spans across multiple lines).
contracts/PresaleToken.sol:1551:5: Warning: No visibility specified. Defaulting to "public". 
    function setMigrationManager(address _mgr)
    ^ (Relevant source part starts here and spans across multiple lines).
contracts/PresaleToken.sol:1558:5: Warning: No visibility specified. Defaulting to "public". 
    function raiseCap(uint _newCap)
    ^ (Relevant source part starts here and spans across multiple lines).
contracts/PresaleToken.sol:1576:5: Warning: No visibility specified. Defaulting to "public". 
    function giveTokens(address _address, uint _value, string _reason)
    ^ (Relevant source part starts here and spans across multiple lines).
contracts/PresaleToken.sol:125:5: Warning: Function state mutability can be restricted to pure
    function __callback(bytes32 myid, string result, bytes proof) {
    ^ (Relevant source part starts here and spans across multiple lines).
contracts/PresaleToken.sol:536:5: Warning: Function state mutability can be restricted to pure
    function parseAddr(string _a) internal returns (address){
    ^ (Relevant source part starts here and spans across multiple lines).
contracts/PresaleToken.sol:556:5: Warning: Function state mutability can be restricted to pure
    function strCompare(string _a, string _b) internal returns (int) {
    ^ (Relevant source part starts here and spans across multiple lines).
contracts/PresaleToken.sol:574:5: Warning: Function state mutability can be restricted to pure
    function indexOf(string _haystack, string _needle) internal returns (int) {
    ^ (Relevant source part starts here and spans across multiple lines).
contracts/PresaleToken.sol:601:5: Warning: Function state mutability can be restricted to pure
    function strConcat(string _a, string _b, string _c, string _d, string _e) internal returns (string) {
    ^ (Relevant source part starts here and spans across multiple lines).
contracts/PresaleToken.sol:636:5: Warning: Function state mutability can be restricted to pure
    function parseInt(string _a, uint _b) internal returns (uint) {
    ^ (Relevant source part starts here and spans across multiple lines).
contracts/PresaleToken.sol:654:5: Warning: Function state mutability can be restricted to pure
    function uint2str(uint i) internal returns (string){
    ^ (Relevant source part starts here and spans across multiple lines).
contracts/PresaleToken.sol:671:5: Warning: Function state mutability can be restricted to pure
    function stra2cbor(string[] arr) internal returns (bytes) {
    ^ (Relevant source part starts here and spans across multiple lines).
contracts/PresaleToken.sol:713:5: Warning: Function state mutability can be restricted to pure
    function ba2cbor(bytes[] arr) internal returns (bytes) {
    ^ (Relevant source part starts here and spans across multiple lines).
contracts/PresaleToken.sol:761:5: Warning: Function state mutability can be restricted to view
    function oraclize_getNetworkName() internal returns (string) {
    ^ (Relevant source part starts here and spans across multiple lines).
contracts/PresaleToken.sol:864:5: Warning: Function state mutability can be restricted to pure
    function matchBytes32Prefix(bytes32 content, bytes prefix) internal returns (bool){
    ^ (Relevant source part starts here and spans across multiple lines).
contracts/PresaleToken.sol:925:5: Warning: Function state mutability can be restricted to pure
    function copyBytes(bytes from, uint fromOffset, uint length, bytes to, uint toOffset) internal returns (bytes) {
    ^ (Relevant source part starts here and spans across multiple lines).
contracts/PresaleToken.sol:1024:3: Warning: Function state mutability can be restricted to pure
  function mul(uint256 a, uint256 b) internal returns (uint256) {
  ^ (Relevant source part starts here and spans across multiple lines).
contracts/PresaleToken.sol:1030:3: Warning: Function state mutability can be restricted to pure
  function div(uint256 a, uint256 b) internal returns (uint256) {
  ^ (Relevant source part starts here and spans across multiple lines).
contracts/PresaleToken.sol:1035:3: Warning: Function state mutability can be restricted to pure
  function sub(uint256 a, uint256 b) internal returns (uint256) {
  ^ (Relevant source part starts here and spans across multiple lines).
contracts/PresaleToken.sol:1040:3: Warning: Function state mutability can be restricted to pure
  function add(uint256 a, uint256 b) internal returns (uint256) {
  ^ (Relevant source part starts here and spans across multiple lines).
contracts/TickerController.sol:766:45: Warning: "throw" is deprecated in favour of "revert()", "require()" and "assert()".
        if ((_nbytes == 0)||(_nbytes > 32)) throw;
                                            ^---^
contracts/TickerController.sol:856:71: Warning: "throw" is deprecated in favour of "revert()", "require()" and "assert()".
        if ((_proof[0] != "L")||(_proof[1] != "P")||(_proof[2] != 1)) throw;
                                                                      ^---^
contracts/TickerController.sol:859:37: Warning: "throw" is deprecated in favour of "revert()", "require()" and "assert()".
        if (proofVerified == false) throw;
                                    ^---^
contracts/TickerController.sol:867:14: Warning: Use of the "var" keyword is deprecated.
        for (var i=0; i<prefix.length; i++){
             ^---^
contracts/TickerController.sol:930:13: Warning: "throw" is deprecated in favour of "revert()", "require()" and "assert()".
            throw; // Should be a better way?
            ^---^
contracts/TickerController.sol:1051:3: Warning: Defining constructors as functions with the same name as the contract is deprecated. Use "constructor(...) { ... }" instead.
  function Ownable() {
  ^ (Relevant source part starts here and spans across multiple lines).
contracts/TickerController.sol:1099:5: Warning: Defining constructors as functions with the same name as the contract is deprecated. Use "constructor(...) { ... }" instead.
    function CMCEthereumTicker(address _manager, uint256 _delay) {
    ^ (Relevant source part starts here and spans across multiple lines).
contracts/TickerController.sol:1246:5: Warning: Defining constructors as functions with the same name as the contract is deprecated. Use "constructor(...) { ... }" instead.
    function DBIPToken (uint256 _initial_supply) {
    ^ (Relevant source part starts here and spans across multiple lines).
contracts/TickerController.sol:1346:5: Warning: Defining constructors as functions with the same name as the contract is deprecated. Use "constructor(...) { ... }" instead.
    function PresaleToken(uint256 _limitUSD, uint256 _priceCents) {
    ^ (Relevant source part starts here and spans across multiple lines).
contracts/TickerController.sol:1493:9: Warning: Use of the "var" keyword is deprecated.
        var migratedValue = token.balanceOf(_owner);
        ^---------------^
contracts/TickerController.sol:1276:58: Warning: This declaration shadows an existing declaration.
    function balanceOf(address _owner) constant returns (uint256 balanceOf) {
                                                         ^---------------^
contracts/TickerController.sol:1276:5: The shadowed declaration is here:
    function balanceOf(address _owner) constant returns (uint256 balanceOf) {
    ^ (Relevant source part starts here and spans across multiple lines).

contracts/TickerController.sol:1280:46: Warning: This declaration shadows an existing declaration.
    function totalSupply() constant returns (uint256 totalSupply) {
                                             ^-----------------^
contracts/TickerController.sol:1280:5: The shadowed declaration is here:
    function totalSupply() constant returns (uint256 totalSupply) {
    ^ (Relevant source part starts here and spans across multiple lines).

contracts/TickerController.sol:780:50: Warning: "sha3" has been deprecated in favour of "keccak256"
        oraclize_randomDS_setCommitment(queryId, sha3(bytes8(_delay), args[1], sha256(args[0]), args[2]));
                                                 ^-----------------------------------------------------^
contracts/TickerController.sol:780:50: Warning: This function only accepts a single "bytes" argument. Please use "abi.encodePacked(...)" or a similar function to encode the data.
        oraclize_randomDS_setCommitment(queryId, sha3(bytes8(_delay), args[1], sha256(args[0]), args[2]));
                                                 ^-----------------------------------------------------^
contracts/TickerController.sol:812:21: Warning: "sha3" has been deprecated in favour of "keccak256"
        if (address(sha3(pubkey)) == signer) return true;
                    ^----------^
contracts/TickerController.sol:815:29: Warning: "sha3" has been deprecated in favour of "keccak256"
            return (address(sha3(pubkey)) == signer);
                            ^----------^
contracts/TickerController.sol:830:22: Warning: Decimal literal assigned to bytesXX variable will be left-aligned. Use an explicit conversion to silence this warning.
        tosign2[0] = 1; //role
                     ^
contracts/TickerController.sol:867:14: Warning: The type of this variable was inferred as uint8, which can hold values between 0 and 255. This is probably not desired. Use an explicit type to silence this warning.
        for (var i=0; i<prefix.length; i++){
             ^-----^
contracts/TickerController.sol:882:20: Warning: "sha3" has been deprecated in favour of "keccak256"
        checkok = (sha3(keyhash) == sha3(sha256(context_name, queryId)));
                   ^-----------^
contracts/TickerController.sol:882:42: Warning: This function only accepts a single "bytes" argument. Please use "abi.encodePacked(...)" or a similar function to encode the data.
        checkok = (sha3(keyhash) == sha3(sha256(context_name, queryId)));
                                         ^---------------------------^
contracts/TickerController.sol:882:37: Warning: "sha3" has been deprecated in favour of "keccak256"
        checkok = (sha3(keyhash) == sha3(sha256(context_name, queryId)));
                                    ^---------------------------------^
contracts/TickerController.sol:882:37: Warning: This function only accepts a single "bytes" argument. Please use "abi.encodePacked(...)" or a similar function to encode the data.
        checkok = (sha3(keyhash) == sha3(sha256(context_name, queryId)));
                                    ^---------------------------------^
contracts/TickerController.sol:882:37: Warning: The provided argument of type bytes32 is not implicitly convertible to expected type bytes memory.
        checkok = (sha3(keyhash) == sha3(sha256(context_name, queryId)));
                                    ^---------------------------------^
contracts/TickerController.sol:904:48: Warning: "sha3" has been deprecated in favour of "keccak256"
        if (oraclize_randomDS_args[queryId] == sha3(commitmentSlice1, sessionPubkeyHash)){ //unonce, nbytes and sessionKeyHash match
                                               ^---------------------------------------^
contracts/TickerController.sol:904:48: Warning: This function only accepts a single "bytes" argument. Please use "abi.encodePacked(...)" or a similar function to encode the data.
        if (oraclize_randomDS_args[queryId] == sha3(commitmentSlice1, sessionPubkeyHash)){ //unonce, nbytes and sessionKeyHash match
                                               ^---------------------------------------^
contracts/TickerController.sol:1132:9: Warning: Invoking events without "emit" prefix is deprecated.
        newPriceTicker(result);
        ^--------------------^
contracts/TickerController.sol:1139:40: Warning: Using contract member "balance" inherited from the address type is deprecated. Convert the contract to "address" type to access the member, for example use "address(contract).balance" instead.
        if (oraclize.getPrice("URL") > this.balance) {
                                       ^----------^
contracts/TickerController.sol:1140:13: Warning: Invoking events without "emit" prefix is deprecated.
            newOraclizeQuery("Oraclize query was NOT sent, please add some ETH to cover for the query fee");
            ^---------------------------------------------------------------------------------------------^
contracts/TickerController.sol:1142:13: Warning: Invoking events without "emit" prefix is deprecated.
            newOraclizeQuery("Oraclize query was sent, standing by for the answer..");
            ^-----------------------------------------------------------------------^
contracts/TickerController.sol:1148:40: Warning: Using contract member "balance" inherited from the address type is deprecated. Convert the contract to "address" type to access the member, for example use "address(contract).balance" instead.
        if (oraclize.getPrice("URL") > this.balance) {
                                       ^----------^
contracts/TickerController.sol:1149:13: Warning: Invoking events without "emit" prefix is deprecated.
            newOraclizeQuery("Oraclize query was NOT sent, please add some ETH to cover for the query fee");
            ^---------------------------------------------------------------------------------------------^
contracts/TickerController.sol:1151:13: Warning: Invoking events without "emit" prefix is deprecated.
            newOraclizeQuery("Oraclize query was sent, standing by for the answer..");
            ^-----------------------------------------------------------------------^
contracts/TickerController.sol:1269:9: Warning: Invoking events without "emit" prefix is deprecated.
        Transfer(owner,_to,_value);
        ^------------------------^
contracts/TickerController.sol:1294:9: Warning: Invoking events without "emit" prefix is deprecated.
        Transfer(msg.sender,_to,_value);
        ^-----------------------------^
contracts/TickerController.sol:1303:9: Warning: Invoking events without "emit" prefix is deprecated.
        Approval(msg.sender,_spender,_value);
        ^----------------------------------^
contracts/TickerController.sol:1316:9: Warning: Invoking events without "emit" prefix is deprecated.
        Transfer(_from,_to,_value);
        ^------------------------^
contracts/TickerController.sol:1436:13: Warning: Invoking events without "emit" prefix is deprecated.
            LogBuy(_buyer, remainder, centsPerETH);
            ^------------------------------------^
contracts/TickerController.sol:1441:13: Warning: Invoking events without "emit" prefix is deprecated.
            LogBuy(_buyer, newTokens, centsPerETH);
            ^------------------------------------^
contracts/TickerController.sol:1447:13: Warning: Invoking events without "emit" prefix is deprecated.
            LogPhaseSwitch(Phase.Finished);
            ^----------------------------^
contracts/TickerController.sol:1472:13: Warning: Invoking events without "emit" prefix is deprecated.
            LogBuy(_buyer, remainder, centsPerETH);
            ^------------------------------------^
contracts/TickerController.sol:1478:13: Warning: Invoking events without "emit" prefix is deprecated.
            LogBuy(_buyer, newTokens, centsPerETH);
            ^------------------------------------^
contracts/TickerController.sol:1484:13: Warning: Invoking events without "emit" prefix is deprecated.
            LogPhaseSwitch(Phase.Finished);
            ^----------------------------^
contracts/TickerController.sol:1495:9: Warning: Invoking events without "emit" prefix is deprecated.
        LogMigrate(_owner, migratedValue);
        ^-------------------------------^
contracts/TickerController.sol:1498:13: Warning: Invoking events without "emit" prefix is deprecated.
            LogPhaseSwitch(Phase.Migrated);
            ^----------------------------^
contracts/TickerController.sol:1509:9: Warning: Invoking events without "emit" prefix is deprecated.
        LogPhaseSwitch(Phase.Running);
        ^---------------------------^
contracts/TickerController.sol:1518:9: Warning: Invoking events without "emit" prefix is deprecated.
        LogPhaseSwitch(Phase.Finished);
        ^----------------------------^
contracts/TickerController.sol:1532:9: Warning: Invoking events without "emit" prefix is deprecated.
        LogPhaseSwitch(Phase.Finalized);
        ^-----------------------------^
contracts/TickerController.sol:1542:9: Warning: Invoking events without "emit" prefix is deprecated.
        LogPhaseSwitch(Phase.Migrating);
        ^-----------------------------^
contracts/TickerController.sol:1547:16: Warning: Using contract member "balance" inherited from the address type is deprecated. Convert the contract to "address" type to access the member, for example use "address(contract).balance" instead.
        assert(this.balance > 0);
               ^----------^
contracts/TickerController.sol:1548:24: Warning: Using contract member "balance" inherited from the address type is deprecated. Convert the contract to "address" type to access the member, for example use "address(contract).balance" instead.
        owner.transfer(this.balance);
                       ^----------^
contracts/TickerController.sol:1573:9: Warning: Invoking events without "emit" prefix is deprecated.
        LogPhaseSwitch(Phase.Running);
        ^---------------------------^
contracts/TickerController.sol:1584:9: Warning: Invoking events without "emit" prefix is deprecated.
        LogGive(_address, _value, _reason);
        ^--------------------------------^
contracts/TickerController.sol:39:5: Warning: No visibility specified. Defaulting to "public". 
    function query(uint _timestamp, string _datasource, string _arg) payable returns (bytes32 _id);
    ^---------------------------------------------------------------------------------------------^
contracts/TickerController.sol:40:5: Warning: No visibility specified. Defaulting to "public". 
    function query_withGasLimit(uint _timestamp, string _datasource, string _arg, uint _gaslimit) payable returns (bytes32 _id);
    ^--------------------------------------------------------------------------------------------------------------------------^
contracts/TickerController.sol:41:5: Warning: No visibility specified. Defaulting to "public". 
    function query2(uint _timestamp, string _datasource, string _arg1, string _arg2) payable returns (bytes32 _id);
    ^-------------------------------------------------------------------------------------------------------------^
contracts/TickerController.sol:42:5: Warning: No visibility specified. Defaulting to "public". 
    function query2_withGasLimit(uint _timestamp, string _datasource, string _arg1, string _arg2, uint _gaslimit) payable returns (bytes32 _id);
    ^------------------------------------------------------------------------------------------------------------------------------------------^
contracts/TickerController.sol:43:5: Warning: No visibility specified. Defaulting to "public". 
    function queryN(uint _timestamp, string _datasource, bytes _argN) payable returns (bytes32 _id);
    ^----------------------------------------------------------------------------------------------^
contracts/TickerController.sol:44:5: Warning: No visibility specified. Defaulting to "public". 
    function queryN_withGasLimit(uint _timestamp, string _datasource, bytes _argN, uint _gaslimit) payable returns (bytes32 _id);
    ^---------------------------------------------------------------------------------------------------------------------------^
contracts/TickerController.sol:45:5: Warning: No visibility specified. Defaulting to "public". 
    function getPrice(string _datasource) returns (uint _dsprice);
    ^------------------------------------------------------------^
contracts/TickerController.sol:46:5: Warning: No visibility specified. Defaulting to "public". 
    function getPrice(string _datasource, uint gaslimit) returns (uint _dsprice);
    ^---------------------------------------------------------------------------^
contracts/TickerController.sol:47:5: Warning: No visibility specified. Defaulting to "public". 
    function useCoupon(string _coupon);
    ^---------------------------------^
contracts/TickerController.sol:48:5: Warning: No visibility specified. Defaulting to "public". 
    function setProofType(byte _proofType);
    ^-------------------------------------^
contracts/TickerController.sol:49:5: Warning: No visibility specified. Defaulting to "public". 
    function setConfig(bytes32 _config);
    ^----------------------------------^
contracts/TickerController.sol:50:5: Warning: No visibility specified. Defaulting to "public". 
    function setCustomGasPrice(uint _gasPrice);
    ^-----------------------------------------^
contracts/TickerController.sol:51:5: Warning: No visibility specified. Defaulting to "public". 
    function randomDS_getSessionPubKeyHash() returns(bytes32);
    ^--------------------------------------------------------^
contracts/TickerController.sol:54:5: Warning: No visibility specified. Defaulting to "public". 
    function getAddress() returns (address _addr);
    ^--------------------------------------------^
contracts/TickerController.sol:86:34: Warning: Unused function parameter. Remove or comment out the variable name to silence this warning.
    function oraclize_setNetwork(uint8 networkID) internal returns(bool){
                                 ^-------------^
contracts/TickerController.sol:122:5: Warning: No visibility specified. Defaulting to "public". 
    function __callback(bytes32 myid, string result) {
    ^ (Relevant source part starts here and spans across multiple lines).
contracts/TickerController.sol:125:5: Warning: No visibility specified. Defaulting to "public". 
    function __callback(bytes32 myid, string result, bytes proof) {
    ^ (Relevant source part starts here and spans across multiple lines).
contracts/TickerController.sol:125:25: Warning: Unused function parameter. Remove or comment out the variable name to silence this warning.
    function __callback(bytes32 myid, string result, bytes proof) {
                        ^----------^
contracts/TickerController.sol:125:39: Warning: Unused function parameter. Remove or comment out the variable name to silence this warning.
    function __callback(bytes32 myid, string result, bytes proof) {
                                      ^-----------^
contracts/TickerController.sol:125:54: Warning: Unused function parameter. Remove or comment out the variable name to silence this warning.
    function __callback(bytes32 myid, string result, bytes proof) {
                                                     ^---------^
contracts/TickerController.sol:1051:3: Warning: No visibility specified. Defaulting to "public". 
  function Ownable() {
  ^ (Relevant source part starts here and spans across multiple lines).
contracts/TickerController.sol:1060:3: Warning: No visibility specified. Defaulting to "public". 
  function transferOwnership(address newOwner) onlyOwner {
  ^ (Relevant source part starts here and spans across multiple lines).
contracts/TickerController.sol:1074:5: Warning: No visibility specified. Defaulting to "public". 
    function freeze() onlyOwner {
    ^ (Relevant source part starts here and spans across multiple lines).
contracts/TickerController.sol:1078:5: Warning: No visibility specified. Defaulting to "public". 
    function unfreeze() onlyOwner {
    ^ (Relevant source part starts here and spans across multiple lines).
contracts/TickerController.sol:1099:5: Warning: No visibility specified. Defaulting to "public". 
    function CMCEthereumTicker(address _manager, uint256 _delay) {
    ^ (Relevant source part starts here and spans across multiple lines).
contracts/TickerController.sol:1106:5: Warning: No visibility specified. Defaulting to "public". 
    function getCentsPerETH() constant returns(uint256) {
    ^ (Relevant source part starts here and spans across multiple lines).
contracts/TickerController.sol:1110:5: Warning: No visibility specified. Defaulting to "public". 
    function getEnabled() constant returns(bool) {
    ^ (Relevant source part starts here and spans across multiple lines).
contracts/TickerController.sol:1114:5: Warning: No visibility specified. Defaulting to "public". 
    function enable() 
    ^ (Relevant source part starts here and spans across multiple lines).
contracts/TickerController.sol:1122:5: Warning: No visibility specified. Defaulting to "public". 
    function disable() 
    ^ (Relevant source part starts here and spans across multiple lines).
contracts/TickerController.sol:1129:5: Warning: No visibility specified. Defaulting to "public". 
    function __callback(bytes32 myid, string result) {
    ^ (Relevant source part starts here and spans across multiple lines).
contracts/TickerController.sol:1129:25: Warning: Unused function parameter. Remove or comment out the variable name to silence this warning.
    function __callback(bytes32 myid, string result) {
                        ^----------^
contracts/TickerController.sol:1156:5: Warning: No visibility specified. Defaulting to "public". 
    function payToManager(uint256 _amount) 
    ^ (Relevant source part starts here and spans across multiple lines).
contracts/TickerController.sol:1162:5: Warning: No visibility specified. Defaulting to "public". 
    function () payable {}
    ^--------------------^
contracts/TickerController.sol:1171:5: Warning: No visibility specified. Defaulting to "public". 
    function createTicker(uint256 _delay) 
    ^ (Relevant source part starts here and spans across multiple lines).
contracts/TickerController.sol:1177:5: Warning: No visibility specified. Defaulting to "public". 
    function attachTicker(address _tickerAddress)
    ^ (Relevant source part starts here and spans across multiple lines).
contracts/TickerController.sol:1183:5: Warning: No visibility specified. Defaulting to "public". 
    function enableTicker() 
    ^ (Relevant source part starts here and spans across multiple lines).
contracts/TickerController.sol:1189:5: Warning: No visibility specified. Defaulting to "public". 
    function disableTicker() 
    ^ (Relevant source part starts here and spans across multiple lines).
contracts/TickerController.sol:1195:5: Warning: No visibility specified. Defaulting to "public". 
    function sendToTicker() payable
    ^ (Relevant source part starts here and spans across multiple lines).
contracts/TickerController.sol:1202:5: Warning: No visibility specified. Defaulting to "public". 
    function withdrawFromTicker(uint _amount)
    ^ (Relevant source part starts here and spans across multiple lines).
contracts/TickerController.sol:1209:5: Warning: No visibility specified. Defaulting to "public". 
    function tickerAddress() constant returns (address) {
    ^ (Relevant source part starts here and spans across multiple lines).
contracts/TickerController.sol:1213:5: Warning: No visibility specified. Defaulting to "public". 
    function getCentsPerETH() constant returns (uint256) {
    ^ (Relevant source part starts here and spans across multiple lines).
contracts/TickerController.sol:1246:5: Warning: No visibility specified. Defaulting to "public". 
    function DBIPToken (uint256 _initial_supply) {
    ^ (Relevant source part starts here and spans across multiple lines).
contracts/TickerController.sol:1253:5: Warning: No visibility specified. Defaulting to "public". 
    function raiseSupply (uint256 _new_supply) 
    ^ (Relevant source part starts here and spans across multiple lines).
contracts/TickerController.sol:1263:5: Warning: No visibility specified. Defaulting to "public". 
    function ownerTransfer(address _to, uint256 _value) onlyOwner returns (bool success) 
    ^ (Relevant source part starts here and spans across multiple lines).
contracts/TickerController.sol:1276:5: Warning: No visibility specified. Defaulting to "public". 
    function balanceOf(address _owner) constant returns (uint256 balanceOf) {
    ^ (Relevant source part starts here and spans across multiple lines).
contracts/TickerController.sol:1280:5: Warning: No visibility specified. Defaulting to "public". 
    function totalSupply() constant returns (uint256 totalSupply) {
    ^ (Relevant source part starts here and spans across multiple lines).
contracts/TickerController.sol:1284:5: Warning: No visibility specified. Defaulting to "public". 
    function allowance(address _owner, address _spender) constant returns (uint256 remaining) {
    ^ (Relevant source part starts here and spans across multiple lines).
contracts/TickerController.sol:1288:5: Warning: No visibility specified. Defaulting to "public". 
    function transfer(address _to, uint256 _value) whileNotFrozen minimalPayloadSize(2 * 32) returns (bool success) 
    ^ (Relevant source part starts here and spans across multiple lines).
contracts/TickerController.sol:1299:5: Warning: No visibility specified. Defaulting to "public". 
    function approve(address _spender, uint256 _value) whileNotFrozen  returns (bool success) {
    ^ (Relevant source part starts here and spans across multiple lines).
contracts/TickerController.sol:1309:5: Warning: No visibility specified. Defaulting to "public". 
    function transferFrom(address _from, address _to, uint256 _value) whileNotFrozen minimalPayloadSize(3 * 32) returns (bool success) {
    ^ (Relevant source part starts here and spans across multiple lines).
contracts/TickerController.sol:1333:5: Warning: No visibility specified. Defaulting to "public". 
    function setProxy(address _proxy) 
    ^ (Relevant source part starts here and spans across multiple lines).
contracts/TickerController.sol:1339:5: Warning: No visibility specified. Defaulting to "public". 
    function buyThroughProxy(address _buyer) payable;
    ^-----------------------------------------------^
contracts/TickerController.sol:1346:5: Warning: No visibility specified. Defaulting to "public". 
    function PresaleToken(uint256 _limitUSD, uint256 _priceCents) {
    ^ (Relevant source part starts here and spans across multiple lines).
contracts/TickerController.sol:1413:5: Warning: No visibility specified. Defaulting to "public". 
    function() payable {
    ^ (Relevant source part starts here and spans across multiple lines).
contracts/TickerController.sol:1417:5: Warning: No visibility specified. Defaulting to "public". 
    function buyTokens(address _buyer) payable
    ^ (Relevant source part starts here and spans across multiple lines).
contracts/TickerController.sol:1451:5: Warning: No visibility specified. Defaulting to "public". 
    function buyThroughProxy(address _buyer) payable
    ^ (Relevant source part starts here and spans across multiple lines).
contracts/TickerController.sol:1488:5: Warning: No visibility specified. Defaulting to "public". 
    function migrateTokens(address _owner)
    ^ (Relevant source part starts here and spans across multiple lines).
contracts/TickerController.sol:1502:5: Warning: No visibility specified. Defaulting to "public". 
    function startPresale()
    ^ (Relevant source part starts here and spans across multiple lines).
contracts/TickerController.sol:1512:5: Warning: No visibility specified. Defaulting to "public". 
    function finishPresale()
    ^ (Relevant source part starts here and spans across multiple lines).
contracts/TickerController.sol:1522:5: Warning: No visibility specified. Defaulting to "public". 
    function finalizePresale()
    ^ (Relevant source part starts here and spans across multiple lines).
contracts/TickerController.sol:1535:5: Warning: No visibility specified. Defaulting to "public". 
    function startMigration()
    ^ (Relevant source part starts here and spans across multiple lines).
contracts/TickerController.sol:1551:5: Warning: No visibility specified. Defaulting to "public". 
    function setMigrationManager(address _mgr)
    ^ (Relevant source part starts here and spans across multiple lines).
contracts/TickerController.sol:1558:5: Warning: No visibility specified. Defaulting to "public". 
    function raiseCap(uint _newCap)
    ^ (Relevant source part starts here and spans across multiple lines).
contracts/TickerController.sol:1576:5: Warning: No visibility specified. Defaulting to "public". 
    function giveTokens(address _address, uint _value, string _reason)
    ^ (Relevant source part starts here and spans across multiple lines).
contracts/TickerController.sol:125:5: Warning: Function state mutability can be restricted to pure
    function __callback(bytes32 myid, string result, bytes proof) {
    ^ (Relevant source part starts here and spans across multiple lines).
contracts/TickerController.sol:536:5: Warning: Function state mutability can be restricted to pure
    function parseAddr(string _a) internal returns (address){
    ^ (Relevant source part starts here and spans across multiple lines).
contracts/TickerController.sol:556:5: Warning: Function state mutability can be restricted to pure
    function strCompare(string _a, string _b) internal returns (int) {
    ^ (Relevant source part starts here and spans across multiple lines).
contracts/TickerController.sol:574:5: Warning: Function state mutability can be restricted to pure
    function indexOf(string _haystack, string _needle) internal returns (int) {
    ^ (Relevant source part starts here and spans across multiple lines).
contracts/TickerController.sol:601:5: Warning: Function state mutability can be restricted to pure
    function strConcat(string _a, string _b, string _c, string _d, string _e) internal returns (string) {
    ^ (Relevant source part starts here and spans across multiple lines).
contracts/TickerController.sol:636:5: Warning: Function state mutability can be restricted to pure
    function parseInt(string _a, uint _b) internal returns (uint) {
    ^ (Relevant source part starts here and spans across multiple lines).
contracts/TickerController.sol:654:5: Warning: Function state mutability can be restricted to pure
    function uint2str(uint i) internal returns (string){
    ^ (Relevant source part starts here and spans across multiple lines).
contracts/TickerController.sol:671:5: Warning: Function state mutability can be restricted to pure
    function stra2cbor(string[] arr) internal returns (bytes) {
    ^ (Relevant source part starts here and spans across multiple lines).
contracts/TickerController.sol:713:5: Warning: Function state mutability can be restricted to pure
    function ba2cbor(bytes[] arr) internal returns (bytes) {
    ^ (Relevant source part starts here and spans across multiple lines).
contracts/TickerController.sol:761:5: Warning: Function state mutability can be restricted to view
    function oraclize_getNetworkName() internal returns (string) {
    ^ (Relevant source part starts here and spans across multiple lines).
contracts/TickerController.sol:864:5: Warning: Function state mutability can be restricted to pure
    function matchBytes32Prefix(bytes32 content, bytes prefix) internal returns (bool){
    ^ (Relevant source part starts here and spans across multiple lines).
contracts/TickerController.sol:925:5: Warning: Function state mutability can be restricted to pure
    function copyBytes(bytes from, uint fromOffset, uint length, bytes to, uint toOffset) internal returns (bytes) {
    ^ (Relevant source part starts here and spans across multiple lines).
contracts/TickerController.sol:1024:3: Warning: Function state mutability can be restricted to pure
  function mul(uint256 a, uint256 b) internal returns (uint256) {
  ^ (Relevant source part starts here and spans across multiple lines).
contracts/TickerController.sol:1030:3: Warning: Function state mutability can be restricted to pure
  function div(uint256 a, uint256 b) internal returns (uint256) {
  ^ (Relevant source part starts here and spans across multiple lines).
contracts/TickerController.sol:1035:3: Warning: Function state mutability can be restricted to pure
  function sub(uint256 a, uint256 b) internal returns (uint256) {
  ^ (Relevant source part starts here and spans across multiple lines).
contracts/TickerController.sol:1040:3: Warning: Function state mutability can be restricted to pure
  function add(uint256 a, uint256 b) internal returns (uint256) {
  ^ (Relevant source part starts here and spans across multiple lines).
assets/NormalAttacker.sol:5:3: Warning: No visibility specified. Defaulting to "public". 
  function() payable {
  ^ (Relevant source part starts here and spans across multiple lines).
assets/ReentrancyAttacker.sol:8:7: Warning: Return value of low-level calls not used.
      msg.sender.call(bytes4(255));
      ^--------------------------^
assets/ReentrancyAttacker.sol:5:3: Warning: No visibility specified. Defaulting to "public". 
  function() payable {
  ^ (Relevant source part starts here and spans across multiple lines).
>> Fuzz DBIPToken
** Write stats: 0.02024
** Write stats: 5.0008
** Write stats: 10.0015
** Write stats: 15.0039
** Write stats: 20.0037
** Write stats: 25.0071
** Write stats: 30.0045
** Write stats: 35.0035
** Write stats: 40.0074
** Write stats: 45.0002
** Write stats: 50.0009
** Write stats: 55.0105
** Write stats: 60.0058
** Write stats: 65.0046
** Write stats: 70.0081
** Write stats: 75.0063
** Write stats: 80.0098
** Write stats: 85.0002
** Write stats: 90.0058
** Write stats: 95.0001
** Write stats: 100.009
** Write stats: 105.005
** Write stats: 110.001
** Write stats: 110.047
>> Fuzz CMCEthereumTicker
** Write stats: 0.009941
** Write stats: 5.00189
** Write stats: 10.0005
** Write stats: 15.0003
** Write stats: 20.0001
** Write stats: 25.0004
** Write stats: 30.0006
** Write stats: 35.0002
** Write stats: 40.0005
** Write stats: 45.0004
** Write stats: 50.0032
** Write stats: 55.0006
** Write stats: 60.0001
** Write stats: 65.0006
** Write stats: 70.0006
** Write stats: 75.0003
** Write stats: 80.0004
** Write stats: 85.0005
** Write stats: 90.0002
** Write stats: 95.0002
** Write stats: 100.003
** Write stats: 105
** Write stats: 110
** Write stats: 110.012
>> Fuzz Ownable
** Write stats: 0.002752
** Write stats: 5.00234
** Write stats: 10.0001
** Write stats: 15.0001
** Write stats: 20.0001
** Write stats: 25.0001
** Write stats: 30.0001
** Write stats: 35.0001
** Write stats: 40.0001
** Write stats: 45.0002
** Write stats: 50.0002
** Write stats: 55.0002
** Write stats: 60.0001
** Write stats: 65.0002
** Write stats: 70.3505
** Write stats: 75.0001
** Write stats: 80.0001
** Write stats: 85.0001
** Write stats: 90.0002
** Write stats: 95.0002
** Write stats: 100
** Write stats: 105
** Write stats: 110
** Write stats: 110.005
>> Fuzz SafeMath
** Write stats: 0.001948
** Write stats: 5.00006
** Write stats: 10.0002
** Write stats: 15.0001
** Write stats: 20.0001
** Write stats: 25.0001
** Write stats: 30.0001
** Write stats: 35.0001
** Write stats: 40.0001
** Write stats: 45.0001
** Write stats: 50.0001
** Write stats: 55.0001
** Write stats: 60.0001
** Write stats: 65.0001
** Write stats: 70.0001
** Write stats: 75.0001
** Write stats: 80.0001
** Write stats: 85.0001
** Write stats: 90.0001
** Write stats: 95.0002
** Write stats: 100
** Write stats: 105
** Write stats: 110
** Write stats: 110.001
>> Fuzz Freezable
** Write stats: 0.002954
** Write stats: 5.00016
** Write stats: 10.0002
** Write stats: 15.0001
** Write stats: 20.0002
** Write stats: 25.0001
** Write stats: 30.0002
** Write stats: 35.0001
** Write stats: 40.0024
** Write stats: 45.0092
** Write stats: 50.0001
** Write stats: 55.0001
** Write stats: 60.0001
** Write stats: 65.0003
** Write stats: 70.0004
** Write stats: 75.0001
** Write stats: 80.0004
** Write stats: 85.0002
** Write stats: 90.0001
** Write stats: 95.0003
** Write stats: 100.007
** Write stats: 105.001
** Write stats: 110
** Write stats: 110.01
>> Fuzz usingOraclize
** Write stats: 0.004431
** Write stats: 5.00013
** Write stats: 10.0147
** Write stats: 15.0001
** Write stats: 20.0002
** Write stats: 25.0002
** Write stats: 30.0002
** Write stats: 35.0001
** Write stats: 40.0093
** Write stats: 45.0001
** Write stats: 50.0001
** Write stats: 55.0001
** Write stats: 60.0002
** Write stats: 65.0004
** Write stats: 70.0001
** Write stats: 75.0331
** Write stats: 80.031
** Write stats: 85.0205
** Write stats: 90.0002
** Write stats: 95.0004
** Write stats: 100
** Write stats: 105
** Write stats: 110
** Write stats: 110.067
>> Fuzz PresaleToken
** Write stats: 0.01806
** Write stats: 5.00138
** Write stats: 10.0011
** Write stats: 15.0009
** Write stats: 20.0013
** Write stats: 25.0012
** Write stats: 30.0011
** Write stats: 35.0012
** Write stats: 40.0007
** Write stats: 45.0002
** Write stats: 50.0032
** Write stats: 55.0007
** Write stats: 60.0013
** Write stats: 65.0005
** Write stats: 70.0005
** Write stats: 75.0006
** Write stats: 80.0011
** Write stats: 85.0006
** Write stats: 90.0258
** Write stats: 95.0006
** Write stats: 100.001
** Write stats: 105
** Write stats: 110.001
** Write stats: 110.012
>> Fuzz TickerController
** Write stats: 0.010643
** Write stats: 5.00097
** Write stats: 10.0014
** Write stats: 15.0017
** Write stats: 20.0009
** Write stats: 25.0011
** Write stats: 30.002
** Write stats: 35.0011
** Write stats: 40.0014
** Write stats: 45.0017
** Write stats: 50.0009
** Write stats: 55.0017
** Write stats: 60.0008
** Write stats: 65.0016
** Write stats: 70.0009
** Write stats: 75.0009
** Write stats: 80.0016
** Write stats: 85.0007
** Write stats: 90.0011
** Write stats: 95.0009
** Write stats: 100.001
** Write stats: 105.001
** Write stats: 110.001
** Write stats: 110.023
