Extract contract ERC20Token from /sb/0x5bb5b32cb114c7f558a3f5b0933dcfa74be9611a.sol
Extract contract KickcityCrowdsale from /sb/0x5bb5b32cb114c7f558a3f5b0933dcfa74be9611a.sol
Extract contract KickcityToken from /sb/0x5bb5b32cb114c7f558a3f5b0933dcfa74be9611a.sol
Extract contract Owned from /sb/0x5bb5b32cb114c7f558a3f5b0933dcfa74be9611a.sol
Extract contract SmartToken from /sb/0x5bb5b32cb114c7f558a3f5b0933dcfa74be9611a.sol
Extract contract SmartTokenController from /sb/0x5bb5b32cb114c7f558a3f5b0933dcfa74be9611a.sol
Extract contract TokenHolder from /sb/0x5bb5b32cb114c7f558a3f5b0933dcfa74be9611a.sol
Extract contract Utils from /sb/0x5bb5b32cb114c7f558a3f5b0933dcfa74be9611a.sol
Extracted 8 contract(s) from /sb/0x5bb5b32cb114c7f558a3f5b0933dcfa74be9611a.sol
[0;32m> Created "fuzzMe"[0m
[0;32m> To fuzz contracts:[0m
  chmod +x fuzzMe
  ./fuzzMe
contracts/TokenHolder.sol:7:5: Warning: Defining constructors as functions with the same name as the contract is deprecated. Use "constructor(...) { ... }" instead.
    function Utils() {
    ^ (Relevant source part starts here and spans across multiple lines).
contracts/TokenHolder.sol:105:5: Warning: Defining constructors as functions with the same name as the contract is deprecated. Use "constructor(...) { ... }" instead.
    function ERC20Token(string _name, string _symbol, uint8 _decimals) {
    ^ (Relevant source part starts here and spans across multiple lines).
contracts/TokenHolder.sol:200:5: Warning: Defining constructors as functions with the same name as the contract is deprecated. Use "constructor(...) { ... }" instead.
    function Owned() {
    ^ (Relevant source part starts here and spans across multiple lines).
contracts/TokenHolder.sol:241:5: Warning: Defining constructors as functions with the same name as the contract is deprecated. Use "constructor(...) { ... }" instead.
    function TokenHolder() {
    ^ (Relevant source part starts here and spans across multiple lines).
contracts/TokenHolder.sol:269:5: Warning: Defining constructors as functions with the same name as the contract is deprecated. Use "constructor(...) { ... }" instead.
    function SmartTokenController(ISmartToken _token)
    ^ (Relevant source part starts here and spans across multiple lines).
contracts/TokenHolder.sol:354:5: Warning: Defining constructors as functions with the same name as the contract is deprecated. Use "constructor(...) { ... }" instead.
    function SmartToken(string _name, string _symbol, uint8 _decimals)
    ^ (Relevant source part starts here and spans across multiple lines).
contracts/TokenHolder.sol:483:3: Warning: Defining constructors as functions with the same name as the contract is deprecated. Use "constructor(...) { ... }" instead.
  function KickcityAbstractCrowdsale(uint256 start, uint256 end, KickcityToken _token, address beneficiary) SmartTokenController(_token) {
  ^ (Relevant source part starts here and spans across multiple lines).
contracts/TokenHolder.sol:533:3: Warning: Defining constructors as functions with the same name as the contract is deprecated. Use "constructor(...) { ... }" instead.
  function KickcityCrowdsale(uint256  ... tart, end, _token, beneficiary) { }
  ^-------------------------------------------------------------------------^
contracts/TokenHolder.sol:554:5: Warning: Defining constructors as functions with the same name as the contract is deprecated. Use "constructor(...) { ... }" instead.
    function KickcityToken() SmartToken("KickCity Token", "KCY", 18) { 
    ^ (Relevant source part starts here and spans across multiple lines).
contracts/TokenHolder.sol:74:46: Warning: This declaration shadows an existing declaration.
    function name() public constant returns (string name) { name; }
                                             ^---------^
contracts/TokenHolder.sol:74:5: The shadowed declaration is here:
    function name() public constant returns (string name) { name; }
    ^-------------------------------------------------------------^

contracts/TokenHolder.sol:75:48: Warning: This declaration shadows an existing declaration.
    function symbol() public constant returns (string symbol) { symbol; }
                                               ^-----------^
contracts/TokenHolder.sol:75:5: The shadowed declaration is here:
    function symbol() public constant returns (string symbol) { symbol; }
    ^-------------------------------------------------------------------^

contracts/TokenHolder.sol:76:50: Warning: This declaration shadows an existing declaration.
    function decimals() public constant returns (uint8 decimals) { decimals; }
                                                 ^------------^
contracts/TokenHolder.sol:76:5: The shadowed declaration is here:
    function decimals() public constant returns (uint8 decimals) { decimals; }
    ^------------------------------------------------------------------------^

contracts/TokenHolder.sol:77:53: Warning: This declaration shadows an existing declaration.
    function totalSupply() public constant returns (uint256 totalSupply) { totalSupply; }
                                                    ^-----------------^
contracts/TokenHolder.sol:77:5: The shadowed declaration is here:
    function totalSupply() public constant returns (uint256 totalSupply) { totalSupply; }
    ^-----------------------------------------------------------------------------------^

contracts/TokenHolder.sol:185:47: Warning: This declaration shadows an existing declaration.
    function owner() public constant returns (address owner) { owner; }
                                              ^-----------^
contracts/TokenHolder.sol:185:5: The shadowed declaration is here:
    function owner() public constant returns (address owner) { owner; }
    ^-----------------------------------------------------------------^

contracts/TokenHolder.sol:129:9: Warning: Invoking events without "emit" prefix is deprecated.
        Transfer(msg.sender, _to, _value);
        ^-------------------------------^
contracts/TokenHolder.sol:152:9: Warning: Invoking events without "emit" prefix is deprecated.
        Transfer(_from, _to, _value);
        ^--------------------------^
contracts/TokenHolder.sol:178:9: Warning: Invoking events without "emit" prefix is deprecated.
        Approval(msg.sender, _spender, _value);
        ^------------------------------------^
contracts/TokenHolder.sol:227:9: Warning: Invoking events without "emit" prefix is deprecated.
        OwnerUpdate(owner, newOwner);
        ^--------------------------^
contracts/TokenHolder.sol:357:9: Warning: Invoking events without "emit" prefix is deprecated.
        NewSmartToken(address(this));
        ^--------------------------^
contracts/TokenHolder.sol:392:9: Warning: Invoking events without "emit" prefix is deprecated.
        Issuance(_amount);
        ^---------------^
contracts/TokenHolder.sol:393:9: Warning: Invoking events without "emit" prefix is deprecated.
        Transfer(this, _to, _amount);
        ^--------------------------^
contracts/TokenHolder.sol:409:9: Warning: Invoking events without "emit" prefix is deprecated.
        Transfer(_from, this, _amount);
        ^----------------------------^
contracts/TokenHolder.sol:410:9: Warning: Invoking events without "emit" prefix is deprecated.
        Destruction(_amount);
        ^------------------^
contracts/TokenHolder.sol:516:7: Warning: Invoking events without "emit" prefix is deprecated.
      Contribution(msg.sender, contribution, kicks);
      ^-------------------------------------------^
contracts/TokenHolder.sol:7:5: Warning: No visibility specified. Defaulting to "public". 
    function Utils() {
    ^ (Relevant source part starts here and spans across multiple lines).
contracts/TokenHolder.sol:105:5: Warning: No visibility specified. Defaulting to "public". 
    function ERC20Token(string _name, string _symbol, uint8 _decimals) {
    ^ (Relevant source part starts here and spans across multiple lines).
contracts/TokenHolder.sol:200:5: Warning: No visibility specified. Defaulting to "public". 
    function Owned() {
    ^ (Relevant source part starts here and spans across multiple lines).
contracts/TokenHolder.sol:241:5: Warning: No visibility specified. Defaulting to "public". 
    function TokenHolder() {
    ^ (Relevant source part starts here and spans across multiple lines).
contracts/TokenHolder.sol:269:5: Warning: No visibility specified. Defaulting to "public". 
    function SmartTokenController(ISmartToken _token)
    ^ (Relevant source part starts here and spans across multiple lines).
contracts/TokenHolder.sol:354:5: Warning: No visibility specified. Defaulting to "public". 
    function SmartToken(string _name, string _symbol, uint8 _decimals)
    ^ (Relevant source part starts here and spans across multiple lines).
contracts/TokenHolder.sol:453:3: Warning: No visibility specified. Defaulting to "public". 
  function setUsdEthRate(uint256 newrate) ownerOnly {
  ^ (Relevant source part starts here and spans across multiple lines).
contracts/TokenHolder.sol:462:3: Warning: No visibility specified. Defaulting to "public". 
  function setHardCap(uint256 newCap) ownerOnly {
  ^ (Relevant source part starts here and spans across multiple lines).
contracts/TokenHolder.sol:483:3: Warning: No visibility specified. Defaulting to "public". 
  function KickcityAbstractCrowdsale(uint256 start, uint256 end, KickcityToken _token, address beneficiary) SmartTokenController(_token) {
  ^ (Relevant source part starts here and spans across multiple lines).
contracts/TokenHolder.sol:525:3: Warning: No visibility specified. Defaulting to "public". 
  function () payable {
  ^ (Relevant source part starts here and spans across multiple lines).
contracts/TokenHolder.sol:533:3: Warning: No visibility specified. Defaulting to "public". 
  function KickcityCrowdsale(uint256  ... tart, end, _token, beneficiary) { }
  ^-------------------------------------------------------------------------^
contracts/TokenHolder.sol:554:5: Warning: No visibility specified. Defaulting to "public". 
    function KickcityToken() SmartToken("KickCity Token", "KCY", 18) { 
    ^ (Relevant source part starts here and spans across multiple lines).
contracts/TokenHolder.sol:38:5: Warning: Function state mutability can be restricted to pure
    function safeAdd(uint256 _x, uint256 _y) internal returns (uint256) {
    ^ (Relevant source part starts here and spans across multiple lines).
contracts/TokenHolder.sol:52:5: Warning: Function state mutability can be restricted to pure
    function safeSub(uint256 _x, uint256 _y) internal returns (uint256) {
    ^ (Relevant source part starts here and spans across multiple lines).
contracts/TokenHolder.sol:65:5: Warning: Function state mutability can be restricted to pure
    function safeMul(uint256 _x, uint256 _y) internal returns (uint256) {
    ^ (Relevant source part starts here and spans across multiple lines).
contracts/TokenHolder.sol:74:5: Warning: Function state mutability can be restricted to pure
    function name() public constant returns (string name) { name; }
    ^-------------------------------------------------------------^
contracts/TokenHolder.sol:75:5: Warning: Function state mutability can be restricted to pure
    function symbol() public constant returns (string symbol) { symbol; }
    ^-------------------------------------------------------------------^
contracts/TokenHolder.sol:76:5: Warning: Function state mutability can be restricted to pure
    function decimals() public constant returns (uint8 decimals) { decimals; }
    ^------------------------------------------------------------------------^
contracts/TokenHolder.sol:77:5: Warning: Function state mutability can be restricted to pure
    function totalSupply() public constant returns (uint256 totalSupply) { totalSupply; }
    ^-----------------------------------------------------------------------------------^
contracts/TokenHolder.sol:78:5: Warning: Function state mutability can be restricted to pure
    function balanceOf(address _owner) public constant returns (uint256 balance) { _owner; balance; }
    ^-----------------------------------------------------------------------------------------------^
contracts/TokenHolder.sol:79:5: Warning: Function state mutability can be restricted to pure
    function allowance(address _owner, address _spender) public constant returns (uint256 remaining) { _owner; _spender; remaining; }
    ^-------------------------------------------------------------------------------------------------------------------------------^
contracts/TokenHolder.sol:185:5: Warning: Function state mutability can be restricted to pure
    function owner() public constant returns (address owner) { owner; }
    ^-----------------------------------------------------------------^
contracts/TokenHolder.sol:459:12: Warning: Function declared as view, but this expression (potentially) modifies the state and thus requires non-payable (the default) or payable.
    return safeMul(etherCollected, USD_IN_ETH) / 1 ether;
           ^---------------------------------^
contracts/TokenHolder.sol:537:21: Warning: Function declared as view, but this expression (potentially) modifies the state and thus requires non-payable (the default) or payable.
    uint256 value = safeMul(etherVal, oneEtherInKicks);
                    ^--------------------------------^
contracts/TokenHolder.sol:540:33: Warning: Function declared as view, but this expression (potentially) modifies the state and thus requires non-payable (the default) or payable.
      kicksVal = safeAdd(value, safeMul(value / 100, 15)); 
                                ^----------------------^
contracts/TokenHolder.sol:540:18: Warning: Function declared as view, but this expression (potentially) modifies the state and thus requires non-payable (the default) or payable.
      kicksVal = safeAdd(value, safeMul(value / 100, 15)); 
                 ^--------------------------------------^
contracts/TokenHolder.sol:543:18: Warning: Function declared as view, but this expression (potentially) modifies the state and thus requires non-payable (the default) or payable.
      kicksVal = safeAdd(value, value / 10); 
                 ^------------------------^
contracts/TokenHolder.sol:546:18: Warning: Function declared as view, but this expression (potentially) modifies the state and thus requires non-payable (the default) or payable.
      kicksVal = safeAdd(value, value / 20);
                 ^------------------------^
contracts/KickcityToken.sol:7:5: Warning: Defining constructors as functions with the same name as the contract is deprecated. Use "constructor(...) { ... }" instead.
    function Utils() {
    ^ (Relevant source part starts here and spans across multiple lines).
contracts/KickcityToken.sol:105:5: Warning: Defining constructors as functions with the same name as the contract is deprecated. Use "constructor(...) { ... }" instead.
    function ERC20Token(string _name, string _symbol, uint8 _decimals) {
    ^ (Relevant source part starts here and spans across multiple lines).
contracts/KickcityToken.sol:200:5: Warning: Defining constructors as functions with the same name as the contract is deprecated. Use "constructor(...) { ... }" instead.
    function Owned() {
    ^ (Relevant source part starts here and spans across multiple lines).
contracts/KickcityToken.sol:241:5: Warning: Defining constructors as functions with the same name as the contract is deprecated. Use "constructor(...) { ... }" instead.
    function TokenHolder() {
    ^ (Relevant source part starts here and spans across multiple lines).
contracts/KickcityToken.sol:269:5: Warning: Defining constructors as functions with the same name as the contract is deprecated. Use "constructor(...) { ... }" instead.
    function SmartTokenController(ISmartToken _token)
    ^ (Relevant source part starts here and spans across multiple lines).
contracts/KickcityToken.sol:354:5: Warning: Defining constructors as functions with the same name as the contract is deprecated. Use "constructor(...) { ... }" instead.
    function SmartToken(string _name, string _symbol, uint8 _decimals)
    ^ (Relevant source part starts here and spans across multiple lines).
contracts/KickcityToken.sol:483:3: Warning: Defining constructors as functions with the same name as the contract is deprecated. Use "constructor(...) { ... }" instead.
  function KickcityAbstractCrowdsale(uint256 start, uint256 end, KickcityToken _token, address beneficiary) SmartTokenController(_token) {
  ^ (Relevant source part starts here and spans across multiple lines).
contracts/KickcityToken.sol:533:3: Warning: Defining constructors as functions with the same name as the contract is deprecated. Use "constructor(...) { ... }" instead.
  function KickcityCrowdsale(uint256  ... tart, end, _token, beneficiary) { }
  ^-------------------------------------------------------------------------^
contracts/KickcityToken.sol:554:5: Warning: Defining constructors as functions with the same name as the contract is deprecated. Use "constructor(...) { ... }" instead.
    function KickcityToken() SmartToken("KickCity Token", "KCY", 18) { 
    ^ (Relevant source part starts here and spans across multiple lines).
contracts/KickcityToken.sol:74:46: Warning: This declaration shadows an existing declaration.
    function name() public constant returns (string name) { name; }
                                             ^---------^
contracts/KickcityToken.sol:74:5: The shadowed declaration is here:
    function name() public constant returns (string name) { name; }
    ^-------------------------------------------------------------^

contracts/KickcityToken.sol:75:48: Warning: This declaration shadows an existing declaration.
    function symbol() public constant returns (string symbol) { symbol; }
                                               ^-----------^
contracts/KickcityToken.sol:75:5: The shadowed declaration is here:
    function symbol() public constant returns (string symbol) { symbol; }
    ^-------------------------------------------------------------------^

contracts/KickcityToken.sol:76:50: Warning: This declaration shadows an existing declaration.
    function decimals() public constant returns (uint8 decimals) { decimals; }
                                                 ^------------^
contracts/KickcityToken.sol:76:5: The shadowed declaration is here:
    function decimals() public constant returns (uint8 decimals) { decimals; }
    ^------------------------------------------------------------------------^

contracts/KickcityToken.sol:77:53: Warning: This declaration shadows an existing declaration.
    function totalSupply() public constant returns (uint256 totalSupply) { totalSupply; }
                                                    ^-----------------^
contracts/KickcityToken.sol:77:5: The shadowed declaration is here:
    function totalSupply() public constant returns (uint256 totalSupply) { totalSupply; }
    ^-----------------------------------------------------------------------------------^

contracts/KickcityToken.sol:185:47: Warning: This declaration shadows an existing declaration.
    function owner() public constant returns (address owner) { owner; }
                                              ^-----------^
contracts/KickcityToken.sol:185:5: The shadowed declaration is here:
    function owner() public constant returns (address owner) { owner; }
    ^-----------------------------------------------------------------^

contracts/KickcityToken.sol:129:9: Warning: Invoking events without "emit" prefix is deprecated.
        Transfer(msg.sender, _to, _value);
        ^-------------------------------^
contracts/KickcityToken.sol:152:9: Warning: Invoking events without "emit" prefix is deprecated.
        Transfer(_from, _to, _value);
        ^--------------------------^
contracts/KickcityToken.sol:178:9: Warning: Invoking events without "emit" prefix is deprecated.
        Approval(msg.sender, _spender, _value);
        ^------------------------------------^
contracts/KickcityToken.sol:227:9: Warning: Invoking events without "emit" prefix is deprecated.
        OwnerUpdate(owner, newOwner);
        ^--------------------------^
contracts/KickcityToken.sol:357:9: Warning: Invoking events without "emit" prefix is deprecated.
        NewSmartToken(address(this));
        ^--------------------------^
contracts/KickcityToken.sol:392:9: Warning: Invoking events without "emit" prefix is deprecated.
        Issuance(_amount);
        ^---------------^
contracts/KickcityToken.sol:393:9: Warning: Invoking events without "emit" prefix is deprecated.
        Transfer(this, _to, _amount);
        ^--------------------------^
contracts/KickcityToken.sol:409:9: Warning: Invoking events without "emit" prefix is deprecated.
        Transfer(_from, this, _amount);
        ^----------------------------^
contracts/KickcityToken.sol:410:9: Warning: Invoking events without "emit" prefix is deprecated.
        Destruction(_amount);
        ^------------------^
contracts/KickcityToken.sol:516:7: Warning: Invoking events without "emit" prefix is deprecated.
      Contribution(msg.sender, contribution, kicks);
      ^-------------------------------------------^
contracts/KickcityToken.sol:7:5: Warning: No visibility specified. Defaulting to "public". 
    function Utils() {
    ^ (Relevant source part starts here and spans across multiple lines).
contracts/KickcityToken.sol:105:5: Warning: No visibility specified. Defaulting to "public". 
    function ERC20Token(string _name, string _symbol, uint8 _decimals) {
    ^ (Relevant source part starts here and spans across multiple lines).
contracts/KickcityToken.sol:200:5: Warning: No visibility specified. Defaulting to "public". 
    function Owned() {
    ^ (Relevant source part starts here and spans across multiple lines).
contracts/KickcityToken.sol:241:5: Warning: No visibility specified. Defaulting to "public". 
    function TokenHolder() {
    ^ (Relevant source part starts here and spans across multiple lines).
contracts/KickcityToken.sol:269:5: Warning: No visibility specified. Defaulting to "public". 
    function SmartTokenController(ISmartToken _token)
    ^ (Relevant source part starts here and spans across multiple lines).
contracts/KickcityToken.sol:354:5: Warning: No visibility specified. Defaulting to "public". 
    function SmartToken(string _name, string _symbol, uint8 _decimals)
    ^ (Relevant source part starts here and spans across multiple lines).
contracts/KickcityToken.sol:453:3: Warning: No visibility specified. Defaulting to "public". 
  function setUsdEthRate(uint256 newrate) ownerOnly {
  ^ (Relevant source part starts here and spans across multiple lines).
contracts/KickcityToken.sol:462:3: Warning: No visibility specified. Defaulting to "public". 
  function setHardCap(uint256 newCap) ownerOnly {
  ^ (Relevant source part starts here and spans across multiple lines).
contracts/KickcityToken.sol:483:3: Warning: No visibility specified. Defaulting to "public". 
  function KickcityAbstractCrowdsale(uint256 start, uint256 end, KickcityToken _token, address beneficiary) SmartTokenController(_token) {
  ^ (Relevant source part starts here and spans across multiple lines).
contracts/KickcityToken.sol:525:3: Warning: No visibility specified. Defaulting to "public". 
  function () payable {
  ^ (Relevant source part starts here and spans across multiple lines).
contracts/KickcityToken.sol:533:3: Warning: No visibility specified. Defaulting to "public". 
  function KickcityCrowdsale(uint256  ... tart, end, _token, beneficiary) { }
  ^-------------------------------------------------------------------------^
contracts/KickcityToken.sol:554:5: Warning: No visibility specified. Defaulting to "public". 
    function KickcityToken() SmartToken("KickCity Token", "KCY", 18) { 
    ^ (Relevant source part starts here and spans across multiple lines).
contracts/KickcityToken.sol:38:5: Warning: Function state mutability can be restricted to pure
    function safeAdd(uint256 _x, uint256 _y) internal returns (uint256) {
    ^ (Relevant source part starts here and spans across multiple lines).
contracts/KickcityToken.sol:52:5: Warning: Function state mutability can be restricted to pure
    function safeSub(uint256 _x, uint256 _y) internal returns (uint256) {
    ^ (Relevant source part starts here and spans across multiple lines).
contracts/KickcityToken.sol:65:5: Warning: Function state mutability can be restricted to pure
    function safeMul(uint256 _x, uint256 _y) internal returns (uint256) {
    ^ (Relevant source part starts here and spans across multiple lines).
contracts/KickcityToken.sol:74:5: Warning: Function state mutability can be restricted to pure
    function name() public constant returns (string name) { name; }
    ^-------------------------------------------------------------^
contracts/KickcityToken.sol:75:5: Warning: Function state mutability can be restricted to pure
    function symbol() public constant returns (string symbol) { symbol; }
    ^-------------------------------------------------------------------^
contracts/KickcityToken.sol:76:5: Warning: Function state mutability can be restricted to pure
    function decimals() public constant returns (uint8 decimals) { decimals; }
    ^------------------------------------------------------------------------^
contracts/KickcityToken.sol:77:5: Warning: Function state mutability can be restricted to pure
    function totalSupply() public constant returns (uint256 totalSupply) { totalSupply; }
    ^-----------------------------------------------------------------------------------^
contracts/KickcityToken.sol:78:5: Warning: Function state mutability can be restricted to pure
    function balanceOf(address _owner) public constant returns (uint256 balance) { _owner; balance; }
    ^-----------------------------------------------------------------------------------------------^
contracts/KickcityToken.sol:79:5: Warning: Function state mutability can be restricted to pure
    function allowance(address _owner, address _spender) public constant returns (uint256 remaining) { _owner; _spender; remaining; }
    ^-------------------------------------------------------------------------------------------------------------------------------^
contracts/KickcityToken.sol:185:5: Warning: Function state mutability can be restricted to pure
    function owner() public constant returns (address owner) { owner; }
    ^-----------------------------------------------------------------^
contracts/KickcityToken.sol:459:12: Warning: Function declared as view, but this expression (potentially) modifies the state and thus requires non-payable (the default) or payable.
    return safeMul(etherCollected, USD_IN_ETH) / 1 ether;
           ^---------------------------------^
contracts/KickcityToken.sol:537:21: Warning: Function declared as view, but this expression (potentially) modifies the state and thus requires non-payable (the default) or payable.
    uint256 value = safeMul(etherVal, oneEtherInKicks);
                    ^--------------------------------^
contracts/KickcityToken.sol:540:33: Warning: Function declared as view, but this expression (potentially) modifies the state and thus requires non-payable (the default) or payable.
      kicksVal = safeAdd(value, safeMul(value / 100, 15)); 
                                ^----------------------^
contracts/KickcityToken.sol:540:18: Warning: Function declared as view, but this expression (potentially) modifies the state and thus requires non-payable (the default) or payable.
      kicksVal = safeAdd(value, safeMul(value / 100, 15)); 
                 ^--------------------------------------^
contracts/KickcityToken.sol:543:18: Warning: Function declared as view, but this expression (potentially) modifies the state and thus requires non-payable (the default) or payable.
      kicksVal = safeAdd(value, value / 10); 
                 ^------------------------^
contracts/KickcityToken.sol:546:18: Warning: Function declared as view, but this expression (potentially) modifies the state and thus requires non-payable (the default) or payable.
      kicksVal = safeAdd(value, value / 20);
                 ^------------------------^
contracts/KickcityCrowdsale.sol:7:5: Warning: Defining constructors as functions with the same name as the contract is deprecated. Use "constructor(...) { ... }" instead.
    function Utils() {
    ^ (Relevant source part starts here and spans across multiple lines).
contracts/KickcityCrowdsale.sol:105:5: Warning: Defining constructors as functions with the same name as the contract is deprecated. Use "constructor(...) { ... }" instead.
    function ERC20Token(string _name, string _symbol, uint8 _decimals) {
    ^ (Relevant source part starts here and spans across multiple lines).
contracts/KickcityCrowdsale.sol:200:5: Warning: Defining constructors as functions with the same name as the contract is deprecated. Use "constructor(...) { ... }" instead.
    function Owned() {
    ^ (Relevant source part starts here and spans across multiple lines).
contracts/KickcityCrowdsale.sol:241:5: Warning: Defining constructors as functions with the same name as the contract is deprecated. Use "constructor(...) { ... }" instead.
    function TokenHolder() {
    ^ (Relevant source part starts here and spans across multiple lines).
contracts/KickcityCrowdsale.sol:269:5: Warning: Defining constructors as functions with the same name as the contract is deprecated. Use "constructor(...) { ... }" instead.
    function SmartTokenController(ISmartToken _token)
    ^ (Relevant source part starts here and spans across multiple lines).
contracts/KickcityCrowdsale.sol:354:5: Warning: Defining constructors as functions with the same name as the contract is deprecated. Use "constructor(...) { ... }" instead.
    function SmartToken(string _name, string _symbol, uint8 _decimals)
    ^ (Relevant source part starts here and spans across multiple lines).
contracts/KickcityCrowdsale.sol:483:3: Warning: Defining constructors as functions with the same name as the contract is deprecated. Use "constructor(...) { ... }" instead.
  function KickcityAbstractCrowdsale(uint256 start, uint256 end, KickcityToken _token, address beneficiary) SmartTokenController(_token) {
  ^ (Relevant source part starts here and spans across multiple lines).
contracts/KickcityCrowdsale.sol:533:3: Warning: Defining constructors as functions with the same name as the contract is deprecated. Use "constructor(...) { ... }" instead.
  function KickcityCrowdsale(uint256  ... tart, end, _token, beneficiary) { }
  ^-------------------------------------------------------------------------^
contracts/KickcityCrowdsale.sol:554:5: Warning: Defining constructors as functions with the same name as the contract is deprecated. Use "constructor(...) { ... }" instead.
    function KickcityToken() SmartToken("KickCity Token", "KCY", 18) { 
    ^ (Relevant source part starts here and spans across multiple lines).
contracts/KickcityCrowdsale.sol:74:46: Warning: This declaration shadows an existing declaration.
    function name() public constant returns (string name) { name; }
                                             ^---------^
contracts/KickcityCrowdsale.sol:74:5: The shadowed declaration is here:
    function name() public constant returns (string name) { name; }
    ^-------------------------------------------------------------^

contracts/KickcityCrowdsale.sol:75:48: Warning: This declaration shadows an existing declaration.
    function symbol() public constant returns (string symbol) { symbol; }
                                               ^-----------^
contracts/KickcityCrowdsale.sol:75:5: The shadowed declaration is here:
    function symbol() public constant returns (string symbol) { symbol; }
    ^-------------------------------------------------------------------^

contracts/KickcityCrowdsale.sol:76:50: Warning: This declaration shadows an existing declaration.
    function decimals() public constant returns (uint8 decimals) { decimals; }
                                                 ^------------^
contracts/KickcityCrowdsale.sol:76:5: The shadowed declaration is here:
    function decimals() public constant returns (uint8 decimals) { decimals; }
    ^------------------------------------------------------------------------^

contracts/KickcityCrowdsale.sol:77:53: Warning: This declaration shadows an existing declaration.
    function totalSupply() public constant returns (uint256 totalSupply) { totalSupply; }
                                                    ^-----------------^
contracts/KickcityCrowdsale.sol:77:5: The shadowed declaration is here:
    function totalSupply() public constant returns (uint256 totalSupply) { totalSupply; }
    ^-----------------------------------------------------------------------------------^

contracts/KickcityCrowdsale.sol:185:47: Warning: This declaration shadows an existing declaration.
    function owner() public constant returns (address owner) { owner; }
                                              ^-----------^
contracts/KickcityCrowdsale.sol:185:5: The shadowed declaration is here:
    function owner() public constant returns (address owner) { owner; }
    ^-----------------------------------------------------------------^

contracts/KickcityCrowdsale.sol:129:9: Warning: Invoking events without "emit" prefix is deprecated.
        Transfer(msg.sender, _to, _value);
        ^-------------------------------^
contracts/KickcityCrowdsale.sol:152:9: Warning: Invoking events without "emit" prefix is deprecated.
        Transfer(_from, _to, _value);
        ^--------------------------^
contracts/KickcityCrowdsale.sol:178:9: Warning: Invoking events without "emit" prefix is deprecated.
        Approval(msg.sender, _spender, _value);
        ^------------------------------------^
contracts/KickcityCrowdsale.sol:227:9: Warning: Invoking events without "emit" prefix is deprecated.
        OwnerUpdate(owner, newOwner);
        ^--------------------------^
contracts/KickcityCrowdsale.sol:357:9: Warning: Invoking events without "emit" prefix is deprecated.
        NewSmartToken(address(this));
        ^--------------------------^
contracts/KickcityCrowdsale.sol:392:9: Warning: Invoking events without "emit" prefix is deprecated.
        Issuance(_amount);
        ^---------------^
contracts/KickcityCrowdsale.sol:393:9: Warning: Invoking events without "emit" prefix is deprecated.
        Transfer(this, _to, _amount);
        ^--------------------------^
contracts/KickcityCrowdsale.sol:409:9: Warning: Invoking events without "emit" prefix is deprecated.
        Transfer(_from, this, _amount);
        ^----------------------------^
contracts/KickcityCrowdsale.sol:410:9: Warning: Invoking events without "emit" prefix is deprecated.
        Destruction(_amount);
        ^------------------^
contracts/KickcityCrowdsale.sol:516:7: Warning: Invoking events without "emit" prefix is deprecated.
      Contribution(msg.sender, contribution, kicks);
      ^-------------------------------------------^
contracts/KickcityCrowdsale.sol:7:5: Warning: No visibility specified. Defaulting to "public". 
    function Utils() {
    ^ (Relevant source part starts here and spans across multiple lines).
contracts/KickcityCrowdsale.sol:105:5: Warning: No visibility specified. Defaulting to "public". 
    function ERC20Token(string _name, string _symbol, uint8 _decimals) {
    ^ (Relevant source part starts here and spans across multiple lines).
contracts/KickcityCrowdsale.sol:200:5: Warning: No visibility specified. Defaulting to "public". 
    function Owned() {
    ^ (Relevant source part starts here and spans across multiple lines).
contracts/KickcityCrowdsale.sol:241:5: Warning: No visibility specified. Defaulting to "public". 
    function TokenHolder() {
    ^ (Relevant source part starts here and spans across multiple lines).
contracts/KickcityCrowdsale.sol:269:5: Warning: No visibility specified. Defaulting to "public". 
    function SmartTokenController(ISmartToken _token)
    ^ (Relevant source part starts here and spans across multiple lines).
contracts/KickcityCrowdsale.sol:354:5: Warning: No visibility specified. Defaulting to "public". 
    function SmartToken(string _name, string _symbol, uint8 _decimals)
    ^ (Relevant source part starts here and spans across multiple lines).
contracts/KickcityCrowdsale.sol:453:3: Warning: No visibility specified. Defaulting to "public". 
  function setUsdEthRate(uint256 newrate) ownerOnly {
  ^ (Relevant source part starts here and spans across multiple lines).
contracts/KickcityCrowdsale.sol:462:3: Warning: No visibility specified. Defaulting to "public". 
  function setHardCap(uint256 newCap) ownerOnly {
  ^ (Relevant source part starts here and spans across multiple lines).
contracts/KickcityCrowdsale.sol:483:3: Warning: No visibility specified. Defaulting to "public". 
  function KickcityAbstractCrowdsale(uint256 start, uint256 end, KickcityToken _token, address beneficiary) SmartTokenController(_token) {
  ^ (Relevant source part starts here and spans across multiple lines).
contracts/KickcityCrowdsale.sol:525:3: Warning: No visibility specified. Defaulting to "public". 
  function () payable {
  ^ (Relevant source part starts here and spans across multiple lines).
contracts/KickcityCrowdsale.sol:533:3: Warning: No visibility specified. Defaulting to "public". 
  function KickcityCrowdsale(uint256  ... tart, end, _token, beneficiary) { }
  ^-------------------------------------------------------------------------^
contracts/KickcityCrowdsale.sol:554:5: Warning: No visibility specified. Defaulting to "public". 
    function KickcityToken() SmartToken("KickCity Token", "KCY", 18) { 
    ^ (Relevant source part starts here and spans across multiple lines).
contracts/KickcityCrowdsale.sol:38:5: Warning: Function state mutability can be restricted to pure
    function safeAdd(uint256 _x, uint256 _y) internal returns (uint256) {
    ^ (Relevant source part starts here and spans across multiple lines).
contracts/KickcityCrowdsale.sol:52:5: Warning: Function state mutability can be restricted to pure
    function safeSub(uint256 _x, uint256 _y) internal returns (uint256) {
    ^ (Relevant source part starts here and spans across multiple lines).
contracts/KickcityCrowdsale.sol:65:5: Warning: Function state mutability can be restricted to pure
    function safeMul(uint256 _x, uint256 _y) internal returns (uint256) {
    ^ (Relevant source part starts here and spans across multiple lines).
contracts/KickcityCrowdsale.sol:74:5: Warning: Function state mutability can be restricted to pure
    function name() public constant returns (string name) { name; }
    ^-------------------------------------------------------------^
contracts/KickcityCrowdsale.sol:75:5: Warning: Function state mutability can be restricted to pure
    function symbol() public constant returns (string symbol) { symbol; }
    ^-------------------------------------------------------------------^
contracts/KickcityCrowdsale.sol:76:5: Warning: Function state mutability can be restricted to pure
    function decimals() public constant returns (uint8 decimals) { decimals; }
    ^------------------------------------------------------------------------^
contracts/KickcityCrowdsale.sol:77:5: Warning: Function state mutability can be restricted to pure
    function totalSupply() public constant returns (uint256 totalSupply) { totalSupply; }
    ^-----------------------------------------------------------------------------------^
contracts/KickcityCrowdsale.sol:78:5: Warning: Function state mutability can be restricted to pure
    function balanceOf(address _owner) public constant returns (uint256 balance) { _owner; balance; }
    ^-----------------------------------------------------------------------------------------------^
contracts/KickcityCrowdsale.sol:79:5: Warning: Function state mutability can be restricted to pure
    function allowance(address _owner, address _spender) public constant returns (uint256 remaining) { _owner; _spender; remaining; }
    ^-------------------------------------------------------------------------------------------------------------------------------^
contracts/KickcityCrowdsale.sol:185:5: Warning: Function state mutability can be restricted to pure
    function owner() public constant returns (address owner) { owner; }
    ^-----------------------------------------------------------------^
contracts/KickcityCrowdsale.sol:459:12: Warning: Function declared as view, but this expression (potentially) modifies the state and thus requires non-payable (the default) or payable.
    return safeMul(etherCollected, USD_IN_ETH) / 1 ether;
           ^---------------------------------^
contracts/KickcityCrowdsale.sol:537:21: Warning: Function declared as view, but this expression (potentially) modifies the state and thus requires non-payable (the default) or payable.
    uint256 value = safeMul(etherVal, oneEtherInKicks);
                    ^--------------------------------^
contracts/KickcityCrowdsale.sol:540:33: Warning: Function declared as view, but this expression (potentially) modifies the state and thus requires non-payable (the default) or payable.
      kicksVal = safeAdd(value, safeMul(value / 100, 15)); 
                                ^----------------------^
contracts/KickcityCrowdsale.sol:540:18: Warning: Function declared as view, but this expression (potentially) modifies the state and thus requires non-payable (the default) or payable.
      kicksVal = safeAdd(value, safeMul(value / 100, 15)); 
                 ^--------------------------------------^
contracts/KickcityCrowdsale.sol:543:18: Warning: Function declared as view, but this expression (potentially) modifies the state and thus requires non-payable (the default) or payable.
      kicksVal = safeAdd(value, value / 10); 
                 ^------------------------^
contracts/KickcityCrowdsale.sol:546:18: Warning: Function declared as view, but this expression (potentially) modifies the state and thus requires non-payable (the default) or payable.
      kicksVal = safeAdd(value, value / 20);
                 ^------------------------^
contracts/SmartTokenController.sol:7:5: Warning: Defining constructors as functions with the same name as the contract is deprecated. Use "constructor(...) { ... }" instead.
    function Utils() {
    ^ (Relevant source part starts here and spans across multiple lines).
contracts/SmartTokenController.sol:105:5: Warning: Defining constructors as functions with the same name as the contract is deprecated. Use "constructor(...) { ... }" instead.
    function ERC20Token(string _name, string _symbol, uint8 _decimals) {
    ^ (Relevant source part starts here and spans across multiple lines).
contracts/SmartTokenController.sol:200:5: Warning: Defining constructors as functions with the same name as the contract is deprecated. Use "constructor(...) { ... }" instead.
    function Owned() {
    ^ (Relevant source part starts here and spans across multiple lines).
contracts/SmartTokenController.sol:241:5: Warning: Defining constructors as functions with the same name as the contract is deprecated. Use "constructor(...) { ... }" instead.
    function TokenHolder() {
    ^ (Relevant source part starts here and spans across multiple lines).
contracts/SmartTokenController.sol:269:5: Warning: Defining constructors as functions with the same name as the contract is deprecated. Use "constructor(...) { ... }" instead.
    function SmartTokenController(ISmartToken _token)
    ^ (Relevant source part starts here and spans across multiple lines).
contracts/SmartTokenController.sol:354:5: Warning: Defining constructors as functions with the same name as the contract is deprecated. Use "constructor(...) { ... }" instead.
    function SmartToken(string _name, string _symbol, uint8 _decimals)
    ^ (Relevant source part starts here and spans across multiple lines).
contracts/SmartTokenController.sol:483:3: Warning: Defining constructors as functions with the same name as the contract is deprecated. Use "constructor(...) { ... }" instead.
  function KickcityAbstractCrowdsale(uint256 start, uint256 end, KickcityToken _token, address beneficiary) SmartTokenController(_token) {
  ^ (Relevant source part starts here and spans across multiple lines).
contracts/SmartTokenController.sol:533:3: Warning: Defining constructors as functions with the same name as the contract is deprecated. Use "constructor(...) { ... }" instead.
  function KickcityCrowdsale(uint256  ... tart, end, _token, beneficiary) { }
  ^-------------------------------------------------------------------------^
contracts/SmartTokenController.sol:554:5: Warning: Defining constructors as functions with the same name as the contract is deprecated. Use "constructor(...) { ... }" instead.
    function KickcityToken() SmartToken("KickCity Token", "KCY", 18) { 
    ^ (Relevant source part starts here and spans across multiple lines).
contracts/SmartTokenController.sol:74:46: Warning: This declaration shadows an existing declaration.
    function name() public constant returns (string name) { name; }
                                             ^---------^
contracts/SmartTokenController.sol:74:5: The shadowed declaration is here:
    function name() public constant returns (string name) { name; }
    ^-------------------------------------------------------------^

contracts/SmartTokenController.sol:75:48: Warning: This declaration shadows an existing declaration.
    function symbol() public constant returns (string symbol) { symbol; }
                                               ^-----------^
contracts/SmartTokenController.sol:75:5: The shadowed declaration is here:
    function symbol() public constant returns (string symbol) { symbol; }
    ^-------------------------------------------------------------------^

contracts/SmartTokenController.sol:76:50: Warning: This declaration shadows an existing declaration.
    function decimals() public constant returns (uint8 decimals) { decimals; }
                                                 ^------------^
contracts/SmartTokenController.sol:76:5: The shadowed declaration is here:
    function decimals() public constant returns (uint8 decimals) { decimals; }
    ^------------------------------------------------------------------------^

contracts/SmartTokenController.sol:77:53: Warning: This declaration shadows an existing declaration.
    function totalSupply() public constant returns (uint256 totalSupply) { totalSupply; }
                                                    ^-----------------^
contracts/SmartTokenController.sol:77:5: The shadowed declaration is here:
    function totalSupply() public constant returns (uint256 totalSupply) { totalSupply; }
    ^-----------------------------------------------------------------------------------^

contracts/SmartTokenController.sol:185:47: Warning: This declaration shadows an existing declaration.
    function owner() public constant returns (address owner) { owner; }
                                              ^-----------^
contracts/SmartTokenController.sol:185:5: The shadowed declaration is here:
    function owner() public constant returns (address owner) { owner; }
    ^-----------------------------------------------------------------^

contracts/SmartTokenController.sol:129:9: Warning: Invoking events without "emit" prefix is deprecated.
        Transfer(msg.sender, _to, _value);
        ^-------------------------------^
contracts/SmartTokenController.sol:152:9: Warning: Invoking events without "emit" prefix is deprecated.
        Transfer(_from, _to, _value);
        ^--------------------------^
contracts/SmartTokenController.sol:178:9: Warning: Invoking events without "emit" prefix is deprecated.
        Approval(msg.sender, _spender, _value);
        ^------------------------------------^
contracts/SmartTokenController.sol:227:9: Warning: Invoking events without "emit" prefix is deprecated.
        OwnerUpdate(owner, newOwner);
        ^--------------------------^
contracts/SmartTokenController.sol:357:9: Warning: Invoking events without "emit" prefix is deprecated.
        NewSmartToken(address(this));
        ^--------------------------^
contracts/SmartTokenController.sol:392:9: Warning: Invoking events without "emit" prefix is deprecated.
        Issuance(_amount);
        ^---------------^
contracts/SmartTokenController.sol:393:9: Warning: Invoking events without "emit" prefix is deprecated.
        Transfer(this, _to, _amount);
        ^--------------------------^
contracts/SmartTokenController.sol:409:9: Warning: Invoking events without "emit" prefix is deprecated.
        Transfer(_from, this, _amount);
        ^----------------------------^
contracts/SmartTokenController.sol:410:9: Warning: Invoking events without "emit" prefix is deprecated.
        Destruction(_amount);
        ^------------------^
contracts/SmartTokenController.sol:516:7: Warning: Invoking events without "emit" prefix is deprecated.
      Contribution(msg.sender, contribution, kicks);
      ^-------------------------------------------^
contracts/SmartTokenController.sol:7:5: Warning: No visibility specified. Defaulting to "public". 
    function Utils() {
    ^ (Relevant source part starts here and spans across multiple lines).
contracts/SmartTokenController.sol:105:5: Warning: No visibility specified. Defaulting to "public". 
    function ERC20Token(string _name, string _symbol, uint8 _decimals) {
    ^ (Relevant source part starts here and spans across multiple lines).
contracts/SmartTokenController.sol:200:5: Warning: No visibility specified. Defaulting to "public". 
    function Owned() {
    ^ (Relevant source part starts here and spans across multiple lines).
contracts/SmartTokenController.sol:241:5: Warning: No visibility specified. Defaulting to "public". 
    function TokenHolder() {
    ^ (Relevant source part starts here and spans across multiple lines).
contracts/SmartTokenController.sol:269:5: Warning: No visibility specified. Defaulting to "public". 
    function SmartTokenController(ISmartToken _token)
    ^ (Relevant source part starts here and spans across multiple lines).
contracts/SmartTokenController.sol:354:5: Warning: No visibility specified. Defaulting to "public". 
    function SmartToken(string _name, string _symbol, uint8 _decimals)
    ^ (Relevant source part starts here and spans across multiple lines).
contracts/SmartTokenController.sol:453:3: Warning: No visibility specified. Defaulting to "public". 
  function setUsdEthRate(uint256 newrate) ownerOnly {
  ^ (Relevant source part starts here and spans across multiple lines).
contracts/SmartTokenController.sol:462:3: Warning: No visibility specified. Defaulting to "public". 
  function setHardCap(uint256 newCap) ownerOnly {
  ^ (Relevant source part starts here and spans across multiple lines).
contracts/SmartTokenController.sol:483:3: Warning: No visibility specified. Defaulting to "public". 
  function KickcityAbstractCrowdsale(uint256 start, uint256 end, KickcityToken _token, address beneficiary) SmartTokenController(_token) {
  ^ (Relevant source part starts here and spans across multiple lines).
contracts/SmartTokenController.sol:525:3: Warning: No visibility specified. Defaulting to "public". 
  function () payable {
  ^ (Relevant source part starts here and spans across multiple lines).
contracts/SmartTokenController.sol:533:3: Warning: No visibility specified. Defaulting to "public". 
  function KickcityCrowdsale(uint256  ... tart, end, _token, beneficiary) { }
  ^-------------------------------------------------------------------------^
contracts/SmartTokenController.sol:554:5: Warning: No visibility specified. Defaulting to "public". 
    function KickcityToken() SmartToken("KickCity Token", "KCY", 18) { 
    ^ (Relevant source part starts here and spans across multiple lines).
contracts/SmartTokenController.sol:38:5: Warning: Function state mutability can be restricted to pure
    function safeAdd(uint256 _x, uint256 _y) internal returns (uint256) {
    ^ (Relevant source part starts here and spans across multiple lines).
contracts/SmartTokenController.sol:52:5: Warning: Function state mutability can be restricted to pure
    function safeSub(uint256 _x, uint256 _y) internal returns (uint256) {
    ^ (Relevant source part starts here and spans across multiple lines).
contracts/SmartTokenController.sol:65:5: Warning: Function state mutability can be restricted to pure
    function safeMul(uint256 _x, uint256 _y) internal returns (uint256) {
    ^ (Relevant source part starts here and spans across multiple lines).
contracts/SmartTokenController.sol:74:5: Warning: Function state mutability can be restricted to pure
    function name() public constant returns (string name) { name; }
    ^-------------------------------------------------------------^
contracts/SmartTokenController.sol:75:5: Warning: Function state mutability can be restricted to pure
    function symbol() public constant returns (string symbol) { symbol; }
    ^-------------------------------------------------------------------^
contracts/SmartTokenController.sol:76:5: Warning: Function state mutability can be restricted to pure
    function decimals() public constant returns (uint8 decimals) { decimals; }
    ^------------------------------------------------------------------------^
contracts/SmartTokenController.sol:77:5: Warning: Function state mutability can be restricted to pure
    function totalSupply() public constant returns (uint256 totalSupply) { totalSupply; }
    ^-----------------------------------------------------------------------------------^
contracts/SmartTokenController.sol:78:5: Warning: Function state mutability can be restricted to pure
    function balanceOf(address _owner) public constant returns (uint256 balance) { _owner; balance; }
    ^-----------------------------------------------------------------------------------------------^
contracts/SmartTokenController.sol:79:5: Warning: Function state mutability can be restricted to pure
    function allowance(address _owner, address _spender) public constant returns (uint256 remaining) { _owner; _spender; remaining; }
    ^-------------------------------------------------------------------------------------------------------------------------------^
contracts/SmartTokenController.sol:185:5: Warning: Function state mutability can be restricted to pure
    function owner() public constant returns (address owner) { owner; }
    ^-----------------------------------------------------------------^
contracts/SmartTokenController.sol:459:12: Warning: Function declared as view, but this expression (potentially) modifies the state and thus requires non-payable (the default) or payable.
    return safeMul(etherCollected, USD_IN_ETH) / 1 ether;
           ^---------------------------------^
contracts/SmartTokenController.sol:537:21: Warning: Function declared as view, but this expression (potentially) modifies the state and thus requires non-payable (the default) or payable.
    uint256 value = safeMul(etherVal, oneEtherInKicks);
                    ^--------------------------------^
contracts/SmartTokenController.sol:540:33: Warning: Function declared as view, but this expression (potentially) modifies the state and thus requires non-payable (the default) or payable.
      kicksVal = safeAdd(value, safeMul(value / 100, 15)); 
                                ^----------------------^
contracts/SmartTokenController.sol:540:18: Warning: Function declared as view, but this expression (potentially) modifies the state and thus requires non-payable (the default) or payable.
      kicksVal = safeAdd(value, safeMul(value / 100, 15)); 
                 ^--------------------------------------^
contracts/SmartTokenController.sol:543:18: Warning: Function declared as view, but this expression (potentially) modifies the state and thus requires non-payable (the default) or payable.
      kicksVal = safeAdd(value, value / 10); 
                 ^------------------------^
contracts/SmartTokenController.sol:546:18: Warning: Function declared as view, but this expression (potentially) modifies the state and thus requires non-payable (the default) or payable.
      kicksVal = safeAdd(value, value / 20);
                 ^------------------------^
contracts/Owned.sol:7:5: Warning: Defining constructors as functions with the same name as the contract is deprecated. Use "constructor(...) { ... }" instead.
    function Utils() {
    ^ (Relevant source part starts here and spans across multiple lines).
contracts/Owned.sol:105:5: Warning: Defining constructors as functions with the same name as the contract is deprecated. Use "constructor(...) { ... }" instead.
    function ERC20Token(string _name, string _symbol, uint8 _decimals) {
    ^ (Relevant source part starts here and spans across multiple lines).
contracts/Owned.sol:200:5: Warning: Defining constructors as functions with the same name as the contract is deprecated. Use "constructor(...) { ... }" instead.
    function Owned() {
    ^ (Relevant source part starts here and spans across multiple lines).
contracts/Owned.sol:241:5: Warning: Defining constructors as functions with the same name as the contract is deprecated. Use "constructor(...) { ... }" instead.
    function TokenHolder() {
    ^ (Relevant source part starts here and spans across multiple lines).
contracts/Owned.sol:269:5: Warning: Defining constructors as functions with the same name as the contract is deprecated. Use "constructor(...) { ... }" instead.
    function SmartTokenController(ISmartToken _token)
    ^ (Relevant source part starts here and spans across multiple lines).
contracts/Owned.sol:354:5: Warning: Defining constructors as functions with the same name as the contract is deprecated. Use "constructor(...) { ... }" instead.
    function SmartToken(string _name, string _symbol, uint8 _decimals)
    ^ (Relevant source part starts here and spans across multiple lines).
contracts/Owned.sol:483:3: Warning: Defining constructors as functions with the same name as the contract is deprecated. Use "constructor(...) { ... }" instead.
  function KickcityAbstractCrowdsale(uint256 start, uint256 end, KickcityToken _token, address beneficiary) SmartTokenController(_token) {
  ^ (Relevant source part starts here and spans across multiple lines).
contracts/Owned.sol:533:3: Warning: Defining constructors as functions with the same name as the contract is deprecated. Use "constructor(...) { ... }" instead.
  function KickcityCrowdsale(uint256  ... tart, end, _token, beneficiary) { }
  ^-------------------------------------------------------------------------^
contracts/Owned.sol:554:5: Warning: Defining constructors as functions with the same name as the contract is deprecated. Use "constructor(...) { ... }" instead.
    function KickcityToken() SmartToken("KickCity Token", "KCY", 18) { 
    ^ (Relevant source part starts here and spans across multiple lines).
contracts/Owned.sol:74:46: Warning: This declaration shadows an existing declaration.
    function name() public constant returns (string name) { name; }
                                             ^---------^
contracts/Owned.sol:74:5: The shadowed declaration is here:
    function name() public constant returns (string name) { name; }
    ^-------------------------------------------------------------^

contracts/Owned.sol:75:48: Warning: This declaration shadows an existing declaration.
    function symbol() public constant returns (string symbol) { symbol; }
                                               ^-----------^
contracts/Owned.sol:75:5: The shadowed declaration is here:
    function symbol() public constant returns (string symbol) { symbol; }
    ^-------------------------------------------------------------------^

contracts/Owned.sol:76:50: Warning: This declaration shadows an existing declaration.
    function decimals() public constant returns (uint8 decimals) { decimals; }
                                                 ^------------^
contracts/Owned.sol:76:5: The shadowed declaration is here:
    function decimals() public constant returns (uint8 decimals) { decimals; }
    ^------------------------------------------------------------------------^

contracts/Owned.sol:77:53: Warning: This declaration shadows an existing declaration.
    function totalSupply() public constant returns (uint256 totalSupply) { totalSupply; }
                                                    ^-----------------^
contracts/Owned.sol:77:5: The shadowed declaration is here:
    function totalSupply() public constant returns (uint256 totalSupply) { totalSupply; }
    ^-----------------------------------------------------------------------------------^

contracts/Owned.sol:185:47: Warning: This declaration shadows an existing declaration.
    function owner() public constant returns (address owner) { owner; }
                                              ^-----------^
contracts/Owned.sol:185:5: The shadowed declaration is here:
    function owner() public constant returns (address owner) { owner; }
    ^-----------------------------------------------------------------^

contracts/Owned.sol:129:9: Warning: Invoking events without "emit" prefix is deprecated.
        Transfer(msg.sender, _to, _value);
        ^-------------------------------^
contracts/Owned.sol:152:9: Warning: Invoking events without "emit" prefix is deprecated.
        Transfer(_from, _to, _value);
        ^--------------------------^
contracts/Owned.sol:178:9: Warning: Invoking events without "emit" prefix is deprecated.
        Approval(msg.sender, _spender, _value);
        ^------------------------------------^
contracts/Owned.sol:227:9: Warning: Invoking events without "emit" prefix is deprecated.
        OwnerUpdate(owner, newOwner);
        ^--------------------------^
contracts/Owned.sol:357:9: Warning: Invoking events without "emit" prefix is deprecated.
        NewSmartToken(address(this));
        ^--------------------------^
contracts/Owned.sol:392:9: Warning: Invoking events without "emit" prefix is deprecated.
        Issuance(_amount);
        ^---------------^
contracts/Owned.sol:393:9: Warning: Invoking events without "emit" prefix is deprecated.
        Transfer(this, _to, _amount);
        ^--------------------------^
contracts/Owned.sol:409:9: Warning: Invoking events without "emit" prefix is deprecated.
        Transfer(_from, this, _amount);
        ^----------------------------^
contracts/Owned.sol:410:9: Warning: Invoking events without "emit" prefix is deprecated.
        Destruction(_amount);
        ^------------------^
contracts/Owned.sol:516:7: Warning: Invoking events without "emit" prefix is deprecated.
      Contribution(msg.sender, contribution, kicks);
      ^-------------------------------------------^
contracts/Owned.sol:7:5: Warning: No visibility specified. Defaulting to "public". 
    function Utils() {
    ^ (Relevant source part starts here and spans across multiple lines).
contracts/Owned.sol:105:5: Warning: No visibility specified. Defaulting to "public". 
    function ERC20Token(string _name, string _symbol, uint8 _decimals) {
    ^ (Relevant source part starts here and spans across multiple lines).
contracts/Owned.sol:200:5: Warning: No visibility specified. Defaulting to "public". 
    function Owned() {
    ^ (Relevant source part starts here and spans across multiple lines).
contracts/Owned.sol:241:5: Warning: No visibility specified. Defaulting to "public". 
    function TokenHolder() {
    ^ (Relevant source part starts here and spans across multiple lines).
contracts/Owned.sol:269:5: Warning: No visibility specified. Defaulting to "public". 
    function SmartTokenController(ISmartToken _token)
    ^ (Relevant source part starts here and spans across multiple lines).
contracts/Owned.sol:354:5: Warning: No visibility specified. Defaulting to "public". 
    function SmartToken(string _name, string _symbol, uint8 _decimals)
    ^ (Relevant source part starts here and spans across multiple lines).
contracts/Owned.sol:453:3: Warning: No visibility specified. Defaulting to "public". 
  function setUsdEthRate(uint256 newrate) ownerOnly {
  ^ (Relevant source part starts here and spans across multiple lines).
contracts/Owned.sol:462:3: Warning: No visibility specified. Defaulting to "public". 
  function setHardCap(uint256 newCap) ownerOnly {
  ^ (Relevant source part starts here and spans across multiple lines).
contracts/Owned.sol:483:3: Warning: No visibility specified. Defaulting to "public". 
  function KickcityAbstractCrowdsale(uint256 start, uint256 end, KickcityToken _token, address beneficiary) SmartTokenController(_token) {
  ^ (Relevant source part starts here and spans across multiple lines).
contracts/Owned.sol:525:3: Warning: No visibility specified. Defaulting to "public". 
  function () payable {
  ^ (Relevant source part starts here and spans across multiple lines).
contracts/Owned.sol:533:3: Warning: No visibility specified. Defaulting to "public". 
  function KickcityCrowdsale(uint256  ... tart, end, _token, beneficiary) { }
  ^-------------------------------------------------------------------------^
contracts/Owned.sol:554:5: Warning: No visibility specified. Defaulting to "public". 
    function KickcityToken() SmartToken("KickCity Token", "KCY", 18) { 
    ^ (Relevant source part starts here and spans across multiple lines).
contracts/Owned.sol:38:5: Warning: Function state mutability can be restricted to pure
    function safeAdd(uint256 _x, uint256 _y) internal returns (uint256) {
    ^ (Relevant source part starts here and spans across multiple lines).
contracts/Owned.sol:52:5: Warning: Function state mutability can be restricted to pure
    function safeSub(uint256 _x, uint256 _y) internal returns (uint256) {
    ^ (Relevant source part starts here and spans across multiple lines).
contracts/Owned.sol:65:5: Warning: Function state mutability can be restricted to pure
    function safeMul(uint256 _x, uint256 _y) internal returns (uint256) {
    ^ (Relevant source part starts here and spans across multiple lines).
contracts/Owned.sol:74:5: Warning: Function state mutability can be restricted to pure
    function name() public constant returns (string name) { name; }
    ^-------------------------------------------------------------^
contracts/Owned.sol:75:5: Warning: Function state mutability can be restricted to pure
    function symbol() public constant returns (string symbol) { symbol; }
    ^-------------------------------------------------------------------^
contracts/Owned.sol:76:5: Warning: Function state mutability can be restricted to pure
    function decimals() public constant returns (uint8 decimals) { decimals; }
    ^------------------------------------------------------------------------^
contracts/Owned.sol:77:5: Warning: Function state mutability can be restricted to pure
    function totalSupply() public constant returns (uint256 totalSupply) { totalSupply; }
    ^-----------------------------------------------------------------------------------^
contracts/Owned.sol:78:5: Warning: Function state mutability can be restricted to pure
    function balanceOf(address _owner) public constant returns (uint256 balance) { _owner; balance; }
    ^-----------------------------------------------------------------------------------------------^
contracts/Owned.sol:79:5: Warning: Function state mutability can be restricted to pure
    function allowance(address _owner, address _spender) public constant returns (uint256 remaining) { _owner; _spender; remaining; }
    ^-------------------------------------------------------------------------------------------------------------------------------^
contracts/Owned.sol:185:5: Warning: Function state mutability can be restricted to pure
    function owner() public constant returns (address owner) { owner; }
    ^-----------------------------------------------------------------^
contracts/Owned.sol:459:12: Warning: Function declared as view, but this expression (potentially) modifies the state and thus requires non-payable (the default) or payable.
    return safeMul(etherCollected, USD_IN_ETH) / 1 ether;
           ^---------------------------------^
contracts/Owned.sol:537:21: Warning: Function declared as view, but this expression (potentially) modifies the state and thus requires non-payable (the default) or payable.
    uint256 value = safeMul(etherVal, oneEtherInKicks);
                    ^--------------------------------^
contracts/Owned.sol:540:33: Warning: Function declared as view, but this expression (potentially) modifies the state and thus requires non-payable (the default) or payable.
      kicksVal = safeAdd(value, safeMul(value / 100, 15)); 
                                ^----------------------^
contracts/Owned.sol:540:18: Warning: Function declared as view, but this expression (potentially) modifies the state and thus requires non-payable (the default) or payable.
      kicksVal = safeAdd(value, safeMul(value / 100, 15)); 
                 ^--------------------------------------^
contracts/Owned.sol:543:18: Warning: Function declared as view, but this expression (potentially) modifies the state and thus requires non-payable (the default) or payable.
      kicksVal = safeAdd(value, value / 10); 
                 ^------------------------^
contracts/Owned.sol:546:18: Warning: Function declared as view, but this expression (potentially) modifies the state and thus requires non-payable (the default) or payable.
      kicksVal = safeAdd(value, value / 20);
                 ^------------------------^
contracts/ERC20Token.sol:7:5: Warning: Defining constructors as functions with the same name as the contract is deprecated. Use "constructor(...) { ... }" instead.
    function Utils() {
    ^ (Relevant source part starts here and spans across multiple lines).
contracts/ERC20Token.sol:105:5: Warning: Defining constructors as functions with the same name as the contract is deprecated. Use "constructor(...) { ... }" instead.
    function ERC20Token(string _name, string _symbol, uint8 _decimals) {
    ^ (Relevant source part starts here and spans across multiple lines).
contracts/ERC20Token.sol:200:5: Warning: Defining constructors as functions with the same name as the contract is deprecated. Use "constructor(...) { ... }" instead.
    function Owned() {
    ^ (Relevant source part starts here and spans across multiple lines).
contracts/ERC20Token.sol:241:5: Warning: Defining constructors as functions with the same name as the contract is deprecated. Use "constructor(...) { ... }" instead.
    function TokenHolder() {
    ^ (Relevant source part starts here and spans across multiple lines).
contracts/ERC20Token.sol:269:5: Warning: Defining constructors as functions with the same name as the contract is deprecated. Use "constructor(...) { ... }" instead.
    function SmartTokenController(ISmartToken _token)
    ^ (Relevant source part starts here and spans across multiple lines).
contracts/ERC20Token.sol:354:5: Warning: Defining constructors as functions with the same name as the contract is deprecated. Use "constructor(...) { ... }" instead.
    function SmartToken(string _name, string _symbol, uint8 _decimals)
    ^ (Relevant source part starts here and spans across multiple lines).
contracts/ERC20Token.sol:483:3: Warning: Defining constructors as functions with the same name as the contract is deprecated. Use "constructor(...) { ... }" instead.
  function KickcityAbstractCrowdsale(uint256 start, uint256 end, KickcityToken _token, address beneficiary) SmartTokenController(_token) {
  ^ (Relevant source part starts here and spans across multiple lines).
contracts/ERC20Token.sol:533:3: Warning: Defining constructors as functions with the same name as the contract is deprecated. Use "constructor(...) { ... }" instead.
  function KickcityCrowdsale(uint256  ... tart, end, _token, beneficiary) { }
  ^-------------------------------------------------------------------------^
contracts/ERC20Token.sol:554:5: Warning: Defining constructors as functions with the same name as the contract is deprecated. Use "constructor(...) { ... }" instead.
    function KickcityToken() SmartToken("KickCity Token", "KCY", 18) { 
    ^ (Relevant source part starts here and spans across multiple lines).
contracts/ERC20Token.sol:74:46: Warning: This declaration shadows an existing declaration.
    function name() public constant returns (string name) { name; }
                                             ^---------^
contracts/ERC20Token.sol:74:5: The shadowed declaration is here:
    function name() public constant returns (string name) { name; }
    ^-------------------------------------------------------------^

contracts/ERC20Token.sol:75:48: Warning: This declaration shadows an existing declaration.
    function symbol() public constant returns (string symbol) { symbol; }
                                               ^-----------^
contracts/ERC20Token.sol:75:5: The shadowed declaration is here:
    function symbol() public constant returns (string symbol) { symbol; }
    ^-------------------------------------------------------------------^

contracts/ERC20Token.sol:76:50: Warning: This declaration shadows an existing declaration.
    function decimals() public constant returns (uint8 decimals) { decimals; }
                                                 ^------------^
contracts/ERC20Token.sol:76:5: The shadowed declaration is here:
    function decimals() public constant returns (uint8 decimals) { decimals; }
    ^------------------------------------------------------------------------^

contracts/ERC20Token.sol:77:53: Warning: This declaration shadows an existing declaration.
    function totalSupply() public constant returns (uint256 totalSupply) { totalSupply; }
                                                    ^-----------------^
contracts/ERC20Token.sol:77:5: The shadowed declaration is here:
    function totalSupply() public constant returns (uint256 totalSupply) { totalSupply; }
    ^-----------------------------------------------------------------------------------^

contracts/ERC20Token.sol:185:47: Warning: This declaration shadows an existing declaration.
    function owner() public constant returns (address owner) { owner; }
                                              ^-----------^
contracts/ERC20Token.sol:185:5: The shadowed declaration is here:
    function owner() public constant returns (address owner) { owner; }
    ^-----------------------------------------------------------------^

contracts/ERC20Token.sol:129:9: Warning: Invoking events without "emit" prefix is deprecated.
        Transfer(msg.sender, _to, _value);
        ^-------------------------------^
contracts/ERC20Token.sol:152:9: Warning: Invoking events without "emit" prefix is deprecated.
        Transfer(_from, _to, _value);
        ^--------------------------^
contracts/ERC20Token.sol:178:9: Warning: Invoking events without "emit" prefix is deprecated.
        Approval(msg.sender, _spender, _value);
        ^------------------------------------^
contracts/ERC20Token.sol:227:9: Warning: Invoking events without "emit" prefix is deprecated.
        OwnerUpdate(owner, newOwner);
        ^--------------------------^
contracts/ERC20Token.sol:357:9: Warning: Invoking events without "emit" prefix is deprecated.
        NewSmartToken(address(this));
        ^--------------------------^
contracts/ERC20Token.sol:392:9: Warning: Invoking events without "emit" prefix is deprecated.
        Issuance(_amount);
        ^---------------^
contracts/ERC20Token.sol:393:9: Warning: Invoking events without "emit" prefix is deprecated.
        Transfer(this, _to, _amount);
        ^--------------------------^
contracts/ERC20Token.sol:409:9: Warning: Invoking events without "emit" prefix is deprecated.
        Transfer(_from, this, _amount);
        ^----------------------------^
contracts/ERC20Token.sol:410:9: Warning: Invoking events without "emit" prefix is deprecated.
        Destruction(_amount);
        ^------------------^
contracts/ERC20Token.sol:516:7: Warning: Invoking events without "emit" prefix is deprecated.
      Contribution(msg.sender, contribution, kicks);
      ^-------------------------------------------^
contracts/ERC20Token.sol:7:5: Warning: No visibility specified. Defaulting to "public". 
    function Utils() {
    ^ (Relevant source part starts here and spans across multiple lines).
contracts/ERC20Token.sol:105:5: Warning: No visibility specified. Defaulting to "public". 
    function ERC20Token(string _name, string _symbol, uint8 _decimals) {
    ^ (Relevant source part starts here and spans across multiple lines).
contracts/ERC20Token.sol:200:5: Warning: No visibility specified. Defaulting to "public". 
    function Owned() {
    ^ (Relevant source part starts here and spans across multiple lines).
contracts/ERC20Token.sol:241:5: Warning: No visibility specified. Defaulting to "public". 
    function TokenHolder() {
    ^ (Relevant source part starts here and spans across multiple lines).
contracts/ERC20Token.sol:269:5: Warning: No visibility specified. Defaulting to "public". 
    function SmartTokenController(ISmartToken _token)
    ^ (Relevant source part starts here and spans across multiple lines).
contracts/ERC20Token.sol:354:5: Warning: No visibility specified. Defaulting to "public". 
    function SmartToken(string _name, string _symbol, uint8 _decimals)
    ^ (Relevant source part starts here and spans across multiple lines).
contracts/ERC20Token.sol:453:3: Warning: No visibility specified. Defaulting to "public". 
  function setUsdEthRate(uint256 newrate) ownerOnly {
  ^ (Relevant source part starts here and spans across multiple lines).
contracts/ERC20Token.sol:462:3: Warning: No visibility specified. Defaulting to "public". 
  function setHardCap(uint256 newCap) ownerOnly {
  ^ (Relevant source part starts here and spans across multiple lines).
contracts/ERC20Token.sol:483:3: Warning: No visibility specified. Defaulting to "public". 
  function KickcityAbstractCrowdsale(uint256 start, uint256 end, KickcityToken _token, address beneficiary) SmartTokenController(_token) {
  ^ (Relevant source part starts here and spans across multiple lines).
contracts/ERC20Token.sol:525:3: Warning: No visibility specified. Defaulting to "public". 
  function () payable {
  ^ (Relevant source part starts here and spans across multiple lines).
contracts/ERC20Token.sol:533:3: Warning: No visibility specified. Defaulting to "public". 
  function KickcityCrowdsale(uint256  ... tart, end, _token, beneficiary) { }
  ^-------------------------------------------------------------------------^
contracts/ERC20Token.sol:554:5: Warning: No visibility specified. Defaulting to "public". 
    function KickcityToken() SmartToken("KickCity Token", "KCY", 18) { 
    ^ (Relevant source part starts here and spans across multiple lines).
contracts/ERC20Token.sol:38:5: Warning: Function state mutability can be restricted to pure
    function safeAdd(uint256 _x, uint256 _y) internal returns (uint256) {
    ^ (Relevant source part starts here and spans across multiple lines).
contracts/ERC20Token.sol:52:5: Warning: Function state mutability can be restricted to pure
    function safeSub(uint256 _x, uint256 _y) internal returns (uint256) {
    ^ (Relevant source part starts here and spans across multiple lines).
contracts/ERC20Token.sol:65:5: Warning: Function state mutability can be restricted to pure
    function safeMul(uint256 _x, uint256 _y) internal returns (uint256) {
    ^ (Relevant source part starts here and spans across multiple lines).
contracts/ERC20Token.sol:74:5: Warning: Function state mutability can be restricted to pure
    function name() public constant returns (string name) { name; }
    ^-------------------------------------------------------------^
contracts/ERC20Token.sol:75:5: Warning: Function state mutability can be restricted to pure
    function symbol() public constant returns (string symbol) { symbol; }
    ^-------------------------------------------------------------------^
contracts/ERC20Token.sol:76:5: Warning: Function state mutability can be restricted to pure
    function decimals() public constant returns (uint8 decimals) { decimals; }
    ^------------------------------------------------------------------------^
contracts/ERC20Token.sol:77:5: Warning: Function state mutability can be restricted to pure
    function totalSupply() public constant returns (uint256 totalSupply) { totalSupply; }
    ^-----------------------------------------------------------------------------------^
contracts/ERC20Token.sol:78:5: Warning: Function state mutability can be restricted to pure
    function balanceOf(address _owner) public constant returns (uint256 balance) { _owner; balance; }
    ^-----------------------------------------------------------------------------------------------^
contracts/ERC20Token.sol:79:5: Warning: Function state mutability can be restricted to pure
    function allowance(address _owner, address _spender) public constant returns (uint256 remaining) { _owner; _spender; remaining; }
    ^-------------------------------------------------------------------------------------------------------------------------------^
contracts/ERC20Token.sol:185:5: Warning: Function state mutability can be restricted to pure
    function owner() public constant returns (address owner) { owner; }
    ^-----------------------------------------------------------------^
contracts/ERC20Token.sol:459:12: Warning: Function declared as view, but this expression (potentially) modifies the state and thus requires non-payable (the default) or payable.
    return safeMul(etherCollected, USD_IN_ETH) / 1 ether;
           ^---------------------------------^
contracts/ERC20Token.sol:537:21: Warning: Function declared as view, but this expression (potentially) modifies the state and thus requires non-payable (the default) or payable.
    uint256 value = safeMul(etherVal, oneEtherInKicks);
                    ^--------------------------------^
contracts/ERC20Token.sol:540:33: Warning: Function declared as view, but this expression (potentially) modifies the state and thus requires non-payable (the default) or payable.
      kicksVal = safeAdd(value, safeMul(value / 100, 15)); 
                                ^----------------------^
contracts/ERC20Token.sol:540:18: Warning: Function declared as view, but this expression (potentially) modifies the state and thus requires non-payable (the default) or payable.
      kicksVal = safeAdd(value, safeMul(value / 100, 15)); 
                 ^--------------------------------------^
contracts/ERC20Token.sol:543:18: Warning: Function declared as view, but this expression (potentially) modifies the state and thus requires non-payable (the default) or payable.
      kicksVal = safeAdd(value, value / 10); 
                 ^------------------------^
contracts/ERC20Token.sol:546:18: Warning: Function declared as view, but this expression (potentially) modifies the state and thus requires non-payable (the default) or payable.
      kicksVal = safeAdd(value, value / 20);
                 ^------------------------^
contracts/SmartToken.sol:7:5: Warning: Defining constructors as functions with the same name as the contract is deprecated. Use "constructor(...) { ... }" instead.
    function Utils() {
    ^ (Relevant source part starts here and spans across multiple lines).
contracts/SmartToken.sol:105:5: Warning: Defining constructors as functions with the same name as the contract is deprecated. Use "constructor(...) { ... }" instead.
    function ERC20Token(string _name, string _symbol, uint8 _decimals) {
    ^ (Relevant source part starts here and spans across multiple lines).
contracts/SmartToken.sol:200:5: Warning: Defining constructors as functions with the same name as the contract is deprecated. Use "constructor(...) { ... }" instead.
    function Owned() {
    ^ (Relevant source part starts here and spans across multiple lines).
contracts/SmartToken.sol:241:5: Warning: Defining constructors as functions with the same name as the contract is deprecated. Use "constructor(...) { ... }" instead.
    function TokenHolder() {
    ^ (Relevant source part starts here and spans across multiple lines).
contracts/SmartToken.sol:269:5: Warning: Defining constructors as functions with the same name as the contract is deprecated. Use "constructor(...) { ... }" instead.
    function SmartTokenController(ISmartToken _token)
    ^ (Relevant source part starts here and spans across multiple lines).
contracts/SmartToken.sol:354:5: Warning: Defining constructors as functions with the same name as the contract is deprecated. Use "constructor(...) { ... }" instead.
    function SmartToken(string _name, string _symbol, uint8 _decimals)
    ^ (Relevant source part starts here and spans across multiple lines).
contracts/SmartToken.sol:483:3: Warning: Defining constructors as functions with the same name as the contract is deprecated. Use "constructor(...) { ... }" instead.
  function KickcityAbstractCrowdsale(uint256 start, uint256 end, KickcityToken _token, address beneficiary) SmartTokenController(_token) {
  ^ (Relevant source part starts here and spans across multiple lines).
contracts/SmartToken.sol:533:3: Warning: Defining constructors as functions with the same name as the contract is deprecated. Use "constructor(...) { ... }" instead.
  function KickcityCrowdsale(uint256  ... tart, end, _token, beneficiary) { }
  ^-------------------------------------------------------------------------^
contracts/SmartToken.sol:554:5: Warning: Defining constructors as functions with the same name as the contract is deprecated. Use "constructor(...) { ... }" instead.
    function KickcityToken() SmartToken("KickCity Token", "KCY", 18) { 
    ^ (Relevant source part starts here and spans across multiple lines).
contracts/SmartToken.sol:74:46: Warning: This declaration shadows an existing declaration.
    function name() public constant returns (string name) { name; }
                                             ^---------^
contracts/SmartToken.sol:74:5: The shadowed declaration is here:
    function name() public constant returns (string name) { name; }
    ^-------------------------------------------------------------^

contracts/SmartToken.sol:75:48: Warning: This declaration shadows an existing declaration.
    function symbol() public constant returns (string symbol) { symbol; }
                                               ^-----------^
contracts/SmartToken.sol:75:5: The shadowed declaration is here:
    function symbol() public constant returns (string symbol) { symbol; }
    ^-------------------------------------------------------------------^

contracts/SmartToken.sol:76:50: Warning: This declaration shadows an existing declaration.
    function decimals() public constant returns (uint8 decimals) { decimals; }
                                                 ^------------^
contracts/SmartToken.sol:76:5: The shadowed declaration is here:
    function decimals() public constant returns (uint8 decimals) { decimals; }
    ^------------------------------------------------------------------------^

contracts/SmartToken.sol:77:53: Warning: This declaration shadows an existing declaration.
    function totalSupply() public constant returns (uint256 totalSupply) { totalSupply; }
                                                    ^-----------------^
contracts/SmartToken.sol:77:5: The shadowed declaration is here:
    function totalSupply() public constant returns (uint256 totalSupply) { totalSupply; }
    ^-----------------------------------------------------------------------------------^

contracts/SmartToken.sol:185:47: Warning: This declaration shadows an existing declaration.
    function owner() public constant returns (address owner) { owner; }
                                              ^-----------^
contracts/SmartToken.sol:185:5: The shadowed declaration is here:
    function owner() public constant returns (address owner) { owner; }
    ^-----------------------------------------------------------------^

contracts/SmartToken.sol:129:9: Warning: Invoking events without "emit" prefix is deprecated.
        Transfer(msg.sender, _to, _value);
        ^-------------------------------^
contracts/SmartToken.sol:152:9: Warning: Invoking events without "emit" prefix is deprecated.
        Transfer(_from, _to, _value);
        ^--------------------------^
contracts/SmartToken.sol:178:9: Warning: Invoking events without "emit" prefix is deprecated.
        Approval(msg.sender, _spender, _value);
        ^------------------------------------^
contracts/SmartToken.sol:227:9: Warning: Invoking events without "emit" prefix is deprecated.
        OwnerUpdate(owner, newOwner);
        ^--------------------------^
contracts/SmartToken.sol:357:9: Warning: Invoking events without "emit" prefix is deprecated.
        NewSmartToken(address(this));
        ^--------------------------^
contracts/SmartToken.sol:392:9: Warning: Invoking events without "emit" prefix is deprecated.
        Issuance(_amount);
        ^---------------^
contracts/SmartToken.sol:393:9: Warning: Invoking events without "emit" prefix is deprecated.
        Transfer(this, _to, _amount);
        ^--------------------------^
contracts/SmartToken.sol:409:9: Warning: Invoking events without "emit" prefix is deprecated.
        Transfer(_from, this, _amount);
        ^----------------------------^
contracts/SmartToken.sol:410:9: Warning: Invoking events without "emit" prefix is deprecated.
        Destruction(_amount);
        ^------------------^
contracts/SmartToken.sol:516:7: Warning: Invoking events without "emit" prefix is deprecated.
      Contribution(msg.sender, contribution, kicks);
      ^-------------------------------------------^
contracts/SmartToken.sol:7:5: Warning: No visibility specified. Defaulting to "public". 
    function Utils() {
    ^ (Relevant source part starts here and spans across multiple lines).
contracts/SmartToken.sol:105:5: Warning: No visibility specified. Defaulting to "public". 
    function ERC20Token(string _name, string _symbol, uint8 _decimals) {
    ^ (Relevant source part starts here and spans across multiple lines).
contracts/SmartToken.sol:200:5: Warning: No visibility specified. Defaulting to "public". 
    function Owned() {
    ^ (Relevant source part starts here and spans across multiple lines).
contracts/SmartToken.sol:241:5: Warning: No visibility specified. Defaulting to "public". 
    function TokenHolder() {
    ^ (Relevant source part starts here and spans across multiple lines).
contracts/SmartToken.sol:269:5: Warning: No visibility specified. Defaulting to "public". 
    function SmartTokenController(ISmartToken _token)
    ^ (Relevant source part starts here and spans across multiple lines).
contracts/SmartToken.sol:354:5: Warning: No visibility specified. Defaulting to "public". 
    function SmartToken(string _name, string _symbol, uint8 _decimals)
    ^ (Relevant source part starts here and spans across multiple lines).
contracts/SmartToken.sol:453:3: Warning: No visibility specified. Defaulting to "public". 
  function setUsdEthRate(uint256 newrate) ownerOnly {
  ^ (Relevant source part starts here and spans across multiple lines).
contracts/SmartToken.sol:462:3: Warning: No visibility specified. Defaulting to "public". 
  function setHardCap(uint256 newCap) ownerOnly {
  ^ (Relevant source part starts here and spans across multiple lines).
contracts/SmartToken.sol:483:3: Warning: No visibility specified. Defaulting to "public". 
  function KickcityAbstractCrowdsale(uint256 start, uint256 end, KickcityToken _token, address beneficiary) SmartTokenController(_token) {
  ^ (Relevant source part starts here and spans across multiple lines).
contracts/SmartToken.sol:525:3: Warning: No visibility specified. Defaulting to "public". 
  function () payable {
  ^ (Relevant source part starts here and spans across multiple lines).
contracts/SmartToken.sol:533:3: Warning: No visibility specified. Defaulting to "public". 
  function KickcityCrowdsale(uint256  ... tart, end, _token, beneficiary) { }
  ^-------------------------------------------------------------------------^
contracts/SmartToken.sol:554:5: Warning: No visibility specified. Defaulting to "public". 
    function KickcityToken() SmartToken("KickCity Token", "KCY", 18) { 
    ^ (Relevant source part starts here and spans across multiple lines).
contracts/SmartToken.sol:38:5: Warning: Function state mutability can be restricted to pure
    function safeAdd(uint256 _x, uint256 _y) internal returns (uint256) {
    ^ (Relevant source part starts here and spans across multiple lines).
contracts/SmartToken.sol:52:5: Warning: Function state mutability can be restricted to pure
    function safeSub(uint256 _x, uint256 _y) internal returns (uint256) {
    ^ (Relevant source part starts here and spans across multiple lines).
contracts/SmartToken.sol:65:5: Warning: Function state mutability can be restricted to pure
    function safeMul(uint256 _x, uint256 _y) internal returns (uint256) {
    ^ (Relevant source part starts here and spans across multiple lines).
contracts/SmartToken.sol:74:5: Warning: Function state mutability can be restricted to pure
    function name() public constant returns (string name) { name; }
    ^-------------------------------------------------------------^
contracts/SmartToken.sol:75:5: Warning: Function state mutability can be restricted to pure
    function symbol() public constant returns (string symbol) { symbol; }
    ^-------------------------------------------------------------------^
contracts/SmartToken.sol:76:5: Warning: Function state mutability can be restricted to pure
    function decimals() public constant returns (uint8 decimals) { decimals; }
    ^------------------------------------------------------------------------^
contracts/SmartToken.sol:77:5: Warning: Function state mutability can be restricted to pure
    function totalSupply() public constant returns (uint256 totalSupply) { totalSupply; }
    ^-----------------------------------------------------------------------------------^
contracts/SmartToken.sol:78:5: Warning: Function state mutability can be restricted to pure
    function balanceOf(address _owner) public constant returns (uint256 balance) { _owner; balance; }
    ^-----------------------------------------------------------------------------------------------^
contracts/SmartToken.sol:79:5: Warning: Function state mutability can be restricted to pure
    function allowance(address _owner, address _spender) public constant returns (uint256 remaining) { _owner; _spender; remaining; }
    ^-------------------------------------------------------------------------------------------------------------------------------^
contracts/SmartToken.sol:185:5: Warning: Function state mutability can be restricted to pure
    function owner() public constant returns (address owner) { owner; }
    ^-----------------------------------------------------------------^
contracts/SmartToken.sol:459:12: Warning: Function declared as view, but this expression (potentially) modifies the state and thus requires non-payable (the default) or payable.
    return safeMul(etherCollected, USD_IN_ETH) / 1 ether;
           ^---------------------------------^
contracts/SmartToken.sol:537:21: Warning: Function declared as view, but this expression (potentially) modifies the state and thus requires non-payable (the default) or payable.
    uint256 value = safeMul(etherVal, oneEtherInKicks);
                    ^--------------------------------^
contracts/SmartToken.sol:540:33: Warning: Function declared as view, but this expression (potentially) modifies the state and thus requires non-payable (the default) or payable.
      kicksVal = safeAdd(value, safeMul(value / 100, 15)); 
                                ^----------------------^
contracts/SmartToken.sol:540:18: Warning: Function declared as view, but this expression (potentially) modifies the state and thus requires non-payable (the default) or payable.
      kicksVal = safeAdd(value, safeMul(value / 100, 15)); 
                 ^--------------------------------------^
contracts/SmartToken.sol:543:18: Warning: Function declared as view, but this expression (potentially) modifies the state and thus requires non-payable (the default) or payable.
      kicksVal = safeAdd(value, value / 10); 
                 ^------------------------^
contracts/SmartToken.sol:546:18: Warning: Function declared as view, but this expression (potentially) modifies the state and thus requires non-payable (the default) or payable.
      kicksVal = safeAdd(value, value / 20);
                 ^------------------------^
contracts/Utils.sol:7:5: Warning: Defining constructors as functions with the same name as the contract is deprecated. Use "constructor(...) { ... }" instead.
    function Utils() {
    ^ (Relevant source part starts here and spans across multiple lines).
contracts/Utils.sol:105:5: Warning: Defining constructors as functions with the same name as the contract is deprecated. Use "constructor(...) { ... }" instead.
    function ERC20Token(string _name, string _symbol, uint8 _decimals) {
    ^ (Relevant source part starts here and spans across multiple lines).
contracts/Utils.sol:200:5: Warning: Defining constructors as functions with the same name as the contract is deprecated. Use "constructor(...) { ... }" instead.
    function Owned() {
    ^ (Relevant source part starts here and spans across multiple lines).
contracts/Utils.sol:241:5: Warning: Defining constructors as functions with the same name as the contract is deprecated. Use "constructor(...) { ... }" instead.
    function TokenHolder() {
    ^ (Relevant source part starts here and spans across multiple lines).
contracts/Utils.sol:269:5: Warning: Defining constructors as functions with the same name as the contract is deprecated. Use "constructor(...) { ... }" instead.
    function SmartTokenController(ISmartToken _token)
    ^ (Relevant source part starts here and spans across multiple lines).
contracts/Utils.sol:354:5: Warning: Defining constructors as functions with the same name as the contract is deprecated. Use "constructor(...) { ... }" instead.
    function SmartToken(string _name, string _symbol, uint8 _decimals)
    ^ (Relevant source part starts here and spans across multiple lines).
contracts/Utils.sol:483:3: Warning: Defining constructors as functions with the same name as the contract is deprecated. Use "constructor(...) { ... }" instead.
  function KickcityAbstractCrowdsale(uint256 start, uint256 end, KickcityToken _token, address beneficiary) SmartTokenController(_token) {
  ^ (Relevant source part starts here and spans across multiple lines).
contracts/Utils.sol:533:3: Warning: Defining constructors as functions with the same name as the contract is deprecated. Use "constructor(...) { ... }" instead.
  function KickcityCrowdsale(uint256  ... tart, end, _token, beneficiary) { }
  ^-------------------------------------------------------------------------^
contracts/Utils.sol:554:5: Warning: Defining constructors as functions with the same name as the contract is deprecated. Use "constructor(...) { ... }" instead.
    function KickcityToken() SmartToken("KickCity Token", "KCY", 18) { 
    ^ (Relevant source part starts here and spans across multiple lines).
contracts/Utils.sol:74:46: Warning: This declaration shadows an existing declaration.
    function name() public constant returns (string name) { name; }
                                             ^---------^
contracts/Utils.sol:74:5: The shadowed declaration is here:
    function name() public constant returns (string name) { name; }
    ^-------------------------------------------------------------^

contracts/Utils.sol:75:48: Warning: This declaration shadows an existing declaration.
    function symbol() public constant returns (string symbol) { symbol; }
                                               ^-----------^
contracts/Utils.sol:75:5: The shadowed declaration is here:
    function symbol() public constant returns (string symbol) { symbol; }
    ^-------------------------------------------------------------------^

contracts/Utils.sol:76:50: Warning: This declaration shadows an existing declaration.
    function decimals() public constant returns (uint8 decimals) { decimals; }
                                                 ^------------^
contracts/Utils.sol:76:5: The shadowed declaration is here:
    function decimals() public constant returns (uint8 decimals) { decimals; }
    ^------------------------------------------------------------------------^

contracts/Utils.sol:77:53: Warning: This declaration shadows an existing declaration.
    function totalSupply() public constant returns (uint256 totalSupply) { totalSupply; }
                                                    ^-----------------^
contracts/Utils.sol:77:5: The shadowed declaration is here:
    function totalSupply() public constant returns (uint256 totalSupply) { totalSupply; }
    ^-----------------------------------------------------------------------------------^

contracts/Utils.sol:185:47: Warning: This declaration shadows an existing declaration.
    function owner() public constant returns (address owner) { owner; }
                                              ^-----------^
contracts/Utils.sol:185:5: The shadowed declaration is here:
    function owner() public constant returns (address owner) { owner; }
    ^-----------------------------------------------------------------^

contracts/Utils.sol:129:9: Warning: Invoking events without "emit" prefix is deprecated.
        Transfer(msg.sender, _to, _value);
        ^-------------------------------^
contracts/Utils.sol:152:9: Warning: Invoking events without "emit" prefix is deprecated.
        Transfer(_from, _to, _value);
        ^--------------------------^
contracts/Utils.sol:178:9: Warning: Invoking events without "emit" prefix is deprecated.
        Approval(msg.sender, _spender, _value);
        ^------------------------------------^
contracts/Utils.sol:227:9: Warning: Invoking events without "emit" prefix is deprecated.
        OwnerUpdate(owner, newOwner);
        ^--------------------------^
contracts/Utils.sol:357:9: Warning: Invoking events without "emit" prefix is deprecated.
        NewSmartToken(address(this));
        ^--------------------------^
contracts/Utils.sol:392:9: Warning: Invoking events without "emit" prefix is deprecated.
        Issuance(_amount);
        ^---------------^
contracts/Utils.sol:393:9: Warning: Invoking events without "emit" prefix is deprecated.
        Transfer(this, _to, _amount);
        ^--------------------------^
contracts/Utils.sol:409:9: Warning: Invoking events without "emit" prefix is deprecated.
        Transfer(_from, this, _amount);
        ^----------------------------^
contracts/Utils.sol:410:9: Warning: Invoking events without "emit" prefix is deprecated.
        Destruction(_amount);
        ^------------------^
contracts/Utils.sol:516:7: Warning: Invoking events without "emit" prefix is deprecated.
      Contribution(msg.sender, contribution, kicks);
      ^-------------------------------------------^
contracts/Utils.sol:7:5: Warning: No visibility specified. Defaulting to "public". 
    function Utils() {
    ^ (Relevant source part starts here and spans across multiple lines).
contracts/Utils.sol:105:5: Warning: No visibility specified. Defaulting to "public". 
    function ERC20Token(string _name, string _symbol, uint8 _decimals) {
    ^ (Relevant source part starts here and spans across multiple lines).
contracts/Utils.sol:200:5: Warning: No visibility specified. Defaulting to "public". 
    function Owned() {
    ^ (Relevant source part starts here and spans across multiple lines).
contracts/Utils.sol:241:5: Warning: No visibility specified. Defaulting to "public". 
    function TokenHolder() {
    ^ (Relevant source part starts here and spans across multiple lines).
contracts/Utils.sol:269:5: Warning: No visibility specified. Defaulting to "public". 
    function SmartTokenController(ISmartToken _token)
    ^ (Relevant source part starts here and spans across multiple lines).
contracts/Utils.sol:354:5: Warning: No visibility specified. Defaulting to "public". 
    function SmartToken(string _name, string _symbol, uint8 _decimals)
    ^ (Relevant source part starts here and spans across multiple lines).
contracts/Utils.sol:453:3: Warning: No visibility specified. Defaulting to "public". 
  function setUsdEthRate(uint256 newrate) ownerOnly {
  ^ (Relevant source part starts here and spans across multiple lines).
contracts/Utils.sol:462:3: Warning: No visibility specified. Defaulting to "public". 
  function setHardCap(uint256 newCap) ownerOnly {
  ^ (Relevant source part starts here and spans across multiple lines).
contracts/Utils.sol:483:3: Warning: No visibility specified. Defaulting to "public". 
  function KickcityAbstractCrowdsale(uint256 start, uint256 end, KickcityToken _token, address beneficiary) SmartTokenController(_token) {
  ^ (Relevant source part starts here and spans across multiple lines).
contracts/Utils.sol:525:3: Warning: No visibility specified. Defaulting to "public". 
  function () payable {
  ^ (Relevant source part starts here and spans across multiple lines).
contracts/Utils.sol:533:3: Warning: No visibility specified. Defaulting to "public". 
  function KickcityCrowdsale(uint256  ... tart, end, _token, beneficiary) { }
  ^-------------------------------------------------------------------------^
contracts/Utils.sol:554:5: Warning: No visibility specified. Defaulting to "public". 
    function KickcityToken() SmartToken("KickCity Token", "KCY", 18) { 
    ^ (Relevant source part starts here and spans across multiple lines).
contracts/Utils.sol:38:5: Warning: Function state mutability can be restricted to pure
    function safeAdd(uint256 _x, uint256 _y) internal returns (uint256) {
    ^ (Relevant source part starts here and spans across multiple lines).
contracts/Utils.sol:52:5: Warning: Function state mutability can be restricted to pure
    function safeSub(uint256 _x, uint256 _y) internal returns (uint256) {
    ^ (Relevant source part starts here and spans across multiple lines).
contracts/Utils.sol:65:5: Warning: Function state mutability can be restricted to pure
    function safeMul(uint256 _x, uint256 _y) internal returns (uint256) {
    ^ (Relevant source part starts here and spans across multiple lines).
contracts/Utils.sol:74:5: Warning: Function state mutability can be restricted to pure
    function name() public constant returns (string name) { name; }
    ^-------------------------------------------------------------^
contracts/Utils.sol:75:5: Warning: Function state mutability can be restricted to pure
    function symbol() public constant returns (string symbol) { symbol; }
    ^-------------------------------------------------------------------^
contracts/Utils.sol:76:5: Warning: Function state mutability can be restricted to pure
    function decimals() public constant returns (uint8 decimals) { decimals; }
    ^------------------------------------------------------------------------^
contracts/Utils.sol:77:5: Warning: Function state mutability can be restricted to pure
    function totalSupply() public constant returns (uint256 totalSupply) { totalSupply; }
    ^-----------------------------------------------------------------------------------^
contracts/Utils.sol:78:5: Warning: Function state mutability can be restricted to pure
    function balanceOf(address _owner) public constant returns (uint256 balance) { _owner; balance; }
    ^-----------------------------------------------------------------------------------------------^
contracts/Utils.sol:79:5: Warning: Function state mutability can be restricted to pure
    function allowance(address _owner, address _spender) public constant returns (uint256 remaining) { _owner; _spender; remaining; }
    ^-------------------------------------------------------------------------------------------------------------------------------^
contracts/Utils.sol:185:5: Warning: Function state mutability can be restricted to pure
    function owner() public constant returns (address owner) { owner; }
    ^-----------------------------------------------------------------^
contracts/Utils.sol:459:12: Warning: Function declared as view, but this expression (potentially) modifies the state and thus requires non-payable (the default) or payable.
    return safeMul(etherCollected, USD_IN_ETH) / 1 ether;
           ^---------------------------------^
contracts/Utils.sol:537:21: Warning: Function declared as view, but this expression (potentially) modifies the state and thus requires non-payable (the default) or payable.
    uint256 value = safeMul(etherVal, oneEtherInKicks);
                    ^--------------------------------^
contracts/Utils.sol:540:33: Warning: Function declared as view, but this expression (potentially) modifies the state and thus requires non-payable (the default) or payable.
      kicksVal = safeAdd(value, safeMul(value / 100, 15)); 
                                ^----------------------^
contracts/Utils.sol:540:18: Warning: Function declared as view, but this expression (potentially) modifies the state and thus requires non-payable (the default) or payable.
      kicksVal = safeAdd(value, safeMul(value / 100, 15)); 
                 ^--------------------------------------^
contracts/Utils.sol:543:18: Warning: Function declared as view, but this expression (potentially) modifies the state and thus requires non-payable (the default) or payable.
      kicksVal = safeAdd(value, value / 10); 
                 ^------------------------^
contracts/Utils.sol:546:18: Warning: Function declared as view, but this expression (potentially) modifies the state and thus requires non-payable (the default) or payable.
      kicksVal = safeAdd(value, value / 20);
                 ^------------------------^
assets/NormalAttacker.sol:5:3: Warning: No visibility specified. Defaulting to "public". 
  function() payable {
  ^ (Relevant source part starts here and spans across multiple lines).
assets/ReentrancyAttacker.sol:8:7: Warning: Return value of low-level calls not used.
      msg.sender.call(bytes4(255));
      ^--------------------------^
assets/ReentrancyAttacker.sol:5:3: Warning: No visibility specified. Defaulting to "public". 
  function() payable {
  ^ (Relevant source part starts here and spans across multiple lines).
>> Fuzz TokenHolder
./fuzzMe: line 12:    35 Segmentation fault      (core dumped) ./fuzzer --file contracts/TokenHolder.sol.json --name TokenHolder --assets assets/ --duration 110 --mode 1 --reporter 1 --log 0 --attacker ReentrancyAttacker
>> Fuzz KickcityToken
** Write stats: 0.021437
** Write stats: 5.00037
** Write stats: 10.0006
** Write stats: 15.0002
** Write stats: 20.0034
** Write stats: 25.002
** Write stats: 30.0006
** Write stats: 35.0048
** Write stats: 40.0052
** Write stats: 45.0047
** Write stats: 50.004
** Write stats: 55.0029
** Write stats: 60.0035
** Write stats: 65.0015
** Write stats: 70.0041
** Write stats: 75.0013
** Write stats: 80.0009
** Write stats: 85.0015
** Write stats: 90.0023
** Write stats: 95.0033
** Write stats: 100.001
** Write stats: 105.001
** Write stats: 110.002
** Write stats: 110.03
>> Fuzz KickcityCrowdsale
** Write stats: 0.014246
** Write stats: 5.00008
** Write stats: 10.0004
** Write stats: 15.0002
** Write stats: 20.0003
** Write stats: 25.0003
** Write stats: 30.0002
** Write stats: 35.0003
** Write stats: 40.0004
** Write stats: 45.0001
** Write stats: 50.0003
** Write stats: 55.0003
** Write stats: 60.0001
** Write stats: 65.0004
** Write stats: 70.0003
** Write stats: 75.0002
** Write stats: 80.0001
** Write stats: 85.0002
** Write stats: 90.0003
** Write stats: 95.0002
** Write stats: 100
** Write stats: 105
** Write stats: 110
** Write stats: 110.003
>> Fuzz SmartTokenController
** Write stats: 0.010582
** Write stats: 5.00075
** Write stats: 10.0002
** Write stats: 15.0003
** Write stats: 20.0002
** Write stats: 25.0002
** Write stats: 30.0002
** Write stats: 35.0001
** Write stats: 40.001
** Write stats: 45.0001
** Write stats: 50.0001
** Write stats: 55.0041
** Write stats: 60.0005
** Write stats: 65.0003
** Write stats: 70.0084
** Write stats: 75.0005
** Write stats: 80.0002
** Write stats: 85.2096
** Write stats: 90.0005
** Write stats: 95.0319
** Write stats: 100.001
** Write stats: 105
** Write stats: 110
** Write stats: 110.016
>> Fuzz Owned
./fuzzMe: line 16:    39 Segmentation fault      (core dumped) ./fuzzer --file contracts/Owned.sol.json --name Owned --assets assets/ --duration 110 --mode 1 --reporter 1 --log 0 --attacker ReentrancyAttacker
>> Fuzz ERC20Token
** Write stats: 0.013405
** Write stats: 5.00145
** Write stats: 10.0012
** Write stats: 15.0025
** Write stats: 20.0035
** Write stats: 25.0016
** Write stats: 30.0003
** Write stats: 35.0026
** Write stats: 40.0009
** Write stats: 45.0019
** Write stats: 50.0027
** Write stats: 55.0044
** Write stats: 60.0025
** Write stats: 65.005
** Write stats: 70.0043
** Write stats: 75.0033
** Write stats: 80.0037
** Write stats: 85.0062
** Write stats: 90.0059
** Write stats: 95.006
** Write stats: 100
** Write stats: 105.005
** Write stats: 110.004
** Write stats: 110.04
>> Fuzz SmartToken
./fuzzMe: line 18:    41 Segmentation fault      (core dumped) ./fuzzer --file contracts/SmartToken.sol.json --name SmartToken --assets assets/ --duration 110 --mode 1 --reporter 1 --log 0 --attacker ReentrancyAttacker
>> Fuzz Utils
** Write stats: 0.001915
** Write stats: 5.00006
** Write stats: 10.0009
** Write stats: 15.0001
** Write stats: 20.0001
** Write stats: 25.0001
** Write stats: 30.0001
** Write stats: 35.0002
** Write stats: 40.0001
** Write stats: 45.0001
** Write stats: 50.0001
** Write stats: 55.0001
** Write stats: 60.1388
** Write stats: 70.0001
** Write stats: 75.0001
** Write stats: 80.0001
** Write stats: 85.0001
** Write stats: 90.0001
** Write stats: 95.0001
** Write stats: 100
** Write stats: 105
** Write stats: 110
** Write stats: 110.001
