Extract contract DSSafeAddSub from /sb/0x2dd78551c49d739c4a0ae80e4f863e74be39e1cb.sol
Extract contract Etheroll from /sb/0x2dd78551c49d739c4a0ae80e4f863e74be39e1cb.sol
Extract contract strings from /sb/0x2dd78551c49d739c4a0ae80e4f863e74be39e1cb.sol
Extract contract usingOraclize from /sb/0x2dd78551c49d739c4a0ae80e4f863e74be39e1cb.sol
Extracted 4 contract(s) from /sb/0x2dd78551c49d739c4a0ae80e4f863e74be39e1cb.sol
[0;32m> Created "fuzzMe"[0m
[0;32m> To fuzz contracts:[0m
  chmod +x fuzzMe
  ./fuzzMe
contracts/DSSafeAddSub.sol:665:9: Warning: Use of the "var" keyword is deprecated.
        var ret = new string(self._len);
        ^-----^
contracts/DSSafeAddSub.sol:683:9: Warning: Use of the "var" keyword is deprecated.
        var ptr = self._ptr - 31;
        ^-----^
contracts/DSSafeAddSub.sol:684:9: Warning: Use of the "var" keyword is deprecated.
        var end = ptr + self._len;
        ^-----^
contracts/DSSafeAddSub.sol:728:9: Warning: Use of the "var" keyword is deprecated.
        var selfptr = self._ptr;
        ^---------^
contracts/DSSafeAddSub.sol:729:9: Warning: Use of the "var" keyword is deprecated.
        var otherptr = other._ptr;
        ^----------^
contracts/DSSafeAddSub.sol:740:17: Warning: Use of the "var" keyword is deprecated.
                var diff = (a & mask) - (b & mask);
                ^------^
contracts/DSSafeAddSub.sol:829:9: Warning: Use of the "var" keyword is deprecated.
        var b = word / div;
        ^---^
contracts/DSSafeAddSub.sol:939:9: Warning: Use of the "var" keyword is deprecated.
        var selfptr = self._ptr + self._len - needle._len;
        ^---------^
contracts/DSSafeAddSub.sol:967:9: Warning: Use of the "var" keyword is deprecated.
        var selfptr = self._ptr + self._len - needle._len;
        ^---------^
contracts/DSSafeAddSub.sol:1197:9: Warning: Use of the "var" keyword is deprecated.
        var ret = new string(self._len + other._len);
        ^-----^
contracts/DSSafeAddSub.sol:1221:9: Warning: Use of the "var" keyword is deprecated.
        var ret = new string(len);
        ^-----^
contracts/DSSafeAddSub.sol:1244:31: Warning: "throw" is deprecated in favour of "revert()", "require()" and "assert()".
        if (!safeToAdd(a, b)) throw;
                              ^---^
contracts/DSSafeAddSub.sol:1253:36: Warning: "throw" is deprecated in favour of "revert()", "require()" and "assert()".
        if (!safeToSubtract(a, b)) throw;
                                   ^---^
contracts/DSSafeAddSub.sol:1268:230: Warning: "throw" is deprecated in favour of "revert()", "require()" and "assert()".
 ... throw ... 
     ^---^
contracts/DSSafeAddSub.sol:1276:32: Warning: "throw" is deprecated in favour of "revert()", "require()" and "assert()".
        if(gamePaused == true) throw;
                               ^---^
contracts/DSSafeAddSub.sol:1284:35: Warning: "throw" is deprecated in favour of "revert()", "require()" and "assert()".
        if(payoutsPaused == true) throw;
                                  ^---^
contracts/DSSafeAddSub.sol:1292:49: Warning: "throw" is deprecated in favour of "revert()", "require()" and "assert()".
        if (msg.sender != oraclize_cbAddress()) throw;
                                                ^---^
contracts/DSSafeAddSub.sol:1300:35: Warning: "throw" is deprecated in favour of "revert()", "require()" and "assert()".
         if (msg.sender != owner) throw;
                                  ^---^
contracts/DSSafeAddSub.sol:1308:38: Warning: "throw" is deprecated in favour of "revert()", "require()" and "assert()".
         if (msg.sender != treasury) throw;
                                     ^---^
contracts/DSSafeAddSub.sol:1367:5: Warning: Defining constructors as functions with the same name as the contract is deprecated. Use "constructor(...) { ... }" instead.
    function Etheroll() {
    ^ (Relevant source part starts here and spans across multiple lines).
contracts/DSSafeAddSub.sol:1422:50: Warning: "throw" is deprecated in favour of "revert()", "require()" and "assert()".
        if(maxPendingPayouts >= contractBalance) throw;
                                                 ^---^
contracts/DSSafeAddSub.sol:1439:39: Warning: "throw" is deprecated in favour of "revert()", "require()" and "assert()".
        if (playerAddress[myid]==0x0) throw;
                                      ^---^
contracts/DSSafeAddSub.sol:1442:9: Warning: Use of the "var" keyword is deprecated.
        var sl_result = result.toSlice();
        ^-----------^
contracts/DSSafeAddSub.sol:1638:43: Warning: "throw" is deprecated in favour of "revert()", "require()" and "assert()".
        if(newMaxProfitAsPercent > 10000) throw;
                                          ^---^
contracts/DSSafeAddSub.sol:1658:34: Warning: "throw" is deprecated in favour of "revert()", "require()" and "assert()".
        if(!sendTo.send(amount)) throw;
                                 ^---^
contracts/DSSafeAddSub.sol:1676:50: Warning: "throw" is deprecated in favour of "revert()", "require()" and "assert()".
        if(!sendTo.send(originalPlayerBetValue)) throw;
                                                 ^---^
contracts/DSSafeAddSub.sol:685:14: Warning: This declaration shadows an existing declaration.
        for (uint len = 0; ptr < end; len++) {
             ^------^
contracts/DSSafeAddSub.sol:681:5: The shadowed declaration is here:
    function len(slice self) internal returns (uint) {
    ^ (Relevant source part starts here and spans across multiple lines).

contracts/DSSafeAddSub.sol:775:9: Warning: This declaration shadows an existing declaration.
        uint len;
        ^------^
contracts/DSSafeAddSub.sol:681:5: The shadowed declaration is here:
    function len(slice self) internal returns (uint) {
    ^ (Relevant source part starts here and spans across multiple lines).

contracts/DSSafeAddSub.sol:824:9: Warning: This declaration shadows an existing declaration.
        uint len;
        ^------^
contracts/DSSafeAddSub.sol:681:5: The shadowed declaration is here:
    function len(slice self) internal returns (uint) {
    ^ (Relevant source part starts here and spans across multiple lines).

contracts/DSSafeAddSub.sol:1171:64: Warning: This declaration shadows an existing declaration.
    function count(slice self, slice needle) internal returns (uint count) {
                                                               ^--------^
contracts/DSSafeAddSub.sol:1171:5: The shadowed declaration is here:
    function count(slice self, slice needle) internal returns (uint count) {
    ^ (Relevant source part starts here and spans across multiple lines).

contracts/DSSafeAddSub.sol:1217:9: Warning: This declaration shadows an existing declaration.
        uint len = self._len * (parts.length - 1);
        ^------^
contracts/DSSafeAddSub.sol:681:5: The shadowed declaration is here:
    function len(slice self) internal returns (uint) {
    ^ (Relevant source part starts here and spans across multiple lines).

contracts/DSSafeAddSub.sol:825:9: Warning: Variable is shadowed in inline assembly by an instruction of the same name
        uint div = 2 ** 248;
        ^------^
contracts/DSSafeAddSub.sol:998:21: Warning: The use of labels is deprecated. Please use "if", "switch", "for" or function calls instead.
                    loop:
                    ^--^
contracts/DSSafeAddSub.sol:998:21: Warning: Jump instructions and labels are low-level EVM features that can lead to incorrect stack access. Because of that they are discouraged. Please consider using "switch", "if" or "for" statements instead.
                    loop:
                    ^--^
contracts/DSSafeAddSub.sol:999:21: Warning: Jump instructions and labels are low-level EVM features that can lead to incorrect stack access. Because of that they are discouraged. Please consider using "switch", "if" or "for" statements instead.
                    jumpi(exit, eq(and(mload(ptr), mask), needledata))
                    ^------------------------------------------------^
contracts/DSSafeAddSub.sol:1001:21: Warning: Jump instructions and labels are low-level EVM features that can lead to incorrect stack access. Because of that they are discouraged. Please consider using "switch", "if" or "for" statements instead.
                    jumpi(loop, lt(sub(ptr, 1), end))
                    ^-------------------------------^
contracts/DSSafeAddSub.sol:1003:21: Warning: The use of labels is deprecated. Please use "if", "switch", "for" or function calls instead.
                    exit:
                    ^--^
contracts/DSSafeAddSub.sol:1003:21: Warning: Jump instructions and labels are low-level EVM features that can lead to incorrect stack access. Because of that they are discouraged. Please consider using "switch", "if" or "for" statements instead.
                    exit:
                    ^--^
contracts/DSSafeAddSub.sol:1035:21: Warning: The use of labels is deprecated. Please use "if", "switch", "for" or function calls instead.
                    loop:
                    ^--^
contracts/DSSafeAddSub.sol:1035:21: Warning: Jump instructions and labels are low-level EVM features that can lead to incorrect stack access. Because of that they are discouraged. Please consider using "switch", "if" or "for" statements instead.
                    loop:
                    ^--^
contracts/DSSafeAddSub.sol:1036:21: Warning: Jump instructions and labels are low-level EVM features that can lead to incorrect stack access. Because of that they are discouraged. Please consider using "switch", "if" or "for" statements instead.
                    jumpi(ret, eq(and(mload(ptr), mask), needledata))
                    ^-----------------------------------------------^
contracts/DSSafeAddSub.sol:1038:21: Warning: Jump instructions and labels are low-level EVM features that can lead to incorrect stack access. Because of that they are discouraged. Please consider using "switch", "if" or "for" statements instead.
                    jumpi(loop, gt(add(ptr, 1), selfptr))
                    ^-----------------------------------^
contracts/DSSafeAddSub.sol:1040:21: Warning: Jump instructions and labels are low-level EVM features that can lead to incorrect stack access. Because of that they are discouraged. Please consider using "switch", "if" or "for" statements instead.
                    jump(exit)
                    ^--------^
contracts/DSSafeAddSub.sol:1041:21: Warning: The use of labels is deprecated. Please use "if", "switch", "for" or function calls instead.
                    ret:
                    ^-^
contracts/DSSafeAddSub.sol:1041:21: Warning: Jump instructions and labels are low-level EVM features that can lead to incorrect stack access. Because of that they are discouraged. Please consider using "switch", "if" or "for" statements instead.
                    ret:
                    ^-^
contracts/DSSafeAddSub.sol:1043:21: Warning: The use of labels is deprecated. Please use "if", "switch", "for" or function calls instead.
                    exit:
                    ^--^
contracts/DSSafeAddSub.sol:1043:21: Warning: Jump instructions and labels are low-level EVM features that can lead to incorrect stack access. Because of that they are discouraged. Please consider using "switch", "if" or "for" statements instead.
                    exit:
                    ^--^
contracts/DSSafeAddSub.sol:1424:9: Warning: Invoking events without "emit" prefix is deprecated.
        LogBet(playerBetId[rngId], playerAd ... tValue[rngId], playerNumber[rngId]);          
        ^-------------------------------------------------------------------------^
contracts/DSSafeAddSub.sol:1452:38: Warning: "sha3" has been deprecated in favour of "keccak256"
        playerDieResult[myid] = uint(sha3(playerRandomResult[myid], proof)) % 100 + 1;
                                     ^-----------------------------------^
contracts/DSSafeAddSub.sol:1452:38: Warning: This function only accepts a single "bytes" argument. Please use "abi.encodePacked(...)" or a similar function to encode the data.
        playerDieResult[myid] = uint(sha3(playerRandomResult[myid], proof)) % 100 + 1;
                                     ^-----------------------------------^
contracts/DSSafeAddSub.sol:1479:14: Warning: Invoking events without "emit" prefix is deprecated.
             LogResult(serialNumberOfResult, pla ... playerTempBetValue[myid], 3, proof);            
             ^-------------------------------------------------------------------------^
contracts/DSSafeAddSub.sol:1487:17: Warning: Invoking events without "emit" prefix is deprecated.
                LogResult(serialNumberOfResult, pla ... playerTempBetValue[myid], 4, proof);              
                ^-------------------------------------------------------------------------^
contracts/DSSafeAddSub.sol:1512:13: Warning: Invoking events without "emit" prefix is deprecated.
            LogResult(serialNumberOfResult, pla ... , playerTempReward[myid], 1, proof);                            
            ^-------------------------------------------------------------------------^
contracts/DSSafeAddSub.sol:1523:17: Warning: Invoking events without "emit" prefix is deprecated.
                LogResult(serialNumberOfResult, pla ... , playerTempReward[myid], 2, proof);                   
                ^-------------------------------------------------------------------------^
contracts/DSSafeAddSub.sol:1539:13: Warning: Invoking events without "emit" prefix is deprecated.
            LogResult(serialNumberOfResult, pla ... playerTempBetValue[myid], 0, proof);                                
            ^-------------------------------------------------------------------------^
contracts/DSSafeAddSub.sol:1659:9: Warning: Invoking events without "emit" prefix is deprecated.
        LogOwnerTransfer(sendTo, amount); 
        ^------------------------------^
contracts/DSSafeAddSub.sol:1678:9: Warning: Invoking events without "emit" prefix is deprecated.
        LogRefund(originalPlayerBetId, sendTo, originalPlayerBetValue);        
        ^------------------------------------------------------------^
contracts/DSSafeAddSub.sol:1713:3: Warning: "suicide" has been deprecated in favour of "selfdestruct"
		suicide(owner);
		^------------^
contracts/DSSafeAddSub.sol:38:5: Warning: No visibility specified. Defaulting to "public". 
    function query(uint _timestamp, string _datasource, string _arg) payable returns (bytes32 _id);
    ^---------------------------------------------------------------------------------------------^
contracts/DSSafeAddSub.sol:39:5: Warning: No visibility specified. Defaulting to "public". 
    function query_withGasLimit(uint _timestamp, string _datasource, string _arg, uint _gaslimit) payable returns (bytes32 _id);
    ^--------------------------------------------------------------------------------------------------------------------------^
contracts/DSSafeAddSub.sol:40:5: Warning: No visibility specified. Defaulting to "public". 
    function query2(uint _timestamp, string _datasource, string _arg1, string _arg2) payable returns (bytes32 _id);
    ^-------------------------------------------------------------------------------------------------------------^
contracts/DSSafeAddSub.sol:41:5: Warning: No visibility specified. Defaulting to "public". 
    function query2_withGasLimit(uint _timestamp, string _datasource, string _arg1, string _arg2, uint _gaslimit) payable returns (bytes32 _id);
    ^------------------------------------------------------------------------------------------------------------------------------------------^
contracts/DSSafeAddSub.sol:42:5: Warning: No visibility specified. Defaulting to "public". 
    function queryN(uint _timestamp, string _datasource, bytes _argN) payable returns (bytes32 _id);
    ^----------------------------------------------------------------------------------------------^
contracts/DSSafeAddSub.sol:43:5: Warning: No visibility specified. Defaulting to "public". 
    function queryN_withGasLimit(uint _timestamp, string _datasource, bytes _argN, uint _gaslimit) payable returns (bytes32 _id);
    ^---------------------------------------------------------------------------------------------------------------------------^
contracts/DSSafeAddSub.sol:44:5: Warning: No visibility specified. Defaulting to "public". 
    function getPrice(string _datasource) returns (uint _dsprice);
    ^------------------------------------------------------------^
contracts/DSSafeAddSub.sol:45:5: Warning: No visibility specified. Defaulting to "public". 
    function getPrice(string _datasource, uint gaslimit) returns (uint _dsprice);
    ^---------------------------------------------------------------------------^
contracts/DSSafeAddSub.sol:46:5: Warning: No visibility specified. Defaulting to "public". 
    function useCoupon(string _coupon);
    ^---------------------------------^
contracts/DSSafeAddSub.sol:47:5: Warning: No visibility specified. Defaulting to "public". 
    function setProofType(byte _proofType);
    ^-------------------------------------^
contracts/DSSafeAddSub.sol:48:5: Warning: No visibility specified. Defaulting to "public". 
    function setConfig(bytes32 _config);
    ^----------------------------------^
contracts/DSSafeAddSub.sol:49:5: Warning: No visibility specified. Defaulting to "public". 
    function setCustomGasPrice(uint _gasPrice);
    ^-----------------------------------------^
contracts/DSSafeAddSub.sol:52:5: Warning: No visibility specified. Defaulting to "public". 
    function getAddress() returns (address _addr);
    ^--------------------------------------------^
contracts/DSSafeAddSub.sol:81:34: Warning: Unused function parameter. Remove or comment out the variable name to silence this warning.
    function oraclize_setNetwork(uint8 networkID) internal returns(bool){
                                 ^-------------^
contracts/DSSafeAddSub.sol:109:5: Warning: No visibility specified. Defaulting to "public". 
    function __callback(bytes32 myid, string result) {
    ^ (Relevant source part starts here and spans across multiple lines).
contracts/DSSafeAddSub.sol:112:5: Warning: No visibility specified. Defaulting to "public". 
    function __callback(bytes32 myid, string result, bytes proof) {
    ^ (Relevant source part starts here and spans across multiple lines).
contracts/DSSafeAddSub.sol:112:25: Warning: Unused function parameter. Remove or comment out the variable name to silence this warning.
    function __callback(bytes32 myid, string result, bytes proof) {
                        ^----------^
contracts/DSSafeAddSub.sol:112:39: Warning: Unused function parameter. Remove or comment out the variable name to silence this warning.
    function __callback(bytes32 myid, string result, bytes proof) {
                                      ^-----------^
contracts/DSSafeAddSub.sol:112:54: Warning: Unused function parameter. Remove or comment out the variable name to silence this warning.
    function __callback(bytes32 myid, string result, bytes proof) {
                                                     ^---------^
contracts/DSSafeAddSub.sol:1367:5: Warning: No visibility specified. Defaulting to "public". 
    function Etheroll() {
    ^ (Relevant source part starts here and spans across multiple lines).
contracts/DSSafeAddSub.sol:1602:5: Warning: No visibility specified. Defaulting to "public". 
    function ()
    ^ (Relevant source part starts here and spans across multiple lines).
contracts/DSSafeAddSub.sol:112:5: Warning: Function state mutability can be restricted to pure
    function __callback(bytes32 myid, string result, bytes proof) {
    ^ (Relevant source part starts here and spans across multiple lines).
contracts/DSSafeAddSub.sol:349:5: Warning: Function state mutability can be restricted to pure
    function parseAddr(string _a) internal returns (address){
    ^ (Relevant source part starts here and spans across multiple lines).
contracts/DSSafeAddSub.sol:369:5: Warning: Function state mutability can be restricted to pure
    function strCompare(string _a, string _b) internal returns (int) {
    ^ (Relevant source part starts here and spans across multiple lines).
contracts/DSSafeAddSub.sol:387:5: Warning: Function state mutability can be restricted to pure
    function indexOf(string _haystack, string _needle) internal returns (int) {
    ^ (Relevant source part starts here and spans across multiple lines).
contracts/DSSafeAddSub.sol:414:5: Warning: Function state mutability can be restricted to pure
    function strConcat(string _a, string _b, string _c, string _d, string _e) internal returns (string) {
    ^ (Relevant source part starts here and spans across multiple lines).
contracts/DSSafeAddSub.sol:449:5: Warning: Function state mutability can be restricted to pure
    function parseInt(string _a, uint _b) internal returns (uint) {
    ^ (Relevant source part starts here and spans across multiple lines).
contracts/DSSafeAddSub.sol:467:5: Warning: Function state mutability can be restricted to pure
    function uint2str(uint i) internal returns (string){
    ^ (Relevant source part starts here and spans across multiple lines).
contracts/DSSafeAddSub.sol:484:5: Warning: Function state mutability can be restricted to pure
    function stra2cbor(string[] arr) internal returns (bytes) {
    ^ (Relevant source part starts here and spans across multiple lines).
contracts/DSSafeAddSub.sol:569:5: Warning: Function state mutability can be restricted to pure
    function memcpy(uint dest, uint src, uint len) private {
    ^ (Relevant source part starts here and spans across multiple lines).
contracts/DSSafeAddSub.sol:593:5: Warning: Function state mutability can be restricted to pure
    function toSlice(string self) internal returns (slice) {
    ^ (Relevant source part starts here and spans across multiple lines).
contracts/DSSafeAddSub.sol:606:5: Warning: Function state mutability can be restricted to pure
    function len(bytes32 self) internal returns (uint) {
    ^ (Relevant source part starts here and spans across multiple lines).
contracts/DSSafeAddSub.sol:655:5: Warning: Function state mutability can be restricted to pure
    function copy(slice self) internal returns (slice) {
    ^ (Relevant source part starts here and spans across multiple lines).
contracts/DSSafeAddSub.sol:681:5: Warning: Function state mutability can be restricted to pure
    function len(slice self) internal returns (uint) {
    ^ (Relevant source part starts here and spans across multiple lines).
contracts/DSSafeAddSub.sol:710:5: Warning: Function state mutability can be restricted to pure
    function empty(slice self) internal returns (bool) {
    ^ (Relevant source part starts here and spans across multiple lines).
contracts/DSSafeAddSub.sol:723:5: Warning: Function state mutability can be restricted to pure
    function compare(slice self, slice other) internal returns (int) {
    ^ (Relevant source part starts here and spans across multiple lines).
contracts/DSSafeAddSub.sol:767:5: Warning: Function state mutability can be restricted to pure
    function nextRune(slice self, slice rune) internal returns (slice) {
    ^ (Relevant source part starts here and spans across multiple lines).
contracts/DSSafeAddSub.sol:818:5: Warning: Function state mutability can be restricted to pure
    function ord(slice self) internal returns (uint ret) {
    ^ (Relevant source part starts here and spans across multiple lines).
contracts/DSSafeAddSub.sol:867:5: Warning: Function state mutability can be restricted to pure
    function keccak(slice self) internal returns (bytes32 ret) {
    ^ (Relevant source part starts here and spans across multiple lines).
contracts/DSSafeAddSub.sol:879:5: Warning: Function state mutability can be restricted to pure
    function startsWith(slice self, slice needle) internal returns (bool) {
    ^ (Relevant source part starts here and spans across multiple lines).
contracts/DSSafeAddSub.sol:905:5: Warning: Function state mutability can be restricted to pure
    function beyond(slice self, slice needle) internal returns (slice) {
    ^ (Relevant source part starts here and spans across multiple lines).
contracts/DSSafeAddSub.sol:934:5: Warning: Function state mutability can be restricted to pure
    function endsWith(slice self, slice needle) internal returns (bool) {
    ^ (Relevant source part starts here and spans across multiple lines).
contracts/DSSafeAddSub.sol:962:5: Warning: Function state mutability can be restricted to pure
    function until(slice self, slice needle) internal returns (slice) {
    ^ (Relevant source part starts here and spans across multiple lines).
contracts/DSSafeAddSub.sol:1240:5: Warning: Function state mutability can be restricted to pure
    function safeToAdd(uint a, uint b) internal returns (bool) {
    ^ (Relevant source part starts here and spans across multiple lines).
contracts/DSSafeAddSub.sol:1248:5: Warning: Function state mutability can be restricted to pure
    function safeToSubtract(uint a, uint b) internal returns (bool) {
    ^ (Relevant source part starts here and spans across multiple lines).
contracts/usingOraclize.sol:665:9: Warning: Use of the "var" keyword is deprecated.
        var ret = new string(self._len);
        ^-----^
contracts/usingOraclize.sol:683:9: Warning: Use of the "var" keyword is deprecated.
        var ptr = self._ptr - 31;
        ^-----^
contracts/usingOraclize.sol:684:9: Warning: Use of the "var" keyword is deprecated.
        var end = ptr + self._len;
        ^-----^
contracts/usingOraclize.sol:728:9: Warning: Use of the "var" keyword is deprecated.
        var selfptr = self._ptr;
        ^---------^
contracts/usingOraclize.sol:729:9: Warning: Use of the "var" keyword is deprecated.
        var otherptr = other._ptr;
        ^----------^
contracts/usingOraclize.sol:740:17: Warning: Use of the "var" keyword is deprecated.
                var diff = (a & mask) - (b & mask);
                ^------^
contracts/usingOraclize.sol:829:9: Warning: Use of the "var" keyword is deprecated.
        var b = word / div;
        ^---^
contracts/usingOraclize.sol:939:9: Warning: Use of the "var" keyword is deprecated.
        var selfptr = self._ptr + self._len - needle._len;
        ^---------^
contracts/usingOraclize.sol:967:9: Warning: Use of the "var" keyword is deprecated.
        var selfptr = self._ptr + self._len - needle._len;
        ^---------^
contracts/usingOraclize.sol:1197:9: Warning: Use of the "var" keyword is deprecated.
        var ret = new string(self._len + other._len);
        ^-----^
contracts/usingOraclize.sol:1221:9: Warning: Use of the "var" keyword is deprecated.
        var ret = new string(len);
        ^-----^
contracts/usingOraclize.sol:1244:31: Warning: "throw" is deprecated in favour of "revert()", "require()" and "assert()".
        if (!safeToAdd(a, b)) throw;
                              ^---^
contracts/usingOraclize.sol:1253:36: Warning: "throw" is deprecated in favour of "revert()", "require()" and "assert()".
        if (!safeToSubtract(a, b)) throw;
                                   ^---^
contracts/usingOraclize.sol:1268:230: Warning: "throw" is deprecated in favour of "revert()", "require()" and "assert()".
 ... throw ... 
     ^---^
contracts/usingOraclize.sol:1276:32: Warning: "throw" is deprecated in favour of "revert()", "require()" and "assert()".
        if(gamePaused == true) throw;
                               ^---^
contracts/usingOraclize.sol:1284:35: Warning: "throw" is deprecated in favour of "revert()", "require()" and "assert()".
        if(payoutsPaused == true) throw;
                                  ^---^
contracts/usingOraclize.sol:1292:49: Warning: "throw" is deprecated in favour of "revert()", "require()" and "assert()".
        if (msg.sender != oraclize_cbAddress()) throw;
                                                ^---^
contracts/usingOraclize.sol:1300:35: Warning: "throw" is deprecated in favour of "revert()", "require()" and "assert()".
         if (msg.sender != owner) throw;
                                  ^---^
contracts/usingOraclize.sol:1308:38: Warning: "throw" is deprecated in favour of "revert()", "require()" and "assert()".
         if (msg.sender != treasury) throw;
                                     ^---^
contracts/usingOraclize.sol:1367:5: Warning: Defining constructors as functions with the same name as the contract is deprecated. Use "constructor(...) { ... }" instead.
    function Etheroll() {
    ^ (Relevant source part starts here and spans across multiple lines).
contracts/usingOraclize.sol:1422:50: Warning: "throw" is deprecated in favour of "revert()", "require()" and "assert()".
        if(maxPendingPayouts >= contractBalance) throw;
                                                 ^---^
contracts/usingOraclize.sol:1439:39: Warning: "throw" is deprecated in favour of "revert()", "require()" and "assert()".
        if (playerAddress[myid]==0x0) throw;
                                      ^---^
contracts/usingOraclize.sol:1442:9: Warning: Use of the "var" keyword is deprecated.
        var sl_result = result.toSlice();
        ^-----------^
contracts/usingOraclize.sol:1638:43: Warning: "throw" is deprecated in favour of "revert()", "require()" and "assert()".
        if(newMaxProfitAsPercent > 10000) throw;
                                          ^---^
contracts/usingOraclize.sol:1658:34: Warning: "throw" is deprecated in favour of "revert()", "require()" and "assert()".
        if(!sendTo.send(amount)) throw;
                                 ^---^
contracts/usingOraclize.sol:1676:50: Warning: "throw" is deprecated in favour of "revert()", "require()" and "assert()".
        if(!sendTo.send(originalPlayerBetValue)) throw;
                                                 ^---^
contracts/usingOraclize.sol:685:14: Warning: This declaration shadows an existing declaration.
        for (uint len = 0; ptr < end; len++) {
             ^------^
contracts/usingOraclize.sol:681:5: The shadowed declaration is here:
    function len(slice self) internal returns (uint) {
    ^ (Relevant source part starts here and spans across multiple lines).

contracts/usingOraclize.sol:775:9: Warning: This declaration shadows an existing declaration.
        uint len;
        ^------^
contracts/usingOraclize.sol:681:5: The shadowed declaration is here:
    function len(slice self) internal returns (uint) {
    ^ (Relevant source part starts here and spans across multiple lines).

contracts/usingOraclize.sol:824:9: Warning: This declaration shadows an existing declaration.
        uint len;
        ^------^
contracts/usingOraclize.sol:681:5: The shadowed declaration is here:
    function len(slice self) internal returns (uint) {
    ^ (Relevant source part starts here and spans across multiple lines).

contracts/usingOraclize.sol:1171:64: Warning: This declaration shadows an existing declaration.
    function count(slice self, slice needle) internal returns (uint count) {
                                                               ^--------^
contracts/usingOraclize.sol:1171:5: The shadowed declaration is here:
    function count(slice self, slice needle) internal returns (uint count) {
    ^ (Relevant source part starts here and spans across multiple lines).

contracts/usingOraclize.sol:1217:9: Warning: This declaration shadows an existing declaration.
        uint len = self._len * (parts.length - 1);
        ^------^
contracts/usingOraclize.sol:681:5: The shadowed declaration is here:
    function len(slice self) internal returns (uint) {
    ^ (Relevant source part starts here and spans across multiple lines).

contracts/usingOraclize.sol:825:9: Warning: Variable is shadowed in inline assembly by an instruction of the same name
        uint div = 2 ** 248;
        ^------^
contracts/usingOraclize.sol:998:21: Warning: The use of labels is deprecated. Please use "if", "switch", "for" or function calls instead.
                    loop:
                    ^--^
contracts/usingOraclize.sol:998:21: Warning: Jump instructions and labels are low-level EVM features that can lead to incorrect stack access. Because of that they are discouraged. Please consider using "switch", "if" or "for" statements instead.
                    loop:
                    ^--^
contracts/usingOraclize.sol:999:21: Warning: Jump instructions and labels are low-level EVM features that can lead to incorrect stack access. Because of that they are discouraged. Please consider using "switch", "if" or "for" statements instead.
                    jumpi(exit, eq(and(mload(ptr), mask), needledata))
                    ^------------------------------------------------^
contracts/usingOraclize.sol:1001:21: Warning: Jump instructions and labels are low-level EVM features that can lead to incorrect stack access. Because of that they are discouraged. Please consider using "switch", "if" or "for" statements instead.
                    jumpi(loop, lt(sub(ptr, 1), end))
                    ^-------------------------------^
contracts/usingOraclize.sol:1003:21: Warning: The use of labels is deprecated. Please use "if", "switch", "for" or function calls instead.
                    exit:
                    ^--^
contracts/usingOraclize.sol:1003:21: Warning: Jump instructions and labels are low-level EVM features that can lead to incorrect stack access. Because of that they are discouraged. Please consider using "switch", "if" or "for" statements instead.
                    exit:
                    ^--^
contracts/usingOraclize.sol:1035:21: Warning: The use of labels is deprecated. Please use "if", "switch", "for" or function calls instead.
                    loop:
                    ^--^
contracts/usingOraclize.sol:1035:21: Warning: Jump instructions and labels are low-level EVM features that can lead to incorrect stack access. Because of that they are discouraged. Please consider using "switch", "if" or "for" statements instead.
                    loop:
                    ^--^
contracts/usingOraclize.sol:1036:21: Warning: Jump instructions and labels are low-level EVM features that can lead to incorrect stack access. Because of that they are discouraged. Please consider using "switch", "if" or "for" statements instead.
                    jumpi(ret, eq(and(mload(ptr), mask), needledata))
                    ^-----------------------------------------------^
contracts/usingOraclize.sol:1038:21: Warning: Jump instructions and labels are low-level EVM features that can lead to incorrect stack access. Because of that they are discouraged. Please consider using "switch", "if" or "for" statements instead.
                    jumpi(loop, gt(add(ptr, 1), selfptr))
                    ^-----------------------------------^
contracts/usingOraclize.sol:1040:21: Warning: Jump instructions and labels are low-level EVM features that can lead to incorrect stack access. Because of that they are discouraged. Please consider using "switch", "if" or "for" statements instead.
                    jump(exit)
                    ^--------^
contracts/usingOraclize.sol:1041:21: Warning: The use of labels is deprecated. Please use "if", "switch", "for" or function calls instead.
                    ret:
                    ^-^
contracts/usingOraclize.sol:1041:21: Warning: Jump instructions and labels are low-level EVM features that can lead to incorrect stack access. Because of that they are discouraged. Please consider using "switch", "if" or "for" statements instead.
                    ret:
                    ^-^
contracts/usingOraclize.sol:1043:21: Warning: The use of labels is deprecated. Please use "if", "switch", "for" or function calls instead.
                    exit:
                    ^--^
contracts/usingOraclize.sol:1043:21: Warning: Jump instructions and labels are low-level EVM features that can lead to incorrect stack access. Because of that they are discouraged. Please consider using "switch", "if" or "for" statements instead.
                    exit:
                    ^--^
contracts/usingOraclize.sol:1424:9: Warning: Invoking events without "emit" prefix is deprecated.
        LogBet(playerBetId[rngId], playerAd ... tValue[rngId], playerNumber[rngId]);          
        ^-------------------------------------------------------------------------^
contracts/usingOraclize.sol:1452:38: Warning: "sha3" has been deprecated in favour of "keccak256"
        playerDieResult[myid] = uint(sha3(playerRandomResult[myid], proof)) % 100 + 1;
                                     ^-----------------------------------^
contracts/usingOraclize.sol:1452:38: Warning: This function only accepts a single "bytes" argument. Please use "abi.encodePacked(...)" or a similar function to encode the data.
        playerDieResult[myid] = uint(sha3(playerRandomResult[myid], proof)) % 100 + 1;
                                     ^-----------------------------------^
contracts/usingOraclize.sol:1479:14: Warning: Invoking events without "emit" prefix is deprecated.
             LogResult(serialNumberOfResult, pla ... playerTempBetValue[myid], 3, proof);            
             ^-------------------------------------------------------------------------^
contracts/usingOraclize.sol:1487:17: Warning: Invoking events without "emit" prefix is deprecated.
                LogResult(serialNumberOfResult, pla ... playerTempBetValue[myid], 4, proof);              
                ^-------------------------------------------------------------------------^
contracts/usingOraclize.sol:1512:13: Warning: Invoking events without "emit" prefix is deprecated.
            LogResult(serialNumberOfResult, pla ... , playerTempReward[myid], 1, proof);                            
            ^-------------------------------------------------------------------------^
contracts/usingOraclize.sol:1523:17: Warning: Invoking events without "emit" prefix is deprecated.
                LogResult(serialNumberOfResult, pla ... , playerTempReward[myid], 2, proof);                   
                ^-------------------------------------------------------------------------^
contracts/usingOraclize.sol:1539:13: Warning: Invoking events without "emit" prefix is deprecated.
            LogResult(serialNumberOfResult, pla ... playerTempBetValue[myid], 0, proof);                                
            ^-------------------------------------------------------------------------^
contracts/usingOraclize.sol:1659:9: Warning: Invoking events without "emit" prefix is deprecated.
        LogOwnerTransfer(sendTo, amount); 
        ^------------------------------^
contracts/usingOraclize.sol:1678:9: Warning: Invoking events without "emit" prefix is deprecated.
        LogRefund(originalPlayerBetId, sendTo, originalPlayerBetValue);        
        ^------------------------------------------------------------^
contracts/usingOraclize.sol:1713:3: Warning: "suicide" has been deprecated in favour of "selfdestruct"
		suicide(owner);
		^------------^
contracts/usingOraclize.sol:38:5: Warning: No visibility specified. Defaulting to "public". 
    function query(uint _timestamp, string _datasource, string _arg) payable returns (bytes32 _id);
    ^---------------------------------------------------------------------------------------------^
contracts/usingOraclize.sol:39:5: Warning: No visibility specified. Defaulting to "public". 
    function query_withGasLimit(uint _timestamp, string _datasource, string _arg, uint _gaslimit) payable returns (bytes32 _id);
    ^--------------------------------------------------------------------------------------------------------------------------^
contracts/usingOraclize.sol:40:5: Warning: No visibility specified. Defaulting to "public". 
    function query2(uint _timestamp, string _datasource, string _arg1, string _arg2) payable returns (bytes32 _id);
    ^-------------------------------------------------------------------------------------------------------------^
contracts/usingOraclize.sol:41:5: Warning: No visibility specified. Defaulting to "public". 
    function query2_withGasLimit(uint _timestamp, string _datasource, string _arg1, string _arg2, uint _gaslimit) payable returns (bytes32 _id);
    ^------------------------------------------------------------------------------------------------------------------------------------------^
contracts/usingOraclize.sol:42:5: Warning: No visibility specified. Defaulting to "public". 
    function queryN(uint _timestamp, string _datasource, bytes _argN) payable returns (bytes32 _id);
    ^----------------------------------------------------------------------------------------------^
contracts/usingOraclize.sol:43:5: Warning: No visibility specified. Defaulting to "public". 
    function queryN_withGasLimit(uint _timestamp, string _datasource, bytes _argN, uint _gaslimit) payable returns (bytes32 _id);
    ^---------------------------------------------------------------------------------------------------------------------------^
contracts/usingOraclize.sol:44:5: Warning: No visibility specified. Defaulting to "public". 
    function getPrice(string _datasource) returns (uint _dsprice);
    ^------------------------------------------------------------^
contracts/usingOraclize.sol:45:5: Warning: No visibility specified. Defaulting to "public". 
    function getPrice(string _datasource, uint gaslimit) returns (uint _dsprice);
    ^---------------------------------------------------------------------------^
contracts/usingOraclize.sol:46:5: Warning: No visibility specified. Defaulting to "public". 
    function useCoupon(string _coupon);
    ^---------------------------------^
contracts/usingOraclize.sol:47:5: Warning: No visibility specified. Defaulting to "public". 
    function setProofType(byte _proofType);
    ^-------------------------------------^
contracts/usingOraclize.sol:48:5: Warning: No visibility specified. Defaulting to "public". 
    function setConfig(bytes32 _config);
    ^----------------------------------^
contracts/usingOraclize.sol:49:5: Warning: No visibility specified. Defaulting to "public". 
    function setCustomGasPrice(uint _gasPrice);
    ^-----------------------------------------^
contracts/usingOraclize.sol:52:5: Warning: No visibility specified. Defaulting to "public". 
    function getAddress() returns (address _addr);
    ^--------------------------------------------^
contracts/usingOraclize.sol:81:34: Warning: Unused function parameter. Remove or comment out the variable name to silence this warning.
    function oraclize_setNetwork(uint8 networkID) internal returns(bool){
                                 ^-------------^
contracts/usingOraclize.sol:109:5: Warning: No visibility specified. Defaulting to "public". 
    function __callback(bytes32 myid, string result) {
    ^ (Relevant source part starts here and spans across multiple lines).
contracts/usingOraclize.sol:112:5: Warning: No visibility specified. Defaulting to "public". 
    function __callback(bytes32 myid, string result, bytes proof) {
    ^ (Relevant source part starts here and spans across multiple lines).
contracts/usingOraclize.sol:112:25: Warning: Unused function parameter. Remove or comment out the variable name to silence this warning.
    function __callback(bytes32 myid, string result, bytes proof) {
                        ^----------^
contracts/usingOraclize.sol:112:39: Warning: Unused function parameter. Remove or comment out the variable name to silence this warning.
    function __callback(bytes32 myid, string result, bytes proof) {
                                      ^-----------^
contracts/usingOraclize.sol:112:54: Warning: Unused function parameter. Remove or comment out the variable name to silence this warning.
    function __callback(bytes32 myid, string result, bytes proof) {
                                                     ^---------^
contracts/usingOraclize.sol:1367:5: Warning: No visibility specified. Defaulting to "public". 
    function Etheroll() {
    ^ (Relevant source part starts here and spans across multiple lines).
contracts/usingOraclize.sol:1602:5: Warning: No visibility specified. Defaulting to "public". 
    function ()
    ^ (Relevant source part starts here and spans across multiple lines).
contracts/usingOraclize.sol:112:5: Warning: Function state mutability can be restricted to pure
    function __callback(bytes32 myid, string result, bytes proof) {
    ^ (Relevant source part starts here and spans across multiple lines).
contracts/usingOraclize.sol:349:5: Warning: Function state mutability can be restricted to pure
    function parseAddr(string _a) internal returns (address){
    ^ (Relevant source part starts here and spans across multiple lines).
contracts/usingOraclize.sol:369:5: Warning: Function state mutability can be restricted to pure
    function strCompare(string _a, string _b) internal returns (int) {
    ^ (Relevant source part starts here and spans across multiple lines).
contracts/usingOraclize.sol:387:5: Warning: Function state mutability can be restricted to pure
    function indexOf(string _haystack, string _needle) internal returns (int) {
    ^ (Relevant source part starts here and spans across multiple lines).
contracts/usingOraclize.sol:414:5: Warning: Function state mutability can be restricted to pure
    function strConcat(string _a, string _b, string _c, string _d, string _e) internal returns (string) {
    ^ (Relevant source part starts here and spans across multiple lines).
contracts/usingOraclize.sol:449:5: Warning: Function state mutability can be restricted to pure
    function parseInt(string _a, uint _b) internal returns (uint) {
    ^ (Relevant source part starts here and spans across multiple lines).
contracts/usingOraclize.sol:467:5: Warning: Function state mutability can be restricted to pure
    function uint2str(uint i) internal returns (string){
    ^ (Relevant source part starts here and spans across multiple lines).
contracts/usingOraclize.sol:484:5: Warning: Function state mutability can be restricted to pure
    function stra2cbor(string[] arr) internal returns (bytes) {
    ^ (Relevant source part starts here and spans across multiple lines).
contracts/usingOraclize.sol:569:5: Warning: Function state mutability can be restricted to pure
    function memcpy(uint dest, uint src, uint len) private {
    ^ (Relevant source part starts here and spans across multiple lines).
contracts/usingOraclize.sol:593:5: Warning: Function state mutability can be restricted to pure
    function toSlice(string self) internal returns (slice) {
    ^ (Relevant source part starts here and spans across multiple lines).
contracts/usingOraclize.sol:606:5: Warning: Function state mutability can be restricted to pure
    function len(bytes32 self) internal returns (uint) {
    ^ (Relevant source part starts here and spans across multiple lines).
contracts/usingOraclize.sol:655:5: Warning: Function state mutability can be restricted to pure
    function copy(slice self) internal returns (slice) {
    ^ (Relevant source part starts here and spans across multiple lines).
contracts/usingOraclize.sol:681:5: Warning: Function state mutability can be restricted to pure
    function len(slice self) internal returns (uint) {
    ^ (Relevant source part starts here and spans across multiple lines).
contracts/usingOraclize.sol:710:5: Warning: Function state mutability can be restricted to pure
    function empty(slice self) internal returns (bool) {
    ^ (Relevant source part starts here and spans across multiple lines).
contracts/usingOraclize.sol:723:5: Warning: Function state mutability can be restricted to pure
    function compare(slice self, slice other) internal returns (int) {
    ^ (Relevant source part starts here and spans across multiple lines).
contracts/usingOraclize.sol:767:5: Warning: Function state mutability can be restricted to pure
    function nextRune(slice self, slice rune) internal returns (slice) {
    ^ (Relevant source part starts here and spans across multiple lines).
contracts/usingOraclize.sol:818:5: Warning: Function state mutability can be restricted to pure
    function ord(slice self) internal returns (uint ret) {
    ^ (Relevant source part starts here and spans across multiple lines).
contracts/usingOraclize.sol:867:5: Warning: Function state mutability can be restricted to pure
    function keccak(slice self) internal returns (bytes32 ret) {
    ^ (Relevant source part starts here and spans across multiple lines).
contracts/usingOraclize.sol:879:5: Warning: Function state mutability can be restricted to pure
    function startsWith(slice self, slice needle) internal returns (bool) {
    ^ (Relevant source part starts here and spans across multiple lines).
contracts/usingOraclize.sol:905:5: Warning: Function state mutability can be restricted to pure
    function beyond(slice self, slice needle) internal returns (slice) {
    ^ (Relevant source part starts here and spans across multiple lines).
contracts/usingOraclize.sol:934:5: Warning: Function state mutability can be restricted to pure
    function endsWith(slice self, slice needle) internal returns (bool) {
    ^ (Relevant source part starts here and spans across multiple lines).
contracts/usingOraclize.sol:962:5: Warning: Function state mutability can be restricted to pure
    function until(slice self, slice needle) internal returns (slice) {
    ^ (Relevant source part starts here and spans across multiple lines).
contracts/usingOraclize.sol:1240:5: Warning: Function state mutability can be restricted to pure
    function safeToAdd(uint a, uint b) internal returns (bool) {
    ^ (Relevant source part starts here and spans across multiple lines).
contracts/usingOraclize.sol:1248:5: Warning: Function state mutability can be restricted to pure
    function safeToSubtract(uint a, uint b) internal returns (bool) {
    ^ (Relevant source part starts here and spans across multiple lines).
contracts/Etheroll.sol:665:9: Warning: Use of the "var" keyword is deprecated.
        var ret = new string(self._len);
        ^-----^
contracts/Etheroll.sol:683:9: Warning: Use of the "var" keyword is deprecated.
        var ptr = self._ptr - 31;
        ^-----^
contracts/Etheroll.sol:684:9: Warning: Use of the "var" keyword is deprecated.
        var end = ptr + self._len;
        ^-----^
contracts/Etheroll.sol:728:9: Warning: Use of the "var" keyword is deprecated.
        var selfptr = self._ptr;
        ^---------^
contracts/Etheroll.sol:729:9: Warning: Use of the "var" keyword is deprecated.
        var otherptr = other._ptr;
        ^----------^
contracts/Etheroll.sol:740:17: Warning: Use of the "var" keyword is deprecated.
                var diff = (a & mask) - (b & mask);
                ^------^
contracts/Etheroll.sol:829:9: Warning: Use of the "var" keyword is deprecated.
        var b = word / div;
        ^---^
contracts/Etheroll.sol:939:9: Warning: Use of the "var" keyword is deprecated.
        var selfptr = self._ptr + self._len - needle._len;
        ^---------^
contracts/Etheroll.sol:967:9: Warning: Use of the "var" keyword is deprecated.
        var selfptr = self._ptr + self._len - needle._len;
        ^---------^
contracts/Etheroll.sol:1197:9: Warning: Use of the "var" keyword is deprecated.
        var ret = new string(self._len + other._len);
        ^-----^
contracts/Etheroll.sol:1221:9: Warning: Use of the "var" keyword is deprecated.
        var ret = new string(len);
        ^-----^
contracts/Etheroll.sol:1244:31: Warning: "throw" is deprecated in favour of "revert()", "require()" and "assert()".
        if (!safeToAdd(a, b)) throw;
                              ^---^
contracts/Etheroll.sol:1253:36: Warning: "throw" is deprecated in favour of "revert()", "require()" and "assert()".
        if (!safeToSubtract(a, b)) throw;
                                   ^---^
contracts/Etheroll.sol:1268:230: Warning: "throw" is deprecated in favour of "revert()", "require()" and "assert()".
 ... throw ... 
     ^---^
contracts/Etheroll.sol:1276:32: Warning: "throw" is deprecated in favour of "revert()", "require()" and "assert()".
        if(gamePaused == true) throw;
                               ^---^
contracts/Etheroll.sol:1284:35: Warning: "throw" is deprecated in favour of "revert()", "require()" and "assert()".
        if(payoutsPaused == true) throw;
                                  ^---^
contracts/Etheroll.sol:1292:49: Warning: "throw" is deprecated in favour of "revert()", "require()" and "assert()".
        if (msg.sender != oraclize_cbAddress()) throw;
                                                ^---^
contracts/Etheroll.sol:1300:35: Warning: "throw" is deprecated in favour of "revert()", "require()" and "assert()".
         if (msg.sender != owner) throw;
                                  ^---^
contracts/Etheroll.sol:1308:38: Warning: "throw" is deprecated in favour of "revert()", "require()" and "assert()".
         if (msg.sender != treasury) throw;
                                     ^---^
contracts/Etheroll.sol:1367:5: Warning: Defining constructors as functions with the same name as the contract is deprecated. Use "constructor(...) { ... }" instead.
    function Etheroll() {
    ^ (Relevant source part starts here and spans across multiple lines).
contracts/Etheroll.sol:1422:50: Warning: "throw" is deprecated in favour of "revert()", "require()" and "assert()".
        if(maxPendingPayouts >= contractBalance) throw;
                                                 ^---^
contracts/Etheroll.sol:1439:39: Warning: "throw" is deprecated in favour of "revert()", "require()" and "assert()".
        if (playerAddress[myid]==0x0) throw;
                                      ^---^
contracts/Etheroll.sol:1442:9: Warning: Use of the "var" keyword is deprecated.
        var sl_result = result.toSlice();
        ^-----------^
contracts/Etheroll.sol:1638:43: Warning: "throw" is deprecated in favour of "revert()", "require()" and "assert()".
        if(newMaxProfitAsPercent > 10000) throw;
                                          ^---^
contracts/Etheroll.sol:1658:34: Warning: "throw" is deprecated in favour of "revert()", "require()" and "assert()".
        if(!sendTo.send(amount)) throw;
                                 ^---^
contracts/Etheroll.sol:1676:50: Warning: "throw" is deprecated in favour of "revert()", "require()" and "assert()".
        if(!sendTo.send(originalPlayerBetValue)) throw;
                                                 ^---^
contracts/Etheroll.sol:685:14: Warning: This declaration shadows an existing declaration.
        for (uint len = 0; ptr < end; len++) {
             ^------^
contracts/Etheroll.sol:681:5: The shadowed declaration is here:
    function len(slice self) internal returns (uint) {
    ^ (Relevant source part starts here and spans across multiple lines).

contracts/Etheroll.sol:775:9: Warning: This declaration shadows an existing declaration.
        uint len;
        ^------^
contracts/Etheroll.sol:681:5: The shadowed declaration is here:
    function len(slice self) internal returns (uint) {
    ^ (Relevant source part starts here and spans across multiple lines).

contracts/Etheroll.sol:824:9: Warning: This declaration shadows an existing declaration.
        uint len;
        ^------^
contracts/Etheroll.sol:681:5: The shadowed declaration is here:
    function len(slice self) internal returns (uint) {
    ^ (Relevant source part starts here and spans across multiple lines).

contracts/Etheroll.sol:1171:64: Warning: This declaration shadows an existing declaration.
    function count(slice self, slice needle) internal returns (uint count) {
                                                               ^--------^
contracts/Etheroll.sol:1171:5: The shadowed declaration is here:
    function count(slice self, slice needle) internal returns (uint count) {
    ^ (Relevant source part starts here and spans across multiple lines).

contracts/Etheroll.sol:1217:9: Warning: This declaration shadows an existing declaration.
        uint len = self._len * (parts.length - 1);
        ^------^
contracts/Etheroll.sol:681:5: The shadowed declaration is here:
    function len(slice self) internal returns (uint) {
    ^ (Relevant source part starts here and spans across multiple lines).

contracts/Etheroll.sol:825:9: Warning: Variable is shadowed in inline assembly by an instruction of the same name
        uint div = 2 ** 248;
        ^------^
contracts/Etheroll.sol:998:21: Warning: The use of labels is deprecated. Please use "if", "switch", "for" or function calls instead.
                    loop:
                    ^--^
contracts/Etheroll.sol:998:21: Warning: Jump instructions and labels are low-level EVM features that can lead to incorrect stack access. Because of that they are discouraged. Please consider using "switch", "if" or "for" statements instead.
                    loop:
                    ^--^
contracts/Etheroll.sol:999:21: Warning: Jump instructions and labels are low-level EVM features that can lead to incorrect stack access. Because of that they are discouraged. Please consider using "switch", "if" or "for" statements instead.
                    jumpi(exit, eq(and(mload(ptr), mask), needledata))
                    ^------------------------------------------------^
contracts/Etheroll.sol:1001:21: Warning: Jump instructions and labels are low-level EVM features that can lead to incorrect stack access. Because of that they are discouraged. Please consider using "switch", "if" or "for" statements instead.
                    jumpi(loop, lt(sub(ptr, 1), end))
                    ^-------------------------------^
contracts/Etheroll.sol:1003:21: Warning: The use of labels is deprecated. Please use "if", "switch", "for" or function calls instead.
                    exit:
                    ^--^
contracts/Etheroll.sol:1003:21: Warning: Jump instructions and labels are low-level EVM features that can lead to incorrect stack access. Because of that they are discouraged. Please consider using "switch", "if" or "for" statements instead.
                    exit:
                    ^--^
contracts/Etheroll.sol:1035:21: Warning: The use of labels is deprecated. Please use "if", "switch", "for" or function calls instead.
                    loop:
                    ^--^
contracts/Etheroll.sol:1035:21: Warning: Jump instructions and labels are low-level EVM features that can lead to incorrect stack access. Because of that they are discouraged. Please consider using "switch", "if" or "for" statements instead.
                    loop:
                    ^--^
contracts/Etheroll.sol:1036:21: Warning: Jump instructions and labels are low-level EVM features that can lead to incorrect stack access. Because of that they are discouraged. Please consider using "switch", "if" or "for" statements instead.
                    jumpi(ret, eq(and(mload(ptr), mask), needledata))
                    ^-----------------------------------------------^
contracts/Etheroll.sol:1038:21: Warning: Jump instructions and labels are low-level EVM features that can lead to incorrect stack access. Because of that they are discouraged. Please consider using "switch", "if" or "for" statements instead.
                    jumpi(loop, gt(add(ptr, 1), selfptr))
                    ^-----------------------------------^
contracts/Etheroll.sol:1040:21: Warning: Jump instructions and labels are low-level EVM features that can lead to incorrect stack access. Because of that they are discouraged. Please consider using "switch", "if" or "for" statements instead.
                    jump(exit)
                    ^--------^
contracts/Etheroll.sol:1041:21: Warning: The use of labels is deprecated. Please use "if", "switch", "for" or function calls instead.
                    ret:
                    ^-^
contracts/Etheroll.sol:1041:21: Warning: Jump instructions and labels are low-level EVM features that can lead to incorrect stack access. Because of that they are discouraged. Please consider using "switch", "if" or "for" statements instead.
                    ret:
                    ^-^
contracts/Etheroll.sol:1043:21: Warning: The use of labels is deprecated. Please use "if", "switch", "for" or function calls instead.
                    exit:
                    ^--^
contracts/Etheroll.sol:1043:21: Warning: Jump instructions and labels are low-level EVM features that can lead to incorrect stack access. Because of that they are discouraged. Please consider using "switch", "if" or "for" statements instead.
                    exit:
                    ^--^
contracts/Etheroll.sol:1424:9: Warning: Invoking events without "emit" prefix is deprecated.
        LogBet(playerBetId[rngId], playerAd ... tValue[rngId], playerNumber[rngId]);          
        ^-------------------------------------------------------------------------^
contracts/Etheroll.sol:1452:38: Warning: "sha3" has been deprecated in favour of "keccak256"
        playerDieResult[myid] = uint(sha3(playerRandomResult[myid], proof)) % 100 + 1;
                                     ^-----------------------------------^
contracts/Etheroll.sol:1452:38: Warning: This function only accepts a single "bytes" argument. Please use "abi.encodePacked(...)" or a similar function to encode the data.
        playerDieResult[myid] = uint(sha3(playerRandomResult[myid], proof)) % 100 + 1;
                                     ^-----------------------------------^
contracts/Etheroll.sol:1479:14: Warning: Invoking events without "emit" prefix is deprecated.
             LogResult(serialNumberOfResult, pla ... playerTempBetValue[myid], 3, proof);            
             ^-------------------------------------------------------------------------^
contracts/Etheroll.sol:1487:17: Warning: Invoking events without "emit" prefix is deprecated.
                LogResult(serialNumberOfResult, pla ... playerTempBetValue[myid], 4, proof);              
                ^-------------------------------------------------------------------------^
contracts/Etheroll.sol:1512:13: Warning: Invoking events without "emit" prefix is deprecated.
            LogResult(serialNumberOfResult, pla ... , playerTempReward[myid], 1, proof);                            
            ^-------------------------------------------------------------------------^
contracts/Etheroll.sol:1523:17: Warning: Invoking events without "emit" prefix is deprecated.
                LogResult(serialNumberOfResult, pla ... , playerTempReward[myid], 2, proof);                   
                ^-------------------------------------------------------------------------^
contracts/Etheroll.sol:1539:13: Warning: Invoking events without "emit" prefix is deprecated.
            LogResult(serialNumberOfResult, pla ... playerTempBetValue[myid], 0, proof);                                
            ^-------------------------------------------------------------------------^
contracts/Etheroll.sol:1659:9: Warning: Invoking events without "emit" prefix is deprecated.
        LogOwnerTransfer(sendTo, amount); 
        ^------------------------------^
contracts/Etheroll.sol:1678:9: Warning: Invoking events without "emit" prefix is deprecated.
        LogRefund(originalPlayerBetId, sendTo, originalPlayerBetValue);        
        ^------------------------------------------------------------^
contracts/Etheroll.sol:1713:3: Warning: "suicide" has been deprecated in favour of "selfdestruct"
		suicide(owner);
		^------------^
contracts/Etheroll.sol:38:5: Warning: No visibility specified. Defaulting to "public". 
    function query(uint _timestamp, string _datasource, string _arg) payable returns (bytes32 _id);
    ^---------------------------------------------------------------------------------------------^
contracts/Etheroll.sol:39:5: Warning: No visibility specified. Defaulting to "public". 
    function query_withGasLimit(uint _timestamp, string _datasource, string _arg, uint _gaslimit) payable returns (bytes32 _id);
    ^--------------------------------------------------------------------------------------------------------------------------^
contracts/Etheroll.sol:40:5: Warning: No visibility specified. Defaulting to "public". 
    function query2(uint _timestamp, string _datasource, string _arg1, string _arg2) payable returns (bytes32 _id);
    ^-------------------------------------------------------------------------------------------------------------^
contracts/Etheroll.sol:41:5: Warning: No visibility specified. Defaulting to "public". 
    function query2_withGasLimit(uint _timestamp, string _datasource, string _arg1, string _arg2, uint _gaslimit) payable returns (bytes32 _id);
    ^------------------------------------------------------------------------------------------------------------------------------------------^
contracts/Etheroll.sol:42:5: Warning: No visibility specified. Defaulting to "public". 
    function queryN(uint _timestamp, string _datasource, bytes _argN) payable returns (bytes32 _id);
    ^----------------------------------------------------------------------------------------------^
contracts/Etheroll.sol:43:5: Warning: No visibility specified. Defaulting to "public". 
    function queryN_withGasLimit(uint _timestamp, string _datasource, bytes _argN, uint _gaslimit) payable returns (bytes32 _id);
    ^---------------------------------------------------------------------------------------------------------------------------^
contracts/Etheroll.sol:44:5: Warning: No visibility specified. Defaulting to "public". 
    function getPrice(string _datasource) returns (uint _dsprice);
    ^------------------------------------------------------------^
contracts/Etheroll.sol:45:5: Warning: No visibility specified. Defaulting to "public". 
    function getPrice(string _datasource, uint gaslimit) returns (uint _dsprice);
    ^---------------------------------------------------------------------------^
contracts/Etheroll.sol:46:5: Warning: No visibility specified. Defaulting to "public". 
    function useCoupon(string _coupon);
    ^---------------------------------^
contracts/Etheroll.sol:47:5: Warning: No visibility specified. Defaulting to "public". 
    function setProofType(byte _proofType);
    ^-------------------------------------^
contracts/Etheroll.sol:48:5: Warning: No visibility specified. Defaulting to "public". 
    function setConfig(bytes32 _config);
    ^----------------------------------^
contracts/Etheroll.sol:49:5: Warning: No visibility specified. Defaulting to "public". 
    function setCustomGasPrice(uint _gasPrice);
    ^-----------------------------------------^
contracts/Etheroll.sol:52:5: Warning: No visibility specified. Defaulting to "public". 
    function getAddress() returns (address _addr);
    ^--------------------------------------------^
contracts/Etheroll.sol:81:34: Warning: Unused function parameter. Remove or comment out the variable name to silence this warning.
    function oraclize_setNetwork(uint8 networkID) internal returns(bool){
                                 ^-------------^
contracts/Etheroll.sol:109:5: Warning: No visibility specified. Defaulting to "public". 
    function __callback(bytes32 myid, string result) {
    ^ (Relevant source part starts here and spans across multiple lines).
contracts/Etheroll.sol:112:5: Warning: No visibility specified. Defaulting to "public". 
    function __callback(bytes32 myid, string result, bytes proof) {
    ^ (Relevant source part starts here and spans across multiple lines).
contracts/Etheroll.sol:112:25: Warning: Unused function parameter. Remove or comment out the variable name to silence this warning.
    function __callback(bytes32 myid, string result, bytes proof) {
                        ^----------^
contracts/Etheroll.sol:112:39: Warning: Unused function parameter. Remove or comment out the variable name to silence this warning.
    function __callback(bytes32 myid, string result, bytes proof) {
                                      ^-----------^
contracts/Etheroll.sol:112:54: Warning: Unused function parameter. Remove or comment out the variable name to silence this warning.
    function __callback(bytes32 myid, string result, bytes proof) {
                                                     ^---------^
contracts/Etheroll.sol:1367:5: Warning: No visibility specified. Defaulting to "public". 
    function Etheroll() {
    ^ (Relevant source part starts here and spans across multiple lines).
contracts/Etheroll.sol:1602:5: Warning: No visibility specified. Defaulting to "public". 
    function ()
    ^ (Relevant source part starts here and spans across multiple lines).
contracts/Etheroll.sol:112:5: Warning: Function state mutability can be restricted to pure
    function __callback(bytes32 myid, string result, bytes proof) {
    ^ (Relevant source part starts here and spans across multiple lines).
contracts/Etheroll.sol:349:5: Warning: Function state mutability can be restricted to pure
    function parseAddr(string _a) internal returns (address){
    ^ (Relevant source part starts here and spans across multiple lines).
contracts/Etheroll.sol:369:5: Warning: Function state mutability can be restricted to pure
    function strCompare(string _a, string _b) internal returns (int) {
    ^ (Relevant source part starts here and spans across multiple lines).
contracts/Etheroll.sol:387:5: Warning: Function state mutability can be restricted to pure
    function indexOf(string _haystack, string _needle) internal returns (int) {
    ^ (Relevant source part starts here and spans across multiple lines).
contracts/Etheroll.sol:414:5: Warning: Function state mutability can be restricted to pure
    function strConcat(string _a, string _b, string _c, string _d, string _e) internal returns (string) {
    ^ (Relevant source part starts here and spans across multiple lines).
contracts/Etheroll.sol:449:5: Warning: Function state mutability can be restricted to pure
    function parseInt(string _a, uint _b) internal returns (uint) {
    ^ (Relevant source part starts here and spans across multiple lines).
contracts/Etheroll.sol:467:5: Warning: Function state mutability can be restricted to pure
    function uint2str(uint i) internal returns (string){
    ^ (Relevant source part starts here and spans across multiple lines).
contracts/Etheroll.sol:484:5: Warning: Function state mutability can be restricted to pure
    function stra2cbor(string[] arr) internal returns (bytes) {
    ^ (Relevant source part starts here and spans across multiple lines).
contracts/Etheroll.sol:569:5: Warning: Function state mutability can be restricted to pure
    function memcpy(uint dest, uint src, uint len) private {
    ^ (Relevant source part starts here and spans across multiple lines).
contracts/Etheroll.sol:593:5: Warning: Function state mutability can be restricted to pure
    function toSlice(string self) internal returns (slice) {
    ^ (Relevant source part starts here and spans across multiple lines).
contracts/Etheroll.sol:606:5: Warning: Function state mutability can be restricted to pure
    function len(bytes32 self) internal returns (uint) {
    ^ (Relevant source part starts here and spans across multiple lines).
contracts/Etheroll.sol:655:5: Warning: Function state mutability can be restricted to pure
    function copy(slice self) internal returns (slice) {
    ^ (Relevant source part starts here and spans across multiple lines).
contracts/Etheroll.sol:681:5: Warning: Function state mutability can be restricted to pure
    function len(slice self) internal returns (uint) {
    ^ (Relevant source part starts here and spans across multiple lines).
contracts/Etheroll.sol:710:5: Warning: Function state mutability can be restricted to pure
    function empty(slice self) internal returns (bool) {
    ^ (Relevant source part starts here and spans across multiple lines).
contracts/Etheroll.sol:723:5: Warning: Function state mutability can be restricted to pure
    function compare(slice self, slice other) internal returns (int) {
    ^ (Relevant source part starts here and spans across multiple lines).
contracts/Etheroll.sol:767:5: Warning: Function state mutability can be restricted to pure
    function nextRune(slice self, slice rune) internal returns (slice) {
    ^ (Relevant source part starts here and spans across multiple lines).
contracts/Etheroll.sol:818:5: Warning: Function state mutability can be restricted to pure
    function ord(slice self) internal returns (uint ret) {
    ^ (Relevant source part starts here and spans across multiple lines).
contracts/Etheroll.sol:867:5: Warning: Function state mutability can be restricted to pure
    function keccak(slice self) internal returns (bytes32 ret) {
    ^ (Relevant source part starts here and spans across multiple lines).
contracts/Etheroll.sol:879:5: Warning: Function state mutability can be restricted to pure
    function startsWith(slice self, slice needle) internal returns (bool) {
    ^ (Relevant source part starts here and spans across multiple lines).
contracts/Etheroll.sol:905:5: Warning: Function state mutability can be restricted to pure
    function beyond(slice self, slice needle) internal returns (slice) {
    ^ (Relevant source part starts here and spans across multiple lines).
contracts/Etheroll.sol:934:5: Warning: Function state mutability can be restricted to pure
    function endsWith(slice self, slice needle) internal returns (bool) {
    ^ (Relevant source part starts here and spans across multiple lines).
contracts/Etheroll.sol:962:5: Warning: Function state mutability can be restricted to pure
    function until(slice self, slice needle) internal returns (slice) {
    ^ (Relevant source part starts here and spans across multiple lines).
contracts/Etheroll.sol:1240:5: Warning: Function state mutability can be restricted to pure
    function safeToAdd(uint a, uint b) internal returns (bool) {
    ^ (Relevant source part starts here and spans across multiple lines).
contracts/Etheroll.sol:1248:5: Warning: Function state mutability can be restricted to pure
    function safeToSubtract(uint a, uint b) internal returns (bool) {
    ^ (Relevant source part starts here and spans across multiple lines).
contracts/strings.sol:665:9: Warning: Use of the "var" keyword is deprecated.
        var ret = new string(self._len);
        ^-----^
contracts/strings.sol:683:9: Warning: Use of the "var" keyword is deprecated.
        var ptr = self._ptr - 31;
        ^-----^
contracts/strings.sol:684:9: Warning: Use of the "var" keyword is deprecated.
        var end = ptr + self._len;
        ^-----^
contracts/strings.sol:728:9: Warning: Use of the "var" keyword is deprecated.
        var selfptr = self._ptr;
        ^---------^
contracts/strings.sol:729:9: Warning: Use of the "var" keyword is deprecated.
        var otherptr = other._ptr;
        ^----------^
contracts/strings.sol:740:17: Warning: Use of the "var" keyword is deprecated.
                var diff = (a & mask) - (b & mask);
                ^------^
contracts/strings.sol:829:9: Warning: Use of the "var" keyword is deprecated.
        var b = word / div;
        ^---^
contracts/strings.sol:939:9: Warning: Use of the "var" keyword is deprecated.
        var selfptr = self._ptr + self._len - needle._len;
        ^---------^
contracts/strings.sol:967:9: Warning: Use of the "var" keyword is deprecated.
        var selfptr = self._ptr + self._len - needle._len;
        ^---------^
contracts/strings.sol:1197:9: Warning: Use of the "var" keyword is deprecated.
        var ret = new string(self._len + other._len);
        ^-----^
contracts/strings.sol:1221:9: Warning: Use of the "var" keyword is deprecated.
        var ret = new string(len);
        ^-----^
contracts/strings.sol:1244:31: Warning: "throw" is deprecated in favour of "revert()", "require()" and "assert()".
        if (!safeToAdd(a, b)) throw;
                              ^---^
contracts/strings.sol:1253:36: Warning: "throw" is deprecated in favour of "revert()", "require()" and "assert()".
        if (!safeToSubtract(a, b)) throw;
                                   ^---^
contracts/strings.sol:1268:230: Warning: "throw" is deprecated in favour of "revert()", "require()" and "assert()".
 ... throw ... 
     ^---^
contracts/strings.sol:1276:32: Warning: "throw" is deprecated in favour of "revert()", "require()" and "assert()".
        if(gamePaused == true) throw;
                               ^---^
contracts/strings.sol:1284:35: Warning: "throw" is deprecated in favour of "revert()", "require()" and "assert()".
        if(payoutsPaused == true) throw;
                                  ^---^
contracts/strings.sol:1292:49: Warning: "throw" is deprecated in favour of "revert()", "require()" and "assert()".
        if (msg.sender != oraclize_cbAddress()) throw;
                                                ^---^
contracts/strings.sol:1300:35: Warning: "throw" is deprecated in favour of "revert()", "require()" and "assert()".
         if (msg.sender != owner) throw;
                                  ^---^
contracts/strings.sol:1308:38: Warning: "throw" is deprecated in favour of "revert()", "require()" and "assert()".
         if (msg.sender != treasury) throw;
                                     ^---^
contracts/strings.sol:1367:5: Warning: Defining constructors as functions with the same name as the contract is deprecated. Use "constructor(...) { ... }" instead.
    function Etheroll() {
    ^ (Relevant source part starts here and spans across multiple lines).
contracts/strings.sol:1422:50: Warning: "throw" is deprecated in favour of "revert()", "require()" and "assert()".
        if(maxPendingPayouts >= contractBalance) throw;
                                                 ^---^
contracts/strings.sol:1439:39: Warning: "throw" is deprecated in favour of "revert()", "require()" and "assert()".
        if (playerAddress[myid]==0x0) throw;
                                      ^---^
contracts/strings.sol:1442:9: Warning: Use of the "var" keyword is deprecated.
        var sl_result = result.toSlice();
        ^-----------^
contracts/strings.sol:1638:43: Warning: "throw" is deprecated in favour of "revert()", "require()" and "assert()".
        if(newMaxProfitAsPercent > 10000) throw;
                                          ^---^
contracts/strings.sol:1658:34: Warning: "throw" is deprecated in favour of "revert()", "require()" and "assert()".
        if(!sendTo.send(amount)) throw;
                                 ^---^
contracts/strings.sol:1676:50: Warning: "throw" is deprecated in favour of "revert()", "require()" and "assert()".
        if(!sendTo.send(originalPlayerBetValue)) throw;
                                                 ^---^
contracts/strings.sol:685:14: Warning: This declaration shadows an existing declaration.
        for (uint len = 0; ptr < end; len++) {
             ^------^
contracts/strings.sol:681:5: The shadowed declaration is here:
    function len(slice self) internal returns (uint) {
    ^ (Relevant source part starts here and spans across multiple lines).

contracts/strings.sol:775:9: Warning: This declaration shadows an existing declaration.
        uint len;
        ^------^
contracts/strings.sol:681:5: The shadowed declaration is here:
    function len(slice self) internal returns (uint) {
    ^ (Relevant source part starts here and spans across multiple lines).

contracts/strings.sol:824:9: Warning: This declaration shadows an existing declaration.
        uint len;
        ^------^
contracts/strings.sol:681:5: The shadowed declaration is here:
    function len(slice self) internal returns (uint) {
    ^ (Relevant source part starts here and spans across multiple lines).

contracts/strings.sol:1171:64: Warning: This declaration shadows an existing declaration.
    function count(slice self, slice needle) internal returns (uint count) {
                                                               ^--------^
contracts/strings.sol:1171:5: The shadowed declaration is here:
    function count(slice self, slice needle) internal returns (uint count) {
    ^ (Relevant source part starts here and spans across multiple lines).

contracts/strings.sol:1217:9: Warning: This declaration shadows an existing declaration.
        uint len = self._len * (parts.length - 1);
        ^------^
contracts/strings.sol:681:5: The shadowed declaration is here:
    function len(slice self) internal returns (uint) {
    ^ (Relevant source part starts here and spans across multiple lines).

contracts/strings.sol:825:9: Warning: Variable is shadowed in inline assembly by an instruction of the same name
        uint div = 2 ** 248;
        ^------^
contracts/strings.sol:998:21: Warning: The use of labels is deprecated. Please use "if", "switch", "for" or function calls instead.
                    loop:
                    ^--^
contracts/strings.sol:998:21: Warning: Jump instructions and labels are low-level EVM features that can lead to incorrect stack access. Because of that they are discouraged. Please consider using "switch", "if" or "for" statements instead.
                    loop:
                    ^--^
contracts/strings.sol:999:21: Warning: Jump instructions and labels are low-level EVM features that can lead to incorrect stack access. Because of that they are discouraged. Please consider using "switch", "if" or "for" statements instead.
                    jumpi(exit, eq(and(mload(ptr), mask), needledata))
                    ^------------------------------------------------^
contracts/strings.sol:1001:21: Warning: Jump instructions and labels are low-level EVM features that can lead to incorrect stack access. Because of that they are discouraged. Please consider using "switch", "if" or "for" statements instead.
                    jumpi(loop, lt(sub(ptr, 1), end))
                    ^-------------------------------^
contracts/strings.sol:1003:21: Warning: The use of labels is deprecated. Please use "if", "switch", "for" or function calls instead.
                    exit:
                    ^--^
contracts/strings.sol:1003:21: Warning: Jump instructions and labels are low-level EVM features that can lead to incorrect stack access. Because of that they are discouraged. Please consider using "switch", "if" or "for" statements instead.
                    exit:
                    ^--^
contracts/strings.sol:1035:21: Warning: The use of labels is deprecated. Please use "if", "switch", "for" or function calls instead.
                    loop:
                    ^--^
contracts/strings.sol:1035:21: Warning: Jump instructions and labels are low-level EVM features that can lead to incorrect stack access. Because of that they are discouraged. Please consider using "switch", "if" or "for" statements instead.
                    loop:
                    ^--^
contracts/strings.sol:1036:21: Warning: Jump instructions and labels are low-level EVM features that can lead to incorrect stack access. Because of that they are discouraged. Please consider using "switch", "if" or "for" statements instead.
                    jumpi(ret, eq(and(mload(ptr), mask), needledata))
                    ^-----------------------------------------------^
contracts/strings.sol:1038:21: Warning: Jump instructions and labels are low-level EVM features that can lead to incorrect stack access. Because of that they are discouraged. Please consider using "switch", "if" or "for" statements instead.
                    jumpi(loop, gt(add(ptr, 1), selfptr))
                    ^-----------------------------------^
contracts/strings.sol:1040:21: Warning: Jump instructions and labels are low-level EVM features that can lead to incorrect stack access. Because of that they are discouraged. Please consider using "switch", "if" or "for" statements instead.
                    jump(exit)
                    ^--------^
contracts/strings.sol:1041:21: Warning: The use of labels is deprecated. Please use "if", "switch", "for" or function calls instead.
                    ret:
                    ^-^
contracts/strings.sol:1041:21: Warning: Jump instructions and labels are low-level EVM features that can lead to incorrect stack access. Because of that they are discouraged. Please consider using "switch", "if" or "for" statements instead.
                    ret:
                    ^-^
contracts/strings.sol:1043:21: Warning: The use of labels is deprecated. Please use "if", "switch", "for" or function calls instead.
                    exit:
                    ^--^
contracts/strings.sol:1043:21: Warning: Jump instructions and labels are low-level EVM features that can lead to incorrect stack access. Because of that they are discouraged. Please consider using "switch", "if" or "for" statements instead.
                    exit:
                    ^--^
contracts/strings.sol:1424:9: Warning: Invoking events without "emit" prefix is deprecated.
        LogBet(playerBetId[rngId], playerAd ... tValue[rngId], playerNumber[rngId]);          
        ^-------------------------------------------------------------------------^
contracts/strings.sol:1452:38: Warning: "sha3" has been deprecated in favour of "keccak256"
        playerDieResult[myid] = uint(sha3(playerRandomResult[myid], proof)) % 100 + 1;
                                     ^-----------------------------------^
contracts/strings.sol:1452:38: Warning: This function only accepts a single "bytes" argument. Please use "abi.encodePacked(...)" or a similar function to encode the data.
        playerDieResult[myid] = uint(sha3(playerRandomResult[myid], proof)) % 100 + 1;
                                     ^-----------------------------------^
contracts/strings.sol:1479:14: Warning: Invoking events without "emit" prefix is deprecated.
             LogResult(serialNumberOfResult, pla ... playerTempBetValue[myid], 3, proof);            
             ^-------------------------------------------------------------------------^
contracts/strings.sol:1487:17: Warning: Invoking events without "emit" prefix is deprecated.
                LogResult(serialNumberOfResult, pla ... playerTempBetValue[myid], 4, proof);              
                ^-------------------------------------------------------------------------^
contracts/strings.sol:1512:13: Warning: Invoking events without "emit" prefix is deprecated.
            LogResult(serialNumberOfResult, pla ... , playerTempReward[myid], 1, proof);                            
            ^-------------------------------------------------------------------------^
contracts/strings.sol:1523:17: Warning: Invoking events without "emit" prefix is deprecated.
                LogResult(serialNumberOfResult, pla ... , playerTempReward[myid], 2, proof);                   
                ^-------------------------------------------------------------------------^
contracts/strings.sol:1539:13: Warning: Invoking events without "emit" prefix is deprecated.
            LogResult(serialNumberOfResult, pla ... playerTempBetValue[myid], 0, proof);                                
            ^-------------------------------------------------------------------------^
contracts/strings.sol:1659:9: Warning: Invoking events without "emit" prefix is deprecated.
        LogOwnerTransfer(sendTo, amount); 
        ^------------------------------^
contracts/strings.sol:1678:9: Warning: Invoking events without "emit" prefix is deprecated.
        LogRefund(originalPlayerBetId, sendTo, originalPlayerBetValue);        
        ^------------------------------------------------------------^
contracts/strings.sol:1713:3: Warning: "suicide" has been deprecated in favour of "selfdestruct"
		suicide(owner);
		^------------^
contracts/strings.sol:38:5: Warning: No visibility specified. Defaulting to "public". 
    function query(uint _timestamp, string _datasource, string _arg) payable returns (bytes32 _id);
    ^---------------------------------------------------------------------------------------------^
contracts/strings.sol:39:5: Warning: No visibility specified. Defaulting to "public". 
    function query_withGasLimit(uint _timestamp, string _datasource, string _arg, uint _gaslimit) payable returns (bytes32 _id);
    ^--------------------------------------------------------------------------------------------------------------------------^
contracts/strings.sol:40:5: Warning: No visibility specified. Defaulting to "public". 
    function query2(uint _timestamp, string _datasource, string _arg1, string _arg2) payable returns (bytes32 _id);
    ^-------------------------------------------------------------------------------------------------------------^
contracts/strings.sol:41:5: Warning: No visibility specified. Defaulting to "public". 
    function query2_withGasLimit(uint _timestamp, string _datasource, string _arg1, string _arg2, uint _gaslimit) payable returns (bytes32 _id);
    ^------------------------------------------------------------------------------------------------------------------------------------------^
contracts/strings.sol:42:5: Warning: No visibility specified. Defaulting to "public". 
    function queryN(uint _timestamp, string _datasource, bytes _argN) payable returns (bytes32 _id);
    ^----------------------------------------------------------------------------------------------^
contracts/strings.sol:43:5: Warning: No visibility specified. Defaulting to "public". 
    function queryN_withGasLimit(uint _timestamp, string _datasource, bytes _argN, uint _gaslimit) payable returns (bytes32 _id);
    ^---------------------------------------------------------------------------------------------------------------------------^
contracts/strings.sol:44:5: Warning: No visibility specified. Defaulting to "public". 
    function getPrice(string _datasource) returns (uint _dsprice);
    ^------------------------------------------------------------^
contracts/strings.sol:45:5: Warning: No visibility specified. Defaulting to "public". 
    function getPrice(string _datasource, uint gaslimit) returns (uint _dsprice);
    ^---------------------------------------------------------------------------^
contracts/strings.sol:46:5: Warning: No visibility specified. Defaulting to "public". 
    function useCoupon(string _coupon);
    ^---------------------------------^
contracts/strings.sol:47:5: Warning: No visibility specified. Defaulting to "public". 
    function setProofType(byte _proofType);
    ^-------------------------------------^
contracts/strings.sol:48:5: Warning: No visibility specified. Defaulting to "public". 
    function setConfig(bytes32 _config);
    ^----------------------------------^
contracts/strings.sol:49:5: Warning: No visibility specified. Defaulting to "public". 
    function setCustomGasPrice(uint _gasPrice);
    ^-----------------------------------------^
contracts/strings.sol:52:5: Warning: No visibility specified. Defaulting to "public". 
    function getAddress() returns (address _addr);
    ^--------------------------------------------^
contracts/strings.sol:81:34: Warning: Unused function parameter. Remove or comment out the variable name to silence this warning.
    function oraclize_setNetwork(uint8 networkID) internal returns(bool){
                                 ^-------------^
contracts/strings.sol:109:5: Warning: No visibility specified. Defaulting to "public". 
    function __callback(bytes32 myid, string result) {
    ^ (Relevant source part starts here and spans across multiple lines).
contracts/strings.sol:112:5: Warning: No visibility specified. Defaulting to "public". 
    function __callback(bytes32 myid, string result, bytes proof) {
    ^ (Relevant source part starts here and spans across multiple lines).
contracts/strings.sol:112:25: Warning: Unused function parameter. Remove or comment out the variable name to silence this warning.
    function __callback(bytes32 myid, string result, bytes proof) {
                        ^----------^
contracts/strings.sol:112:39: Warning: Unused function parameter. Remove or comment out the variable name to silence this warning.
    function __callback(bytes32 myid, string result, bytes proof) {
                                      ^-----------^
contracts/strings.sol:112:54: Warning: Unused function parameter. Remove or comment out the variable name to silence this warning.
    function __callback(bytes32 myid, string result, bytes proof) {
                                                     ^---------^
contracts/strings.sol:1367:5: Warning: No visibility specified. Defaulting to "public". 
    function Etheroll() {
    ^ (Relevant source part starts here and spans across multiple lines).
contracts/strings.sol:1602:5: Warning: No visibility specified. Defaulting to "public". 
    function ()
    ^ (Relevant source part starts here and spans across multiple lines).
contracts/strings.sol:112:5: Warning: Function state mutability can be restricted to pure
    function __callback(bytes32 myid, string result, bytes proof) {
    ^ (Relevant source part starts here and spans across multiple lines).
contracts/strings.sol:349:5: Warning: Function state mutability can be restricted to pure
    function parseAddr(string _a) internal returns (address){
    ^ (Relevant source part starts here and spans across multiple lines).
contracts/strings.sol:369:5: Warning: Function state mutability can be restricted to pure
    function strCompare(string _a, string _b) internal returns (int) {
    ^ (Relevant source part starts here and spans across multiple lines).
contracts/strings.sol:387:5: Warning: Function state mutability can be restricted to pure
    function indexOf(string _haystack, string _needle) internal returns (int) {
    ^ (Relevant source part starts here and spans across multiple lines).
contracts/strings.sol:414:5: Warning: Function state mutability can be restricted to pure
    function strConcat(string _a, string _b, string _c, string _d, string _e) internal returns (string) {
    ^ (Relevant source part starts here and spans across multiple lines).
contracts/strings.sol:449:5: Warning: Function state mutability can be restricted to pure
    function parseInt(string _a, uint _b) internal returns (uint) {
    ^ (Relevant source part starts here and spans across multiple lines).
contracts/strings.sol:467:5: Warning: Function state mutability can be restricted to pure
    function uint2str(uint i) internal returns (string){
    ^ (Relevant source part starts here and spans across multiple lines).
contracts/strings.sol:484:5: Warning: Function state mutability can be restricted to pure
    function stra2cbor(string[] arr) internal returns (bytes) {
    ^ (Relevant source part starts here and spans across multiple lines).
contracts/strings.sol:569:5: Warning: Function state mutability can be restricted to pure
    function memcpy(uint dest, uint src, uint len) private {
    ^ (Relevant source part starts here and spans across multiple lines).
contracts/strings.sol:593:5: Warning: Function state mutability can be restricted to pure
    function toSlice(string self) internal returns (slice) {
    ^ (Relevant source part starts here and spans across multiple lines).
contracts/strings.sol:606:5: Warning: Function state mutability can be restricted to pure
    function len(bytes32 self) internal returns (uint) {
    ^ (Relevant source part starts here and spans across multiple lines).
contracts/strings.sol:655:5: Warning: Function state mutability can be restricted to pure
    function copy(slice self) internal returns (slice) {
    ^ (Relevant source part starts here and spans across multiple lines).
contracts/strings.sol:681:5: Warning: Function state mutability can be restricted to pure
    function len(slice self) internal returns (uint) {
    ^ (Relevant source part starts here and spans across multiple lines).
contracts/strings.sol:710:5: Warning: Function state mutability can be restricted to pure
    function empty(slice self) internal returns (bool) {
    ^ (Relevant source part starts here and spans across multiple lines).
contracts/strings.sol:723:5: Warning: Function state mutability can be restricted to pure
    function compare(slice self, slice other) internal returns (int) {
    ^ (Relevant source part starts here and spans across multiple lines).
contracts/strings.sol:767:5: Warning: Function state mutability can be restricted to pure
    function nextRune(slice self, slice rune) internal returns (slice) {
    ^ (Relevant source part starts here and spans across multiple lines).
contracts/strings.sol:818:5: Warning: Function state mutability can be restricted to pure
    function ord(slice self) internal returns (uint ret) {
    ^ (Relevant source part starts here and spans across multiple lines).
contracts/strings.sol:867:5: Warning: Function state mutability can be restricted to pure
    function keccak(slice self) internal returns (bytes32 ret) {
    ^ (Relevant source part starts here and spans across multiple lines).
contracts/strings.sol:879:5: Warning: Function state mutability can be restricted to pure
    function startsWith(slice self, slice needle) internal returns (bool) {
    ^ (Relevant source part starts here and spans across multiple lines).
contracts/strings.sol:905:5: Warning: Function state mutability can be restricted to pure
    function beyond(slice self, slice needle) internal returns (slice) {
    ^ (Relevant source part starts here and spans across multiple lines).
contracts/strings.sol:934:5: Warning: Function state mutability can be restricted to pure
    function endsWith(slice self, slice needle) internal returns (bool) {
    ^ (Relevant source part starts here and spans across multiple lines).
contracts/strings.sol:962:5: Warning: Function state mutability can be restricted to pure
    function until(slice self, slice needle) internal returns (slice) {
    ^ (Relevant source part starts here and spans across multiple lines).
contracts/strings.sol:1240:5: Warning: Function state mutability can be restricted to pure
    function safeToAdd(uint a, uint b) internal returns (bool) {
    ^ (Relevant source part starts here and spans across multiple lines).
contracts/strings.sol:1248:5: Warning: Function state mutability can be restricted to pure
    function safeToSubtract(uint a, uint b) internal returns (bool) {
    ^ (Relevant source part starts here and spans across multiple lines).
assets/NormalAttacker.sol:5:3: Warning: No visibility specified. Defaulting to "public". 
  function() payable {
  ^ (Relevant source part starts here and spans across multiple lines).
assets/ReentrancyAttacker.sol:8:7: Warning: Return value of low-level calls not used.
      msg.sender.call(bytes4(255));
      ^--------------------------^
assets/ReentrancyAttacker.sol:5:3: Warning: No visibility specified. Defaulting to "public". 
  function() payable {
  ^ (Relevant source part starts here and spans across multiple lines).
>> Fuzz DSSafeAddSub
** Write stats: 0.001684
** Write stats: 5.00005
** Write stats: 10.0001
** Write stats: 15
** Write stats: 20.0001
** Write stats: 25
** Write stats: 30.0001
** Write stats: 35.0001
** Write stats: 40.0001
** Write stats: 45.0001
** Write stats: 50.0001
** Write stats: 55.0001
** Write stats: 60.0001
** Write stats: 65.0001
** Write stats: 70.2003
** Write stats: 85.0001
** Write stats: 90.0001
** Write stats: 95.0001
** Write stats: 100
** Write stats: 105
** Write stats: 110
** Write stats: 115
** Write stats: 120
** Write stats: 125
** Write stats: 130
** Write stats: 135
** Write stats: 140
** Write stats: 145
** Write stats: 150
** Write stats: 155
** Write stats: 180
** Write stats: 185
** Write stats: 190
** Write stats: 195
** Write stats: 200
** Write stats: 205
** Write stats: 210
** Write stats: 215
** Write stats: 220
** Write stats: 223.001
>> Fuzz usingOraclize
** Write stats: 0.004615
** Write stats: 5.01491
** Write stats: 10.0002
** Write stats: 15.0001
** Write stats: 20.0002
** Write stats: 25.0002
** Write stats: 30.0001
** Write stats: 35.0389
** Write stats: 40.0138
** Write stats: 45.0017
** Write stats: 50.0005
** Write stats: 55.0198
** Write stats: 60.0001
** Write stats: 65.0001
** Write stats: 70.0001
** Write stats: 75.044
** Write stats: 80.0385
** Write stats: 85.0001
** Write stats: 90.0002
** Write stats: 95.0558
** Write stats: 100
** Write stats: 105
** Write stats: 110
** Write stats: 115
** Write stats: 120
** Write stats: 125.024
** Write stats: 130
** Write stats: 135
** Write stats: 140
** Write stats: 145.017
** Write stats: 150.075
** Write stats: 155
** Write stats: 160.028
** Write stats: 165
** Write stats: 170.022
** Write stats: 175
** Write stats: 180.077
** Write stats: 185.037
** Write stats: 190
** Write stats: 195
** Write stats: 200
** Write stats: 205.022
** Write stats: 210
** Write stats: 215
** Write stats: 220
** Write stats: 223.035
>> Fuzz Etheroll
** Write stats: 0.020243
** Write stats: 5.00074
** Write stats: 10.0047
** Write stats: 15.0004
** Write stats: 20.0004
** Write stats: 25.0002
** Write stats: 30.0004
** Write stats: 35.0002
** Write stats: 40.018
** Write stats: 45.0005
** Write stats: 50.0007
** Write stats: 55.0004
** Write stats: 60.0006
** Write stats: 65.0003
** Write stats: 70.0007
** Write stats: 75.0022
** Write stats: 80.0008
** Write stats: 85.0004
** Write stats: 90.0008
** Write stats: 95.0003
** Write stats: 100
** Write stats: 105.001
** Write stats: 110.001
** Write stats: 115.001
** Write stats: 120
** Write stats: 125
** Write stats: 130
** Write stats: 135.001
** Write stats: 140.013
** Write stats: 145.001
** Write stats: 150.001
** Write stats: 155.001
** Write stats: 160.001
** Write stats: 165.001
** Write stats: 170.001
** Write stats: 175.001
** Write stats: 180.001
** Write stats: 185
** Write stats: 190.001
** Write stats: 195.001
** Write stats: 200
** Write stats: 205.001
** Write stats: 210.001
** Write stats: 215
** Write stats: 220
** Write stats: 223.003
>> Fuzz strings
** Write stats: 0.002788
** Write stats: 5.00006
** Write stats: 10.0001
** Write stats: 15.0001
** Write stats: 20.0002
** Write stats: 25.0001
** Write stats: 30.0001
** Write stats: 35.0001
** Write stats: 40.0001
** Write stats: 45.0002
** Write stats: 50.0001
** Write stats: 55.0002
** Write stats: 60.0001
** Write stats: 65.0001
** Write stats: 70.0002
** Write stats: 75.0001
** Write stats: 80.0001
** Write stats: 85.0001
** Write stats: 90.0001
** Write stats: 95.0001
** Write stats: 100
** Write stats: 105
** Write stats: 110.428
** Write stats: 120
** Write stats: 125
** Write stats: 130
** Write stats: 135
** Write stats: 140
** Write stats: 145
** Write stats: 150
** Write stats: 155
** Write stats: 160
** Write stats: 165
** Write stats: 170
** Write stats: 175
** Write stats: 180
** Write stats: 185
** Write stats: 190
** Write stats: 195
** Write stats: 200
** Write stats: 205
** Write stats: 210
** Write stats: 215
** Write stats: 220
** Write stats: 223
