A new version of Solhint is available: 6.0.1
Please consider updating your Solhint package.
/sb/0x0030f75e27f6df16383f47ae11ae34abc21f5f2c.sol:17:1: Found more than One contract per file. 5 contracts found! [Warning/one-contract-per-file]
/sb/0x0030f75e27f6df16383f47ae11ae34abc21f5f2c.sol:17:1: Compiler version ^0.8.9 does not satisfy the ^0.8.24 semver requirement [Error/compiler-version]
/sb/0x0030f75e27f6df16383f47ae11ae34abc21f5f2c.sol:19:1: Missing @title tag in contract 'Context' [Warning/use-natspec]
/sb/0x0030f75e27f6df16383f47ae11ae34abc21f5f2c.sol:19:1: Missing @author tag in contract 'Context' [Warning/use-natspec]
/sb/0x0030f75e27f6df16383f47ae11ae34abc21f5f2c.sol:19:1: Missing @notice tag in contract 'Context' [Warning/use-natspec]
/sb/0x0030f75e27f6df16383f47ae11ae34abc21f5f2c.sol:21:5: Missing @notice tag in function '_msgSender' [Warning/use-natspec]
/sb/0x0030f75e27f6df16383f47ae11ae34abc21f5f2c.sol:21:5: Missing @return tag in function '_msgSender' [Warning/use-natspec]
/sb/0x0030f75e27f6df16383f47ae11ae34abc21f5f2c.sol:21:5: Mismatch in @return count for function '_msgSender'. Expected: 1, Found: 0 [Warning/use-natspec]
/sb/0x0030f75e27f6df16383f47ae11ae34abc21f5f2c.sol:29:1: Missing @title tag in contract 'ERC20Ownable' [Warning/use-natspec]
/sb/0x0030f75e27f6df16383f47ae11ae34abc21f5f2c.sol:29:1: Missing @author tag in contract 'ERC20Ownable' [Warning/use-natspec]
/sb/0x0030f75e27f6df16383f47ae11ae34abc21f5f2c.sol:29:1: Missing @notice tag in contract 'ERC20Ownable' [Warning/use-natspec]
/sb/0x0030f75e27f6df16383f47ae11ae34abc21f5f2c.sol:33:5: Missing @notice tag in event 'OwnershipTransferred' [Warning/use-natspec]
/sb/0x0030f75e27f6df16383f47ae11ae34abc21f5f2c.sol:33:5: Missing @param tag in event 'OwnershipTransferred' [Warning/use-natspec]
/sb/0x0030f75e27f6df16383f47ae11ae34abc21f5f2c.sol:33:5: Mismatch in @param names for event 'OwnershipTransferred'. Expected: [previousOwner, newOwner], Found: [] [Warning/use-natspec]
/sb/0x0030f75e27f6df16383f47ae11ae34abc21f5f2c.sol:35:5: Missing @notice tag in function '<anonymous>' [Warning/use-natspec]
/sb/0x0030f75e27f6df16383f47ae11ae34abc21f5f2c.sol:35:5: Explicitly mark visibility in function (Set ignoreConstructors to true if using solidity >=0.7.0) [Warning/func-visibility]
/sb/0x0030f75e27f6df16383f47ae11ae34abc21f5f2c.sol:45:5: Missing @notice tag in function 'owner' [Warning/use-natspec]
/sb/0x0030f75e27f6df16383f47ae11ae34abc21f5f2c.sol:45:5: Missing @return tag in function 'owner' [Warning/use-natspec]
/sb/0x0030f75e27f6df16383f47ae11ae34abc21f5f2c.sol:45:5: Mismatch in @return count for function 'owner'. Expected: 1, Found: 0 [Warning/use-natspec]
/sb/0x0030f75e27f6df16383f47ae11ae34abc21f5f2c.sol:53:9: Error message for require is too long: 37 counted / 32 allowed [Warning/reason-string]
/sb/0x0030f75e27f6df16383f47ae11ae34abc21f5f2c.sol:53:9: GC: String exceeds 32 bytes [Warning/gas-small-strings]
/sb/0x0030f75e27f6df16383f47ae11ae34abc21f5f2c.sol:53:9: GC: Use Custom Errors instead of require statements [Warning/gas-custom-errors]
/sb/0x0030f75e27f6df16383f47ae11ae34abc21f5f2c.sol:59:5: Missing @notice tag in function 'renounceOwnership' [Warning/use-natspec]
/sb/0x0030f75e27f6df16383f47ae11ae34abc21f5f2c.sol:67:5: Missing @notice tag in function 'transferOwnership' [Warning/use-natspec]
/sb/0x0030f75e27f6df16383f47ae11ae34abc21f5f2c.sol:67:5: Missing @param tag in function 'transferOwnership' [Warning/use-natspec]
/sb/0x0030f75e27f6df16383f47ae11ae34abc21f5f2c.sol:67:5: Mismatch in @param names for function 'transferOwnership'. Expected: [newOwner], Found: [] [Warning/use-natspec]
/sb/0x0030f75e27f6df16383f47ae11ae34abc21f5f2c.sol:69:9: Error message for require is too long: 43 counted / 32 allowed [Warning/reason-string]
/sb/0x0030f75e27f6df16383f47ae11ae34abc21f5f2c.sol:69:9: GC: String exceeds 32 bytes [Warning/gas-small-strings]
/sb/0x0030f75e27f6df16383f47ae11ae34abc21f5f2c.sol:69:9: GC: Use Custom Errors instead of require statements [Warning/gas-custom-errors]
/sb/0x0030f75e27f6df16383f47ae11ae34abc21f5f2c.sol:79:1: Missing @title tag in contract 'SafeMath' [Warning/use-natspec]
/sb/0x0030f75e27f6df16383f47ae11ae34abc21f5f2c.sol:79:1: Missing @author tag in contract 'SafeMath' [Warning/use-natspec]
/sb/0x0030f75e27f6df16383f47ae11ae34abc21f5f2c.sol:79:1: Missing @notice tag in contract 'SafeMath' [Warning/use-natspec]
/sb/0x0030f75e27f6df16383f47ae11ae34abc21f5f2c.sol:81:5: Missing @notice tag in function 'tryAdd' [Warning/use-natspec]
/sb/0x0030f75e27f6df16383f47ae11ae34abc21f5f2c.sol:81:5: Missing @param tag in function 'tryAdd' [Warning/use-natspec]
/sb/0x0030f75e27f6df16383f47ae11ae34abc21f5f2c.sol:81:5: Mismatch in @param names for function 'tryAdd'. Expected: [a, b], Found: [] [Warning/use-natspec]
/sb/0x0030f75e27f6df16383f47ae11ae34abc21f5f2c.sol:81:5: Missing @return tag in function 'tryAdd' [Warning/use-natspec]
/sb/0x0030f75e27f6df16383f47ae11ae34abc21f5f2c.sol:81:5: Mismatch in @return count for function 'tryAdd'. Expected: 2, Found: 0 [Warning/use-natspec]
/sb/0x0030f75e27f6df16383f47ae11ae34abc21f5f2c.sol:95:5: Missing @notice tag in function 'trySub' [Warning/use-natspec]
/sb/0x0030f75e27f6df16383f47ae11ae34abc21f5f2c.sol:95:5: Missing @param tag in function 'trySub' [Warning/use-natspec]
/sb/0x0030f75e27f6df16383f47ae11ae34abc21f5f2c.sol:95:5: Mismatch in @param names for function 'trySub'. Expected: [a, b], Found: [] [Warning/use-natspec]
/sb/0x0030f75e27f6df16383f47ae11ae34abc21f5f2c.sol:95:5: Missing @return tag in function 'trySub' [Warning/use-natspec]
/sb/0x0030f75e27f6df16383f47ae11ae34abc21f5f2c.sol:95:5: Mismatch in @return count for function 'trySub'. Expected: 2, Found: 0 [Warning/use-natspec]
/sb/0x0030f75e27f6df16383f47ae11ae34abc21f5f2c.sol:107:5: Missing @notice tag in function 'tryMul' [Warning/use-natspec]
/sb/0x0030f75e27f6df16383f47ae11ae34abc21f5f2c.sol:107:5: Missing @param tag in function 'tryMul' [Warning/use-natspec]
/sb/0x0030f75e27f6df16383f47ae11ae34abc21f5f2c.sol:107:5: Mismatch in @param names for function 'tryMul'. Expected: [a, b], Found: [] [Warning/use-natspec]
/sb/0x0030f75e27f6df16383f47ae11ae34abc21f5f2c.sol:107:5: Missing @return tag in function 'tryMul' [Warning/use-natspec]
/sb/0x0030f75e27f6df16383f47ae11ae34abc21f5f2c.sol:107:5: Mismatch in @return count for function 'tryMul'. Expected: 2, Found: 0 [Warning/use-natspec]
/sb/0x0030f75e27f6df16383f47ae11ae34abc21f5f2c.sol:129:5: Missing @notice tag in function 'tryDiv' [Warning/use-natspec]
/sb/0x0030f75e27f6df16383f47ae11ae34abc21f5f2c.sol:129:5: Missing @param tag in function 'tryDiv' [Warning/use-natspec]
/sb/0x0030f75e27f6df16383f47ae11ae34abc21f5f2c.sol:129:5: Mismatch in @param names for function 'tryDiv'. Expected: [a, b], Found: [] [Warning/use-natspec]
/sb/0x0030f75e27f6df16383f47ae11ae34abc21f5f2c.sol:129:5: Missing @return tag in function 'tryDiv' [Warning/use-natspec]
/sb/0x0030f75e27f6df16383f47ae11ae34abc21f5f2c.sol:129:5: Mismatch in @return count for function 'tryDiv'. Expected: 2, Found: 0 [Warning/use-natspec]
/sb/0x0030f75e27f6df16383f47ae11ae34abc21f5f2c.sol:141:5: Missing @notice tag in function 'tryMod' [Warning/use-natspec]
/sb/0x0030f75e27f6df16383f47ae11ae34abc21f5f2c.sol:141:5: Missing @param tag in function 'tryMod' [Warning/use-natspec]
/sb/0x0030f75e27f6df16383f47ae11ae34abc21f5f2c.sol:141:5: Mismatch in @param names for function 'tryMod'. Expected: [a, b], Found: [] [Warning/use-natspec]
/sb/0x0030f75e27f6df16383f47ae11ae34abc21f5f2c.sol:141:5: Missing @return tag in function 'tryMod' [Warning/use-natspec]
/sb/0x0030f75e27f6df16383f47ae11ae34abc21f5f2c.sol:141:5: Mismatch in @return count for function 'tryMod'. Expected: 2, Found: 0 [Warning/use-natspec]
/sb/0x0030f75e27f6df16383f47ae11ae34abc21f5f2c.sol:153:5: Missing @notice tag in function 'add' [Warning/use-natspec]
/sb/0x0030f75e27f6df16383f47ae11ae34abc21f5f2c.sol:153:5: Missing @param tag in function 'add' [Warning/use-natspec]
/sb/0x0030f75e27f6df16383f47ae11ae34abc21f5f2c.sol:153:5: Mismatch in @param names for function 'add'. Expected: [a, b], Found: [] [Warning/use-natspec]
/sb/0x0030f75e27f6df16383f47ae11ae34abc21f5f2c.sol:153:5: Missing @return tag in function 'add' [Warning/use-natspec]
/sb/0x0030f75e27f6df16383f47ae11ae34abc21f5f2c.sol:153:5: Mismatch in @return count for function 'add'. Expected: 1, Found: 0 [Warning/use-natspec]
/sb/0x0030f75e27f6df16383f47ae11ae34abc21f5f2c.sol:159:5: Missing @notice tag in function 'sub' [Warning/use-natspec]
/sb/0x0030f75e27f6df16383f47ae11ae34abc21f5f2c.sol:159:5: Missing @param tag in function 'sub' [Warning/use-natspec]
/sb/0x0030f75e27f6df16383f47ae11ae34abc21f5f2c.sol:159:5: Mismatch in @param names for function 'sub'. Expected: [a, b], Found: [] [Warning/use-natspec]
/sb/0x0030f75e27f6df16383f47ae11ae34abc21f5f2c.sol:159:5: Missing @return tag in function 'sub' [Warning/use-natspec]
/sb/0x0030f75e27f6df16383f47ae11ae34abc21f5f2c.sol:159:5: Mismatch in @return count for function 'sub'. Expected: 1, Found: 0 [Warning/use-natspec]
/sb/0x0030f75e27f6df16383f47ae11ae34abc21f5f2c.sol:165:5: Missing @notice tag in function 'mul' [Warning/use-natspec]
/sb/0x0030f75e27f6df16383f47ae11ae34abc21f5f2c.sol:165:5: Missing @param tag in function 'mul' [Warning/use-natspec]
/sb/0x0030f75e27f6df16383f47ae11ae34abc21f5f2c.sol:165:5: Mismatch in @param names for function 'mul'. Expected: [a, b], Found: [] [Warning/use-natspec]
/sb/0x0030f75e27f6df16383f47ae11ae34abc21f5f2c.sol:165:5: Missing @return tag in function 'mul' [Warning/use-natspec]
/sb/0x0030f75e27f6df16383f47ae11ae34abc21f5f2c.sol:165:5: Mismatch in @return count for function 'mul'. Expected: 1, Found: 0 [Warning/use-natspec]
/sb/0x0030f75e27f6df16383f47ae11ae34abc21f5f2c.sol:171:5: Missing @notice tag in function 'div' [Warning/use-natspec]
/sb/0x0030f75e27f6df16383f47ae11ae34abc21f5f2c.sol:171:5: Missing @param tag in function 'div' [Warning/use-natspec]
/sb/0x0030f75e27f6df16383f47ae11ae34abc21f5f2c.sol:171:5: Mismatch in @param names for function 'div'. Expected: [a, b], Found: [] [Warning/use-natspec]
/sb/0x0030f75e27f6df16383f47ae11ae34abc21f5f2c.sol:171:5: Missing @return tag in function 'div' [Warning/use-natspec]
/sb/0x0030f75e27f6df16383f47ae11ae34abc21f5f2c.sol:171:5: Mismatch in @return count for function 'div'. Expected: 1, Found: 0 [Warning/use-natspec]
/sb/0x0030f75e27f6df16383f47ae11ae34abc21f5f2c.sol:177:5: Missing @notice tag in function 'mod' [Warning/use-natspec]
/sb/0x0030f75e27f6df16383f47ae11ae34abc21f5f2c.sol:177:5: Missing @param tag in function 'mod' [Warning/use-natspec]
/sb/0x0030f75e27f6df16383f47ae11ae34abc21f5f2c.sol:177:5: Mismatch in @param names for function 'mod'. Expected: [a, b], Found: [] [Warning/use-natspec]
/sb/0x0030f75e27f6df16383f47ae11ae34abc21f5f2c.sol:177:5: Missing @return tag in function 'mod' [Warning/use-natspec]
/sb/0x0030f75e27f6df16383f47ae11ae34abc21f5f2c.sol:177:5: Mismatch in @return count for function 'mod'. Expected: 1, Found: 0 [Warning/use-natspec]
/sb/0x0030f75e27f6df16383f47ae11ae34abc21f5f2c.sol:183:5: Missing @notice tag in function 'sub' [Warning/use-natspec]
/sb/0x0030f75e27f6df16383f47ae11ae34abc21f5f2c.sol:183:5: Missing @param tag in function 'sub' [Warning/use-natspec]
/sb/0x0030f75e27f6df16383f47ae11ae34abc21f5f2c.sol:183:5: Mismatch in @param names for function 'sub'. Expected: [a, b, errorMessage], Found: [] [Warning/use-natspec]
/sb/0x0030f75e27f6df16383f47ae11ae34abc21f5f2c.sol:183:5: Missing @return tag in function 'sub' [Warning/use-natspec]
/sb/0x0030f75e27f6df16383f47ae11ae34abc21f5f2c.sol:183:5: Mismatch in @return count for function 'sub'. Expected: 1, Found: 0 [Warning/use-natspec]
/sb/0x0030f75e27f6df16383f47ae11ae34abc21f5f2c.sol:187:13: GC: Use Custom Errors instead of require statements [Warning/gas-custom-errors]
/sb/0x0030f75e27f6df16383f47ae11ae34abc21f5f2c.sol:187:21: GC: Non strict inequality found. Try converting to a strict one [Warning/gas-strict-inequalities]
/sb/0x0030f75e27f6df16383f47ae11ae34abc21f5f2c.sol:195:5: Missing @notice tag in function 'div' [Warning/use-natspec]
/sb/0x0030f75e27f6df16383f47ae11ae34abc21f5f2c.sol:195:5: Missing @param tag in function 'div' [Warning/use-natspec]
/sb/0x0030f75e27f6df16383f47ae11ae34abc21f5f2c.sol:195:5: Mismatch in @param names for function 'div'. Expected: [a, b, errorMessage], Found: [] [Warning/use-natspec]
/sb/0x0030f75e27f6df16383f47ae11ae34abc21f5f2c.sol:195:5: Missing @return tag in function 'div' [Warning/use-natspec]
/sb/0x0030f75e27f6df16383f47ae11ae34abc21f5f2c.sol:195:5: Mismatch in @return count for function 'div'. Expected: 1, Found: 0 [Warning/use-natspec]
/sb/0x0030f75e27f6df16383f47ae11ae34abc21f5f2c.sol:199:13: GC: Use Custom Errors instead of require statements [Warning/gas-custom-errors]
/sb/0x0030f75e27f6df16383f47ae11ae34abc21f5f2c.sol:207:5: Missing @notice tag in function 'mod' [Warning/use-natspec]
/sb/0x0030f75e27f6df16383f47ae11ae34abc21f5f2c.sol:207:5: Missing @param tag in function 'mod' [Warning/use-natspec]
/sb/0x0030f75e27f6df16383f47ae11ae34abc21f5f2c.sol:207:5: Mismatch in @param names for function 'mod'. Expected: [a, b, errorMessage], Found: [] [Warning/use-natspec]
/sb/0x0030f75e27f6df16383f47ae11ae34abc21f5f2c.sol:207:5: Missing @return tag in function 'mod' [Warning/use-natspec]
/sb/0x0030f75e27f6df16383f47ae11ae34abc21f5f2c.sol:207:5: Mismatch in @return count for function 'mod'. Expected: 1, Found: 0 [Warning/use-natspec]
/sb/0x0030f75e27f6df16383f47ae11ae34abc21f5f2c.sol:211:13: GC: Use Custom Errors instead of require statements [Warning/gas-custom-errors]
/sb/0x0030f75e27f6df16383f47ae11ae34abc21f5f2c.sol:221:1: Missing @title tag in contract 'IERC20' [Warning/use-natspec]
/sb/0x0030f75e27f6df16383f47ae11ae34abc21f5f2c.sol:221:1: Missing @author tag in contract 'IERC20' [Warning/use-natspec]
/sb/0x0030f75e27f6df16383f47ae11ae34abc21f5f2c.sol:221:1: Missing @notice tag in contract 'IERC20' [Warning/use-natspec]
/sb/0x0030f75e27f6df16383f47ae11ae34abc21f5f2c.sol:223:5: Missing @notice tag in event 'Approval' [Warning/use-natspec]
/sb/0x0030f75e27f6df16383f47ae11ae34abc21f5f2c.sol:223:5: Missing @param tag in event 'Approval' [Warning/use-natspec]
/sb/0x0030f75e27f6df16383f47ae11ae34abc21f5f2c.sol:223:5: Mismatch in @param names for event 'Approval'. Expected: [owner, spender, value], Found: [] [Warning/use-natspec]
/sb/0x0030f75e27f6df16383f47ae11ae34abc21f5f2c.sol:223:5: GC: [value] on Event [Approval] could be Indexed [Warning/gas-indexed-events]
/sb/0x0030f75e27f6df16383f47ae11ae34abc21f5f2c.sol:223:68: Rule is set with explicit type [var/s: uint] [Warning/explicit-types]
/sb/0x0030f75e27f6df16383f47ae11ae34abc21f5f2c.sol:225:5: Missing @notice tag in event 'Transfer' [Warning/use-natspec]
/sb/0x0030f75e27f6df16383f47ae11ae34abc21f5f2c.sol:225:5: Missing @param tag in event 'Transfer' [Warning/use-natspec]
/sb/0x0030f75e27f6df16383f47ae11ae34abc21f5f2c.sol:225:5: Mismatch in @param names for event 'Transfer'. Expected: [from, to, value], Found: [] [Warning/use-natspec]
/sb/0x0030f75e27f6df16383f47ae11ae34abc21f5f2c.sol:225:5: GC: [value] on Event [Transfer] could be Indexed [Warning/gas-indexed-events]
/sb/0x0030f75e27f6df16383f47ae11ae34abc21f5f2c.sol:225:62: Rule is set with explicit type [var/s: uint] [Warning/explicit-types]
/sb/0x0030f75e27f6df16383f47ae11ae34abc21f5f2c.sol:227:5: Missing @notice tag in function 'name' [Warning/use-natspec]
/sb/0x0030f75e27f6df16383f47ae11ae34abc21f5f2c.sol:227:5: Missing @return tag in function 'name' [Warning/use-natspec]
/sb/0x0030f75e27f6df16383f47ae11ae34abc21f5f2c.sol:227:5: Mismatch in @return count for function 'name'. Expected: 1, Found: 0 [Warning/use-natspec]
/sb/0x0030f75e27f6df16383f47ae11ae34abc21f5f2c.sol:229:5: Missing @notice tag in function 'symbol' [Warning/use-natspec]
/sb/0x0030f75e27f6df16383f47ae11ae34abc21f5f2c.sol:229:5: Missing @return tag in function 'symbol' [Warning/use-natspec]
/sb/0x0030f75e27f6df16383f47ae11ae34abc21f5f2c.sol:229:5: Mismatch in @return count for function 'symbol'. Expected: 1, Found: 0 [Warning/use-natspec]
/sb/0x0030f75e27f6df16383f47ae11ae34abc21f5f2c.sol:231:5: Missing @notice tag in function 'decimals' [Warning/use-natspec]
/sb/0x0030f75e27f6df16383f47ae11ae34abc21f5f2c.sol:231:5: Missing @return tag in function 'decimals' [Warning/use-natspec]
/sb/0x0030f75e27f6df16383f47ae11ae34abc21f5f2c.sol:231:5: Mismatch in @return count for function 'decimals'. Expected: 1, Found: 0 [Warning/use-natspec]
/sb/0x0030f75e27f6df16383f47ae11ae34abc21f5f2c.sol:233:5: Missing @notice tag in function 'totalSupply' [Warning/use-natspec]
/sb/0x0030f75e27f6df16383f47ae11ae34abc21f5f2c.sol:233:5: Missing @return tag in function 'totalSupply' [Warning/use-natspec]
/sb/0x0030f75e27f6df16383f47ae11ae34abc21f5f2c.sol:233:5: Mismatch in @return count for function 'totalSupply'. Expected: 1, Found: 0 [Warning/use-natspec]
/sb/0x0030f75e27f6df16383f47ae11ae34abc21f5f2c.sol:233:51: Rule is set with explicit type [var/s: uint] [Warning/explicit-types]
/sb/0x0030f75e27f6df16383f47ae11ae34abc21f5f2c.sol:235:5: Missing @notice tag in function 'balanceOf' [Warning/use-natspec]
/sb/0x0030f75e27f6df16383f47ae11ae34abc21f5f2c.sol:235:5: Missing @param tag in function 'balanceOf' [Warning/use-natspec]
/sb/0x0030f75e27f6df16383f47ae11ae34abc21f5f2c.sol:235:5: Mismatch in @param names for function 'balanceOf'. Expected: [owner], Found: [] [Warning/use-natspec]
/sb/0x0030f75e27f6df16383f47ae11ae34abc21f5f2c.sol:235:5: Missing @return tag in function 'balanceOf' [Warning/use-natspec]
/sb/0x0030f75e27f6df16383f47ae11ae34abc21f5f2c.sol:235:5: Mismatch in @return count for function 'balanceOf'. Expected: 1, Found: 0 [Warning/use-natspec]
/sb/0x0030f75e27f6df16383f47ae11ae34abc21f5f2c.sol:235:62: Rule is set with explicit type [var/s: uint] [Warning/explicit-types]
/sb/0x0030f75e27f6df16383f47ae11ae34abc21f5f2c.sol:237:5: Missing @notice tag in function 'allowance' [Warning/use-natspec]
/sb/0x0030f75e27f6df16383f47ae11ae34abc21f5f2c.sol:237:5: Missing @param tag in function 'allowance' [Warning/use-natspec]
/sb/0x0030f75e27f6df16383f47ae11ae34abc21f5f2c.sol:237:5: Mismatch in @param names for function 'allowance'. Expected: [owner, spender], Found: [] [Warning/use-natspec]
/sb/0x0030f75e27f6df16383f47ae11ae34abc21f5f2c.sol:237:5: Missing @return tag in function 'allowance' [Warning/use-natspec]
/sb/0x0030f75e27f6df16383f47ae11ae34abc21f5f2c.sol:237:5: Mismatch in @return count for function 'allowance'. Expected: 1, Found: 0 [Warning/use-natspec]
/sb/0x0030f75e27f6df16383f47ae11ae34abc21f5f2c.sol:237:79: Rule is set with explicit type [var/s: uint] [Warning/explicit-types]
/sb/0x0030f75e27f6df16383f47ae11ae34abc21f5f2c.sol:239:5: Missing @notice tag in function 'approve' [Warning/use-natspec]
/sb/0x0030f75e27f6df16383f47ae11ae34abc21f5f2c.sol:239:5: Missing @param tag in function 'approve' [Warning/use-natspec]
/sb/0x0030f75e27f6df16383f47ae11ae34abc21f5f2c.sol:239:5: Mismatch in @param names for function 'approve'. Expected: [spender, value], Found: [] [Warning/use-natspec]
/sb/0x0030f75e27f6df16383f47ae11ae34abc21f5f2c.sol:239:5: Missing @return tag in function 'approve' [Warning/use-natspec]
/sb/0x0030f75e27f6df16383f47ae11ae34abc21f5f2c.sol:239:5: Mismatch in @return count for function 'approve'. Expected: 1, Found: 0 [Warning/use-natspec]
/sb/0x0030f75e27f6df16383f47ae11ae34abc21f5f2c.sol:239:39: Rule is set with explicit type [var/s: uint] [Warning/explicit-types]
/sb/0x0030f75e27f6df16383f47ae11ae34abc21f5f2c.sol:241:5: Missing @notice tag in function 'transfer' [Warning/use-natspec]
/sb/0x0030f75e27f6df16383f47ae11ae34abc21f5f2c.sol:241:5: Missing @param tag in function 'transfer' [Warning/use-natspec]
/sb/0x0030f75e27f6df16383f47ae11ae34abc21f5f2c.sol:241:5: Mismatch in @param names for function 'transfer'. Expected: [to, value], Found: [] [Warning/use-natspec]
/sb/0x0030f75e27f6df16383f47ae11ae34abc21f5f2c.sol:241:5: Missing @return tag in function 'transfer' [Warning/use-natspec]
/sb/0x0030f75e27f6df16383f47ae11ae34abc21f5f2c.sol:241:5: Mismatch in @return count for function 'transfer'. Expected: 1, Found: 0 [Warning/use-natspec]
/sb/0x0030f75e27f6df16383f47ae11ae34abc21f5f2c.sol:241:35: Rule is set with explicit type [var/s: uint] [Warning/explicit-types]
/sb/0x0030f75e27f6df16383f47ae11ae34abc21f5f2c.sol:243:5: Missing @notice tag in function 'transferFrom' [Warning/use-natspec]
/sb/0x0030f75e27f6df16383f47ae11ae34abc21f5f2c.sol:243:5: Missing @param tag in function 'transferFrom' [Warning/use-natspec]
/sb/0x0030f75e27f6df16383f47ae11ae34abc21f5f2c.sol:243:5: Mismatch in @param names for function 'transferFrom'. Expected: [from, to, value], Found: [] [Warning/use-natspec]
/sb/0x0030f75e27f6df16383f47ae11ae34abc21f5f2c.sol:243:5: Missing @return tag in function 'transferFrom' [Warning/use-natspec]
/sb/0x0030f75e27f6df16383f47ae11ae34abc21f5f2c.sol:243:5: Mismatch in @return count for function 'transferFrom'. Expected: 1, Found: 0 [Warning/use-natspec]
/sb/0x0030f75e27f6df16383f47ae11ae34abc21f5f2c.sol:243:53: Rule is set with explicit type [var/s: uint] [Warning/explicit-types]
/sb/0x0030f75e27f6df16383f47ae11ae34abc21f5f2c.sol:247:1: Missing @title tag in contract 'IUniswapV2Router01' [Warning/use-natspec]
/sb/0x0030f75e27f6df16383f47ae11ae34abc21f5f2c.sol:247:1: Missing @author tag in contract 'IUniswapV2Router01' [Warning/use-natspec]
/sb/0x0030f75e27f6df16383f47ae11ae34abc21f5f2c.sol:247:1: Missing @notice tag in contract 'IUniswapV2Router01' [Warning/use-natspec]
/sb/0x0030f75e27f6df16383f47ae11ae34abc21f5f2c.sol:249:5: Missing @notice tag in function 'factory' [Warning/use-natspec]
/sb/0x0030f75e27f6df16383f47ae11ae34abc21f5f2c.sol:249:5: Missing @return tag in function 'factory' [Warning/use-natspec]
/sb/0x0030f75e27f6df16383f47ae11ae34abc21f5f2c.sol:249:5: Mismatch in @return count for function 'factory'. Expected: 1, Found: 0 [Warning/use-natspec]
/sb/0x0030f75e27f6df16383f47ae11ae34abc21f5f2c.sol:251:5: Missing @notice tag in function 'WETH' [Warning/use-natspec]
/sb/0x0030f75e27f6df16383f47ae11ae34abc21f5f2c.sol:251:5: Missing @return tag in function 'WETH' [Warning/use-natspec]
/sb/0x0030f75e27f6df16383f47ae11ae34abc21f5f2c.sol:251:5: Mismatch in @return count for function 'WETH'. Expected: 1, Found: 0 [Warning/use-natspec]
/sb/0x0030f75e27f6df16383f47ae11ae34abc21f5f2c.sol:251:5: Function name must be in mixedCase [Warning/func-name-mixedcase]
/sb/0x0030f75e27f6df16383f47ae11ae34abc21f5f2c.sol:253:5: Missing @notice tag in function 'addLiquidity' [Warning/use-natspec]
/sb/0x0030f75e27f6df16383f47ae11ae34abc21f5f2c.sol:253:5: Missing @param tag in function 'addLiquidity' [Warning/use-natspec]
/sb/0x0030f75e27f6df16383f47ae11ae34abc21f5f2c.sol:253:5: Mismatch in @param names for function 'addLiquidity'. Expected: [tokenA, tokenB, amountADesired, amountBDesired, amountAMin, amountBMin, to, deadline], Found: [] [Warning/use-natspec]
/sb/0x0030f75e27f6df16383f47ae11ae34abc21f5f2c.sol:253:5: Missing @return tag in function 'addLiquidity' [Warning/use-natspec]
/sb/0x0030f75e27f6df16383f47ae11ae34abc21f5f2c.sol:253:5: Mismatch in @return names for function 'addLiquidity'. Expected: [amountA, amountB, liquidity], Found: [] [Warning/use-natspec]
/sb/0x0030f75e27f6df16383f47ae11ae34abc21f5f2c.sol:259:9: Rule is set with explicit type [var/s: uint] [Warning/explicit-types]
/sb/0x0030f75e27f6df16383f47ae11ae34abc21f5f2c.sol:261:9: Rule is set with explicit type [var/s: uint] [Warning/explicit-types]
/sb/0x0030f75e27f6df16383f47ae11ae34abc21f5f2c.sol:263:9: Rule is set with explicit type [var/s: uint] [Warning/explicit-types]
/sb/0x0030f75e27f6df16383f47ae11ae34abc21f5f2c.sol:265:9: Rule is set with explicit type [var/s: uint] [Warning/explicit-types]
/sb/0x0030f75e27f6df16383f47ae11ae34abc21f5f2c.sol:269:9: Rule is set with explicit type [var/s: uint] [Warning/explicit-types]
/sb/0x0030f75e27f6df16383f47ae11ae34abc21f5f2c.sol:271:25: Rule is set with explicit type [var/s: uint] [Warning/explicit-types]
/sb/0x0030f75e27f6df16383f47ae11ae34abc21f5f2c.sol:271:39: Rule is set with explicit type [var/s: uint] [Warning/explicit-types]
/sb/0x0030f75e27f6df16383f47ae11ae34abc21f5f2c.sol:271:53: Rule is set with explicit type [var/s: uint] [Warning/explicit-types]
/sb/0x0030f75e27f6df16383f47ae11ae34abc21f5f2c.sol:273:5: Missing @notice tag in function 'addLiquidityETH' [Warning/use-natspec]
/sb/0x0030f75e27f6df16383f47ae11ae34abc21f5f2c.sol:273:5: Missing @param tag in function 'addLiquidityETH' [Warning/use-natspec]
/sb/0x0030f75e27f6df16383f47ae11ae34abc21f5f2c.sol:273:5: Mismatch in @param names for function 'addLiquidityETH'. Expected: [token, amountTokenDesired, amountTokenMin, amountETHMin, to, deadline], Found: [] [Warning/use-natspec]
/sb/0x0030f75e27f6df16383f47ae11ae34abc21f5f2c.sol:273:5: Missing @return tag in function 'addLiquidityETH' [Warning/use-natspec]
/sb/0x0030f75e27f6df16383f47ae11ae34abc21f5f2c.sol:273:5: Mismatch in @return names for function 'addLiquidityETH'. Expected: [amountToken, amountETH, liquidity], Found: [] [Warning/use-natspec]
/sb/0x0030f75e27f6df16383f47ae11ae34abc21f5f2c.sol:277:9: Rule is set with explicit type [var/s: uint] [Warning/explicit-types]
/sb/0x0030f75e27f6df16383f47ae11ae34abc21f5f2c.sol:279:9: Rule is set with explicit type [var/s: uint] [Warning/explicit-types]
/sb/0x0030f75e27f6df16383f47ae11ae34abc21f5f2c.sol:281:9: Rule is set with explicit type [var/s: uint] [Warning/explicit-types]
/sb/0x0030f75e27f6df16383f47ae11ae34abc21f5f2c.sol:285:9: Rule is set with explicit type [var/s: uint] [Warning/explicit-types]
/sb/0x0030f75e27f6df16383f47ae11ae34abc21f5f2c.sol:287:33: Rule is set with explicit type [var/s: uint] [Warning/explicit-types]
/sb/0x0030f75e27f6df16383f47ae11ae34abc21f5f2c.sol:287:51: Rule is set with explicit type [var/s: uint] [Warning/explicit-types]
/sb/0x0030f75e27f6df16383f47ae11ae34abc21f5f2c.sol:287:67: Rule is set with explicit type [var/s: uint] [Warning/explicit-types]
/sb/0x0030f75e27f6df16383f47ae11ae34abc21f5f2c.sol:289:5: Missing @notice tag in function 'removeLiquidity' [Warning/use-natspec]
/sb/0x0030f75e27f6df16383f47ae11ae34abc21f5f2c.sol:289:5: Missing @param tag in function 'removeLiquidity' [Warning/use-natspec]
/sb/0x0030f75e27f6df16383f47ae11ae34abc21f5f2c.sol:289:5: Mismatch in @param names for function 'removeLiquidity'. Expected: [tokenA, tokenB, liquidity, amountAMin, amountBMin, to, deadline], Found: [] [Warning/use-natspec]
/sb/0x0030f75e27f6df16383f47ae11ae34abc21f5f2c.sol:289:5: Missing @return tag in function 'removeLiquidity' [Warning/use-natspec]
/sb/0x0030f75e27f6df16383f47ae11ae34abc21f5f2c.sol:289:5: Mismatch in @return names for function 'removeLiquidity'. Expected: [amountA, amountB], Found: [] [Warning/use-natspec]
/sb/0x0030f75e27f6df16383f47ae11ae34abc21f5f2c.sol:295:9: Rule is set with explicit type [var/s: uint] [Warning/explicit-types]
/sb/0x0030f75e27f6df16383f47ae11ae34abc21f5f2c.sol:297:9: Rule is set with explicit type [var/s: uint] [Warning/explicit-types]
/sb/0x0030f75e27f6df16383f47ae11ae34abc21f5f2c.sol:299:9: Rule is set with explicit type [var/s: uint] [Warning/explicit-types]
/sb/0x0030f75e27f6df16383f47ae11ae34abc21f5f2c.sol:303:9: Rule is set with explicit type [var/s: uint] [Warning/explicit-types]
/sb/0x0030f75e27f6df16383f47ae11ae34abc21f5f2c.sol:305:25: Rule is set with explicit type [var/s: uint] [Warning/explicit-types]
/sb/0x0030f75e27f6df16383f47ae11ae34abc21f5f2c.sol:305:39: Rule is set with explicit type [var/s: uint] [Warning/explicit-types]
/sb/0x0030f75e27f6df16383f47ae11ae34abc21f5f2c.sol:307:5: Missing @notice tag in function 'removeLiquidityETH' [Warning/use-natspec]
/sb/0x0030f75e27f6df16383f47ae11ae34abc21f5f2c.sol:307:5: Missing @param tag in function 'removeLiquidityETH' [Warning/use-natspec]
/sb/0x0030f75e27f6df16383f47ae11ae34abc21f5f2c.sol:307:5: Mismatch in @param names for function 'removeLiquidityETH'. Expected: [token, liquidity, amountTokenMin, amountETHMin, to, deadline], Found: [] [Warning/use-natspec]
/sb/0x0030f75e27f6df16383f47ae11ae34abc21f5f2c.sol:307:5: Missing @return tag in function 'removeLiquidityETH' [Warning/use-natspec]
/sb/0x0030f75e27f6df16383f47ae11ae34abc21f5f2c.sol:307:5: Mismatch in @return names for function 'removeLiquidityETH'. Expected: [amountToken, amountETH], Found: [] [Warning/use-natspec]
/sb/0x0030f75e27f6df16383f47ae11ae34abc21f5f2c.sol:311:9: Rule is set with explicit type [var/s: uint] [Warning/explicit-types]
/sb/0x0030f75e27f6df16383f47ae11ae34abc21f5f2c.sol:313:9: Rule is set with explicit type [var/s: uint] [Warning/explicit-types]
/sb/0x0030f75e27f6df16383f47ae11ae34abc21f5f2c.sol:315:9: Rule is set with explicit type [var/s: uint] [Warning/explicit-types]
/sb/0x0030f75e27f6df16383f47ae11ae34abc21f5f2c.sol:319:9: Rule is set with explicit type [var/s: uint] [Warning/explicit-types]
/sb/0x0030f75e27f6df16383f47ae11ae34abc21f5f2c.sol:321:25: Rule is set with explicit type [var/s: uint] [Warning/explicit-types]
/sb/0x0030f75e27f6df16383f47ae11ae34abc21f5f2c.sol:321:43: Rule is set with explicit type [var/s: uint] [Warning/explicit-types]
/sb/0x0030f75e27f6df16383f47ae11ae34abc21f5f2c.sol:323:5: Missing @notice tag in function 'removeLiquidityWithPermit' [Warning/use-natspec]
/sb/0x0030f75e27f6df16383f47ae11ae34abc21f5f2c.sol:323:5: Missing @param tag in function 'removeLiquidityWithPermit' [Warning/use-natspec]
/sb/0x0030f75e27f6df16383f47ae11ae34abc21f5f2c.sol:323:5: Mismatch in @param names for function 'removeLiquidityWithPermit'. Expected: [tokenA, tokenB, liquidity, amountAMin, amountBMin, to, deadline, approveMax, v, r, s], Found: [] [Warning/use-natspec]
/sb/0x0030f75e27f6df16383f47ae11ae34abc21f5f2c.sol:323:5: Missing @return tag in function 'removeLiquidityWithPermit' [Warning/use-natspec]
/sb/0x0030f75e27f6df16383f47ae11ae34abc21f5f2c.sol:323:5: Mismatch in @return names for function 'removeLiquidityWithPermit'. Expected: [amountA, amountB], Found: [] [Warning/use-natspec]
/sb/0x0030f75e27f6df16383f47ae11ae34abc21f5f2c.sol:329:9: Rule is set with explicit type [var/s: uint] [Warning/explicit-types]
/sb/0x0030f75e27f6df16383f47ae11ae34abc21f5f2c.sol:331:9: Rule is set with explicit type [var/s: uint] [Warning/explicit-types]
/sb/0x0030f75e27f6df16383f47ae11ae34abc21f5f2c.sol:333:9: Rule is set with explicit type [var/s: uint] [Warning/explicit-types]
/sb/0x0030f75e27f6df16383f47ae11ae34abc21f5f2c.sol:337:9: Rule is set with explicit type [var/s: uint] [Warning/explicit-types]
/sb/0x0030f75e27f6df16383f47ae11ae34abc21f5f2c.sol:341:25: Rule is set with explicit type [var/s: uint] [Warning/explicit-types]
/sb/0x0030f75e27f6df16383f47ae11ae34abc21f5f2c.sol:341:39: Rule is set with explicit type [var/s: uint] [Warning/explicit-types]
/sb/0x0030f75e27f6df16383f47ae11ae34abc21f5f2c.sol:343:5: Missing @notice tag in function 'removeLiquidityETHWithPermit' [Warning/use-natspec]
/sb/0x0030f75e27f6df16383f47ae11ae34abc21f5f2c.sol:343:5: Missing @param tag in function 'removeLiquidityETHWithPermit' [Warning/use-natspec]
/sb/0x0030f75e27f6df16383f47ae11ae34abc21f5f2c.sol:343:5: Mismatch in @param names for function 'removeLiquidityETHWithPermit'. Expected: [token, liquidity, amountTokenMin, amountETHMin, to, deadline, approveMax, v, r, s], Found: [] [Warning/use-natspec]
/sb/0x0030f75e27f6df16383f47ae11ae34abc21f5f2c.sol:343:5: Missing @return tag in function 'removeLiquidityETHWithPermit' [Warning/use-natspec]
/sb/0x0030f75e27f6df16383f47ae11ae34abc21f5f2c.sol:343:5: Mismatch in @return names for function 'removeLiquidityETHWithPermit'. Expected: [amountToken, amountETH], Found: [] [Warning/use-natspec]
/sb/0x0030f75e27f6df16383f47ae11ae34abc21f5f2c.sol:347:9: Rule is set with explicit type [var/s: uint] [Warning/explicit-types]
/sb/0x0030f75e27f6df16383f47ae11ae34abc21f5f2c.sol:349:9: Rule is set with explicit type [var/s: uint] [Warning/explicit-types]
/sb/0x0030f75e27f6df16383f47ae11ae34abc21f5f2c.sol:351:9: Rule is set with explicit type [var/s: uint] [Warning/explicit-types]
/sb/0x0030f75e27f6df16383f47ae11ae34abc21f5f2c.sol:355:9: Rule is set with explicit type [var/s: uint] [Warning/explicit-types]
/sb/0x0030f75e27f6df16383f47ae11ae34abc21f5f2c.sol:359:25: Rule is set with explicit type [var/s: uint] [Warning/explicit-types]
/sb/0x0030f75e27f6df16383f47ae11ae34abc21f5f2c.sol:359:43: Rule is set with explicit type [var/s: uint] [Warning/explicit-types]
/sb/0x0030f75e27f6df16383f47ae11ae34abc21f5f2c.sol:361:5: Missing @notice tag in function 'swapExactTokensForTokens' [Warning/use-natspec]
/sb/0x0030f75e27f6df16383f47ae11ae34abc21f5f2c.sol:361:5: Missing @param tag in function 'swapExactTokensForTokens' [Warning/use-natspec]
/sb/0x0030f75e27f6df16383f47ae11ae34abc21f5f2c.sol:361:5: Mismatch in @param names for function 'swapExactTokensForTokens'. Expected: [amountIn, amountOutMin, path, to, deadline], Found: [] [Warning/use-natspec]
/sb/0x0030f75e27f6df16383f47ae11ae34abc21f5f2c.sol:361:5: Missing @return tag in function 'swapExactTokensForTokens' [Warning/use-natspec]
/sb/0x0030f75e27f6df16383f47ae11ae34abc21f5f2c.sol:361:5: Mismatch in @return names for function 'swapExactTokensForTokens'. Expected: [amounts], Found: [] [Warning/use-natspec]
/sb/0x0030f75e27f6df16383f47ae11ae34abc21f5f2c.sol:363:9: Rule is set with explicit type [var/s: uint] [Warning/explicit-types]
/sb/0x0030f75e27f6df16383f47ae11ae34abc21f5f2c.sol:365:9: Rule is set with explicit type [var/s: uint] [Warning/explicit-types]
/sb/0x0030f75e27f6df16383f47ae11ae34abc21f5f2c.sol:371:9: Rule is set with explicit type [var/s: uint] [Warning/explicit-types]
/sb/0x0030f75e27f6df16383f47ae11ae34abc21f5f2c.sol:373:25: Rule is set with explicit type [var/s: uint] [Warning/explicit-types]
/sb/0x0030f75e27f6df16383f47ae11ae34abc21f5f2c.sol:375:5: Missing @notice tag in function 'swapTokensForExactTokens' [Warning/use-natspec]
/sb/0x0030f75e27f6df16383f47ae11ae34abc21f5f2c.sol:375:5: Missing @param tag in function 'swapTokensForExactTokens' [Warning/use-natspec]
/sb/0x0030f75e27f6df16383f47ae11ae34abc21f5f2c.sol:375:5: Mismatch in @param names for function 'swapTokensForExactTokens'. Expected: [amountOut, amountInMax, path, to, deadline], Found: [] [Warning/use-natspec]
/sb/0x0030f75e27f6df16383f47ae11ae34abc21f5f2c.sol:375:5: Missing @return tag in function 'swapTokensForExactTokens' [Warning/use-natspec]
/sb/0x0030f75e27f6df16383f47ae11ae34abc21f5f2c.sol:375:5: Mismatch in @return names for function 'swapTokensForExactTokens'. Expected: [amounts], Found: [] [Warning/use-natspec]
/sb/0x0030f75e27f6df16383f47ae11ae34abc21f5f2c.sol:377:9: Rule is set with explicit type [var/s: uint] [Warning/explicit-types]
/sb/0x0030f75e27f6df16383f47ae11ae34abc21f5f2c.sol:379:9: Rule is set with explicit type [var/s: uint] [Warning/explicit-types]
/sb/0x0030f75e27f6df16383f47ae11ae34abc21f5f2c.sol:385:9: Rule is set with explicit type [var/s: uint] [Warning/explicit-types]
/sb/0x0030f75e27f6df16383f47ae11ae34abc21f5f2c.sol:387:25: Rule is set with explicit type [var/s: uint] [Warning/explicit-types]
/sb/0x0030f75e27f6df16383f47ae11ae34abc21f5f2c.sol:389:5: Missing @notice tag in function 'swapExactETHForTokens' [Warning/use-natspec]
/sb/0x0030f75e27f6df16383f47ae11ae34abc21f5f2c.sol:389:5: Missing @param tag in function 'swapExactETHForTokens' [Warning/use-natspec]
/sb/0x0030f75e27f6df16383f47ae11ae34abc21f5f2c.sol:389:5: Mismatch in @param names for function 'swapExactETHForTokens'. Expected: [amountOutMin, path, to, deadline], Found: [] [Warning/use-natspec]
/sb/0x0030f75e27f6df16383f47ae11ae34abc21f5f2c.sol:389:5: Missing @return tag in function 'swapExactETHForTokens' [Warning/use-natspec]
/sb/0x0030f75e27f6df16383f47ae11ae34abc21f5f2c.sol:389:5: Mismatch in @return names for function 'swapExactETHForTokens'. Expected: [amounts], Found: [] [Warning/use-natspec]
/sb/0x0030f75e27f6df16383f47ae11ae34abc21f5f2c.sol:389:36: Rule is set with explicit type [var/s: uint] [Warning/explicit-types]
/sb/0x0030f75e27f6df16383f47ae11ae34abc21f5f2c.sol:389:92: Rule is set with explicit type [var/s: uint] [Warning/explicit-types]
/sb/0x0030f75e27f6df16383f47ae11ae34abc21f5f2c.sol:395:18: Rule is set with explicit type [var/s: uint] [Warning/explicit-types]
/sb/0x0030f75e27f6df16383f47ae11ae34abc21f5f2c.sol:397:5: Missing @notice tag in function 'swapTokensForExactETH' [Warning/use-natspec]
/sb/0x0030f75e27f6df16383f47ae11ae34abc21f5f2c.sol:397:5: Missing @param tag in function 'swapTokensForExactETH' [Warning/use-natspec]
/sb/0x0030f75e27f6df16383f47ae11ae34abc21f5f2c.sol:397:5: Mismatch in @param names for function 'swapTokensForExactETH'. Expected: [amountOut, amountInMax, path, to, deadline], Found: [] [Warning/use-natspec]
/sb/0x0030f75e27f6df16383f47ae11ae34abc21f5f2c.sol:397:5: Missing @return tag in function 'swapTokensForExactETH' [Warning/use-natspec]
/sb/0x0030f75e27f6df16383f47ae11ae34abc21f5f2c.sol:397:5: Mismatch in @return names for function 'swapTokensForExactETH'. Expected: [amounts], Found: [] [Warning/use-natspec]
/sb/0x0030f75e27f6df16383f47ae11ae34abc21f5f2c.sol:397:36: Rule is set with explicit type [var/s: uint] [Warning/explicit-types]
/sb/0x0030f75e27f6df16383f47ae11ae34abc21f5f2c.sol:397:52: Rule is set with explicit type [var/s: uint] [Warning/explicit-types]
/sb/0x0030f75e27f6df16383f47ae11ae34abc21f5f2c.sol:397:107: Rule is set with explicit type [var/s: uint] [Warning/explicit-types]
/sb/0x0030f75e27f6df16383f47ae11ae34abc21f5f2c.sol:401:18: Rule is set with explicit type [var/s: uint] [Warning/explicit-types]
/sb/0x0030f75e27f6df16383f47ae11ae34abc21f5f2c.sol:403:5: Missing @notice tag in function 'swapExactTokensForETH' [Warning/use-natspec]
/sb/0x0030f75e27f6df16383f47ae11ae34abc21f5f2c.sol:403:5: Missing @param tag in function 'swapExactTokensForETH' [Warning/use-natspec]
/sb/0x0030f75e27f6df16383f47ae11ae34abc21f5f2c.sol:403:5: Mismatch in @param names for function 'swapExactTokensForETH'. Expected: [amountIn, amountOutMin, path, to, deadline], Found: [] [Warning/use-natspec]
/sb/0x0030f75e27f6df16383f47ae11ae34abc21f5f2c.sol:403:5: Missing @return tag in function 'swapExactTokensForETH' [Warning/use-natspec]
/sb/0x0030f75e27f6df16383f47ae11ae34abc21f5f2c.sol:403:5: Mismatch in @return names for function 'swapExactTokensForETH'. Expected: [amounts], Found: [] [Warning/use-natspec]
/sb/0x0030f75e27f6df16383f47ae11ae34abc21f5f2c.sol:403:36: Rule is set with explicit type [var/s: uint] [Warning/explicit-types]
/sb/0x0030f75e27f6df16383f47ae11ae34abc21f5f2c.sol:403:51: Rule is set with explicit type [var/s: uint] [Warning/explicit-types]
/sb/0x0030f75e27f6df16383f47ae11ae34abc21f5f2c.sol:403:107: Rule is set with explicit type [var/s: uint] [Warning/explicit-types]
/sb/0x0030f75e27f6df16383f47ae11ae34abc21f5f2c.sol:407:18: Rule is set with explicit type [var/s: uint] [Warning/explicit-types]
/sb/0x0030f75e27f6df16383f47ae11ae34abc21f5f2c.sol:409:5: Missing @notice tag in function 'swapETHForExactTokens' [Warning/use-natspec]
/sb/0x0030f75e27f6df16383f47ae11ae34abc21f5f2c.sol:409:5: Missing @param tag in function 'swapETHForExactTokens' [Warning/use-natspec]
/sb/0x0030f75e27f6df16383f47ae11ae34abc21f5f2c.sol:409:5: Mismatch in @param names for function 'swapETHForExactTokens'. Expected: [amountOut, path, to, deadline], Found: [] [Warning/use-natspec]
/sb/0x0030f75e27f6df16383f47ae11ae34abc21f5f2c.sol:409:5: Missing @return tag in function 'swapETHForExactTokens' [Warning/use-natspec]
/sb/0x0030f75e27f6df16383f47ae11ae34abc21f5f2c.sol:409:5: Mismatch in @return names for function 'swapETHForExactTokens'. Expected: [amounts], Found: [] [Warning/use-natspec]
/sb/0x0030f75e27f6df16383f47ae11ae34abc21f5f2c.sol:409:36: Rule is set with explicit type [var/s: uint] [Warning/explicit-types]
/sb/0x0030f75e27f6df16383f47ae11ae34abc21f5f2c.sol:409:89: Rule is set with explicit type [var/s: uint] [Warning/explicit-types]
/sb/0x0030f75e27f6df16383f47ae11ae34abc21f5f2c.sol:415:18: Rule is set with explicit type [var/s: uint] [Warning/explicit-types]
/sb/0x0030f75e27f6df16383f47ae11ae34abc21f5f2c.sol:417:5: Missing @notice tag in function 'quote' [Warning/use-natspec]
/sb/0x0030f75e27f6df16383f47ae11ae34abc21f5f2c.sol:417:5: Missing @param tag in function 'quote' [Warning/use-natspec]
/sb/0x0030f75e27f6df16383f47ae11ae34abc21f5f2c.sol:417:5: Mismatch in @param names for function 'quote'. Expected: [amountA, reserveA, reserveB], Found: [] [Warning/use-natspec]
/sb/0x0030f75e27f6df16383f47ae11ae34abc21f5f2c.sol:417:5: Missing @return tag in function 'quote' [Warning/use-natspec]
/sb/0x0030f75e27f6df16383f47ae11ae34abc21f5f2c.sol:417:5: Mismatch in @return names for function 'quote'. Expected: [amountB], Found: [] [Warning/use-natspec]
/sb/0x0030f75e27f6df16383f47ae11ae34abc21f5f2c.sol:417:20: Rule is set with explicit type [var/s: uint] [Warning/explicit-types]
/sb/0x0030f75e27f6df16383f47ae11ae34abc21f5f2c.sol:417:34: Rule is set with explicit type [var/s: uint] [Warning/explicit-types]
/sb/0x0030f75e27f6df16383f47ae11ae34abc21f5f2c.sol:417:49: Rule is set with explicit type [var/s: uint] [Warning/explicit-types]
/sb/0x0030f75e27f6df16383f47ae11ae34abc21f5f2c.sol:417:87: Rule is set with explicit type [var/s: uint] [Warning/explicit-types]
/sb/0x0030f75e27f6df16383f47ae11ae34abc21f5f2c.sol:419:5: Missing @notice tag in function 'getAmountOut' [Warning/use-natspec]
/sb/0x0030f75e27f6df16383f47ae11ae34abc21f5f2c.sol:419:5: Missing @param tag in function 'getAmountOut' [Warning/use-natspec]
/sb/0x0030f75e27f6df16383f47ae11ae34abc21f5f2c.sol:419:5: Mismatch in @param names for function 'getAmountOut'. Expected: [amountIn, reserveIn, reserveOut], Found: [] [Warning/use-natspec]
/sb/0x0030f75e27f6df16383f47ae11ae34abc21f5f2c.sol:419:5: Missing @return tag in function 'getAmountOut' [Warning/use-natspec]
/sb/0x0030f75e27f6df16383f47ae11ae34abc21f5f2c.sol:419:5: Mismatch in @return names for function 'getAmountOut'. Expected: [amountOut], Found: [] [Warning/use-natspec]
/sb/0x0030f75e27f6df16383f47ae11ae34abc21f5f2c.sol:419:27: Rule is set with explicit type [var/s: uint] [Warning/explicit-types]
/sb/0x0030f75e27f6df16383f47ae11ae34abc21f5f2c.sol:419:42: Rule is set with explicit type [var/s: uint] [Warning/explicit-types]
/sb/0x0030f75e27f6df16383f47ae11ae34abc21f5f2c.sol:419:58: Rule is set with explicit type [var/s: uint] [Warning/explicit-types]
/sb/0x0030f75e27f6df16383f47ae11ae34abc21f5f2c.sol:419:98: Rule is set with explicit type [var/s: uint] [Warning/explicit-types]
/sb/0x0030f75e27f6df16383f47ae11ae34abc21f5f2c.sol:421:5: Missing @notice tag in function 'getAmountIn' [Warning/use-natspec]
/sb/0x0030f75e27f6df16383f47ae11ae34abc21f5f2c.sol:421:5: Missing @param tag in function 'getAmountIn' [Warning/use-natspec]
/sb/0x0030f75e27f6df16383f47ae11ae34abc21f5f2c.sol:421:5: Mismatch in @param names for function 'getAmountIn'. Expected: [amountOut, reserveIn, reserveOut], Found: [] [Warning/use-natspec]
/sb/0x0030f75e27f6df16383f47ae11ae34abc21f5f2c.sol:421:5: Missing @return tag in function 'getAmountIn' [Warning/use-natspec]
/sb/0x0030f75e27f6df16383f47ae11ae34abc21f5f2c.sol:421:5: Mismatch in @return names for function 'getAmountIn'. Expected: [amountIn], Found: [] [Warning/use-natspec]
/sb/0x0030f75e27f6df16383f47ae11ae34abc21f5f2c.sol:421:26: Rule is set with explicit type [var/s: uint] [Warning/explicit-types]
/sb/0x0030f75e27f6df16383f47ae11ae34abc21f5f2c.sol:421:42: Rule is set with explicit type [var/s: uint] [Warning/explicit-types]
/sb/0x0030f75e27f6df16383f47ae11ae34abc21f5f2c.sol:421:58: Rule is set with explicit type [var/s: uint] [Warning/explicit-types]
/sb/0x0030f75e27f6df16383f47ae11ae34abc21f5f2c.sol:421:98: Rule is set with explicit type [var/s: uint] [Warning/explicit-types]
/sb/0x0030f75e27f6df16383f47ae11ae34abc21f5f2c.sol:423:5: Missing @notice tag in function 'getAmountsOut' [Warning/use-natspec]
/sb/0x0030f75e27f6df16383f47ae11ae34abc21f5f2c.sol:423:5: Missing @param tag in function 'getAmountsOut' [Warning/use-natspec]
/sb/0x0030f75e27f6df16383f47ae11ae34abc21f5f2c.sol:423:5: Mismatch in @param names for function 'getAmountsOut'. Expected: [amountIn, path], Found: [] [Warning/use-natspec]
/sb/0x0030f75e27f6df16383f47ae11ae34abc21f5f2c.sol:423:5: Missing @return tag in function 'getAmountsOut' [Warning/use-natspec]
/sb/0x0030f75e27f6df16383f47ae11ae34abc21f5f2c.sol:423:5: Mismatch in @return names for function 'getAmountsOut'. Expected: [amounts], Found: [] [Warning/use-natspec]
/sb/0x0030f75e27f6df16383f47ae11ae34abc21f5f2c.sol:423:28: Rule is set with explicit type [var/s: uint] [Warning/explicit-types]
/sb/0x0030f75e27f6df16383f47ae11ae34abc21f5f2c.sol:423:91: Rule is set with explicit type [var/s: uint] [Warning/explicit-types]
/sb/0x0030f75e27f6df16383f47ae11ae34abc21f5f2c.sol:425:5: Missing @notice tag in function 'getAmountsIn' [Warning/use-natspec]
/sb/0x0030f75e27f6df16383f47ae11ae34abc21f5f2c.sol:425:5: Missing @param tag in function 'getAmountsIn' [Warning/use-natspec]
/sb/0x0030f75e27f6df16383f47ae11ae34abc21f5f2c.sol:425:5: Mismatch in @param names for function 'getAmountsIn'. Expected: [amountOut, path], Found: [] [Warning/use-natspec]
/sb/0x0030f75e27f6df16383f47ae11ae34abc21f5f2c.sol:425:5: Missing @return tag in function 'getAmountsIn' [Warning/use-natspec]
/sb/0x0030f75e27f6df16383f47ae11ae34abc21f5f2c.sol:425:5: Mismatch in @return names for function 'getAmountsIn'. Expected: [amounts], Found: [] [Warning/use-natspec]
/sb/0x0030f75e27f6df16383f47ae11ae34abc21f5f2c.sol:425:27: Rule is set with explicit type [var/s: uint] [Warning/explicit-types]
/sb/0x0030f75e27f6df16383f47ae11ae34abc21f5f2c.sol:425:91: Rule is set with explicit type [var/s: uint] [Warning/explicit-types]
/sb/0x0030f75e27f6df16383f47ae11ae34abc21f5f2c.sol:429:1: Missing @title tag in contract 'IUniswapV2Router02' [Warning/use-natspec]
/sb/0x0030f75e27f6df16383f47ae11ae34abc21f5f2c.sol:429:1: Missing @author tag in contract 'IUniswapV2Router02' [Warning/use-natspec]
/sb/0x0030f75e27f6df16383f47ae11ae34abc21f5f2c.sol:429:1: Missing @notice tag in contract 'IUniswapV2Router02' [Warning/use-natspec]
/sb/0x0030f75e27f6df16383f47ae11ae34abc21f5f2c.sol:431:5: Missing @notice tag in function 'factory' [Warning/use-natspec]
/sb/0x0030f75e27f6df16383f47ae11ae34abc21f5f2c.sol:431:5: Missing @return tag in function 'factory' [Warning/use-natspec]
/sb/0x0030f75e27f6df16383f47ae11ae34abc21f5f2c.sol:431:5: Mismatch in @return count for function 'factory'. Expected: 1, Found: 0 [Warning/use-natspec]
/sb/0x0030f75e27f6df16383f47ae11ae34abc21f5f2c.sol:433:5: Missing @notice tag in function 'WETH' [Warning/use-natspec]
/sb/0x0030f75e27f6df16383f47ae11ae34abc21f5f2c.sol:433:5: Missing @return tag in function 'WETH' [Warning/use-natspec]
/sb/0x0030f75e27f6df16383f47ae11ae34abc21f5f2c.sol:433:5: Mismatch in @return count for function 'WETH'. Expected: 1, Found: 0 [Warning/use-natspec]
/sb/0x0030f75e27f6df16383f47ae11ae34abc21f5f2c.sol:433:5: Function name must be in mixedCase [Warning/func-name-mixedcase]
/sb/0x0030f75e27f6df16383f47ae11ae34abc21f5f2c.sol:435:5: Missing @notice tag in function 'swapExactTokensForETHSupportingFeeOnTransferTokens' [Warning/use-natspec]
/sb/0x0030f75e27f6df16383f47ae11ae34abc21f5f2c.sol:435:5: Missing @param tag in function 'swapExactTokensForETHSupportingFeeOnTransferTokens' [Warning/use-natspec]
/sb/0x0030f75e27f6df16383f47ae11ae34abc21f5f2c.sol:435:5: Mismatch in @param names for function 'swapExactTokensForETHSupportingFeeOnTransferTokens'. Expected: [amountIn, amountOutMin, path, to, deadline], Found: [] [Warning/use-natspec]
/sb/0x0030f75e27f6df16383f47ae11ae34abc21f5f2c.sol:437:9: Rule is set with explicit type [var/s: uint] [Warning/explicit-types]
/sb/0x0030f75e27f6df16383f47ae11ae34abc21f5f2c.sol:439:9: Rule is set with explicit type [var/s: uint] [Warning/explicit-types]
/sb/0x0030f75e27f6df16383f47ae11ae34abc21f5f2c.sol:445:9: Rule is set with explicit type [var/s: uint] [Warning/explicit-types]
/sb/0x0030f75e27f6df16383f47ae11ae34abc21f5f2c.sol:449:5: Missing @notice tag in function 'addLiquidity' [Warning/use-natspec]
/sb/0x0030f75e27f6df16383f47ae11ae34abc21f5f2c.sol:449:5: Missing @param tag in function 'addLiquidity' [Warning/use-natspec]
/sb/0x0030f75e27f6df16383f47ae11ae34abc21f5f2c.sol:449:5: Mismatch in @param names for function 'addLiquidity'. Expected: [tokenA, tokenB, amountADesired, amountBDesired, amountAMin, amountBMin, to, deadline], Found: [] [Warning/use-natspec]
/sb/0x0030f75e27f6df16383f47ae11ae34abc21f5f2c.sol:449:5: Missing @return tag in function 'addLiquidity' [Warning/use-natspec]
/sb/0x0030f75e27f6df16383f47ae11ae34abc21f5f2c.sol:449:5: Mismatch in @return names for function 'addLiquidity'. Expected: [amountA, amountB, liquidity], Found: [] [Warning/use-natspec]
/sb/0x0030f75e27f6df16383f47ae11ae34abc21f5f2c.sol:455:9: Rule is set with explicit type [var/s: uint] [Warning/explicit-types]
/sb/0x0030f75e27f6df16383f47ae11ae34abc21f5f2c.sol:457:9: Rule is set with explicit type [var/s: uint] [Warning/explicit-types]
/sb/0x0030f75e27f6df16383f47ae11ae34abc21f5f2c.sol:459:9: Rule is set with explicit type [var/s: uint] [Warning/explicit-types]
/sb/0x0030f75e27f6df16383f47ae11ae34abc21f5f2c.sol:461:9: Rule is set with explicit type [var/s: uint] [Warning/explicit-types]
/sb/0x0030f75e27f6df16383f47ae11ae34abc21f5f2c.sol:465:9: Rule is set with explicit type [var/s: uint] [Warning/explicit-types]
/sb/0x0030f75e27f6df16383f47ae11ae34abc21f5f2c.sol:467:25: Rule is set with explicit type [var/s: uint] [Warning/explicit-types]
/sb/0x0030f75e27f6df16383f47ae11ae34abc21f5f2c.sol:467:39: Rule is set with explicit type [var/s: uint] [Warning/explicit-types]
/sb/0x0030f75e27f6df16383f47ae11ae34abc21f5f2c.sol:467:53: Rule is set with explicit type [var/s: uint] [Warning/explicit-types]
/sb/0x0030f75e27f6df16383f47ae11ae34abc21f5f2c.sol:469:5: Missing @notice tag in function 'addLiquidityETH' [Warning/use-natspec]
/sb/0x0030f75e27f6df16383f47ae11ae34abc21f5f2c.sol:469:5: Missing @param tag in function 'addLiquidityETH' [Warning/use-natspec]
/sb/0x0030f75e27f6df16383f47ae11ae34abc21f5f2c.sol:469:5: Mismatch in @param names for function 'addLiquidityETH'. Expected: [token, amountTokenDesired, amountTokenMin, amountETHMin, to, deadline], Found: [] [Warning/use-natspec]
/sb/0x0030f75e27f6df16383f47ae11ae34abc21f5f2c.sol:469:5: Missing @return tag in function 'addLiquidityETH' [Warning/use-natspec]
/sb/0x0030f75e27f6df16383f47ae11ae34abc21f5f2c.sol:469:5: Mismatch in @return names for function 'addLiquidityETH'. Expected: [amountToken, amountETH, liquidity], Found: [] [Warning/use-natspec]
/sb/0x0030f75e27f6df16383f47ae11ae34abc21f5f2c.sol:473:9: Rule is set with explicit type [var/s: uint] [Warning/explicit-types]
/sb/0x0030f75e27f6df16383f47ae11ae34abc21f5f2c.sol:475:9: Rule is set with explicit type [var/s: uint] [Warning/explicit-types]
/sb/0x0030f75e27f6df16383f47ae11ae34abc21f5f2c.sol:477:9: Rule is set with explicit type [var/s: uint] [Warning/explicit-types]
/sb/0x0030f75e27f6df16383f47ae11ae34abc21f5f2c.sol:481:9: Rule is set with explicit type [var/s: uint] [Warning/explicit-types]
/sb/0x0030f75e27f6df16383f47ae11ae34abc21f5f2c.sol:483:33: Rule is set with explicit type [var/s: uint] [Warning/explicit-types]
/sb/0x0030f75e27f6df16383f47ae11ae34abc21f5f2c.sol:483:51: Rule is set with explicit type [var/s: uint] [Warning/explicit-types]
/sb/0x0030f75e27f6df16383f47ae11ae34abc21f5f2c.sol:483:67: Rule is set with explicit type [var/s: uint] [Warning/explicit-types]
/sb/0x0030f75e27f6df16383f47ae11ae34abc21f5f2c.sol:485:5: Missing @notice tag in function 'removeLiquidity' [Warning/use-natspec]
/sb/0x0030f75e27f6df16383f47ae11ae34abc21f5f2c.sol:485:5: Missing @param tag in function 'removeLiquidity' [Warning/use-natspec]
/sb/0x0030f75e27f6df16383f47ae11ae34abc21f5f2c.sol:485:5: Mismatch in @param names for function 'removeLiquidity'. Expected: [tokenA, tokenB, liquidity, amountAMin, amountBMin, to, deadline], Found: [] [Warning/use-natspec]
/sb/0x0030f75e27f6df16383f47ae11ae34abc21f5f2c.sol:485:5: Missing @return tag in function 'removeLiquidity' [Warning/use-natspec]
/sb/0x0030f75e27f6df16383f47ae11ae34abc21f5f2c.sol:485:5: Mismatch in @return names for function 'removeLiquidity'. Expected: [amountA, amountB], Found: [] [Warning/use-natspec]
/sb/0x0030f75e27f6df16383f47ae11ae34abc21f5f2c.sol:491:9: Rule is set with explicit type [var/s: uint] [Warning/explicit-types]
/sb/0x0030f75e27f6df16383f47ae11ae34abc21f5f2c.sol:493:9: Rule is set with explicit type [var/s: uint] [Warning/explicit-types]
/sb/0x0030f75e27f6df16383f47ae11ae34abc21f5f2c.sol:495:9: Rule is set with explicit type [var/s: uint] [Warning/explicit-types]
/sb/0x0030f75e27f6df16383f47ae11ae34abc21f5f2c.sol:499:9: Rule is set with explicit type [var/s: uint] [Warning/explicit-types]
/sb/0x0030f75e27f6df16383f47ae11ae34abc21f5f2c.sol:501:25: Rule is set with explicit type [var/s: uint] [Warning/explicit-types]
/sb/0x0030f75e27f6df16383f47ae11ae34abc21f5f2c.sol:501:39: Rule is set with explicit type [var/s: uint] [Warning/explicit-types]
/sb/0x0030f75e27f6df16383f47ae11ae34abc21f5f2c.sol:503:5: Missing @notice tag in function 'removeLiquidityETH' [Warning/use-natspec]
/sb/0x0030f75e27f6df16383f47ae11ae34abc21f5f2c.sol:503:5: Missing @param tag in function 'removeLiquidityETH' [Warning/use-natspec]
/sb/0x0030f75e27f6df16383f47ae11ae34abc21f5f2c.sol:503:5: Mismatch in @param names for function 'removeLiquidityETH'. Expected: [token, liquidity, amountTokenMin, amountETHMin, to, deadline], Found: [] [Warning/use-natspec]
/sb/0x0030f75e27f6df16383f47ae11ae34abc21f5f2c.sol:503:5: Missing @return tag in function 'removeLiquidityETH' [Warning/use-natspec]
/sb/0x0030f75e27f6df16383f47ae11ae34abc21f5f2c.sol:503:5: Mismatch in @return names for function 'removeLiquidityETH'. Expected: [amountToken, amountETH], Found: [] [Warning/use-natspec]
/sb/0x0030f75e27f6df16383f47ae11ae34abc21f5f2c.sol:507:9: Rule is set with explicit type [var/s: uint] [Warning/explicit-types]
/sb/0x0030f75e27f6df16383f47ae11ae34abc21f5f2c.sol:509:9: Rule is set with explicit type [var/s: uint] [Warning/explicit-types]
/sb/0x0030f75e27f6df16383f47ae11ae34abc21f5f2c.sol:511:9: Rule is set with explicit type [var/s: uint] [Warning/explicit-types]
/sb/0x0030f75e27f6df16383f47ae11ae34abc21f5f2c.sol:515:9: Rule is set with explicit type [var/s: uint] [Warning/explicit-types]
/sb/0x0030f75e27f6df16383f47ae11ae34abc21f5f2c.sol:517:25: Rule is set with explicit type [var/s: uint] [Warning/explicit-types]
/sb/0x0030f75e27f6df16383f47ae11ae34abc21f5f2c.sol:517:43: Rule is set with explicit type [var/s: uint] [Warning/explicit-types]
/sb/0x0030f75e27f6df16383f47ae11ae34abc21f5f2c.sol:519:5: Missing @notice tag in function 'removeLiquidityWithPermit' [Warning/use-natspec]
/sb/0x0030f75e27f6df16383f47ae11ae34abc21f5f2c.sol:519:5: Missing @param tag in function 'removeLiquidityWithPermit' [Warning/use-natspec]
/sb/0x0030f75e27f6df16383f47ae11ae34abc21f5f2c.sol:519:5: Mismatch in @param names for function 'removeLiquidityWithPermit'. Expected: [tokenA, tokenB, liquidity, amountAMin, amountBMin, to, deadline, approveMax, v, r, s], Found: [] [Warning/use-natspec]
/sb/0x0030f75e27f6df16383f47ae11ae34abc21f5f2c.sol:519:5: Missing @return tag in function 'removeLiquidityWithPermit' [Warning/use-natspec]
/sb/0x0030f75e27f6df16383f47ae11ae34abc21f5f2c.sol:519:5: Mismatch in @return names for function 'removeLiquidityWithPermit'. Expected: [amountA, amountB], Found: [] [Warning/use-natspec]
/sb/0x0030f75e27f6df16383f47ae11ae34abc21f5f2c.sol:525:9: Rule is set with explicit type [var/s: uint] [Warning/explicit-types]
/sb/0x0030f75e27f6df16383f47ae11ae34abc21f5f2c.sol:527:9: Rule is set with explicit type [var/s: uint] [Warning/explicit-types]
/sb/0x0030f75e27f6df16383f47ae11ae34abc21f5f2c.sol:529:9: Rule is set with explicit type [var/s: uint] [Warning/explicit-types]
/sb/0x0030f75e27f6df16383f47ae11ae34abc21f5f2c.sol:533:9: Rule is set with explicit type [var/s: uint] [Warning/explicit-types]
/sb/0x0030f75e27f6df16383f47ae11ae34abc21f5f2c.sol:537:25: Rule is set with explicit type [var/s: uint] [Warning/explicit-types]
/sb/0x0030f75e27f6df16383f47ae11ae34abc21f5f2c.sol:537:39: Rule is set with explicit type [var/s: uint] [Warning/explicit-types]
/sb/0x0030f75e27f6df16383f47ae11ae34abc21f5f2c.sol:539:5: Missing @notice tag in function 'removeLiquidityETHWithPermit' [Warning/use-natspec]
/sb/0x0030f75e27f6df16383f47ae11ae34abc21f5f2c.sol:539:5: Missing @param tag in function 'removeLiquidityETHWithPermit' [Warning/use-natspec]
/sb/0x0030f75e27f6df16383f47ae11ae34abc21f5f2c.sol:539:5: Mismatch in @param names for function 'removeLiquidityETHWithPermit'. Expected: [token, liquidity, amountTokenMin, amountETHMin, to, deadline, approveMax, v, r, s], Found: [] [Warning/use-natspec]
/sb/0x0030f75e27f6df16383f47ae11ae34abc21f5f2c.sol:539:5: Missing @return tag in function 'removeLiquidityETHWithPermit' [Warning/use-natspec]
/sb/0x0030f75e27f6df16383f47ae11ae34abc21f5f2c.sol:539:5: Mismatch in @return names for function 'removeLiquidityETHWithPermit'. Expected: [amountToken, amountETH], Found: [] [Warning/use-natspec]
/sb/0x0030f75e27f6df16383f47ae11ae34abc21f5f2c.sol:543:9: Rule is set with explicit type [var/s: uint] [Warning/explicit-types]
/sb/0x0030f75e27f6df16383f47ae11ae34abc21f5f2c.sol:545:9: Rule is set with explicit type [var/s: uint] [Warning/explicit-types]
/sb/0x0030f75e27f6df16383f47ae11ae34abc21f5f2c.sol:547:9: Rule is set with explicit type [var/s: uint] [Warning/explicit-types]
/sb/0x0030f75e27f6df16383f47ae11ae34abc21f5f2c.sol:551:9: Rule is set with explicit type [var/s: uint] [Warning/explicit-types]
/sb/0x0030f75e27f6df16383f47ae11ae34abc21f5f2c.sol:555:25: Rule is set with explicit type [var/s: uint] [Warning/explicit-types]
/sb/0x0030f75e27f6df16383f47ae11ae34abc21f5f2c.sol:555:43: Rule is set with explicit type [var/s: uint] [Warning/explicit-types]
/sb/0x0030f75e27f6df16383f47ae11ae34abc21f5f2c.sol:557:5: Missing @notice tag in function 'swapExactTokensForTokens' [Warning/use-natspec]
/sb/0x0030f75e27f6df16383f47ae11ae34abc21f5f2c.sol:557:5: Missing @param tag in function 'swapExactTokensForTokens' [Warning/use-natspec]
/sb/0x0030f75e27f6df16383f47ae11ae34abc21f5f2c.sol:557:5: Mismatch in @param names for function 'swapExactTokensForTokens'. Expected: [amountIn, amountOutMin, path, to, deadline], Found: [] [Warning/use-natspec]
/sb/0x0030f75e27f6df16383f47ae11ae34abc21f5f2c.sol:557:5: Missing @return tag in function 'swapExactTokensForTokens' [Warning/use-natspec]
/sb/0x0030f75e27f6df16383f47ae11ae34abc21f5f2c.sol:557:5: Mismatch in @return names for function 'swapExactTokensForTokens'. Expected: [amounts], Found: [] [Warning/use-natspec]
/sb/0x0030f75e27f6df16383f47ae11ae34abc21f5f2c.sol:559:9: Rule is set with explicit type [var/s: uint] [Warning/explicit-types]
/sb/0x0030f75e27f6df16383f47ae11ae34abc21f5f2c.sol:561:9: Rule is set with explicit type [var/s: uint] [Warning/explicit-types]
/sb/0x0030f75e27f6df16383f47ae11ae34abc21f5f2c.sol:567:9: Rule is set with explicit type [var/s: uint] [Warning/explicit-types]
/sb/0x0030f75e27f6df16383f47ae11ae34abc21f5f2c.sol:569:25: Rule is set with explicit type [var/s: uint] [Warning/explicit-types]
/sb/0x0030f75e27f6df16383f47ae11ae34abc21f5f2c.sol:571:5: Missing @notice tag in function 'swapTokensForExactTokens' [Warning/use-natspec]
/sb/0x0030f75e27f6df16383f47ae11ae34abc21f5f2c.sol:571:5: Missing @param tag in function 'swapTokensForExactTokens' [Warning/use-natspec]
/sb/0x0030f75e27f6df16383f47ae11ae34abc21f5f2c.sol:571:5: Mismatch in @param names for function 'swapTokensForExactTokens'. Expected: [amountOut, amountInMax, path, to, deadline], Found: [] [Warning/use-natspec]
/sb/0x0030f75e27f6df16383f47ae11ae34abc21f5f2c.sol:571:5: Missing @return tag in function 'swapTokensForExactTokens' [Warning/use-natspec]
/sb/0x0030f75e27f6df16383f47ae11ae34abc21f5f2c.sol:571:5: Mismatch in @return names for function 'swapTokensForExactTokens'. Expected: [amounts], Found: [] [Warning/use-natspec]
/sb/0x0030f75e27f6df16383f47ae11ae34abc21f5f2c.sol:573:9: Rule is set with explicit type [var/s: uint] [Warning/explicit-types]
/sb/0x0030f75e27f6df16383f47ae11ae34abc21f5f2c.sol:575:9: Rule is set with explicit type [var/s: uint] [Warning/explicit-types]
/sb/0x0030f75e27f6df16383f47ae11ae34abc21f5f2c.sol:581:9: Rule is set with explicit type [var/s: uint] [Warning/explicit-types]
/sb/0x0030f75e27f6df16383f47ae11ae34abc21f5f2c.sol:583:25: Rule is set with explicit type [var/s: uint] [Warning/explicit-types]
/sb/0x0030f75e27f6df16383f47ae11ae34abc21f5f2c.sol:585:5: Missing @notice tag in function 'swapExactETHForTokensSupportingFeeOnTransferTokens' [Warning/use-natspec]
/sb/0x0030f75e27f6df16383f47ae11ae34abc21f5f2c.sol:585:5: Missing @param tag in function 'swapExactETHForTokensSupportingFeeOnTransferTokens' [Warning/use-natspec]
/sb/0x0030f75e27f6df16383f47ae11ae34abc21f5f2c.sol:585:5: Mismatch in @param names for function 'swapExactETHForTokensSupportingFeeOnTransferTokens'. Expected: [amountOutMin, path, to, deadline], Found: [] [Warning/use-natspec]
/sb/0x0030f75e27f6df16383f47ae11ae34abc21f5f2c.sol:587:9: Rule is set with explicit type [var/s: uint] [Warning/explicit-types]
/sb/0x0030f75e27f6df16383f47ae11ae34abc21f5f2c.sol:593:9: Rule is set with explicit type [var/s: uint] [Warning/explicit-types]
/sb/0x0030f75e27f6df16383f47ae11ae34abc21f5f2c.sol:597:5: Missing @notice tag in function 'swapExactETHForTokens' [Warning/use-natspec]
/sb/0x0030f75e27f6df16383f47ae11ae34abc21f5f2c.sol:597:5: Missing @param tag in function 'swapExactETHForTokens' [Warning/use-natspec]
/sb/0x0030f75e27f6df16383f47ae11ae34abc21f5f2c.sol:597:5: Mismatch in @param names for function 'swapExactETHForTokens'. Expected: [amountOutMin, path, to, deadline], Found: [] [Warning/use-natspec]
/sb/0x0030f75e27f6df16383f47ae11ae34abc21f5f2c.sol:597:5: Missing @return tag in function 'swapExactETHForTokens' [Warning/use-natspec]
/sb/0x0030f75e27f6df16383f47ae11ae34abc21f5f2c.sol:597:5: Mismatch in @return names for function 'swapExactETHForTokens'. Expected: [amounts], Found: [] [Warning/use-natspec]
/sb/0x0030f75e27f6df16383f47ae11ae34abc21f5f2c.sol:597:36: Rule is set with explicit type [var/s: uint] [Warning/explicit-types]
/sb/0x0030f75e27f6df16383f47ae11ae34abc21f5f2c.sol:597:92: Rule is set with explicit type [var/s: uint] [Warning/explicit-types]
/sb/0x0030f75e27f6df16383f47ae11ae34abc21f5f2c.sol:603:18: Rule is set with explicit type [var/s: uint] [Warning/explicit-types]
/sb/0x0030f75e27f6df16383f47ae11ae34abc21f5f2c.sol:605:5: Missing @notice tag in function 'swapTokensForExactETH' [Warning/use-natspec]
/sb/0x0030f75e27f6df16383f47ae11ae34abc21f5f2c.sol:605:5: Missing @param tag in function 'swapTokensForExactETH' [Warning/use-natspec]
/sb/0x0030f75e27f6df16383f47ae11ae34abc21f5f2c.sol:605:5: Mismatch in @param names for function 'swapTokensForExactETH'. Expected: [amountOut, amountInMax, path, to, deadline], Found: [] [Warning/use-natspec]
/sb/0x0030f75e27f6df16383f47ae11ae34abc21f5f2c.sol:605:5: Missing @return tag in function 'swapTokensForExactETH' [Warning/use-natspec]
/sb/0x0030f75e27f6df16383f47ae11ae34abc21f5f2c.sol:605:5: Mismatch in @return names for function 'swapTokensForExactETH'. Expected: [amounts], Found: [] [Warning/use-natspec]
/sb/0x0030f75e27f6df16383f47ae11ae34abc21f5f2c.sol:605:36: Rule is set with explicit type [var/s: uint] [Warning/explicit-types]
/sb/0x0030f75e27f6df16383f47ae11ae34abc21f5f2c.sol:605:52: Rule is set with explicit type [var/s: uint] [Warning/explicit-types]
/sb/0x0030f75e27f6df16383f47ae11ae34abc21f5f2c.sol:605:107: Rule is set with explicit type [var/s: uint] [Warning/explicit-types]
/sb/0x0030f75e27f6df16383f47ae11ae34abc21f5f2c.sol:609:18: Rule is set with explicit type [var/s: uint] [Warning/explicit-types]
/sb/0x0030f75e27f6df16383f47ae11ae34abc21f5f2c.sol:611:5: Missing @notice tag in function 'swapExactTokensForETH' [Warning/use-natspec]
/sb/0x0030f75e27f6df16383f47ae11ae34abc21f5f2c.sol:611:5: Missing @param tag in function 'swapExactTokensForETH' [Warning/use-natspec]
/sb/0x0030f75e27f6df16383f47ae11ae34abc21f5f2c.sol:611:5: Mismatch in @param names for function 'swapExactTokensForETH'. Expected: [amountIn, amountOutMin, path, to, deadline], Found: [] [Warning/use-natspec]
/sb/0x0030f75e27f6df16383f47ae11ae34abc21f5f2c.sol:611:5: Missing @return tag in function 'swapExactTokensForETH' [Warning/use-natspec]
/sb/0x0030f75e27f6df16383f47ae11ae34abc21f5f2c.sol:611:5: Mismatch in @return names for function 'swapExactTokensForETH'. Expected: [amounts], Found: [] [Warning/use-natspec]
/sb/0x0030f75e27f6df16383f47ae11ae34abc21f5f2c.sol:611:36: Rule is set with explicit type [var/s: uint] [Warning/explicit-types]
/sb/0x0030f75e27f6df16383f47ae11ae34abc21f5f2c.sol:611:51: Rule is set with explicit type [var/s: uint] [Warning/explicit-types]
/sb/0x0030f75e27f6df16383f47ae11ae34abc21f5f2c.sol:611:107: Rule is set with explicit type [var/s: uint] [Warning/explicit-types]
/sb/0x0030f75e27f6df16383f47ae11ae34abc21f5f2c.sol:615:18: Rule is set with explicit type [var/s: uint] [Warning/explicit-types]
/sb/0x0030f75e27f6df16383f47ae11ae34abc21f5f2c.sol:617:5: Missing @notice tag in function 'swapETHForExactTokens' [Warning/use-natspec]
/sb/0x0030f75e27f6df16383f47ae11ae34abc21f5f2c.sol:617:5: Missing @param tag in function 'swapETHForExactTokens' [Warning/use-natspec]
/sb/0x0030f75e27f6df16383f47ae11ae34abc21f5f2c.sol:617:5: Mismatch in @param names for function 'swapETHForExactTokens'. Expected: [amountOut, path, to, deadline], Found: [] [Warning/use-natspec]
/sb/0x0030f75e27f6df16383f47ae11ae34abc21f5f2c.sol:617:5: Missing @return tag in function 'swapETHForExactTokens' [Warning/use-natspec]
/sb/0x0030f75e27f6df16383f47ae11ae34abc21f5f2c.sol:617:5: Mismatch in @return names for function 'swapETHForExactTokens'. Expected: [amounts], Found: [] [Warning/use-natspec]
/sb/0x0030f75e27f6df16383f47ae11ae34abc21f5f2c.sol:617:36: Rule is set with explicit type [var/s: uint] [Warning/explicit-types]
/sb/0x0030f75e27f6df16383f47ae11ae34abc21f5f2c.sol:617:89: Rule is set with explicit type [var/s: uint] [Warning/explicit-types]
/sb/0x0030f75e27f6df16383f47ae11ae34abc21f5f2c.sol:623:18: Rule is set with explicit type [var/s: uint] [Warning/explicit-types]
/sb/0x0030f75e27f6df16383f47ae11ae34abc21f5f2c.sol:625:5: Missing @notice tag in function 'quote' [Warning/use-natspec]
/sb/0x0030f75e27f6df16383f47ae11ae34abc21f5f2c.sol:625:5: Missing @param tag in function 'quote' [Warning/use-natspec]
/sb/0x0030f75e27f6df16383f47ae11ae34abc21f5f2c.sol:625:5: Mismatch in @param names for function 'quote'. Expected: [amountA, reserveA, reserveB], Found: [] [Warning/use-natspec]
/sb/0x0030f75e27f6df16383f47ae11ae34abc21f5f2c.sol:625:5: Missing @return tag in function 'quote' [Warning/use-natspec]
/sb/0x0030f75e27f6df16383f47ae11ae34abc21f5f2c.sol:625:5: Mismatch in @return names for function 'quote'. Expected: [amountB], Found: [] [Warning/use-natspec]
/sb/0x0030f75e27f6df16383f47ae11ae34abc21f5f2c.sol:625:20: Rule is set with explicit type [var/s: uint] [Warning/explicit-types]
/sb/0x0030f75e27f6df16383f47ae11ae34abc21f5f2c.sol:625:34: Rule is set with explicit type [var/s: uint] [Warning/explicit-types]
/sb/0x0030f75e27f6df16383f47ae11ae34abc21f5f2c.sol:625:49: Rule is set with explicit type [var/s: uint] [Warning/explicit-types]
/sb/0x0030f75e27f6df16383f47ae11ae34abc21f5f2c.sol:625:87: Rule is set with explicit type [var/s: uint] [Warning/explicit-types]
/sb/0x0030f75e27f6df16383f47ae11ae34abc21f5f2c.sol:627:5: Missing @notice tag in function 'getAmountOut' [Warning/use-natspec]
/sb/0x0030f75e27f6df16383f47ae11ae34abc21f5f2c.sol:627:5: Missing @param tag in function 'getAmountOut' [Warning/use-natspec]
/sb/0x0030f75e27f6df16383f47ae11ae34abc21f5f2c.sol:627:5: Mismatch in @param names for function 'getAmountOut'. Expected: [amountIn, reserveIn, reserveOut], Found: [] [Warning/use-natspec]
/sb/0x0030f75e27f6df16383f47ae11ae34abc21f5f2c.sol:627:5: Missing @return tag in function 'getAmountOut' [Warning/use-natspec]
/sb/0x0030f75e27f6df16383f47ae11ae34abc21f5f2c.sol:627:5: Mismatch in @return names for function 'getAmountOut'. Expected: [amountOut], Found: [] [Warning/use-natspec]
/sb/0x0030f75e27f6df16383f47ae11ae34abc21f5f2c.sol:627:27: Rule is set with explicit type [var/s: uint] [Warning/explicit-types]
/sb/0x0030f75e27f6df16383f47ae11ae34abc21f5f2c.sol:627:42: Rule is set with explicit type [var/s: uint] [Warning/explicit-types]
/sb/0x0030f75e27f6df16383f47ae11ae34abc21f5f2c.sol:627:58: Rule is set with explicit type [var/s: uint] [Warning/explicit-types]
/sb/0x0030f75e27f6df16383f47ae11ae34abc21f5f2c.sol:627:98: Rule is set with explicit type [var/s: uint] [Warning/explicit-types]
/sb/0x0030f75e27f6df16383f47ae11ae34abc21f5f2c.sol:629:5: Missing @notice tag in function 'getAmountIn' [Warning/use-natspec]
/sb/0x0030f75e27f6df16383f47ae11ae34abc21f5f2c.sol:629:5: Missing @param tag in function 'getAmountIn' [Warning/use-natspec]
/sb/0x0030f75e27f6df16383f47ae11ae34abc21f5f2c.sol:629:5: Mismatch in @param names for function 'getAmountIn'. Expected: [amountOut, reserveIn, reserveOut], Found: [] [Warning/use-natspec]
/sb/0x0030f75e27f6df16383f47ae11ae34abc21f5f2c.sol:629:5: Missing @return tag in function 'getAmountIn' [Warning/use-natspec]
/sb/0x0030f75e27f6df16383f47ae11ae34abc21f5f2c.sol:629:5: Mismatch in @return names for function 'getAmountIn'. Expected: [amountIn], Found: [] [Warning/use-natspec]
/sb/0x0030f75e27f6df16383f47ae11ae34abc21f5f2c.sol:629:26: Rule is set with explicit type [var/s: uint] [Warning/explicit-types]
/sb/0x0030f75e27f6df16383f47ae11ae34abc21f5f2c.sol:629:42: Rule is set with explicit type [var/s: uint] [Warning/explicit-types]
/sb/0x0030f75e27f6df16383f47ae11ae34abc21f5f2c.sol:629:58: Rule is set with explicit type [var/s: uint] [Warning/explicit-types]
/sb/0x0030f75e27f6df16383f47ae11ae34abc21f5f2c.sol:629:98: Rule is set with explicit type [var/s: uint] [Warning/explicit-types]
/sb/0x0030f75e27f6df16383f47ae11ae34abc21f5f2c.sol:631:5: Missing @notice tag in function 'getAmountsOut' [Warning/use-natspec]
/sb/0x0030f75e27f6df16383f47ae11ae34abc21f5f2c.sol:631:5: Missing @param tag in function 'getAmountsOut' [Warning/use-natspec]
/sb/0x0030f75e27f6df16383f47ae11ae34abc21f5f2c.sol:631:5: Mismatch in @param names for function 'getAmountsOut'. Expected: [amountIn, path], Found: [] [Warning/use-natspec]
/sb/0x0030f75e27f6df16383f47ae11ae34abc21f5f2c.sol:631:5: Missing @return tag in function 'getAmountsOut' [Warning/use-natspec]
/sb/0x0030f75e27f6df16383f47ae11ae34abc21f5f2c.sol:631:5: Mismatch in @return names for function 'getAmountsOut'. Expected: [amounts], Found: [] [Warning/use-natspec]
/sb/0x0030f75e27f6df16383f47ae11ae34abc21f5f2c.sol:631:28: Rule is set with explicit type [var/s: uint] [Warning/explicit-types]
/sb/0x0030f75e27f6df16383f47ae11ae34abc21f5f2c.sol:631:91: Rule is set with explicit type [var/s: uint] [Warning/explicit-types]
/sb/0x0030f75e27f6df16383f47ae11ae34abc21f5f2c.sol:633:5: Missing @notice tag in function 'getAmountsIn' [Warning/use-natspec]
/sb/0x0030f75e27f6df16383f47ae11ae34abc21f5f2c.sol:633:5: Missing @param tag in function 'getAmountsIn' [Warning/use-natspec]
/sb/0x0030f75e27f6df16383f47ae11ae34abc21f5f2c.sol:633:5: Mismatch in @param names for function 'getAmountsIn'. Expected: [amountOut, path], Found: [] [Warning/use-natspec]
/sb/0x0030f75e27f6df16383f47ae11ae34abc21f5f2c.sol:633:5: Missing @return tag in function 'getAmountsIn' [Warning/use-natspec]
/sb/0x0030f75e27f6df16383f47ae11ae34abc21f5f2c.sol:633:5: Mismatch in @return names for function 'getAmountsIn'. Expected: [amounts], Found: [] [Warning/use-natspec]
/sb/0x0030f75e27f6df16383f47ae11ae34abc21f5f2c.sol:633:27: Rule is set with explicit type [var/s: uint] [Warning/explicit-types]
/sb/0x0030f75e27f6df16383f47ae11ae34abc21f5f2c.sol:633:91: Rule is set with explicit type [var/s: uint] [Warning/explicit-types]
/sb/0x0030f75e27f6df16383f47ae11ae34abc21f5f2c.sol:637:1: Missing @title tag in contract 'IUniswapV2Factory' [Warning/use-natspec]
/sb/0x0030f75e27f6df16383f47ae11ae34abc21f5f2c.sol:637:1: Missing @author tag in contract 'IUniswapV2Factory' [Warning/use-natspec]
/sb/0x0030f75e27f6df16383f47ae11ae34abc21f5f2c.sol:637:1: Missing @notice tag in contract 'IUniswapV2Factory' [Warning/use-natspec]
/sb/0x0030f75e27f6df16383f47ae11ae34abc21f5f2c.sol:639:5: Missing @notice tag in event 'PairCreated' [Warning/use-natspec]
/sb/0x0030f75e27f6df16383f47ae11ae34abc21f5f2c.sol:639:5: Missing @param tag in event 'PairCreated' [Warning/use-natspec]
/sb/0x0030f75e27f6df16383f47ae11ae34abc21f5f2c.sol:639:5: Mismatch in @param count for event 'PairCreated'. Expected: 4, Found: 0 [Warning/use-natspec]
/sb/0x0030f75e27f6df16383f47ae11ae34abc21f5f2c.sol:639:5: GC: [pair] on Event [PairCreated] could be Indexed [Warning/gas-indexed-events]
/sb/0x0030f75e27f6df16383f47ae11ae34abc21f5f2c.sol:639:5: GC: [null] on Event [PairCreated] could be Indexed [Warning/gas-indexed-events]
/sb/0x0030f75e27f6df16383f47ae11ae34abc21f5f2c.sol:639:85: Rule is set with explicit type [var/s: uint] [Warning/explicit-types]
/sb/0x0030f75e27f6df16383f47ae11ae34abc21f5f2c.sol:641:5: Missing @notice tag in function 'feeTo' [Warning/use-natspec]
/sb/0x0030f75e27f6df16383f47ae11ae34abc21f5f2c.sol:641:5: Missing @return tag in function 'feeTo' [Warning/use-natspec]
/sb/0x0030f75e27f6df16383f47ae11ae34abc21f5f2c.sol:641:5: Mismatch in @return count for function 'feeTo'. Expected: 1, Found: 0 [Warning/use-natspec]
/sb/0x0030f75e27f6df16383f47ae11ae34abc21f5f2c.sol:643:5: Missing @notice tag in function 'feeToSetter' [Warning/use-natspec]
/sb/0x0030f75e27f6df16383f47ae11ae34abc21f5f2c.sol:643:5: Missing @return tag in function 'feeToSetter' [Warning/use-natspec]
/sb/0x0030f75e27f6df16383f47ae11ae34abc21f5f2c.sol:643:5: Mismatch in @return count for function 'feeToSetter'. Expected: 1, Found: 0 [Warning/use-natspec]
/sb/0x0030f75e27f6df16383f47ae11ae34abc21f5f2c.sol:645:5: Missing @notice tag in function 'getPair' [Warning/use-natspec]
/sb/0x0030f75e27f6df16383f47ae11ae34abc21f5f2c.sol:645:5: Missing @param tag in function 'getPair' [Warning/use-natspec]
/sb/0x0030f75e27f6df16383f47ae11ae34abc21f5f2c.sol:645:5: Mismatch in @param names for function 'getPair'. Expected: [tokenA, tokenB], Found: [] [Warning/use-natspec]
/sb/0x0030f75e27f6df16383f47ae11ae34abc21f5f2c.sol:645:5: Missing @return tag in function 'getPair' [Warning/use-natspec]
/sb/0x0030f75e27f6df16383f47ae11ae34abc21f5f2c.sol:645:5: Mismatch in @return names for function 'getPair'. Expected: [pair], Found: [] [Warning/use-natspec]
/sb/0x0030f75e27f6df16383f47ae11ae34abc21f5f2c.sol:647:5: Missing @notice tag in function 'allPairs' [Warning/use-natspec]
/sb/0x0030f75e27f6df16383f47ae11ae34abc21f5f2c.sol:647:5: Missing @param tag in function 'allPairs' [Warning/use-natspec]
/sb/0x0030f75e27f6df16383f47ae11ae34abc21f5f2c.sol:647:5: Mismatch in @param count for function 'allPairs'. Expected: 1, Found: 0 [Warning/use-natspec]
/sb/0x0030f75e27f6df16383f47ae11ae34abc21f5f2c.sol:647:5: Missing @return tag in function 'allPairs' [Warning/use-natspec]
/sb/0x0030f75e27f6df16383f47ae11ae34abc21f5f2c.sol:647:5: Mismatch in @return names for function 'allPairs'. Expected: [pair], Found: [] [Warning/use-natspec]
/sb/0x0030f75e27f6df16383f47ae11ae34abc21f5f2c.sol:647:23: Rule is set with explicit type [var/s: uint] [Warning/explicit-types]
/sb/0x0030f75e27f6df16383f47ae11ae34abc21f5f2c.sol:649:5: Missing @notice tag in function 'allPairsLength' [Warning/use-natspec]
/sb/0x0030f75e27f6df16383f47ae11ae34abc21f5f2c.sol:649:5: Missing @return tag in function 'allPairsLength' [Warning/use-natspec]
/sb/0x0030f75e27f6df16383f47ae11ae34abc21f5f2c.sol:649:5: Mismatch in @return count for function 'allPairsLength'. Expected: 1, Found: 0 [Warning/use-natspec]
/sb/0x0030f75e27f6df16383f47ae11ae34abc21f5f2c.sol:649:54: Rule is set with explicit type [var/s: uint] [Warning/explicit-types]
/sb/0x0030f75e27f6df16383f47ae11ae34abc21f5f2c.sol:651:5: Missing @notice tag in function 'createPair' [Warning/use-natspec]
/sb/0x0030f75e27f6df16383f47ae11ae34abc21f5f2c.sol:651:5: Missing @param tag in function 'createPair' [Warning/use-natspec]
/sb/0x0030f75e27f6df16383f47ae11ae34abc21f5f2c.sol:651:5: Mismatch in @param names for function 'createPair'. Expected: [tokenA, tokenB], Found: [] [Warning/use-natspec]
/sb/0x0030f75e27f6df16383f47ae11ae34abc21f5f2c.sol:651:5: Missing @return tag in function 'createPair' [Warning/use-natspec]
/sb/0x0030f75e27f6df16383f47ae11ae34abc21f5f2c.sol:651:5: Mismatch in @return names for function 'createPair'. Expected: [pair], Found: [] [Warning/use-natspec]
/sb/0x0030f75e27f6df16383f47ae11ae34abc21f5f2c.sol:653:5: Missing @notice tag in function 'setFeeTo' [Warning/use-natspec]
/sb/0x0030f75e27f6df16383f47ae11ae34abc21f5f2c.sol:653:5: Missing @param tag in function 'setFeeTo' [Warning/use-natspec]
/sb/0x0030f75e27f6df16383f47ae11ae34abc21f5f2c.sol:653:5: Mismatch in @param count for function 'setFeeTo'. Expected: 1, Found: 0 [Warning/use-natspec]
/sb/0x0030f75e27f6df16383f47ae11ae34abc21f5f2c.sol:655:5: Missing @notice tag in function 'setFeeToSetter' [Warning/use-natspec]
/sb/0x0030f75e27f6df16383f47ae11ae34abc21f5f2c.sol:655:5: Missing @param tag in function 'setFeeToSetter' [Warning/use-natspec]
/sb/0x0030f75e27f6df16383f47ae11ae34abc21f5f2c.sol:655:5: Mismatch in @param count for function 'setFeeToSetter'. Expected: 1, Found: 0 [Warning/use-natspec]
/sb/0x0030f75e27f6df16383f47ae11ae34abc21f5f2c.sol:659:1: Missing @title tag in contract 'Address' [Warning/use-natspec]
/sb/0x0030f75e27f6df16383f47ae11ae34abc21f5f2c.sol:659:1: Missing @author tag in contract 'Address' [Warning/use-natspec]
/sb/0x0030f75e27f6df16383f47ae11ae34abc21f5f2c.sol:659:1: Missing @notice tag in contract 'Address' [Warning/use-natspec]
/sb/0x0030f75e27f6df16383f47ae11ae34abc21f5f2c.sol:661:5: Missing @notice tag in function 'isContract' [Warning/use-natspec]
/sb/0x0030f75e27f6df16383f47ae11ae34abc21f5f2c.sol:661:5: Missing @param tag in function 'isContract' [Warning/use-natspec]
/sb/0x0030f75e27f6df16383f47ae11ae34abc21f5f2c.sol:661:5: Mismatch in @param names for function 'isContract'. Expected: [account], Found: [] [Warning/use-natspec]
/sb/0x0030f75e27f6df16383f47ae11ae34abc21f5f2c.sol:661:5: Missing @return tag in function 'isContract' [Warning/use-natspec]
/sb/0x0030f75e27f6df16383f47ae11ae34abc21f5f2c.sol:661:5: Mismatch in @return count for function 'isContract'. Expected: 1, Found: 0 [Warning/use-natspec]
/sb/0x0030f75e27f6df16383f47ae11ae34abc21f5f2c.sol:675:9: Avoid to use inline assembly. It is acceptable only in rare cases [Warning/no-inline-assembly]
/sb/0x0030f75e27f6df16383f47ae11ae34abc21f5f2c.sol:685:5: Missing @notice tag in function 'sendValue' [Warning/use-natspec]
/sb/0x0030f75e27f6df16383f47ae11ae34abc21f5f2c.sol:685:5: Missing @param tag in function 'sendValue' [Warning/use-natspec]
/sb/0x0030f75e27f6df16383f47ae11ae34abc21f5f2c.sol:685:5: Mismatch in @param names for function 'sendValue'. Expected: [recipient, amount], Found: [] [Warning/use-natspec]
/sb/0x0030f75e27f6df16383f47ae11ae34abc21f5f2c.sol:687:9: GC: Use Custom Errors instead of require statements [Warning/gas-custom-errors]
/sb/0x0030f75e27f6df16383f47ae11ae34abc21f5f2c.sol:689:13: GC: Non strict inequality found. Try converting to a strict one [Warning/gas-strict-inequalities]
/sb/0x0030f75e27f6df16383f47ae11ae34abc21f5f2c.sol:701:9: Error message for require is too long: 58 counted / 32 allowed [Warning/reason-string]
/sb/0x0030f75e27f6df16383f47ae11ae34abc21f5f2c.sol:701:9: GC: String exceeds 32 bytes [Warning/gas-small-strings]
/sb/0x0030f75e27f6df16383f47ae11ae34abc21f5f2c.sol:701:9: GC: Use Custom Errors instead of require statements [Warning/gas-custom-errors]
/sb/0x0030f75e27f6df16383f47ae11ae34abc21f5f2c.sol:711:5: Missing @notice tag in function 'functionCall' [Warning/use-natspec]
/sb/0x0030f75e27f6df16383f47ae11ae34abc21f5f2c.sol:711:5: Missing @param tag in function 'functionCall' [Warning/use-natspec]
/sb/0x0030f75e27f6df16383f47ae11ae34abc21f5f2c.sol:711:5: Mismatch in @param names for function 'functionCall'. Expected: [target, data], Found: [] [Warning/use-natspec]
/sb/0x0030f75e27f6df16383f47ae11ae34abc21f5f2c.sol:711:5: Missing @return tag in function 'functionCall' [Warning/use-natspec]
/sb/0x0030f75e27f6df16383f47ae11ae34abc21f5f2c.sol:711:5: Mismatch in @return count for function 'functionCall'. Expected: 1, Found: 0 [Warning/use-natspec]
/sb/0x0030f75e27f6df16383f47ae11ae34abc21f5f2c.sol:723:5: Missing @notice tag in function 'functionCall' [Warning/use-natspec]
/sb/0x0030f75e27f6df16383f47ae11ae34abc21f5f2c.sol:723:5: Missing @param tag in function 'functionCall' [Warning/use-natspec]
/sb/0x0030f75e27f6df16383f47ae11ae34abc21f5f2c.sol:723:5: Mismatch in @param names for function 'functionCall'. Expected: [target, data, errorMessage], Found: [] [Warning/use-natspec]
/sb/0x0030f75e27f6df16383f47ae11ae34abc21f5f2c.sol:723:5: Missing @return tag in function 'functionCall' [Warning/use-natspec]
/sb/0x0030f75e27f6df16383f47ae11ae34abc21f5f2c.sol:723:5: Mismatch in @return count for function 'functionCall'. Expected: 1, Found: 0 [Warning/use-natspec]
/sb/0x0030f75e27f6df16383f47ae11ae34abc21f5f2c.sol:737:5: Missing @notice tag in function 'functionCallWithValue' [Warning/use-natspec]
/sb/0x0030f75e27f6df16383f47ae11ae34abc21f5f2c.sol:737:5: Missing @param tag in function 'functionCallWithValue' [Warning/use-natspec]
/sb/0x0030f75e27f6df16383f47ae11ae34abc21f5f2c.sol:737:5: Mismatch in @param names for function 'functionCallWithValue'. Expected: [target, data, value], Found: [] [Warning/use-natspec]
/sb/0x0030f75e27f6df16383f47ae11ae34abc21f5f2c.sol:737:5: Missing @return tag in function 'functionCallWithValue' [Warning/use-natspec]
/sb/0x0030f75e27f6df16383f47ae11ae34abc21f5f2c.sol:737:5: Mismatch in @return count for function 'functionCallWithValue'. Expected: 1, Found: 0 [Warning/use-natspec]
/sb/0x0030f75e27f6df16383f47ae11ae34abc21f5f2c.sol:749:13: GC: String exceeds 32 bytes [Warning/gas-small-strings]
/sb/0x0030f75e27f6df16383f47ae11ae34abc21f5f2c.sol:763:5: Missing @notice tag in function 'functionCallWithValue' [Warning/use-natspec]
/sb/0x0030f75e27f6df16383f47ae11ae34abc21f5f2c.sol:763:5: Missing @param tag in function 'functionCallWithValue' [Warning/use-natspec]
/sb/0x0030f75e27f6df16383f47ae11ae34abc21f5f2c.sol:763:5: Mismatch in @param names for function 'functionCallWithValue'. Expected: [target, data, value, errorMessage], Found: [] [Warning/use-natspec]
/sb/0x0030f75e27f6df16383f47ae11ae34abc21f5f2c.sol:763:5: Missing @return tag in function 'functionCallWithValue' [Warning/use-natspec]
/sb/0x0030f75e27f6df16383f47ae11ae34abc21f5f2c.sol:763:5: Mismatch in @return count for function 'functionCallWithValue'. Expected: 1, Found: 0 [Warning/use-natspec]
/sb/0x0030f75e27f6df16383f47ae11ae34abc21f5f2c.sol:775:9: Error message for require is too long: 38 counted / 32 allowed [Warning/reason-string]
/sb/0x0030f75e27f6df16383f47ae11ae34abc21f5f2c.sol:775:9: GC: String exceeds 32 bytes [Warning/gas-small-strings]
/sb/0x0030f75e27f6df16383f47ae11ae34abc21f5f2c.sol:775:9: GC: Use Custom Errors instead of require statements [Warning/gas-custom-errors]
/sb/0x0030f75e27f6df16383f47ae11ae34abc21f5f2c.sol:777:13: GC: Non strict inequality found. Try converting to a strict one [Warning/gas-strict-inequalities]
/sb/0x0030f75e27f6df16383f47ae11ae34abc21f5f2c.sol:787:5: Missing @notice tag in function '_functionCallWithValue' [Warning/use-natspec]
/sb/0x0030f75e27f6df16383f47ae11ae34abc21f5f2c.sol:787:5: Missing @param tag in function '_functionCallWithValue' [Warning/use-natspec]
/sb/0x0030f75e27f6df16383f47ae11ae34abc21f5f2c.sol:787:5: Mismatch in @param names for function '_functionCallWithValue'. Expected: [target, data, weiValue, errorMessage], Found: [] [Warning/use-natspec]
/sb/0x0030f75e27f6df16383f47ae11ae34abc21f5f2c.sol:787:5: Missing @return tag in function '_functionCallWithValue' [Warning/use-natspec]
/sb/0x0030f75e27f6df16383f47ae11ae34abc21f5f2c.sol:787:5: Mismatch in @return count for function '_functionCallWithValue'. Expected: 1, Found: 0 [Warning/use-natspec]
/sb/0x0030f75e27f6df16383f47ae11ae34abc21f5f2c.sol:799:9: GC: Use Custom Errors instead of require statements [Warning/gas-custom-errors]
/sb/0x0030f75e27f6df16383f47ae11ae34abc21f5f2c.sol:817:17: Avoid to use inline assembly. It is acceptable only in rare cases [Warning/no-inline-assembly]
/sb/0x0030f75e27f6df16383f47ae11ae34abc21f5f2c.sol:837:1: Missing @title tag in contract 'IUniswapV2Pair' [Warning/use-natspec]
/sb/0x0030f75e27f6df16383f47ae11ae34abc21f5f2c.sol:837:1: Missing @author tag in contract 'IUniswapV2Pair' [Warning/use-natspec]
/sb/0x0030f75e27f6df16383f47ae11ae34abc21f5f2c.sol:837:1: Missing @notice tag in contract 'IUniswapV2Pair' [Warning/use-natspec]
/sb/0x0030f75e27f6df16383f47ae11ae34abc21f5f2c.sol:839:5: Missing @notice tag in event 'Approval' [Warning/use-natspec]
/sb/0x0030f75e27f6df16383f47ae11ae34abc21f5f2c.sol:839:5: Missing @param tag in event 'Approval' [Warning/use-natspec]
/sb/0x0030f75e27f6df16383f47ae11ae34abc21f5f2c.sol:839:5: Mismatch in @param names for event 'Approval'. Expected: [owner, spender, value], Found: [] [Warning/use-natspec]
/sb/0x0030f75e27f6df16383f47ae11ae34abc21f5f2c.sol:839:5: GC: [value] on Event [Approval] could be Indexed [Warning/gas-indexed-events]
/sb/0x0030f75e27f6df16383f47ae11ae34abc21f5f2c.sol:841:5: Missing @notice tag in event 'Transfer' [Warning/use-natspec]
/sb/0x0030f75e27f6df16383f47ae11ae34abc21f5f2c.sol:841:5: Missing @param tag in event 'Transfer' [Warning/use-natspec]
/sb/0x0030f75e27f6df16383f47ae11ae34abc21f5f2c.sol:841:5: Mismatch in @param names for event 'Transfer'. Expected: [from, to, value], Found: [] [Warning/use-natspec]
/sb/0x0030f75e27f6df16383f47ae11ae34abc21f5f2c.sol:841:5: GC: [value] on Event [Transfer] could be Indexed [Warning/gas-indexed-events]
/sb/0x0030f75e27f6df16383f47ae11ae34abc21f5f2c.sol:843:5: Missing @notice tag in function 'name' [Warning/use-natspec]
/sb/0x0030f75e27f6df16383f47ae11ae34abc21f5f2c.sol:843:5: Missing @return tag in function 'name' [Warning/use-natspec]
/sb/0x0030f75e27f6df16383f47ae11ae34abc21f5f2c.sol:843:5: Mismatch in @return count for function 'name'. Expected: 1, Found: 0 [Warning/use-natspec]
/sb/0x0030f75e27f6df16383f47ae11ae34abc21f5f2c.sol:845:5: Missing @notice tag in function 'symbol' [Warning/use-natspec]
/sb/0x0030f75e27f6df16383f47ae11ae34abc21f5f2c.sol:845:5: Missing @return tag in function 'symbol' [Warning/use-natspec]
/sb/0x0030f75e27f6df16383f47ae11ae34abc21f5f2c.sol:845:5: Mismatch in @return count for function 'symbol'. Expected: 1, Found: 0 [Warning/use-natspec]
/sb/0x0030f75e27f6df16383f47ae11ae34abc21f5f2c.sol:847:5: Missing @notice tag in function 'decimals' [Warning/use-natspec]
/sb/0x0030f75e27f6df16383f47ae11ae34abc21f5f2c.sol:847:5: Missing @return tag in function 'decimals' [Warning/use-natspec]
/sb/0x0030f75e27f6df16383f47ae11ae34abc21f5f2c.sol:847:5: Mismatch in @return count for function 'decimals'. Expected: 1, Found: 0 [Warning/use-natspec]
/sb/0x0030f75e27f6df16383f47ae11ae34abc21f5f2c.sol:849:5: Missing @notice tag in function 'totalSupply' [Warning/use-natspec]
/sb/0x0030f75e27f6df16383f47ae11ae34abc21f5f2c.sol:849:5: Missing @return tag in function 'totalSupply' [Warning/use-natspec]
/sb/0x0030f75e27f6df16383f47ae11ae34abc21f5f2c.sol:849:5: Mismatch in @return count for function 'totalSupply'. Expected: 1, Found: 0 [Warning/use-natspec]
/sb/0x0030f75e27f6df16383f47ae11ae34abc21f5f2c.sol:851:5: Missing @notice tag in function 'balanceOf' [Warning/use-natspec]
/sb/0x0030f75e27f6df16383f47ae11ae34abc21f5f2c.sol:851:5: Missing @param tag in function 'balanceOf' [Warning/use-natspec]
/sb/0x0030f75e27f6df16383f47ae11ae34abc21f5f2c.sol:851:5: Mismatch in @param names for function 'balanceOf'. Expected: [owner], Found: [] [Warning/use-natspec]
/sb/0x0030f75e27f6df16383f47ae11ae34abc21f5f2c.sol:851:5: Missing @return tag in function 'balanceOf' [Warning/use-natspec]
/sb/0x0030f75e27f6df16383f47ae11ae34abc21f5f2c.sol:851:5: Mismatch in @return count for function 'balanceOf'. Expected: 1, Found: 0 [Warning/use-natspec]
/sb/0x0030f75e27f6df16383f47ae11ae34abc21f5f2c.sol:853:5: Missing @notice tag in function 'allowance' [Warning/use-natspec]
/sb/0x0030f75e27f6df16383f47ae11ae34abc21f5f2c.sol:853:5: Missing @param tag in function 'allowance' [Warning/use-natspec]
/sb/0x0030f75e27f6df16383f47ae11ae34abc21f5f2c.sol:853:5: Mismatch in @param names for function 'allowance'. Expected: [owner, spender], Found: [] [Warning/use-natspec]
/sb/0x0030f75e27f6df16383f47ae11ae34abc21f5f2c.sol:853:5: Missing @return tag in function 'allowance' [Warning/use-natspec]
/sb/0x0030f75e27f6df16383f47ae11ae34abc21f5f2c.sol:853:5: Mismatch in @return count for function 'allowance'. Expected: 1, Found: 0 [Warning/use-natspec]
/sb/0x0030f75e27f6df16383f47ae11ae34abc21f5f2c.sol:855:5: Missing @notice tag in function 'approve' [Warning/use-natspec]
/sb/0x0030f75e27f6df16383f47ae11ae34abc21f5f2c.sol:855:5: Missing @param tag in function 'approve' [Warning/use-natspec]
/sb/0x0030f75e27f6df16383f47ae11ae34abc21f5f2c.sol:855:5: Mismatch in @param names for function 'approve'. Expected: [spender, value], Found: [] [Warning/use-natspec]
/sb/0x0030f75e27f6df16383f47ae11ae34abc21f5f2c.sol:855:5: Missing @return tag in function 'approve' [Warning/use-natspec]
/sb/0x0030f75e27f6df16383f47ae11ae34abc21f5f2c.sol:855:5: Mismatch in @return count for function 'approve'. Expected: 1, Found: 0 [Warning/use-natspec]
/sb/0x0030f75e27f6df16383f47ae11ae34abc21f5f2c.sol:857:5: Missing @notice tag in function 'transfer' [Warning/use-natspec]
/sb/0x0030f75e27f6df16383f47ae11ae34abc21f5f2c.sol:857:5: Missing @param tag in function 'transfer' [Warning/use-natspec]
/sb/0x0030f75e27f6df16383f47ae11ae34abc21f5f2c.sol:857:5: Mismatch in @param names for function 'transfer'. Expected: [to, value], Found: [] [Warning/use-natspec]
/sb/0x0030f75e27f6df16383f47ae11ae34abc21f5f2c.sol:857:5: Missing @return tag in function 'transfer' [Warning/use-natspec]
/sb/0x0030f75e27f6df16383f47ae11ae34abc21f5f2c.sol:857:5: Mismatch in @return count for function 'transfer'. Expected: 1, Found: 0 [Warning/use-natspec]
/sb/0x0030f75e27f6df16383f47ae11ae34abc21f5f2c.sol:859:5: Missing @notice tag in function 'transferFrom' [Warning/use-natspec]
/sb/0x0030f75e27f6df16383f47ae11ae34abc21f5f2c.sol:859:5: Missing @param tag in function 'transferFrom' [Warning/use-natspec]
/sb/0x0030f75e27f6df16383f47ae11ae34abc21f5f2c.sol:859:5: Mismatch in @param names for function 'transferFrom'. Expected: [from, to, value], Found: [] [Warning/use-natspec]
/sb/0x0030f75e27f6df16383f47ae11ae34abc21f5f2c.sol:859:5: Missing @return tag in function 'transferFrom' [Warning/use-natspec]
/sb/0x0030f75e27f6df16383f47ae11ae34abc21f5f2c.sol:859:5: Mismatch in @return count for function 'transferFrom'. Expected: 1, Found: 0 [Warning/use-natspec]
/sb/0x0030f75e27f6df16383f47ae11ae34abc21f5f2c.sol:861:5: Missing @notice tag in function 'DOMAIN_SEPARATOR' [Warning/use-natspec]
/sb/0x0030f75e27f6df16383f47ae11ae34abc21f5f2c.sol:861:5: Missing @return tag in function 'DOMAIN_SEPARATOR' [Warning/use-natspec]
/sb/0x0030f75e27f6df16383f47ae11ae34abc21f5f2c.sol:861:5: Mismatch in @return count for function 'DOMAIN_SEPARATOR'. Expected: 1, Found: 0 [Warning/use-natspec]
/sb/0x0030f75e27f6df16383f47ae11ae34abc21f5f2c.sol:861:5: Function name must be in mixedCase [Warning/func-name-mixedcase]
/sb/0x0030f75e27f6df16383f47ae11ae34abc21f5f2c.sol:863:5: Missing @notice tag in function 'PERMIT_TYPEHASH' [Warning/use-natspec]
/sb/0x0030f75e27f6df16383f47ae11ae34abc21f5f2c.sol:863:5: Missing @return tag in function 'PERMIT_TYPEHASH' [Warning/use-natspec]
/sb/0x0030f75e27f6df16383f47ae11ae34abc21f5f2c.sol:863:5: Mismatch in @return count for function 'PERMIT_TYPEHASH'. Expected: 1, Found: 0 [Warning/use-natspec]
/sb/0x0030f75e27f6df16383f47ae11ae34abc21f5f2c.sol:863:5: Function name must be in mixedCase [Warning/func-name-mixedcase]
/sb/0x0030f75e27f6df16383f47ae11ae34abc21f5f2c.sol:865:5: Missing @notice tag in function 'nonces' [Warning/use-natspec]
/sb/0x0030f75e27f6df16383f47ae11ae34abc21f5f2c.sol:865:5: Missing @param tag in function 'nonces' [Warning/use-natspec]
/sb/0x0030f75e27f6df16383f47ae11ae34abc21f5f2c.sol:865:5: Mismatch in @param names for function 'nonces'. Expected: [owner], Found: [] [Warning/use-natspec]
/sb/0x0030f75e27f6df16383f47ae11ae34abc21f5f2c.sol:865:5: Missing @return tag in function 'nonces' [Warning/use-natspec]
/sb/0x0030f75e27f6df16383f47ae11ae34abc21f5f2c.sol:865:5: Mismatch in @return count for function 'nonces'. Expected: 1, Found: 0 [Warning/use-natspec]
/sb/0x0030f75e27f6df16383f47ae11ae34abc21f5f2c.sol:867:5: Missing @notice tag in function 'permit' [Warning/use-natspec]
/sb/0x0030f75e27f6df16383f47ae11ae34abc21f5f2c.sol:867:5: Missing @param tag in function 'permit' [Warning/use-natspec]
/sb/0x0030f75e27f6df16383f47ae11ae34abc21f5f2c.sol:867:5: Mismatch in @param names for function 'permit'. Expected: [owner, spender, value, deadline, v, r, s], Found: [] [Warning/use-natspec]
/sb/0x0030f75e27f6df16383f47ae11ae34abc21f5f2c.sol:869:5: Missing @notice tag in event 'Burn' [Warning/use-natspec]
/sb/0x0030f75e27f6df16383f47ae11ae34abc21f5f2c.sol:869:5: Missing @param tag in event 'Burn' [Warning/use-natspec]
/sb/0x0030f75e27f6df16383f47ae11ae34abc21f5f2c.sol:869:5: Mismatch in @param names for event 'Burn'. Expected: [sender, amount0, amount1, to], Found: [] [Warning/use-natspec]
/sb/0x0030f75e27f6df16383f47ae11ae34abc21f5f2c.sol:869:5: GC: [amount0] on Event [Burn] could be Indexed [Warning/gas-indexed-events]
/sb/0x0030f75e27f6df16383f47ae11ae34abc21f5f2c.sol:869:5: GC: [amount1] on Event [Burn] could be Indexed [Warning/gas-indexed-events]
/sb/0x0030f75e27f6df16383f47ae11ae34abc21f5f2c.sol:871:5: Missing @notice tag in event 'Swap' [Warning/use-natspec]
/sb/0x0030f75e27f6df16383f47ae11ae34abc21f5f2c.sol:871:5: Missing @param tag in event 'Swap' [Warning/use-natspec]
/sb/0x0030f75e27f6df16383f47ae11ae34abc21f5f2c.sol:871:5: Mismatch in @param names for event 'Swap'. Expected: [sender, amount0In, amount1In, amount0Out, amount1Out, to], Found: [] [Warning/use-natspec]
/sb/0x0030f75e27f6df16383f47ae11ae34abc21f5f2c.sol:871:5: GC: [amount0In] on Event [Swap] could be Indexed [Warning/gas-indexed-events]
/sb/0x0030f75e27f6df16383f47ae11ae34abc21f5f2c.sol:871:5: GC: [amount1In] on Event [Swap] could be Indexed [Warning/gas-indexed-events]
/sb/0x0030f75e27f6df16383f47ae11ae34abc21f5f2c.sol:871:5: GC: [amount0Out] on Event [Swap] could be Indexed [Warning/gas-indexed-events]
/sb/0x0030f75e27f6df16383f47ae11ae34abc21f5f2c.sol:871:5: GC: [amount1Out] on Event [Swap] could be Indexed [Warning/gas-indexed-events]
/sb/0x0030f75e27f6df16383f47ae11ae34abc21f5f2c.sol:873:5: Missing @notice tag in event 'Sync' [Warning/use-natspec]
/sb/0x0030f75e27f6df16383f47ae11ae34abc21f5f2c.sol:873:5: Missing @param tag in event 'Sync' [Warning/use-natspec]
/sb/0x0030f75e27f6df16383f47ae11ae34abc21f5f2c.sol:873:5: Mismatch in @param names for event 'Sync'. Expected: [reserve0, reserve1], Found: [] [Warning/use-natspec]
/sb/0x0030f75e27f6df16383f47ae11ae34abc21f5f2c.sol:873:5: GC: [reserve0] on Event [Sync] could be Indexed [Warning/gas-indexed-events]
/sb/0x0030f75e27f6df16383f47ae11ae34abc21f5f2c.sol:873:5: GC: [reserve1] on Event [Sync] could be Indexed [Warning/gas-indexed-events]
/sb/0x0030f75e27f6df16383f47ae11ae34abc21f5f2c.sol:875:5: Missing @notice tag in function 'MINIMUM_LIQUIDITY' [Warning/use-natspec]
/sb/0x0030f75e27f6df16383f47ae11ae34abc21f5f2c.sol:875:5: Missing @return tag in function 'MINIMUM_LIQUIDITY' [Warning/use-natspec]
/sb/0x0030f75e27f6df16383f47ae11ae34abc21f5f2c.sol:875:5: Mismatch in @return count for function 'MINIMUM_LIQUIDITY'. Expected: 1, Found: 0 [Warning/use-natspec]
/sb/0x0030f75e27f6df16383f47ae11ae34abc21f5f2c.sol:875:5: Function name must be in mixedCase [Warning/func-name-mixedcase]
/sb/0x0030f75e27f6df16383f47ae11ae34abc21f5f2c.sol:877:5: Missing @notice tag in function 'factory' [Warning/use-natspec]
/sb/0x0030f75e27f6df16383f47ae11ae34abc21f5f2c.sol:877:5: Missing @return tag in function 'factory' [Warning/use-natspec]
/sb/0x0030f75e27f6df16383f47ae11ae34abc21f5f2c.sol:877:5: Mismatch in @return count for function 'factory'. Expected: 1, Found: 0 [Warning/use-natspec]
/sb/0x0030f75e27f6df16383f47ae11ae34abc21f5f2c.sol:879:5: Missing @notice tag in function 'token0' [Warning/use-natspec]
/sb/0x0030f75e27f6df16383f47ae11ae34abc21f5f2c.sol:879:5: Missing @return tag in function 'token0' [Warning/use-natspec]
/sb/0x0030f75e27f6df16383f47ae11ae34abc21f5f2c.sol:879:5: Mismatch in @return count for function 'token0'. Expected: 1, Found: 0 [Warning/use-natspec]
/sb/0x0030f75e27f6df16383f47ae11ae34abc21f5f2c.sol:881:5: Missing @notice tag in function 'token1' [Warning/use-natspec]
/sb/0x0030f75e27f6df16383f47ae11ae34abc21f5f2c.sol:881:5: Missing @return tag in function 'token1' [Warning/use-natspec]
/sb/0x0030f75e27f6df16383f47ae11ae34abc21f5f2c.sol:881:5: Mismatch in @return count for function 'token1'. Expected: 1, Found: 0 [Warning/use-natspec]
/sb/0x0030f75e27f6df16383f47ae11ae34abc21f5f2c.sol:883:5: Missing @notice tag in function 'getReserves' [Warning/use-natspec]
/sb/0x0030f75e27f6df16383f47ae11ae34abc21f5f2c.sol:883:5: Missing @return tag in function 'getReserves' [Warning/use-natspec]
/sb/0x0030f75e27f6df16383f47ae11ae34abc21f5f2c.sol:883:5: Mismatch in @return names for function 'getReserves'. Expected: [reserve0, reserve1, blockTimestampLast], Found: [] [Warning/use-natspec]
/sb/0x0030f75e27f6df16383f47ae11ae34abc21f5f2c.sol:885:5: Missing @notice tag in function 'price0CumulativeLast' [Warning/use-natspec]
/sb/0x0030f75e27f6df16383f47ae11ae34abc21f5f2c.sol:885:5: Missing @return tag in function 'price0CumulativeLast' [Warning/use-natspec]
/sb/0x0030f75e27f6df16383f47ae11ae34abc21f5f2c.sol:885:5: Mismatch in @return count for function 'price0CumulativeLast'. Expected: 1, Found: 0 [Warning/use-natspec]
/sb/0x0030f75e27f6df16383f47ae11ae34abc21f5f2c.sol:887:5: Missing @notice tag in function 'price1CumulativeLast' [Warning/use-natspec]
/sb/0x0030f75e27f6df16383f47ae11ae34abc21f5f2c.sol:887:5: Missing @return tag in function 'price1CumulativeLast' [Warning/use-natspec]
/sb/0x0030f75e27f6df16383f47ae11ae34abc21f5f2c.sol:887:5: Mismatch in @return count for function 'price1CumulativeLast'. Expected: 1, Found: 0 [Warning/use-natspec]
/sb/0x0030f75e27f6df16383f47ae11ae34abc21f5f2c.sol:889:5: Missing @notice tag in function 'kLast' [Warning/use-natspec]
/sb/0x0030f75e27f6df16383f47ae11ae34abc21f5f2c.sol:889:5: Missing @return tag in function 'kLast' [Warning/use-natspec]
/sb/0x0030f75e27f6df16383f47ae11ae34abc21f5f2c.sol:889:5: Mismatch in @return count for function 'kLast'. Expected: 1, Found: 0 [Warning/use-natspec]
/sb/0x0030f75e27f6df16383f47ae11ae34abc21f5f2c.sol:891:5: Missing @notice tag in function 'burn' [Warning/use-natspec]
/sb/0x0030f75e27f6df16383f47ae11ae34abc21f5f2c.sol:891:5: Missing @param tag in function 'burn' [Warning/use-natspec]
/sb/0x0030f75e27f6df16383f47ae11ae34abc21f5f2c.sol:891:5: Mismatch in @param names for function 'burn'. Expected: [to], Found: [] [Warning/use-natspec]
/sb/0x0030f75e27f6df16383f47ae11ae34abc21f5f2c.sol:891:5: Missing @return tag in function 'burn' [Warning/use-natspec]
/sb/0x0030f75e27f6df16383f47ae11ae34abc21f5f2c.sol:891:5: Mismatch in @return names for function 'burn'. Expected: [amount0, amount1], Found: [] [Warning/use-natspec]
/sb/0x0030f75e27f6df16383f47ae11ae34abc21f5f2c.sol:893:5: Missing @notice tag in function 'swap' [Warning/use-natspec]
/sb/0x0030f75e27f6df16383f47ae11ae34abc21f5f2c.sol:893:5: Missing @param tag in function 'swap' [Warning/use-natspec]
/sb/0x0030f75e27f6df16383f47ae11ae34abc21f5f2c.sol:893:5: Mismatch in @param names for function 'swap'. Expected: [amount0Out, amount1Out, to, data], Found: [] [Warning/use-natspec]
/sb/0x0030f75e27f6df16383f47ae11ae34abc21f5f2c.sol:895:5: Missing @notice tag in function 'skim' [Warning/use-natspec]
/sb/0x0030f75e27f6df16383f47ae11ae34abc21f5f2c.sol:895:5: Missing @param tag in function 'skim' [Warning/use-natspec]
/sb/0x0030f75e27f6df16383f47ae11ae34abc21f5f2c.sol:895:5: Mismatch in @param names for function 'skim'. Expected: [to], Found: [] [Warning/use-natspec]
/sb/0x0030f75e27f6df16383f47ae11ae34abc21f5f2c.sol:897:5: Missing @notice tag in function 'sync' [Warning/use-natspec]
/sb/0x0030f75e27f6df16383f47ae11ae34abc21f5f2c.sol:899:5: Missing @notice tag in function 'initialize' [Warning/use-natspec]
/sb/0x0030f75e27f6df16383f47ae11ae34abc21f5f2c.sol:899:5: Missing @param tag in function 'initialize' [Warning/use-natspec]
/sb/0x0030f75e27f6df16383f47ae11ae34abc21f5f2c.sol:899:5: Mismatch in @param count for function 'initialize'. Expected: 2, Found: 0 [Warning/use-natspec]
/sb/0x0030f75e27f6df16383f47ae11ae34abc21f5f2c.sol:905:1: Contract has 35 states declarations but allowed no more than 15 [Warning/max-states-count]
/sb/0x0030f75e27f6df16383f47ae11ae34abc21f5f2c.sol:905:1: Missing @title tag in contract 'TYRANT' [Warning/use-natspec]
/sb/0x0030f75e27f6df16383f47ae11ae34abc21f5f2c.sol:905:1: Missing @author tag in contract 'TYRANT' [Warning/use-natspec]
/sb/0x0030f75e27f6df16383f47ae11ae34abc21f5f2c.sol:905:1: Missing @notice tag in contract 'TYRANT' [Warning/use-natspec]
/sb/0x0030f75e27f6df16383f47ae11ae34abc21f5f2c.sol:913:5: Constant name must be in capitalized SNAKE_CASE [Warning/const-name-snakecase]
/sb/0x0030f75e27f6df16383f47ae11ae34abc21f5f2c.sol:915:5: Constant name must be in capitalized SNAKE_CASE [Warning/const-name-snakecase]
/sb/0x0030f75e27f6df16383f47ae11ae34abc21f5f2c.sol:917:5: Constant name must be in capitalized SNAKE_CASE [Warning/const-name-snakecase]
/sb/0x0030f75e27f6df16383f47ae11ae34abc21f5f2c.sol:919:5: Constant name must be in capitalized SNAKE_CASE [Warning/const-name-snakecase]
/sb/0x0030f75e27f6df16383f47ae11ae34abc21f5f2c.sol:933:5: Missing @notice tag in variable 'isSniper' [Warning/use-natspec]
/sb/0x0030f75e27f6df16383f47ae11ae34abc21f5f2c.sol:935:5: Missing @notice tag in variable 'isBot' [Warning/use-natspec]
/sb/0x0030f75e27f6df16383f47ae11ae34abc21f5f2c.sol:939:5: Explicitly mark visibility of state [Warning/state-visibility]
/sb/0x0030f75e27f6df16383f47ae11ae34abc21f5f2c.sol:941:5: Explicitly mark visibility of state [Warning/state-visibility]
/sb/0x0030f75e27f6df16383f47ae11ae34abc21f5f2c.sol:943:5: Explicitly mark visibility of state [Warning/state-visibility]
/sb/0x0030f75e27f6df16383f47ae11ae34abc21f5f2c.sol:945:5: Explicitly mark visibility of state [Warning/state-visibility]
/sb/0x0030f75e27f6df16383f47ae11ae34abc21f5f2c.sol:947:5: Missing @notice tag in variable 'uniV2Pair' [Warning/use-natspec]
/sb/0x0030f75e27f6df16383f47ae11ae34abc21f5f2c.sol:949:5: Missing @notice tag in variable 'uniV2Router' [Warning/use-natspec]
/sb/0x0030f75e27f6df16383f47ae11ae34abc21f5f2c.sol:951:5: Missing @notice tag in variable 'uniV3Router' [Warning/use-natspec]
/sb/0x0030f75e27f6df16383f47ae11ae34abc21f5f2c.sol:985:5: Missing @notice tag in variable 'activeTradingBlock' [Warning/use-natspec]
/sb/0x0030f75e27f6df16383f47ae11ae34abc21f5f2c.sol:987:5: Missing @notice tag in variable 'sniperPenaltyEnd' [Warning/use-natspec]
/sb/0x0030f75e27f6df16383f47ae11ae34abc21f5f2c.sol:991:5: Missing @notice tag in variable 'limitsOn' [Warning/use-natspec]
/sb/0x0030f75e27f6df16383f47ae11ae34abc21f5f2c.sol:993:5: Missing @notice tag in variable 'maxWalletOn' [Warning/use-natspec]
/sb/0x0030f75e27f6df16383f47ae11ae34abc21f5f2c.sol:995:5: Missing @notice tag in variable 'live' [Warning/use-natspec]
/sb/0x0030f75e27f6df16383f47ae11ae34abc21f5f2c.sol:997:5: Missing @notice tag in variable 'contractBlocker' [Warning/use-natspec]
/sb/0x0030f75e27f6df16383f47ae11ae34abc21f5f2c.sol:999:5: Explicitly mark visibility of state [Warning/state-visibility]
/sb/0x0030f75e27f6df16383f47ae11ae34abc21f5f2c.sol:1013:5: Function body contains 55 lines but allowed no more than 50 lines [Warning/function-max-lines]
/sb/0x0030f75e27f6df16383f47ae11ae34abc21f5f2c.sol:1013:5: Missing @notice tag in function '<anonymous>' [Warning/use-natspec]
/sb/0x0030f75e27f6df16383f47ae11ae34abc21f5f2c.sol:1013:5: Explicitly mark visibility in function (Set ignoreConstructors to true if using solidity >=0.7.0) [Warning/func-visibility]
/sb/0x0030f75e27f6df16383f47ae11ae34abc21f5f2c.sol:1071:5: Missing @notice tag in function '<anonymous>' [Warning/use-natspec]
/sb/0x0030f75e27f6df16383f47ae11ae34abc21f5f2c.sol:1073:5: Missing @notice tag in function 'name' [Warning/use-natspec]
/sb/0x0030f75e27f6df16383f47ae11ae34abc21f5f2c.sol:1073:5: Missing @return tag in function 'name' [Warning/use-natspec]
/sb/0x0030f75e27f6df16383f47ae11ae34abc21f5f2c.sol:1073:5: Mismatch in @return count for function 'name'. Expected: 1, Found: 0 [Warning/use-natspec]
/sb/0x0030f75e27f6df16383f47ae11ae34abc21f5f2c.sol:1079:5: Missing @notice tag in function 'symbol' [Warning/use-natspec]
/sb/0x0030f75e27f6df16383f47ae11ae34abc21f5f2c.sol:1079:5: Missing @return tag in function 'symbol' [Warning/use-natspec]
/sb/0x0030f75e27f6df16383f47ae11ae34abc21f5f2c.sol:1079:5: Mismatch in @return count for function 'symbol'. Expected: 1, Found: 0 [Warning/use-natspec]
/sb/0x0030f75e27f6df16383f47ae11ae34abc21f5f2c.sol:1085:5: Missing @notice tag in function 'decimals' [Warning/use-natspec]
/sb/0x0030f75e27f6df16383f47ae11ae34abc21f5f2c.sol:1085:5: Missing @return tag in function 'decimals' [Warning/use-natspec]
/sb/0x0030f75e27f6df16383f47ae11ae34abc21f5f2c.sol:1085:5: Mismatch in @return count for function 'decimals'. Expected: 1, Found: 0 [Warning/use-natspec]
/sb/0x0030f75e27f6df16383f47ae11ae34abc21f5f2c.sol:1091:5: Missing @notice tag in function 'totalSupply' [Warning/use-natspec]
/sb/0x0030f75e27f6df16383f47ae11ae34abc21f5f2c.sol:1091:5: Missing @return tag in function 'totalSupply' [Warning/use-natspec]
/sb/0x0030f75e27f6df16383f47ae11ae34abc21f5f2c.sol:1091:5: Mismatch in @return count for function 'totalSupply'. Expected: 1, Found: 0 [Warning/use-natspec]
/sb/0x0030f75e27f6df16383f47ae11ae34abc21f5f2c.sol:1097:5: Missing @notice tag in function 'balanceOf' [Warning/use-natspec]
/sb/0x0030f75e27f6df16383f47ae11ae34abc21f5f2c.sol:1097:5: Missing @param tag in function 'balanceOf' [Warning/use-natspec]
/sb/0x0030f75e27f6df16383f47ae11ae34abc21f5f2c.sol:1097:5: Mismatch in @param names for function 'balanceOf'. Expected: [account], Found: [] [Warning/use-natspec]
/sb/0x0030f75e27f6df16383f47ae11ae34abc21f5f2c.sol:1097:5: Missing @return tag in function 'balanceOf' [Warning/use-natspec]
/sb/0x0030f75e27f6df16383f47ae11ae34abc21f5f2c.sol:1097:5: Mismatch in @return count for function 'balanceOf'. Expected: 1, Found: 0 [Warning/use-natspec]
/sb/0x0030f75e27f6df16383f47ae11ae34abc21f5f2c.sol:1103:5: Missing @notice tag in function 'allowance' [Warning/use-natspec]
/sb/0x0030f75e27f6df16383f47ae11ae34abc21f5f2c.sol:1103:5: Missing @param tag in function 'allowance' [Warning/use-natspec]
/sb/0x0030f75e27f6df16383f47ae11ae34abc21f5f2c.sol:1103:5: Mismatch in @param names for function 'allowance'. Expected: [owner, spender], Found: [] [Warning/use-natspec]
/sb/0x0030f75e27f6df16383f47ae11ae34abc21f5f2c.sol:1103:5: Missing @return tag in function 'allowance' [Warning/use-natspec]
/sb/0x0030f75e27f6df16383f47ae11ae34abc21f5f2c.sol:1103:5: Mismatch in @return count for function 'allowance'. Expected: 1, Found: 0 [Warning/use-natspec]
/sb/0x0030f75e27f6df16383f47ae11ae34abc21f5f2c.sol:1109:5: Missing @notice tag in function 'approve' [Warning/use-natspec]
/sb/0x0030f75e27f6df16383f47ae11ae34abc21f5f2c.sol:1109:5: Missing @param tag in function 'approve' [Warning/use-natspec]
/sb/0x0030f75e27f6df16383f47ae11ae34abc21f5f2c.sol:1109:5: Mismatch in @param names for function 'approve'. Expected: [spender, amount], Found: [] [Warning/use-natspec]
/sb/0x0030f75e27f6df16383f47ae11ae34abc21f5f2c.sol:1109:5: Missing @return tag in function 'approve' [Warning/use-natspec]
/sb/0x0030f75e27f6df16383f47ae11ae34abc21f5f2c.sol:1109:5: Mismatch in @return count for function 'approve'. Expected: 1, Found: 0 [Warning/use-natspec]
/sb/0x0030f75e27f6df16383f47ae11ae34abc21f5f2c.sol:1111:9: Error message for require is too long: 40 counted / 32 allowed [Warning/reason-string]
/sb/0x0030f75e27f6df16383f47ae11ae34abc21f5f2c.sol:1111:9: GC: String exceeds 32 bytes [Warning/gas-small-strings]
/sb/0x0030f75e27f6df16383f47ae11ae34abc21f5f2c.sol:1111:9: GC: Use Custom Errors instead of require statements [Warning/gas-custom-errors]
/sb/0x0030f75e27f6df16383f47ae11ae34abc21f5f2c.sol:1113:9: Error message for require is too long: 38 counted / 32 allowed [Warning/reason-string]
/sb/0x0030f75e27f6df16383f47ae11ae34abc21f5f2c.sol:1113:9: GC: String exceeds 32 bytes [Warning/gas-small-strings]
/sb/0x0030f75e27f6df16383f47ae11ae34abc21f5f2c.sol:1113:9: GC: Use Custom Errors instead of require statements [Warning/gas-custom-errors]
/sb/0x0030f75e27f6df16383f47ae11ae34abc21f5f2c.sol:1123:5: Missing @notice tag in function 'internalApprove' [Warning/use-natspec]
/sb/0x0030f75e27f6df16383f47ae11ae34abc21f5f2c.sol:1123:5: Missing @param tag in function 'internalApprove' [Warning/use-natspec]
/sb/0x0030f75e27f6df16383f47ae11ae34abc21f5f2c.sol:1123:5: Mismatch in @param names for function 'internalApprove'. Expected: [owner, spender, amount], Found: [] [Warning/use-natspec]
/sb/0x0030f75e27f6df16383f47ae11ae34abc21f5f2c.sol:1125:9: Error message for require is too long: 40 counted / 32 allowed [Warning/reason-string]
/sb/0x0030f75e27f6df16383f47ae11ae34abc21f5f2c.sol:1125:9: GC: String exceeds 32 bytes [Warning/gas-small-strings]
/sb/0x0030f75e27f6df16383f47ae11ae34abc21f5f2c.sol:1125:9: GC: Use Custom Errors instead of require statements [Warning/gas-custom-errors]
/sb/0x0030f75e27f6df16383f47ae11ae34abc21f5f2c.sol:1127:9: Error message for require is too long: 38 counted / 32 allowed [Warning/reason-string]
/sb/0x0030f75e27f6df16383f47ae11ae34abc21f5f2c.sol:1127:9: GC: String exceeds 32 bytes [Warning/gas-small-strings]
/sb/0x0030f75e27f6df16383f47ae11ae34abc21f5f2c.sol:1127:9: GC: Use Custom Errors instead of require statements [Warning/gas-custom-errors]
/sb/0x0030f75e27f6df16383f47ae11ae34abc21f5f2c.sol:1135:5: Missing @notice tag in function 'transfer' [Warning/use-natspec]
/sb/0x0030f75e27f6df16383f47ae11ae34abc21f5f2c.sol:1135:5: Missing @param tag in function 'transfer' [Warning/use-natspec]
/sb/0x0030f75e27f6df16383f47ae11ae34abc21f5f2c.sol:1135:5: Mismatch in @param names for function 'transfer'. Expected: [recipient, amount], Found: [] [Warning/use-natspec]
/sb/0x0030f75e27f6df16383f47ae11ae34abc21f5f2c.sol:1135:5: Missing @return tag in function 'transfer' [Warning/use-natspec]
/sb/0x0030f75e27f6df16383f47ae11ae34abc21f5f2c.sol:1135:5: Mismatch in @return count for function 'transfer'. Expected: 1, Found: 0 [Warning/use-natspec]
/sb/0x0030f75e27f6df16383f47ae11ae34abc21f5f2c.sol:1143:5: Missing @notice tag in function 'transferFrom' [Warning/use-natspec]
/sb/0x0030f75e27f6df16383f47ae11ae34abc21f5f2c.sol:1143:5: Missing @param tag in function 'transferFrom' [Warning/use-natspec]
/sb/0x0030f75e27f6df16383f47ae11ae34abc21f5f2c.sol:1143:5: Mismatch in @param names for function 'transferFrom'. Expected: [sender, recipient, amount], Found: [] [Warning/use-natspec]
/sb/0x0030f75e27f6df16383f47ae11ae34abc21f5f2c.sol:1143:5: Missing @return tag in function 'transferFrom' [Warning/use-natspec]
/sb/0x0030f75e27f6df16383f47ae11ae34abc21f5f2c.sol:1143:5: Mismatch in @return count for function 'transferFrom'. Expected: 1, Found: 0 [Warning/use-natspec]
/sb/0x0030f75e27f6df16383f47ae11ae34abc21f5f2c.sol:1149:9: GC: String exceeds 32 bytes [Warning/gas-small-strings]
/sb/0x0030f75e27f6df16383f47ae11ae34abc21f5f2c.sol:1155:5: Missing @notice tag in function 'AirDrop' [Warning/use-natspec]
/sb/0x0030f75e27f6df16383f47ae11ae34abc21f5f2c.sol:1155:5: Missing @param tag in function 'AirDrop' [Warning/use-natspec]
/sb/0x0030f75e27f6df16383f47ae11ae34abc21f5f2c.sol:1155:5: Mismatch in @param names for function 'AirDrop'. Expected: [wallets, percent], Found: [] [Warning/use-natspec]
/sb/0x0030f75e27f6df16383f47ae11ae34abc21f5f2c.sol:1155:5: Function name must be in mixedCase [Warning/func-name-mixedcase]
/sb/0x0030f75e27f6df16383f47ae11ae34abc21f5f2c.sol:1155:5: GC: [wallets] argument on Function [AirDrop] could be [calldata] if it's not being updated [Warning/gas-calldata-parameters]
/sb/0x0030f75e27f6df16383f47ae11ae34abc21f5f2c.sol:1155:5: GC: [percent] argument on Function [AirDrop] could be [calldata] if it's not being updated [Warning/gas-calldata-parameters]
/sb/0x0030f75e27f6df16383f47ae11ae34abc21f5f2c.sol:1157:9: Error message for require is too long: 54 counted / 32 allowed [Warning/reason-string]
/sb/0x0030f75e27f6df16383f47ae11ae34abc21f5f2c.sol:1157:9: GC: String exceeds 32 bytes [Warning/gas-small-strings]
/sb/0x0030f75e27f6df16383f47ae11ae34abc21f5f2c.sol:1157:9: GC: Use Custom Errors instead of require statements [Warning/gas-custom-errors]
/sb/0x0030f75e27f6df16383f47ae11ae34abc21f5f2c.sol:1159:48: GC: For [ i ] variable, increment/decrement by 1 using: [ ++variable ] to save gas [Warning/gas-increment-by-one]
/sb/0x0030f75e27f6df16383f47ae11ae34abc21f5f2c.sol:1171:5: Missing @notice tag in function 'GoLive' [Warning/use-natspec]
/sb/0x0030f75e27f6df16383f47ae11ae34abc21f5f2c.sol:1171:5: Missing @return tag in function 'GoLive' [Warning/use-natspec]
/sb/0x0030f75e27f6df16383f47ae11ae34abc21f5f2c.sol:1171:5: Mismatch in @return count for function 'GoLive'. Expected: 1, Found: 0 [Warning/use-natspec]
/sb/0x0030f75e27f6df16383f47ae11ae34abc21f5f2c.sol:1171:5: Function name must be in mixedCase [Warning/func-name-mixedcase]
/sb/0x0030f75e27f6df16383f47ae11ae34abc21f5f2c.sol:1173:9: GC: Use Custom Errors instead of require statements [Warning/gas-custom-errors]
/sb/0x0030f75e27f6df16383f47ae11ae34abc21f5f2c.sol:1199:9: Error message for require is too long: 44 counted / 32 allowed [Warning/reason-string]
/sb/0x0030f75e27f6df16383f47ae11ae34abc21f5f2c.sol:1199:9: GC: String exceeds 32 bytes [Warning/gas-small-strings]
/sb/0x0030f75e27f6df16383f47ae11ae34abc21f5f2c.sol:1199:9: GC: Use Custom Errors instead of require statements [Warning/gas-custom-errors]
/sb/0x0030f75e27f6df16383f47ae11ae34abc21f5f2c.sol:1217:5: Function body contains 117 lines but allowed no more than 50 lines [Warning/function-max-lines]
/sb/0x0030f75e27f6df16383f47ae11ae34abc21f5f2c.sol:1217:5: Missing @notice tag in function 'internalTransfer' [Warning/use-natspec]
/sb/0x0030f75e27f6df16383f47ae11ae34abc21f5f2c.sol:1217:5: Missing @param tag in function 'internalTransfer' [Warning/use-natspec]
/sb/0x0030f75e27f6df16383f47ae11ae34abc21f5f2c.sol:1217:5: Mismatch in @param names for function 'internalTransfer'. Expected: [from, to, amount], Found: [] [Warning/use-natspec]
/sb/0x0030f75e27f6df16383f47ae11ae34abc21f5f2c.sol:1219:9: Error message for require is too long: 37 counted / 32 allowed [Warning/reason-string]
/sb/0x0030f75e27f6df16383f47ae11ae34abc21f5f2c.sol:1219:9: GC: String exceeds 32 bytes [Warning/gas-small-strings]
/sb/0x0030f75e27f6df16383f47ae11ae34abc21f5f2c.sol:1219:9: GC: Use Custom Errors instead of require statements [Warning/gas-custom-errors]
/sb/0x0030f75e27f6df16383f47ae11ae34abc21f5f2c.sol:1221:9: Error message for require is too long: 35 counted / 32 allowed [Warning/reason-string]
/sb/0x0030f75e27f6df16383f47ae11ae34abc21f5f2c.sol:1221:9: GC: String exceeds 32 bytes [Warning/gas-small-strings]
/sb/0x0030f75e27f6df16383f47ae11ae34abc21f5f2c.sol:1221:9: GC: Use Custom Errors instead of require statements [Warning/gas-custom-errors]
/sb/0x0030f75e27f6df16383f47ae11ae34abc21f5f2c.sol:1223:9: Error message for require is too long: 48 counted / 32 allowed [Warning/reason-string]
/sb/0x0030f75e27f6df16383f47ae11ae34abc21f5f2c.sol:1223:9: GC: String exceeds 32 bytes [Warning/gas-small-strings]
/sb/0x0030f75e27f6df16383f47ae11ae34abc21f5f2c.sol:1223:9: GC: Use Custom Errors instead of require statements [Warning/gas-custom-errors]
/sb/0x0030f75e27f6df16383f47ae11ae34abc21f5f2c.sol:1225:9: GC: Use Custom Errors instead of require statements [Warning/gas-custom-errors]
/sb/0x0030f75e27f6df16383f47ae11ae34abc21f5f2c.sol:1229:13: GC: Use Custom Errors instead of require statements [Warning/gas-custom-errors]
/sb/0x0030f75e27f6df16383f47ae11ae34abc21f5f2c.sol:1235:13: Error message for require is too long: 46 counted / 32 allowed [Warning/reason-string]
/sb/0x0030f75e27f6df16383f47ae11ae34abc21f5f2c.sol:1235:13: GC: String exceeds 32 bytes [Warning/gas-small-strings]
/sb/0x0030f75e27f6df16383f47ae11ae34abc21f5f2c.sol:1235:13: GC: Use Custom Errors instead of require statements [Warning/gas-custom-errors]
/sb/0x0030f75e27f6df16383f47ae11ae34abc21f5f2c.sol:1235:21: GC: Non strict inequality found. Try converting to a strict one [Warning/gas-strict-inequalities]
/sb/0x0030f75e27f6df16383f47ae11ae34abc21f5f2c.sol:1243:22: Rule is set with explicit type [var/s: uint] [Warning/explicit-types]
/sb/0x0030f75e27f6df16383f47ae11ae34abc21f5f2c.sol:1243:41: GC: For [ x ] variable, increment/decrement by 1 using: [ ++variable ] to save gas [Warning/gas-increment-by-one]
/sb/0x0030f75e27f6df16383f47ae11ae34abc21f5f2c.sol:1259:13: Provide an error message for require [Warning/reason-string]
/sb/0x0030f75e27f6df16383f47ae11ae34abc21f5f2c.sol:1259:13: GC: Use Custom Errors instead of require statements [Warning/gas-custom-errors]
/sb/0x0030f75e27f6df16383f47ae11ae34abc21f5f2c.sol:1277:40: GC: Non strict inequality found. Try converting to a strict one [Warning/gas-strict-inequalities]
/sb/0x0030f75e27f6df16383f47ae11ae34abc21f5f2c.sol:1311:38: GC: Non strict inequality found. Try converting to a strict one [Warning/gas-strict-inequalities]
/sb/0x0030f75e27f6df16383f47ae11ae34abc21f5f2c.sol:1323:17: Error message for require is too long: 57 counted / 32 allowed [Warning/reason-string]
/sb/0x0030f75e27f6df16383f47ae11ae34abc21f5f2c.sol:1323:17: GC: String exceeds 32 bytes [Warning/gas-small-strings]
/sb/0x0030f75e27f6df16383f47ae11ae34abc21f5f2c.sol:1323:17: GC: Use Custom Errors instead of require statements [Warning/gas-custom-errors]
/sb/0x0030f75e27f6df16383f47ae11ae34abc21f5f2c.sol:1323:44: GC: Non strict inequality found. Try converting to a strict one [Warning/gas-strict-inequalities]
/sb/0x0030f75e27f6df16383f47ae11ae34abc21f5f2c.sol:1337:5: Missing @notice tag in function 'taxTokenSwap' [Warning/use-natspec]
/sb/0x0030f75e27f6df16383f47ae11ae34abc21f5f2c.sol:1377:5: Missing @notice tag in function 'swapTokensForETH' [Warning/use-natspec]
/sb/0x0030f75e27f6df16383f47ae11ae34abc21f5f2c.sol:1377:5: Missing @param tag in function 'swapTokensForETH' [Warning/use-natspec]
/sb/0x0030f75e27f6df16383f47ae11ae34abc21f5f2c.sol:1377:5: Mismatch in @param names for function 'swapTokensForETH'. Expected: [tokenAmount], Found: [] [Warning/use-natspec]
/sb/0x0030f75e27f6df16383f47ae11ae34abc21f5f2c.sol:1403:5: Missing @notice tag in function 'addLiquidity' [Warning/use-natspec]
/sb/0x0030f75e27f6df16383f47ae11ae34abc21f5f2c.sol:1403:5: Missing @param tag in function 'addLiquidity' [Warning/use-natspec]
/sb/0x0030f75e27f6df16383f47ae11ae34abc21f5f2c.sol:1403:5: Mismatch in @param names for function 'addLiquidity'. Expected: [tokenAmount, ethAmount], Found: [] [Warning/use-natspec]
/sb/0x0030f75e27f6df16383f47ae11ae34abc21f5f2c.sol:1425:5: Missing @notice tag in function 'calculateTax' [Warning/use-natspec]
/sb/0x0030f75e27f6df16383f47ae11ae34abc21f5f2c.sol:1425:5: Missing @param tag in function 'calculateTax' [Warning/use-natspec]
/sb/0x0030f75e27f6df16383f47ae11ae34abc21f5f2c.sol:1425:5: Mismatch in @param names for function 'calculateTax'. Expected: [amount], Found: [] [Warning/use-natspec]
/sb/0x0030f75e27f6df16383f47ae11ae34abc21f5f2c.sol:1425:5: Missing @return tag in function 'calculateTax' [Warning/use-natspec]
/sb/0x0030f75e27f6df16383f47ae11ae34abc21f5f2c.sol:1425:5: Mismatch in @return count for function 'calculateTax'. Expected: 1, Found: 0 [Warning/use-natspec]
/sb/0x0030f75e27f6df16383f47ae11ae34abc21f5f2c.sol:1431:5: Missing @notice tag in function 'splitTaxTokens' [Warning/use-natspec]
/sb/0x0030f75e27f6df16383f47ae11ae34abc21f5f2c.sol:1431:5: Missing @param tag in function 'splitTaxTokens' [Warning/use-natspec]
/sb/0x0030f75e27f6df16383f47ae11ae34abc21f5f2c.sol:1431:5: Mismatch in @param names for function 'splitTaxTokens'. Expected: [taxTokens], Found: [] [Warning/use-natspec]
/sb/0x0030f75e27f6df16383f47ae11ae34abc21f5f2c.sol:1439:5: Missing @notice tag in function 'tokenTransfer' [Warning/use-natspec]
/sb/0x0030f75e27f6df16383f47ae11ae34abc21f5f2c.sol:1439:5: Missing @param tag in function 'tokenTransfer' [Warning/use-natspec]
/sb/0x0030f75e27f6df16383f47ae11ae34abc21f5f2c.sol:1439:5: Mismatch in @param names for function 'tokenTransfer'. Expected: [sender, recipient, amount], Found: [] [Warning/use-natspec]
/sb/0x0030f75e27f6df16383f47ae11ae34abc21f5f2c.sol:1469:5: Missing @notice tag in function 'launchSetLiquidityAddress' [Warning/use-natspec]
/sb/0x0030f75e27f6df16383f47ae11ae34abc21f5f2c.sol:1469:5: Missing @param tag in function 'launchSetLiquidityAddress' [Warning/use-natspec]
/sb/0x0030f75e27f6df16383f47ae11ae34abc21f5f2c.sol:1469:5: Mismatch in @param names for function 'launchSetLiquidityAddress'. Expected: [LPAddress], Found: [] [Warning/use-natspec]
/sb/0x0030f75e27f6df16383f47ae11ae34abc21f5f2c.sol:1469:40: Variable name must be in mixedCase LPAddress [Warning/var-name-mixedcase]
/sb/0x0030f75e27f6df16383f47ae11ae34abc21f5f2c.sol:1477:5: Missing @notice tag in function 'isContract' [Warning/use-natspec]
/sb/0x0030f75e27f6df16383f47ae11ae34abc21f5f2c.sol:1477:5: Missing @param tag in function 'isContract' [Warning/use-natspec]
/sb/0x0030f75e27f6df16383f47ae11ae34abc21f5f2c.sol:1477:5: Mismatch in @param names for function 'isContract'. Expected: [account], Found: [] [Warning/use-natspec]
/sb/0x0030f75e27f6df16383f47ae11ae34abc21f5f2c.sol:1477:5: Missing @return tag in function 'isContract' [Warning/use-natspec]
/sb/0x0030f75e27f6df16383f47ae11ae34abc21f5f2c.sol:1477:5: Mismatch in @return count for function 'isContract'. Expected: 1, Found: 0 [Warning/use-natspec]
/sb/0x0030f75e27f6df16383f47ae11ae34abc21f5f2c.sol:1483:9: Avoid to use inline assembly. It is acceptable only in rare cases [Warning/no-inline-assembly]
/sb/0x0030f75e27f6df16383f47ae11ae34abc21f5f2c.sol:1493:5: Missing @notice tag in function 'addRemoveContract' [Warning/use-natspec]
/sb/0x0030f75e27f6df16383f47ae11ae34abc21f5f2c.sol:1493:5: Missing @param tag in function 'addRemoveContract' [Warning/use-natspec]
/sb/0x0030f75e27f6df16383f47ae11ae34abc21f5f2c.sol:1493:5: Mismatch in @param names for function 'addRemoveContract'. Expected: [account, trueORfalse], Found: [] [Warning/use-natspec]
/sb/0x0030f75e27f6df16383f47ae11ae34abc21f5f2c.sol:1499:5: Missing @notice tag in function 'isExcludedContract' [Warning/use-natspec]
/sb/0x0030f75e27f6df16383f47ae11ae34abc21f5f2c.sol:1499:5: Missing @param tag in function 'isExcludedContract' [Warning/use-natspec]
/sb/0x0030f75e27f6df16383f47ae11ae34abc21f5f2c.sol:1499:5: Mismatch in @param names for function 'isExcludedContract'. Expected: [account], Found: [] [Warning/use-natspec]
/sb/0x0030f75e27f6df16383f47ae11ae34abc21f5f2c.sol:1499:5: Missing @return tag in function 'isExcludedContract' [Warning/use-natspec]
/sb/0x0030f75e27f6df16383f47ae11ae34abc21f5f2c.sol:1499:5: Mismatch in @return count for function 'isExcludedContract'. Expected: 1, Found: 0 [Warning/use-natspec]
/sb/0x0030f75e27f6df16383f47ae11ae34abc21f5f2c.sol:1505:5: Missing @notice tag in function 'withdrawStuckETH' [Warning/use-natspec]
/sb/0x0030f75e27f6df16383f47ae11ae34abc21f5f2c.sol:1513:5: Missing @notice tag in function 'withdrawStuckTokens' [Warning/use-natspec]
/sb/0x0030f75e27f6df16383f47ae11ae34abc21f5f2c.sol:1513:5: Missing @param tag in function 'withdrawStuckTokens' [Warning/use-natspec]
/sb/0x0030f75e27f6df16383f47ae11ae34abc21f5f2c.sol:1513:5: Mismatch in @param names for function 'withdrawStuckTokens'. Expected: [percent], Found: [] [Warning/use-natspec]
/sb/0x0030f75e27f6df16383f47ae11ae34abc21f5f2c.sol:1519:5: Missing @notice tag in function 'manualBurnTokensFromLP' [Warning/use-natspec]
/sb/0x0030f75e27f6df16383f47ae11ae34abc21f5f2c.sol:1519:5: Missing @param tag in function 'manualBurnTokensFromLP' [Warning/use-natspec]
/sb/0x0030f75e27f6df16383f47ae11ae34abc21f5f2c.sol:1519:5: Mismatch in @param names for function 'manualBurnTokensFromLP'. Expected: [percent], Found: [] [Warning/use-natspec]
/sb/0x0030f75e27f6df16383f47ae11ae34abc21f5f2c.sol:1519:5: Missing @return tag in function 'manualBurnTokensFromLP' [Warning/use-natspec]
/sb/0x0030f75e27f6df16383f47ae11ae34abc21f5f2c.sol:1519:5: Mismatch in @return count for function 'manualBurnTokensFromLP'. Expected: 1, Found: 0 [Warning/use-natspec]
/sb/0x0030f75e27f6df16383f47ae11ae34abc21f5f2c.sol:1521:9: Error message for require is too long: 49 counted / 32 allowed [Warning/reason-string]
/sb/0x0030f75e27f6df16383f47ae11ae34abc21f5f2c.sol:1521:9: GC: String exceeds 32 bytes [Warning/gas-small-strings]
/sb/0x0030f75e27f6df16383f47ae11ae34abc21f5f2c.sol:1521:9: GC: Use Custom Errors instead of require statements [Warning/gas-custom-errors]
/sb/0x0030f75e27f6df16383f47ae11ae34abc21f5f2c.sol:1521:17: GC: Non strict inequality found. Try converting to a strict one [Warning/gas-strict-inequalities]
/sb/0x0030f75e27f6df16383f47ae11ae34abc21f5f2c.sol:1535:9: Error message for require is too long: 43 counted / 32 allowed [Warning/reason-string]
/sb/0x0030f75e27f6df16383f47ae11ae34abc21f5f2c.sol:1535:9: GC: String exceeds 32 bytes [Warning/gas-small-strings]
/sb/0x0030f75e27f6df16383f47ae11ae34abc21f5f2c.sol:1535:9: GC: Use Custom Errors instead of require statements [Warning/gas-custom-errors]
/sb/0x0030f75e27f6df16383f47ae11ae34abc21f5f2c.sol:1535:17: GC: Non strict inequality found. Try converting to a strict one [Warning/gas-strict-inequalities]
/sb/0x0030f75e27f6df16383f47ae11ae34abc21f5f2c.sol:1545:5: Missing @notice tag in function 'manualSwapTax' [Warning/use-natspec]
/sb/0x0030f75e27f6df16383f47ae11ae34abc21f5f2c.sol:1549:9: Error message for require is too long: 72 counted / 32 allowed [Warning/reason-string]
/sb/0x0030f75e27f6df16383f47ae11ae34abc21f5f2c.sol:1549:9: GC: String exceeds 32 bytes [Warning/gas-small-strings]
/sb/0x0030f75e27f6df16383f47ae11ae34abc21f5f2c.sol:1549:9: GC: Use Custom Errors instead of require statements [Warning/gas-custom-errors]
/sb/0x0030f75e27f6df16383f47ae11ae34abc21f5f2c.sol:1549:17: GC: Non strict inequality found. Try converting to a strict one [Warning/gas-strict-inequalities]
/sb/0x0030f75e27f6df16383f47ae11ae34abc21f5f2c.sol:1555:5: Missing @notice tag in function 'addBot' [Warning/use-natspec]
/sb/0x0030f75e27f6df16383f47ae11ae34abc21f5f2c.sol:1555:5: Missing @param tag in function 'addBot' [Warning/use-natspec]
/sb/0x0030f75e27f6df16383f47ae11ae34abc21f5f2c.sol:1555:5: Mismatch in @param names for function 'addBot'. Expected: [account], Found: [] [Warning/use-natspec]
/sb/0x0030f75e27f6df16383f47ae11ae34abc21f5f2c.sol:1557:9: GC: Use Custom Errors instead of require statements [Warning/gas-custom-errors]
/sb/0x0030f75e27f6df16383f47ae11ae34abc21f5f2c.sol:1563:2: Missing @notice tag in function 'removeBot' [Warning/use-natspec]
/sb/0x0030f75e27f6df16383f47ae11ae34abc21f5f2c.sol:1563:2: Missing @param tag in function 'removeBot' [Warning/use-natspec]
/sb/0x0030f75e27f6df16383f47ae11ae34abc21f5f2c.sol:1563:2: Mismatch in @param names for function 'removeBot'. Expected: [account], Found: [] [Warning/use-natspec]
/sb/0x0030f75e27f6df16383f47ae11ae34abc21f5f2c.sol:1565:9: GC: Use Custom Errors instead of require statements [Warning/gas-custom-errors]
/sb/0x0030f75e27f6df16383f47ae11ae34abc21f5f2c.sol:1571:2: Missing @notice tag in function 'removeSniper' [Warning/use-natspec]
/sb/0x0030f75e27f6df16383f47ae11ae34abc21f5f2c.sol:1571:2: Missing @param tag in function 'removeSniper' [Warning/use-natspec]
/sb/0x0030f75e27f6df16383f47ae11ae34abc21f5f2c.sol:1571:2: Mismatch in @param names for function 'removeSniper'. Expected: [account], Found: [] [Warning/use-natspec]
/sb/0x0030f75e27f6df16383f47ae11ae34abc21f5f2c.sol:1573:9: GC: Use Custom Errors instead of require statements [Warning/gas-custom-errors]
/sb/0x0030f75e27f6df16383f47ae11ae34abc21f5f2c.sol:1579:5: Missing @notice tag in function 'setExcludedContractAccount' [Warning/use-natspec]
/sb/0x0030f75e27f6df16383f47ae11ae34abc21f5f2c.sol:1579:5: Missing @param tag in function 'setExcludedContractAccount' [Warning/use-natspec]
/sb/0x0030f75e27f6df16383f47ae11ae34abc21f5f2c.sol:1579:5: Mismatch in @param names for function 'setExcludedContractAccount'. Expected: [account, trueORfalse], Found: [] [Warning/use-natspec]
/sb/0x0030f75e27f6df16383f47ae11ae34abc21f5f2c.sol:1585:5: Missing @notice tag in function 'setExcludedFromTax' [Warning/use-natspec]
/sb/0x0030f75e27f6df16383f47ae11ae34abc21f5f2c.sol:1585:5: Missing @param tag in function 'setExcludedFromTax' [Warning/use-natspec]
/sb/0x0030f75e27f6df16383f47ae11ae34abc21f5f2c.sol:1585:5: Mismatch in @param names for function 'setExcludedFromTax'. Expected: [account, trueORfalse], Found: [] [Warning/use-natspec]
/sb/0x0030f75e27f6df16383f47ae11ae34abc21f5f2c.sol:1591:5: Missing @notice tag in function 'setExcludedFromMaxWallet' [Warning/use-natspec]
/sb/0x0030f75e27f6df16383f47ae11ae34abc21f5f2c.sol:1591:5: Missing @param tag in function 'setExcludedFromMaxWallet' [Warning/use-natspec]
/sb/0x0030f75e27f6df16383f47ae11ae34abc21f5f2c.sol:1591:5: Mismatch in @param names for function 'setExcludedFromMaxWallet'. Expected: [account, trueORfalse], Found: [] [Warning/use-natspec]
/sb/0x0030f75e27f6df16383f47ae11ae34abc21f5f2c.sol:1597:5: Missing @notice tag in function 'setMaxWalletAmount' [Warning/use-natspec]
/sb/0x0030f75e27f6df16383f47ae11ae34abc21f5f2c.sol:1597:5: Missing @param tag in function 'setMaxWalletAmount' [Warning/use-natspec]
/sb/0x0030f75e27f6df16383f47ae11ae34abc21f5f2c.sol:1597:5: Mismatch in @param names for function 'setMaxWalletAmount'. Expected: [percent, divider], Found: [] [Warning/use-natspec]
/sb/0x0030f75e27f6df16383f47ae11ae34abc21f5f2c.sol:1601:9: Error message for require is too long: 42 counted / 32 allowed [Warning/reason-string]
/sb/0x0030f75e27f6df16383f47ae11ae34abc21f5f2c.sol:1601:9: GC: String exceeds 32 bytes [Warning/gas-small-strings]
/sb/0x0030f75e27f6df16383f47ae11ae34abc21f5f2c.sol:1601:9: GC: Use Custom Errors instead of require statements [Warning/gas-custom-errors]
/sb/0x0030f75e27f6df16383f47ae11ae34abc21f5f2c.sol:1601:17: GC: Non strict inequality found. Try converting to a strict one [Warning/gas-strict-inequalities]
/sb/0x0030f75e27f6df16383f47ae11ae34abc21f5f2c.sol:1605:5: Missing @notice tag in function 'setStatusLimits' [Warning/use-natspec]
/sb/0x0030f75e27f6df16383f47ae11ae34abc21f5f2c.sol:1605:5: Missing @param tag in function 'setStatusLimits' [Warning/use-natspec]
/sb/0x
