Extract contract AddressList from /sb/0x000000931cf36c464623bb0eefb6b0c205338d67.sol
Extract contract AllowanceSheet from /sb/0x000000931cf36c464623bb0eefb6b0c205338d67.sol
Extract contract BalanceSheet from /sb/0x000000931cf36c464623bb0eefb6b0c205338d67.sol
Extract contract BasicToken from /sb/0x000000931cf36c464623bb0eefb6b0c205338d67.sol
Extract contract BurnableToken from /sb/0x000000931cf36c464623bb0eefb6b0c205338d67.sol
Extract contract CanDelegate from /sb/0x000000931cf36c464623bb0eefb6b0c205338d67.sol
Extract contract CanReclaimToken from /sb/0x000000931cf36c464623bb0eefb6b0c205338d67.sol
Extract contract Claimable from /sb/0x000000931cf36c464623bb0eefb6b0c205338d67.sol
Extract contract HasNoContracts from /sb/0x000000931cf36c464623bb0eefb6b0c205338d67.sol
Extract contract HasNoEther from /sb/0x000000931cf36c464623bb0eefb6b0c205338d67.sol
Extract contract HasNoTokens from /sb/0x000000931cf36c464623bb0eefb6b0c205338d67.sol
Extract contract NamableAddressList from /sb/0x000000931cf36c464623bb0eefb6b0c205338d67.sol
Extract contract NoOwner from /sb/0x000000931cf36c464623bb0eefb6b0c205338d67.sol
Extract contract Ownable from /sb/0x000000931cf36c464623bb0eefb6b0c205338d67.sol
Extract contract Pausable from /sb/0x000000931cf36c464623bb0eefb6b0c205338d67.sol
Extract contract PausableToken from /sb/0x000000931cf36c464623bb0eefb6b0c205338d67.sol
Extract contract SafeERC20 from /sb/0x000000931cf36c464623bb0eefb6b0c205338d67.sol
Extract contract SafeMath from /sb/0x000000931cf36c464623bb0eefb6b0c205338d67.sol
Extract contract StandardDelegate from /sb/0x000000931cf36c464623bb0eefb6b0c205338d67.sol
Extract contract StandardToken from /sb/0x000000931cf36c464623bb0eefb6b0c205338d67.sol
Extract contract TimeLockedController from /sb/0x000000931cf36c464623bb0eefb6b0c205338d67.sol
Extract contract TrueUSD from /sb/0x000000931cf36c464623bb0eefb6b0c205338d67.sol
Extracted 22 contract(s) from /sb/0x000000931cf36c464623bb0eefb6b0c205338d67.sol
[0;32m> Created "fuzzMe"[0m
[0;32m> To fuzz contracts:[0m
  chmod +x fuzzMe
  ./fuzzMe
contracts/CanDelegate.sol:133:3: Warning: Defining constructors as functions with the same name as the contract is deprecated. Use "constructor(...) { ... }" instead.
  function Ownable() public {
  ^ (Relevant source part starts here and spans across multiple lines).
contracts/CanDelegate.sol:355:5: Warning: Defining constructors as functions with the same name as the contract is deprecated. Use "constructor(...) { ... }" instead.
    function AddressList(string _name, bool nullValue) public {
    ^ (Relevant source part starts here and spans across multiple lines).
contracts/CanDelegate.sol:391:5: Warning: Defining constructors as functions with the same name as the contract is deprecated. Use "constructor(...) { ... }" instead.
    function NamableAddressList(string _name, bool nullValue)
    ^ (Relevant source part starts here and spans across multiple lines).
contracts/CanDelegate.sol:449:3: Warning: Defining constructors as functions with the same name as the contract is deprecated. Use "constructor(...) { ... }" instead.
  function HasNoEther() public payable {
  ^ (Relevant source part starts here and spans across multiple lines).
contracts/CanDelegate.sol:1707:5: Warning: Defining constructors as functions with the same name as the contract is deprecated. Use "constructor(...) { ... }" instead.
    function TrueUSD() public {
    ^ (Relevant source part starts here and spans across multiple lines).
contracts/CanDelegate.sol:169:5: Warning: Invoking events without "emit" prefix is deprecated.
    OwnershipTransferred(owner, newOwner);
    ^-----------------------------------^
contracts/CanDelegate.sol:237:5: Warning: Invoking events without "emit" prefix is deprecated.
    Pause();
    ^-----^
contracts/CanDelegate.sol:253:5: Warning: Invoking events without "emit" prefix is deprecated.
    Unpause();
    ^-------^
contracts/CanDelegate.sol:335:5: Warning: Invoking events without "emit" prefix is deprecated.
    OwnershipTransferred(owner, pendingOwner);
    ^---------------------------------------^
contracts/CanDelegate.sol:379:13: Warning: Invoking events without "emit" prefix is deprecated.
            ChangeWhiteList(_to, _onList);
            ^---------------------------^
contracts/CanDelegate.sol:477:23: Warning: Using contract member "balance" inherited from the address type is deprecated. Convert the contract to "address" type to access the member, for example use "address(contract).balance" instead.
    assert(owner.send(this.balance));
                      ^----------^
contracts/CanDelegate.sol:617:9: Warning: Invoking events without "emit" prefix is deprecated.
        MintOperationEvent(_to, _amount, deferBlock, mintOperations.length);
        ^-----------------------------------------------------------------^
contracts/CanDelegate.sol:655:9: Warning: Invoking events without "emit" prefix is deprecated.
        TransferChildEvent(_child, _newOwner);
        ^-----------------------------------^
contracts/CanDelegate.sol:671:9: Warning: Invoking events without "emit" prefix is deprecated.
        ReclaimEvent(other);
        ^-----------------^
contracts/CanDelegate.sol:685:9: Warning: Invoking events without "emit" prefix is deprecated.
        ChangeBurnBoundsEvent(newMin, newMax);
        ^-----------------------------------^
contracts/CanDelegate.sol:711:9: Warning: Invoking events without "emit" prefix is deprecated.
        ChangeStakingFeesEvent(_transferFeeNumerator,
        ^ (Relevant source part starts here and spans across multiple lines).
contracts/CanDelegate.sol:751:9: Warning: Invoking events without "emit" prefix is deprecated.
        ChangeStakerEvent(newStaker);
        ^--------------------------^
contracts/CanDelegate.sol:763:9: Warning: Invoking events without "emit" prefix is deprecated.
        DelegateEvent(delegate);
        ^---------------------^
contracts/CanDelegate.sol:775:9: Warning: Invoking events without "emit" prefix is deprecated.
        SetDelegatedFromEvent(_source);
        ^----------------------------^
contracts/CanDelegate.sol:789:9: Warning: Invoking events without "emit" prefix is deprecated.
        ChangeTrueUSDEvent(newContract);
        ^-----------------------------^
contracts/CanDelegate.sol:801:9: Warning: Invoking events without "emit" prefix is deprecated.
        ChangeNameEvent(name, symbol);
        ^---------------------------^
contracts/CanDelegate.sol:813:9: Warning: Invoking events without "emit" prefix is deprecated.
        AdminshipTransferred(admin, newAdmin);
        ^-----------------------------------^
contracts/CanDelegate.sol:1031:5: Warning: Invoking events without "emit" prefix is deprecated.
    Transfer(_from, _to, _value);
    ^--------------------------^
contracts/CanDelegate.sol:1089:5: Warning: Invoking events without "emit" prefix is deprecated.
    Burn(burner, _value);
    ^------------------^
contracts/CanDelegate.sol:1091:5: Warning: Invoking events without "emit" prefix is deprecated.
    Transfer(burner, address(0), _value);
    ^----------------------------------^
contracts/CanDelegate.sol:1229:5: Warning: Invoking events without "emit" prefix is deprecated.
    Approval(_tokenHolder, _spender, _value);
    ^--------------------------------------^
contracts/CanDelegate.sol:1289:5: Warning: Invoking events without "emit" prefix is deprecated.
    Approval(tokenHolder, _spender, allowances.allowanceOf(tokenHolder, _spender));
    ^----------------------------------------------------------------------------^
contracts/CanDelegate.sol:1339:5: Warning: Invoking events without "emit" prefix is deprecated.
    Approval(tokenHolder, _spender, allowances.allowanceOf(tokenHolder, _spender));
    ^----------------------------------------------------------------------------^
contracts/CanDelegate.sol:1369:9: Warning: Invoking events without "emit" prefix is deprecated.
        DelegatedTo(delegate);
        ^-------------------^
contracts/CanDelegate.sol:1775:9: Warning: Invoking events without "emit" prefix is deprecated.
        Mint(_to, _amount);
        ^----------------^
contracts/CanDelegate.sol:1777:9: Warning: Invoking events without "emit" prefix is deprecated.
        Transfer(address(0), _to, _amount);
        ^--------------------------------^
contracts/CanDelegate.sol:1805:9: Warning: Invoking events without "emit" prefix is deprecated.
        ChangeBurnBoundsEvent(newMin, newMax);
        ^-----------------------------------^
contracts/CanDelegate.sol:1839:9: Warning: Invoking events without "emit" prefix is deprecated.
        WipedAccount(account, oldValue);
        ^-----------------------------^
contracts/CanDelegate.sol:501:3: Warning: Function state mutability can be restricted to pure
  function tokenFallback(address from_, uint256 value_, bytes data_) external {
  ^ (Relevant source part starts here and spans across multiple lines).
contracts/HasNoTokens.sol:133:3: Warning: Defining constructors as functions with the same name as the contract is deprecated. Use "constructor(...) { ... }" instead.
  function Ownable() public {
  ^ (Relevant source part starts here and spans across multiple lines).
contracts/HasNoTokens.sol:355:5: Warning: Defining constructors as functions with the same name as the contract is deprecated. Use "constructor(...) { ... }" instead.
    function AddressList(string _name, bool nullValue) public {
    ^ (Relevant source part starts here and spans across multiple lines).
contracts/HasNoTokens.sol:391:5: Warning: Defining constructors as functions with the same name as the contract is deprecated. Use "constructor(...) { ... }" instead.
    function NamableAddressList(string _name, bool nullValue)
    ^ (Relevant source part starts here and spans across multiple lines).
contracts/HasNoTokens.sol:449:3: Warning: Defining constructors as functions with the same name as the contract is deprecated. Use "constructor(...) { ... }" instead.
  function HasNoEther() public payable {
  ^ (Relevant source part starts here and spans across multiple lines).
contracts/HasNoTokens.sol:1707:5: Warning: Defining constructors as functions with the same name as the contract is deprecated. Use "constructor(...) { ... }" instead.
    function TrueUSD() public {
    ^ (Relevant source part starts here and spans across multiple lines).
contracts/HasNoTokens.sol:169:5: Warning: Invoking events without "emit" prefix is deprecated.
    OwnershipTransferred(owner, newOwner);
    ^-----------------------------------^
contracts/HasNoTokens.sol:237:5: Warning: Invoking events without "emit" prefix is deprecated.
    Pause();
    ^-----^
contracts/HasNoTokens.sol:253:5: Warning: Invoking events without "emit" prefix is deprecated.
    Unpause();
    ^-------^
contracts/HasNoTokens.sol:335:5: Warning: Invoking events without "emit" prefix is deprecated.
    OwnershipTransferred(owner, pendingOwner);
    ^---------------------------------------^
contracts/HasNoTokens.sol:379:13: Warning: Invoking events without "emit" prefix is deprecated.
            ChangeWhiteList(_to, _onList);
            ^---------------------------^
contracts/HasNoTokens.sol:477:23: Warning: Using contract member "balance" inherited from the address type is deprecated. Convert the contract to "address" type to access the member, for example use "address(contract).balance" instead.
    assert(owner.send(this.balance));
                      ^----------^
contracts/HasNoTokens.sol:617:9: Warning: Invoking events without "emit" prefix is deprecated.
        MintOperationEvent(_to, _amount, deferBlock, mintOperations.length);
        ^-----------------------------------------------------------------^
contracts/HasNoTokens.sol:655:9: Warning: Invoking events without "emit" prefix is deprecated.
        TransferChildEvent(_child, _newOwner);
        ^-----------------------------------^
contracts/HasNoTokens.sol:671:9: Warning: Invoking events without "emit" prefix is deprecated.
        ReclaimEvent(other);
        ^-----------------^
contracts/HasNoTokens.sol:685:9: Warning: Invoking events without "emit" prefix is deprecated.
        ChangeBurnBoundsEvent(newMin, newMax);
        ^-----------------------------------^
contracts/HasNoTokens.sol:711:9: Warning: Invoking events without "emit" prefix is deprecated.
        ChangeStakingFeesEvent(_transferFeeNumerator,
        ^ (Relevant source part starts here and spans across multiple lines).
contracts/HasNoTokens.sol:751:9: Warning: Invoking events without "emit" prefix is deprecated.
        ChangeStakerEvent(newStaker);
        ^--------------------------^
contracts/HasNoTokens.sol:763:9: Warning: Invoking events without "emit" prefix is deprecated.
        DelegateEvent(delegate);
        ^---------------------^
contracts/HasNoTokens.sol:775:9: Warning: Invoking events without "emit" prefix is deprecated.
        SetDelegatedFromEvent(_source);
        ^----------------------------^
contracts/HasNoTokens.sol:789:9: Warning: Invoking events without "emit" prefix is deprecated.
        ChangeTrueUSDEvent(newContract);
        ^-----------------------------^
contracts/HasNoTokens.sol:801:9: Warning: Invoking events without "emit" prefix is deprecated.
        ChangeNameEvent(name, symbol);
        ^---------------------------^
contracts/HasNoTokens.sol:813:9: Warning: Invoking events without "emit" prefix is deprecated.
        AdminshipTransferred(admin, newAdmin);
        ^-----------------------------------^
contracts/HasNoTokens.sol:1031:5: Warning: Invoking events without "emit" prefix is deprecated.
    Transfer(_from, _to, _value);
    ^--------------------------^
contracts/HasNoTokens.sol:1089:5: Warning: Invoking events without "emit" prefix is deprecated.
    Burn(burner, _value);
    ^------------------^
contracts/HasNoTokens.sol:1091:5: Warning: Invoking events without "emit" prefix is deprecated.
    Transfer(burner, address(0), _value);
    ^----------------------------------^
contracts/HasNoTokens.sol:1229:5: Warning: Invoking events without "emit" prefix is deprecated.
    Approval(_tokenHolder, _spender, _value);
    ^--------------------------------------^
contracts/HasNoTokens.sol:1289:5: Warning: Invoking events without "emit" prefix is deprecated.
    Approval(tokenHolder, _spender, allowances.allowanceOf(tokenHolder, _spender));
    ^----------------------------------------------------------------------------^
contracts/HasNoTokens.sol:1339:5: Warning: Invoking events without "emit" prefix is deprecated.
    Approval(tokenHolder, _spender, allowances.allowanceOf(tokenHolder, _spender));
    ^----------------------------------------------------------------------------^
contracts/HasNoTokens.sol:1369:9: Warning: Invoking events without "emit" prefix is deprecated.
        DelegatedTo(delegate);
        ^-------------------^
contracts/HasNoTokens.sol:1775:9: Warning: Invoking events without "emit" prefix is deprecated.
        Mint(_to, _amount);
        ^----------------^
contracts/HasNoTokens.sol:1777:9: Warning: Invoking events without "emit" prefix is deprecated.
        Transfer(address(0), _to, _amount);
        ^--------------------------------^
contracts/HasNoTokens.sol:1805:9: Warning: Invoking events without "emit" prefix is deprecated.
        ChangeBurnBoundsEvent(newMin, newMax);
        ^-----------------------------------^
contracts/HasNoTokens.sol:1839:9: Warning: Invoking events without "emit" prefix is deprecated.
        WipedAccount(account, oldValue);
        ^-----------------------------^
contracts/HasNoTokens.sol:501:3: Warning: Function state mutability can be restricted to pure
  function tokenFallback(address from_, uint256 value_, bytes data_) external {
  ^ (Relevant source part starts here and spans across multiple lines).
contracts/TrueUSD.sol:133:3: Warning: Defining constructors as functions with the same name as the contract is deprecated. Use "constructor(...) { ... }" instead.
  function Ownable() public {
  ^ (Relevant source part starts here and spans across multiple lines).
contracts/TrueUSD.sol:355:5: Warning: Defining constructors as functions with the same name as the contract is deprecated. Use "constructor(...) { ... }" instead.
    function AddressList(string _name, bool nullValue) public {
    ^ (Relevant source part starts here and spans across multiple lines).
contracts/TrueUSD.sol:391:5: Warning: Defining constructors as functions with the same name as the contract is deprecated. Use "constructor(...) { ... }" instead.
    function NamableAddressList(string _name, bool nullValue)
    ^ (Relevant source part starts here and spans across multiple lines).
contracts/TrueUSD.sol:449:3: Warning: Defining constructors as functions with the same name as the contract is deprecated. Use "constructor(...) { ... }" instead.
  function HasNoEther() public payable {
  ^ (Relevant source part starts here and spans across multiple lines).
contracts/TrueUSD.sol:1707:5: Warning: Defining constructors as functions with the same name as the contract is deprecated. Use "constructor(...) { ... }" instead.
    function TrueUSD() public {
    ^ (Relevant source part starts here and spans across multiple lines).
contracts/TrueUSD.sol:169:5: Warning: Invoking events without "emit" prefix is deprecated.
    OwnershipTransferred(owner, newOwner);
    ^-----------------------------------^
contracts/TrueUSD.sol:237:5: Warning: Invoking events without "emit" prefix is deprecated.
    Pause();
    ^-----^
contracts/TrueUSD.sol:253:5: Warning: Invoking events without "emit" prefix is deprecated.
    Unpause();
    ^-------^
contracts/TrueUSD.sol:335:5: Warning: Invoking events without "emit" prefix is deprecated.
    OwnershipTransferred(owner, pendingOwner);
    ^---------------------------------------^
contracts/TrueUSD.sol:379:13: Warning: Invoking events without "emit" prefix is deprecated.
            ChangeWhiteList(_to, _onList);
            ^---------------------------^
contracts/TrueUSD.sol:477:23: Warning: Using contract member "balance" inherited from the address type is deprecated. Convert the contract to "address" type to access the member, for example use "address(contract).balance" instead.
    assert(owner.send(this.balance));
                      ^----------^
contracts/TrueUSD.sol:617:9: Warning: Invoking events without "emit" prefix is deprecated.
        MintOperationEvent(_to, _amount, deferBlock, mintOperations.length);
        ^-----------------------------------------------------------------^
contracts/TrueUSD.sol:655:9: Warning: Invoking events without "emit" prefix is deprecated.
        TransferChildEvent(_child, _newOwner);
        ^-----------------------------------^
contracts/TrueUSD.sol:671:9: Warning: Invoking events without "emit" prefix is deprecated.
        ReclaimEvent(other);
        ^-----------------^
contracts/TrueUSD.sol:685:9: Warning: Invoking events without "emit" prefix is deprecated.
        ChangeBurnBoundsEvent(newMin, newMax);
        ^-----------------------------------^
contracts/TrueUSD.sol:711:9: Warning: Invoking events without "emit" prefix is deprecated.
        ChangeStakingFeesEvent(_transferFeeNumerator,
        ^ (Relevant source part starts here and spans across multiple lines).
contracts/TrueUSD.sol:751:9: Warning: Invoking events without "emit" prefix is deprecated.
        ChangeStakerEvent(newStaker);
        ^--------------------------^
contracts/TrueUSD.sol:763:9: Warning: Invoking events without "emit" prefix is deprecated.
        DelegateEvent(delegate);
        ^---------------------^
contracts/TrueUSD.sol:775:9: Warning: Invoking events without "emit" prefix is deprecated.
        SetDelegatedFromEvent(_source);
        ^----------------------------^
contracts/TrueUSD.sol:789:9: Warning: Invoking events without "emit" prefix is deprecated.
        ChangeTrueUSDEvent(newContract);
        ^-----------------------------^
contracts/TrueUSD.sol:801:9: Warning: Invoking events without "emit" prefix is deprecated.
        ChangeNameEvent(name, symbol);
        ^---------------------------^
contracts/TrueUSD.sol:813:9: Warning: Invoking events without "emit" prefix is deprecated.
        AdminshipTransferred(admin, newAdmin);
        ^-----------------------------------^
contracts/TrueUSD.sol:1031:5: Warning: Invoking events without "emit" prefix is deprecated.
    Transfer(_from, _to, _value);
    ^--------------------------^
contracts/TrueUSD.sol:1089:5: Warning: Invoking events without "emit" prefix is deprecated.
    Burn(burner, _value);
    ^------------------^
contracts/TrueUSD.sol:1091:5: Warning: Invoking events without "emit" prefix is deprecated.
    Transfer(burner, address(0), _value);
    ^----------------------------------^
contracts/TrueUSD.sol:1229:5: Warning: Invoking events without "emit" prefix is deprecated.
    Approval(_tokenHolder, _spender, _value);
    ^--------------------------------------^
contracts/TrueUSD.sol:1289:5: Warning: Invoking events without "emit" prefix is deprecated.
    Approval(tokenHolder, _spender, allowances.allowanceOf(tokenHolder, _spender));
    ^----------------------------------------------------------------------------^
contracts/TrueUSD.sol:1339:5: Warning: Invoking events without "emit" prefix is deprecated.
    Approval(tokenHolder, _spender, allowances.allowanceOf(tokenHolder, _spender));
    ^----------------------------------------------------------------------------^
contracts/TrueUSD.sol:1369:9: Warning: Invoking events without "emit" prefix is deprecated.
        DelegatedTo(delegate);
        ^-------------------^
contracts/TrueUSD.sol:1775:9: Warning: Invoking events without "emit" prefix is deprecated.
        Mint(_to, _amount);
        ^----------------^
contracts/TrueUSD.sol:1777:9: Warning: Invoking events without "emit" prefix is deprecated.
        Transfer(address(0), _to, _amount);
        ^--------------------------------^
contracts/TrueUSD.sol:1805:9: Warning: Invoking events without "emit" prefix is deprecated.
        ChangeBurnBoundsEvent(newMin, newMax);
        ^-----------------------------------^
contracts/TrueUSD.sol:1839:9: Warning: Invoking events without "emit" prefix is deprecated.
        WipedAccount(account, oldValue);
        ^-----------------------------^
contracts/TrueUSD.sol:501:3: Warning: Function state mutability can be restricted to pure
  function tokenFallback(address from_, uint256 value_, bytes data_) external {
  ^ (Relevant source part starts here and spans across multiple lines).
contracts/Ownable.sol:133:3: Warning: Defining constructors as functions with the same name as the contract is deprecated. Use "constructor(...) { ... }" instead.
  function Ownable() public {
  ^ (Relevant source part starts here and spans across multiple lines).
contracts/Ownable.sol:355:5: Warning: Defining constructors as functions with the same name as the contract is deprecated. Use "constructor(...) { ... }" instead.
    function AddressList(string _name, bool nullValue) public {
    ^ (Relevant source part starts here and spans across multiple lines).
contracts/Ownable.sol:391:5: Warning: Defining constructors as functions with the same name as the contract is deprecated. Use "constructor(...) { ... }" instead.
    function NamableAddressList(string _name, bool nullValue)
    ^ (Relevant source part starts here and spans across multiple lines).
contracts/Ownable.sol:449:3: Warning: Defining constructors as functions with the same name as the contract is deprecated. Use "constructor(...) { ... }" instead.
  function HasNoEther() public payable {
  ^ (Relevant source part starts here and spans across multiple lines).
contracts/Ownable.sol:1707:5: Warning: Defining constructors as functions with the same name as the contract is deprecated. Use "constructor(...) { ... }" instead.
    function TrueUSD() public {
    ^ (Relevant source part starts here and spans across multiple lines).
contracts/Ownable.sol:169:5: Warning: Invoking events without "emit" prefix is deprecated.
    OwnershipTransferred(owner, newOwner);
    ^-----------------------------------^
contracts/Ownable.sol:237:5: Warning: Invoking events without "emit" prefix is deprecated.
    Pause();
    ^-----^
contracts/Ownable.sol:253:5: Warning: Invoking events without "emit" prefix is deprecated.
    Unpause();
    ^-------^
contracts/Ownable.sol:335:5: Warning: Invoking events without "emit" prefix is deprecated.
    OwnershipTransferred(owner, pendingOwner);
    ^---------------------------------------^
contracts/Ownable.sol:379:13: Warning: Invoking events without "emit" prefix is deprecated.
            ChangeWhiteList(_to, _onList);
            ^---------------------------^
contracts/Ownable.sol:477:23: Warning: Using contract member "balance" inherited from the address type is deprecated. Convert the contract to "address" type to access the member, for example use "address(contract).balance" instead.
    assert(owner.send(this.balance));
                      ^----------^
contracts/Ownable.sol:617:9: Warning: Invoking events without "emit" prefix is deprecated.
        MintOperationEvent(_to, _amount, deferBlock, mintOperations.length);
        ^-----------------------------------------------------------------^
contracts/Ownable.sol:655:9: Warning: Invoking events without "emit" prefix is deprecated.
        TransferChildEvent(_child, _newOwner);
        ^-----------------------------------^
contracts/Ownable.sol:671:9: Warning: Invoking events without "emit" prefix is deprecated.
        ReclaimEvent(other);
        ^-----------------^
contracts/Ownable.sol:685:9: Warning: Invoking events without "emit" prefix is deprecated.
        ChangeBurnBoundsEvent(newMin, newMax);
        ^-----------------------------------^
contracts/Ownable.sol:711:9: Warning: Invoking events without "emit" prefix is deprecated.
        ChangeStakingFeesEvent(_transferFeeNumerator,
        ^ (Relevant source part starts here and spans across multiple lines).
contracts/Ownable.sol:751:9: Warning: Invoking events without "emit" prefix is deprecated.
        ChangeStakerEvent(newStaker);
        ^--------------------------^
contracts/Ownable.sol:763:9: Warning: Invoking events without "emit" prefix is deprecated.
        DelegateEvent(delegate);
        ^---------------------^
contracts/Ownable.sol:775:9: Warning: Invoking events without "emit" prefix is deprecated.
        SetDelegatedFromEvent(_source);
        ^----------------------------^
contracts/Ownable.sol:789:9: Warning: Invoking events without "emit" prefix is deprecated.
        ChangeTrueUSDEvent(newContract);
        ^-----------------------------^
contracts/Ownable.sol:801:9: Warning: Invoking events without "emit" prefix is deprecated.
        ChangeNameEvent(name, symbol);
        ^---------------------------^
contracts/Ownable.sol:813:9: Warning: Invoking events without "emit" prefix is deprecated.
        AdminshipTransferred(admin, newAdmin);
        ^-----------------------------------^
contracts/Ownable.sol:1031:5: Warning: Invoking events without "emit" prefix is deprecated.
    Transfer(_from, _to, _value);
    ^--------------------------^
contracts/Ownable.sol:1089:5: Warning: Invoking events without "emit" prefix is deprecated.
    Burn(burner, _value);
    ^------------------^
contracts/Ownable.sol:1091:5: Warning: Invoking events without "emit" prefix is deprecated.
    Transfer(burner, address(0), _value);
    ^----------------------------------^
contracts/Ownable.sol:1229:5: Warning: Invoking events without "emit" prefix is deprecated.
    Approval(_tokenHolder, _spender, _value);
    ^--------------------------------------^
contracts/Ownable.sol:1289:5: Warning: Invoking events without "emit" prefix is deprecated.
    Approval(tokenHolder, _spender, allowances.allowanceOf(tokenHolder, _spender));
    ^----------------------------------------------------------------------------^
contracts/Ownable.sol:1339:5: Warning: Invoking events without "emit" prefix is deprecated.
    Approval(tokenHolder, _spender, allowances.allowanceOf(tokenHolder, _spender));
    ^----------------------------------------------------------------------------^
contracts/Ownable.sol:1369:9: Warning: Invoking events without "emit" prefix is deprecated.
        DelegatedTo(delegate);
        ^-------------------^
contracts/Ownable.sol:1775:9: Warning: Invoking events without "emit" prefix is deprecated.
        Mint(_to, _amount);
        ^----------------^
contracts/Ownable.sol:1777:9: Warning: Invoking events without "emit" prefix is deprecated.
        Transfer(address(0), _to, _amount);
        ^--------------------------------^
contracts/Ownable.sol:1805:9: Warning: Invoking events without "emit" prefix is deprecated.
        ChangeBurnBoundsEvent(newMin, newMax);
        ^-----------------------------------^
contracts/Ownable.sol:1839:9: Warning: Invoking events without "emit" prefix is deprecated.
        WipedAccount(account, oldValue);
        ^-----------------------------^
contracts/Ownable.sol:501:3: Warning: Function state mutability can be restricted to pure
  function tokenFallback(address from_, uint256 value_, bytes data_) external {
  ^ (Relevant source part starts here and spans across multiple lines).
contracts/PausableToken.sol:133:3: Warning: Defining constructors as functions with the same name as the contract is deprecated. Use "constructor(...) { ... }" instead.
  function Ownable() public {
  ^ (Relevant source part starts here and spans across multiple lines).
contracts/PausableToken.sol:355:5: Warning: Defining constructors as functions with the same name as the contract is deprecated. Use "constructor(...) { ... }" instead.
    function AddressList(string _name, bool nullValue) public {
    ^ (Relevant source part starts here and spans across multiple lines).
contracts/PausableToken.sol:391:5: Warning: Defining constructors as functions with the same name as the contract is deprecated. Use "constructor(...) { ... }" instead.
    function NamableAddressList(string _name, bool nullValue)
    ^ (Relevant source part starts here and spans across multiple lines).
contracts/PausableToken.sol:449:3: Warning: Defining constructors as functions with the same name as the contract is deprecated. Use "constructor(...) { ... }" instead.
  function HasNoEther() public payable {
  ^ (Relevant source part starts here and spans across multiple lines).
contracts/PausableToken.sol:1707:5: Warning: Defining constructors as functions with the same name as the contract is deprecated. Use "constructor(...) { ... }" instead.
    function TrueUSD() public {
    ^ (Relevant source part starts here and spans across multiple lines).
contracts/PausableToken.sol:169:5: Warning: Invoking events without "emit" prefix is deprecated.
    OwnershipTransferred(owner, newOwner);
    ^-----------------------------------^
contracts/PausableToken.sol:237:5: Warning: Invoking events without "emit" prefix is deprecated.
    Pause();
    ^-----^
contracts/PausableToken.sol:253:5: Warning: Invoking events without "emit" prefix is deprecated.
    Unpause();
    ^-------^
contracts/PausableToken.sol:335:5: Warning: Invoking events without "emit" prefix is deprecated.
    OwnershipTransferred(owner, pendingOwner);
    ^---------------------------------------^
contracts/PausableToken.sol:379:13: Warning: Invoking events without "emit" prefix is deprecated.
            ChangeWhiteList(_to, _onList);
            ^---------------------------^
contracts/PausableToken.sol:477:23: Warning: Using contract member "balance" inherited from the address type is deprecated. Convert the contract to "address" type to access the member, for example use "address(contract).balance" instead.
    assert(owner.send(this.balance));
                      ^----------^
contracts/PausableToken.sol:617:9: Warning: Invoking events without "emit" prefix is deprecated.
        MintOperationEvent(_to, _amount, deferBlock, mintOperations.length);
        ^-----------------------------------------------------------------^
contracts/PausableToken.sol:655:9: Warning: Invoking events without "emit" prefix is deprecated.
        TransferChildEvent(_child, _newOwner);
        ^-----------------------------------^
contracts/PausableToken.sol:671:9: Warning: Invoking events without "emit" prefix is deprecated.
        ReclaimEvent(other);
        ^-----------------^
contracts/PausableToken.sol:685:9: Warning: Invoking events without "emit" prefix is deprecated.
        ChangeBurnBoundsEvent(newMin, newMax);
        ^-----------------------------------^
contracts/PausableToken.sol:711:9: Warning: Invoking events without "emit" prefix is deprecated.
        ChangeStakingFeesEvent(_transferFeeNumerator,
        ^ (Relevant source part starts here and spans across multiple lines).
contracts/PausableToken.sol:751:9: Warning: Invoking events without "emit" prefix is deprecated.
        ChangeStakerEvent(newStaker);
        ^--------------------------^
contracts/PausableToken.sol:763:9: Warning: Invoking events without "emit" prefix is deprecated.
        DelegateEvent(delegate);
        ^---------------------^
contracts/PausableToken.sol:775:9: Warning: Invoking events without "emit" prefix is deprecated.
        SetDelegatedFromEvent(_source);
        ^----------------------------^
contracts/PausableToken.sol:789:9: Warning: Invoking events without "emit" prefix is deprecated.
        ChangeTrueUSDEvent(newContract);
        ^-----------------------------^
contracts/PausableToken.sol:801:9: Warning: Invoking events without "emit" prefix is deprecated.
        ChangeNameEvent(name, symbol);
        ^---------------------------^
contracts/PausableToken.sol:813:9: Warning: Invoking events without "emit" prefix is deprecated.
        AdminshipTransferred(admin, newAdmin);
        ^-----------------------------------^
contracts/PausableToken.sol:1031:5: Warning: Invoking events without "emit" prefix is deprecated.
    Transfer(_from, _to, _value);
    ^--------------------------^
contracts/PausableToken.sol:1089:5: Warning: Invoking events without "emit" prefix is deprecated.
    Burn(burner, _value);
    ^------------------^
contracts/PausableToken.sol:1091:5: Warning: Invoking events without "emit" prefix is deprecated.
    Transfer(burner, address(0), _value);
    ^----------------------------------^
contracts/PausableToken.sol:1229:5: Warning: Invoking events without "emit" prefix is deprecated.
    Approval(_tokenHolder, _spender, _value);
    ^--------------------------------------^
contracts/PausableToken.sol:1289:5: Warning: Invoking events without "emit" prefix is deprecated.
    Approval(tokenHolder, _spender, allowances.allowanceOf(tokenHolder, _spender));
    ^----------------------------------------------------------------------------^
contracts/PausableToken.sol:1339:5: Warning: Invoking events without "emit" prefix is deprecated.
    Approval(tokenHolder, _spender, allowances.allowanceOf(tokenHolder, _spender));
    ^----------------------------------------------------------------------------^
contracts/PausableToken.sol:1369:9: Warning: Invoking events without "emit" prefix is deprecated.
        DelegatedTo(delegate);
        ^-------------------^
contracts/PausableToken.sol:1775:9: Warning: Invoking events without "emit" prefix is deprecated.
        Mint(_to, _amount);
        ^----------------^
contracts/PausableToken.sol:1777:9: Warning: Invoking events without "emit" prefix is deprecated.
        Transfer(address(0), _to, _amount);
        ^--------------------------------^
contracts/PausableToken.sol:1805:9: Warning: Invoking events without "emit" prefix is deprecated.
        ChangeBurnBoundsEvent(newMin, newMax);
        ^-----------------------------------^
contracts/PausableToken.sol:1839:9: Warning: Invoking events without "emit" prefix is deprecated.
        WipedAccount(account, oldValue);
        ^-----------------------------^
contracts/PausableToken.sol:501:3: Warning: Function state mutability can be restricted to pure
  function tokenFallback(address from_, uint256 value_, bytes data_) external {
  ^ (Relevant source part starts here and spans across multiple lines).
contracts/SafeERC20.sol:133:3: Warning: Defining constructors as functions with the same name as the contract is deprecated. Use "constructor(...) { ... }" instead.
  function Ownable() public {
  ^ (Relevant source part starts here and spans across multiple lines).
contracts/SafeERC20.sol:355:5: Warning: Defining constructors as functions with the same name as the contract is deprecated. Use "constructor(...) { ... }" instead.
    function AddressList(string _name, bool nullValue) public {
    ^ (Relevant source part starts here and spans across multiple lines).
contracts/SafeERC20.sol:391:5: Warning: Defining constructors as functions with the same name as the contract is deprecated. Use "constructor(...) { ... }" instead.
    function NamableAddressList(string _name, bool nullValue)
    ^ (Relevant source part starts here and spans across multiple lines).
contracts/SafeERC20.sol:449:3: Warning: Defining constructors as functions with the same name as the contract is deprecated. Use "constructor(...) { ... }" instead.
  function HasNoEther() public payable {
  ^ (Relevant source part starts here and spans across multiple lines).
contracts/SafeERC20.sol:1707:5: Warning: Defining constructors as functions with the same name as the contract is deprecated. Use "constructor(...) { ... }" instead.
    function TrueUSD() public {
    ^ (Relevant source part starts here and spans across multiple lines).
contracts/SafeERC20.sol:169:5: Warning: Invoking events without "emit" prefix is deprecated.
    OwnershipTransferred(owner, newOwner);
    ^-----------------------------------^
contracts/SafeERC20.sol:237:5: Warning: Invoking events without "emit" prefix is deprecated.
    Pause();
    ^-----^
contracts/SafeERC20.sol:253:5: Warning: Invoking events without "emit" prefix is deprecated.
    Unpause();
    ^-------^
contracts/SafeERC20.sol:335:5: Warning: Invoking events without "emit" prefix is deprecated.
    OwnershipTransferred(owner, pendingOwner);
    ^---------------------------------------^
contracts/SafeERC20.sol:379:13: Warning: Invoking events without "emit" prefix is deprecated.
            ChangeWhiteList(_to, _onList);
            ^---------------------------^
contracts/SafeERC20.sol:477:23: Warning: Using contract member "balance" inherited from the address type is deprecated. Convert the contract to "address" type to access the member, for example use "address(contract).balance" instead.
    assert(owner.send(this.balance));
                      ^----------^
contracts/SafeERC20.sol:617:9: Warning: Invoking events without "emit" prefix is deprecated.
        MintOperationEvent(_to, _amount, deferBlock, mintOperations.length);
        ^-----------------------------------------------------------------^
contracts/SafeERC20.sol:655:9: Warning: Invoking events without "emit" prefix is deprecated.
        TransferChildEvent(_child, _newOwner);
        ^-----------------------------------^
contracts/SafeERC20.sol:671:9: Warning: Invoking events without "emit" prefix is deprecated.
        ReclaimEvent(other);
        ^-----------------^
contracts/SafeERC20.sol:685:9: Warning: Invoking events without "emit" prefix is deprecated.
        ChangeBurnBoundsEvent(newMin, newMax);
        ^-----------------------------------^
contracts/SafeERC20.sol:711:9: Warning: Invoking events without "emit" prefix is deprecated.
        ChangeStakingFeesEvent(_transferFeeNumerator,
        ^ (Relevant source part starts here and spans across multiple lines).
contracts/SafeERC20.sol:751:9: Warning: Invoking events without "emit" prefix is deprecated.
        ChangeStakerEvent(newStaker);
        ^--------------------------^
contracts/SafeERC20.sol:763:9: Warning: Invoking events without "emit" prefix is deprecated.
        DelegateEvent(delegate);
        ^---------------------^
contracts/SafeERC20.sol:775:9: Warning: Invoking events without "emit" prefix is deprecated.
        SetDelegatedFromEvent(_source);
        ^----------------------------^
contracts/SafeERC20.sol:789:9: Warning: Invoking events without "emit" prefix is deprecated.
        ChangeTrueUSDEvent(newContract);
        ^-----------------------------^
contracts/SafeERC20.sol:801:9: Warning: Invoking events without "emit" prefix is deprecated.
        ChangeNameEvent(name, symbol);
        ^---------------------------^
contracts/SafeERC20.sol:813:9: Warning: Invoking events without "emit" prefix is deprecated.
        AdminshipTransferred(admin, newAdmin);
        ^-----------------------------------^
contracts/SafeERC20.sol:1031:5: Warning: Invoking events without "emit" prefix is deprecated.
    Transfer(_from, _to, _value);
    ^--------------------------^
contracts/SafeERC20.sol:1089:5: Warning: Invoking events without "emit" prefix is deprecated.
    Burn(burner, _value);
    ^------------------^
contracts/SafeERC20.sol:1091:5: Warning: Invoking events without "emit" prefix is deprecated.
    Transfer(burner, address(0), _value);
    ^----------------------------------^
contracts/SafeERC20.sol:1229:5: Warning: Invoking events without "emit" prefix is deprecated.
    Approval(_tokenHolder, _spender, _value);
    ^--------------------------------------^
contracts/SafeERC20.sol:1289:5: Warning: Invoking events without "emit" prefix is deprecated.
    Approval(tokenHolder, _spender, allowances.allowanceOf(tokenHolder, _spender));
    ^----------------------------------------------------------------------------^
contracts/SafeERC20.sol:1339:5: Warning: Invoking events without "emit" prefix is deprecated.
    Approval(tokenHolder, _spender, allowances.allowanceOf(tokenHolder, _spender));
    ^----------------------------------------------------------------------------^
contracts/SafeERC20.sol:1369:9: Warning: Invoking events without "emit" prefix is deprecated.
        DelegatedTo(delegate);
        ^-------------------^
contracts/SafeERC20.sol:1775:9: Warning: Invoking events without "emit" prefix is deprecated.
        Mint(_to, _amount);
        ^----------------^
contracts/SafeERC20.sol:1777:9: Warning: Invoking events without "emit" prefix is deprecated.
        Transfer(address(0), _to, _amount);
        ^--------------------------------^
contracts/SafeERC20.sol:1805:9: Warning: Invoking events without "emit" prefix is deprecated.
        ChangeBurnBoundsEvent(newMin, newMax);
        ^-----------------------------------^
contracts/SafeERC20.sol:1839:9: Warning: Invoking events without "emit" prefix is deprecated.
        WipedAccount(account, oldValue);
        ^-----------------------------^
contracts/SafeERC20.sol:501:3: Warning: Function state mutability can be restricted to pure
  function tokenFallback(address from_, uint256 value_, bytes data_) external {
  ^ (Relevant source part starts here and spans across multiple lines).
contracts/StandardDelegate.sol:133:3: Warning: Defining constructors as functions with the same name as the contract is deprecated. Use "constructor(...) { ... }" instead.
  function Ownable() public {
  ^ (Relevant source part starts here and spans across multiple lines).
contracts/StandardDelegate.sol:355:5: Warning: Defining constructors as functions with the same name as the contract is deprecated. Use "constructor(...) { ... }" instead.
    function AddressList(string _name, bool nullValue) public {
    ^ (Relevant source part starts here and spans across multiple lines).
contracts/StandardDelegate.sol:391:5: Warning: Defining constructors as functions with the same name as the contract is deprecated. Use "constructor(...) { ... }" instead.
    function NamableAddressList(string _name, bool nullValue)
    ^ (Relevant source part starts here and spans across multiple lines).
contracts/StandardDelegate.sol:449:3: Warning: Defining constructors as functions with the same name as the contract is deprecated. Use "constructor(...) { ... }" instead.
  function HasNoEther() public payable {
  ^ (Relevant source part starts here and spans across multiple lines).
contracts/StandardDelegate.sol:1707:5: Warning: Defining constructors as functions with the same name as the contract is deprecated. Use "constructor(...) { ... }" instead.
    function TrueUSD() public {
    ^ (Relevant source part starts here and spans across multiple lines).
contracts/StandardDelegate.sol:169:5: Warning: Invoking events without "emit" prefix is deprecated.
    OwnershipTransferred(owner, newOwner);
    ^-----------------------------------^
contracts/StandardDelegate.sol:237:5: Warning: Invoking events without "emit" prefix is deprecated.
    Pause();
    ^-----^
contracts/StandardDelegate.sol:253:5: Warning: Invoking events without "emit" prefix is deprecated.
    Unpause();
    ^-------^
contracts/StandardDelegate.sol:335:5: Warning: Invoking events without "emit" prefix is deprecated.
    OwnershipTransferred(owner, pendingOwner);
    ^---------------------------------------^
contracts/StandardDelegate.sol:379:13: Warning: Invoking events without "emit" prefix is deprecated.
            ChangeWhiteList(_to, _onList);
            ^---------------------------^
contracts/StandardDelegate.sol:477:23: Warning: Using contract member "balance" inherited from the address type is deprecated. Convert the contract to "address" type to access the member, for example use "address(contract).balance" instead.
    assert(owner.send(this.balance));
                      ^----------^
contracts/StandardDelegate.sol:617:9: Warning: Invoking events without "emit" prefix is deprecated.
        MintOperationEvent(_to, _amount, deferBlock, mintOperations.length);
        ^-----------------------------------------------------------------^
contracts/StandardDelegate.sol:655:9: Warning: Invoking events without "emit" prefix is deprecated.
        TransferChildEvent(_child, _newOwner);
        ^-----------------------------------^
contracts/StandardDelegate.sol:671:9: Warning: Invoking events without "emit" prefix is deprecated.
        ReclaimEvent(other);
        ^-----------------^
contracts/StandardDelegate.sol:685:9: Warning: Invoking events without "emit" prefix is deprecated.
        ChangeBurnBoundsEvent(newMin, newMax);
        ^-----------------------------------^
contracts/StandardDelegate.sol:711:9: Warning: Invoking events without "emit" prefix is deprecated.
        ChangeStakingFeesEvent(_transferFeeNumerator,
        ^ (Relevant source part starts here and spans across multiple lines).
contracts/StandardDelegate.sol:751:9: Warning: Invoking events without "emit" prefix is deprecated.
        ChangeStakerEvent(newStaker);
        ^--------------------------^
contracts/StandardDelegate.sol:763:9: Warning: Invoking events without "emit" prefix is deprecated.
        DelegateEvent(delegate);
        ^---------------------^
contracts/StandardDelegate.sol:775:9: Warning: Invoking events without "emit" prefix is deprecated.
        SetDelegatedFromEvent(_source);
        ^----------------------------^
contracts/StandardDelegate.sol:789:9: Warning: Invoking events without "emit" prefix is deprecated.
        ChangeTrueUSDEvent(newContract);
        ^-----------------------------^
contracts/StandardDelegate.sol:801:9: Warning: Invoking events without "emit" prefix is deprecated.
        ChangeNameEvent(name, symbol);
        ^---------------------------^
contracts/StandardDelegate.sol:813:9: Warning: Invoking events without "emit" prefix is deprecated.
        AdminshipTransferred(admin, newAdmin);
        ^-----------------------------------^
contracts/StandardDelegate.sol:1031:5: Warning: Invoking events without "emit" prefix is deprecated.
    Transfer(_from, _to, _value);
    ^--------------------------^
contracts/StandardDelegate.sol:1089:5: Warning: Invoking events without "emit" prefix is deprecated.
    Burn(burner, _value);
    ^------------------^
contracts/StandardDelegate.sol:1091:5: Warning: Invoking events without "emit" prefix is deprecated.
    Transfer(burner, address(0), _value);
    ^----------------------------------^
contracts/StandardDelegate.sol:1229:5: Warning: Invoking events without "emit" prefix is deprecated.
    Approval(_tokenHolder, _spender, _value);
    ^--------------------------------------^
contracts/StandardDelegate.sol:1289:5: Warning: Invoking events without "emit" prefix is deprecated.
    Approval(tokenHolder, _spender, allowances.allowanceOf(tokenHolder, _spender));
    ^----------------------------------------------------------------------------^
contracts/StandardDelegate.sol:1339:5: Warning: Invoking events without "emit" prefix is deprecated.
    Approval(tokenHolder, _spender, allowances.allowanceOf(tokenHolder, _spender));
    ^----------------------------------------------------------------------------^
contracts/StandardDelegate.sol:1369:9: Warning: Invoking events without "emit" prefix is deprecated.
        DelegatedTo(delegate);
        ^-------------------^
contracts/StandardDelegate.sol:1775:9: Warning: Invoking events without "emit" prefix is deprecated.
        Mint(_to, _amount);
        ^----------------^
contracts/StandardDelegate.sol:1777:9: Warning: Invoking events without "emit" prefix is deprecated.
        Transfer(address(0), _to, _amount);
        ^--------------------------------^
contracts/StandardDelegate.sol:1805:9: Warning: Invoking events without "emit" prefix is deprecated.
        ChangeBurnBoundsEvent(newMin, newMax);
        ^-----------------------------------^
contracts/StandardDelegate.sol:1839:9: Warning: Invoking events without "emit" prefix is deprecated.
        WipedAccount(account, oldValue);
        ^-----------------------------^
contracts/StandardDelegate.sol:501:3: Warning: Function state mutability can be restricted to pure
  function tokenFallback(address from_, uint256 value_, bytes data_) external {
  ^ (Relevant source part starts here and spans across multiple lines).
contracts/SafeMath.sol:133:3: Warning: Defining constructors as functions with the same name as the contract is deprecated. Use "constructor(...) { ... }" instead.
  function Ownable() public {
  ^ (Relevant source part starts here and spans across multiple lines).
contracts/SafeMath.sol:355:5: Warning: Defining constructors as functions with the same name as the contract is deprecated. Use "constructor(...) { ... }" instead.
    function AddressList(string _name, bool nullValue) public {
    ^ (Relevant source part starts here and spans across multiple lines).
contracts/SafeMath.sol:391:5: Warning: Defining constructors as functions with the same name as the contract is deprecated. Use "constructor(...) { ... }" instead.
    function NamableAddressList(string _name, bool nullValue)
    ^ (Relevant source part starts here and spans across multiple lines).
contracts/SafeMath.sol:449:3: Warning: Defining constructors as functions with the same name as the contract is deprecated. Use "constructor(...) { ... }" instead.
  function HasNoEther() public payable {
  ^ (Relevant source part starts here and spans across multiple lines).
contracts/SafeMath.sol:1707:5: Warning: Defining constructors as functions with the same name as the contract is deprecated. Use "constructor(...) { ... }" instead.
    function TrueUSD() public {
    ^ (Relevant source part starts here and spans across multiple lines).
contracts/SafeMath.sol:169:5: Warning: Invoking events without "emit" prefix is deprecated.
    OwnershipTransferred(owner, newOwner);
    ^-----------------------------------^
contracts/SafeMath.sol:237:5: Warning: Invoking events without "emit" prefix is deprecated.
    Pause();
    ^-----^
contracts/SafeMath.sol:253:5: Warning: Invoking events without "emit" prefix is deprecated.
    Unpause();
    ^-------^
contracts/SafeMath.sol:335:5: Warning: Invoking events without "emit" prefix is deprecated.
    OwnershipTransferred(owner, pendingOwner);
    ^---------------------------------------^
contracts/SafeMath.sol:379:13: Warning: Invoking events without "emit" prefix is deprecated.
            ChangeWhiteList(_to, _onList);
            ^---------------------------^
contracts/SafeMath.sol:477:23: Warning: Using contract member "balance" inherited from the address type is deprecated. Convert the contract to "address" type to access the member, for example use "address(contract).balance" instead.
    assert(owner.send(this.balance));
                      ^----------^
contracts/SafeMath.sol:617:9: Warning: Invoking events without "emit" prefix is deprecated.
        MintOperationEvent(_to, _amount, deferBlock, mintOperations.length);
        ^-----------------------------------------------------------------^
contracts/SafeMath.sol:655:9: Warning: Invoking events without "emit" prefix is deprecated.
        TransferChildEvent(_child, _newOwner);
        ^-----------------------------------^
contracts/SafeMath.sol:671:9: Warning: Invoking events without "emit" prefix is deprecated.
        ReclaimEvent(other);
        ^-----------------^
contracts/SafeMath.sol:685:9: Warning: Invoking events without "emit" prefix is deprecated.
        ChangeBurnBoundsEvent(newMin, newMax);
        ^-----------------------------------^
contracts/SafeMath.sol:711:9: Warning: Invoking events without "emit" prefix is deprecated.
        ChangeStakingFeesEvent(_transferFeeNumerator,
        ^ (Relevant source part starts here and spans across multiple lines).
contracts/SafeMath.sol:751:9: Warning: Invoking events without "emit" prefix is deprecated.
        ChangeStakerEvent(newStaker);
        ^--------------------------^
contracts/SafeMath.sol:763:9: Warning: Invoking events without "emit" prefix is deprecated.
        DelegateEvent(delegate);
        ^---------------------^
contracts/SafeMath.sol:775:9: Warning: Invoking events without "emit" prefix is deprecated.
        SetDelegatedFromEvent(_source);
        ^----------------------------^
contracts/SafeMath.sol:789:9: Warning: Invoking events without "emit" prefix is deprecated.
        ChangeTrueUSDEvent(newContract);
        ^-----------------------------^
contracts/SafeMath.sol:801:9: Warning: Invoking events without "emit" prefix is deprecated.
        ChangeNameEvent(name, symbol);
        ^---------------------------^
contracts/SafeMath.sol:813:9: Warning: Invoking events without "emit" prefix is deprecated.
        AdminshipTransferred(admin, newAdmin);
        ^-----------------------------------^
contracts/SafeMath.sol:1031:5: Warning: Invoking events without "emit" prefix is deprecated.
    Transfer(_from, _to, _value);
    ^--------------------------^
contracts/SafeMath.sol:1089:5: Warning: Invoking events without "emit" prefix is deprecated.
    Burn(burner, _value);
    ^------------------^
contracts/SafeMath.sol:1091:5: Warning: Invoking events without "emit" prefix is deprecated.
    Transfer(burner, address(0), _value);
    ^----------------------------------^
contracts/SafeMath.sol:1229:5: Warning: Invoking events without "emit" prefix is deprecated.
    Approval(_tokenHolder, _spender, _value);
    ^--------------------------------------^
contracts/SafeMath.sol:1289:5: Warning: Invoking events without "emit" prefix is deprecated.
    Approval(tokenHolder, _spender, allowances.allowanceOf(tokenHolder, _spender));
    ^----------------------------------------------------------------------------^
contracts/SafeMath.sol:1339:5: Warning: Invoking events without "emit" prefix is deprecated.
    Approval(tokenHolder, _spender, allowances.allowanceOf(tokenHolder, _spender));
    ^----------------------------------------------------------------------------^
contracts/SafeMath.sol:1369:9: Warning: Invoking events without "emit" prefix is deprecated.
        DelegatedTo(delegate);
        ^-------------------^
contracts/SafeMath.sol:1775:9: Warning: Invoking events without "emit" prefix is deprecated.
        Mint(_to, _amount);
        ^----------------^
contracts/SafeMath.sol:1777:9: Warning: Invoking events without "emit" prefix is deprecated.
        Transfer(address(0), _to, _amount);
        ^--------------------------------^
contracts/SafeMath.sol:1805:9: Warning: Invoking events without "emit" prefix is deprecated.
        ChangeBurnBoundsEvent(newMin, newMax);
        ^-----------------------------------^
contracts/SafeMath.sol:1839:9: Warning: Invoking events without "emit" prefix is deprecated.
        WipedAccount(account, oldValue);
        ^-----------------------------^
contracts/SafeMath.sol:501:3: Warning: Function state mutability can be restricted to pure
  function tokenFallback(address from_, uint256 value_, bytes data_) external {
  ^ (Relevant source part starts here and spans across multiple lines).
contracts/CanReclaimToken.sol:133:3: Warning: Defining constructors as functions with the same name as the contract is deprecated. Use "constructor(...) { ... }" instead.
  function Ownable() public {
  ^ (Relevant source part starts here and spans across multiple lines).
contracts/CanReclaimToken.sol:355:5: Warning: Defining constructors as functions with the same name as the contract is deprecated. Use "constructor(...) { ... }" instead.
    function AddressList(string _name, bool nullValue) public {
    ^ (Relevant source part starts here and spans across multiple lines).
contracts/CanReclaimToken.sol:391:5: Warning: Defining constructors as functions with the same name as the contract is deprecated. Use "constructor(...) { ... }" instead.
    function NamableAddressList(string _name, bool nullValue)
    ^ (Relevant source part starts here and spans across multiple lines).
contracts/CanReclaimToken.sol:449:3: Warning: Defining constructors as functions with the same name as the contract is deprecated. Use "constructor(...) { ... }" instead.
  function HasNoEther() public payable {
  ^ (Relevant source part starts here and spans across multiple lines).
contracts/CanReclaimToken.sol:1707:5: Warning: Defining constructors as functions with the same name as the contract is deprecated. Use "constructor(...) { ... }" instead.
    function TrueUSD() public {
    ^ (Relevant source part starts here and spans across multiple lines).
contracts/CanReclaimToken.sol:169:5: Warning: Invoking events without "emit" prefix is deprecated.
    OwnershipTransferred(owner, newOwner);
    ^-----------------------------------^
contracts/CanReclaimToken.sol:237:5: Warning: Invoking events without "emit" prefix is deprecated.
    Pause();
    ^-----^
contracts/CanReclaimToken.sol:253:5: Warning: Invoking events without "emit" prefix is deprecated.
    Unpause();
    ^-------^
contracts/CanReclaimToken.sol:335:5: Warning: Invoking events without "emit" prefix is deprecated.
    OwnershipTransferred(owner, pendingOwner);
    ^---------------------------------------^
contracts/CanReclaimToken.sol:379:13: Warning: Invoking events without "emit" prefix is deprecated.
            ChangeWhiteList(_to, _onList);
            ^---------------------------^
contracts/CanReclaimToken.sol:477:23: Warning: Using contract member "balance" inherited from the address type is deprecated. Convert the contract to "address" type to access the member, for example use "address(contract).balance" instead.
    assert(owner.send(this.balance));
                      ^----------^
contracts/CanReclaimToken.sol:617:9: Warning: Invoking events without "emit" prefix is deprecated.
        MintOperationEvent(_to, _amount, deferBlock, mintOperations.length);
        ^-----------------------------------------------------------------^
contracts/CanReclaimToken.sol:655:9: Warning: Invoking events without "emit" prefix is deprecated.
        TransferChildEvent(_child, _newOwner);
        ^-----------------------------------^
contracts/CanReclaimToken.sol:671:9: Warning: Invoking events without "emit" prefix is deprecated.
        ReclaimEvent(other);
        ^-----------------^
contracts/CanReclaimToken.sol:685:9: Warning: Invoking events without "emit" prefix is deprecated.
        ChangeBurnBoundsEvent(newMin, newMax);
        ^-----------------------------------^
contracts/CanReclaimToken.sol:711:9: Warning: Invoking events without "emit" prefix is deprecated.
        ChangeStakingFeesEvent(_transferFeeNumerator,
        ^ (Relevant source part starts here and spans across multiple lines).
contracts/CanReclaimToken.sol:751:9: Warning: Invoking events without "emit" prefix is deprecated.
        ChangeStakerEvent(newStaker);
        ^--------------------------^
contracts/CanReclaimToken.sol:763:9: Warning: Invoking events without "emit" prefix is deprecated.
        DelegateEvent(delegate);
        ^---------------------^
contracts/CanReclaimToken.sol:775:9: Warning: Invoking events without "emit" prefix is deprecated.
        SetDelegatedFromEvent(_source);
        ^----------------------------^
contracts/CanReclaimToken.sol:789:9: Warning: Invoking events without "emit" prefix is deprecated.
        ChangeTrueUSDEvent(newContract);
        ^-----------------------------^
contracts/CanReclaimToken.sol:801:9: Warning: Invoking events without "emit" prefix is deprecated.
        ChangeNameEvent(name, symbol);
        ^---------------------------^
contracts/CanReclaimToken.sol:813:9: Warning: Invoking events without "emit" prefix is deprecated.
        AdminshipTransferred(admin, newAdmin);
        ^-----------------------------------^
contracts/CanReclaimToken.sol:1031:5: Warning: Invoking events without "emit" prefix is deprecated.
    Transfer(_from, _to, _value);
    ^--------------------------^
contracts/CanReclaimToken.sol:1089:5: Warning: Invoking events without "emit" prefix is deprecated.
    Burn(burner, _value);
    ^------------------^
contracts/CanReclaimToken.sol:1091:5: Warning: Invoking events without "emit" prefix is deprecated.
    Transfer(burner, address(0), _value);
    ^----------------------------------^
contracts/CanReclaimToken.sol:1229:5: Warning: Invoking events without "emit" prefix is deprecated.
    Approval(_tokenHolder, _spender, _value);
    ^--------------------------------------^
contracts/CanReclaimToken.sol:1289:5: Warning: Invoking events without "emit" prefix is deprecated.
    Approval(tokenHolder, _spender, allowances.allowanceOf(tokenHolder, _spender));
    ^----------------------------------------------------------------------------^
contracts/CanReclaimToken.sol:1339:5: Warning: Invoking events without "emit" prefix is deprecated.
    Approval(tokenHolder, _spender, allowances.allowanceOf(tokenHolder, _spender));
    ^----------------------------------------------------------------------------^
contracts/CanReclaimToken.sol:1369:9: Warning: Invoking events without "emit" prefix is deprecated.
        DelegatedTo(delegate);
        ^-------------------^
contracts/CanReclaimToken.sol:1775:9: Warning: Invoking events without "emit" prefix is deprecated.
        Mint(_to, _amount);
        ^----------------^
contracts/CanReclaimToken.sol:1777:9: Warning: Invoking events without "emit" prefix is deprecated.
        Transfer(address(0), _to, _amount);
        ^--------------------------------^
contracts/CanReclaimToken.sol:1805:9: Warning: Invoking events without "emit" prefix is deprecated.
        ChangeBurnBoundsEvent(newMin, newMax);
        ^-----------------------------------^
contracts/CanReclaimToken.sol:1839:9: Warning: Invoking events without "emit" prefix is deprecated.
        WipedAccount(account, oldValue);
        ^-----------------------------^
contracts/CanReclaimToken.sol:501:3: Warning: Function state mutability can be restricted to pure
  function tokenFallback(address from_, uint256 value_, bytes data_) external {
  ^ (Relevant source part starts here and spans across multiple lines).
contracts/NoOwner.sol:133:3: Warning: Defining constructors as functions with the same name as the contract is deprecated. Use "constructor(...) { ... }" instead.
  function Ownable() public {
  ^ (Relevant source part starts here and spans across multiple lines).
contracts/NoOwner.sol:355:5: Warning: Defining constructors as functions with the same name as the contract is deprecated. Use "constructor(...) { ... }" instead.
    function AddressList(string _name, bool nullValue) public {
    ^ (Relevant source part starts here and spans across multiple lines).
contracts/NoOwner.sol:391:5: Warning: Defining constructors as functions with the same name as the contract is deprecated. Use "constructor(...) { ... }" instead.
    function NamableAddressList(string _name, bool nullValue)
    ^ (Relevant source part starts here and spans across multiple lines).
contracts/NoOwner.sol:449:3: Warning: Defining constructors as functions with the same name as the contract is deprecated. Use "constructor(...) { ... }" instead.
  function HasNoEther() public payable {
  ^ (Relevant source part starts here and spans across multiple lines).
contracts/NoOwner.sol:1707:5: Warning: Defining constructors as functions with the same name as the contract is deprecated. Use "constructor(...) { ... }" instead.
    function TrueUSD() public {
    ^ (Relevant source part starts here and spans across multiple lines).
contracts/NoOwner.sol:169:5: Warning: Invoking events without "emit" prefix is deprecated.
    OwnershipTransferred(owner, newOwner);
    ^-----------------------------------^
contracts/NoOwner.sol:237:5: Warning: Invoking events without "emit" prefix is deprecated.
    Pause();
    ^-----^
contracts/NoOwner.sol:253:5: Warning: Invoking events without "emit" prefix is deprecated.
    Unpause();
    ^-------^
contracts/NoOwner.sol:335:5: Warning: Invoking events without "emit" prefix is deprecated.
    OwnershipTransferred(owner, pendingOwner);
    ^---------------------------------------^
contracts/NoOwner.sol:379:13: Warning: Invoking events without "emit" prefix is deprecated.
            ChangeWhiteList(_to, _onList);
            ^---------------------------^
contracts/NoOwner.sol:477:23: Warning: Using contract member "balance" inherited from the address type is deprecated. Convert the contract to "address" type to access the member, for example use "address(contract).balance" instead.
    assert(owner.send(this.balance));
                      ^----------^
contracts/NoOwner.sol:617:9: Warning: Invoking events without "emit" prefix is deprecated.
        MintOperationEvent(_to, _amount, deferBlock, mintOperations.length);
        ^-----------------------------------------------------------------^
contracts/NoOwner.sol:655:9: Warning: Invoking events without "emit" prefix is deprecated.
        TransferChildEvent(_child, _newOwner);
        ^-----------------------------------^
contracts/NoOwner.sol:671:9: Warning: Invoking events without "emit" prefix is deprecated.
        ReclaimEvent(other);
        ^-----------------^
contracts/NoOwner.sol:685:9: Warning: Invoking events without "emit" prefix is deprecated.
        ChangeBurnBoundsEvent(newMin, newMax);
        ^-----------------------------------^
contracts/NoOwner.sol:711:9: Warning: Invoking events without "emit" prefix is deprecated.
        ChangeStakingFeesEvent(_transferFeeNumerator,
        ^ (Relevant source part starts here and spans across multiple lines).
contracts/NoOwner.sol:751:9: Warning: Invoking events without "emit" prefix is deprecated.
        ChangeStakerEvent(newStaker);
        ^--------------------------^
contracts/NoOwner.sol:763:9: Warning: Invoking events without "emit" prefix is deprecated.
        DelegateEvent(delegate);
        ^---------------------^
contracts/NoOwner.sol:775:9: Warning: Invoking events without "emit" prefix is deprecated.
        SetDelegatedFromEvent(_source);
        ^----------------------------^
contracts/NoOwner.sol:789:9: Warning: Invoking events without "emit" prefix is deprecated.
        ChangeTrueUSDEvent(newContract);
        ^-----------------------------^
contracts/NoOwner.sol:801:9: Warning: Invoking events without "emit" prefix is deprecated.
        ChangeNameEvent(name, symbol);
        ^---------------------------^
contracts/NoOwner.sol:813:9: Warning: Invoking events without "emit" prefix is deprecated.
        AdminshipTransferred(admin, newAdmin);
        ^-----------------------------------^
contracts/NoOwner.sol:1031:5: Warning: Invoking events without "emit" prefix is deprecated.
    Transfer(_from, _to, _value);
    ^--------------------------^
contracts/NoOwner.sol:1089:5: Warning: Invoking events without "emit" prefix is deprecated.
    Burn(burner, _value);
    ^------------------^
contracts/NoOwner.sol:1091:5: Warning: Invoking events without "emit" prefix is deprecated.
    Transfer(burner, address(0), _value);
    ^----------------------------------^
contracts/NoOwner.sol:1229:5: Warning: Invoking events without "emit" prefix is deprecated.
    Approval(_tokenHolder, _spender, _value);
    ^--------------------------------------^
contracts/NoOwner.sol:1289:5: Warning: Invoking events without "emit" prefix is deprecated.
    Approval(tokenHolder, _spender, allowances.allowanceOf(tokenHolder, _spender));
    ^----------------------------------------------------------------------------^
contracts/NoOwner.sol:1339:5: Warning: Invoking events without "emit" prefix is deprecated.
    Approval(tokenHolder, _spender, allowances.allowanceOf(tokenHolder, _spender));
    ^----------------------------------------------------------------------------^
contracts/NoOwner.sol:1369:9: Warning: Invoking events without "emit" prefix is deprecated.
        DelegatedTo(delegate);
        ^-------------------^
contracts/NoOwner.sol:1775:9: Warning: Invoking events without "emit" prefix is deprecated.
        Mint(_to, _amount);
        ^----------------^
contracts/NoOwner.sol:1777:9: Warning: Invoking events without "emit" prefix is deprecated.
        Transfer(address(0), _to, _amount);
        ^--------------------------------^
contracts/NoOwner.sol:1805:9: Warning: Invoking events without "emit" prefix is deprecated.
        ChangeBurnBoundsEvent(newMin, newMax);
        ^-----------------------------------^
contracts/NoOwner.sol:1839:9: Warning: Invoking events without "emit" prefix is deprecated.
        WipedAccount(account, oldValue);
        ^-----------------------------^
contracts/NoOwner.sol:501:3: Warning: Function state mutability can be restricted to pure
  function tokenFallback(address from_, uint256 value_, bytes data_) external {
  ^ (Relevant source part starts here and spans across multiple lines).
contracts/TimeLockedController.sol:133:3: Warning: Defining constructors as functions with the same name as the contract is deprecated. Use "constructor(...) { ... }" instead.
  function Ownable() public {
  ^ (Relevant source part starts here and spans across multiple lines).
contracts/TimeLockedController.sol:355:5: Warning: Defining constructors as functions with the same name as the contract is deprecated. Use "constructor(...) { ... }" instead.
    function AddressList(string _name, bool nullValue) public {
    ^ (Relevant source part starts here and spans across multiple lines).
contracts/TimeLockedController.sol:391:5: Warning: Defining constructors as functions with the same name as the contract is deprecated. Use "constructor(...) { ... }" instead.
    function NamableAddressList(string _name, bool nullValue)
    ^ (Relevant source part starts here and spans across multiple lines).
contracts/TimeLockedController.sol:449:3: Warning: Defining constructors as functions with the same name as the contract is deprecated. Use "constructor(...) { ... }" instead.
  function HasNoEther() public payable {
  ^ (Relevant source part starts here and spans across multiple lines).
contracts/TimeLockedController.sol:1707:5: Warning: Defining constructors as functions with the same name as the contract is deprecated. Use "constructor(...) { ... }" instead.
    function TrueUSD() public {
    ^ (Relevant source part starts here and spans across multiple lines).
contracts/TimeLockedController.sol:169:5: Warning: Invoking events without "emit" prefix is deprecated.
    OwnershipTransferred(owner, newOwner);
    ^-----------------------------------^
contracts/TimeLockedController.sol:237:5: Warning: Invoking events without "emit" prefix is deprecated.
    Pause();
    ^-----^
contracts/TimeLockedController.sol:253:5: Warning: Invoking events without "emit" prefix is deprecated.
    Unpause();
    ^-------^
contracts/TimeLockedController.sol:335:5: Warning: Invoking events without "emit" prefix is deprecated.
    OwnershipTransferred(owner, pendingOwner);
    ^---------------------------------------^
contracts/TimeLockedController.sol:379:13: Warning: Invoking events without "emit" prefix is deprecated.
            ChangeWhiteList(_to, _onList);
            ^---------------------------^
contracts/TimeLockedController.sol:477:23: Warning: Using contract member "balance" inherited from the address type is deprecated. Convert the contract to "address" type to access the member, for example use "address(contract).balance" instead.
    assert(owner.send(this.balance));
                      ^----------^
contracts/TimeLockedController.sol:617:9: Warning: Invoking events without "emit" prefix is deprecated.
        MintOperationEvent(_to, _amount, deferBlock, mintOperations.length);
        ^-----------------------------------------------------------------^
contracts/TimeLockedController.sol:655:9: Warning: Invoking events without "emit" prefix is deprecated.
        TransferChildEvent(_child, _newOwner);
        ^-----------------------------------^
contracts/TimeLockedController.sol:671:9: Warning: Invoking events without "emit" prefix is deprecated.
        ReclaimEvent(other);
        ^-----------------^
contracts/TimeLockedController.sol:685:9: Warning: Invoking events without "emit" prefix is deprecated.
        ChangeBurnBoundsEvent(newMin, newMax);
        ^-----------------------------------^
contracts/TimeLockedController.sol:711:9: Warning: Invoking events without "emit" prefix is deprecated.
        ChangeStakingFeesEvent(_transferFeeNumerator,
        ^ (Relevant source part starts here and spans across multiple lines).
contracts/TimeLockedController.sol:751:9: Warning: Invoking events without "emit" prefix is deprecated.
        ChangeStakerEvent(newStaker);
        ^--------------------------^
contracts/TimeLockedController.sol:763:9: Warning: Invoking events without "emit" prefix is deprecated.
        DelegateEvent(delegate);
        ^---------------------^
contracts/TimeLockedController.sol:775:9: Warning: Invoking events without "emit" prefix is deprecated.
        SetDelegatedFromEvent(_source);
        ^----------------------------^
contracts/TimeLockedController.sol:789:9: Warning: Invoking events without "emit" prefix is deprecated.
        ChangeTrueUSDEvent(newContract);
        ^-----------------------------^
contracts/TimeLockedController.sol:801:9: Warning: Invoking events without "emit" prefix is deprecated.
        ChangeNameEvent(name, symbol);
        ^---------------------------^
contracts/TimeLockedController.sol:813:9: Warning: Invoking events without "emit" prefix is deprecated.
        AdminshipTransferred(admin, newAdmin);
        ^-----------------------------------^
contracts/TimeLockedController.sol:1031:5: Warning: Invoking events without "emit" prefix is deprecated.
    Transfer(_from, _to, _value);
    ^--------------------------^
contracts/TimeLockedController.sol:1089:5: Warning: Invoking events without "emit" prefix is deprecated.
    Burn(burner, _value);
    ^------------------^
contracts/TimeLockedController.sol:1091:5: Warning: Invoking events without "emit" prefix is deprecated.
    Transfer(burner, address(0), _value);
    ^----------------------------------^
contracts/TimeLockedController.sol:1229:5: Warning: Invoking events without "emit" prefix is deprecated.
    Approval(_tokenHolder, _spender, _value);
    ^--------------------------------------^
contracts/TimeLockedController.sol:1289:5: Warning: Invoking events without "emit" prefix is deprecated.
    Approval(tokenHolder, _spender, allowances.allowanceOf(tokenHolder, _spender));
    ^----------------------------------------------------------------------------^
contracts/TimeLockedController.sol:1339:5: Warning: Invoking events without "emit" prefix is deprecated.
    Approval(tokenHolder, _spender, allowances.allowanceOf(tokenHolder, _spender));
    ^----------------------------------------------------------------------------^
contracts/TimeLockedController.sol:1369:9: Warning: Invoking events without "emit" prefix is deprecated.
        DelegatedTo(delegate);
        ^-------------------^
contracts/TimeLockedController.sol:1775:9: Warning: Invoking events without "emit" prefix is deprecated.
        Mint(_to, _amount);
        ^----------------^
contracts/TimeLockedController.sol:1777:9: Warning: Invoking events without "emit" prefix is deprecated.
        Transfer(address(0), _to, _amount);
        ^--------------------------------^
contracts/TimeLockedController.sol:1805:9: Warning: Invoking events without "emit" prefix is deprecated.
        ChangeBurnBoundsEvent(newMin, newMax);
        ^-----------------------------------^
contracts/TimeLockedController.sol:1839:9: Warning: Invoking events without "emit" prefix is deprecated.
        WipedAccount(account, oldValue);
        ^-----------------------------^
contracts/TimeLockedController.sol:501:3: Warning: Function state mutability can be restricted to pure
  function tokenFallback(address from_, uint256 value_, bytes data_) external {
  ^ (Relevant source part starts here and spans across multiple lines).
contracts/Pausable.sol:133:3: Warning: Defining constructors as functions with the same name as the contract is deprecated. Use "constructor(...) { ... }" instead.
  function Ownable() public {
  ^ (Relevant source part starts here and spans across multiple lines).
contracts/Pausable.sol:355:5: Warning: Defining constructors as functions with the same name as the contract is deprecated. Use "constructor(...) { ... }" instead.
    function AddressList(string _name, bool nullValue) public {
    ^ (Relevant source part starts here and spans across multiple lines).
contracts/Pausable.sol:391:5: Warning: Defining constructors as functions with the same name as the contract is deprecated. Use "constructor(...) { ... }" instead.
    function NamableAddressList(string _name, bool nullValue)
    ^ (Relevant source part starts here and spans across multiple lines).
contracts/Pausable.sol:449:3: Warning: Defining constructors as functions with the same name as the contract is deprecated. Use "constructor(...) { ... }" instead.
  function HasNoEther() public payable {
  ^ (Relevant source part starts here and spans across multiple lines).
contracts/Pausable.sol:1707:5: Warning: Defining constructors as functions with the same name as the contract is deprecated. Use "constructor(...) { ... }" instead.
    function TrueUSD() public {
    ^ (Relevant source part starts here and spans across multiple lines).
contracts/Pausable.sol:169:5: Warning: Invoking events without "emit" prefix is deprecated.
    OwnershipTransferred(owner, newOwner);
    ^-----------------------------------^
contracts/Pausable.sol:237:5: Warning: Invoking events without "emit" prefix is deprecated.
    Pause();
    ^-----^
contracts/Pausable.sol:253:5: Warning: Invoking events without "emit" prefix is deprecated.
    Unpause();
    ^-------^
contracts/Pausable.sol:335:5: Warning: Invoking events without "emit" prefix is deprecated.
    OwnershipTransferred(owner, pendingOwner);
    ^---------------------------------------^
contracts/Pausable.sol:379:13: Warning: Invoking events without "emit" prefix is deprecated.
            ChangeWhiteList(_to, _onList);
            ^---------------------------^
contracts/Pausable.sol:477:23: Warning: Using contract member "balance" inherited from the address type is deprecated. Convert the contract to "address" type to access the member, for example use "address(contract).balance" instead.
    assert(owner.send(this.balance));
                      ^----------^
contracts/Pausable.sol:617:9: Warning: Invoking events without "emit" prefix is deprecated.
        MintOperationEvent(_to, _amount, deferBlock, mintOperations.length);
        ^-----------------------------------------------------------------^
contracts/Pausable.sol:655:9: Warning: Invoking events without "emit" prefix is deprecated.
        TransferChildEvent(_child, _newOwner);
        ^-----------------------------------^
contracts/Pausable.sol:671:9: Warning: Invoking events without "emit" prefix is deprecated.
        ReclaimEvent(other);
        ^-----------------^
contracts/Pausable.sol:685:9: Warning: Invoking events without "emit" prefix is deprecated.
        ChangeBurnBoundsEvent(newMin, newMax);
        ^-----------------------------------^
contracts/Pausable.sol:711:9: Warning: Invoking events without "emit" prefix is deprecated.
        ChangeStakingFeesEvent(_transferFeeNumerator,
        ^ (Relevant source part starts here and spans across multiple lines).
contracts/Pausable.sol:751:9: Warning: Invoking events without "emit" prefix is deprecated.
        ChangeStakerEvent(newStaker);
        ^--------------------------^
contracts/Pausable.sol:763:9: Warning: Invoking events without "emit" prefix is deprecated.
        DelegateEvent(delegate);
        ^---------------------^
contracts/Pausable.sol:775:9: Warning: Invoking events without "emit" prefix is deprecated.
        SetDelegatedFromEvent(_source);
        ^----------------------------^
contracts/Pausable.sol:789:9: Warning: Invoking events without "emit" prefix is deprecated.
        ChangeTrueUSDEvent(newContract);
        ^-----------------------------^
contracts/Pausable.sol:801:9: Warning: Invoking events without "emit" prefix is deprecated.
        ChangeNameEvent(name, symbol);
        ^---------------------------^
contracts/Pausable.sol:813:9: Warning: Invoking events without "emit" prefix is deprecated.
        AdminshipTransferred(admin, newAdmin);
        ^-----------------------------------^
contracts/Pausable.sol:1031:5: Warning: Invoking events without "emit" prefix is deprecated.
    Transfer(_from, _to, _value);
    ^--------------------------^
contracts/Pausable.sol:1089:5: Warning: Invoking events without "emit" prefix is deprecated.
    Burn(burner, _value);
    ^------------------^
contracts/Pausable.sol:1091:5: Warning: Invoking events without "emit" prefix is deprecated.
    Transfer(burner, address(0), _value);
    ^----------------------------------^
contracts/Pausable.sol:1229:5: Warning: Invoking events without "emit" prefix is deprecated.
    Approval(_tokenHolder, _spender, _value);
    ^--------------------------------------^
contracts/Pausable.sol:1289:5: Warning: Invoking events without "emit" prefix is deprecated.
    Approval(tokenHolder, _spender, allowances.allowanceOf(tokenHolder, _spender));
    ^----------------------------------------------------------------------------^
contracts/Pausable.sol:1339:5: Warning: Invoking events without "emit" prefix is deprecated.
    Approval(tokenHolder, _spender, allowances.allowanceOf(tokenHolder, _spender));
    ^----------------------------------------------------------------------------^
contracts/Pausable.sol:1369:9: Warning: Invoking events without "emit" prefix is deprecated.
        DelegatedTo(delegate);
        ^-------------------^
contracts/Pausable.sol:1775:9: Warning: Invoking events without "emit" prefix is deprecated.
        Mint(_to, _amount);
        ^----------------^
contracts/Pausable.sol:1777:9: Warning: Invoking events without "emit" prefix is deprecated.
        Transfer(address(0), _to, _amount);
        ^--------------------------------^
contracts/Pausable.sol:1805:9: Warning: Invoking events without "emit" prefix is deprecated.
        ChangeBurnBoundsEvent(newMin, newMax);
        ^-----------------------------------^
contracts/Pausable.sol:1839:9: Warning: Invoking events without "emit" prefix is deprecated.
        WipedAccount(account, oldValue);
        ^-----------------------------^
contracts/Pausable.sol:501:3: Warning: Function state mutability can be restricted to pure
  function tokenFallback(address from_, uint256 value_, bytes data_) external {
  ^ (Relevant source part starts here and spans across multiple lines).
contracts/HasNoEther.sol:133:3: Warning: Defining constructors as functions with the same name as the contract is deprecated. Use "constructor(...) { ... }" instead.
  function Ownable() public {
  ^ (Relevant source part starts here and spans across multiple lines).
contracts/HasNoEther.sol:355:5: Warning: Defining constructors as functions with the same name as the contract is deprecated. Use "constructor(...) { ... }" instead.
    function AddressList(string _name, bool nullValue) public {
    ^ (Relevant source part starts here and spans across multiple lines).
contracts/HasNoEther.sol:391:5: Warning: Defining constructors as functions with the same name as the contract is deprecated. Use "constructor(...) { ... }" instead.
    function NamableAddressList(string _name, bool nullValue)
    ^ (Relevant source part starts here and spans across multiple lines).
contracts/HasNoEther.sol:449:3: Warning: Defining constructors as functions with the same name as the contract is deprecated. Use "constructor(...) { ... }" instead.
  function HasNoEther() public payable {
  ^ (Relevant source part starts here and spans across multiple lines).
contracts/HasNoEther.sol:1707:5: Warning: Defining constructors as functions with the same name as the contract is deprecated. Use "constructor(...) { ... }" instead.
    function TrueUSD() public {
    ^ (Relevant source part starts here and spans across multiple lines).
contracts/HasNoEther.sol:169:5: Warning: Invoking events without "emit" prefix is deprecated.
    OwnershipTransferred(owner, newOwner);
    ^-----------------------------------^
contracts/HasNoEther.sol:237:5: Warning: Invoking events without "emit" prefix is deprecated.
    Pause();
    ^-----^
contracts/HasNoEther.sol:253:5: Warning: Invoking events without "emit" prefix is deprecated.
    Unpause();
    ^-------^
contracts/HasNoEther.sol:335:5: Warning: Invoking events without "emit" prefix is deprecated.
    OwnershipTransferred(owner, pendingOwner);
    ^---------------------------------------^
contracts/HasNoEther.sol:379:13: Warning: Invoking events without "emit" prefix is deprecated.
            ChangeWhiteList(_to, _onList);
            ^---------------------------^
contracts/HasNoEther.sol:477:23: Warning: Using contract member "balance" inherited from the address type is deprecated. Convert the contract to "address" type to access the member, for example use "address(contract).balance" instead.
    assert(owner.send(this.balance));
                      ^----------^
contracts/HasNoEther.sol:617:9: Warning: Invoking events without "emit" prefix is deprecated.
        MintOperationEvent(_to, _amount, deferBlock, mintOperations.length);
        ^-----------------------------------------------------------------^
contracts/HasNoEther.sol:655:9: Warning: Invoking events without "emit" prefix is deprecated.
        TransferChildEvent(_child, _newOwner);
        ^-----------------------------------^
contracts/HasNoEther.sol:671:9: Warning: Invoking events without "emit" prefix is deprecated.
        ReclaimEvent(other);
        ^-----------------^
contracts/HasNoEther.sol:685:9: Warning: Invoking events without "emit" prefix is deprecated.
        ChangeBurnBoundsEvent(newMin, newMax);
        ^-----------------------------------^
contracts/HasNoEther.sol:711:9: Warning: Invoking events without "emit" prefix is deprecated.
        ChangeStakingFeesEvent(_transferFeeNumerator,
        ^ (Relevant source part starts here and spans across multiple lines).
contracts/HasNoEther.sol:751:9: Warning: Invoking events without "emit" prefix is deprecated.
        ChangeStakerEvent(newStaker);
        ^--------------------------^
contracts/HasNoEther.sol:763:9: Warning: Invoking events without "emit" prefix is deprecated.
        DelegateEvent(delegate);
        ^---------------------^
contracts/HasNoEther.sol:775:9: Warning: Invoking events without "emit" prefix is deprecated.
        SetDelegatedFromEvent(_source);
        ^----------------------------^
contracts/HasNoEther.sol:789:9: Warning: Invoking events without "emit" prefix is deprecated.
        ChangeTrueUSDEvent(newContract);
        ^-----------------------------^
contracts/HasNoEther.sol:801:9: Warning: Invoking events without "emit" prefix is deprecated.
        ChangeNameEvent(name, symbol);
        ^---------------------------^
contracts/HasNoEther.sol:813:9: Warning: Invoking events without "emit" prefix is deprecated.
        AdminshipTransferred(admin, newAdmin);
        ^-----------------------------------^
contracts/HasNoEther.sol:1031:5: Warning: Invoking events without "emit" prefix is deprecated.
    Transfer(_from, _to, _value);
    ^--------------------------^
contracts/HasNoEther.sol:1089:5: Warning: Invoking events without "emit" prefix is deprecated.
    Burn(burner, _value);
    ^------------------^
contracts/HasNoEther.sol:1091:5: Warning: Invoking events without "emit" prefix is deprecated.
    Transfer(burner, address(0), _value);
    ^----------------------------------^
contracts/HasNoEther.sol:1229:5: Warning: Invoking events without "emit" prefix is deprecated.
    Approval(_tokenHolder, _spender, _value);
    ^--------------------------------------^
contracts/HasNoEther.sol:1289:5: Warning: Invoking events without "emit" prefix is deprecated.
    Approval(tokenHolder, _spender, allowances.allowanceOf(tokenHolder, _spender));
    ^----------------------------------------------------------------------------^
contracts/HasNoEther.sol:1339:5: Warning: Invoking events without "emit" prefix is deprecated.
    Approval(tokenHolder, _spender, allowances.allowanceOf(tokenHolder, _spender));
    ^----------------------------------------------------------------------------^
contracts/HasNoEther.sol:1369:9: Warning: Invoking events without "emit" prefix is deprecated.
        DelegatedTo(delegate);
        ^-------------------^
contracts/HasNoEther.sol:1775:9: Warning: Invoking events without "emit" prefix is deprecated.
        Mint(_to, _amount);
        ^----------------^
contracts/HasNoEther.sol:1777:9: Warning: Invoking events without "emit" prefix is deprecated.
        Transfer(address(0), _to, _amount);
        ^--------------------------------^
contracts/HasNoEther.sol:1805:9: Warning: Invoking events without "emit" prefix is deprecated.
        ChangeBurnBoundsEvent(newMin, newMax);
        ^-----------------------------------^
contracts/HasNoEther.sol:1839:9: Warning: Invoking events without "emit" prefix is deprecated.
        WipedAccount(account, oldValue);
        ^-----------------------------^
contracts/HasNoEther.sol:501:3: Warning: Function state mutability can be restricted to pure
  function tokenFallback(address from_, uint256 value_, bytes data_) external {
  ^ (Relevant source part starts here and spans across multiple lines).
contracts/AddressList.sol:133:3: Warning: Defining constructors as functions with the same name as the contract is deprecated. Use "constructor(...) { ... }" instead.
  function Ownable() public {
  ^ (Relevant source part starts here and spans across multiple lines).
contracts/AddressList.sol:355:5: Warning: Defining constructors as functions with the same name as the contract is deprecated. Use "constructor(...) { ... }" instead.
    function AddressList(string _name, bool nullValue) public {
    ^ (Relevant source part starts here and spans across multiple lines).
contracts/AddressList.sol:391:5: Warning: Defining constructors as functions with the same name as the contract is deprecated. Use "constructor(...) { ... }" instead.
    function NamableAddressList(string _name, bool nullValue)
    ^ (Relevant source part starts here and spans across multiple lines).
contracts/AddressList.sol:449:3: Warning: Defining constructors as functions with the same name as the contract is deprecated. Use "constructor(...) { ... }" instead.
  function HasNoEther() public payable {
  ^ (Relevant source part starts here and spans across multiple lines).
contracts/AddressList.sol:1707:5: Warning: Defining constructors as functions with the same name as the contract is deprecated. Use "constructor(...) { ... }" instead.
    function TrueUSD() public {
    ^ (Relevant source part starts here and spans across multiple lines).
contracts/AddressList.sol:169:5: Warning: Invoking events without "emit" prefix is deprecated.
    OwnershipTransferred(owner, newOwner);
    ^-----------------------------------^
contracts/AddressList.sol:237:5: Warning: Invoking events without "emit" prefix is deprecated.
    Pause();
    ^-----^
contracts/AddressList.sol:253:5: Warning: Invoking events without "emit" prefix is deprecated.
    Unpause();
    ^-------^
contracts/AddressList.sol:335:5: Warning: Invoking events without "emit" prefix is deprecated.
    OwnershipTransferred(owner, pendingOwner);
    ^---------------------------------------^
contracts/AddressList.sol:379:13: Warning: Invoking events without "emit" prefix is deprecated.
            ChangeWhiteList(_to, _onList);
            ^---------------------------^
contracts/AddressList.sol:477:23: Warning: Using contract member "balance" inherited from the address type is deprecated. Convert the contract to "address" type to access the member, for example use "address(contract).balance" instead.
    assert(owner.send(this.balance));
                      ^----------^
contracts/AddressList.sol:617:9: Warning: Invoking events without "emit" prefix is deprecated.
        MintOperationEvent(_to, _amount, deferBlock, mintOperations.length);
        ^-----------------------------------------------------------------^
contracts/AddressList.sol:655:9: Warning: Invoking events without "emit" prefix is deprecated.
        TransferChildEvent(_child, _newOwner);
        ^-----------------------------------^
contracts/AddressList.sol:671:9: Warning: Invoking events without "emit" prefix is deprecated.
        ReclaimEvent(other);
        ^-----------------^
contracts/AddressList.sol:685:9: Warning: Invoking events without "emit" prefix is deprecated.
        ChangeBurnBoundsEvent(newMin, newMax);
        ^-----------------------------------^
contracts/AddressList.sol:711:9: Warning: Invoking events without "emit" prefix is deprecated.
        ChangeStakingFeesEvent(_transferFeeNumerator,
        ^ (Relevant source part starts here and spans across multiple lines).
contracts/AddressList.sol:751:9: Warning: Invoking events without "emit" prefix is deprecated.
        ChangeStakerEvent(newStaker);
        ^--------------------------^
contracts/AddressList.sol:763:9: Warning: Invoking events without "emit" prefix is deprecated.
        DelegateEvent(delegate);
        ^---------------------^
contracts/AddressList.sol:775:9: Warning: Invoking events without "emit" prefix is deprecated.
        SetDelegatedFromEvent(_source);
        ^----------------------------^
contracts/AddressList.sol:789:9: Warning: Invoking events without "emit" prefix is deprecated.
        ChangeTrueUSDEvent(newContract);
        ^-----------------------------^
contracts/AddressList.sol:801:9: Warning: Invoking events without "emit" prefix is deprecated.
        ChangeNameEvent(name, symbol);
        ^---------------------------^
contracts/AddressList.sol:813:9: Warning: Invoking events without "emit" prefix is deprecated.
        AdminshipTransferred(admin, newAdmin);
        ^-----------------------------------^
contracts/AddressList.sol:1031:5: Warning: Invoking events without "emit" prefix is deprecated.
    Transfer(_from, _to, _value);
    ^--------------------------^
contracts/AddressList.sol:1089:5: Warning: Invoking events without "emit" prefix is deprecated.
    Burn(burner, _value);
    ^------------------^
contracts/AddressList.sol:1091:5: Warning: Invoking events without "emit" prefix is deprecated.
    Transfer(burner, address(0), _value);
    ^----------------------------------^
contracts/AddressList.sol:1229:5: Warning: Invoking events without "emit" prefix is deprecated.
    Approval(_tokenHolder, _spender, _value);
    ^--------------------------------------^
contracts/AddressList.sol:1289:5: Warning: Invoking events without "emit" prefix is deprecated.
    Approval(tokenHolder, _spender, allowances.allowanceOf(tokenHolder, _spender));
    ^----------------------------------------------------------------------------^
contracts/AddressList.sol:1339:5: Warning: Invoking events without "emit" prefix is deprecated.
    Approval(tokenHolder, _spender, allowances.allowanceOf(tokenHolder, _spender));
    ^----------------------------------------------------------------------------^
contracts/AddressList.sol:1369:9: Warning: Invoking events without "emit" prefix is deprecated.
        DelegatedTo(delegate);
        ^-------------------^
contracts/AddressList.sol:1775:9: Warning: Invoking events without "emit" prefix is deprecated.
        Mint(_to, _amount);
        ^----------------^
contracts/AddressList.sol:1777:9: Warning: Invoking events without "emit" prefix is deprecated.
        Transfer(address(0), _to, _amount);
        ^--------------------------------^
contracts/AddressList.sol:1805:9: Warning: Invoking events without "emit" prefix is deprecated.
        ChangeBurnBoundsEvent(newMin, newMax);
        ^-----------------------------------^
contracts/AddressList.sol:1839:9: Warning: Invoking events without "emit" prefix is deprecated.
        WipedAccount(account, oldValue);
        ^-----------------------------^
contracts/AddressList.sol:501:3: Warning: Function state mutability can be restricted to pure
  function tokenFallback(address from_, uint256 value_, bytes data_) external {
  ^ (Relevant source part starts here and spans across multiple lines).
contracts/AllowanceSheet.sol:133:3: Warning: Defining constructors as functions with the same name as the contract is deprecated. Use "constructor(...) { ... }" instead.
  function Ownable() public {
  ^ (Relevant source part starts here and spans across multiple lines).
contracts/AllowanceSheet.sol:355:5: Warning: Defining constructors as functions with the same name as the contract is deprecated. Use "constructor(...) { ... }" instead.
    function AddressList(string _name, bool nullValue) public {
    ^ (Relevant source part starts here and spans across multiple lines).
contracts/AllowanceSheet.sol:391:5: Warning: Defining constructors as functions with the same name as the contract is deprecated. Use "constructor(...) { ... }" instead.
    function NamableAddressList(string _name, bool nullValue)
    ^ (Relevant source part starts here and spans across multiple lines).
contracts/AllowanceSheet.sol:449:3: Warning: Defining constructors as functions with the same name as the contract is deprecated. Use "constructor(...) { ... }" instead.
  function HasNoEther() public payable {
  ^ (Relevant source part starts here and spans across multiple lines).
contracts/AllowanceSheet.sol:1707:5: Warning: Defining constructors as functions with the same name as the contract is deprecated. Use "constructor(...) { ... }" instead.
    function TrueUSD() public {
    ^ (Relevant source part starts here and spans across multiple lines).
contracts/AllowanceSheet.sol:169:5: Warning: Invoking events without "emit" prefix is deprecated.
    OwnershipTransferred(owner, newOwner);
    ^-----------------------------------^
contracts/AllowanceSheet.sol:237:5: Warning: Invoking events without "emit" prefix is deprecated.
    Pause();
    ^-----^
contracts/AllowanceSheet.sol:253:5: Warning: Invoking events without "emit" prefix is deprecated.
    Unpause();
    ^-------^
contracts/AllowanceSheet.sol:335:5: Warning: Invoking events without "emit" prefix is deprecated.
    OwnershipTransferred(owner, pendingOwner);
    ^---------------------------------------^
contracts/AllowanceSheet.sol:379:13: Warning: Invoking events without "emit" prefix is deprecated.
            ChangeWhiteList(_to, _onList);
            ^---------------------------^
contracts/AllowanceSheet.sol:477:23: Warning: Using contract member "balance" inherited from the address type is deprecated. Convert the contract to "address" type to access the member, for example use "address(contract).balance" instead.
    assert(owner.send(this.balance));
                      ^----------^
contracts/AllowanceSheet.sol:617:9: Warning: Invoking events without "emit" prefix is deprecated.
        MintOperationEvent(_to, _amount, deferBlock, mintOperations.length);
        ^-----------------------------------------------------------------^
contracts/AllowanceSheet.sol:655:9: Warning: Invoking events without "emit" prefix is deprecated.
        TransferChildEvent(_child, _newOwner);
        ^-----------------------------------^
contracts/AllowanceSheet.sol:671:9: Warning: Invoking events without "emit" prefix is deprecated.
        ReclaimEvent(other);
        ^-----------------^
contracts/AllowanceSheet.sol:685:9: Warning: Invoking events without "emit" prefix is deprecated.
        ChangeBurnBoundsEvent(newMin, newMax);
        ^-----------------------------------^
contracts/AllowanceSheet.sol:711:9: Warning: Invoking events without "emit" prefix is deprecated.
        ChangeStakingFeesEvent(_transferFeeNumerator,
        ^ (Relevant source part starts here and spans across multiple lines).
contracts/AllowanceSheet.sol:751:9: Warning: Invoking events without "emit" prefix is deprecated.
        ChangeStakerEvent(newStaker);
        ^--------------------------^
contracts/AllowanceSheet.sol:763:9: Warning: Invoking events without "emit" prefix is deprecated.
        DelegateEvent(delegate);
        ^---------------------^
contracts/AllowanceSheet.sol:775:9: Warning: Invoking events without "emit" prefix is deprecated.
        SetDelegatedFromEvent(_source);
        ^----------------------------^
contracts/AllowanceSheet.sol:789:9: Warning: Invoking events without "emit" prefix is deprecated.
        ChangeTrueUSDEvent(newContract);
        ^-----------------------------^
contracts/AllowanceSheet.sol:801:9: Warning: Invoking events without "emit" prefix is deprecated.
        ChangeNameEvent(name, symbol);
        ^---------------------------^
contracts/AllowanceSheet.sol:813:9: Warning: Invoking events without "emit" prefix is deprecated.
        AdminshipTransferred(admin, newAdmin);
        ^-----------------------------------^
contracts/AllowanceSheet.sol:1031:5: Warning: Invoking events without "emit" prefix is deprecated.
    Transfer(_from, _to, _value);
    ^--------------------------^
contracts/AllowanceSheet.sol:1089:5: Warning: Invoking events without "emit" prefix is deprecated.
    Burn(burner, _value);
    ^------------------^
contracts/AllowanceSheet.sol:1091:5: Warning: Invoking events without "emit" prefix is deprecated.
    Transfer(burner, address(0), _value);
    ^----------------------------------^
contracts/AllowanceSheet.sol:1229:5: Warning: Invoking events without "emit" prefix is deprecated.
    Approval(_tokenHolder, _spender, _value);
    ^--------------------------------------^
contracts/AllowanceSheet.sol:1289:5: Warning: Invoking events without "emit" prefix is deprecated.
    Approval(tokenHolder, _spender, allowances.allowanceOf(tokenHolder, _spender));
    ^----------------------------------------------------------------------------^
contracts/AllowanceSheet.sol:1339:5: Warning: Invoking events without "emit" prefix is deprecated.
    Approval(tokenHolder, _spender, allowances.allowanceOf(tokenHolder, _spender));
    ^----------------------------------------------------------------------------^
contracts/AllowanceSheet.sol:1369:9: Warning: Invoking events without "emit" prefix is deprecated.
        DelegatedTo(delegate);
        ^-------------------^
contracts/AllowanceSheet.sol:1775:9: Warning: Invoking events without "emit" prefix is deprecated.
        Mint(_to, _amount);
        ^----------------^
contracts/AllowanceSheet.sol:1777:9: Warning: Invoking events without "emit" prefix is deprecated.
        Transfer(address(0), _to, _amount);
        ^--------------------------------^
contracts/AllowanceSheet.sol:1805:9: Warning: Invoking events without "emit" prefix is deprecated.
        ChangeBurnBoundsEvent(newMin, newMax);
        ^-----------------------------------^
contracts/AllowanceSheet.sol:1839:9: Warning: Invoking events without "emit" prefix is deprecated.
        WipedAccount(account, oldValue);
        ^-----------------------------^
contracts/AllowanceSheet.sol:501:3: Warning: Function state mutability can be restricted to pure
  function tokenFallback(address from_, uint256 value_, bytes data_) external {
  ^ (Relevant source part starts here and spans across multiple lines).
contracts/Claimable.sol:133:3: Warning: Defining constructors as functions with the same name as the contract is deprecated. Use "constructor(...) { ... }" instead.
  function Ownable() public {
  ^ (Relevant source part starts here and spans across multiple lines).
contracts/Claimable.sol:355:5: Warning: Defining constructors as functions with the same name as the contract is deprecated. Use "constructor(...) { ... }" instead.
    function AddressList(string _name, bool nullValue) public {
    ^ (Relevant source part starts here and spans across multiple lines).
contracts/Claimable.sol:391:5: Warning: Defining constructors as functions with the same name as the contract is deprecated. Use "constructor(...) { ... }" instead.
    function NamableAddressList(string _name, bool nullValue)
    ^ (Relevant source part starts here and spans across multiple lines).
contracts/Claimable.sol:449:3: Warning: Defining constructors as functions with the same name as the contract is deprecated. Use "constructor(...) { ... }" instead.
  function HasNoEther() public payable {
  ^ (Relevant source part starts here and spans across multiple lines).
contracts/Claimable.sol:1707:5: Warning: Defining constructors as functions with the same name as the contract is deprecated. Use "constructor(...) { ... }" instead.
    function TrueUSD() public {
    ^ (Relevant source part starts here and spans across multiple lines).
contracts/Claimable.sol:169:5: Warning: Invoking events without "emit" prefix is deprecated.
    OwnershipTransferred(owner, newOwner);
    ^-----------------------------------^
contracts/Claimable.sol:237:5: Warning: Invoking events without "emit" prefix is deprecated.
    Pause();
    ^-----^
contracts/Claimable.sol:253:5: Warning: Invoking events without "emit" prefix is deprecated.
    Unpause();
    ^-------^
contracts/Claimable.sol:335:5: Warning: Invoking events without "emit" prefix is deprecated.
    OwnershipTransferred(owner, pendingOwner);
    ^---------------------------------------^
contracts/Claimable.sol:379:13: Warning: Invoking events without "emit" prefix is deprecated.
            ChangeWhiteList(_to, _onList);
            ^---------------------------^
contracts/Claimable.sol:477:23: Warning: Using contract member "balance" inherited from the address type is deprecated. Convert the contract to "address" type to access the member, for example use "address(contract).balance" instead.
    assert(owner.send(this.balance));
                      ^----------^
contracts/Claimable.sol:617:9: Warning: Invoking events without "emit" prefix is deprecated.
        MintOperationEvent(_to, _amount, deferBlock, mintOperations.length);
        ^-----------------------------------------------------------------^
contracts/Claimable.sol:655:9: Warning: Invoking events without "emit" prefix is deprecated.
        TransferChildEvent(_child, _newOwner);
        ^-----------------------------------^
contracts/Claimable.sol:671:9: Warning: Invoking events without "emit" prefix is deprecated.
        ReclaimEvent(other);
        ^-----------------^
contracts/Claimable.sol:685:9: Warning: Invoking events without "emit" prefix is deprecated.
        ChangeBurnBoundsEvent(newMin, newMax);
        ^-----------------------------------^
contracts/Claimable.sol:711:9: Warning: Invoking events without "emit" prefix is deprecated.
        ChangeStakingFeesEvent(_transferFeeNumerator,
        ^ (Relevant source part starts here and spans across multiple lines).
contracts/Claimable.sol:751:9: Warning: Invoking events without "emit" prefix is deprecated.
        ChangeStakerEvent(newStaker);
        ^--------------------------^
contracts/Claimable.sol:763:9: Warning: Invoking events without "emit" prefix is deprecated.
        DelegateEvent(delegate);
        ^---------------------^
contracts/Claimable.sol:775:9: Warning: Invoking events without "emit" prefix is deprecated.
        SetDelegatedFromEvent(_source);
        ^----------------------------^
contracts/Claimable.sol:789:9: Warning: Invoking events without "emit" prefix is deprecated.
        ChangeTrueUSDEvent(newContract);
        ^-----------------------------^
contracts/Claimable.sol:801:9: Warning: Invoking events without "emit" prefix is deprecated.
        ChangeNameEvent(name, symbol);
        ^---------------------------^
contracts/Claimable.sol:813:9: Warning: Invoking events without "emit" prefix is deprecated.
        AdminshipTransferred(admin, newAdmin);
        ^-----------------------------------^
contracts/Claimable.sol:1031:5: Warning: Invoking events without "emit" prefix is deprecated.
    Transfer(_from, _to, _value);
    ^--------------------------^
contracts/Claimable.sol:1089:5: Warning: Invoking events without "emit" prefix is deprecated.
    Burn(burner, _value);
    ^------------------^
contracts/Claimable.sol:1091:5: Warning: Invoking events without "emit" prefix is deprecated.
    Transfer(burner, address(0), _value);
    ^----------------------------------^
contracts/Claimable.sol:1229:5: Warning: Invoking events without "emit" prefix is deprecated.
    Approval(_tokenHolder, _spender, _value);
    ^--------------------------------------^
contracts/Claimable.sol:1289:5: Warning: Invoking events without "emit" prefix is deprecated.
    Approval(tokenHolder, _spender, allowances.allowanceOf(tokenHolder, _spender));
    ^----------------------------------------------------------------------------^
contracts/Claimable.sol:1339:5: Warning: Invoking events without "emit" prefix is deprecated.
    Approval(tokenHolder, _spender, allowances.allowanceOf(tokenHolder, _spender));
    ^----------------------------------------------------------------------------^
contracts/Claimable.sol:1369:9: Warning: Invoking events without "emit" prefix is deprecated.
        DelegatedTo(delegate);
        ^-------------------^
contracts/Claimable.sol:1775:9: Warning: Invoking events without "emit" prefix is deprecated.
        Mint(_to, _amount);
        ^----------------^
contracts/Claimable.sol:1777:9: Warning: Invoking events without "emit" prefix is deprecated.
        Transfer(address(0), _to, _amount);
        ^--------------------------------^
contracts/Claimable.sol:1805:9: Warning: Invoking events without "emit" prefix is deprecated.
        ChangeBurnBoundsEvent(newMin, newMax);
        ^-----------------------------------^
contracts/Claimable.sol:1839:9: Warning: Invoking events without "emit" prefix is deprecated.
        WipedAccount(account, oldValue);
        ^-----------------------------^
contracts/Claimable.sol:501:3: Warning: Function state mutability can be restricted to pure
  function tokenFallback(address from_, uint256 value_, bytes data_) external {
  ^ (Relevant source part starts here and spans across multiple lines).
contracts/HasNoContracts.sol:133:3: Warning: Defining constructors as functions with the same name as the contract is deprecated. Use "constructor(...) { ... }" instead.
  function Ownable() public {
  ^ (Relevant source part starts here and spans across multiple lines).
contracts/HasNoContracts.sol:355:5: Warning: Defining constructors as functions with the same name as the contract is deprecated. Use "constructor(...) { ... }" instead.
    function AddressList(string _name, bool nullValue) public {
    ^ (Relevant source part starts here and spans across multiple lines).
contracts/HasNoContracts.sol:391:5: Warning: Defining constructors as functions with the same name as the contract is deprecated. Use "constructor(...) { ... }" instead.
    function NamableAddressList(string _name, bool nullValue)
    ^ (Relevant source part starts here and spans across multiple lines).
contracts/HasNoContracts.sol:449:3: Warning: Defining constructors as functions with the same name as the contract is deprecated. Use "constructor(...) { ... }" instead.
  function HasNoEther() public payable {
  ^ (Relevant source part starts here and spans across multiple lines).
contracts/HasNoContracts.sol:1707:5: Warning: Defining constructors as functions with the same name as the contract is deprecated. Use "constructor(...) { ... }" instead.
    function TrueUSD() public {
    ^ (Relevant source part starts here and spans across multiple lines).
contracts/HasNoContracts.sol:169:5: Warning: Invoking events without "emit" prefix is deprecated.
    OwnershipTransferred(owner, newOwner);
    ^-----------------------------------^
contracts/HasNoContracts.sol:237:5: Warning: Invoking events without "emit" prefix is deprecated.
    Pause();
    ^-----^
contracts/HasNoContracts.sol:253:5: Warning: Invoking events without "emit" prefix is deprecated.
    Unpause();
    ^-------^
contracts/HasNoContracts.sol:335:5: Warning: Invoking events without "emit" prefix is deprecated.
    OwnershipTransferred(owner, pendingOwner);
    ^---------------------------------------^
contracts/HasNoContracts.sol:379:13: Warning: Invoking events without "emit" prefix is deprecated.
            ChangeWhiteList(_to, _onList);
            ^---------------------------^
contracts/HasNoContracts.sol:477:23: Warning: Using contract member "balance" inherited from the address type is deprecated. Convert the contract to "address" type to access the member, for example use "address(contract).balance" instead.
    assert(owner.send(this.balance));
                      ^----------^
contracts/HasNoContracts.sol:617:9: Warning: Invoking events without "emit" prefix is deprecated.
        MintOperationEvent(_to, _amount, deferBlock, mintOperations.length);
        ^-----------------------------------------------------------------^
contracts/HasNoContracts.sol:655:9: Warning: Invoking events without "emit" prefix is deprecated.
        TransferChildEvent(_child, _newOwner);
        ^-----------------------------------^
contracts/HasNoContracts.sol:671:9: Warning: Invoking events without "emit" prefix is deprecated.
        ReclaimEvent(other);
        ^-----------------^
contracts/HasNoContracts.sol:685:9: Warning: Invoking events without "emit" prefix is deprecated.
        ChangeBurnBoundsEvent(newMin, newMax);
        ^-----------------------------------^
contracts/HasNoContracts.sol:711:9: Warning: Invoking events without "emit" prefix is deprecated.
        ChangeStakingFeesEvent(_transferFeeNumerator,
        ^ (Relevant source part starts here and spans across multiple lines).
contracts/HasNoContracts.sol:751:9: Warning: Invoking events without "emit" prefix is deprecated.
        ChangeStakerEvent(newStaker);
        ^--------------------------^
contracts/HasNoContracts.sol:763:9: Warning: Invoking events without "emit" prefix is deprecated.
        DelegateEvent(delegate);
        ^---------------------^
contracts/HasNoContracts.sol:775:9: Warning: Invoking events without "emit" prefix is deprecated.
        SetDelegatedFromEvent(_source);
        ^----------------------------^
contracts/HasNoContracts.sol:789:9: Warning: Invoking events without "emit" prefix is deprecated.
        ChangeTrueUSDEvent(newContract);
        ^-----------------------------^
contracts/HasNoContracts.sol:801:9: Warning: Invoking events without "emit" prefix is deprecated.
        ChangeNameEvent(name, symbol);
        ^---------------------------^
contracts/HasNoContracts.sol:813:9: Warning: Invoking events without "emit" prefix is deprecated.
        AdminshipTransferred(admin, newAdmin);
        ^-----------------------------------^
contracts/HasNoContracts.sol:1031:5: Warning: Invoking events without "emit" prefix is deprecated.
    Transfer(_from, _to, _value);
    ^--------------------------^
contracts/HasNoContracts.sol:1089:5: Warning: Invoking events without "emit" prefix is deprecated.
    Burn(burner, _value);
    ^------------------^
contracts/HasNoContracts.sol:1091:5: Warning: Invoking events without "emit" prefix is deprecated.
    Transfer(burner, address(0), _value);
    ^----------------------------------^
contracts/HasNoContracts.sol:1229:5: Warning: Invoking events without "emit" prefix is deprecated.
    Approval(_tokenHolder, _spender, _value);
    ^--------------------------------------^
contracts/HasNoContracts.sol:1289:5: Warning: Invoking events without "emit" prefix is deprecated.
    Approval(tokenHolder, _spender, allowances.allowanceOf(tokenHolder, _spender));
    ^----------------------------------------------------------------------------^
contracts/HasNoContracts.sol:1339:5: Warning: Invoking events without "emit" prefix is deprecated.
    Approval(tokenHolder, _spender, allowances.allowanceOf(tokenHolder, _spender));
    ^----------------------------------------------------------------------------^
contracts/HasNoContracts.sol:1369:9: Warning: Invoking events without "emit" prefix is deprecated.
        DelegatedTo(delegate);
        ^-------------------^
contracts/HasNoContracts.sol:1775:9: Warning: Invoking events without "emit" prefix is deprecated.
        Mint(_to, _amount);
        ^----------------^
contracts/HasNoContracts.sol:1777:9: Warning: Invoking events without "emit" prefix is deprecated.
        Transfer(address(0), _to, _amount);
        ^--------------------------------^
contracts/HasNoContracts.sol:1805:9: Warning: Invoking events without "emit" prefix is deprecated.
        ChangeBurnBoundsEvent(newMin, newMax);
        ^-----------------------------------^
contracts/HasNoContracts.sol:1839:9: Warning: Invoking events without "emit" prefix is deprecated.
        WipedAccount(account, oldValue);
        ^-----------------------------^
contracts/HasNoContracts.sol:501:3: Warning: Function state mutability can be restricted to pure
  function tokenFallback(address from_, uint256 value_, bytes data_) external {
  ^ (Relevant source part starts here and spans across multiple lines).
contracts/NamableAddressList.sol:133:3: Warning: Defining constructors as functions with the same name as the contract is deprecated. Use "constructor(...) { ... }" instead.
  function Ownable() public {
  ^ (Relevant source part starts here and spans across multiple lines).
contracts/NamableAddressList.sol:355:5: Warning: Defining constructors as functions with the same name as the contract is deprecated. Use "constructor(...) { ... }" instead.
    function AddressList(string _name, bool nullValue) public {
    ^ (Relevant source part starts here and spans across multiple lines).
contracts/NamableAddressList.sol:391:5: Warning: Defining constructors as functions with the same name as the contract is deprecated. Use "constructor(...) { ... }" instead.
    function NamableAddressList(string _name, bool nullValue)
    ^ (Relevant source part starts here and spans across multiple lines).
contracts/NamableAddressList.sol:449:3: Warning: Defining constructors as functions with the same name as the contract is deprecated. Use "constructor(...) { ... }" instead.
  function HasNoEther() public payable {
  ^ (Relevant source part starts here and spans across multiple lines).
contracts/NamableAddressList.sol:1707:5: Warning: Defining constructors as functions with the same name as the contract is deprecated. Use "constructor(...) { ... }" instead.
    function TrueUSD() public {
    ^ (Relevant source part starts here and spans across multiple lines).
contracts/NamableAddressList.sol:169:5: Warning: Invoking events without "emit" prefix is deprecated.
    OwnershipTransferred(owner, newOwner);
    ^-----------------------------------^
contracts/NamableAddressList.sol:237:5: Warning: Invoking events without "emit" prefix is deprecated.
    Pause();
    ^-----^
contracts/NamableAddressList.sol:253:5: Warning: Invoking events without "emit" prefix is deprecated.
    Unpause();
    ^-------^
contracts/NamableAddressList.sol:335:5: Warning: Invoking events without "emit" prefix is deprecated.
    OwnershipTransferred(owner, pendingOwner);
    ^---------------------------------------^
contracts/NamableAddressList.sol:379:13: Warning: Invoking events without "emit" prefix is deprecated.
            ChangeWhiteList(_to, _onList);
            ^---------------------------^
contracts/NamableAddressList.sol:477:23: Warning: Using contract member "balance" inherited from the address type is deprecated. Convert the contract to "address" type to access the member, for example use "address(contract).balance" instead.
    assert(owner.send(this.balance));
                      ^----------^
contracts/NamableAddressList.sol:617:9: Warning: Invoking events without "emit" prefix is deprecated.
        MintOperationEvent(_to, _amount, deferBlock, mintOperations.length);
        ^-----------------------------------------------------------------^
contracts/NamableAddressList.sol:655:9: Warning: Invoking events without "emit" prefix is deprecated.
        TransferChildEvent(_child, _newOwner);
        ^-----------------------------------^
contracts/NamableAddressList.sol:671:9: Warning: Invoking events without "emit" prefix is deprecated.
        ReclaimEvent(other);
        ^-----------------^
contracts/NamableAddressList.sol:685:9: Warning: Invoking events without "emit" prefix is deprecated.
        ChangeBurnBoundsEvent(newMin, newMax);
        ^-----------------------------------^
contracts/NamableAddressList.sol:711:9: Warning: Invoking events without "emit" prefix is deprecated.
        ChangeStakingFeesEvent(_transferFeeNumerator,
        ^ (Relevant source part starts here and spans across multiple lines).
contracts/NamableAddressList.sol:751:9: Warning: Invoking events without "emit" prefix is deprecated.
        ChangeStakerEvent(newStaker);
        ^--------------------------^
contracts/NamableAddressList.sol:763:9: Warning: Invoking events without "emit" prefix is deprecated.
        DelegateEvent(delegate);
        ^---------------------^
contracts/NamableAddressList.sol:775:9: Warning: Invoking events without "emit" prefix is deprecated.
        SetDelegatedFromEvent(_source);
        ^----------------------------^
contracts/NamableAddressList.sol:789:9: Warning: Invoking events without "emit" prefix is deprecated.
        ChangeTrueUSDEvent(newContract);
        ^-----------------------------^
contracts/NamableAddressList.sol:801:9: Warning: Invoking events without "emit" prefix is deprecated.
        ChangeNameEvent(name, symbol);
        ^---------------------------^
contracts/NamableAddressList.sol:813:9: Warning: Invoking events without "emit" prefix is deprecated.
        AdminshipTransferred(admin, newAdmin);
        ^-----------------------------------^
contracts/NamableAddressList.sol:1031:5: Warning: Invoking events without "emit" prefix is deprecated.
    Transfer(_from, _to, _value);
    ^--------------------------^
contracts/NamableAddressList.sol:1089:5: Warning: Invoking events without "emit" prefix is deprecated.
    Burn(burner, _value);
    ^------------------^
contracts/NamableAddressList.sol:1091:5: Warning: Invoking events without "emit" prefix is deprecated.
    Transfer(burner, address(0), _value);
    ^----------------------------------^
contracts/NamableAddressList.sol:1229:5: Warning: Invoking events without "emit" prefix is deprecated.
    Approval(_tokenHolder, _spender, _value);
    ^--------------------------------------^
contracts/NamableAddressList.sol:1289:5: Warning: Invoking events without "emit" prefix is deprecated.
    Approval(tokenHolder, _spender, allowances.allowanceOf(tokenHolder, _spender));
    ^----------------------------------------------------------------------------^
contracts/NamableAddressList.sol:1339:5: Warning: Invoking events without "emit" prefix is deprecated.
    Approval(tokenHolder, _spender, allowances.allowanceOf(tokenHolder, _spender));
    ^----------------------------------------------------------------------------^
contracts/NamableAddressList.sol:1369:9: Warning: Invoking events without "emit" prefix is deprecated.
        DelegatedTo(delegate);
        ^-------------------^
contracts/NamableAddressList.sol:1775:9: Warning: Invoking events without "emit" prefix is deprecated.
        Mint(_to, _amount);
        ^----------------^
contracts/NamableAddressList.sol:1777:9: Warning: Invoking events without "emit" prefix is deprecated.
        Transfer(address(0), _to, _amount);
        ^--------------------------------^
contracts/NamableAddressList.sol:1805:9: Warning: Invoking events without "emit" prefix is deprecated.
        ChangeBurnBoundsEvent(newMin, newMax);
        ^-----------------------------------^
contracts/NamableAddressList.sol:1839:9: Warning: Invoking events without "emit" prefix is deprecated.
        WipedAccount(account, oldValue);
        ^-----------------------------^
contracts/NamableAddressList.sol:501:3: Warning: Function state mutability can be restricted to pure
  function tokenFallback(address from_, uint256 value_, bytes data_) external {
  ^ (Relevant source part starts here and spans across multiple lines).
contracts/BalanceSheet.sol:133:3: Warning: Defining constructors as functions with the same name as the contract is deprecated. Use "constructor(...) { ... }" instead.
  function Ownable() public {
  ^ (Relevant source part starts here and spans across multiple lines).
contracts/BalanceSheet.sol:355:5: Warning: Defining constructors as functions with the same name as the contract is deprecated. Use "constructor(...) { ... }" instead.
    function AddressList(string _name, bool nullValue) public {
    ^ (Relevant source part starts here and spans across multiple lines).
contracts/BalanceSheet.sol:391:5: Warning: Defining constructors as functions with the same name as the contract is deprecated. Use "constructor(...) { ... }" instead.
    function NamableAddressList(string _name, bool nullValue)
    ^ (Relevant source part starts here and spans across multiple lines).
contracts/BalanceSheet.sol:449:3: Warning: Defining constructors as functions with the same name as the contract is deprecated. Use "constructor(...) { ... }" instead.
  function HasNoEther() public payable {
  ^ (Relevant source part starts here and spans across multiple lines).
contracts/BalanceSheet.sol:1707:5: Warning: Defining constructors as functions with the same name as the contract is deprecated. Use "constructor(...) { ... }" instead.
    function TrueUSD() public {
    ^ (Relevant source part starts here and spans across multiple lines).
contracts/BalanceSheet.sol:169:5: Warning: Invoking events without "emit" prefix is deprecated.
    OwnershipTransferred(owner, newOwner);
    ^-----------------------------------^
contracts/BalanceSheet.sol:237:5: Warning: Invoking events without "emit" prefix is deprecated.
    Pause();
    ^-----^
contracts/BalanceSheet.sol:253:5: Warning: Invoking events without "emit" prefix is deprecated.
    Unpause();
    ^-------^
contracts/BalanceSheet.sol:335:5: Warning: Invoking events without "emit" prefix is deprecated.
    OwnershipTransferred(owner, pendingOwner);
    ^---------------------------------------^
contracts/BalanceSheet.sol:379:13: Warning: Invoking events without "emit" prefix is deprecated.
            ChangeWhiteList(_to, _onList);
            ^---------------------------^
contracts/BalanceSheet.sol:477:23: Warning: Using contract member "balance" inherited from the address type is deprecated. Convert the contract to "address" type to access the member, for example use "address(contract).balance" instead.
    assert(owner.send(this.balance));
                      ^----------^
contracts/BalanceSheet.sol:617:9: Warning: Invoking events without "emit" prefix is deprecated.
        MintOperationEvent(_to, _amount, deferBlock, mintOperations.length);
        ^-----------------------------------------------------------------^
contracts/BalanceSheet.sol:655:9: Warning: Invoking events without "emit" prefix is deprecated.
        TransferChildEvent(_child, _newOwner);
        ^-----------------------------------^
contracts/BalanceSheet.sol:671:9: Warning: Invoking events without "emit" prefix is deprecated.
        ReclaimEvent(other);
        ^-----------------^
contracts/BalanceSheet.sol:685:9: Warning: Invoking events without "emit" prefix is deprecated.
        ChangeBurnBoundsEvent(newMin, newMax);
        ^-----------------------------------^
contracts/BalanceSheet.sol:711:9: Warning: Invoking events without "emit" prefix is deprecated.
        ChangeStakingFeesEvent(_transferFeeNumerator,
        ^ (Relevant source part starts here and spans across multiple lines).
contracts/BalanceSheet.sol:751:9: Warning: Invoking events without "emit" prefix is deprecated.
        ChangeStakerEvent(newStaker);
        ^--------------------------^
contracts/BalanceSheet.sol:763:9: Warning: Invoking events without "emit" prefix is deprecated.
        DelegateEvent(delegate);
        ^---------------------^
contracts/BalanceSheet.sol:775:9: Warning: Invoking events without "emit" prefix is deprecated.
        SetDelegatedFromEvent(_source);
        ^----------------------------^
contracts/BalanceSheet.sol:789:9: Warning: Invoking events without "emit" prefix is deprecated.
        ChangeTrueUSDEvent(newContract);
        ^-----------------------------^
contracts/BalanceSheet.sol:801:9: Warning: Invoking events without "emit" prefix is deprecated.
        ChangeNameEvent(name, symbol);
        ^---------------------------^
contracts/BalanceSheet.sol:813:9: Warning: Invoking events without "emit" prefix is deprecated.
        AdminshipTransferred(admin, newAdmin);
        ^-----------------------------------^
contracts/BalanceSheet.sol:1031:5: Warning: Invoking events without "emit" prefix is deprecated.
    Transfer(_from, _to, _value);
    ^--------------------------^
contracts/BalanceSheet.sol:1089:5: Warning: Invoking events without "emit" prefix is deprecated.
    Burn(burner, _value);
    ^------------------^
contracts/BalanceSheet.sol:1091:5: Warning: Invoking events without "emit" prefix is deprecated.
    Transfer(burner, address(0), _value);
    ^----------------------------------^
contracts/BalanceSheet.sol:1229:5: Warning: Invoking events without "emit" prefix is deprecated.
    Approval(_tokenHolder, _spender, _value);
    ^--------------------------------------^
contracts/BalanceSheet.sol:1289:5: Warning: Invoking events without "emit" prefix is deprecated.
    Approval(tokenHolder, _spender, allowances.allowanceOf(tokenHolder, _spender));
    ^----------------------------------------------------------------------------^
contracts/BalanceSheet.sol:1339:5: Warning: Invoking events without "emit" prefix is deprecated.
    Approval(tokenHolder, _spender, allowances.allowanceOf(tokenHolder, _spender));
    ^----------------------------------------------------------------------------^
contracts/BalanceSheet.sol:1369:9: Warning: Invoking events without "emit" prefix is deprecated.
        DelegatedTo(delegate);
        ^-------------------^
contracts/BalanceSheet.sol:1775:9: Warning: Invoking events without "emit" prefix is deprecated.
        Mint(_to, _amount);
        ^----------------^
contracts/BalanceSheet.sol:1777:9: Warning: Invoking events without "emit" prefix is deprecated.
        Transfer(address(0), _to, _amount);
        ^--------------------------------^
contracts/BalanceSheet.sol:1805:9: Warning: Invoking events without "emit" prefix is deprecated.
        ChangeBurnBoundsEvent(newMin, newMax);
        ^-----------------------------------^
contracts/BalanceSheet.sol:1839:9: Warning: Invoking events without "emit" prefix is deprecated.
        WipedAccount(account, oldValue);
        ^-----------------------------^
contracts/BalanceSheet.sol:501:3: Warning: Function state mutability can be restricted to pure
  function tokenFallback(address from_, uint256 value_, bytes data_) external {
  ^ (Relevant source part starts here and spans across multiple lines).
contracts/StandardToken.sol:133:3: Warning: Defining constructors as functions with the same name as the contract is deprecated. Use "constructor(...) { ... }" instead.
  function Ownable() public {
  ^ (Relevant source part starts here and spans across multiple lines).
contracts/StandardToken.sol:355:5: Warning: Defining constructors as functions with the same name as the contract is deprecated. Use "constructor(...) { ... }" instead.
    function AddressList(string _name, bool nullValue) public {
    ^ (Relevant source part starts here and spans across multiple lines).
contracts/StandardToken.sol:391:5: Warning: Defining constructors as functions with the same name as the contract is deprecated. Use "constructor(...) { ... }" instead.
    function NamableAddressList(string _name, bool nullValue)
    ^ (Relevant source part starts here and spans across multiple lines).
contracts/StandardToken.sol:449:3: Warning: Defining constructors as functions with the same name as the contract is deprecated. Use "constructor(...) { ... }" instead.
  function HasNoEther() public payable {
  ^ (Relevant source part starts here and spans across multiple lines).
contracts/StandardToken.sol:1707:5: Warning: Defining constructors as functions with the same name as the contract is deprecated. Use "constructor(...) { ... }" instead.
    function TrueUSD() public {
    ^ (Relevant source part starts here and spans across multiple lines).
contracts/StandardToken.sol:169:5: Warning: Invoking events without "emit" prefix is deprecated.
    OwnershipTransferred(owner, newOwner);
    ^-----------------------------------^
contracts/StandardToken.sol:237:5: Warning: Invoking events without "emit" prefix is deprecated.
    Pause();
    ^-----^
contracts/StandardToken.sol:253:5: Warning: Invoking events without "emit" prefix is deprecated.
    Unpause();
    ^-------^
contracts/StandardToken.sol:335:5: Warning: Invoking events without "emit" prefix is deprecated.
    OwnershipTransferred(owner, pendingOwner);
    ^---------------------------------------^
contracts/StandardToken.sol:379:13: Warning: Invoking events without "emit" prefix is deprecated.
            ChangeWhiteList(_to, _onList);
            ^---------------------------^
contracts/StandardToken.sol:477:23: Warning: Using contract member "balance" inherited from the address type is deprecated. Convert the contract to "address" type to access the member, for example use "address(contract).balance" instead.
    assert(owner.send(this.balance));
                      ^----------^
contracts/StandardToken.sol:617:9: Warning: Invoking events without "emit" prefix is deprecated.
        MintOperationEvent(_to, _amount, deferBlock, mintOperations.length);
        ^-----------------------------------------------------------------^
contracts/StandardToken.sol:655:9: Warning: Invoking events without "emit" prefix is deprecated.
        TransferChildEvent(_child, _newOwner);
        ^-----------------------------------^
contracts/StandardToken.sol:671:9: Warning: Invoking events without "emit" prefix is deprecated.
        ReclaimEvent(other);
        ^-----------------^
contracts/StandardToken.sol:685:9: Warning: Invoking events without "emit" prefix is deprecated.
        ChangeBurnBoundsEvent(newMin, newMax);
        ^-----------------------------------^
contracts/StandardToken.sol:711:9: Warning: Invoking events without "emit" prefix is deprecated.
        ChangeStakingFeesEvent(_transferFeeNumerator,
        ^ (Relevant source part starts here and spans across multiple lines).
contracts/StandardToken.sol:751:9: Warning: Invoking events without "emit" prefix is deprecated.
        ChangeStakerEvent(newStaker);
        ^--------------------------^
contracts/StandardToken.sol:763:9: Warning: Invoking events without "emit" prefix is deprecated.
        DelegateEvent(delegate);
        ^---------------------^
contracts/StandardToken.sol:775:9: Warning: Invoking events without "emit" prefix is deprecated.
        SetDelegatedFromEvent(_source);
        ^----------------------------^
contracts/StandardToken.sol:789:9: Warning: Invoking events without "emit" prefix is deprecated.
        ChangeTrueUSDEvent(newContract);
        ^-----------------------------^
contracts/StandardToken.sol:801:9: Warning: Invoking events without "emit" prefix is deprecated.
        ChangeNameEvent(name, symbol);
        ^---------------------------^
contracts/StandardToken.sol:813:9: Warning: Invoking events without "emit" prefix is deprecated.
        AdminshipTransferred(admin, newAdmin);
        ^-----------------------------------^
contracts/StandardToken.sol:1031:5: Warning: Invoking events without "emit" prefix is deprecated.
    Transfer(_from, _to, _value);
    ^--------------------------^
contracts/StandardToken.sol:1089:5: Warning: Invoking events without "emit" prefix is deprecated.
    Burn(burner, _value);
    ^------------------^
contracts/StandardToken.sol:1091:5: Warning: Invoking events without "emit" prefix is deprecated.
    Transfer(burner, address(0), _value);
    ^----------------------------------^
contracts/StandardToken.sol:1229:5: Warning: Invoking events without "emit" prefix is deprecated.
    Approval(_tokenHolder, _spender, _value);
    ^--------------------------------------^
contracts/StandardToken.sol:1289:5: Warning: Invoking events without "emit" prefix is deprecated.
    Approval(tokenHolder, _spender, allowances.allowanceOf(tokenHolder, _spender));
    ^----------------------------------------------------------------------------^
contracts/StandardToken.sol:1339:5: Warning: Invoking events without "emit" prefix is deprecated.
    Approval(tokenHolder, _spender, allowances.allowanceOf(tokenHolder, _spender));
    ^----------------------------------------------------------------------------^
contracts/StandardToken.sol:1369:9: Warning: Invoking events without "emit" prefix is deprecated.
        DelegatedTo(delegate);
        ^-------------------^
contracts/StandardToken.sol:1775:9: Warning: Invoking events without "emit" prefix is deprecated.
        Mint(_to, _amount);
        ^----------------^
contracts/StandardToken.sol:1777:9: Warning: Invoking events without "emit" prefix is deprecated.
        Transfer(address(0), _to, _amount);
        ^--------------------------------^
contracts/StandardToken.sol:1805:9: Warning: Invoking events without "emit" prefix is deprecated.
        ChangeBurnBoundsEvent(newMin, newMax);
        ^-----------------------------------^
contracts/StandardToken.sol:1839:9: Warning: Invoking events without "emit" prefix is deprecated.
        WipedAccount(account, oldValue);
        ^-----------------------------^
contracts/StandardToken.sol:501:3: Warning: Function state mutability can be restricted to pure
  function tokenFallback(address from_, uint256 value_, bytes data_) external {
  ^ (Relevant source part starts here and spans across multiple lines).
contracts/BurnableToken.sol:133:3: Warning: Defining constructors as functions with the same name as the contract is deprecated. Use "constructor(...) { ... }" instead.
  function Ownable() public {
  ^ (Relevant source part starts here and spans across multiple lines).
contracts/BurnableToken.sol:355:5: Warning: Defining constructors as functions with the same name as the contract is deprecated. Use "constructor(...) { ... }" instead.
    function AddressList(string _name, bool nullValue) public {
    ^ (Relevant source part starts here and spans across multiple lines).
contracts/BurnableToken.sol:391:5: Warning: Defining constructors as functions with the same name as the contract is deprecated. Use "constructor(...) { ... }" instead.
    function NamableAddressList(string _name, bool nullValue)
    ^ (Relevant source part starts here and spans across multiple lines).
contracts/BurnableToken.sol:449:3: Warning: Defining constructors as functions with the same name as the contract is deprecated. Use "constructor(...) { ... }" instead.
  function HasNoEther() public payable {
  ^ (Relevant source part starts here and spans across multiple lines).
contracts/BurnableToken.sol:1707:5: Warning: Defining constructors as functions with the same name as the contract is deprecated. Use "constructor(...) { ... }" instead.
    function TrueUSD() public {
    ^ (Relevant source part starts here and spans across multiple lines).
contracts/BurnableToken.sol:169:5: Warning: Invoking events without "emit" prefix is deprecated.
    OwnershipTransferred(owner, newOwner);
    ^-----------------------------------^
contracts/BurnableToken.sol:237:5: Warning: Invoking events without "emit" prefix is deprecated.
    Pause();
    ^-----^
contracts/BurnableToken.sol:253:5: Warning: Invoking events without "emit" prefix is deprecated.
    Unpause();
    ^-------^
contracts/BurnableToken.sol:335:5: Warning: Invoking events without "emit" prefix is deprecated.
    OwnershipTransferred(owner, pendingOwner);
    ^---------------------------------------^
contracts/BurnableToken.sol:379:13: Warning: Invoking events without "emit" prefix is deprecated.
            ChangeWhiteList(_to, _onList);
            ^---------------------------^
contracts/BurnableToken.sol:477:23: Warning: Using contract member "balance" inherited from the address type is deprecated. Convert the contract to "address" type to access the member, for example use "address(contract).balance" instead.
    assert(owner.send(this.balance));
                      ^----------^
contracts/BurnableToken.sol:617:9: Warning: Invoking events without "emit" prefix is deprecated.
        MintOperationEvent(_to, _amount, deferBlock, mintOperations.length);
        ^-----------------------------------------------------------------^
contracts/BurnableToken.sol:655:9: Warning: Invoking events without "emit" prefix is deprecated.
        TransferChildEvent(_child, _newOwner);
        ^-----------------------------------^
contracts/BurnableToken.sol:671:9: Warning: Invoking events without "emit" prefix is deprecated.
        ReclaimEvent(other);
        ^-----------------^
contracts/BurnableToken.sol:685:9: Warning: Invoking events without "emit" prefix is deprecated.
        ChangeBurnBoundsEvent(newMin, newMax);
        ^-----------------------------------^
contracts/BurnableToken.sol:711:9: Warning: Invoking events without "emit" prefix is deprecated.
        ChangeStakingFeesEvent(_transferFeeNumerator,
        ^ (Relevant source part starts here and spans across multiple lines).
contracts/BurnableToken.sol:751:9: Warning: Invoking events without "emit" prefix is deprecated.
        ChangeStakerEvent(newStaker);
        ^--------------------------^
contracts/BurnableToken.sol:763:9: Warning: Invoking events without "emit" prefix is deprecated.
        DelegateEvent(delegate);
        ^---------------------^
contracts/BurnableToken.sol:775:9: Warning: Invoking events without "emit" prefix is deprecated.
        SetDelegatedFromEvent(_source);
        ^----------------------------^
contracts/BurnableToken.sol:789:9: Warning: Invoking events without "emit" prefix is deprecated.
        ChangeTrueUSDEvent(newContract);
        ^-----------------------------^
contracts/BurnableToken.sol:801:9: Warning: Invoking events without "emit" prefix is deprecated.
        ChangeNameEvent(name, symbol);
        ^---------------------------^
contracts/BurnableToken.sol:813:9: Warning: Invoking events without "emit" prefix is deprecated.
        AdminshipTransferred(admin, newAdmin);
        ^-----------------------------------^
contracts/BurnableToken.sol:1031:5: Warning: Invoking events without "emit" prefix is deprecated.
    Transfer(_from, _to, _value);
    ^--------------------------^
contracts/BurnableToken.sol:1089:5: Warning: Invoking events without "emit" prefix is deprecated.
    Burn(burner, _value);
    ^------------------^
contracts/BurnableToken.sol:1091:5: Warning: Invoking events without "emit" prefix is deprecated.
    Transfer(burner, address(0), _value);
    ^----------------------------------^
contracts/BurnableToken.sol:1229:5: Warning: Invoking events without "emit" prefix is deprecated.
    Approval(_tokenHolder, _spender, _value);
    ^--------------------------------------^
contracts/BurnableToken.sol:1289:5: Warning: Invoking events without "emit" prefix is deprecated.
    Approval(tokenHolder, _spender, allowances.allowanceOf(tokenHolder, _spender));
    ^----------------------------------------------------------------------------^
contracts/BurnableToken.sol:1339:5: Warning: Invoking events without "emit" prefix is deprecated.
    Approval(tokenHolder, _spender, allowances.allowanceOf(tokenHolder, _spender));
    ^----------------------------------------------------------------------------^
contracts/BurnableToken.sol:1369:9: Warning: Invoking events without "emit" prefix is deprecated.
        DelegatedTo(delegate);
        ^-------------------^
contracts/BurnableToken.sol:1775:9: Warning: Invoking events without "emit" prefix is deprecated.
        Mint(_to, _amount);
        ^----------------^
contracts/BurnableToken.sol:1777:9: Warning: Invoking events without "emit" prefix is deprecated.
        Transfer(address(0), _to, _amount);
        ^--------------------------------^
contracts/BurnableToken.sol:1805:9: Warning: Invoking events without "emit" prefix is deprecated.
        ChangeBurnBoundsEvent(newMin, newMax);
        ^-----------------------------------^
contracts/BurnableToken.sol:1839:9: Warning: Invoking events without "emit" prefix is deprecated.
        WipedAccount(account, oldValue);
        ^-----------------------------^
contracts/BurnableToken.sol:501:3: Warning: Function state mutability can be restricted to pure
  function tokenFallback(address from_, uint256 value_, bytes data_) external {
  ^ (Relevant source part starts here and spans across multiple lines).
contracts/BasicToken.sol:133:3: Warning: Defining constructors as functions with the same name as the contract is deprecated. Use "constructor(...) { ... }" instead.
  function Ownable() public {
  ^ (Relevant source part starts here and spans across multiple lines).
contracts/BasicToken.sol:355:5: Warning: Defining constructors as functions with the same name as the contract is deprecated. Use "constructor(...) { ... }" instead.
    function AddressList(string _name, bool nullValue) public {
    ^ (Relevant source part starts here and spans across multiple lines).
contracts/BasicToken.sol:391:5: Warning: Defining constructors as functions with the same name as the contract is deprecated. Use "constructor(...) { ... }" instead.
    function NamableAddressList(string _name, bool nullValue)
    ^ (Relevant source part starts here and spans across multiple lines).
contracts/BasicToken.sol:449:3: Warning: Defining constructors as functions with the same name as the contract is deprecated. Use "constructor(...) { ... }" instead.
  function HasNoEther() public payable {
  ^ (Relevant source part starts here and spans across multiple lines).
contracts/BasicToken.sol:1707:5: Warning: Defining constructors as functions with the same name as the contract is deprecated. Use "constructor(...) { ... }" instead.
    function TrueUSD() public {
    ^ (Relevant source part starts here and spans across multiple lines).
contracts/BasicToken.sol:169:5: Warning: Invoking events without "emit" prefix is deprecated.
    OwnershipTransferred(owner, newOwner);
    ^-----------------------------------^
contracts/BasicToken.sol:237:5: Warning: Invoking events without "emit" prefix is deprecated.
    Pause();
    ^-----^
contracts/BasicToken.sol:253:5: Warning: Invoking events without "emit" prefix is deprecated.
    Unpause();
    ^-------^
contracts/BasicToken.sol:335:5: Warning: Invoking events without "emit" prefix is deprecated.
    OwnershipTransferred(owner, pendingOwner);
    ^---------------------------------------^
contracts/BasicToken.sol:379:13: Warning: Invoking events without "emit" prefix is deprecated.
            ChangeWhiteList(_to, _onList);
            ^---------------------------^
contracts/BasicToken.sol:477:23: Warning: Using contract member "balance" inherited from the address type is deprecated. Convert the contract to "address" type to access the member, for example use "address(contract).balance" instead.
    assert(owner.send(this.balance));
                      ^----------^
contracts/BasicToken.sol:617:9: Warning: Invoking events without "emit" prefix is deprecated.
        MintOperationEvent(_to, _amount, deferBlock, mintOperations.length);
        ^-----------------------------------------------------------------^
contracts/BasicToken.sol:655:9: Warning: Invoking events without "emit" prefix is deprecated.
        TransferChildEvent(_child, _newOwner);
        ^-----------------------------------^
contracts/BasicToken.sol:671:9: Warning: Invoking events without "emit" prefix is deprecated.
        ReclaimEvent(other);
        ^-----------------^
contracts/BasicToken.sol:685:9: Warning: Invoking events without "emit" prefix is deprecated.
        ChangeBurnBoundsEvent(newMin, newMax);
        ^-----------------------------------^
contracts/BasicToken.sol:711:9: Warning: Invoking events without "emit" prefix is deprecated.
        ChangeStakingFeesEvent(_transferFeeNumerator,
        ^ (Relevant source part starts here and spans across multiple lines).
contracts/BasicToken.sol:751:9: Warning: Invoking events without "emit" prefix is deprecated.
        ChangeStakerEvent(newStaker);
        ^--------------------------^
contracts/BasicToken.sol:763:9: Warning: Invoking events without "emit" prefix is deprecated.
        DelegateEvent(delegate);
        ^---------------------^
contracts/BasicToken.sol:775:9: Warning: Invoking events without "emit" prefix is deprecated.
        SetDelegatedFromEvent(_source);
        ^----------------------------^
contracts/BasicToken.sol:789:9: Warning: Invoking events without "emit" prefix is deprecated.
        ChangeTrueUSDEvent(newContract);
        ^-----------------------------^
contracts/BasicToken.sol:801:9: Warning: Invoking events without "emit" prefix is deprecated.
        ChangeNameEvent(name, symbol);
        ^---------------------------^
contracts/BasicToken.sol:813:9: Warning: Invoking events without "emit" prefix is deprecated.
        AdminshipTransferred(admin, newAdmin);
        ^-----------------------------------^
contracts/BasicToken.sol:1031:5: Warning: Invoking events without "emit" prefix is deprecated.
    Transfer(_from, _to, _value);
    ^--------------------------^
contracts/BasicToken.sol:1089:5: Warning: Invoking events without "emit" prefix is deprecated.
    Burn(burner, _value);
    ^------------------^
contracts/BasicToken.sol:1091:5: Warning: Invoking events without "emit" prefix is deprecated.
    Transfer(burner, address(0), _value);
    ^----------------------------------^
contracts/BasicToken.sol:1229:5: Warning: Invoking events without "emit" prefix is deprecated.
    Approval(_tokenHolder, _spender, _value);
    ^--------------------------------------^
contracts/BasicToken.sol:1289:5: Warning: Invoking events without "emit" prefix is deprecated.
    Approval(tokenHolder, _spender, allowances.allowanceOf(tokenHolder, _spender));
    ^----------------------------------------------------------------------------^
contracts/BasicToken.sol:1339:5: Warning: Invoking events without "emit" prefix is deprecated.
    Approval(tokenHolder, _spender, allowances.allowanceOf(tokenHolder, _spender));
    ^----------------------------------------------------------------------------^
contracts/BasicToken.sol:1369:9: Warning: Invoking events without "emit" prefix is deprecated.
        DelegatedTo(delegate);
        ^-------------------^
contracts/BasicToken.sol:1775:9: Warning: Invoking events without "emit" prefix is deprecated.
        Mint(_to, _amount);
        ^----------------^
contracts/BasicToken.sol:1777:9: Warning: Invoking events without "emit" prefix is deprecated.
        Transfer(address(0), _to, _amount);
        ^--------------------------------^
contracts/BasicToken.sol:1805:9: Warning: Invoking events without "emit" prefix is deprecated.
        ChangeBurnBoundsEvent(newMin, newMax);
        ^-----------------------------------^
contracts/BasicToken.sol:1839:9: Warning: Invoking events without "emit" prefix is deprecated.
        WipedAccount(account, oldValue);
        ^-----------------------------^
contracts/BasicToken.sol:501:3: Warning: Function state mutability can be restricted to pure
  function tokenFallback(address from_, uint256 value_, bytes data_) external {
  ^ (Relevant source part starts here and spans across multiple lines).
assets/NormalAttacker.sol:5:3: Warning: No visibility specified. Defaulting to "public". 
  function() payable {
  ^ (Relevant source part starts here and spans across multiple lines).
assets/ReentrancyAttacker.sol:8:7: Warning: Return value of low-level calls not used.
      msg.sender.call(bytes4(255));
      ^--------------------------^
assets/ReentrancyAttacker.sol:5:3: Warning: No visibility specified. Defaulting to "public". 
  function() payable {
  ^ (Relevant source part starts here and spans across multiple lines).
>> Fuzz CanDelegate
** Write stats: 0.017725
** Write stats: 5.00132
** Write stats: 10.001
** Write stats: 15.0022
** Write stats: 20.0024
** Write stats: 25.0004
** Write stats: 30.002
** Write stats: 35.0017
** Write stats: 40.0019
** Write stats: 45.0002
** Write stats: 50.0019
** Write stats: 55.0585
** Write stats: 60.0487
** Write stats: 65.0034
** Write stats: 70.0016
** Write stats: 75.0015
** Write stats: 80.0009
** Write stats: 85.001
** Write stats: 90.0006
** Write stats: 95.0008
** Write stats: 100.001
** Write stats: 105
** Write stats: 110.001
** Write stats: 115.002
** Write stats: 120.001
** Write stats: 120.01
>> Fuzz HasNoTokens
** Write stats: 0.006467
** Write stats: 5.00034
** Write stats: 10.0001
** Write stats: 15.0115
** Write stats: 20.0001
** Write stats: 25.0001
** Write stats: 30.0001
** Write stats: 35.0002
** Write stats: 40.0001
** Write stats: 45.0001
** Write stats: 50.0005
** Write stats: 55.0006
** Write stats: 60.0007
** Write stats: 65.0005
** Write stats: 70.0001
** Write stats: 75.0003
** Write stats: 80.0004
** Write stats: 85.0001
** Write stats: 90.0003
** Write stats: 95.0004
** Write stats: 100
** Write stats: 105
** Write stats: 110.001
** Write stats: 115.001
** Write stats: 120.002
** Write stats: 120.002
>> Fuzz TrueUSD
** Write stats: 0.084493
** Write stats: 5.00563
** Write stats: 10.004
** Write stats: 15.0102
** Write stats: 20.0015
** Write stats: 25.0018
** Write stats: 30.002
** Write stats: 35.0028
** Write stats: 40.0128
** Write stats: 45.0067
** Write stats: 50.0058
** Write stats: 55.011
** Write stats: 60.0139
** Write stats: 65.0019
** Write stats: 70.0064
** Write stats: 75.0025
** Write stats: 80.0129
** Write stats: 85.0055
** Write stats: 90.0156
** Write stats: 95.01
** Write stats: 100.013
** Write stats: 105.008
** Write stats: 110.002
** Write stats: 115.009
** Write stats: 120.002
** Write stats: 120.017
>> Fuzz Ownable
** Write stats: 0.003209
** Write stats: 5.00015
** Write stats: 10.0001
** Write stats: 15.0002
** Write stats: 20.0002
** Write stats: 25.0001
** Write stats: 30.0045
** Write stats: 35.0002
** Write stats: 40.0001
** Write stats: 45.0001
** Write stats: 50.0005
** Write stats: 55.0001
** Write stats: 60.0002
** Write stats: 65.0001
** Write stats: 70.0004
** Write stats: 75.0001
** Write stats: 80.0004
** Write stats: 85.0002
** Write stats: 90.0002
** Write stats: 95.0005
** Write stats: 100
** Write stats: 105
** Write stats: 110.004
** Write stats: 115.001
** Write stats: 120
** Write stats: 120.014
>> Fuzz PausableToken
** Write stats: 0.029298
** Write stats: 5.00347
** Write stats: 10.0008
** Write stats: 15.0016
** Write stats: 20.0031
** Write stats: 25.0017
** Write stats: 30.0015
** Write stats: 35.0022
** Write stats: 40.0621
** Write stats: 45.0032
** Write stats: 50.0018
** Write stats: 55.0004
** Write stats: 60.0002
** Write stats: 65.002
** Write stats: 70.0007
** Write stats: 75.0007
** Write stats: 80.001
** Write stats: 85.0009
** Write stats: 90.0015
** Write stats: 95.0006
** Write stats: 100.001
** Write stats: 105.002
** Write stats: 110.002
** Write stats: 115.041
** Write stats: 120.002
** Write stats: 120.031
>> Fuzz SafeERC20
** Write stats: 0.002245
** Write stats: 5.00009
** Write stats: 10.0001
** Write stats: 15.0003
** Write stats: 20.0001
** Write stats: 25.0001
** Write stats: 35.0001
** Write stats: 40.0001
** Write stats: 45.0001
** Write stats: 50.0001
** Write stats: 55.0001
** Write stats: 60.0001
** Write stats: 70.0001
** Write stats: 75.0001
** Write stats: 80.0001
** Write stats: 85.0001
** Write stats: 90.0001
** Write stats: 95.0001
** Write stats: 100
** Write stats: 105
** Write stats: 110
** Write stats: 115.001
** Write stats: 120
** Write stats: 120
>> Fuzz StandardDelegate
** Write stats: 0.029331
** Write stats: 5.0031
** Write stats: 10.0005
** Write stats: 15.0016
** Write stats: 20.001
** Write stats: 25.0027
** Write stats: 30.0017
** Write stats: 35.0031
** Write stats: 40.0723
** Write stats: 45.1101
** Write stats: 50.0022
** Write stats: 55.0029
** Write stats: 60.0002
** Write stats: 65.0013
** Write stats: 70.0015
** Write stats: 75.001
** Write stats: 80.0343
** Write stats: 85.0031
** Write stats: 90.0005
** Write stats: 95.0025
** Write stats: 100.002
** Write stats: 105.002
** Write stats: 110.001
** Write stats: 115.054
** Write stats: 120.002
** Write stats: 120.151
>> Fuzz SafeMath
** Write stats: 0.002056
** Write stats: 5.00006
** Write stats: 10.0001
** Write stats: 15.0001
** Write stats: 20.0001
** Write stats: 25.0001
** Write stats: 30.0001
** Write stats: 35.0001
** Write stats: 40.0001
** Write stats: 45.0002
** Write stats: 50.0001
** Write stats: 55.0001
** Write stats: 60.0001
** Write stats: 65.0001
** Write stats: 70.0001
** Write stats: 75.0001
** Write stats: 80.0002
** Write stats: 85.0001
** Write stats: 90.0001
** Write stats: 95.0001
** Write stats: 100
** Write stats: 105
** Write stats: 110
** Write stats: 123.333
>> Fuzz CanReclaimToken
** Write stats: 0.004269
** Write stats: 5.00019
** Write stats: 10.0001
** Write stats: 15.0001
** Write stats: 20.0002
** Write stats: 25.0004
** Write stats: 30.0002
** Write stats: 35.0001
** Write stats: 40.0001
** Write stats: 45.0001
** Write stats: 50.0005
** Write stats: 55.0002
** Write stats: 60.0158
** Write stats: 65.0003
** Write stats: 70.0002
** Write stats: 75.0005
** Write stats: 80.0002
** Write stats: 85.0002
** Write stats: 90.0554
** Write stats: 95.0003
** Write stats: 100
** Write stats: 105.058
** Write stats: 110
** Write stats: 115.006
** Write stats: 120
** Write stats: 120.015
>> Fuzz NoOwner
** Write stats: 0.007778
** Write stats: 5.01853
** Write stats: 10.0001
** Write stats: 15.0005
** Write stats: 20.0005
** Write stats: 25.0004
** Write stats: 30.0003
** Write stats: 35.0004
** Write stats: 40.0001
** Write stats: 45.0002
** Write stats: 50.0005
** Write stats: 55.0006
** Write stats: 60.0005
** Write stats: 65.0001
** Write stats: 70.0001
** Write stats: 75.0004
** Write stats: 80.0002
** Write stats: 85.0002
** Write stats: 90.0004
** Write stats: 95.0005
** Write stats: 100
** Write stats: 105
** Write stats: 110.078
** Write stats: 115.022
** Write stats: 120
** Write stats: 120.02
>> Fuzz TimeLockedController
** Write stats: 0.049495
** Write stats: 5.01605
** Write stats: 10.0177
** Write stats: 15.0278
** Write stats: 20.0808
** Write stats: 25.0981
** Write stats: 30.0359
** Write stats: 35.0526
** Write stats: 40.0593
** Write stats: 45.0545
** Write stats: 50.0032
** Write stats: 55.0479
** Write stats: 60.0851
** Write stats: 65.0256
** Write stats: 70.001
** Write stats: 75.1508
** Write stats: 80.1644
** Write stats: 81.8445
>> Fuzz Pausable
** Write stats: 0.003623
** Write stats: 5.00017
** Write stats: 10.0001
** Write stats: 15.0001
** Write stats: 20.0036
** Write stats: 25.0001
** Write stats: 30.0003
** Write stats: 35.0002
** Write stats: 40.0001
** Write stats: 45.0003
** Write stats: 50.0003
** Write stats: 55.0002
** Write stats: 60.0004
** Write stats: 65.0006
** Write stats: 70.0003
** Write stats: 75.0004
** Write stats: 80.0004
** Write stats: 85.0006
** Write stats: 90.0005
** Write stats: 95.0003
** Write stats: 100
** Write stats: 105.031
** Write stats: 110.001
** Write stats: 115
** Write stats: 120
** Write stats: 120.028
>> Fuzz HasNoEther
** Write stats: 0.004076
** Write stats: 5.00021
** Write stats: 10.0002
** Write stats: 15.0002
** Write stats: 20.0001
** Write stats: 25.0003
** Write stats: 30.0002
** Write stats: 35.0001
** Write stats: 40.0002
** Write stats: 45.0002
** Write stats: 50.0003
** Write stats: 55.0003
** Write stats: 60.0003
** Write stats: 65.0001
** Write stats: 70.0001
** Write stats: 75.0002
** Write stats: 80.0111
** Write stats: 85.0002
** Write stats: 90.012
** Write stats: 95.0002
** Write stats: 100
** Write stats: 105
** Write stats: 110
** Write stats: 115
** Write stats: 120
** Write stats: 120.011
>> Fuzz AddressList
** Write stats: 0.008093
** Write stats: 5.00008
** Write stats: 10.0006
** Write stats: 15.0004
** Write stats: 20.0111
** Write stats: 25.0002
** Write stats: 30.0001
** Write stats: 35.0003
** Write stats: 40.001
** Write stats: 45.0005
** Write stats: 50.0012
** Write stats: 55.001
** Write stats: 60.0004
** Write stats: 65.0005
** Write stats: 70.0002
** Write stats: 75.003
** Write stats: 80.0013
** Write stats: 85.0028
** Write stats: 90.0021
** Write stats: 95.0025
** Write stats: 100.001
** Write stats: 105.001
** Write stats: 110
** Write stats: 115
** Write stats: 120.001
** Write stats: 120.032
>> Fuzz AllowanceSheet
** Write stats: 0.010282
** Write stats: 5.00183
** Write stats: 10.0018
** Write stats: 15.0037
** Write stats: 20.0039
** Write stats: 25.0034
** Write stats: 30.0008
** Write stats: 35.0002
** Write stats: 40.0024
** Write stats: 45.0014
** Write stats: 50.0043
** Write stats: 55.0036
** Write stats: 60.0012
** Write stats: 65.0048
** Write stats: 70.0025
** Write stats: 75.0029
** Write stats: 80.0022
** Write stats: 85.007
** Write stats: 90.0038
** Write stats: 95.0028
** Write stats: 100.002
** Write stats: 105.004
** Write stats: 110.006
** Write stats: 115.008
** Write stats: 120.003
** Write stats: 120.035
>> Fuzz Claimable
** Write stats: 0.003423
** Write stats: 5.00019
** Write stats: 10.0002
** Write stats: 15.0002
** Write stats: 20.0029
** Write stats: 25.008
** Write stats: 30.0001
** Write stats: 35.0007
** Write stats: 40.0004
** Write stats: 45.0003
** Write stats: 50.0001
** Write stats: 55.0005
** Write stats: 60.0001
** Write stats: 65.0004
** Write stats: 70.0003
** Write stats: 75.0516
** Write stats: 80.0005
** Write stats: 85.0163
** Write stats: 90.0002
** Write stats: 95.0088
** Write stats: 100
** Write stats: 105.012
** Write stats: 110
** Write stats: 115.004
** Write stats: 120
** Write stats: 120.006
>> Fuzz HasNoContracts
** Write stats: 0.004631
** Write stats: 5.00015
** Write stats: 10.0001
** Write stats: 15.0002
** Write stats: 20.0004
** Write stats: 25.0222
** Write stats: 30.0271
** Write stats: 35.0002
** Write stats: 40.0001
** Write stats: 45.0001
** Write stats: 50.0001
** Write stats: 55.0069
** Write stats: 60.0003
** Write stats: 65.0001
** Write stats: 70.0001
** Write stats: 75.0003
** Write stats: 80.0003
** Write stats: 85.0003
** Write stats: 90.0003
** Write stats: 95.0002
** Write stats: 100.022
** Write stats: 105.026
** Write stats: 110.019
** Write stats: 115
** Write stats: 120
** Write stats: 120.001
>> Fuzz NamableAddressList
** Write stats: 0.009284
** Write stats: 5.00034
** Write stats: 10.0004
** Write stats: 15.0003
** Write stats: 20.0006
** Write stats: 25.0004
** Write stats: 30.0007
** Write stats: 35.0007
** Write stats: 40.0002
** Write stats: 45.0006
** Write stats: 50.0422
** Write stats: 55.0069
** Write stats: 60.0004
** Write stats: 65.0542
** Write stats: 70.0005
** Write stats: 75.0007
** Write stats: 80.0004
** Write stats: 85.0001
** Write stats: 90.0005
** Write stats: 95.0496
** Write stats: 100
** Write stats: 105
** Write stats: 110.001
** Write stats: 115.03
** Write stats: 120.021
>> Fuzz BalanceSheet
** Write stats: 0.008295
** Write stats: 5.00177
** Write stats: 10.0017
** Write stats: 15.0016
** Write stats: 20.0005
** Write stats: 25.0014
** Write stats: 30.002
** Write stats: 35.0025
** Write stats: 40.0027
** Write stats: 45.0043
** Write stats: 50.0033
** Write stats: 55.0002
** Write stats: 60.0042
** Write stats: 65.0007
** Write stats: 70.0014
** Write stats: 75.001
** Write stats: 80.0022
** Write stats: 85.0011
** Write stats: 90.0025
** Write stats: 95.0044
** Write stats: 100.006
** Write stats: 105.001
** Write stats: 110.001
** Write stats: 115.003
** Write stats: 120.004
** Write stats: 120.01
>> Fuzz StandardToken
** Write stats: 0.015545
** Write stats: 5.0112
** Write stats: 10.0574
** Write stats: 15.0014
** Write stats: 20.0016
** Write stats: 25.0006
** Write stats: 30.0013
** Write stats: 35.0009
** Write stats: 40.0019
** Write stats: 45.0003
** Write stats: 50.0004
** Write stats: 55.0002
** Write stats: 60.0411
** Write stats: 65.0005
** Write stats: 70.0007
** Write stats: 75.0008
** Write stats: 80.0001
** Write stats: 85.0008
** Write stats: 90.0015
** Write stats: 95.0002
** Write stats: 100.002
** Write stats: 105.001
** Write stats: 110.001
** Write stats: 115.002
** Write stats: 120.001
** Write stats: 120.035
>> Fuzz BurnableToken
** Write stats: 0.007409
** Write stats: 5.00028
** Write stats: 10.0003
** Write stats: 15.0004
** Write stats: 20.0001
** Write stats: 25.0002
** Write stats: 30.0006
** Write stats: 35.0005
** Write stats: 40.0001
** Write stats: 45.0002
** Write stats: 50.0006
** Write stats: 55.0006
** Write stats: 60.0007
** Write stats: 65.0001
** Write stats: 70.0004
** Write stats: 75.0004
** Write stats: 80.0002
** Write stats: 85.0003
** Write stats: 90.0002
** Write stats: 95.0122
** Write stats: 100
** Write stats: 105.001
** Write stats: 110
** Write stats: 115.001
** Write stats: 120
** Write stats: 120.013
>> Fuzz BasicToken
** Write stats: 0.006761
** Write stats: 5.0004
** Write stats: 10.0003
** Write stats: 15.0002
** Write stats: 20.0001
** Write stats: 25.0002
** Write stats: 30.0002
** Write stats: 35.0003
** Write stats: 40.0002
** Write stats: 45.0004
** Write stats: 50.0085
** Write stats: 55.0001
** Write stats: 60.0005
** Write stats: 65.0004
** Write stats: 70.0002
** Write stats: 75.0004
** Write stats: 80.0002
** Write stats: 85.0005
** Write stats: 90.0003
** Write stats: 95.0296
** Write stats: 100.001
** Write stats: 105
** Write stats: 110
** Write stats: 115
** Write stats: 120
** Write stats: 120.031
