'solc --version' running
'solc /sb/0xa70bbfe72a97b2bbf08fead044ae020e5c5ae76f.sol --combined-json abi,ast,bin,bin-runtime,srcmap,srcmap-runtime,userdoc,devdoc,hashes,compact-format --allow-paths .,/sb' running
Compilation warnings/errors on /sb/0xa70bbfe72a97b2bbf08fead044ae020e5c5ae76f.sol:
/sb/0xa70bbfe72a97b2bbf08fead044ae020e5c5ae76f.sol:766:45: Warning: "throw" is deprecated in favour of "revert()", "require()" and "assert()".
        if ((_nbytes == 0)||(_nbytes > 32)) throw;
                                            ^---^
/sb/0xa70bbfe72a97b2bbf08fead044ae020e5c5ae76f.sol:856:71: Warning: "throw" is deprecated in favour of "revert()", "require()" and "assert()".
        if ((_proof[0] != "L")||(_proof[1] != "P")||(_proof[2] != 1)) throw;
                                                                      ^---^
/sb/0xa70bbfe72a97b2bbf08fead044ae020e5c5ae76f.sol:859:37: Warning: "throw" is deprecated in favour of "revert()", "require()" and "assert()".
        if (proofVerified == false) throw;
                                    ^---^
/sb/0xa70bbfe72a97b2bbf08fead044ae020e5c5ae76f.sol:867:14: Warning: Use of the "var" keyword is deprecated.
        for (var i=0; i<prefix.length; i++){
             ^---^
/sb/0xa70bbfe72a97b2bbf08fead044ae020e5c5ae76f.sol:930:13: Warning: "throw" is deprecated in favour of "revert()", "require()" and "assert()".
            throw; // Should be a better way?
            ^---^
/sb/0xa70bbfe72a97b2bbf08fead044ae020e5c5ae76f.sol:1051:3: Warning: Defining constructors as functions with the same name as the contract is deprecated. Use "constructor(...) { ... }" instead.
  function Ownable() {
  ^ (Relevant source part starts here and spans across multiple lines).
/sb/0xa70bbfe72a97b2bbf08fead044ae020e5c5ae76f.sol:1099:5: Warning: Defining constructors as functions with the same name as the contract is deprecated. Use "constructor(...) { ... }" instead.
    function CMCEthereumTicker(address _manager, uint256 _delay) {
    ^ (Relevant source part starts here and spans across multiple lines).
/sb/0xa70bbfe72a97b2bbf08fead044ae020e5c5ae76f.sol:1246:5: Warning: Defining constructors as functions with the same name as the contract is deprecated. Use "constructor(...) { ... }" instead.
    function DBIPToken (uint256 _initial_supply) {
    ^ (Relevant source part starts here and spans across multiple lines).
/sb/0xa70bbfe72a97b2bbf08fead044ae020e5c5ae76f.sol:1346:5: Warning: Defining constructors as functions with the same name as the contract is deprecated. Use "constructor(...) { ... }" instead.
    function PresaleToken(uint256 _limitUSD, uint256 _priceCents) {
    ^ (Relevant source part starts here and spans across multiple lines).
/sb/0xa70bbfe72a97b2bbf08fead044ae020e5c5ae76f.sol:1493:9: Warning: Use of the "var" keyword is deprecated.
        var migratedValue = token.balanceOf(_owner);
        ^---------------^
/sb/0xa70bbfe72a97b2bbf08fead044ae020e5c5ae76f.sol:1276:58: Warning: This declaration shadows an existing declaration.
    function balanceOf(address _owner) constant returns (uint256 balanceOf) {
                                                         ^---------------^
/sb/0xa70bbfe72a97b2bbf08fead044ae020e5c5ae76f.sol:1276:5: The shadowed declaration is here:
    function balanceOf(address _owner) constant returns (uint256 balanceOf) {
    ^ (Relevant source part starts here and spans across multiple lines).

/sb/0xa70bbfe72a97b2bbf08fead044ae020e5c5ae76f.sol:1280:46: Warning: This declaration shadows an existing declaration.
    function totalSupply() constant returns (uint256 totalSupply) {
                                             ^-----------------^
/sb/0xa70bbfe72a97b2bbf08fead044ae020e5c5ae76f.sol:1280:5: The shadowed declaration is here:
    function totalSupply() constant returns (uint256 totalSupply) {
    ^ (Relevant source part starts here and spans across multiple lines).

/sb/0xa70bbfe72a97b2bbf08fead044ae020e5c5ae76f.sol:780:50: Warning: "sha3" has been deprecated in favour of "keccak256"
        oraclize_randomDS_setCommitment(queryId, sha3(bytes8(_delay), args[1], sha256(args[0]), args[2]));
                                                 ^-----------------------------------------------------^
/sb/0xa70bbfe72a97b2bbf08fead044ae020e5c5ae76f.sol:780:50: Warning: This function only accepts a single "bytes" argument. Please use "abi.encodePacked(...)" or a similar function to encode the data.
        oraclize_randomDS_setCommitment(queryId, sha3(bytes8(_delay), args[1], sha256(args[0]), args[2]));
                                                 ^-----------------------------------------------------^
/sb/0xa70bbfe72a97b2bbf08fead044ae020e5c5ae76f.sol:812:21: Warning: "sha3" has been deprecated in favour of "keccak256"
        if (address(sha3(pubkey)) == signer) return true;
                    ^----------^
/sb/0xa70bbfe72a97b2bbf08fead044ae020e5c5ae76f.sol:815:29: Warning: "sha3" has been deprecated in favour of "keccak256"
            return (address(sha3(pubkey)) == signer);
                            ^----------^
/sb/0xa70bbfe72a97b2bbf08fead044ae020e5c5ae76f.sol:830:22: Warning: Decimal literal assigned to bytesXX variable will be left-aligned. Use an explicit conversion to silence this warning.
        tosign2[0] = 1; //role
                     ^
/sb/0xa70bbfe72a97b2bbf08fead044ae020e5c5ae76f.sol:867:14: Warning: The type of this variable was inferred as uint8, which can hold values between 0 and 255. This is probably not desired. Use an explicit type to silence this warning.
        for (var i=0; i<prefix.length; i++){
             ^-----^
/sb/0xa70bbfe72a97b2bbf08fead044ae020e5c5ae76f.sol:882:20: Warning: "sha3" has been deprecated in favour of "keccak256"
        checkok = (sha3(keyhash) == sha3(sha256(context_name, queryId)));
                   ^-----------^
/sb/0xa70bbfe72a97b2bbf08fead044ae020e5c5ae76f.sol:882:42: Warning: This function only accepts a single "bytes" argument. Please use "abi.encodePacked(...)" or a similar function to encode the data.
        checkok = (sha3(keyhash) == sha3(sha256(context_name, queryId)));
                                         ^---------------------------^
/sb/0xa70bbfe72a97b2bbf08fead044ae020e5c5ae76f.sol:882:37: Warning: "sha3" has been deprecated in favour of "keccak256"
        checkok = (sha3(keyhash) == sha3(sha256(context_name, queryId)));
                                    ^---------------------------------^
/sb/0xa70bbfe72a97b2bbf08fead044ae020e5c5ae76f.sol:882:37: Warning: This function only accepts a single "bytes" argument. Please use "abi.encodePacked(...)" or a similar function to encode the data.
        checkok = (sha3(keyhash) == sha3(sha256(context_name, queryId)));
                                    ^---------------------------------^
/sb/0xa70bbfe72a97b2bbf08fead044ae020e5c5ae76f.sol:882:37: Warning: The provided argument of type bytes32 is not implicitly convertible to expected type bytes memory.
        checkok = (sha3(keyhash) == sha3(sha256(context_name, queryId)));
                                    ^---------------------------------^
/sb/0xa70bbfe72a97b2bbf08fead044ae020e5c5ae76f.sol:904:48: Warning: "sha3" has been deprecated in favour of "keccak256"
        if (oraclize_randomDS_args[queryId] == sha3(commitmentSlice1, sessionPubkeyHash)){ //unonce, nbytes and sessionKeyHash match
                                               ^---------------------------------------^
/sb/0xa70bbfe72a97b2bbf08fead044ae020e5c5ae76f.sol:904:48: Warning: This function only accepts a single "bytes" argument. Please use "abi.encodePacked(...)" or a similar function to encode the data.
        if (oraclize_randomDS_args[queryId] == sha3(commitmentSlice1, sessionPubkeyHash)){ //unonce, nbytes and sessionKeyHash match
                                               ^---------------------------------------^
/sb/0xa70bbfe72a97b2bbf08fead044ae020e5c5ae76f.sol:1132:9: Warning: Invoking events without "emit" prefix is deprecated.
        newPriceTicker(result);
        ^--------------------^
/sb/0xa70bbfe72a97b2bbf08fead044ae020e5c5ae76f.sol:1139:40: Warning: Using contract member "balance" inherited from the address type is deprecated. Convert the contract to "address" type to access the member, for example use "address(contract).balance" instead.
        if (oraclize.getPrice("URL") > this.balance) {
                                       ^----------^
/sb/0xa70bbfe72a97b2bbf08fead044ae020e5c5ae76f.sol:1140:13: Warning: Invoking events without "emit" prefix is deprecated.
            newOraclizeQuery("Oraclize query was NOT sent, please add some ETH to cover for the query fee");
            ^---------------------------------------------------------------------------------------------^
/sb/0xa70bbfe72a97b2bbf08fead044ae020e5c5ae76f.sol:1142:13: Warning: Invoking events without "emit" prefix is deprecated.
            newOraclizeQuery("Oraclize query was sent, standing by for the answer..");
            ^-----------------------------------------------------------------------^
/sb/0xa70bbfe72a97b2bbf08fead044ae020e5c5ae76f.sol:1148:40: Warning: Using contract member "balance" inherited from the address type is deprecated. Convert the contract to "address" type to access the member, for example use "address(contract).balance" instead.
        if (oraclize.getPrice("URL") > this.balance) {
                                       ^----------^
/sb/0xa70bbfe72a97b2bbf08fead044ae020e5c5ae76f.sol:1149:13: Warning: Invoking events without "emit" prefix is deprecated.
            newOraclizeQuery("Oraclize query was NOT sent, please add some ETH to cover for the query fee");
            ^---------------------------------------------------------------------------------------------^
/sb/0xa70bbfe72a97b2bbf08fead044ae020e5c5ae76f.sol:1151:13: Warning: Invoking events without "emit" prefix is deprecated.
            newOraclizeQuery("Oraclize query was sent, standing by for the answer..");
            ^-----------------------------------------------------------------------^
/sb/0xa70bbfe72a97b2bbf08fead044ae020e5c5ae76f.sol:1269:9: Warning: Invoking events without "emit" prefix is deprecated.
        Transfer(owner,_to,_value);
        ^------------------------^
/sb/0xa70bbfe72a97b2bbf08fead044ae020e5c5ae76f.sol:1294:9: Warning: Invoking events without "emit" prefix is deprecated.
        Transfer(msg.sender,_to,_value);
        ^-----------------------------^
/sb/0xa70bbfe72a97b2bbf08fead044ae020e5c5ae76f.sol:1303:9: Warning: Invoking events without "emit" prefix is deprecated.
        Approval(msg.sender,_spender,_value);
        ^----------------------------------^
/sb/0xa70bbfe72a97b2bbf08fead044ae020e5c5ae76f.sol:1316:9: Warning: Invoking events without "emit" prefix is deprecated.
        Transfer(_from,_to,_value);
        ^------------------------^
/sb/0xa70bbfe72a97b2bbf08fead044ae020e5c5ae76f.sol:1436:13: Warning: Invoking events without "emit" prefix is deprecated.
            LogBuy(_buyer, remainder, centsPerETH);
            ^------------------------------------^
/sb/0xa70bbfe72a97b2bbf08fead044ae020e5c5ae76f.sol:1441:13: Warning: Invoking events without "emit" prefix is deprecated.
            LogBuy(_buyer, newTokens, centsPerETH);
            ^------------------------------------^
/sb/0xa70bbfe72a97b2bbf08fead044ae020e5c5ae76f.sol:1447:13: Warning: Invoking events without "emit" prefix is deprecated.
            LogPhaseSwitch(Phase.Finished);
            ^----------------------------^
/sb/0xa70bbfe72a97b2bbf08fead044ae020e5c5ae76f.sol:1472:13: Warning: Invoking events without "emit" prefix is deprecated.
            LogBuy(_buyer, remainder, centsPerETH);
            ^------------------------------------^
/sb/0xa70bbfe72a97b2bbf08fead044ae020e5c5ae76f.sol:1478:13: Warning: Invoking events without "emit" prefix is deprecated.
            LogBuy(_buyer, newTokens, centsPerETH);
            ^------------------------------------^
/sb/0xa70bbfe72a97b2bbf08fead044ae020e5c5ae76f.sol:1484:13: Warning: Invoking events without "emit" prefix is deprecated.
            LogPhaseSwitch(Phase.Finished);
            ^----------------------------^
/sb/0xa70bbfe72a97b2bbf08fead044ae020e5c5ae76f.sol:1495:9: Warning: Invoking events without "emit" prefix is deprecated.
        LogMigrate(_owner, migratedValue);
        ^-------------------------------^
/sb/0xa70bbfe72a97b2bbf08fead044ae020e5c5ae76f.sol:1498:13: Warning: Invoking events without "emit" prefix is deprecated.
            LogPhaseSwitch(Phase.Migrated);
            ^----------------------------^
/sb/0xa70bbfe72a97b2bbf08fead044ae020e5c5ae76f.sol:1509:9: Warning: Invoking events without "emit" prefix is deprecated.
        LogPhaseSwitch(Phase.Running);
        ^---------------------------^
/sb/0xa70bbfe72a97b2bbf08fead044ae020e5c5ae76f.sol:1518:9: Warning: Invoking events without "emit" prefix is deprecated.
        LogPhaseSwitch(Phase.Finished);
        ^----------------------------^
/sb/0xa70bbfe72a97b2bbf08fead044ae020e5c5ae76f.sol:1532:9: Warning: Invoking events without "emit" prefix is deprecated.
        LogPhaseSwitch(Phase.Finalized);
        ^-----------------------------^
/sb/0xa70bbfe72a97b2bbf08fead044ae020e5c5ae76f.sol:1542:9: Warning: Invoking events without "emit" prefix is deprecated.
        LogPhaseSwitch(Phase.Migrating);
        ^-----------------------------^
/sb/0xa70bbfe72a97b2bbf08fead044ae020e5c5ae76f.sol:1547:16: Warning: Using contract member "balance" inherited from the address type is deprecated. Convert the contract to "address" type to access the member, for example use "address(contract).balance" instead.
        assert(this.balance > 0);
               ^----------^
/sb/0xa70bbfe72a97b2bbf08fead044ae020e5c5ae76f.sol:1548:24: Warning: Using contract member "balance" inherited from the address type is deprecated. Convert the contract to "address" type to access the member, for example use "address(contract).balance" instead.
        owner.transfer(this.balance);
                       ^----------^
/sb/0xa70bbfe72a97b2bbf08fead044ae020e5c5ae76f.sol:1573:9: Warning: Invoking events without "emit" prefix is deprecated.
        LogPhaseSwitch(Phase.Running);
        ^---------------------------^
/sb/0xa70bbfe72a97b2bbf08fead044ae020e5c5ae76f.sol:1584:9: Warning: Invoking events without "emit" prefix is deprecated.
        LogGive(_address, _value, _reason);
        ^--------------------------------^
/sb/0xa70bbfe72a97b2bbf08fead044ae020e5c5ae76f.sol:39:5: Warning: No visibility specified. Defaulting to "public". 
    function query(uint _timestamp, string _datasource, string _arg) payable returns (bytes32 _id);
    ^---------------------------------------------------------------------------------------------^
/sb/0xa70bbfe72a97b2bbf08fead044ae020e5c5ae76f.sol:40:5: Warning: No visibility specified. Defaulting to "public". 
    function query_withGasLimit(uint _timestamp, string _datasource, string _arg, uint _gaslimit) payable returns (bytes32 _id);
    ^--------------------------------------------------------------------------------------------------------------------------^
/sb/0xa70bbfe72a97b2bbf08fead044ae020e5c5ae76f.sol:41:5: Warning: No visibility specified. Defaulting to "public". 
    function query2(uint _timestamp, string _datasource, string _arg1, string _arg2) payable returns (bytes32 _id);
    ^-------------------------------------------------------------------------------------------------------------^
/sb/0xa70bbfe72a97b2bbf08fead044ae020e5c5ae76f.sol:42:5: Warning: No visibility specified. Defaulting to "public". 
    function query2_withGasLimit(uint _timestamp, string _datasource, string _arg1, string _arg2, uint _gaslimit) payable returns (bytes32 _id);
    ^------------------------------------------------------------------------------------------------------------------------------------------^
/sb/0xa70bbfe72a97b2bbf08fead044ae020e5c5ae76f.sol:43:5: Warning: No visibility specified. Defaulting to "public". 
    function queryN(uint _timestamp, string _datasource, bytes _argN) payable returns (bytes32 _id);
    ^----------------------------------------------------------------------------------------------^
/sb/0xa70bbfe72a97b2bbf08fead044ae020e5c5ae76f.sol:44:5: Warning: No visibility specified. Defaulting to "public". 
    function queryN_withGasLimit(uint _timestamp, string _datasource, bytes _argN, uint _gaslimit) payable returns (bytes32 _id);
    ^---------------------------------------------------------------------------------------------------------------------------^
/sb/0xa70bbfe72a97b2bbf08fead044ae020e5c5ae76f.sol:45:5: Warning: No visibility specified. Defaulting to "public". 
    function getPrice(string _datasource) returns (uint _dsprice);
    ^------------------------------------------------------------^
/sb/0xa70bbfe72a97b2bbf08fead044ae020e5c5ae76f.sol:46:5: Warning: No visibility specified. Defaulting to "public". 
    function getPrice(string _datasource, uint gaslimit) returns (uint _dsprice);
    ^---------------------------------------------------------------------------^
/sb/0xa70bbfe72a97b2bbf08fead044ae020e5c5ae76f.sol:47:5: Warning: No visibility specified. Defaulting to "public". 
    function useCoupon(string _coupon);
    ^---------------------------------^
/sb/0xa70bbfe72a97b2bbf08fead044ae020e5c5ae76f.sol:48:5: Warning: No visibility specified. Defaulting to "public". 
    function setProofType(byte _proofType);
    ^-------------------------------------^
/sb/0xa70bbfe72a97b2bbf08fead044ae020e5c5ae76f.sol:49:5: Warning: No visibility specified. Defaulting to "public". 
    function setConfig(bytes32 _config);
    ^----------------------------------^
/sb/0xa70bbfe72a97b2bbf08fead044ae020e5c5ae76f.sol:50:5: Warning: No visibility specified. Defaulting to "public". 
    function setCustomGasPrice(uint _gasPrice);
    ^-----------------------------------------^
/sb/0xa70bbfe72a97b2bbf08fead044ae020e5c5ae76f.sol:51:5: Warning: No visibility specified. Defaulting to "public". 
    function randomDS_getSessionPubKeyHash() returns(bytes32);
    ^--------------------------------------------------------^
/sb/0xa70bbfe72a97b2bbf08fead044ae020e5c5ae76f.sol:54:5: Warning: No visibility specified. Defaulting to "public". 
    function getAddress() returns (address _addr);
    ^--------------------------------------------^
/sb/0xa70bbfe72a97b2bbf08fead044ae020e5c5ae76f.sol:86:34: Warning: Unused function parameter. Remove or comment out the variable name to silence this warning.
    function oraclize_setNetwork(uint8 networkID) internal returns(bool){
                                 ^-------------^
/sb/0xa70bbfe72a97b2bbf08fead044ae020e5c5ae76f.sol:122:5: Warning: No visibility specified. Defaulting to "public". 
    function __callback(bytes32 myid, string result) {
    ^ (Relevant source part starts here and spans across multiple lines).
/sb/0xa70bbfe72a97b2bbf08fead044ae020e5c5ae76f.sol:125:5: Warning: No visibility specified. Defaulting to "public". 
    function __callback(bytes32 myid, string result, bytes proof) {
    ^ (Relevant source part starts here and spans across multiple lines).
/sb/0xa70bbfe72a97b2bbf08fead044ae020e5c5ae76f.sol:125:25: Warning: Unused function parameter. Remove or comment out the variable name to silence this warning.
    function __callback(bytes32 myid, string result, bytes proof) {
                        ^----------^
/sb/0xa70bbfe72a97b2bbf08fead044ae020e5c5ae76f.sol:125:39: Warning: Unused function parameter. Remove or comment out the variable name to silence this warning.
    function __callback(bytes32 myid, string result, bytes proof) {
                                      ^-----------^
/sb/0xa70bbfe72a97b2bbf08fead044ae020e5c5ae76f.sol:125:54: Warning: Unused function parameter. Remove or comment out the variable name to silence this warning.
    function __callback(bytes32 myid, string result, bytes proof) {
                                                     ^---------^
/sb/0xa70bbfe72a97b2bbf08fead044ae020e5c5ae76f.sol:1051:3: Warning: No visibility specified. Defaulting to "public". 
  function Ownable() {
  ^ (Relevant source part starts here and spans across multiple lines).
/sb/0xa70bbfe72a97b2bbf08fead044ae020e5c5ae76f.sol:1060:3: Warning: No visibility specified. Defaulting to "public". 
  function transferOwnership(address newOwner) onlyOwner {
  ^ (Relevant source part starts here and spans across multiple lines).
/sb/0xa70bbfe72a97b2bbf08fead044ae020e5c5ae76f.sol:1074:5: Warning: No visibility specified. Defaulting to "public". 
    function freeze() onlyOwner {
    ^ (Relevant source part starts here and spans across multiple lines).
/sb/0xa70bbfe72a97b2bbf08fead044ae020e5c5ae76f.sol:1078:5: Warning: No visibility specified. Defaulting to "public". 
    function unfreeze() onlyOwner {
    ^ (Relevant source part starts here and spans across multiple lines).
/sb/0xa70bbfe72a97b2bbf08fead044ae020e5c5ae76f.sol:1099:5: Warning: No visibility specified. Defaulting to "public". 
    function CMCEthereumTicker(address _manager, uint256 _delay) {
    ^ (Relevant source part starts here and spans across multiple lines).
/sb/0xa70bbfe72a97b2bbf08fead044ae020e5c5ae76f.sol:1106:5: Warning: No visibility specified. Defaulting to "public". 
    function getCentsPerETH() constant returns(uint256) {
    ^ (Relevant source part starts here and spans across multiple lines).
/sb/0xa70bbfe72a97b2bbf08fead044ae020e5c5ae76f.sol:1110:5: Warning: No visibility specified. Defaulting to "public". 
    function getEnabled() constant returns(bool) {
    ^ (Relevant source part starts here and spans across multiple lines).
/sb/0xa70bbfe72a97b2bbf08fead044ae020e5c5ae76f.sol:1114:5: Warning: No visibility specified. Defaulting to "public". 
    function enable() 
    ^ (Relevant source part starts here and spans across multiple lines).
/sb/0xa70bbfe72a97b2bbf08fead044ae020e5c5ae76f.sol:1122:5: Warning: No visibility specified. Defaulting to "public". 
    function disable() 
    ^ (Relevant source part starts here and spans across multiple lines).
/sb/0xa70bbfe72a97b2bbf08fead044ae020e5c5ae76f.sol:1129:5: Warning: No visibility specified. Defaulting to "public". 
    function __callback(bytes32 myid, string result) {
    ^ (Relevant source part starts here and spans across multiple lines).
/sb/0xa70bbfe72a97b2bbf08fead044ae020e5c5ae76f.sol:1129:25: Warning: Unused function parameter. Remove or comment out the variable name to silence this warning.
    function __callback(bytes32 myid, string result) {
                        ^----------^
/sb/0xa70bbfe72a97b2bbf08fead044ae020e5c5ae76f.sol:1156:5: Warning: No visibility specified. Defaulting to "public". 
    function payToManager(uint256 _amount) 
    ^ (Relevant source part starts here and spans across multiple lines).
/sb/0xa70bbfe72a97b2bbf08fead044ae020e5c5ae76f.sol:1162:5: Warning: No visibility specified. Defaulting to "public". 
    function () payable {}
    ^--------------------^
/sb/0xa70bbfe72a97b2bbf08fead044ae020e5c5ae76f.sol:1171:5: Warning: No visibility specified. Defaulting to "public". 
    function createTicker(uint256 _delay) 
    ^ (Relevant source part starts here and spans across multiple lines).
/sb/0xa70bbfe72a97b2bbf08fead044ae020e5c5ae76f.sol:1177:5: Warning: No visibility specified. Defaulting to "public". 
    function attachTicker(address _tickerAddress)
    ^ (Relevant source part starts here and spans across multiple lines).
/sb/0xa70bbfe72a97b2bbf08fead044ae020e5c5ae76f.sol:1183:5: Warning: No visibility specified. Defaulting to "public". 
    function enableTicker() 
    ^ (Relevant source part starts here and spans across multiple lines).
/sb/0xa70bbfe72a97b2bbf08fead044ae020e5c5ae76f.sol:1189:5: Warning: No visibility specified. Defaulting to "public". 
    function disableTicker() 
    ^ (Relevant source part starts here and spans across multiple lines).
/sb/0xa70bbfe72a97b2bbf08fead044ae020e5c5ae76f.sol:1195:5: Warning: No visibility specified. Defaulting to "public". 
    function sendToTicker() payable
    ^ (Relevant source part starts here and spans across multiple lines).
/sb/0xa70bbfe72a97b2bbf08fead044ae020e5c5ae76f.sol:1202:5: Warning: No visibility specified. Defaulting to "public". 
    function withdrawFromTicker(uint _amount)
    ^ (Relevant source part starts here and spans across multiple lines).
/sb/0xa70bbfe72a97b2bbf08fead044ae020e5c5ae76f.sol:1209:5: Warning: No visibility specified. Defaulting to "public". 
    function tickerAddress() constant returns (address) {
    ^ (Relevant source part starts here and spans across multiple lines).
/sb/0xa70bbfe72a97b2bbf08fead044ae020e5c5ae76f.sol:1213:5: Warning: No visibility specified. Defaulting to "public". 
    function getCentsPerETH() constant returns (uint256) {
    ^ (Relevant source part starts here and spans across multiple lines).
/sb/0xa70bbfe72a97b2bbf08fead044ae020e5c5ae76f.sol:1246:5: Warning: No visibility specified. Defaulting to "public". 
    function DBIPToken (uint256 _initial_supply) {
    ^ (Relevant source part starts here and spans across multiple lines).
/sb/0xa70bbfe72a97b2bbf08fead044ae020e5c5ae76f.sol:1253:5: Warning: No visibility specified. Defaulting to "public". 
    function raiseSupply (uint256 _new_supply) 
    ^ (Relevant source part starts here and spans across multiple lines).
/sb/0xa70bbfe72a97b2bbf08fead044ae020e5c5ae76f.sol:1263:5: Warning: No visibility specified. Defaulting to "public". 
    function ownerTransfer(address _to, uint256 _value) onlyOwner returns (bool success) 
    ^ (Relevant source part starts here and spans across multiple lines).
/sb/0xa70bbfe72a97b2bbf08fead044ae020e5c5ae76f.sol:1276:5: Warning: No visibility specified. Defaulting to "public". 
    function balanceOf(address _owner) constant returns (uint256 balanceOf) {
    ^ (Relevant source part starts here and spans across multiple lines).
/sb/0xa70bbfe72a97b2bbf08fead044ae020e5c5ae76f.sol:1280:5: Warning: No visibility specified. Defaulting to "public". 
    function totalSupply() constant returns (uint256 totalSupply) {
    ^ (Relevant source part starts here and spans across multiple lines).
/sb/0xa70bbfe72a97b2bbf08fead044ae020e5c5ae76f.sol:1284:5: Warning: No visibility specified. Defaulting to "public". 
    function allowance(address _owner, address _spender) constant returns (uint256 remaining) {
    ^ (Relevant source part starts here and spans across multiple lines).
/sb/0xa70bbfe72a97b2bbf08fead044ae020e5c5ae76f.sol:1288:5: Warning: No visibility specified. Defaulting to "public". 
    function transfer(address _to, uint256 _value) whileNotFrozen minimalPayloadSize(2 * 32) returns (bool success) 
    ^ (Relevant source part starts here and spans across multiple lines).
/sb/0xa70bbfe72a97b2bbf08fead044ae020e5c5ae76f.sol:1299:5: Warning: No visibility specified. Defaulting to "public". 
    function approve(address _spender, uint256 _value) whileNotFrozen  returns (bool success) {
    ^ (Relevant source part starts here and spans across multiple lines).
/sb/0xa70bbfe72a97b2bbf08fead044ae020e5c5ae76f.sol:1309:5: Warning: No visibility specified. Defaulting to "public". 
    function transferFrom(address _from, address _to, uint256 _value) whileNotFrozen minimalPayloadSize(3 * 32) returns (bool success) {
    ^ (Relevant source part starts here and spans across multiple lines).
/sb/0xa70bbfe72a97b2bbf08fead044ae020e5c5ae76f.sol:1333:5: Warning: No visibility specified. Defaulting to "public". 
    function setProxy(address _proxy) 
    ^ (Relevant source part starts here and spans across multiple lines).
/sb/0xa70bbfe72a97b2bbf08fead044ae020e5c5ae76f.sol:1339:5: Warning: No visibility specified. Defaulting to "public". 
    function buyThroughProxy(address _buyer) payable;
    ^-----------------------------------------------^
/sb/0xa70bbfe72a97b2bbf08fead044ae020e5c5ae76f.sol:1346:5: Warning: No visibility specified. Defaulting to "public". 
    function PresaleToken(uint256 _limitUSD, uint256 _priceCents) {
    ^ (Relevant source part starts here and spans across multiple lines).
/sb/0xa70bbfe72a97b2bbf08fead044ae020e5c5ae76f.sol:1413:5: Warning: No visibility specified. Defaulting to "public". 
    function() payable {
    ^ (Relevant source part starts here and spans across multiple lines).
/sb/0xa70bbfe72a97b2bbf08fead044ae020e5c5ae76f.sol:1417:5: Warning: No visibility specified. Defaulting to "public". 
    function buyTokens(address _buyer) payable
    ^ (Relevant source part starts here and spans across multiple lines).
/sb/0xa70bbfe72a97b2bbf08fead044ae020e5c5ae76f.sol:1451:5: Warning: No visibility specified. Defaulting to "public". 
    function buyThroughProxy(address _buyer) payable
    ^ (Relevant source part starts here and spans across multiple lines).
/sb/0xa70bbfe72a97b2bbf08fead044ae020e5c5ae76f.sol:1488:5: Warning: No visibility specified. Defaulting to "public". 
    function migrateTokens(address _owner)
    ^ (Relevant source part starts here and spans across multiple lines).
/sb/0xa70bbfe72a97b2bbf08fead044ae020e5c5ae76f.sol:1502:5: Warning: No visibility specified. Defaulting to "public". 
    function startPresale()
    ^ (Relevant source part starts here and spans across multiple lines).
/sb/0xa70bbfe72a97b2bbf08fead044ae020e5c5ae76f.sol:1512:5: Warning: No visibility specified. Defaulting to "public". 
    function finishPresale()
    ^ (Relevant source part starts here and spans across multiple lines).
/sb/0xa70bbfe72a97b2bbf08fead044ae020e5c5ae76f.sol:1522:5: Warning: No visibility specified. Defaulting to "public". 
    function finalizePresale()
    ^ (Relevant source part starts here and spans across multiple lines).
/sb/0xa70bbfe72a97b2bbf08fead044ae020e5c5ae76f.sol:1535:5: Warning: No visibility specified. Defaulting to "public". 
    function startMigration()
    ^ (Relevant source part starts here and spans across multiple lines).
/sb/0xa70bbfe72a97b2bbf08fead044ae020e5c5ae76f.sol:1551:5: Warning: No visibility specified. Defaulting to "public". 
    function setMigrationManager(address _mgr)
    ^ (Relevant source part starts here and spans across multiple lines).
/sb/0xa70bbfe72a97b2bbf08fead044ae020e5c5ae76f.sol:1558:5: Warning: No visibility specified. Defaulting to "public". 
    function raiseCap(uint _newCap)
    ^ (Relevant source part starts here and spans across multiple lines).
/sb/0xa70bbfe72a97b2bbf08fead044ae020e5c5ae76f.sol:1576:5: Warning: No visibility specified. Defaulting to "public". 
    function giveTokens(address _address, uint _value, string _reason)
    ^ (Relevant source part starts here and spans across multiple lines).
/sb/0xa70bbfe72a97b2bbf08fead044ae020e5c5ae76f.sol:125:5: Warning: Function state mutability can be restricted to pure
    function __callback(bytes32 myid, string result, bytes proof) {
    ^ (Relevant source part starts here and spans across multiple lines).
/sb/0xa70bbfe72a97b2bbf08fead044ae020e5c5ae76f.sol:536:5: Warning: Function state mutability can be restricted to pure
    function parseAddr(string _a) internal returns (address){
    ^ (Relevant source part starts here and spans across multiple lines).
/sb/0xa70bbfe72a97b2bbf08fead044ae020e5c5ae76f.sol:556:5: Warning: Function state mutability can be restricted to pure
    function strCompare(string _a, string _b) internal returns (int) {
    ^ (Relevant source part starts here and spans across multiple lines).
/sb/0xa70bbfe72a97b2bbf08fead044ae020e5c5ae76f.sol:574:5: Warning: Function state mutability can be restricted to pure
    function indexOf(string _haystack, string _needle) internal returns (int) {
    ^ (Relevant source part starts here and spans across multiple lines).
/sb/0xa70bbfe72a97b2bbf08fead044ae020e5c5ae76f.sol:601:5: Warning: Function state mutability can be restricted to pure
    function strConcat(string _a, string _b, string _c, string _d, string _e) internal returns (string) {
    ^ (Relevant source part starts here and spans across multiple lines).
/sb/0xa70bbfe72a97b2bbf08fead044ae020e5c5ae76f.sol:636:5: Warning: Function state mutability can be restricted to pure
    function parseInt(string _a, uint _b) internal returns (uint) {
    ^ (Relevant source part starts here and spans across multiple lines).
/sb/0xa70bbfe72a97b2bbf08fead044ae020e5c5ae76f.sol:654:5: Warning: Function state mutability can be restricted to pure
    function uint2str(uint i) internal returns (string){
    ^ (Relevant source part starts here and spans across multiple lines).
/sb/0xa70bbfe72a97b2bbf08fead044ae020e5c5ae76f.sol:671:5: Warning: Function state mutability can be restricted to pure
    function stra2cbor(string[] arr) internal returns (bytes) {
    ^ (Relevant source part starts here and spans across multiple lines).
/sb/0xa70bbfe72a97b2bbf08fead044ae020e5c5ae76f.sol:713:5: Warning: Function state mutability can be restricted to pure
    function ba2cbor(bytes[] arr) internal returns (bytes) {
    ^ (Relevant source part starts here and spans across multiple lines).
/sb/0xa70bbfe72a97b2bbf08fead044ae020e5c5ae76f.sol:761:5: Warning: Function state mutability can be restricted to view
    function oraclize_getNetworkName() internal returns (string) {
    ^ (Relevant source part starts here and spans across multiple lines).
/sb/0xa70bbfe72a97b2bbf08fead044ae020e5c5ae76f.sol:864:5: Warning: Function state mutability can be restricted to pure
    function matchBytes32Prefix(bytes32 content, bytes prefix) internal returns (bool){
    ^ (Relevant source part starts here and spans across multiple lines).
/sb/0xa70bbfe72a97b2bbf08fead044ae020e5c5ae76f.sol:925:5: Warning: Function state mutability can be restricted to pure
    function copyBytes(bytes from, uint fromOffset, uint length, bytes to, uint toOffset) internal returns (bytes) {
    ^ (Relevant source part starts here and spans across multiple lines).
/sb/0xa70bbfe72a97b2bbf08fead044ae020e5c5ae76f.sol:1024:3: Warning: Function state mutability can be restricted to pure
  function mul(uint256 a, uint256 b) internal returns (uint256) {
  ^ (Relevant source part starts here and spans across multiple lines).
/sb/0xa70bbfe72a97b2bbf08fead044ae020e5c5ae76f.sol:1030:3: Warning: Function state mutability can be restricted to pure
  function div(uint256 a, uint256 b) internal returns (uint256) {
  ^ (Relevant source part starts here and spans across multiple lines).
/sb/0xa70bbfe72a97b2bbf08fead044ae020e5c5ae76f.sol:1035:3: Warning: Function state mutability can be restricted to pure
  function sub(uint256 a, uint256 b) internal returns (uint256) {
  ^ (Relevant source part starts here and spans across multiple lines).
/sb/0xa70bbfe72a97b2bbf08fead044ae020e5c5ae76f.sol:1040:3: Warning: Function state mutability can be restricted to pure
  function add(uint256 a, uint256 b) internal returns (uint256) {
  ^ (Relevant source part starts here and spans across multiple lines).


PresaleToken.withdrawEther() (../sb/0xa70bbfe72a97b2bbf08fead044ae020e5c5ae76f.sol#1545-1549) sends eth to arbitrary user
	Dangerous calls:
	- owner.transfer(this.balance) (../sb/0xa70bbfe72a97b2bbf08fead044ae020e5c5ae76f.sol#1548)
Reference: https://github.com/crytic/slither/wiki/Detector-Documentation#functions-that-send-ether-to-arbitrary-destinations

Reentrancy in PresaleToken.finalizePresale() (../sb/0xa70bbfe72a97b2bbf08fead044ae020e5c5ae76f.sol#1522-1533):
	External calls:
	- token.unfreeze() (../sb/0xa70bbfe72a97b2bbf08fead044ae020e5c5ae76f.sol#1530)
	External calls sending eth:
	- lastBuyer.transfer((refundValue.mul(priceCents).mul(1000000000000000000 / 1)).div(lastCentsPerETH.mul(uint256(10) ** decimals))) (../sb/0xa70bbfe72a97b2bbf08fead044ae020e5c5ae76f.sol#1527)
	- withdrawEther() (../sb/0xa70bbfe72a97b2bbf08fead044ae020e5c5ae76f.sol#1529)
		- owner.transfer(this.balance) (../sb/0xa70bbfe72a97b2bbf08fead044ae020e5c5ae76f.sol#1548)
	State variables written after the call(s):
	- currentPhase = Phase.Finalized (../sb/0xa70bbfe72a97b2bbf08fead044ae020e5c5ae76f.sol#1531)
	PresaleToken.currentPhase (../sb/0xa70bbfe72a97b2bbf08fead044ae020e5c5ae76f.sol#1372) can be used in cross function reentrancies:
	- PresaleToken.buyThroughProxy(address) (../sb/0xa70bbfe72a97b2bbf08fead044ae020e5c5ae76f.sol#1451-1486)
	- PresaleToken.buyTokens(address) (../sb/0xa70bbfe72a97b2bbf08fead044ae020e5c5ae76f.sol#1417-1449)
	- PresaleToken.currentPhase (../sb/0xa70bbfe72a97b2bbf08fead044ae020e5c5ae76f.sol#1372)
	- PresaleToken.finalizePresale() (../sb/0xa70bbfe72a97b2bbf08fead044ae020e5c5ae76f.sol#1522-1533)
	- PresaleToken.finishPresale() (../sb/0xa70bbfe72a97b2bbf08fead044ae020e5c5ae76f.sol#1512-1519)
	- PresaleToken.migrateTokens(address) (../sb/0xa70bbfe72a97b2bbf08fead044ae020e5c5ae76f.sol#1488-1500)
	- PresaleToken.onlyBeforeMigration() (../sb/0xa70bbfe72a97b2bbf08fead044ae020e5c5ae76f.sol#1402)
	- PresaleToken.onlyWhileCreated() (../sb/0xa70bbfe72a97b2bbf08fead044ae020e5c5ae76f.sol#1398)
	- PresaleToken.onlyWhileFinalized() (../sb/0xa70bbfe72a97b2bbf08fead044ae020e5c5ae76f.sol#1401)
	- PresaleToken.onlyWhileFinished() (../sb/0xa70bbfe72a97b2bbf08fead044ae020e5c5ae76f.sol#1400)
	- PresaleToken.onlyWhileMigrating() (../sb/0xa70bbfe72a97b2bbf08fead044ae020e5c5ae76f.sol#1403)
	- PresaleToken.onlyWhileRunning() (../sb/0xa70bbfe72a97b2bbf08fead044ae020e5c5ae76f.sol#1399)
	- PresaleToken.raiseCap(uint256) (../sb/0xa70bbfe72a97b2bbf08fead044ae020e5c5ae76f.sol#1558-1574)
	- PresaleToken.startMigration() (../sb/0xa70bbfe72a97b2bbf08fead044ae020e5c5ae76f.sol#1535-1543)
	- PresaleToken.startPresale() (../sb/0xa70bbfe72a97b2bbf08fead044ae020e5c5ae76f.sol#1502-1510)
Reference: https://github.com/crytic/slither/wiki/Detector-Documentation#reentrancy-vulnerabilities

PresaleToken.buyThroughProxy(address) (../sb/0xa70bbfe72a97b2bbf08fead044ae020e5c5ae76f.sol#1451-1486) ignores return value by token.transfer(_buyer,remainder) (../sb/0xa70bbfe72a97b2bbf08fead044ae020e5c5ae76f.sol#1467)
PresaleToken.buyThroughProxy(address) (../sb/0xa70bbfe72a97b2bbf08fead044ae020e5c5ae76f.sol#1451-1486) ignores return value by token.transfer(_buyer,newTokens) (../sb/0xa70bbfe72a97b2bbf08fead044ae020e5c5ae76f.sol#1475)
Reference: https://github.com/crytic/slither/wiki/Detector-Documentation#unchecked-transfer

usingOraclize.getCodeSize(address) (../sb/0xa70bbfe72a97b2bbf08fead044ae020e5c5ae76f.sol#530-534) is declared view but contains assembly code
Reference: https://github.com/crytic/slither/wiki/Detector-Documentation#constant-functions-using-assembly-code

PresaleToken.buyTokens(address) (../sb/0xa70bbfe72a97b2bbf08fead044ae020e5c5ae76f.sol#1417-1449) performs a multiplication on the result of a division:
	- newTokens = msg.value.mul(centsPerETH).mul(uint256(10) ** decimals).div(priceCents.mul(1000000000000000000 / 1)) (../sb/0xa70bbfe72a97b2bbf08fead044ae020e5c5ae76f.sol#1427)
PresaleToken.buyThroughProxy(address) (../sb/0xa70bbfe72a97b2bbf08fead044ae020e5c5ae76f.sol#1451-1486) performs a multiplication on the result of a division:
	- newTokens = msg.value.mul(centsPerETH).mul(uint256(10) ** decimals).div(priceCents.mul(1000000000000000000 / 1)) (../sb/0xa70bbfe72a97b2bbf08fead044ae020e5c5ae76f.sol#1462)
PresaleToken.finalizePresale() (../sb/0xa70bbfe72a97b2bbf08fead044ae020e5c5ae76f.sol#1522-1533) performs a multiplication on the result of a division:
	- lastBuyer.transfer((refundValue.mul(priceCents).mul(1000000000000000000 / 1)).div(lastCentsPerETH.mul(uint256(10) ** decimals))) (../sb/0xa70bbfe72a97b2bbf08fead044ae020e5c5ae76f.sol#1527)
Reference: https://github.com/crytic/slither/wiki/Detector-Documentation#divide-before-multiply

PresaleToken.buyThroughProxy(address) (../sb/0xa70bbfe72a97b2bbf08fead044ae020e5c5ae76f.sol#1451-1486) uses a dangerous strict equality:
	- funded == maxSupply (../sb/0xa70bbfe72a97b2bbf08fead044ae020e5c5ae76f.sol#1481)
PresaleToken.buyTokens(address) (../sb/0xa70bbfe72a97b2bbf08fead044ae020e5c5ae76f.sol#1417-1449) uses a dangerous strict equality:
	- funded == maxSupply (../sb/0xa70bbfe72a97b2bbf08fead044ae020e5c5ae76f.sol#1444)
PresaleToken.migrateTokens(address) (../sb/0xa70bbfe72a97b2bbf08fead044ae020e5c5ae76f.sol#1488-1500) uses a dangerous strict equality:
	- funded == 0 (../sb/0xa70bbfe72a97b2bbf08fead044ae020e5c5ae76f.sol#1496)
Reference: https://github.com/crytic/slither/wiki/Detector-Documentation#dangerous-strict-equalities

Reentrancy in PresaleToken.buyThroughProxy(address) (../sb/0xa70bbfe72a97b2bbf08fead044ae020e5c5ae76f.sol#1451-1486):
	External calls:
	- require(bool)(priceTicker.getEnabled()) (../sb/0xa70bbfe72a97b2bbf08fead044ae020e5c5ae76f.sol#1457)
	- centsPerETH = getCentsPerETH() (../sb/0xa70bbfe72a97b2bbf08fead044ae020e5c5ae76f.sol#1459)
		- priceTicker.getCentsPerETH() (../sb/0xa70bbfe72a97b2bbf08fead044ae020e5c5ae76f.sol#1214)
	- token.transfer(_buyer,remainder) (../sb/0xa70bbfe72a97b2bbf08fead044ae020e5c5ae76f.sol#1467)
	State variables written after the call(s):
	- funded = funded.add(remainder) (../sb/0xa70bbfe72a97b2bbf08fead044ae020e5c5ae76f.sol#1468)
	PresaleToken.funded (../sb/0xa70bbfe72a97b2bbf08fead044ae020e5c5ae76f.sol#1375) can be used in cross function reentrancies:
	- PresaleToken.buyThroughProxy(address) (../sb/0xa70bbfe72a97b2bbf08fead044ae020e5c5ae76f.sol#1451-1486)
	- PresaleToken.buyTokens(address) (../sb/0xa70bbfe72a97b2bbf08fead044ae020e5c5ae76f.sol#1417-1449)
	- PresaleToken.funded (../sb/0xa70bbfe72a97b2bbf08fead044ae020e5c5ae76f.sol#1375)
	- PresaleToken.giveTokens(address,uint256,string) (../sb/0xa70bbfe72a97b2bbf08fead044ae020e5c5ae76f.sol#1576-1585)
	- PresaleToken.migrateTokens(address) (../sb/0xa70bbfe72a97b2bbf08fead044ae020e5c5ae76f.sol#1488-1500)
	- PresaleToken.raiseCap(uint256) (../sb/0xa70bbfe72a97b2bbf08fead044ae020e5c5ae76f.sol#1558-1574)
Reentrancy in PresaleToken.buyThroughProxy(address) (../sb/0xa70bbfe72a97b2bbf08fead044ae020e5c5ae76f.sol#1451-1486):
	External calls:
	- require(bool)(priceTicker.getEnabled()) (../sb/0xa70bbfe72a97b2bbf08fead044ae020e5c5ae76f.sol#1457)
	- centsPerETH = getCentsPerETH() (../sb/0xa70bbfe72a97b2bbf08fead044ae020e5c5ae76f.sol#1459)
		- priceTicker.getCentsPerETH() (../sb/0xa70bbfe72a97b2bbf08fead044ae020e5c5ae76f.sol#1214)
	- token.transfer(_buyer,newTokens) (../sb/0xa70bbfe72a97b2bbf08fead044ae020e5c5ae76f.sol#1475)
	State variables written after the call(s):
	- funded = funded.add(newTokens) (../sb/0xa70bbfe72a97b2bbf08fead044ae020e5c5ae76f.sol#1476)
	PresaleToken.funded (../sb/0xa70bbfe72a97b2bbf08fead044ae020e5c5ae76f.sol#1375) can be used in cross function reentrancies:
	- PresaleToken.buyThroughProxy(address) (../sb/0xa70bbfe72a97b2bbf08fead044ae020e5c5ae76f.sol#1451-1486)
	- PresaleToken.buyTokens(address) (../sb/0xa70bbfe72a97b2bbf08fead044ae020e5c5ae76f.sol#1417-1449)
	- PresaleToken.funded (../sb/0xa70bbfe72a97b2bbf08fead044ae020e5c5ae76f.sol#1375)
	- PresaleToken.giveTokens(address,uint256,string) (../sb/0xa70bbfe72a97b2bbf08fead044ae020e5c5ae76f.sol#1576-1585)
	- PresaleToken.migrateTokens(address) (../sb/0xa70bbfe72a97b2bbf08fead044ae020e5c5ae76f.sol#1488-1500)
	- PresaleToken.raiseCap(uint256) (../sb/0xa70bbfe72a97b2bbf08fead044ae020e5c5ae76f.sol#1558-1574)
Reentrancy in PresaleToken.buyThroughProxy(address) (../sb/0xa70bbfe72a97b2bbf08fead044ae020e5c5ae76f.sol#1451-1486):
	External calls:
	- require(bool)(priceTicker.getEnabled()) (../sb/0xa70bbfe72a97b2bbf08fead044ae020e5c5ae76f.sol#1457)
	- centsPerETH = getCentsPerETH() (../sb/0xa70bbfe72a97b2bbf08fead044ae020e5c5ae76f.sol#1459)
		- priceTicker.getCentsPerETH() (../sb/0xa70bbfe72a97b2bbf08fead044ae020e5c5ae76f.sol#1214)
	- token.transfer(_buyer,remainder) (../sb/0xa70bbfe72a97b2bbf08fead044ae020e5c5ae76f.sol#1467)
	- token.transfer(_buyer,newTokens) (../sb/0xa70bbfe72a97b2bbf08fead044ae020e5c5ae76f.sol#1475)
	State variables written after the call(s):
	- currentPhase = Phase.Finished (../sb/0xa70bbfe72a97b2bbf08fead044ae020e5c5ae76f.sol#1483)
	PresaleToken.currentPhase (../sb/0xa70bbfe72a97b2bbf08fead044ae020e5c5ae76f.sol#1372) can be used in cross function reentrancies:
	- PresaleToken.buyThroughProxy(address) (../sb/0xa70bbfe72a97b2bbf08fead044ae020e5c5ae76f.sol#1451-1486)
	- PresaleToken.buyTokens(address) (../sb/0xa70bbfe72a97b2bbf08fead044ae020e5c5ae76f.sol#1417-1449)
	- PresaleToken.currentPhase (../sb/0xa70bbfe72a97b2bbf08fead044ae020e5c5ae76f.sol#1372)
	- PresaleToken.finalizePresale() (../sb/0xa70bbfe72a97b2bbf08fead044ae020e5c5ae76f.sol#1522-1533)
	- PresaleToken.finishPresale() (../sb/0xa70bbfe72a97b2bbf08fead044ae020e5c5ae76f.sol#1512-1519)
	- PresaleToken.migrateTokens(address) (../sb/0xa70bbfe72a97b2bbf08fead044ae020e5c5ae76f.sol#1488-1500)
	- PresaleToken.onlyBeforeMigration() (../sb/0xa70bbfe72a97b2bbf08fead044ae020e5c5ae76f.sol#1402)
	- PresaleToken.onlyWhileCreated() (../sb/0xa70bbfe72a97b2bbf08fead044ae020e5c5ae76f.sol#1398)
	- PresaleToken.onlyWhileFinalized() (../sb/0xa70bbfe72a97b2bbf08fead044ae020e5c5ae76f.sol#1401)
	- PresaleToken.onlyWhileFinished() (../sb/0xa70bbfe72a97b2bbf08fead044ae020e5c5ae76f.sol#1400)
	- PresaleToken.onlyWhileMigrating() (../sb/0xa70bbfe72a97b2bbf08fead044ae020e5c5ae76f.sol#1403)
	- PresaleToken.onlyWhileRunning() (../sb/0xa70bbfe72a97b2bbf08fead044ae020e5c5ae76f.sol#1399)
	- PresaleToken.raiseCap(uint256) (../sb/0xa70bbfe72a97b2bbf08fead044ae020e5c5ae76f.sol#1558-1574)
	- PresaleToken.startMigration() (../sb/0xa70bbfe72a97b2bbf08fead044ae020e5c5ae76f.sol#1535-1543)
	- PresaleToken.startPresale() (../sb/0xa70bbfe72a97b2bbf08fead044ae020e5c5ae76f.sol#1502-1510)
Reentrancy in PresaleToken.buyTokens(address) (../sb/0xa70bbfe72a97b2bbf08fead044ae020e5c5ae76f.sol#1417-1449):
	External calls:
	- require(bool)(priceTicker.getEnabled()) (../sb/0xa70bbfe72a97b2bbf08fead044ae020e5c5ae76f.sol#1422)
	- centsPerETH = getCentsPerETH() (../sb/0xa70bbfe72a97b2bbf08fead044ae020e5c5ae76f.sol#1424)
		- priceTicker.getCentsPerETH() (../sb/0xa70bbfe72a97b2bbf08fead044ae020e5c5ae76f.sol#1214)
	- token.ownerTransfer(_buyer,remainder) (../sb/0xa70bbfe72a97b2bbf08fead044ae020e5c5ae76f.sol#1432)
	State variables written after the call(s):
	- funded = funded.add(remainder) (../sb/0xa70bbfe72a97b2bbf08fead044ae020e5c5ae76f.sol#1433)
	PresaleToken.funded (../sb/0xa70bbfe72a97b2bbf08fead044ae020e5c5ae76f.sol#1375) can be used in cross function reentrancies:
	- PresaleToken.buyThroughProxy(address) (../sb/0xa70bbfe72a97b2bbf08fead044ae020e5c5ae76f.sol#1451-1486)
	- PresaleToken.buyTokens(address) (../sb/0xa70bbfe72a97b2bbf08fead044ae020e5c5ae76f.sol#1417-1449)
	- PresaleToken.funded (../sb/0xa70bbfe72a97b2bbf08fead044ae020e5c5ae76f.sol#1375)
	- PresaleToken.giveTokens(address,uint256,string) (../sb/0xa70bbfe72a97b2bbf08fead044ae020e5c5ae76f.sol#1576-1585)
	- PresaleToken.migrateTokens(address) (../sb/0xa70bbfe72a97b2bbf08fead044ae020e5c5ae76f.sol#1488-1500)
	- PresaleToken.raiseCap(uint256) (../sb/0xa70bbfe72a97b2bbf08fead044ae020e5c5ae76f.sol#1558-1574)
Reentrancy in PresaleToken.buyTokens(address) (../sb/0xa70bbfe72a97b2bbf08fead044ae020e5c5ae76f.sol#1417-1449):
	External calls:
	- require(bool)(priceTicker.getEnabled()) (../sb/0xa70bbfe72a97b2bbf08fead044ae020e5c5ae76f.sol#1422)
	- centsPerETH = getCentsPerETH() (../sb/0xa70bbfe72a97b2bbf08fead044ae020e5c5ae76f.sol#1424)
		- priceTicker.getCentsPerETH() (../sb/0xa70bbfe72a97b2bbf08fead044ae020e5c5ae76f.sol#1214)
	- token.ownerTransfer(_buyer,newTokens) (../sb/0xa70bbfe72a97b2bbf08fead044ae020e5c5ae76f.sol#1439)
	State variables written after the call(s):
	- funded = funded.add(newTokens) (../sb/0xa70bbfe72a97b2bbf08fead044ae020e5c5ae76f.sol#1440)
	PresaleToken.funded (../sb/0xa70bbfe72a97b2bbf08fead044ae020e5c5ae76f.sol#1375) can be used in cross function reentrancies:
	- PresaleToken.buyThroughProxy(address) (../sb/0xa70bbfe72a97b2bbf08fead044ae020e5c5ae76f.sol#1451-1486)
	- PresaleToken.buyTokens(address) (../sb/0xa70bbfe72a97b2bbf08fead044ae020e5c5ae76f.sol#1417-1449)
	- PresaleToken.funded (../sb/0xa70bbfe72a97b2bbf08fead044ae020e5c5ae76f.sol#1375)
	- PresaleToken.giveTokens(address,uint256,string) (../sb/0xa70bbfe72a97b2bbf08fead044ae020e5c5ae76f.sol#1576-1585)
	- PresaleToken.migrateTokens(address) (../sb/0xa70bbfe72a97b2bbf08fead044ae020e5c5ae76f.sol#1488-1500)
	- PresaleToken.raiseCap(uint256) (../sb/0xa70bbfe72a97b2bbf08fead044ae020e5c5ae76f.sol#1558-1574)
Reentrancy in PresaleToken.buyTokens(address) (../sb/0xa70bbfe72a97b2bbf08fead044ae020e5c5ae76f.sol#1417-1449):
	External calls:
	- require(bool)(priceTicker.getEnabled()) (../sb/0xa70bbfe72a97b2bbf08fead044ae020e5c5ae76f.sol#1422)
	- centsPerETH = getCentsPerETH() (../sb/0xa70bbfe72a97b2bbf08fead044ae020e5c5ae76f.sol#1424)
		- priceTicker.getCentsPerETH() (../sb/0xa70bbfe72a97b2bbf08fead044ae020e5c5ae76f.sol#1214)
	- token.ownerTransfer(_buyer,remainder) (../sb/0xa70bbfe72a97b2bbf08fead044ae020e5c5ae76f.sol#1432)
	- token.ownerTransfer(_buyer,newTokens) (../sb/0xa70bbfe72a97b2bbf08fead044ae020e5c5ae76f.sol#1439)
	State variables written after the call(s):
	- currentPhase = Phase.Finished (../sb/0xa70bbfe72a97b2bbf08fead044ae020e5c5ae76f.sol#1446)
	PresaleToken.currentPhase (../sb/0xa70bbfe72a97b2bbf08fead044ae020e5c5ae76f.sol#1372) can be used in cross function reentrancies:
	- PresaleToken.buyThroughProxy(address) (../sb/0xa70bbfe72a97b2bbf08fead044ae020e5c5ae76f.sol#1451-1486)
	- PresaleToken.buyTokens(address) (../sb/0xa70bbfe72a97b2bbf08fead044ae020e5c5ae76f.sol#1417-1449)
	- PresaleToken.currentPhase (../sb/0xa70bbfe72a97b2bbf08fead044ae020e5c5ae76f.sol#1372)
	- PresaleToken.finalizePresale() (../sb/0xa70bbfe72a97b2bbf08fead044ae020e5c5ae76f.sol#1522-1533)
	- PresaleToken.finishPresale() (../sb/0xa70bbfe72a97b2bbf08fead044ae020e5c5ae76f.sol#1512-1519)
	- PresaleToken.migrateTokens(address) (../sb/0xa70bbfe72a97b2bbf08fead044ae020e5c5ae76f.sol#1488-1500)
	- PresaleToken.onlyBeforeMigration() (../sb/0xa70bbfe72a97b2bbf08fead044ae020e5c5ae76f.sol#1402)
	- PresaleToken.onlyWhileCreated() (../sb/0xa70bbfe72a97b2bbf08fead044ae020e5c5ae76f.sol#1398)
	- PresaleToken.onlyWhileFinalized() (../sb/0xa70bbfe72a97b2bbf08fead044ae020e5c5ae76f.sol#1401)
	- PresaleToken.onlyWhileFinished() (../sb/0xa70bbfe72a97b2bbf08fead044ae020e5c5ae76f.sol#1400)
	- PresaleToken.onlyWhileMigrating() (../sb/0xa70bbfe72a97b2bbf08fead044ae020e5c5ae76f.sol#1403)
	- PresaleToken.onlyWhileRunning() (../sb/0xa70bbfe72a97b2bbf08fead044ae020e5c5ae76f.sol#1399)
	- PresaleToken.raiseCap(uint256) (../sb/0xa70bbfe72a97b2bbf08fead044ae020e5c5ae76f.sol#1558-1574)
	- PresaleToken.startMigration() (../sb/0xa70bbfe72a97b2bbf08fead044ae020e5c5ae76f.sol#1535-1543)
	- PresaleToken.startPresale() (../sb/0xa70bbfe72a97b2bbf08fead044ae020e5c5ae76f.sol#1502-1510)
Reentrancy in PresaleToken.finishPresale() (../sb/0xa70bbfe72a97b2bbf08fead044ae020e5c5ae76f.sol#1512-1519):
	External calls:
	- lastCentsPerETH = priceTicker.getCentsPerETH() (../sb/0xa70bbfe72a97b2bbf08fead044ae020e5c5ae76f.sol#1516)
	State variables written after the call(s):
	- currentPhase = Phase.Finished (../sb/0xa70bbfe72a97b2bbf08fead044ae020e5c5ae76f.sol#1517)
	PresaleToken.currentPhase (../sb/0xa70bbfe72a97b2bbf08fead044ae020e5c5ae76f.sol#1372) can be used in cross function reentrancies:
	- PresaleToken.buyThroughProxy(address) (../sb/0xa70bbfe72a97b2bbf08fead044ae020e5c5ae76f.sol#1451-1486)
	- PresaleToken.buyTokens(address) (../sb/0xa70bbfe72a97b2bbf08fead044ae020e5c5ae76f.sol#1417-1449)
	- PresaleToken.currentPhase (../sb/0xa70bbfe72a97b2bbf08fead044ae020e5c5ae76f.sol#1372)
	- PresaleToken.finalizePresale() (../sb/0xa70bbfe72a97b2bbf08fead044ae020e5c5ae76f.sol#1522-1533)
	- PresaleToken.finishPresale() (../sb/0xa70bbfe72a97b2bbf08fead044ae020e5c5ae76f.sol#1512-1519)
	- PresaleToken.migrateTokens(address) (../sb/0xa70bbfe72a97b2bbf08fead044ae020e5c5ae76f.sol#1488-1500)
	- PresaleToken.onlyBeforeMigration() (../sb/0xa70bbfe72a97b2bbf08fead044ae020e5c5ae76f.sol#1402)
	- PresaleToken.onlyWhileCreated() (../sb/0xa70bbfe72a97b2bbf08fead044ae020e5c5ae76f.sol#1398)
	- PresaleToken.onlyWhileFinalized() (../sb/0xa70bbfe72a97b2bbf08fead044ae020e5c5ae76f.sol#1401)
	- PresaleToken.onlyWhileFinished() (../sb/0xa70bbfe72a97b2bbf08fead044ae020e5c5ae76f.sol#1400)
	- PresaleToken.onlyWhileMigrating() (../sb/0xa70bbfe72a97b2bbf08fead044ae020e5c5ae76f.sol#1403)
	- PresaleToken.onlyWhileRunning() (../sb/0xa70bbfe72a97b2bbf08fead044ae020e5c5ae76f.sol#1399)
	- PresaleToken.raiseCap(uint256) (../sb/0xa70bbfe72a97b2bbf08fead044ae020e5c5ae76f.sol#1558-1574)
	- PresaleToken.startMigration() (../sb/0xa70bbfe72a97b2bbf08fead044ae020e5c5ae76f.sol#1535-1543)
	- PresaleToken.startPresale() (../sb/0xa70bbfe72a97b2bbf08fead044ae020e5c5ae76f.sol#1502-1510)
Reentrancy in PresaleToken.migrateTokens(address) (../sb/0xa70bbfe72a97b2bbf08fead044ae020e5c5ae76f.sol#1488-1500):
	External calls:
	- assert(bool)(token.balanceOf(_owner) != 0) (../sb/0xa70bbfe72a97b2bbf08fead044ae020e5c5ae76f.sol#1492)
	- migratedValue = token.balanceOf(_owner) (../sb/0xa70bbfe72a97b2bbf08fead044ae020e5c5ae76f.sol#1493)
	State variables written after the call(s):
	- currentPhase = Phase.Migrated (../sb/0xa70bbfe72a97b2bbf08fead044ae020e5c5ae76f.sol#1497)
	PresaleToken.currentPhase (../sb/0xa70bbfe72a97b2bbf08fead044ae020e5c5ae76f.sol#1372) can be used in cross function reentrancies:
	- PresaleToken.buyThroughProxy(address) (../sb/0xa70bbfe72a97b2bbf08fead044ae020e5c5ae76f.sol#1451-1486)
	- PresaleToken.buyTokens(address) (../sb/0xa70bbfe72a97b2bbf08fead044ae020e5c5ae76f.sol#1417-1449)
	- PresaleToken.currentPhase (../sb/0xa70bbfe72a97b2bbf08fead044ae020e5c5ae76f.sol#1372)
	- PresaleToken.finalizePresale() (../sb/0xa70bbfe72a97b2bbf08fead044ae020e5c5ae76f.sol#1522-1533)
	- PresaleToken.finishPresale() (../sb/0xa70bbfe72a97b2bbf08fead044ae020e5c5ae76f.sol#1512-1519)
	- PresaleToken.migrateTokens(address) (../sb/0xa70bbfe72a97b2bbf08fead044ae020e5c5ae76f.sol#1488-1500)
	- PresaleToken.onlyBeforeMigration() (../sb/0xa70bbfe72a97b2bbf08fead044ae020e5c5ae76f.sol#1402)
	- PresaleToken.onlyWhileCreated() (../sb/0xa70bbfe72a97b2bbf08fead044ae020e5c5ae76f.sol#1398)
	- PresaleToken.onlyWhileFinalized() (../sb/0xa70bbfe72a97b2bbf08fead044ae020e5c5ae76f.sol#1401)
	- PresaleToken.onlyWhileFinished() (../sb/0xa70bbfe72a97b2bbf08fead044ae020e5c5ae76f.sol#1400)
	- PresaleToken.onlyWhileMigrating() (../sb/0xa70bbfe72a97b2bbf08fead044ae020e5c5ae76f.sol#1403)
	- PresaleToken.onlyWhileRunning() (../sb/0xa70bbfe72a97b2bbf08fead044ae020e5c5ae76f.sol#1399)
	- PresaleToken.raiseCap(uint256) (../sb/0xa70bbfe72a97b2bbf08fead044ae020e5c5ae76f.sol#1558-1574)
	- PresaleToken.startMigration() (../sb/0xa70bbfe72a97b2bbf08fead044ae020e5c5ae76f.sol#1535-1543)
	- PresaleToken.startPresale() (../sb/0xa70bbfe72a97b2bbf08fead044ae020e5c5ae76f.sol#1502-1510)
Reentrancy in PresaleToken.raiseCap(uint256) (../sb/0xa70bbfe72a97b2bbf08fead044ae020e5c5ae76f.sol#1558-1574):
	External calls:
	- token.raiseSupply(_newCap) (../sb/0xa70bbfe72a97b2bbf08fead044ae020e5c5ae76f.sol#1566)
	- token.ownerTransfer(lastBuyer,refundValue) (../sb/0xa70bbfe72a97b2bbf08fead044ae020e5c5ae76f.sol#1568)
	State variables written after the call(s):
	- currentPhase = Phase.Running (../sb/0xa70bbfe72a97b2bbf08fead044ae020e5c5ae76f.sol#1572)
	PresaleToken.currentPhase (../sb/0xa70bbfe72a97b2bbf08fead044ae020e5c5ae76f.sol#1372) can be used in cross function reentrancies:
	- PresaleToken.buyThroughProxy(address) (../sb/0xa70bbfe72a97b2bbf08fead044ae020e5c5ae76f.sol#1451-1486)
	- PresaleToken.buyTokens(address) (../sb/0xa70bbfe72a97b2bbf08fead044ae020e5c5ae76f.sol#1417-1449)
	- PresaleToken.currentPhase (../sb/0xa70bbfe72a97b2bbf08fead044ae020e5c5ae76f.sol#1372)
	- PresaleToken.finalizePresale() (../sb/0xa70bbfe72a97b2bbf08fead044ae020e5c5ae76f.sol#1522-1533)
	- PresaleToken.finishPresale() (../sb/0xa70bbfe72a97b2bbf08fead044ae020e5c5ae76f.sol#1512-1519)
	- PresaleToken.migrateTokens(address) (../sb/0xa70bbfe72a97b2bbf08fead044ae020e5c5ae76f.sol#1488-1500)
	- PresaleToken.onlyBeforeMigration() (../sb/0xa70bbfe72a97b2bbf08fead044ae020e5c5ae76f.sol#1402)
	- PresaleToken.onlyWhileCreated() (../sb/0xa70bbfe72a97b2bbf08fead044ae020e5c5ae76f.sol#1398)
	- PresaleToken.onlyWhileFinalized() (../sb/0xa70bbfe72a97b2bbf08fead044ae020e5c5ae76f.sol#1401)
	- PresaleToken.onlyWhileFinished() (../sb/0xa70bbfe72a97b2bbf08fead044ae020e5c5ae76f.sol#1400)
	- PresaleToken.onlyWhileMigrating() (../sb/0xa70bbfe72a97b2bbf08fead044ae020e5c5ae76f.sol#1403)
	- PresaleToken.onlyWhileRunning() (../sb/0xa70bbfe72a97b2bbf08fead044ae020e5c5ae76f.sol#1399)
	- PresaleToken.raiseCap(uint256) (../sb/0xa70bbfe72a97b2bbf08fead044ae020e5c5ae76f.sol#1558-1574)
	- PresaleToken.startMigration() (../sb/0xa70bbfe72a97b2bbf08fead044ae020e5c5ae76f.sol#1535-1543)
	- PresaleToken.startPresale() (../sb/0xa70bbfe72a97b2bbf08fead044ae020e5c5ae76f.sol#1502-1510)
	- refundValue = 0 (../sb/0xa70bbfe72a97b2bbf08fead044ae020e5c5ae76f.sol#1570)
	PresaleToken.refundValue (../sb/0xa70bbfe72a97b2bbf08fead044ae020e5c5ae76f.sol#1388) can be used in cross function reentrancies:
	- PresaleToken.buyThroughProxy(address) (../sb/0xa70bbfe72a97b2bbf08fead044ae020e5c5ae76f.sol#1451-1486)
	- PresaleToken.buyTokens(address) (../sb/0xa70bbfe72a97b2bbf08fead044ae020e5c5ae76f.sol#1417-1449)
	- PresaleToken.finalizePresale() (../sb/0xa70bbfe72a97b2bbf08fead044ae020e5c5ae76f.sol#1522-1533)
	- PresaleToken.raiseCap(uint256) (../sb/0xa70bbfe72a97b2bbf08fead044ae020e5c5ae76f.sol#1558-1574)
Reentrancy in PresaleToken.startMigration() (../sb/0xa70bbfe72a97b2bbf08fead044ae020e5c5ae76f.sol#1535-1543):
	External calls:
	- token.freeze() (../sb/0xa70bbfe72a97b2bbf08fead044ae020e5c5ae76f.sol#1540)
	State variables written after the call(s):
	- currentPhase = Phase.Migrating (../sb/0xa70bbfe72a97b2bbf08fead044ae020e5c5ae76f.sol#1541)
	PresaleToken.currentPhase (../sb/0xa70bbfe72a97b2bbf08fead044ae020e5c5ae76f.sol#1372) can be used in cross function reentrancies:
	- PresaleToken.buyThroughProxy(address) (../sb/0xa70bbfe72a97b2bbf08fead044ae020e5c5ae76f.sol#1451-1486)
	- PresaleToken.buyTokens(address) (../sb/0xa70bbfe72a97b2bbf08fead044ae020e5c5ae76f.sol#1417-1449)
	- PresaleToken.currentPhase (../sb/0xa70bbfe72a97b2bbf08fead044ae020e5c5ae76f.sol#1372)
	- PresaleToken.finalizePresale() (../sb/0xa70bbfe72a97b2bbf08fead044ae020e5c5ae76f.sol#1522-1533)
	- PresaleToken.finishPresale() (../sb/0xa70bbfe72a97b2bbf08fead044ae020e5c5ae76f.sol#1512-1519)
	- PresaleToken.migrateTokens(address) (../sb/0xa70bbfe72a97b2bbf08fead044ae020e5c5ae76f.sol#1488-1500)
	- PresaleToken.onlyBeforeMigration() (../sb/0xa70bbfe72a97b2bbf08fead044ae020e5c5ae76f.sol#1402)
	- PresaleToken.onlyWhileCreated() (../sb/0xa70bbfe72a97b2bbf08fead044ae020e5c5ae76f.sol#1398)
	- PresaleToken.onlyWhileFinalized() (../sb/0xa70bbfe72a97b2bbf08fead044ae020e5c5ae76f.sol#1401)
	- PresaleToken.onlyWhileFinished() (../sb/0xa70bbfe72a97b2bbf08fead044ae020e5c5ae76f.sol#1400)
	- PresaleToken.onlyWhileMigrating() (../sb/0xa70bbfe72a97b2bbf08fead044ae020e5c5ae76f.sol#1403)
	- PresaleToken.onlyWhileRunning() (../sb/0xa70bbfe72a97b2bbf08fead044ae020e5c5ae76f.sol#1399)
	- PresaleToken.raiseCap(uint256) (../sb/0xa70bbfe72a97b2bbf08fead044ae020e5c5ae76f.sol#1558-1574)
	- PresaleToken.startMigration() (../sb/0xa70bbfe72a97b2bbf08fead044ae020e5c5ae76f.sol#1535-1543)
	- PresaleToken.startPresale() (../sb/0xa70bbfe72a97b2bbf08fead044ae020e5c5ae76f.sol#1502-1510)
Reentrancy in PresaleToken.startPresale() (../sb/0xa70bbfe72a97b2bbf08fead044ae020e5c5ae76f.sol#1502-1510):
	External calls:
	- token.freeze() (../sb/0xa70bbfe72a97b2bbf08fead044ae020e5c5ae76f.sol#1507)
	State variables written after the call(s):
	- currentPhase = Phase.Running (../sb/0xa70bbfe72a97b2bbf08fead044ae020e5c5ae76f.sol#1508)
	PresaleToken.currentPhase (../sb/0xa70bbfe72a97b2bbf08fead044ae020e5c5ae76f.sol#1372) can be used in cross function reentrancies:
	- PresaleToken.buyThroughProxy(address) (../sb/0xa70bbfe72a97b2bbf08fead044ae020e5c5ae76f.sol#1451-1486)
	- PresaleToken.buyTokens(address) (../sb/0xa70bbfe72a97b2bbf08fead044ae020e5c5ae76f.sol#1417-1449)
	- PresaleToken.currentPhase (../sb/0xa70bbfe72a97b2bbf08fead044ae020e5c5ae76f.sol#1372)
	- PresaleToken.finalizePresale() (../sb/0xa70bbfe72a97b2bbf08fead044ae020e5c5ae76f.sol#1522-1533)
	- PresaleToken.finishPresale() (../sb/0xa70bbfe72a97b2bbf08fead044ae020e5c5ae76f.sol#1512-1519)
	- PresaleToken.migrateTokens(address) (../sb/0xa70bbfe72a97b2bbf08fead044ae020e5c5ae76f.sol#1488-1500)
	- PresaleToken.onlyBeforeMigration() (../sb/0xa70bbfe72a97b2bbf08fead044ae020e5c5ae76f.sol#1402)
	- PresaleToken.onlyWhileCreated() (../sb/0xa70bbfe72a97b2bbf08fead044ae020e5c5ae76f.sol#1398)
	- PresaleToken.onlyWhileFinalized() (../sb/0xa70bbfe72a97b2bbf08fead044ae020e5c5ae76f.sol#1401)
	- PresaleToken.onlyWhileFinished() (../sb/0xa70bbfe72a97b2bbf08fead044ae020e5c5ae76f.sol#1400)
	- PresaleToken.onlyWhileMigrating() (../sb/0xa70bbfe72a97b2bbf08fead044ae020e5c5ae76f.sol#1403)
	- PresaleToken.onlyWhileRunning() (../sb/0xa70bbfe72a97b2bbf08fead044ae020e5c5ae76f.sol#1399)
	- PresaleToken.raiseCap(uint256) (../sb/0xa70bbfe72a97b2bbf08fead044ae020e5c5ae76f.sol#1558-1574)
	- PresaleToken.startMigration() (../sb/0xa70bbfe72a97b2bbf08fead044ae020e5c5ae76f.sol#1535-1543)
	- PresaleToken.startPresale() (../sb/0xa70bbfe72a97b2bbf08fead044ae020e5c5ae76f.sol#1502-1510)
Reference: https://github.com/crytic/slither/wiki/Detector-Documentation#reentrancy-vulnerabilities-1

PresaleToken.buyTokens(address) (../sb/0xa70bbfe72a97b2bbf08fead044ae020e5c5ae76f.sol#1417-1449) ignores return value by token.ownerTransfer(_buyer,remainder) (../sb/0xa70bbfe72a97b2bbf08fead044ae020e5c5ae76f.sol#1432)
PresaleToken.buyTokens(address) (../sb/0xa70bbfe72a97b2bbf08fead044ae020e5c5ae76f.sol#1417-1449) ignores return value by token.ownerTransfer(_buyer,newTokens) (../sb/0xa70bbfe72a97b2bbf08fead044ae020e5c5ae76f.sol#1439)
PresaleToken.raiseCap(uint256) (../sb/0xa70bbfe72a97b2bbf08fead044ae020e5c5ae76f.sol#1558-1574) ignores return value by token.ownerTransfer(lastBuyer,refundValue) (../sb/0xa70bbfe72a97b2bbf08fead044ae020e5c5ae76f.sol#1568)
PresaleToken.giveTokens(address,uint256,string) (../sb/0xa70bbfe72a97b2bbf08fead044ae020e5c5ae76f.sol#1576-1585) ignores return value by token.ownerTransfer(_address,_value) (../sb/0xa70bbfe72a97b2bbf08fead044ae020e5c5ae76f.sol#1581)
Reference: https://github.com/crytic/slither/wiki/Detector-Documentation#unused-return

DBIPToken.balanceOf(address).balanceOf (../sb/0xa70bbfe72a97b2bbf08fead044ae020e5c5ae76f.sol#1276) shadows:
	- DBIPToken.balanceOf(address) (../sb/0xa70bbfe72a97b2bbf08fead044ae020e5c5ae76f.sol#1276-1278) (function)
DBIPToken.totalSupply().totalSupply (../sb/0xa70bbfe72a97b2bbf08fead044ae020e5c5ae76f.sol#1280) shadows:
	- DBIPToken.totalSupply() (../sb/0xa70bbfe72a97b2bbf08fead044ae020e5c5ae76f.sol#1280-1282) (function)
Reference: https://github.com/crytic/slither/wiki/Detector-Documentation#local-variable-shadowing

Ownable.transferOwnership(address) (../sb/0xa70bbfe72a97b2bbf08fead044ae020e5c5ae76f.sol#1060-1064) should emit an event for: 
	- owner = newOwner (../sb/0xa70bbfe72a97b2bbf08fead044ae020e5c5ae76f.sol#1062) 
	- owner = newOwner (../sb/0xa70bbfe72a97b2bbf08fead044ae020e5c5ae76f.sol#1062) 
Ownable.transferOwnership(address) (../sb/0xa70bbfe72a97b2bbf08fead044ae020e5c5ae76f.sol#1060-1064) should emit an event for: 
	- owner = newOwner (../sb/0xa70bbfe72a97b2bbf08fead044ae020e5c5ae76f.sol#1062) 
ReferralProxyHandler.setProxy(address) (../sb/0xa70bbfe72a97b2bbf08fead044ae020e5c5ae76f.sol#1333-1337) should emit an event for: 
	- proxy = _proxy (../sb/0xa70bbfe72a97b2bbf08fead044ae020e5c5ae76f.sol#1336) 
PresaleToken.setMigrationManager(address) (../sb/0xa70bbfe72a97b2bbf08fead044ae020e5c5ae76f.sol#1551-1556) should emit an event for: 
	- migrationManager = _mgr (../sb/0xa70bbfe72a97b2bbf08fead044ae020e5c5ae76f.sol#1555) 
Reference: https://github.com/crytic/slither/wiki/Detector-Documentation#missing-events-access-control

DBIPToken.raiseSupply(uint256) (../sb/0xa70bbfe72a97b2bbf08fead044ae020e5c5ae76f.sol#1253-1259) should emit an event for: 
	- supply = supply.add(increase) (../sb/0xa70bbfe72a97b2bbf08fead044ae020e5c5ae76f.sol#1258) 
Reference: https://github.com/crytic/slither/wiki/Detector-Documentation#missing-events-arithmetic

CMCEthereumTicker.CMCEthereumTicker(address,uint256)._manager (../sb/0xa70bbfe72a97b2bbf08fead044ae020e5c5ae76f.sol#1099) lacks a zero-check on :
		- manager = _manager (../sb/0xa70bbfe72a97b2bbf08fead044ae020e5c5ae76f.sol#1102)
ReferralProxyHandler.setProxy(address)._proxy (../sb/0xa70bbfe72a97b2bbf08fead044ae020e5c5ae76f.sol#1333) lacks a zero-check on :
		- proxy = _proxy (../sb/0xa70bbfe72a97b2bbf08fead044ae020e5c5ae76f.sol#1336)
PresaleToken.buyTokens(address)._buyer (../sb/0xa70bbfe72a97b2bbf08fead044ae020e5c5ae76f.sol#1417) lacks a zero-check on :
		- lastBuyer = _buyer (../sb/0xa70bbfe72a97b2bbf08fead044ae020e5c5ae76f.sol#1434)
PresaleToken.buyThroughProxy(address)._buyer (../sb/0xa70bbfe72a97b2bbf08fead044ae020e5c5ae76f.sol#1451) lacks a zero-check on :
		- lastBuyer = _buyer (../sb/0xa70bbfe72a97b2bbf08fead044ae020e5c5ae76f.sol#1470)
PresaleToken.setMigrationManager(address)._mgr (../sb/0xa70bbfe72a97b2bbf08fead044ae020e5c5ae76f.sol#1551) lacks a zero-check on :
		- migrationManager = _mgr (../sb/0xa70bbfe72a97b2bbf08fead044ae020e5c5ae76f.sol#1555)
Reference: https://github.com/crytic/slither/wiki/Detector-Documentation#missing-zero-address-validation

Reentrancy in CMCEthereumTicker.__callback(bytes32,string) (../sb/0xa70bbfe72a97b2bbf08fead044ae020e5c5ae76f.sol#1129-1136):
	External calls:
	- msg.sender != oraclize_cbAddress() (../sb/0xa70bbfe72a97b2bbf08fead044ae020e5c5ae76f.sol#1130)
		- oraclize.cbAddress() (../sb/0xa70bbfe72a97b2bbf08fead044ae020e5c5ae76f.sol#514)
		- oraclize = OraclizeI(OAR.getAddress()) (../sb/0xa70bbfe72a97b2bbf08fead044ae020e5c5ae76f.sol#77)
	State variables written after the call(s):
	- centsPerETH = parseInt(result,2) (../sb/0xa70bbfe72a97b2bbf08fead044ae020e5c5ae76f.sol#1131)
Reentrancy in CMCEthereumTicker.__callback(bytes32,string) (../sb/0xa70bbfe72a97b2bbf08fead044ae020e5c5ae76f.sol#1129-1136):
	External calls:
	- msg.sender != oraclize_cbAddress() (../sb/0xa70bbfe72a97b2bbf08fead044ae020e5c5ae76f.sol#1130)
		- oraclize.cbAddress() (../sb/0xa70bbfe72a97b2bbf08fead044ae020e5c5ae76f.sol#514)
		- oraclize = OraclizeI(OAR.getAddress()) (../sb/0xa70bbfe72a97b2bbf08fead044ae020e5c5ae76f.sol#77)
	- update() (../sb/0xa70bbfe72a97b2bbf08fead044ae020e5c5ae76f.sol#1134)
		- price = oraclize.getPrice(datasource) (../sb/0xa70bbfe72a97b2bbf08fead044ae020e5c5ae76f.sol#146)
		- oraclize.getPrice(URL) > this.balance (../sb/0xa70bbfe72a97b2bbf08fead044ae020e5c5ae76f.sol#1148)
		- oraclize = OraclizeI(OAR.getAddress()) (../sb/0xa70bbfe72a97b2bbf08fead044ae020e5c5ae76f.sol#77)
		- oraclize.query.value(price)(timestamp,datasource,arg) (../sb/0xa70bbfe72a97b2bbf08fead044ae020e5c5ae76f.sol#148)
	External calls sending eth:
	- update() (../sb/0xa70bbfe72a97b2bbf08fead044ae020e5c5ae76f.sol#1134)
		- oraclize.query.value(price)(timestamp,datasource,arg) (../sb/0xa70bbfe72a97b2bbf08fead044ae020e5c5ae76f.sol#148)
	State variables written after the call(s):
	- update() (../sb/0xa70bbfe72a97b2bbf08fead044ae020e5c5ae76f.sol#1134)
		- oraclize_network_name = _network_name (../sb/0xa70bbfe72a97b2bbf08fead044ae020e5c5ae76f.sol#758)
Reentrancy in PresaleToken.buyThroughProxy(address) (../sb/0xa70bbfe72a97b2bbf08fead044ae020e5c5ae76f.sol#1451-1486):
	External calls:
	- require(bool)(priceTicker.getEnabled()) (../sb/0xa70bbfe72a97b2bbf08fead044ae020e5c5ae76f.sol#1457)
	- centsPerETH = getCentsPerETH() (../sb/0xa70bbfe72a97b2bbf08fead044ae020e5c5ae76f.sol#1459)
		- priceTicker.getCentsPerETH() (../sb/0xa70bbfe72a97b2bbf08fead044ae020e5c5ae76f.sol#1214)
	- token.transfer(_buyer,remainder) (../sb/0xa70bbfe72a97b2bbf08fead044ae020e5c5ae76f.sol#1467)
	State variables written after the call(s):
	- fundedProxy = fundedProxy.add(remainder) (../sb/0xa70bbfe72a97b2bbf08fead044ae020e5c5ae76f.sol#1469)
	- lastBuyer = _buyer (../sb/0xa70bbfe72a97b2bbf08fead044ae020e5c5ae76f.sol#1470)
	- refundValue = newTokens.sub(remainder) (../sb/0xa70bbfe72a97b2bbf08fead044ae020e5c5ae76f.sol#1471)
Reentrancy in PresaleToken.buyThroughProxy(address) (../sb/0xa70bbfe72a97b2bbf08fead044ae020e5c5ae76f.sol#1451-1486):
	External calls:
	- require(bool)(priceTicker.getEnabled()) (../sb/0xa70bbfe72a97b2bbf08fead044ae020e5c5ae76f.sol#1457)
	- centsPerETH = getCentsPerETH() (../sb/0xa70bbfe72a97b2bbf08fead044ae020e5c5ae76f.sol#1459)
		- priceTicker.getCentsPerETH() (../sb/0xa70bbfe72a97b2bbf08fead044ae020e5c5ae76f.sol#1214)
	- token.transfer(_buyer,newTokens) (../sb/0xa70bbfe72a97b2bbf08fead044ae020e5c5ae76f.sol#1475)
	State variables written after the call(s):
	- fundedProxy = fundedProxy.add(newTokens) (../sb/0xa70bbfe72a97b2bbf08fead044ae020e5c5ae76f.sol#1477)
Reentrancy in PresaleToken.buyThroughProxy(address) (../sb/0xa70bbfe72a97b2bbf08fead044ae020e5c5ae76f.sol#1451-1486):
	External calls:
	- require(bool)(priceTicker.getEnabled()) (../sb/0xa70bbfe72a97b2bbf08fead044ae020e5c5ae76f.sol#1457)
	- centsPerETH = getCentsPerETH() (../sb/0xa70bbfe72a97b2bbf08fead044ae020e5c5ae76f.sol#1459)
		- priceTicker.getCentsPerETH() (../sb/0xa70bbfe72a97b2bbf08fead044ae020e5c5ae76f.sol#1214)
	- token.transfer(_buyer,remainder) (../sb/0xa70bbfe72a97b2bbf08fead044ae020e5c5ae76f.sol#1467)
	- token.transfer(_buyer,newTokens) (../sb/0xa70bbfe72a97b2bbf08fead044ae020e5c5ae76f.sol#1475)
	State variables written after the call(s):
	- lastCentsPerETH = centsPerETH (../sb/0xa70bbfe72a97b2bbf08fead044ae020e5c5ae76f.sol#1482)
Reentrancy in PresaleToken.buyTokens(address) (../sb/0xa70bbfe72a97b2bbf08fead044ae020e5c5ae76f.sol#1417-1449):
	External calls:
	- require(bool)(priceTicker.getEnabled()) (../sb/0xa70bbfe72a97b2bbf08fead044ae020e5c5ae76f.sol#1422)
	- centsPerETH = getCentsPerETH() (../sb/0xa70bbfe72a97b2bbf08fead044ae020e5c5ae76f.sol#1424)
		- priceTicker.getCentsPerETH() (../sb/0xa70bbfe72a97b2bbf08fead044ae020e5c5ae76f.sol#1214)
	- token.ownerTransfer(_buyer,remainder) (../sb/0xa70bbfe72a97b2bbf08fead044ae020e5c5ae76f.sol#1432)
	State variables written after the call(s):
	- lastBuyer = _buyer (../sb/0xa70bbfe72a97b2bbf08fead044ae020e5c5ae76f.sol#1434)
	- refundValue = newTokens.sub(remainder) (../sb/0xa70bbfe72a97b2bbf08fead044ae020e5c5ae76f.sol#1435)
Reentrancy in PresaleToken.buyTokens(address) (../sb/0xa70bbfe72a97b2bbf08fead044ae020e5c5ae76f.sol#1417-1449):
	External calls:
	- require(bool)(priceTicker.getEnabled()) (../sb/0xa70bbfe72a97b2bbf08fead044ae020e5c5ae76f.sol#1422)
	- centsPerETH = getCentsPerETH() (../sb/0xa70bbfe72a97b2bbf08fead044ae020e5c5ae76f.sol#1424)
		- priceTicker.getCentsPerETH() (../sb/0xa70bbfe72a97b2bbf08fead044ae020e5c5ae76f.sol#1214)
	- token.ownerTransfer(_buyer,remainder) (../sb/0xa70bbfe72a97b2bbf08fead044ae020e5c5ae76f.sol#1432)
	- token.ownerTransfer(_buyer,newTokens) (../sb/0xa70bbfe72a97b2bbf08fead044ae020e5c5ae76f.sol#1439)
	State variables written after the call(s):
	- lastCentsPerETH = centsPerETH (../sb/0xa70bbfe72a97b2bbf08fead044ae020e5c5ae76f.sol#1445)
Reentrancy in PresaleToken.giveTokens(address,uint256,string) (../sb/0xa70bbfe72a97b2bbf08fead044ae020e5c5ae76f.sol#1576-1585):
	External calls:
	- token.ownerTransfer(_address,_value) (../sb/0xa70bbfe72a97b2bbf08fead044ae020e5c5ae76f.sol#1581)
	State variables written after the call(s):
	- funded = funded.add(_value) (../sb/0xa70bbfe72a97b2bbf08fead044ae020e5c5ae76f.sol#1582)
	- given = given.add(_value) (../sb/0xa70bbfe72a97b2bbf08fead044ae020e5c5ae76f.sol#1583)
Reentrancy in PresaleToken.migrateTokens(address) (../sb/0xa70bbfe72a97b2bbf08fead044ae020e5c5ae76f.sol#1488-1500):
	External calls:
	- assert(bool)(token.balanceOf(_owner) != 0) (../sb/0xa70bbfe72a97b2bbf08fead044ae020e5c5ae76f.sol#1492)
	- migratedValue = token.balanceOf(_owner) (../sb/0xa70bbfe72a97b2bbf08fead044ae020e5c5ae76f.sol#1493)
	State variables written after the call(s):
	- funded = funded.sub(migratedValue) (../sb/0xa70bbfe72a97b2bbf08fead044ae020e5c5ae76f.sol#1494)
Reentrancy in usingOraclize.oraclize_newRandomDSQuery(uint256,uint256,uint256) (../sb/0xa70bbfe72a97b2bbf08fead044ae020e5c5ae76f.sol#765-782):
	External calls:
	- sessionKeyHash_bytes32 = oraclize_randomDS_getSessionPubKeyHash() (../sb/0xa70bbfe72a97b2bbf08fead044ae020e5c5ae76f.sol#771)
		- oraclize.randomDS_getSessionPubKeyHash() (../sb/0xa70bbfe72a97b2bbf08fead044ae020e5c5ae76f.sol#527)
		- oraclize = OraclizeI(OAR.getAddress()) (../sb/0xa70bbfe72a97b2bbf08fead044ae020e5c5ae76f.sol#77)
	- queryId = oraclize_query(_delay,random,args,_customGasLimit) (../sb/0xa70bbfe72a97b2bbf08fead044ae020e5c5ae76f.sol#779)
		- price = oraclize.getPrice(datasource,gaslimit) (../sb/0xa70bbfe72a97b2bbf08fead044ae020e5c5ae76f.sol#359)
		- oraclize = OraclizeI(OAR.getAddress()) (../sb/0xa70bbfe72a97b2bbf08fead044ae020e5c5ae76f.sol#77)
		- oraclize.queryN_withGasLimit.value(price)(timestamp,datasource,args,gaslimit) (../sb/0xa70bbfe72a97b2bbf08fead044ae020e5c5ae76f.sol#362)
	External calls sending eth:
	- queryId = oraclize_query(_delay,random,args,_customGasLimit) (../sb/0xa70bbfe72a97b2bbf08fead044ae020e5c5ae76f.sol#779)
		- oraclize.queryN_withGasLimit.value(price)(timestamp,datasource,args,gaslimit) (../sb/0xa70bbfe72a97b2bbf08fead044ae020e5c5ae76f.sol#362)
	State variables written after the call(s):
	- queryId = oraclize_query(_delay,random,args,_customGasLimit) (../sb/0xa70bbfe72a97b2bbf08fead044ae020e5c5ae76f.sol#779)
		- oraclize_network_name = _network_name (../sb/0xa70bbfe72a97b2bbf08fead044ae020e5c5ae76f.sol#758)
	- oraclize_randomDS_setCommitment(queryId,sha3()(bytes8(_delay),args[1],sha256()(args[0]),args[2])) (../sb/0xa70bbfe72a97b2bbf08fead044ae020e5c5ae76f.sol#780)
		- oraclize_randomDS_args[queryId] = commitment (../sb/0xa70bbfe72a97b2bbf08fead044ae020e5c5ae76f.sol#785)
Reentrancy in usingOraclize.oraclize_query(string,string[1]) (../sb/0xa70bbfe72a97b2bbf08fead044ae020e5c5ae76f.sol#204-208):
	External calls:
	- oraclize_query(datasource,dynargs) (../sb/0xa70bbfe72a97b2bbf08fead044ae020e5c5ae76f.sol#207)
		- price = oraclize.getPrice(datasource) (../sb/0xa70bbfe72a97b2bbf08fead044ae020e5c5ae76f.sol#181)
		- oraclize = OraclizeI(OAR.getAddress()) (../sb/0xa70bbfe72a97b2bbf08fead044ae020e5c5ae76f.sol#77)
		- oraclize.queryN.value(price)(0,datasource,args) (../sb/0xa70bbfe72a97b2bbf08fead044ae020e5c5ae76f.sol#184)
	- oraclizeAPI() (../sb/0xa70bbfe72a97b2bbf08fead044ae020e5c5ae76f.sol#204)
		- oraclize = OraclizeI(OAR.getAddress()) (../sb/0xa70bbfe72a97b2bbf08fead044ae020e5c5ae76f.sol#77)
	External calls sending eth:
	- oraclize_query(datasource,dynargs) (../sb/0xa70bbfe72a97b2bbf08fead044ae020e5c5ae76f.sol#207)
		- oraclize.queryN.value(price)(0,datasource,args) (../sb/0xa70bbfe72a97b2bbf08fead044ae020e5c5ae76f.sol#184)
	State variables written after the call(s):
	- oraclize_query(datasource,dynargs) (../sb/0xa70bbfe72a97b2bbf08fead044ae020e5c5ae76f.sol#207)
		- oraclize_network_name = _network_name (../sb/0xa70bbfe72a97b2bbf08fead044ae020e5c5ae76f.sol#758)
Reentrancy in usingOraclize.oraclize_query(uint256,string,string[1]) (../sb/0xa70bbfe72a97b2bbf08fead044ae020e5c5ae76f.sol#209-213):
	External calls:
	- oraclize_query(timestamp,datasource,dynargs) (../sb/0xa70bbfe72a97b2bbf08fead044ae020e5c5ae76f.sol#212)
		- price = oraclize.getPrice(datasource) (../sb/0xa70bbfe72a97b2bbf08fead044ae020e5c5ae76f.sol#187)
		- oraclize = OraclizeI(OAR.getAddress()) (../sb/0xa70bbfe72a97b2bbf08fead044ae020e5c5ae76f.sol#77)
		- oraclize.queryN.value(price)(timestamp,datasource,args) (../sb/0xa70bbfe72a97b2bbf08fead044ae020e5c5ae76f.sol#190)
	- oraclizeAPI() (../sb/0xa70bbfe72a97b2bbf08fead044ae020e5c5ae76f.sol#209)
		- oraclize = OraclizeI(OAR.getAddress()) (../sb/0xa70bbfe72a97b2bbf08fead044ae020e5c5ae76f.sol#77)
	External calls sending eth:
	- oraclize_query(timestamp,datasource,dynargs) (../sb/0xa70bbfe72a97b2bbf08fead044ae020e5c5ae76f.sol#212)
		- oraclize.queryN.value(price)(timestamp,datasource,args) (../sb/0xa70bbfe72a97b2bbf08fead044ae020e5c5ae76f.sol#190)
	State variables written after the call(s):
	- oraclize_query(timestamp,datasource,dynargs) (../sb/0xa70bbfe72a97b2bbf08fead044ae020e5c5ae76f.sol#212)
		- oraclize_network_name = _network_name (../sb/0xa70bbfe72a97b2bbf08fead044ae020e5c5ae76f.sol#758)
Reentrancy in usingOraclize.oraclize_query(uint256,string,string[1],uint256) (../sb/0xa70bbfe72a97b2bbf08fead044ae020e5c5ae76f.sol#214-218):
	External calls:
	- oraclize_query(timestamp,datasource,dynargs,gaslimit) (../sb/0xa70bbfe72a97b2bbf08fead044ae020e5c5ae76f.sol#217)
		- price = oraclize.getPrice(datasource,gaslimit) (../sb/0xa70bbfe72a97b2bbf08fead044ae020e5c5ae76f.sol#193)
		- oraclize = OraclizeI(OAR.getAddress()) (../sb/0xa70bbfe72a97b2bbf08fead044ae020e5c5ae76f.sol#77)
		- oraclize.queryN_withGasLimit.value(price)(timestamp,datasource,args,gaslimit) (../sb/0xa70bbfe72a97b2bbf08fead044ae020e5c5ae76f.sol#196)
	- oraclizeAPI() (../sb/0xa70bbfe72a97b2bbf08fead044ae020e5c5ae76f.sol#214)
		- oraclize = OraclizeI(OAR.getAddress()) (../sb/0xa70bbfe72a97b2bbf08fead044ae020e5c5ae76f.sol#77)
	External calls sending eth:
	- oraclize_query(timestamp,datasource,dynargs,gaslimit) (../sb/0xa70bbfe72a97b2bbf08fead044ae020e5c5ae76f.sol#217)
		- oraclize.queryN_withGasLimit.value(price)(timestamp,datasource,args,gaslimit) (../sb/0xa70bbfe72a97b2bbf08fead044ae020e5c5ae76f.sol#196)
	State variables written after the call(s):
	- oraclize_query(timestamp,datasource,dynargs,gaslimit) (../sb/0xa70bbfe72a97b2bbf08fead044ae020e5c5ae76f.sol#217)
		- oraclize_network_name = _network_name (../sb/0xa70bbfe72a97b2bbf08fead044ae020e5c5ae76f.sol#758)
Reentrancy in usingOraclize.oraclize_query(string,string[1],uint256) (../sb/0xa70bbfe72a97b2bbf08fead044ae020e5c5ae76f.sol#219-223):
	External calls:
	- oraclize_query(datasource,dynargs,gaslimit) (../sb/0xa70bbfe72a97b2bbf08fead044ae020e5c5ae76f.sol#222)
		- price = oraclize.getPrice(datasource,gaslimit) (../sb/0xa70bbfe72a97b2bbf08fead044ae020e5c5ae76f.sol#199)
		- oraclize = OraclizeI(OAR.getAddress()) (../sb/0xa70bbfe72a97b2bbf08fead044ae020e5c5ae76f.sol#77)
		- oraclize.queryN_withGasLimit.value(price)(0,datasource,args,gaslimit) (../sb/0xa70bbfe72a97b2bbf08fead044ae020e5c5ae76f.sol#202)
	- oraclizeAPI() (../sb/0xa70bbfe72a97b2bbf08fead044ae020e5c5ae76f.sol#219)
		- oraclize = OraclizeI(OAR.getAddress()) (../sb/0xa70bbfe72a97b2bbf08fead044ae020e5c5ae76f.sol#77)
	External calls sending eth:
	- oraclize_query(datasource,dynargs,gaslimit) (../sb/0xa70bbfe72a97b2bbf08fead044ae020e5c5ae76f.sol#222)
		- oraclize.queryN_withGasLimit.value(price)(0,datasource,args,gaslimit) (../sb/0xa70bbfe72a97b2bbf08fead044ae020e5c5ae76f.sol#202)
	State variables written after the call(s):
	- oraclize_query(datasource,dynargs,gaslimit) (../sb/0xa70bbfe72a97b2bbf08fead044ae020e5c5ae76f.sol#222)
		- oraclize_network_name = _network_name (../sb/0xa70bbfe72a97b2bbf08fead044ae020e5c5ae76f.sol#758)
Reentrancy in usingOraclize.oraclize_query(string,string[2]) (../sb/0xa70bbfe72a97b2bbf08fead044ae020e5c5ae76f.sol#225-230):
	External calls:
	- oraclize_query(datasource,dynargs) (../sb/0xa70bbfe72a97b2bbf08fead044ae020e5c5ae76f.sol#229)
		- price = oraclize.getPrice(datasource) (../sb/0xa70bbfe72a97b2bbf08fead044ae020e5c5ae76f.sol#181)
		- oraclize = OraclizeI(OAR.getAddress()) (../sb/0xa70bbfe72a97b2bbf08fead044ae020e5c5ae76f.sol#77)
		- oraclize.queryN.value(price)(0,datasource,args) (../sb/0xa70bbfe72a97b2bbf08fead044ae020e5c5ae76f.sol#184)
	- oraclizeAPI() (../sb/0xa70bbfe72a97b2bbf08fead044ae020e5c5ae76f.sol#225)
		- oraclize = OraclizeI(OAR.getAddress()) (../sb/0xa70bbfe72a97b2bbf08fead044ae020e5c5ae76f.sol#77)
	External calls sending eth:
	- oraclize_query(datasource,dynargs) (../sb/0xa70bbfe72a97b2bbf08fead044ae020e5c5ae76f.sol#229)
		- oraclize.queryN.value(price)(0,datasource,args) (../sb/0xa70bbfe72a97b2bbf08fead044ae020e5c5ae76f.sol#184)
	State variables written after the call(s):
	- oraclize_query(datasource,dynargs) (../sb/0xa70bbfe72a97b2bbf08fead044ae020e5c5ae76f.sol#229)
		- oraclize_network_name = _network_name (../sb/0xa70bbfe72a97b2bbf08fead044ae020e5c5ae76f.sol#758)
Reentrancy in usingOraclize.oraclize_query(uint256,string,string[2]) (../sb/0xa70bbfe72a97b2bbf08fead044ae020e5c5ae76f.sol#231-236):
	External calls:
	- oraclize_query(timestamp,datasource,dynargs) (../sb/0xa70bbfe72a97b2bbf08fead044ae020e5c5ae76f.sol#235)
		- price = oraclize.getPrice(datasource) (../sb/0xa70bbfe72a97b2bbf08fead044ae020e5c5ae76f.sol#187)
		- oraclize = OraclizeI(OAR.getAddress()) (../sb/0xa70bbfe72a97b2bbf08fead044ae020e5c5ae76f.sol#77)
		- oraclize.queryN.value(price)(timestamp,datasource,args) (../sb/0xa70bbfe72a97b2bbf08fead044ae020e5c5ae76f.sol#190)
	- oraclizeAPI() (../sb/0xa70bbfe72a97b2bbf08fead044ae020e5c5ae76f.sol#231)
		- oraclize = OraclizeI(OAR.getAddress()) (../sb/0xa70bbfe72a97b2bbf08fead044ae020e5c5ae76f.sol#77)
	External calls sending eth:
	- oraclize_query(timestamp,datasource,dynargs) (../sb/0xa70bbfe72a97b2bbf08fead044ae020e5c5ae76f.sol#235)
		- oraclize.queryN.value(price)(timestamp,datasource,args) (../sb/0xa70bbfe72a97b2bbf08fead044ae020e5c5ae76f.sol#190)
	State variables written after the call(s):
	- oraclize_query(timestamp,datasource,dynargs) (../sb/0xa70bbfe72a97b2bbf08fead044ae020e5c5ae76f.sol#235)
		- oraclize_network_name = _network_name (../sb/0xa70bbfe72a97b2bbf08fead044ae020e5c5ae76f.sol#758)
Reentrancy in usingOraclize.oraclize_query(uint256,string,string[2],uint256) (../sb/0xa70bbfe72a97b2bbf08fead044ae020e5c5ae76f.sol#237-242):
	External calls:
	- oraclize_query(timestamp,datasource,dynargs,gaslimit) (../sb/0xa70bbfe72a97b2bbf08fead044ae020e5c5ae76f.sol#241)
		- price = oraclize.getPrice(datasource,gaslimit) (../sb/0xa70bbfe72a97b2bbf08fead044ae020e5c5ae76f.sol#193)
		- oraclize = OraclizeI(OAR.getAddress()) (../sb/0xa70bbfe72a97b2bbf08fead044ae020e5c5ae76f.sol#77)
		- oraclize.queryN_withGasLimit.value(price)(timestamp,datasource,args,gaslimit) (../sb/0xa70bbfe72a97b2bbf08fead044ae020e5c5ae76f.sol#196)
	- oraclizeAPI() (../sb/0xa70bbfe72a97b2bbf08fead044ae020e5c5ae76f.sol#237)
		- oraclize = OraclizeI(OAR.getAddress()) (../sb/0xa70bbfe72a97b2bbf08fead044ae020e5c5ae76f.sol#77)
	External calls sending eth:
	- oraclize_query(timestamp,datasource,dynargs,gaslimit) (../sb/0xa70bbfe72a97b2bbf08fead044ae020e5c5ae76f.sol#241)
		- oraclize.queryN_withGasLimit.value(price)(timestamp,datasource,args,gaslimit) (../sb/0xa70bbfe72a97b2bbf08fead044ae020e5c5ae76f.sol#196)
	State variables written after the call(s):
	- oraclize_query(timestamp,datasource,dynargs,gaslimit) (../sb/0xa70bbfe72a97b2bbf08fead044ae020e5c5ae76f.sol#241)
		- oraclize_network_name = _network_name (../sb/0xa70bbfe72a97b2bbf08fead044ae020e5c5ae76f.sol#758)
Reentrancy in usingOraclize.oraclize_query(string,string[2],uint256) (../sb/0xa70bbfe72a97b2bbf08fead044ae020e5c5ae76f.sol#243-248):
	External calls:
	- oraclize_query(datasource,dynargs,gaslimit) (../sb/0xa70bbfe72a97b2bbf08fead044ae020e5c5ae76f.sol#247)
		- price = oraclize.getPrice(datasource,gaslimit) (../sb/0xa70bbfe72a97b2bbf08fead044ae020e5c5ae76f.sol#199)
		- oraclize = OraclizeI(OAR.getAddress()) (../sb/0xa70bbfe72a97b2bbf08fead044ae020e5c5ae76f.sol#77)
		- oraclize.queryN_withGasLimit.value(price)(0,datasource,args,gaslimit) (../sb/0xa70bbfe72a97b2bbf08fead044ae020e5c5ae76f.sol#202)
	- oraclizeAPI() (../sb/0xa70bbfe72a97b2bbf08fead044ae020e5c5ae76f.sol#243)
		- oraclize = OraclizeI(OAR.getAddress()) (../sb/0xa70bbfe72a97b2bbf08fead044ae020e5c5ae76f.sol#77)
	External calls sending eth:
	- oraclize_query(datasource,dynargs,gaslimit) (../sb/0xa70bbfe72a97b2bbf08fead044ae020e5c5ae76f.sol#247)
		- oraclize.queryN_withGasLimit.value(price)(0,datasource,args,gaslimit) (../sb/0xa70bbfe72a97b2bbf08fead044ae020e5c5ae76f.sol#202)
	State variables written after the call(s):
	- oraclize_query(datasource,dynargs,gaslimit) (../sb/0xa70bbfe72a97b2bbf08fead044ae020e5c5ae76f.sol#247)
		- oraclize_network_name = _network_name (../sb/0xa70bbfe72a97b2bbf08fead044ae020e5c5ae76f.sol#758)
Reentrancy in usingOraclize.oraclize_query(string,string[3]) (../sb/0xa70bbfe72a97b2bbf08fead044ae020e5c5ae76f.sol#249-255):
	External calls:
	- oraclize_query(datasource,dynargs) (../sb/0xa70bbfe72a97b2bbf08fead044ae020e5c5ae76f.sol#254)
		- price = oraclize.getPrice(datasource) (../sb/0xa70bbfe72a97b2bbf08fead044ae020e5c5ae76f.sol#181)
		- oraclize = OraclizeI(OAR.getAddress()) (../sb/0xa70bbfe72a97b2bbf08fead044ae020e5c5ae76f.sol#77)
		- oraclize.queryN.value(price)(0,datasource,args) (../sb/0xa70bbfe72a97b2bbf08fead044ae020e5c5ae76f.sol#184)
	- oraclizeAPI() (../sb/0xa70bbfe72a97b2bbf08fead044ae020e5c5ae76f.sol#249)
		- oraclize = OraclizeI(OAR.getAddress()) (../sb/0xa70bbfe72a97b2bbf08fead044ae020e5c5ae76f.sol#77)
	External calls sending eth:
	- oraclize_query(datasource,dynargs) (../sb/0xa70bbfe72a97b2bbf08fead044ae020e5c5ae76f.sol#254)
		- oraclize.queryN.value(price)(0,datasource,args) (../sb/0xa70bbfe72a97b2bbf08fead044ae020e5c5ae76f.sol#184)
	State variables written after the call(s):
	- oraclize_query(datasource,dynargs) (../sb/0xa70bbfe72a97b2bbf08fead044ae020e5c5ae76f.sol#254)
		- oraclize_network_name = _network_name (../sb/0xa70bbfe72a97b2bbf08fead044ae020e5c5ae76f.sol#758)
Reentrancy in usingOraclize.oraclize_query(uint256,string,string[3]) (../sb/0xa70bbfe72a97b2bbf08fead044ae020e5c5ae76f.sol#256-262):
	External calls:
	- oraclize_query(timestamp,datasource,dynargs) (../sb/0xa70bbfe72a97b2bbf08fead044ae020e5c5ae76f.sol#261)
		- price = oraclize.getPrice(datasource) (../sb/0xa70bbfe72a97b2bbf08fead044ae020e5c5ae76f.sol#187)
		- oraclize = OraclizeI(OAR.getAddress()) (../sb/0xa70bbfe72a97b2bbf08fead044ae020e5c5ae76f.sol#77)
		- oraclize.queryN.value(price)(timestamp,datasource,args) (../sb/0xa70bbfe72a97b2bbf08fead044ae020e5c5ae76f.sol#190)
	- oraclizeAPI() (../sb/0xa70bbfe72a97b2bbf08fead044ae020e5c5ae76f.sol#256)
		- oraclize = OraclizeI(OAR.getAddress()) (../sb/0xa70bbfe72a97b2bbf08fead044ae020e5c5ae76f.sol#77)
	External calls sending eth:
	- oraclize_query(timestamp,datasource,dynargs) (../sb/0xa70bbfe72a97b2bbf08fead044ae020e5c5ae76f.sol#261)
		- oraclize.queryN.value(price)(timestamp,datasource,args) (../sb/0xa70bbfe72a97b2bbf08fead044ae020e5c5ae76f.sol#190)
	State variables written after the call(s):
	- oraclize_query(timestamp,datasource,dynargs) (../sb/0xa70bbfe72a97b2bbf08fead044ae020e5c5ae76f.sol#261)
		- oraclize_network_name = _network_name (../sb/0xa70bbfe72a97b2bbf08fead044ae020e5c5ae76f.sol#758)
Reentrancy in usingOraclize.oraclize_query(uint256,string,string[3],uint256) (../sb/0xa70bbfe72a97b2bbf08fead044ae020e5c5ae76f.sol#263-269):
	External calls:
	- oraclize_query(timestamp,datasource,dynargs,gaslimit) (../sb/0xa70bbfe72a97b2bbf08fead044ae020e5c5ae76f.sol#268)
		- price = oraclize.getPrice(datasource,gaslimit) (../sb/0xa70bbfe72a97b2bbf08fead044ae020e5c5ae76f.sol#193)
		- oraclize = OraclizeI(OAR.getAddress()) (../sb/0xa70bbfe72a97b2bbf08fead044ae020e5c5ae76f.sol#77)
		- oraclize.queryN_withGasLimit.value(price)(timestamp,datasource,args,gaslimit) (../sb/0xa70bbfe72a97b2bbf08fead044ae020e5c5ae76f.sol#196)
	- oraclizeAPI() (../sb/0xa70bbfe72a97b2bbf08fead044ae020e5c5ae76f.sol#263)
		- oraclize = OraclizeI(OAR.getAddress()) (../sb/0xa70bbfe72a97b2bbf08fead044ae020e5c5ae76f.sol#77)
	External calls sending eth:
	- oraclize_query(timestamp,datasource,dynargs,gaslimit) (../sb/0xa70bbfe72a97b2bbf08fead044ae020e5c5ae76f.sol#268)
		- oraclize.queryN_withGasLimit.value(price)(timestamp,datasource,args,gaslimit) (../sb/0xa70bbfe72a97b2bbf08fead044ae020e5c5ae76f.sol#196)
	State variables written after the call(s):
	- oraclize_query(timestamp,datasource,dynargs,gaslimit) (../sb/0xa70bbfe72a97b2bbf08fead044ae020e5c5ae76f.sol#268)
		- oraclize_network_name = _network_name (../sb/0xa70bbfe72a97b2bbf08fead044ae020e5c5ae76f.sol#758)
Reentrancy in usingOraclize.oraclize_query(string,string[3],uint256) (../sb/0xa70bbfe72a97b2bbf08fead044ae020e5c5ae76f.sol#270-276):
	External calls:
	- oraclize_query(datasource,dynargs,gaslimit) (../sb/0xa70bbfe72a97b2bbf08fead044ae020e5c5ae76f.sol#275)
		- price = oraclize.getPrice(datasource,gaslimit) (../sb/0xa70bbfe72a97b2bbf08fead044ae020e5c5ae76f.sol#199)
		- oraclize = OraclizeI(OAR.getAddress()) (../sb/0xa70bbfe72a97b2bbf08fead044ae020e5c5ae76f.sol#77)
		- oraclize.queryN_withGasLimit.value(price)(0,datasource,args,gaslimit) (../sb/0xa70bbfe72a97b2bbf08fead044ae020e5c5ae76f.sol#202)
	- oraclizeAPI() (../sb/0xa70bbfe72a97b2bbf08fead044ae020e5c5ae76f.sol#270)
		- oraclize = OraclizeI(OAR.getAddress()) (../sb/0xa70bbfe72a97b2bbf08fead044ae020e5c5ae76f.sol#77)
	External calls sending eth:
	- oraclize_query(datasource,dynargs,gaslimit) (../sb/0xa70bbfe72a97b2bbf08fead044ae020e5c5ae76f.sol#275)
		- oraclize.queryN_withGasLimit.value(price)(0,datasource,args,gaslimit) (../sb/0xa70bbfe72a97b2bbf08fead044ae020e5c5ae76f.sol#202)
	State variables written after the call(s):
	- oraclize_query(datasource,dynargs,gaslimit) (../sb/0xa70bbfe72a97b2bbf08fead044ae020e5c5ae76f.sol#275)
		- oraclize_network_name = _network_name (../sb/0xa70bbfe72a97b2bbf08fead044ae020e5c5ae76f.sol#758)
Reentrancy in usingOraclize.oraclize_query(string,string[4]) (../sb/0xa70bbfe72a97b2bbf08fead044ae020e5c5ae76f.sol#278-285):
	External calls:
	- oraclize_query(datasource,dynargs) (../sb/0xa70bbfe72a97b2bbf08fead044ae020e5c5ae76f.sol#284)
		- price = oraclize.getPrice(datasource) (../sb/0xa70bbfe72a97b2bbf08fead044ae020e5c5ae76f.sol#181)
		- oraclize = OraclizeI(OAR.getAddress()) (../sb/0xa70bbfe72a97b2bbf08fead044ae020e5c5ae76f.sol#77)
		- oraclize.queryN.value(price)(0,datasource,args) (../sb/0xa70bbfe72a97b2bbf08fead044ae020e5c5ae76f.sol#184)
	- oraclizeAPI() (../sb/0xa70bbfe72a97b2bbf08fead044ae020e5c5ae76f.sol#278)
		- oraclize = OraclizeI(OAR.getAddress()) (../sb/0xa70bbfe72a97b2bbf08fead044ae020e5c5ae76f.sol#77)
	External calls sending eth:
	- oraclize_query(datasource,dynargs) (../sb/0xa70bbfe72a97b2bbf08fead044ae020e5c5ae76f.sol#284)
		- oraclize.queryN.value(price)(0,datasource,args) (../sb/0xa70bbfe72a97b2bbf08fead044ae020e5c5ae76f.sol#184)
	State variables written after the call(s):
	- oraclize_query(datasource,dynargs) (../sb/0xa70bbfe72a97b2bbf08fead044ae020e5c5ae76f.sol#284)
		- oraclize_network_name = _network_name (../sb/0xa70bbfe72a97b2bbf08fead044ae020e5c5ae76f.sol#758)
Reentrancy in usingOraclize.oraclize_query(uint256,string,string[4]) (../sb/0xa70bbfe72a97b2bbf08fead044ae020e5c5ae76f.sol#286-293):
	External calls:
	- oraclize_query(timestamp,datasource,dynargs) (../sb/0xa70bbfe72a97b2bbf08fead044ae020e5c5ae76f.sol#292)
		- price = oraclize.getPrice(datasource) (../sb/0xa70bbfe72a97b2bbf08fead044ae020e5c5ae76f.sol#187)
		- oraclize = OraclizeI(OAR.getAddress()) (../sb/0xa70bbfe72a97b2bbf08fead044ae020e5c5ae76f.sol#77)
		- oraclize.queryN.value(price)(timestamp,datasource,args) (../sb/0xa70bbfe72a97b2bbf08fead044ae020e5c5ae76f.sol#190)
	- oraclizeAPI() (../sb/0xa70bbfe72a97b2bbf08fead044ae020e5c5ae76f.sol#286)
		- oraclize = OraclizeI(OAR.getAddress()) (../sb/0xa70bbfe72a97b2bbf08fead044ae020e5c5ae76f.sol#77)
	External calls sending eth:
	- oraclize_query(timestamp,datasource,dynargs) (../sb/0xa70bbfe72a97b2bbf08fead044ae020e5c5ae76f.sol#292)
		- oraclize.queryN.value(price)(timestamp,datasource,args) (../sb/0xa70bbfe72a97b2bbf08fead044ae020e5c5ae76f.sol#190)
	State variables written after the call(s):
	- oraclize_query(timestamp,datasource,dynargs) (../sb/0xa70bbfe72a97b2bbf08fead044ae020e5c5ae76f.sol#292)
		- oraclize_network_name = _network_name (../sb/0xa70bbfe72a97b2bbf08fead044ae020e5c5ae76f.sol#758)
Reentrancy in usingOraclize.oraclize_query(uint256,string,string[4],uint256) (../sb/0xa70bbfe72a97b2bbf08fead044ae020e5c5ae76f.sol#294-301):
	External calls:
	- oraclize_query(timestamp,datasource,dynargs,gaslimit) (../sb/0xa70bbfe72a97b2bbf08fead044ae020e5c5ae76f.sol#300)
		- price = oraclize.getPrice(datasource,gaslimit) (../sb/0xa70bbfe72a97b2bbf08fead044ae020e5c5ae76f.sol#193)
		- oraclize = OraclizeI(OAR.getAddress()) (../sb/0xa70bbfe72a97b2bbf08fead044ae020e5c5ae76f.sol#77)
		- oraclize.queryN_withGasLimit.value(price)(timestamp,datasource,args,gaslimit) (../sb/0xa70bbfe72a97b2bbf08fead044ae020e5c5ae76f.sol#196)
	- oraclizeAPI() (../sb/0xa70bbfe72a97b2bbf08fead044ae020e5c5ae76f.sol#294)
		- oraclize = OraclizeI(OAR.getAddress()) (../sb/0xa70bbfe72a97b2bbf08fead044ae020e5c5ae76f.sol#77)
	External calls sending eth:
	- oraclize_query(timestamp,datasource,dynargs,gaslimit) (../sb/0xa70bbfe72a97b2bbf08fead044ae020e5c5ae76f.sol#300)
		- oraclize.queryN_withGasLimit.value(price)(timestamp,datasource,args,gaslimit) (../sb/0xa70bbfe72a97b2bbf08fead044ae020e5c5ae76f.sol#196)
	State variables written after the call(s):
	- oraclize_query(timestamp,datasource,dynargs,gaslimit) (../sb/0xa70bbfe72a97b2bbf08fead044ae020e5c5ae76f.sol#300)
		- oraclize_network_name = _network_name (../sb/0xa70bbfe72a97b2bbf08fead044ae020e5c5ae76f.sol#758)
Reentrancy in usingOraclize.oraclize_query(string,string[4],uint256) (../sb/0xa70bbfe72a97b2bbf08fead044ae020e5c5ae76f.sol#302-309):
	External calls:
	- oraclize_query(datasource,dynargs,gaslimit) (../sb/0xa70bbfe72a97b2bbf08fead044ae020e5c5ae76f.sol#308)
		- price = oraclize.getPrice(datasource,gaslimit) (../sb/0xa70bbfe72a97b2bbf08fead044ae020e5c5ae76f.sol#199)
		- oraclize = OraclizeI(OAR.getAddress()) (../sb/0xa70bbfe72a97b2bbf08fead044ae020e5c5ae76f.sol#77)
		- oraclize.queryN_withGasLimit.value(price)(0,datasource,args,gaslimit) (../sb/0xa70bbfe72a97b2bbf08fead044ae020e5c5ae76f.sol#202)
	- oraclizeAPI() (../sb/0xa70bbfe72a97b2bbf08fead044ae020e5c5ae76f.sol#302)
		- oraclize = OraclizeI(OAR.getAddress()) (../sb/0xa70bbfe72a97b2bbf08fead044ae020e5c5ae76f.sol#77)
	External calls sending eth:
	- oraclize_query(datasource,dynargs,gaslimit) (../sb/0xa70bbfe72a97b2bbf08fead044ae020e5c5ae76f.sol#308)
		- oraclize.queryN_withGasLimit.value(price)(0,datasource,args,gaslimit) (../sb/0xa70bbfe72a97b2bbf08fead044ae020e5c5ae76f.sol#202)
	State variables written after the call(s):
	- oraclize_query(datasource,dynargs,gaslimit) (../sb/0xa70bbfe72a97b2bbf08fead044ae020e5c5ae76f.sol#308)
		- oraclize_network_name = _network_name (../sb/0xa70bbfe72a97b2bbf08fead044ae020e5c5ae76f.sol#758)
Reentrancy in usingOraclize.oraclize_query(string,string[5]) (../sb/0xa70bbfe72a97b2bbf08fead044ae020e5c5ae76f.sol#310-318):
	External calls:
	- oraclize_query(datasource,dynargs) (../sb/0xa70bbfe72a97b2bbf08fead044ae020e5c5ae76f.sol#317)
		- price = oraclize.getPrice(datasource) (../sb/0xa70bbfe72a97b2bbf08fead044ae020e5c5ae76f.sol#181)
		- oraclize = OraclizeI(OAR.getAddress()) (../sb/0xa70bbfe72a97b2bbf08fead044ae020e5c5ae76f.sol#77)
		- oraclize.queryN.value(price)(0,datasource,args) (../sb/0xa70bbfe72a97b2bbf08fead044ae020e5c5ae76f.sol#184)
	- oraclizeAPI() (../sb/0xa70bbfe72a97b2bbf08fead044ae020e5c5ae76f.sol#310)
		- oraclize = OraclizeI(OAR.getAddress()) (../sb/0xa70bbfe72a97b2bbf08fead044ae020e5c5ae76f.sol#77)
	External calls sending eth:
	- oraclize_query(datasource,dynargs) (../sb/0xa70bbfe72a97b2bbf08fead044ae020e5c5ae76f.sol#317)
		- oraclize.queryN.value(price)(0,datasource,args) (../sb/0xa70bbfe72a97b2bbf08fead044ae020e5c5ae76f.sol#184)
	State variables written after the call(s):
	- oraclize_query(datasource,dynargs) (../sb/0xa70bbfe72a97b2bbf08fead044ae020e5c5ae76f.sol#317)
		- oraclize_network_name = _network_name (../sb/0xa70bbfe72a97b2bbf08fead044ae020e5c5ae76f.sol#758)
Reentrancy in usingOraclize.oraclize_query(uint256,string,string[5]) (../sb/0xa70bbfe72a97b2bbf08fead044ae020e5c5ae76f.sol#319-327):
	External calls:
	- oraclize_query(timestamp,datasource,dynargs) (../sb/0xa70bbfe72a97b2bbf08fead044ae020e5c5ae76f.sol#326)
		- price = oraclize.getPrice(datasource) (../sb/0xa70bbfe72a97b2bbf08fead044ae020e5c5ae76f.sol#187)
		- oraclize = OraclizeI(OAR.getAddress()) (../sb/0xa70bbfe72a97b2bbf08fead044ae020e5c5ae76f.sol#77)
		- oraclize.queryN.value(price)(timestamp,datasource,args) (../sb/0xa70bbfe72a97b2bbf08fead044ae020e5c5ae76f.sol#190)
	- oraclizeAPI() (../sb/0xa70bbfe72a97b2bbf08fead044ae020e5c5ae76f.sol#319)
		- oraclize = OraclizeI(OAR.getAddress()) (../sb/0xa70bbfe72a97b2bbf08fead044ae020e5c5ae76f.sol#77)
	External calls sending eth:
	- oraclize_query(timestamp,datasource,dynargs) (../sb/0xa70bbfe72a97b2bbf08fead044ae020e5c5ae76f.sol#326)
		- oraclize.queryN.value(price)(timestamp,datasource,args) (../sb/0xa70bbfe72a97b2bbf08fead044ae020e5c5ae76f.sol#190)
	State variables written after the call(s):
	- oraclize_query(timestamp,datasource,dynargs) (../sb/0xa70bbfe72a97b2bbf08fead044ae020e5c5ae76f.sol#326)
		- oraclize_network_name = _network_name (../sb/0xa70bbfe72a97b2bbf08fead044ae020e5c5ae76f.sol#758)
Reentrancy in usingOraclize.oraclize_query(uint256,string,string[5],uint256) (../sb/0xa70bbfe72a97b2bbf08fead044ae020e5c5ae76f.sol#328-336):
	External calls:
	- oraclize_query(timestamp,datasource,dynargs,gaslimit) (../sb/0xa70bbfe72a97b2bbf08fead044ae020e5c5ae76f.sol#335)
		- price = oraclize.getPrice(datasource,gaslimit) (../sb/0xa70bbfe72a97b2bbf08fead044ae020e5c5ae76f.sol#193)
		- oraclize = OraclizeI(OAR.getAddress()) (../sb/0xa70bbfe72a97b2bbf08fead044ae020e5c5ae76f.sol#77)
		- oraclize.queryN_withGasLimit.value(price)(timestamp,datasource,args,gaslimit) (../sb/0xa70bbfe72a97b2bbf08fead044ae020e5c5ae76f.sol#196)
	- oraclizeAPI() (../sb/0xa70bbfe72a97b2bbf08fead044ae020e5c5ae76f.sol#328)
		- oraclize = OraclizeI(OAR.getAddress()) (../sb/0xa70bbfe72a97b2bbf08fead044ae020e5c5ae76f.sol#77)
	External calls sending eth:
	- oraclize_query(timestamp,datasource,dynargs,gaslimit) (../sb/0xa70bbfe72a97b2bbf08fead044ae020e5c5ae76f.sol#335)
		- oraclize.queryN_withGasLimit.value(price)(timestamp,datasource,args,gaslimit) (../sb/0xa70bbfe72a97b2bbf08fead044ae020e5c5ae76f.sol#196)
	State variables written after the call(s):
	- oraclize_query(timestamp,datasource,dynargs,gaslimit) (../sb/0xa70bbfe72a97b2bbf08fead044ae020e5c5ae76f.sol#335)
		- oraclize_network_name = _network_name (../sb/0xa70bbfe72a97b2bbf08fead044ae020e5c5ae76f.sol#758)
Reentrancy in usingOraclize.oraclize_query(string,string[5],uint256) (../sb/0xa70bbfe72a97b2bbf08fead044ae020e5c5ae76f.sol#337-345):
	External calls:
	- oraclize_query(datasource,dynargs,gaslimit) (../sb/0xa70bbfe72a97b2bbf08fead044ae020e5c5ae76f.sol#344)
		- price = oraclize.getPrice(datasource,gaslimit) (../sb/0xa70bbfe72a97b2bbf08fead044ae020e5c5ae76f.sol#199)
		- oraclize = OraclizeI(OAR.getAddress()) (../sb/0xa70bbfe72a97b2bbf08fead044ae020e5c5ae76f.sol#77)
		- oraclize.queryN_withGasLimit.value(price)(0,datasource,args,gaslimit) (../sb/0xa70bbfe72a97b2bbf08fead044ae020e5c5ae76f.sol#202)
	- oraclizeAPI() (../sb/0xa70bbfe72a97b2bbf08fead044ae020e5c5ae76f.sol#337)
		- oraclize = OraclizeI(OAR.getAddress()) (../sb/0xa70bbfe72a97b2bbf08fead044ae020e5c5ae76f.sol#77)
	External calls sending eth:
	- oraclize_query(datasource,dynargs,gaslimit) (../sb/0xa70bbfe72a97b2bbf08fead044ae020e5c5ae76f.sol#344)
		- oraclize.queryN_withGasLimit.value(price)(0,datasource,args,gaslimit) (../sb/0xa70bbfe72a97b2bbf08fead044ae020e5c5ae76f.sol#202)
	State variables written after the call(s):
	- oraclize_query(datasource,dynargs,gaslimit) (../sb/0xa70bbfe72a97b2bbf08fead044ae020e5c5ae76f.sol#344)
		- oraclize_network_name = _network_name (../sb/0xa70bbfe72a97b2bbf08fead044ae020e5c5ae76f.sol#758)
Reentrancy in usingOraclize.oraclize_query(string,bytes[1]) (../sb/0xa70bbfe72a97b2bbf08fead044ae020e5c5ae76f.sol#370-374):
	External calls:
	- oraclize_query(datasource,dynargs) (../sb/0xa70bbfe72a97b2bbf08fead044ae020e5c5ae76f.sol#373)
		- price = oraclize.getPrice(datasource) (../sb/0xa70bbfe72a97b2bbf08fead044ae020e5c5ae76f.sol#347)
		- oraclize = OraclizeI(OAR.getAddress()) (../sb/0xa70bbfe72a97b2bbf08fead044ae020e5c5ae76f.sol#77)
		- oraclize.queryN.value(price)(0,datasource,args) (../sb/0xa70bbfe72a97b2bbf08fead044ae020e5c5ae76f.sol#350)
	- oraclizeAPI() (../sb/0xa70bbfe72a97b2bbf08fead044ae020e5c5ae76f.sol#370)
		- oraclize = OraclizeI(OAR.getAddress()) (../sb/0xa70bbfe72a97b2bbf08fead044ae020e5c5ae76f.sol#77)
	External calls sending eth:
	- oraclize_query(datasource,dynargs) (../sb/0xa70bbfe72a97b2bbf08fead044ae020e5c5ae76f.sol#373)
		- oraclize.queryN.value(price)(0,datasource,args) (../sb/0xa70bbfe72a97b2bbf08fead044ae020e5c5ae76f.sol#350)
	State variables written after the call(s):
	- oraclize_query(datasource,dynargs) (../sb/0xa70bbfe72a97b2bbf08fead044ae020e5c5ae76f.sol#373)
		- oraclize_network_name = _network_name (../sb/0xa70bbfe72a97b2bbf08fead044ae020e5c5ae76f.sol#758)
Reentrancy in usingOraclize.oraclize_query(uint256,string,bytes[1]) (../sb/0xa70bbfe72a97b2bbf08fead044ae020e5c5ae76f.sol#375-379):
	External calls:
	- oraclize_query(timestamp,datasource,dynargs) (../sb/0xa70bbfe72a97b2bbf08fead044ae020e5c5ae76f.sol#378)
		- price = oraclize.getPrice(datasource) (../sb/0xa70bbfe72a97b2bbf08fead044ae020e5c5ae76f.sol#353)
		- oraclize = OraclizeI(OAR.getAddress()) (../sb/0xa70bbfe72a97b2bbf08fead044ae020e5c5ae76f.sol#77)
		- oraclize.queryN.value(price)(timestamp,datasource,args) (../sb/0xa70bbfe72a97b2bbf08fead044ae020e5c5ae76f.sol#356)
	- oraclizeAPI() (../sb/0xa70bbfe72a97b2bbf08fead044ae020e5c5ae76f.sol#375)
		- oraclize = OraclizeI(OAR.getAddress()) (../sb/0xa70bbfe72a97b2bbf08fead044ae020e5c5ae76f.sol#77)
	External calls sending eth:
	- oraclize_query(timestamp,datasource,dynargs) (../sb/0xa70bbfe72a97b2bbf08fead044ae020e5c5ae76f.sol#378)
		- oraclize.queryN.value(price)(timestamp,datasource,args) (../sb/0xa70bbfe72a97b2bbf08fead044ae020e5c5ae76f.sol#356)
	State variables written after the call(s):
	- oraclize_query(timestamp,datasource,dynargs) (../sb/0xa70bbfe72a97b2bbf08fead044ae020e5c5ae76f.sol#378)
		- oraclize_network_name = _network_name (../sb/0xa70bbfe72a97b2bbf08fead044ae020e5c5ae76f.sol#758)
Reentrancy in usingOraclize.oraclize_query(uint256,string,bytes[1],uint256) (../sb/0xa70bbfe72a97b2bbf08fead044ae020e5c5ae76f.sol#380-384):
	External calls:
	- oraclize_query(timestamp,datasource,dynargs,gaslimit) (../sb/0xa70bbfe72a97b2bbf08fead044ae020e5c5ae76f.sol#383)
		- price = oraclize.getPrice(datasource,gaslimit) (../sb/0xa70bbfe72a97b2bbf08fead044ae020e5c5ae76f.sol#359)
		- oraclize = OraclizeI(OAR.getAddress()) (../sb/0xa70bbfe72a97b2bbf08fead044ae020e5c5ae76f.sol#77)
		- oraclize.queryN_withGasLimit.value(price)(timestamp,datasource,args,gaslimit) (../sb/0xa70bbfe72a97b2bbf08fead044ae020e5c5ae76f.sol#362)
	- oraclizeAPI() (../sb/0xa70bbfe72a97b2bbf08fead044ae020e5c5ae76f.sol#380)
		- oraclize = OraclizeI(OAR.getAddress()) (../sb/0xa70bbfe72a97b2bbf08fead044ae020e5c5ae76f.sol#77)
	External calls sending eth:
	- oraclize_query(timestamp,datasource,dynargs,gaslimit) (../sb/0xa70bbfe72a97b2bbf08fead044ae020e5c5ae76f.sol#383)
		- oraclize.queryN_withGasLimit.value(price)(timestamp,datasource,args,gaslimit) (../sb/0xa70bbfe72a97b2bbf08fead044ae020e5c5ae76f.sol#362)
	State variables written after the call(s):
	- oraclize_query(timestamp,datasource,dynargs,gaslimit) (../sb/0xa70bbfe72a97b2bbf08fead044ae020e5c5ae76f.sol#383)
		- oraclize_network_name = _network_name (../sb/0xa70bbfe72a97b2bbf08fead044ae020e5c5ae76f.sol#758)
Reentrancy in usingOraclize.oraclize_query(string,bytes[1],uint256) (../sb/0xa70bbfe72a97b2bbf08fead044ae020e5c5ae76f.sol#385-389):
	External calls:
	- oraclize_query(datasource,dynargs,gaslimit) (../sb/0xa70bbfe72a97b2bbf08fead044ae020e5c5ae76f.sol#388)
		- price = oraclize.getPrice(datasource,gaslimit) (../sb/0xa70bbfe72a97b2bbf08fead044ae020e5c5ae76f.sol#365)
		- oraclize = OraclizeI(OAR.getAddress()) (../sb/0xa70bbfe72a97b2bbf08fead044ae020e5c5ae76f.sol#77)
		- oraclize.queryN_withGasLimit.value(price)(0,datasource,args,gaslimit) (../sb/0xa70bbfe72a97b2bbf08fead044ae020e5c5ae76f.sol#368)
	- oraclizeAPI() (../sb/0xa70bbfe72a97b2bbf08fead044ae020e5c5ae76f.sol#385)
		- oraclize = OraclizeI(OAR.getAddress()) (../sb/0xa70bbfe72a97b2bbf08fead044ae020e5c5ae76f.sol#77)
	External calls sending eth:
	- oraclize_query(datasource,dynargs,gaslimit) (../sb/0xa70bbfe72a97b2bbf08fead044ae020e5c5ae76f.sol#388)
		- oraclize.queryN_withGasLimit.value(price)(0,datasource,args,gaslimit) (../sb/0xa70bbfe72a97b2bbf08fead044ae020e5c5ae76f.sol#368)
	State variables written after the call(s):
	- oraclize_query(datasource,dynargs,gaslimit) (../sb/0xa70bbfe72a97b2bbf08fead044ae020e5c5ae76f.sol#388)
		- oraclize_network_name = _network_name (../sb/0xa70bbfe72a97b2bbf08fead044ae020e5c5ae76f.sol#758)
Reentrancy in usingOraclize.oraclize_query(string,bytes[2]) (../sb/0xa70bbfe72a97b2bbf08fead044ae020e5c5ae76f.sol#391-396):
	External calls:
	- oraclize_query(datasource,dynargs) (../sb/0xa70bbfe72a97b2bbf08fead044ae020e5c5ae76f.sol#395)
		- price = oraclize.getPrice(datasource) (../sb/0xa70bbfe72a97b2bbf08fead044ae020e5c5ae76f.sol#347)
		- oraclize = OraclizeI(OAR.getAddress()) (../sb/0xa70bbfe72a97b2bbf08fead044ae020e5c5ae76f.sol#77)
		- oraclize.queryN.value(price)(0,datasource,args) (../sb/0xa70bbfe72a97b2bbf08fead044ae020e5c5ae76f.sol#350)
	- oraclizeAPI() (../sb/0xa70bbfe72a97b2bbf08fead044ae020e5c5ae76f.sol#391)
		- oraclize = OraclizeI(OAR.getAddress()) (../sb/0xa70bbfe72a97b2bbf08fead044ae020e5c5ae76f.sol#77)
	External calls sending eth:
	- oraclize_query(datasource,dynargs) (../sb/0xa70bbfe72a97b2bbf08fead044ae020e5c5ae76f.sol#395)
		- oraclize.queryN.value(price)(0,datasource,args) (../sb/0xa70bbfe72a97b2bbf08fead044ae020e5c5ae76f.sol#350)
	State variables written after the call(s):
	- oraclize_query(datasource,dynargs) (../sb/0xa70bbfe72a97b2bbf08fead044ae020e5c5ae76f.sol#395)
		- oraclize_network_name = _network_name (../sb/0xa70bbfe72a97b2bbf08fead044ae020e5c5ae76f.sol#758)
Reentrancy in usingOraclize.oraclize_query(uint256,string,bytes[2]) (../sb/0xa70bbfe72a97b2bbf08fead044ae020e5c5ae76f.sol#397-402):
	External calls:
	- oraclize_query(timestamp,datasource,dynargs) (../sb/0xa70bbfe72a97b2bbf08fead044ae020e5c5ae76f.sol#401)
		- price = oraclize.getPrice(datasource) (../sb/0xa70bbfe72a97b2bbf08fead044ae020e5c5ae76f.sol#353)
		- oraclize = OraclizeI(OAR.getAddress()) (../sb/0xa70bbfe72a97b2bbf08fead044ae020e5c5ae76f.sol#77)
		- oraclize.queryN.value(price)(timestamp,datasource,args) (../sb/0xa70bbfe72a97b2bbf08fead044ae020e5c5ae76f.sol#356)
	- oraclizeAPI() (../sb/0xa70bbfe72a97b2bbf08fead044ae020e5c5ae76f.sol#397)
		- oraclize = OraclizeI(OAR.getAddress()) (../sb/0xa70bbfe72a97b2bbf08fead044ae020e5c5ae76f.sol#77)
	External calls sending eth:
	- oraclize_query(timestamp,datasource,dynargs) (../sb/0xa70bbfe72a97b2bbf08fead044ae020e5c5ae76f.sol#401)
		- oraclize.queryN.value(price)(timestamp,datasource,args) (../sb/0xa70bbfe72a97b2bbf08fead044ae020e5c5ae76f.sol#356)
	State variables written after the call(s):
	- oraclize_query(timestamp,datasource,dynargs) (../sb/0xa70bbfe72a97b2bbf08fead044ae020e5c5ae76f.sol#401)
		- oraclize_network_name = _network_name (../sb/0xa70bbfe72a97b2bbf08fead044ae020e5c5ae76f.sol#758)
Reentrancy in usingOraclize.oraclize_query(uint256,string,bytes[2],uint256) (../sb/0xa70bbfe72a97b2bbf08fead044ae020e5c5ae76f.sol#403-408):
	External calls:
	- oraclize_query(timestamp,datasource,dynargs,gaslimit) (../sb/0xa70bbfe72a97b2bbf08fead044ae020e5c5ae76f.sol#407)
		- price = oraclize.getPrice(datasource,gaslimit) (../sb/0xa70bbfe72a97b2bbf08fead044ae020e5c5ae76f.sol#359)
		- oraclize = OraclizeI(OAR.getAddress()) (../sb/0xa70bbfe72a97b2bbf08fead044ae020e5c5ae76f.sol#77)
		- oraclize.queryN_withGasLimit.value(price)(timestamp,datasource,args,gaslimit) (../sb/0xa70bbfe72a97b2bbf08fead044ae020e5c5ae76f.sol#362)
	- oraclizeAPI() (../sb/0xa70bbfe72a97b2bbf08fead044ae020e5c5ae76f.sol#403)
		- oraclize = OraclizeI(OAR.getAddress()) (../sb/0xa70bbfe72a97b2bbf08fead044ae020e5c5ae76f.sol#77)
	External calls sending eth:
	- oraclize_query(timestamp,datasource,dynargs,gaslimit) (../sb/0xa70bbfe72a97b2bbf08fead044ae020e5c5ae76f.sol#407)
		- oraclize.queryN_withGasLimit.value(price)(timestamp,datasource,args,gaslimit) (../sb/0xa70bbfe72a97b2bbf08fead044ae020e5c5ae76f.sol#362)
	State variables written after the call(s):
	- oraclize_query(timestamp,datasource,dynargs,gaslimit) (../sb/0xa70bbfe72a97b2bbf08fead044ae020e5c5ae76f.sol#407)
		- oraclize_network_name = _network_name (../sb/0xa70bbfe72a97b2bbf08fead044ae020e5c5ae76f.sol#758)
Reentrancy in usingOraclize.oraclize_query(string,bytes[2],uint256) (../sb/0xa70bbfe72a97b2bbf08fead044ae020e5c5ae76f.sol#409-414):
	External calls:
	- oraclize_query(datasource,dynargs,gaslimit) (../sb/0xa70bbfe72a97b2bbf08fead044ae020e5c5ae76f.sol#413)
		- price = oraclize.getPrice(datasource,gaslimit) (../sb/0xa70bbfe72a97b2bbf08fead044ae020e5c5ae76f.sol#365)
		- oraclize = OraclizeI(OAR.getAddress()) (../sb/0xa70bbfe72a97b2bbf08fead044ae020e5c5ae76f.sol#77)
		- oraclize.queryN_withGasLimit.value(price)(0,datasource,args,gaslimit) (../sb/0xa70bbfe72a97b2bbf08fead044ae020e5c5ae76f.sol#368)
	- oraclizeAPI() (../sb/0xa70bbfe72a97b2bbf08fead044ae020e5c5ae76f.sol#409)
		- oraclize = OraclizeI(OAR.getAddress()) (../sb/0xa70bbfe72a97b2bbf08fead044ae020e5c5ae76f.sol#77)
	External calls sending eth:
	- oraclize_query(datasource,dynargs,gaslimit) (../sb/0xa70bbfe72a97b2bbf08fead044ae020e5c5ae76f.sol#413)
		- oraclize.queryN_withGasLimit.value(price)(0,datasource,args,gaslimit) (../sb/0xa70bbfe72a97b2bbf08fead044ae020e5c5ae76f.sol#368)
	State variables written after the call(s):
	- oraclize_query(datasource,dynargs,gaslimit) (../sb/0xa70bbfe72a97b2bbf08fead044ae020e5c5ae76f.sol#413)
		- oraclize_network_name = _network_name (../sb/0xa70bbfe72a97b2bbf08fead044ae020e5c5ae76f.sol#758)
Reentrancy in usingOraclize.oraclize_query(string,bytes[3]) (../sb/0xa70bbfe72a97b2bbf08fead044ae020e5c5ae76f.sol#415-421):
	External calls:
	- oraclize_query(datasource,dynargs) (../sb/0xa70bbfe72a97b2bbf08fead044ae020e5c5ae76f.sol#420)
		- price = oraclize.getPrice(datasource) (../sb/0xa70bbfe72a97b2bbf08fead044ae020e5c5ae76f.sol#347)
		- oraclize = OraclizeI(OAR.getAddress()) (../sb/0xa70bbfe72a97b2bbf08fead044ae020e5c5ae76f.sol#77)
		- oraclize.queryN.value(price)(0,datasource,args) (../sb/0xa70bbfe72a97b2bbf08fead044ae020e5c5ae76f.sol#350)
	- oraclizeAPI() (../sb/0xa70bbfe72a97b2bbf08fead044ae020e5c5ae76f.sol#415)
		- oraclize = OraclizeI(OAR.getAddress()) (../sb/0xa70bbfe72a97b2bbf08fead044ae020e5c5ae76f.sol#77)
	External calls sending eth:
	- oraclize_query(datasource,dynargs) (../sb/0xa70bbfe72a97b2bbf08fead044ae020e5c5ae76f.sol#420)
		- oraclize.queryN.value(price)(0,datasource,args) (../sb/0xa70bbfe72a97b2bbf08fead044ae020e5c5ae76f.sol#350)
	State variables written after the call(s):
	- oraclize_query(datasource,dynargs) (../sb/0xa70bbfe72a97b2bbf08fead044ae020e5c5ae76f.sol#420)
		- oraclize_network_name = _network_name (../sb/0xa70bbfe72a97b2bbf08fead044ae020e5c5ae76f.sol#758)
Reentrancy in usingOraclize.oraclize_query(uint256,string,bytes[3]) (../sb/0xa70bbfe72a97b2bbf08fead044ae020e5c5ae76f.sol#422-428):
	External calls:
	- oraclize_query(timestamp,datasource,dynargs) (../sb/0xa70bbfe72a97b2bbf08fead044ae020e5c5ae76f.sol#427)
		- price = oraclize.getPrice(datasource) (../sb/0xa70bbfe72a97b2bbf08fead044ae020e5c5ae76f.sol#353)
		- oraclize = OraclizeI(OAR.getAddress()) (../sb/0xa70bbfe72a97b2bbf08fead044ae020e5c5ae76f.sol#77)
		- oraclize.queryN.value(price)(timestamp,datasource,args) (../sb/0xa70bbfe72a97b2bbf08fead044ae020e5c5ae76f.sol#356)
	- oraclizeAPI() (../sb/0xa70bbfe72a97b2bbf08fead044ae020e5c5ae76f.sol#422)
		- oraclize = OraclizeI(OAR.getAddress()) (../sb/0xa70bbfe72a97b2bbf08fead044ae020e5c5ae76f.sol#77)
	External calls sending eth:
	- oraclize_query(timestamp,datasource,dynargs) (../sb/0xa70bbfe72a97b2bbf08fead044ae020e5c5ae76f.sol#427)
		- oraclize.queryN.value(price)(timestamp,datasource,args) (../sb/0xa70bbfe72a97b2bbf08fead044ae020e5c5ae76f.sol#356)
	State variables written after the call(s):
	- oraclize_query(timestamp,datasource,dynargs) (../sb/0xa70bbfe72a97b2bbf08fead044ae020e5c5ae76f.sol#427)
		- oraclize_network_name = _network_name (../sb/0xa70bbfe72a97b2bbf08fead044ae020e5c5ae76f.sol#758)
Reentrancy in usingOraclize.oraclize_query(uint256,string,bytes[3],uint256) (../sb/0xa70bbfe72a97b2bbf08fead044ae020e5c5ae76f.sol#429-435):
	External calls:
	- oraclize_query(timestamp,datasource,dynargs,gaslimit) (../sb/0xa70bbfe72a97b2bbf08fead044ae020e5c5ae76f.sol#434)
		- price = oraclize.getPrice(datasource,gaslimit) (../sb/0xa70bbfe72a97b2bbf08fead044ae020e5c5ae76f.sol#359)
		- oraclize = OraclizeI(OAR.getAddress()) (../sb/0xa70bbfe72a97b2bbf08fead044ae020e5c5ae76f.sol#77)
		- oraclize.queryN_withGasLimit.value(price)(timestamp,datasource,args,gaslimit) (../sb/0xa70bbfe72a97b2bbf08fead044ae020e5c5ae76f.sol#362)
	- oraclizeAPI() (../sb/0xa70bbfe72a97b2bbf08fead044ae020e5c5ae76f.sol#429)
		- oraclize = OraclizeI(OAR.getAddress()) (../sb/0xa70bbfe72a97b2bbf08fead044ae020e5c5ae76f.sol#77)
	External calls sending eth:
	- oraclize_query(timestamp,datasource,dynargs,gaslimit) (../sb/0xa70bbfe72a97b2bbf08fead044ae020e5c5ae76f.sol#434)
		- oraclize.queryN_withGasLimit.value(price)(timestamp,datasource,args,gaslimit) (../sb/0xa70bbfe72a97b2bbf08fead044ae020e5c5ae76f.sol#362)
	State variables written after the call(s):
	- oraclize_query(timestamp,datasource,dynargs,gaslimit) (../sb/0xa70bbfe72a97b2bbf08fead044ae020e5c5ae76f.sol#434)
		- oraclize_network_name = _network_name (../sb/0xa70bbfe72a97b2bbf08fead044ae020e5c5ae76f.sol#758)
Reentrancy in usingOraclize.oraclize_query(string,bytes[3],uint256) (../sb/0xa70bbfe72a97b2bbf08fead044ae020e5c5ae76f.sol#436-442):
	External calls:
	- oraclize_query(datasource,dynargs,gaslimit) (../sb/0xa70bbfe72a97b2bbf08fead044ae020e5c5ae76f.sol#441)
		- price = oraclize.getPrice(datasource,gaslimit) (../sb/0xa70bbfe72a97b2bbf08fead044ae020e5c5ae76f.sol#365)
		- oraclize = OraclizeI(OAR.getAddress()) (../sb/0xa70bbfe72a97b2bbf08fead044ae020e5c5ae76f.sol#77)
		- oraclize.queryN_withGasLimit.value(price)(0,datasource,args,gaslimit) (../sb/0xa70bbfe72a97b2bbf08fead044ae020e5c5ae76f.sol#368)
	- oraclizeAPI() (../sb/0xa70bbfe72a97b2bbf08fead044ae020e5c5ae76f.sol#436)
		- oraclize = OraclizeI(OAR.getAddress()) (../sb/0xa70bbfe72a97b2bbf08fead044ae020e5c5ae76f.sol#77)
	External calls sending eth:
	- oraclize_query(datasource,dynargs,gaslimit) (../sb/0xa70bbfe72a97b2bbf08fead044ae020e5c5ae76f.sol#441)
		- oraclize.queryN_withGasLimit.value(price)(0,datasource,args,gaslimit) (../sb/0xa70bbfe72a97b2bbf08fead044ae020e5c5ae76f.sol#368)
	State variables written after the call(s):
	- oraclize_query(datasource,dynargs,gaslimit) (../sb/0xa70bbfe72a97b2bbf08fead044ae020e5c5ae76f.sol#441)
		- oraclize_network_name = _network_name (../sb/0xa70bbfe72a97b2bbf08fead044ae020e5c5ae76f.sol#758)
Reentrancy in usingOraclize.oraclize_query(string,bytes[4]) (../sb/0xa70bbfe72a97b2bbf08fead044ae020e5c5ae76f.sol#444-451):
	External calls:
	- oraclize_query(datasource,dynargs) (../sb/0xa70bbfe72a97b2bbf08fead044ae020e5c5ae76f.sol#450)
		- price = oraclize.getPrice(datasource) (../sb/0xa70bbfe72a97b2bbf08fead044ae020e5c5ae76f.sol#347)
		- oraclize = OraclizeI(OAR.getAddress()) (../sb/0xa70bbfe72a97b2bbf08fead044ae020e5c5ae76f.sol#77)
		- oraclize.queryN.value(price)(0,datasource,args) (../sb/0xa70bbfe72a97b2bbf08fead044ae020e5c5ae76f.sol#350)
	- oraclizeAPI() (../sb/0xa70bbfe72a97b2bbf08fead044ae020e5c5ae76f.sol#444)
		- oraclize = OraclizeI(OAR.getAddress()) (../sb/0xa70bbfe72a97b2bbf08fead044ae020e5c5ae76f.sol#77)
	External calls sending eth:
	- oraclize_query(datasource,dynargs) (../sb/0xa70bbfe72a97b2bbf08fead044ae020e5c5ae76f.sol#450)
		- oraclize.queryN.value(price)(0,datasource,args) (../sb/0xa70bbfe72a97b2bbf08fead044ae020e5c5ae76f.sol#350)
	State variables written after the call(s):
	- oraclize_query(datasource,dynargs) (../sb/0xa70bbfe72a97b2bbf08fead044ae020e5c5ae76f.sol#450)
		- oraclize_network_name = _network_name (../sb/0xa70bbfe72a97b2bbf08fead044ae020e5c5ae76f.sol#758)
Reentrancy in usingOraclize.oraclize_query(uint256,string,bytes[4]) (../sb/0xa70bbfe72a97b2bbf08fead044ae020e5c5ae76f.sol#452-459):
	External calls:
	- oraclize_query(timestamp,datasource,dynargs) (../sb/0xa70bbfe72a97b2bbf08fead044ae020e5c5ae76f.sol#458)
		- price = oraclize.getPrice(datasource) (../sb/0xa70bbfe72a97b2bbf08fead044ae020e5c5ae76f.sol#353)
		- oraclize = OraclizeI(OAR.getAddress()) (../sb/0xa70bbfe72a97b2bbf08fead044ae020e5c5ae76f.sol#77)
		- oraclize.queryN.value(price)(timestamp,datasource,args) (../sb/0xa70bbfe72a97b2bbf08fead044ae020e5c5ae76f.sol#356)
	- oraclizeAPI() (../sb/0xa70bbfe72a97b2bbf08fead044ae020e5c5ae76f.sol#452)
		- oraclize = OraclizeI(OAR.getAddress()) (../sb/0xa70bbfe72a97b2bbf08fead044ae020e5c5ae76f.sol#77)
	External calls sending eth:
	- oraclize_query(timestamp,datasource,dynargs) (../sb/0xa70bbfe72a97b2bbf08fead044ae020e5c5ae76f.sol#458)
		- oraclize.queryN.value(price)(timestamp,datasource,args) (../sb/0xa70bbfe72a97b2bbf08fead044ae020e5c5ae76f.sol#356)
	State variables written after the call(s):
	- oraclize_query(timestamp,datasource,dynargs) (../sb/0xa70bbfe72a97b2bbf08fead044ae020e5c5ae76f.sol#458)
		- oraclize_network_name = _network_name (../sb/0xa70bbfe72a97b2bbf08fead044ae020e5c5ae76f.sol#758)
Reentrancy in usingOraclize.oraclize_query(uint256,string,bytes[4],uint256) (../sb/0xa70bbfe72a97b2bbf08fead044ae020e5c5ae76f.sol#460-467):
	External calls:
	- oraclize_query(timestamp,datasource,dynargs,gaslimit) (../sb/0xa70bbfe72a97b2bbf08fead044ae020e5c5ae76f.sol#466)
		- price = oraclize.getPrice(datasource,gaslimit) (../sb/0xa70bbfe72a97b2bbf08fead044ae020e5c5ae76f.sol#359)
		- oraclize = OraclizeI(OAR.getAddress()) (../sb/0xa70bbfe72a97b2bbf08fead044ae020e5c5ae76f.sol#77)
		- oraclize.queryN_withGasLimit.value(price)(timestamp,datasource,args,gaslimit) (../sb/0xa70bbfe72a97b2bbf08fead044ae020e5c5ae76f.sol#362)
	- oraclizeAPI() (../sb/0xa70bbfe72a97b2bbf08fead044ae020e5c5ae76f.sol#460)
		- oraclize = OraclizeI(OAR.getAddress()) (../sb/0xa70bbfe72a97b2bbf08fead044ae020e5c5ae76f.sol#77)
	External calls sending eth:
	- oraclize_query(timestamp,datasource,dynargs,gaslimit) (../sb/0xa70bbfe72a97b2bbf08fead044ae020e5c5ae76f.sol#466)
		- oraclize.queryN_withGasLimit.value(price)(timestamp,datasource,args,gaslimit) (../sb/0xa70bbfe72a97b2bbf08fead044ae020e5c5ae76f.sol#362)
	State variables written after the call(s):
	- oraclize_query(timestamp,datasource,dynargs,gaslimit) (../sb/0xa70bbfe72a97b2bbf08fead044ae020e5c5ae76f.sol#466)
		- oraclize_network_name = _network_name (../sb/0xa70bbfe72a97b2bbf08fead044ae020e5c5ae76f.sol#758)
Reentrancy in usingOraclize.oraclize_query(string,bytes[4],uint256) (../sb/0xa70bbfe72a97b2bbf08fead044ae020e5c5ae76f.sol#468-475):
	External calls:
	- oraclize_query(datasource,dynargs,gaslimit) (../sb/0xa70bbfe72a97b2bbf08fead044ae020e5c5ae76f.sol#474)
		- price = oraclize.getPrice(datasource,gaslimit) (../sb/0xa70bbfe72a97b2bbf08fead044ae020e5c5ae76f.sol#365)
		- oraclize = OraclizeI(OAR.getAddress()) (../sb/0xa70bbfe72a97b2bbf08fead044ae020e5c5ae76f.sol#77)
		- oraclize.queryN_withGasLimit.value(price)(0,datasource,args,gaslimit) (../sb/0xa70bbfe72a97b2bbf08fead044ae020e5c5ae76f.sol#368)
	- oraclizeAPI() (../sb/0xa70bbfe72a97b2bbf08fead044ae020e5c5ae76f.sol#468)
		- oraclize = OraclizeI(OAR.getAddress()) (../sb/0xa70bbfe72a97b2bbf08fead044ae020e5c5ae76f.sol#77)
	External calls sending eth:
	- oraclize_query(datasource,dynargs,gaslimit) (../sb/0xa70bbfe72a97b2bbf08fead044ae020e5c5ae76f.sol#474)
		- oraclize.queryN_withGasLimit.value(price)(0,datasource,args,gaslimit) (../sb/0xa70bbfe72a97b2bbf08fead044ae020e5c5ae76f.sol#368)
	State variables written after the call(s):
	- oraclize_query(datasource,dynargs,gaslimit) (../sb/0xa70bbfe72a97b2bbf08fead044ae020e5c5ae76f.sol#474)
		- oraclize_network_name = _network_name (../sb/0xa70bbfe72a97b2bbf08fead044ae020e5c5ae76f.sol#758)
Reentrancy in usingOraclize.oraclize_query(string,bytes[5]) (../sb/0xa70bbfe72a97b2bbf08fead044ae020e5c5ae76f.sol#476-484):
	External calls:
	- oraclize_query(datasource,dynargs) (../sb/0xa70bbfe72a97b2bbf08fead044ae020e5c5ae76f.sol#483)
		- price = oraclize.getPrice(datasource) (../sb/0xa70bbfe72a97b2bbf08fead044ae020e5c5ae76f.sol#347)
		- oraclize = OraclizeI(OAR.getAddress()) (../sb/0xa70bbfe72a97b2bbf08fead044ae020e5c5ae76f.sol#77)
		- oraclize.queryN.value(price)(0,datasource,args) (../sb/0xa70bbfe72a97b2bbf08fead044ae020e5c5ae76f.sol#350)
	- oraclizeAPI() (../sb/0xa70bbfe72a97b2bbf08fead044ae020e5c5ae76f.sol#476)
		- oraclize = OraclizeI(OAR.getAddress()) (../sb/0xa70bbfe72a97b2bbf08fead044ae020e5c5ae76f.sol#77)
	External calls sending eth:
	- oraclize_query(datasource,dynargs) (../sb/0xa70bbfe72a97b2bbf08fead044ae020e5c5ae76f.sol#483)
		- oraclize.queryN.value(price)(0,datasource,args) (../sb/0xa70bbfe72a97b2bbf08fead044ae020e5c5ae76f.sol#350)
	State variables written after the call(s):
	- oraclize_query(datasource,dynargs) (../sb/0xa70bbfe72a97b2bbf08fead044ae020e5c5ae76f.sol#483)
		- oraclize_network_name = _network_name (../sb/0xa70bbfe72a97b2bbf08fead044ae020e5c5ae76f.sol#758)
Reentrancy in usingOraclize.oraclize_query(uint256,string,bytes[5]) (../sb/0xa70bbfe72a97b2bbf08fead044ae020e5c5ae76f.sol#485-493):
	External calls:
	- oraclize_query(timestamp,datasource,dynargs) (../sb/0xa70bbfe72a97b2bbf08fead044ae020e5c5ae76f.sol#492)
		- price = oraclize.getPrice(datasource) (../sb/0xa70bbfe72a97b2bbf08fead044ae020e5c5ae76f.sol#353)
		- oraclize = OraclizeI(OAR.getAddress()) (../sb/0xa70bbfe72a97b2bbf08fead044ae020e5c5ae76f.sol#77)
		- oraclize.queryN.value(price)(timestamp,datasource,args) (../sb/0xa70bbfe72a97b2bbf08fead044ae020e5c5ae76f.sol#356)
	- oraclizeAPI() (../sb/0xa70bbfe72a97b2bbf08fead044ae020e5c5ae76f.sol#485)
		- oraclize = OraclizeI(OAR.getAddress()) (../sb/0xa70bbfe72a97b2bbf08fead044ae020e5c5ae76f.sol#77)
	External calls sending eth:
	- oraclize_query(timestamp,datasource,dynargs) (../sb/0xa70bbfe72a97b2bbf08fead044ae020e5c5ae76f.sol#492)
		- oraclize.queryN.value(price)(timestamp,datasource,args) (../sb/0xa70bbfe72a97b2bbf08fead044ae020e5c5ae76f.sol#356)
	State variables written after the call(s):
	- oraclize_query(timestamp,datasource,dynargs) (../sb/0xa70bbfe72a97b2bbf08fead044ae020e5c5ae76f.sol#492)
		- oraclize_network_name = _network_name (../sb/0xa70bbfe72a97b2bbf08fead044ae020e5c5ae76f.sol#758)
Reentrancy in usingOraclize.oraclize_query(uint256,string,bytes[5],uint256) (../sb/0xa70bbfe72a97b2bbf08fead044ae020e5c5ae76f.sol#494-502):
	External calls:
	- oraclize_query(timestamp,datasource,dynargs,gaslimit) (../sb/0xa70bbfe72a97b2bbf08fead044ae020e5c5ae76f.sol#501)
		- price = oraclize.getPrice(datasource,gaslimit) (../sb/0xa70bbfe72a97b2bbf08fead044ae020e5c5ae76f.sol#359)
		- oraclize = OraclizeI(OAR.getAddress()) (../sb/0xa70bbfe72a97b2bbf08fead044ae020e5c5ae76f.sol#77)
		- oraclize.queryN_withGasLimit.value(price)(timestamp,datasource,args,gaslimit) (../sb/0xa70bbfe72a97b2bbf08fead044ae020e5c5ae76f.sol#362)
	- oraclizeAPI() (../sb/0xa70bbfe72a97b2bbf08fead044ae020e5c5ae76f.sol#494)
		- oraclize = OraclizeI(OAR.getAddress()) (../sb/0xa70bbfe72a97b2bbf08fead044ae020e5c5ae76f.sol#77)
	External calls sending eth:
	- oraclize_query(timestamp,datasource,dynargs,gaslimit) (../sb/0xa70bbfe72a97b2bbf08fead044ae020e5c5ae76f.sol#501)
		- oraclize.queryN_withGasLimit.value(price)(timestamp,datasource,args,gaslimit) (../sb/0xa70bbfe72a97b2bbf08fead044ae020e5c5ae76f.sol#362)
	State variables written after the call(s):
	- oraclize_query(timestamp,datasource,dynargs,gaslimit) (../sb/0xa70bbfe72a97b2bbf08fead044ae020e5c5ae76f.sol#501)
		- oraclize_network_name = _network_name (../sb/0xa70bbfe72a97b2bbf08fead044ae020e5c5ae76f.sol#758)
Reentrancy in usingOraclize.oraclize_query(string,bytes[5],uint256) (../sb/0xa70bbfe72a97b2bbf08fead044ae020e5c5ae76f.sol#503-511):
	External calls:
	- oraclize_query(datasource,dynargs,gaslimit) (../sb/0xa70bbfe72a97b2bbf08fead044ae020e5c5ae76f.sol#510)
		- price = oraclize.getPrice(datasource,gaslimit) (../sb/0xa70bbfe72a97b2bbf08fead044ae020e5c5ae76f.sol#365)
		- oraclize = OraclizeI(OAR.getAddress()) (../sb/0xa70bbfe72a97b2bbf08fead044ae020e5c5ae76f.sol#77)
		- oraclize.queryN_withGasLimit.value(price)(0,datasource,args,gaslimit) (../sb/0xa70bbfe72a97b2bbf08fead044ae020e5c5ae76f.sol#368)
	- oraclizeAPI() (../sb/0xa70bbfe72a97b2bbf08fead044ae020e5c5ae76f.sol#503)
		- oraclize = OraclizeI(OAR.getAddress()) (../sb/0xa70bbfe72a97b2bbf08fead044ae020e5c5ae76f.sol#77)
	External calls sending eth:
	- oraclize_query(datasource,dynargs,gaslimit) (../sb/0xa70bbfe72a97b2bbf08fead044ae020e5c5ae76f.sol#510)
		- oraclize.queryN_withGasLimit.value(price)(0,datasource,args,gaslimit) (../sb/0xa70bbfe72a97b2bbf08fead044ae020e5c5ae76f.sol#368)
	State variables written after the call(s):
	- oraclize_query(datasource,dynargs,gaslimit) (../sb/0xa70bbfe72a97b2bbf08fead044ae020e5c5ae76f.sol#510)
		- oraclize_network_name = _network_name (../sb/0xa70bbfe72a97b2bbf08fead044ae020e5c5ae76f.sol#758)
Reentrancy in PresaleToken.raiseCap(uint256) (../sb/0xa70bbfe72a97b2bbf08fead044ae020e5c5ae76f.sol#1558-1574):
	External calls:
	- token.raiseSupply(_newCap) (../sb/0xa70bbfe72a97b2bbf08fead044ae020e5c5ae76f.sol#1566)
	- token.ownerTransfer(lastBuyer,refundValue) (../sb/0xa70bbfe72a97b2bbf08fead044ae020e5c5ae76f.sol#1568)
	State variables written after the call(s):
	- funded = funded.add(refundValue) (../sb/0xa70bbfe72a97b2bbf08fead044ae020e5c5ae76f.sol#1569)
Reference: https://github.com/crytic/slither/wiki/Detector-Documentation#reentrancy-vulnerabilities-2

Reentrancy in CMCEthereumTicker.__callback(bytes32,string) (../sb/0xa70bbfe72a97b2bbf08fead044ae020e5c5ae76f.sol#1129-1136):
	External calls:
	- msg.sender != oraclize_cbAddress() (../sb/0xa70bbfe72a97b2bbf08fead044ae020e5c5ae76f.sol#1130)
		- oraclize.cbAddress() (../sb/0xa70bbfe72a97b2bbf08fead044ae020e5c5ae76f.sol#514)
		- oraclize = OraclizeI(OAR.getAddress()) (../sb/0xa70bbfe72a97b2bbf08fead044ae020e5c5ae76f.sol#77)
	Event emitted after the call(s):
	- newPriceTicker(result) (../sb/0xa70bbfe72a97b2bbf08fead044ae020e5c5ae76f.sol#1132)
Reentrancy in CMCEthereumTicker.__callback(bytes32,string) (../sb/0xa70bbfe72a97b2bbf08fead044ae020e5c5ae76f.sol#1129-1136):
	External calls:
	- msg.sender != oraclize_cbAddress() (../sb/0xa70bbfe72a97b2bbf08fead044ae020e5c5ae76f.sol#1130)
		- oraclize.cbAddress() (../sb/0xa70bbfe72a97b2bbf08fead044ae020e5c5ae76f.sol#514)
		- oraclize = OraclizeI(OAR.getAddress()) (../sb/0xa70bbfe72a97b2bbf08fead044ae020e5c5ae76f.sol#77)
	- update() (../sb/0xa70bbfe72a97b2bbf08fead044ae020e5c5ae76f.sol#1134)
		- price = oraclize.getPrice(datasource) (../sb/0xa70bbfe72a97b2bbf08fead044ae020e5c5ae76f.sol#146)
		- oraclize.getPrice(URL) > this.balance (../sb/0xa70bbfe72a97b2bbf08fead044ae020e5c5ae76f.sol#1148)
		- oraclize = OraclizeI(OAR.getAddress()) (../sb/0xa70bbfe72a97b2bbf08fead044ae020e5c5ae76f.sol#77)
		- oraclize.query.value(price)(timestamp,datasource,arg) (../sb/0xa70bbfe72a97b2bbf08fead044ae020e5c5ae76f.sol#148)
	External calls sending eth:
	- update() (../sb/0xa70bbfe72a97b2bbf08fead044ae020e5c5ae76f.sol#1134)
		- oraclize.query.value(price)(timestamp,datasource,arg) (../sb/0xa70bbfe72a97b2bbf08fead044ae020e5c5ae76f.sol#148)
	Event emitted after the call(s):
	- newOraclizeQuery(Oraclize query was NOT sent, please add some ETH to cover for the query fee) (../sb/0xa70bbfe72a97b2bbf08fead044ae020e5c5ae76f.sol#1149)
		- update() (../sb/0xa70bbfe72a97b2bbf08fead044ae020e5c5ae76f.sol#1134)
	- newOraclizeQuery(Oraclize query was sent, standing by for the answer..) (../sb/0xa70bbfe72a97b2bbf08fead044ae020e5c5ae76f.sol#1151)
		- update() (../sb/0xa70bbfe72a97b2bbf08fead044ae020e5c5ae76f.sol#1134)
Reentrancy in PresaleToken.buyThroughProxy(address) (../sb/0xa70bbfe72a97b2bbf08fead044ae020e5c5ae76f.sol#1451-1486):
	External calls:
	- require(bool)(priceTicker.getEnabled()) (../sb/0xa70bbfe72a97b2bbf08fead044ae020e5c5ae76f.sol#1457)
	- centsPerETH = getCentsPerETH() (../sb/0xa70bbfe72a97b2bbf08fead044ae020e5c5ae76f.sol#1459)
		- priceTicker.getCentsPerETH() (../sb/0xa70bbfe72a97b2bbf08fead044ae020e5c5ae76f.sol#1214)
	- token.transfer(_buyer,remainder) (../sb/0xa70bbfe72a97b2bbf08fead044ae020e5c5ae76f.sol#1467)
	Event emitted after the call(s):
	- LogBuy(_buyer,remainder,centsPerETH) (../sb/0xa70bbfe72a97b2bbf08fead044ae020e5c5ae76f.sol#1472)
Reentrancy in PresaleToken.buyThroughProxy(address) (../sb/0xa70bbfe72a97b2bbf08fead044ae020e5c5ae76f.sol#1451-1486):
	External calls:
	- require(bool)(priceTicker.getEnabled()) (../sb/0xa70bbfe72a97b2bbf08fead044ae020e5c5ae76f.sol#1457)
	- centsPerETH = getCentsPerETH() (../sb/0xa70bbfe72a97b2bbf08fead044ae020e5c5ae76f.sol#1459)
		- priceTicker.getCentsPerETH() (../sb/0xa70bbfe72a97b2bbf08fead044ae020e5c5ae76f.sol#1214)
	- token.transfer(_buyer,newTokens) (../sb/0xa70bbfe72a97b2bbf08fead044ae020e5c5ae76f.sol#1475)
	Event emitted after the call(s):
	- LogBuy(_buyer,newTokens,centsPerETH) (../sb/0xa70bbfe72a97b2bbf08fead044ae020e5c5ae76f.sol#1478)
Reentrancy in PresaleToken.buyThroughProxy(address) (../sb/0xa70bbfe72a97b2bbf08fead044ae020e5c5ae76f.sol#1451-1486):
	External calls:
	- require(bool)(priceTicker.getEnabled()) (../sb/0xa70bbfe72a97b2bbf08fead044ae020e5c5ae76f.sol#1457)
	- centsPerETH = getCentsPerETH() (../sb/0xa70bbfe72a97b2bbf08fead044ae020e5c5ae76f.sol#1459)
		- priceTicker.getCentsPerETH() (../sb/0xa70bbfe72a97b2bbf08fead044ae020e5c5ae76f.sol#1214)
	- token.transfer(_buyer,remainder) (../sb/0xa70bbfe72a97b2bbf08fead044ae020e5c5ae76f.sol#1467)
	- token.transfer(_buyer,newTokens) (../sb/0xa70bbfe72a97b2bbf08fead044ae020e5c5ae76f.sol#1475)
	Event emitted after the call(s):
	- LogPhaseSwitch(Phase.Finished) (../sb/0xa70bbfe72a97b2bbf08fead044ae020e5c5ae76f.sol#1484)
Reentrancy in PresaleToken.buyTokens(address) (../sb/0xa70bbfe72a97b2bbf08fead044ae020e5c5ae76f.sol#1417-1449):
	External calls:
	- require(bool)(priceTicker.getEnabled()) (../sb/0xa70bbfe72a97b2bbf08fead044ae020e5c5ae76f.sol#1422)
	- centsPerETH = getCentsPerETH() (../sb/0xa70bbfe72a97b2bbf08fead044ae020e5c5ae76f.sol#1424)
		- priceTicker.getCentsPerETH() (../sb/0xa70bbfe72a97b2bbf08fead044ae020e5c5ae76f.sol#1214)
	- token.ownerTransfer(_buyer,remainder) (../sb/0xa70bbfe72a97b2bbf08fead044ae020e5c5ae76f.sol#1432)
	Event emitted after the call(s):
	- LogBuy(_buyer,remainder,centsPerETH) (../sb/0xa70bbfe72a97b2bbf08fead044ae020e5c5ae76f.sol#1436)
Reentrancy in PresaleToken.buyTokens(address) (../sb/0xa70bbfe72a97b2bbf08fead044ae020e5c5ae76f.sol#1417-1449):
	External calls:
	- require(bool)(priceTicker.getEnabled()) (../sb/0xa70bbfe72a97b2bbf08fead044ae020e5c5ae76f.sol#1422)
	- centsPerETH = getCentsPerETH() (../sb/0xa70bbfe72a97b2bbf08fead044ae020e5c5ae76f.sol#1424)
		- priceTicker.getCentsPerETH() (../sb/0xa70bbfe72a97b2bbf08fead044ae020e5c5ae76f.sol#1214)
	- token.ownerTransfer(_buyer,newTokens) (../sb/0xa70bbfe72a97b2bbf08fead044ae020e5c5ae76f.sol#1439)
	Event emitted after the call(s):
	- LogBuy(_buyer,newTokens,centsPerETH) (../sb/0xa70bbfe72a97b2bbf08fead044ae020e5c5ae76f.sol#1441)
Reentrancy in PresaleToken.buyTokens(address) (../sb/0xa70bbfe72a97b2bbf08fead044ae020e5c5ae76f.sol#1417-1449):
	External calls:
	- require(bool)(priceTicker.getEnabled()) (../sb/0xa70bbfe72a97b2bbf08fead044ae020e5c5ae76f.sol#1422)
	- centsPerETH = getCentsPerETH() (../sb/0xa70bbfe72a97b2bbf08fead044ae020e5c5ae76f.sol#1424)
		- priceTicker.getCentsPerETH() (../sb/0xa70bbfe72a97b2bbf08fead044ae020e5c5ae76f.sol#1214)
	- token.ownerTransfer(_buyer,remainder) (../sb/0xa70bbfe72a97b2bbf08fead044ae020e5c5ae76f.sol#1432)
	- token.ownerTransfer(_buyer,newTokens) (../sb/0xa70bbfe72a97b2bbf08fead044ae020e5c5ae76f.sol#1439)
	Event emitted after the call(s):
	- LogPhaseSwitch(Phase.Finished) (../sb/0xa70bbfe72a97b2bbf08fead044ae020e5c5ae76f.sol#1447)
Reentrancy in PresaleToken.finalizePresale() (../sb/0xa70bbfe72a97b2bbf08fead044ae020e5c5ae76f.sol#1522-1533):
	External calls:
	- token.unfreeze() (../sb/0xa70bbfe72a97b2bbf08fead044ae020e5c5ae76f.sol#1530)
	External calls sending eth:
	- lastBuyer.transfer((refundValue.mul(priceCents).mul(1000000000000000000 / 1)).div(lastCentsPerETH.mul(uint256(10) ** decimals))) (../sb/0xa70bbfe72a97b2bbf08fead044ae020e5c5ae76f.sol#1527)
	- withdrawEther() (../sb/0xa70bbfe72a97b2bbf08fead044ae020e5c5ae76f.sol#1529)
		- owner.transfer(this.balance) (../sb/0xa70bbfe72a97b2bbf08fead044ae020e5c5ae76f.sol#1548)
	Event emitted after the call(s):
	- LogPhaseSwitch(Phase.Finalized) (../sb/0xa70bbfe72a97b2bbf08fead044ae020e5c5ae76f.sol#1532)
Reentrancy in PresaleToken.finishPresale() (../sb/0xa70bbfe72a97b2bbf08fead044ae020e5c5ae76f.sol#1512-1519):
	External calls:
	- lastCentsPerETH = priceTicker.getCentsPerETH() (../sb/0xa70bbfe72a97b2bbf08fead044ae020e5c5ae76f.sol#1516)
	Event emitted after the call(s):
	- LogPhaseSwitch(Phase.Finished) (../sb/0xa70bbfe72a97b2bbf08fead044ae020e5c5ae76f.sol#1518)
Reentrancy in PresaleToken.giveTokens(address,uint256,string) (../sb/0xa70bbfe72a97b2bbf08fead044ae020e5c5ae76f.sol#1576-1585):
	External calls:
	- token.ownerTransfer(_address,_value) (../sb/0xa70bbfe72a97b2bbf08fead044ae020e5c5ae76f.sol#1581)
	Event emitted after the call(s):
	- LogGive(_address,_value,_reason) (../sb/0xa70bbfe72a97b2bbf08fead044ae020e5c5ae76f.sol#1584)
Reentrancy in PresaleToken.migrateTokens(address) (../sb/0xa70bbfe72a97b2bbf08fead044ae020e5c5ae76f.sol#1488-1500):
	External calls:
	- assert(bool)(token.balanceOf(_owner) != 0) (../sb/0xa70bbfe72a97b2bbf08fead044ae020e5c5ae76f.sol#1492)
	- migratedValue = token.balanceOf(_owner) (../sb/0xa70bbfe72a97b2bbf08fead044ae020e5c5ae76f.sol#1493)
	Event emitted after the call(s):
	- LogMigrate(_owner,migratedValue) (../sb/0xa70bbfe72a97b2bbf08fead044ae020e5c5ae76f.sol#1495)
	- LogPhaseSwitch(Phase.Migrated) (../sb/0xa70bbfe72a97b2bbf08fead044ae020e5c5ae76f.sol#1498)
Reentrancy in PresaleToken.raiseCap(uint256) (../sb/0xa70bbfe72a97b2bbf08fead044ae020e5c5ae76f.sol#1558-1574):
	External calls:
	- token.raiseSupply(_newCap) (../sb/0xa70bbfe72a97b2bbf08fead044ae020e5c5ae76f.sol#1566)
	- token.ownerTransfer(lastBuyer,refundValue) (../sb/0xa70bbfe72a97b2bbf08fead044ae020e5c5ae76f.sol#1568)
	Event emitted after the call(s):
	- LogPhaseSwitch(Phase.Running) (../sb/0xa70bbfe72a97b2bbf08fead044ae020e5c5ae76f.sol#1573)
Reentrancy in PresaleToken.startMigration() (../sb/0xa70bbfe72a97b2bbf08fead044ae020e5c5ae76f.sol#1535-1543):
	External calls:
	- token.freeze() (../sb/0xa70bbfe72a97b2bbf08fead044ae020e5c5ae76f.sol#1540)
	Event emitted after the call(s):
	- LogPhaseSwitch(Phase.Migrating) (../sb/0xa70bbfe72a97b2bbf08fead044ae020e5c5ae76f.sol#1542)
Reentrancy in PresaleToken.startPresale() (../sb/0xa70bbfe72a97b2bbf08fead044ae020e5c5ae76f.sol#1502-1510):
	External calls:
	- token.freeze() (../sb/0xa70bbfe72a97b2bbf08fead044ae020e5c5ae76f.sol#1507)
	Event emitted after the call(s):
	- LogPhaseSwitch(Phase.Running) (../sb/0xa70bbfe72a97b2bbf08fead044ae020e5c5ae76f.sol#1509)
Reentrancy in CMCEthereumTicker.update() (../sb/0xa70bbfe72a97b2bbf08fead044ae020e5c5ae76f.sol#1147-1154):
	External calls:
	- oraclize.getPrice(URL) > this.balance (../sb/0xa70bbfe72a97b2bbf08fead044ae020e5c5ae76f.sol#1148)
	Event emitted after the call(s):
	- newOraclizeQuery(Oraclize query was NOT sent, please add some ETH to cover for the query fee) (../sb/0xa70bbfe72a97b2bbf08fead044ae020e5c5ae76f.sol#1149)
Reentrancy in CMCEthereumTicker.update_instant() (../sb/0xa70bbfe72a97b2bbf08fead044ae020e5c5ae76f.sol#1138-1145):
	External calls:
	- oraclize.getPrice(URL) > this.balance (../sb/0xa70bbfe72a97b2bbf08fead044ae020e5c5ae76f.sol#1139)
	Event emitted after the call(s):
	- newOraclizeQuery(Oraclize query was NOT sent, please add some ETH to cover for the query fee) (../sb/0xa70bbfe72a97b2bbf08fead044ae020e5c5ae76f.sol#1140)
Reference: https://github.com/crytic/slither/wiki/Detector-Documentation#reentrancy-vulnerabilities-3

usingOraclize.getCodeSize(address) (../sb/0xa70bbfe72a97b2bbf08fead044ae020e5c5ae76f.sol#530-534) uses assembly
	- INLINE ASM (../sb/0xa70bbfe72a97b2bbf08fead044ae020e5c5ae76f.sol#531-534)
usingOraclize.oraclize_newRandomDSQuery(uint256,uint256,uint256) (../sb/0xa70bbfe72a97b2bbf08fead044ae020e5c5ae76f.sol#765-782) uses assembly
	- INLINE ASM (../sb/0xa70bbfe72a97b2bbf08fead044ae020e5c5ae76f.sol#772-778)
usingOraclize.verifySig(bytes32,bytes,bytes) (../sb/0xa70bbfe72a97b2bbf08fead044ae020e5c5ae76f.sol#791-817) uses assembly
	- INLINE ASM (../sb/0xa70bbfe72a97b2bbf08fead044ae020e5c5ae76f.sol#805-811)
usingOraclize.copyBytes(bytes,uint256,uint256,bytes,uint256) (../sb/0xa70bbfe72a97b2bbf08fead044ae020e5c5ae76f.sol#925-947) uses assembly
	- INLINE ASM (../sb/0xa70bbfe72a97b2bbf08fead044ae020e5c5ae76f.sol#938-942)
usingOraclize.safer_ecrecover(bytes32,uint8,bytes32,bytes32) (../sb/0xa70bbfe72a97b2bbf08fead044ae020e5c5ae76f.sol#951-976) uses assembly
	- INLINE ASM (../sb/0xa70bbfe72a97b2bbf08fead044ae020e5c5ae76f.sol#962-975)
usingOraclize.ecrecovery(bytes32,bytes) (../sb/0xa70bbfe72a97b2bbf08fead044ae020e5c5ae76f.sol#979-1017) uses assembly
	- INLINE ASM (../sb/0xa70bbfe72a97b2bbf08fead044ae020e5c5ae76f.sol#990-1010)
Reference: https://github.com/crytic/slither/wiki/Detector-Documentation#assembly-usage

usingOraclize.oraclize_randomDS_proofVerify__sessionKeyValidity(bytes,uint256) (../sb/0xa70bbfe72a97b2bbf08fead044ae020e5c5ae76f.sol#819-852) compares to a boolean constant:
	-sigok == false (../sb/0xa70bbfe72a97b2bbf08fead044ae020e5c5ae76f.sol#836)
usingOraclize.oraclize_randomDS_proofVerify__main(bytes,bytes32,bytes,string) (../sb/0xa70bbfe72a97b2bbf08fead044ae020e5c5ae76f.sol#874-921) compares to a boolean constant:
	-checkok == false (../sb/0xa70bbfe72a97b2bbf08fead044ae020e5c5ae76f.sol#891)
usingOraclize.oraclize_randomDS_proofVerify__main(bytes,bytes32,bytes,string) (../sb/0xa70bbfe72a97b2bbf08fead044ae020e5c5ae76f.sol#874-921) compares to a boolean constant:
	-checkok == false (../sb/0xa70bbfe72a97b2bbf08fead044ae020e5c5ae76f.sol#883)
usingOraclize.oraclize_randomDS_proofVerify__main(bytes,bytes32,bytes,string) (../sb/0xa70bbfe72a97b2bbf08fead044ae020e5c5ae76f.sol#874-921) compares to a boolean constant:
	-oraclize_randomDS_sessionKeysHashVerified[sessionPubkeyHash] == false (../sb/0xa70bbfe72a97b2bbf08fead044ae020e5c5ae76f.sol#916)
usingOraclize.oraclize_randomDS_proofVerify__main(bytes,bytes32,bytes,string) (../sb/0xa70bbfe72a97b2bbf08fead044ae020e5c5ae76f.sol#874-921) compares to a boolean constant:
	-checkok == false (../sb/0xa70bbfe72a97b2bbf08fead044ae020e5c5ae76f.sol#913)
usingOraclize.oraclize_randomDS_proofVerify(bytes32,string,bytes) (../sb/0xa70bbfe72a97b2bbf08fead044ae020e5c5ae76f.sol#854-862) compares to a boolean constant:
	-proofVerified == false (../sb/0xa70bbfe72a97b2bbf08fead044ae020e5c5ae76f.sol#859)
Freezable.whileNotFrozen() (../sb/0xa70bbfe72a97b2bbf08fead044ae020e5c5ae76f.sol#1072) compares to a boolean constant:
	-assert(bool)(frozen != true) (../sb/0xa70bbfe72a97b2bbf08fead044ae020e5c5ae76f.sol#1072)
CMCEthereumTicker.enable() (../sb/0xa70bbfe72a97b2bbf08fead044ae020e5c5ae76f.sol#1114-1120) compares to a boolean constant:
	-require(bool)(enabled == false) (../sb/0xa70bbfe72a97b2bbf08fead044ae020e5c5ae76f.sol#1117)
CMCEthereumTicker.disable() (../sb/0xa70bbfe72a97b2bbf08fead044ae020e5c5ae76f.sol#1122-1127) compares to a boolean constant:
	-require(bool)(enabled == true) (../sb/0xa70bbfe72a97b2bbf08fead044ae020e5c5ae76f.sol#1125)
Reference: https://github.com/crytic/slither/wiki/Detector-Documentation#boolean-equality

2 different versions of Solidity are used:
	- Version constraint ^0.4.13 is used by:
		-^0.4.13 (../sb/0xa70bbfe72a97b2bbf08fead044ae020e5c5ae76f.sol#1)
	- Version constraint ^0.4.0 is used by:
		-^0.4.0 (../sb/0xa70bbfe72a97b2bbf08fead044ae020e5c5ae76f.sol#35)
Reference: https://github.com/crytic/slither/wiki/Detector-Documentation#different-pragma-directives-are-used

usingOraclize.ba2cbor(bytes[]) (../sb/0xa70bbfe72a97b2bbf08fead044ae020e5c5ae76f.sol#713-753) is never used and should be removed
usingOraclize.copyBytes(bytes,uint256,uint256,bytes,uint256) (../sb/0xa70bbfe72a97b2bbf08fead044ae020e5c5ae76f.sol#925-947) is never used and should be removed
usingOraclize.ecrecovery(bytes32,bytes) (../sb/0xa70bbfe72a97b2bbf08fead044ae020e5c5ae76f.sol#979-1017) is never used and should be removed
usingOraclize.indexOf(string,string) (../sb/0xa70bbfe72a97b2bbf08fead044ae020e5c5ae76f.sol#574-599) is never used and should be removed
usingOraclize.matchBytes32Prefix(bytes32,bytes) (../sb/0xa70bbfe72a97b2bbf08fead044ae020e5c5ae76f.sol#864-872) is never used and should be removed
usingOraclize.oraclize_getNetworkName() (../sb/0xa70bbfe72a97b2bbf08fead044ae020e5c5ae76f.sol#761-763) is never used and should be removed
usingOraclize.oraclize_getPrice(string) (../sb/0xa70bbfe72a97b2bbf08fead044ae020e5c5ae76f.sol#132-134) is never used and should be removed
usingOraclize.oraclize_getPrice(string,uint256) (../sb/0xa70bbfe72a97b2bbf08fead044ae020e5c5ae76f.sol#136-138) is never used and should be removed
usingOraclize.oraclize_newRandomDSQuery(uint256,uint256,uint256) (../sb/0xa70bbfe72a97b2bbf08fead044ae020e5c5ae76f.sol#765-782) is never used and should be removed
usingOraclize.oraclize_query(string,bytes[1]) (../sb/0xa70bbfe72a97b2bbf08fead044ae020e5c5ae76f.sol#370-374) is never used and should be removed
usingOraclize.oraclize_query(string,bytes[1],uint256) (../sb/0xa70bbfe72a97b2bbf08fead044ae020e5c5ae76f.sol#385-389) is never used and should be removed
usingOraclize.oraclize_query(string,bytes[2]) (../sb/0xa70bbfe72a97b2bbf08fead044ae020e5c5ae76f.sol#391-396) is never used and should be removed
usingOraclize.oraclize_query(string,bytes[2],uint256) (../sb/0xa70bbfe72a97b2bbf08fead044ae020e5c5ae76f.sol#409-414) is never used and should be removed
usingOraclize.oraclize_query(string,bytes[3]) (../sb/0xa70bbfe72a97b2bbf08fead044ae020e5c5ae76f.sol#415-421) is never used and should be removed
usingOraclize.oraclize_query(string,bytes[3],uint256) (../sb/0xa70bbfe72a97b2bbf08fead044ae020e5c5ae76f.sol#436-442) is never used and should be removed
usingOraclize.oraclize_query(string,bytes[4]) (../sb/0xa70bbfe72a97b2bbf08fead044ae020e5c5ae76f.sol#444-451) is never used and should be removed
usingOraclize.oraclize_query(string,bytes[4],uint256) (../sb/0xa70bbfe72a97b2bbf08fead044ae020e5c5ae76f.sol#468-475) is never used and should be removed
usingOraclize.oraclize_query(string,bytes[5]) (../sb/0xa70bbfe72a97b2bbf08fead044ae020e5c5ae76f.sol#476-484) is never used and should be removed
usingOraclize.oraclize_query(string,bytes[5],uint256) (../sb/0xa70bbfe72a97b2bbf08fead044ae020e5c5ae76f.sol#503-511) is never used and should be removed
usingOraclize.oraclize_query(string,bytes[]) (../sb/0xa70bbfe72a97b2bbf08fead044ae020e5c5ae76f.sol#346-351) is never used and should be removed
usingOraclize.oraclize_query(string,bytes[],uint256) (../sb/0xa70bbfe72a97b2bbf08fead044ae020e5c5ae76f.sol#364-369) is never used and should be removed
usingOraclize.oraclize_query(string,string,string) (../sb/0xa70bbfe72a97b2bbf08fead044ae020e5c5ae76f.sol#160-164) is never used and should be removed
usingOraclize.oraclize_query(string,string,string,uint256) (../sb/0xa70bbfe72a97b2bbf08fead044ae020e5c5ae76f.sol#175-179) is never used and should be removed
usingOraclize.oraclize_query(string,string,uint256) (../sb/0xa70bbfe72a97b2bbf08fead044ae020e5c5ae76f.sol#155-159) is never used and should be removed
usingOraclize.oraclize_query(string,string[1]) (../sb/0xa70bbfe72a97b2bbf08fead044ae020e5c5ae76f.sol#204-208) is never used and should be removed
usingOraclize.oraclize_query(string,string[1],uint256) (../sb/0xa70bbfe72a97b2bbf08fead044ae020e5c5ae76f.sol#219-223) is never used and should be removed
usingOraclize.oraclize_query(string,string[2]) (../sb/0xa70bbfe72a97b2bbf08fead044ae020e5c5ae76f.sol#225-230) is never used and should be removed
usingOraclize.oraclize_query(string,string[2],uint256) (../sb/0xa70bbfe72a97b2bbf08fead044ae020e5c5ae76f.sol#243-248) is never used and should be removed
usingOraclize.oraclize_query(string,string[3]) (../sb/0xa70bbfe72a97b2bbf08fead044ae020e5c5ae76f.sol#249-255) is never used and should be removed
usingOraclize.oraclize_query(string,string[3],uint256) (../sb/0xa70bbfe72a97b2bbf08fead044ae020e5c5ae76f.sol#270-276) is never used and should be removed
usingOraclize.oraclize_query(string,string[4]) (../sb/0xa70bbfe72a97b2bbf08fead044ae020e5c5ae76f.sol#278-285) is never used and should be removed
usingOraclize.oraclize_query(string,string[4],uint256) (../sb/0xa70bbfe72a97b2bbf08fead044ae020e5c5ae76f.sol#302-309) is never used and should be removed
usingOraclize.oraclize_query(string,string[5]) (../sb/0xa70bbfe72a97b2bbf08fead044ae020e5c5ae76f.sol#310-318) is never used and should be removed
usingOraclize.oraclize_query(string,string[5],uint256) (../sb/0xa70bbfe72a97b2bbf08fead044ae020e5c5ae76f.sol#337-345) is never used and should be removed
usingOraclize.oraclize_query(string,string[]) (../sb/0xa70bbfe72a97b2bbf08fead044ae020e5c5ae76f.sol#180-185) is never used and should be removed
usingOraclize.oraclize_query(string,string[],uint256) (../sb/0xa70bbfe72a97b2bbf08fead044ae020e5c5ae76f.sol#198-203) is never used and should be removed
usingOraclize.oraclize_query(uint256,string,bytes[1]) (../sb/0xa70bbfe72a97b2bbf08fead044ae020e5c5ae76f.sol#375-379) is never used and should be removed
usingOraclize.oraclize_query(uint256,string,bytes[1],uint256) (../sb/0xa70bbfe72a97b2bbf08fead044ae020e5c5ae76f.sol#380-384) is never used and should be removed
usingOraclize.oraclize_query(uint256,string,bytes[2]) (../sb/0xa70bbfe72a97b2bbf08fead044ae020e5c5ae76f.sol#397-402) is never used and should be removed
usingOraclize.oraclize_query(uint256,string,bytes[2],uint256) (../sb/0xa70bbfe72a97b2bbf08fead044ae020e5c5ae76f.sol#403-408) is never used and should be removed
usingOraclize.oraclize_query(uint256,string,bytes[3]) (../sb/0xa70bbfe72a97b2bbf08fead044ae020e5c5ae76f.sol#422-428) is never used and should be removed
usingOraclize.oraclize_query(uint256,string,bytes[3],uint256) (../sb/0xa70bbfe72a97b2bbf08fead044ae020e5c5ae76f.sol#429-435) is never used and should be removed
usingOraclize.oraclize_query(uint256,string,bytes[4]) (../sb/0xa70bbfe72a97b2bbf08fead044ae020e5c5ae76f.sol#452-459) is never used and should be removed
usingOraclize.oraclize_query(uint256,string,bytes[4],uint256) (../sb/0xa70bbfe72a97b2bbf08fead044ae020e5c5ae76f.sol#460-467) is never used and should be removed
usingOraclize.oraclize_query(uint256,string,bytes[5]) (../sb/0xa70bbfe72a97b2bbf08fead044ae020e5c5ae76f.sol#485-493) is never used and should be removed
usingOraclize.oraclize_query(uint256,string,bytes[5],uint256) (../sb/0xa70bbfe72a97b2bbf08fead044ae020e5c5ae76f.sol#494-502) is never used and should be removed
usingOraclize.oraclize_query(uint256,string,bytes[]) (../sb/0xa70bbfe72a97b2bbf08fead044ae020e5c5ae76f.sol#352-357) is never used and should be removed
usingOraclize.oraclize_query(uint256,string,bytes[],uint256) (../sb/0xa70bbfe72a97b2bbf08fead044ae020e5c5ae76f.sol#358-363) is never used and should be removed
usingOraclize.oraclize_query(uint256,string,string,string) (../sb/0xa70bbfe72a97b2bbf08fead044ae020e5c5ae76f.sol#165-169) is never used and should be removed
usingOraclize.oraclize_query(uint256,string,string,string,uint256) (../sb/0xa70bbfe72a97b2bbf08fead044ae020e5c5ae76f.sol#170-174) is never used and should be removed
usingOraclize.oraclize_query(uint256,string,string,uint256) (../sb/0xa70bbfe72a97b2bbf08fead044ae020e5c5ae76f.sol#150-154) is never used and should be removed
usingOraclize.oraclize_query(uint256,string,string[1]) (../sb/0xa70bbfe72a97b2bbf08fead044ae020e5c5ae76f.sol#209-213) is never used and should be removed
usingOraclize.oraclize_query(uint256,string,string[1],uint256) (../sb/0xa70bbfe72a97b2bbf08fead044ae020e5c5ae76f.sol#214-218) is never used and should be removed
usingOraclize.oraclize_query(uint256,string,string[2]) (../sb/0xa70bbfe72a97b2bbf08fead044ae020e5c5ae76f.sol#231-236) is never used and should be removed
usingOraclize.oraclize_query(uint256,string,string[2],uint256) (../sb/0xa70bbfe72a97b2bbf08fead044ae020e5c5ae76f.sol#237-242) is never used and should be removed
usingOraclize.oraclize_query(uint256,string,string[3]) (../sb/0xa70bbfe72a97b2bbf08fead044ae020e5c5ae76f.sol#256-262) is never used and should be removed
usingOraclize.oraclize_query(uint256,string,string[3],uint256) (../sb/0xa70bbfe72a97b2bbf08fead044ae020e5c5ae76f.sol#263-269) is never used and should be removed
usingOraclize.oraclize_query(uint256,string,string[4]) (../sb/0xa70bbfe72a97b2bbf08fead044ae020e5c5ae76f.sol#286-293) is never used and should be removed
usingOraclize.oraclize_query(uint256,string,string[4],uint256) (../sb/0xa70bbfe72a97b2bbf08fead044ae020e5c5ae76f.sol#294-301) is never used and should be removed
usingOraclize.oraclize_query(uint256,string,string[5]) (../sb/0xa70bbfe72a97b2bbf08fead044ae020e5c5ae76f.sol#319-327) is never used and should be removed
usingOraclize.oraclize_query(uint256,string,string[5],uint256) (../sb/0xa70bbfe72a97b2bbf08fead044ae020e5c5ae76f.sol#328-336) is never used and should be removed
usingOraclize.oraclize_query(uint256,string,string[]) (../sb/0xa70bbfe72a97b2bbf08fead044ae020e5c5ae76f.sol#186-191) is never used and should be removed
usingOraclize.oraclize_query(uint256,string,string[],uint256) (../sb/0xa70bbfe72a97b2bbf08fead044ae020e5c5ae76f.sol#192-197) is never used and should be removed
usingOraclize.oraclize_randomDS_getSessionPubKeyHash() (../sb/0xa70bbfe72a97b2bbf08fead044ae020e5c5ae76f.sol#526-528) is never used and should be removed
usingOraclize.oraclize_randomDS_proofVerify__main(bytes,bytes32,bytes,string) (../sb/0xa70bbfe72a97b2bbf08fead044ae020e5c5ae76f.sol#874-921) is never used and should be removed
usingOraclize.oraclize_randomDS_proofVerify__sessionKeyValidity(bytes,uint256) (../sb/0xa70bbfe72a97b2bbf08fead044ae020e5c5ae76f.sol#819-852) is never used and should be removed
usingOraclize.oraclize_randomDS_setCommitment(bytes32,bytes32) (../sb/0xa70bbfe72a97b2bbf08fead044ae020e5c5ae76f.sol#784-786) is never used and should be removed
usingOraclize.oraclize_setConfig(bytes32) (../sb/0xa70bbfe72a97b2bbf08fead044ae020e5c5ae76f.sol#522-524) is never used and should be removed
usingOraclize.oraclize_setCustomGasPrice(uint256) (../sb/0xa70bbfe72a97b2bbf08fead044ae020e5c5ae76f.sol#519-521) is never used and should be removed
usingOraclize.oraclize_useCoupon(string) (../sb/0xa70bbfe72a97b2bbf08fead044ae020e5c5ae76f.sol#128-130) is never used and should be removed
usingOraclize.parseAddr(string) (../sb/0xa70bbfe72a97b2bbf08fead044ae020e5c5ae76f.sol#536-554) is never used and should be removed
usingOraclize.parseInt(string) (../sb/0xa70bbfe72a97b2bbf08fead044ae020e5c5ae76f.sol#631-633) is never used and should be removed
usingOraclize.safer_ecrecover(bytes32,uint8,bytes32,bytes32) (../sb/0xa70bbfe72a97b2bbf08fead044ae020e5c5ae76f.sol#951-976) is never used and should be removed
usingOraclize.strCompare(string,string) (../sb/0xa70bbfe72a97b2bbf08fead044ae020e5c5ae76f.sol#556-572) is never used and should be removed
usingOraclize.strConcat(string,string) (../sb/0xa70bbfe72a97b2bbf08fead044ae020e5c5ae76f.sol#626-628) is never used and should be removed
usingOraclize.strConcat(string,string,string) (../sb/0xa70bbfe72a97b2bbf08fead044ae020e5c5ae76f.sol#622-624) is never used and should be removed
usingOraclize.strConcat(string,string,string,string) (../sb/0xa70bbfe72a97b2bbf08fead044ae020e5c5ae76f.sol#618-620) is never used and should be removed
usingOraclize.strConcat(string,string,string,string,string) (../sb/0xa70bbfe72a97b2bbf08fead044ae020e5c5ae76f.sol#601-616) is never used and should be removed
usingOraclize.stra2cbor(string[]) (../sb/0xa70bbfe72a97b2bbf08fead044ae020e5c5ae76f.sol#671-711) is never used and should be removed
usingOraclize.uint2str(uint256) (../sb/0xa70bbfe72a97b2bbf08fead044ae020e5c5ae76f.sol#654-669) is never used and should be removed
usingOraclize.verifySig(bytes32,bytes,bytes) (../sb/0xa70bbfe72a97b2bbf08fead044ae020e5c5ae76f.sol#791-817) is never used and should be removed
Reference: https://github.com/crytic/slither/wiki/Detector-Documentation#dead-code

Deprecated standard detected THROW (../sb/0xa70bbfe72a97b2bbf08fead044ae020e5c5ae76f.sol#766):
	- Usage of "throw" should be replaced with "revert()"
Deprecated standard detected oraclize_randomDS_setCommitment(queryId,sha3()(bytes8(_delay),args[1],sha256()(args[0]),args[2])) (../sb/0xa70bbfe72a97b2bbf08fead044ae020e5c5ae76f.sol#780):
	- Usage of "sha3()" should be replaced with "keccak256()"
Deprecated standard detected address(sha3()(pubkey)) == signer (../sb/0xa70bbfe72a97b2bbf08fead044ae020e5c5ae76f.sol#812):
	- Usage of "sha3()" should be replaced with "keccak256()"
Deprecated standard detected (address(sha3()(pubkey)) == signer) (../sb/0xa70bbfe72a97b2bbf08fead044ae020e5c5ae76f.sol#815):
	- Usage of "sha3()" should be replaced with "keccak256()"
Deprecated standard detected checkok = (sha3()(keyhash) == sha3()(sha256()(context_name,queryId))) (../sb/0xa70bbfe72a97b2bbf08fead044ae020e5c5ae76f.sol#882):
	- Usage of "sha3()" should be replaced with "keccak256()"
Deprecated standard detected oraclize_randomDS_args[queryId] == sha3()(commitmentSlice1,sessionPubkeyHash) (../sb/0xa70bbfe72a97b2bbf08fead044ae020e5c5ae76f.sol#904):
	- Usage of "sha3()" should be replaced with "keccak256()"
Deprecated standard detected THROW (../sb/0xa70bbfe72a97b2bbf08fead044ae020e5c5ae76f.sol#930):
	- Usage of "throw" should be replaced with "revert()"
Deprecated standard detected THROW (../sb/0xa70bbfe72a97b2bbf08fead044ae020e5c5ae76f.sol#856):
	- Usage of "throw" should be replaced with "revert()"
Deprecated standard detected THROW (../sb/0xa70bbfe72a97b2bbf08fead044ae020e5c5ae76f.sol#859):
	- Usage of "throw" should be replaced with "revert()"
Reference: https://github.com/crytic/slither/wiki/Detector-Documentation#deprecated-standards

Version constraint ^0.4.13 contains known severe issues (https://solidity.readthedocs.io/en/latest/bugs.html)
	- DirtyBytesArrayToStorage
	- KeccakCaching
	- EmptyByteArrayCopy
	- DynamicArrayCleanup
	- ImplicitConstructorCallvalueCheck
	- TupleAssignmentMultiStackSlotComponents
	- MemoryArrayCreationOverflow
	- privateCanBeOverridden
	- SignedArrayStorageCopy
	- UninitializedFunctionPointerInConstructor_0.4.x
	- IncorrectEventSignatureInLibraries_0.4.x
	- ExpExponentCleanup
	- NestedArrayFunctionCallDecoder
	- ZeroFunctionSelector
	- DelegateCallReturnValue
	- ECRecoverMalformedInput.
It is used by:
	- ^0.4.13 (../sb/0xa70bbfe72a97b2bbf08fead044ae020e5c5ae76f.sol#1)
Version constraint ^0.4.0 contains known severe issues (https://solidity.readthedocs.io/en/latest/bugs.html)
	- DirtyBytesArrayToStorage
	- KeccakCaching
	- EmptyByteArrayCopy
	- DynamicArrayCleanup
	- TupleAssignmentMultiStackSlotComponents
	- MemoryArrayCreationOverflow
	- privateCanBeOverridden
	- IncorrectEventSignatureInLibraries_0.4.x
	- ExpExponentCleanup
	- NestedArrayFunctionCallDecoder
	- ZeroFunctionSelector
	- DelegateCallReturnValue
	- ECRecoverMalformedInput
	- SkipEmptyStringLiteral
	- ConstantOptimizerSubtraction
	- IdentityPrecompileReturnIgnored
	- HighOrderByteCleanStorage
	- OptimizerStaleKnowledgeAboutSHA3
	- LibrariesNotCallableFromPayableFunctions.
It is used by:
	- ^0.4.0 (../sb/0xa70bbfe72a97b2bbf08fead044ae020e5c5ae76f.sol#35)
solc-0.4.26 is an outdated solc version. Use a more recent version (at least 0.8.0), if possible.
Reference: https://github.com/crytic/slither/wiki/Detector-Documentation#incorrect-versions-of-solidity

Function OraclizeI.query_withGasLimit(uint256,string,string,uint256) (../sb/0xa70bbfe72a97b2bbf08fead044ae020e5c5ae76f.sol#40) is not in mixedCase
Function OraclizeI.query2_withGasLimit(uint256,string,string,string,uint256) (../sb/0xa70bbfe72a97b2bbf08fead044ae020e5c5ae76f.sol#42) is not in mixedCase
Function OraclizeI.queryN_withGasLimit(uint256,string,bytes,uint256) (../sb/0xa70bbfe72a97b2bbf08fead044ae020e5c5ae76f.sol#44) is not in mixedCase
Function OraclizeI.randomDS_getSessionPubKeyHash() (../sb/0xa70bbfe72a97b2bbf08fead044ae020e5c5ae76f.sol#51) is not in mixedCase
Contract usingOraclize (../sb/0xa70bbfe72a97b2bbf08fead044ae020e5c5ae76f.sol#56-1019) is not in CapWords
Function usingOraclize.oraclize_setNetwork(uint8) (../sb/0xa70bbfe72a97b2bbf08fead044ae020e5c5ae76f.sol#86-120) is not in mixedCase
Function usingOraclize.__callback(bytes32,string) (../sb/0xa70bbfe72a97b2bbf08fead044ae020e5c5ae76f.sol#122-124) is not in mixedCase
Function usingOraclize.__callback(bytes32,string,bytes) (../sb/0xa70bbfe72a97b2bbf08fead044ae020e5c5ae76f.sol#125-126) is not in mixedCase
Function usingOraclize.oraclize_useCoupon(string) (../sb/0xa70bbfe72a97b2bbf08fead044ae020e5c5ae76f.sol#128-130) is not in mixedCase
Function usingOraclize.oraclize_getPrice(string) (../sb/0xa70bbfe72a97b2bbf08fead044ae020e5c5ae76f.sol#132-134) is not in mixedCase
Function usingOraclize.oraclize_getPrice(string,uint256) (../sb/0xa70bbfe72a97b2bbf08fead044ae020e5c5ae76f.sol#136-138) is not in mixedCase
Function usingOraclize.oraclize_query(string,string) (../sb/0xa70bbfe72a97b2bbf08fead044ae020e5c5ae76f.sol#140-144) is not in mixedCase
Function usingOraclize.oraclize_query(uint256,string,string) (../sb/0xa70bbfe72a97b2bbf08fead044ae020e5c5ae76f.sol#145-149) is not in mixedCase
Function usingOraclize.oraclize_query(uint256,string,string,uint256) (../sb/0xa70bbfe72a97b2bbf08fead044ae020e5c5ae76f.sol#150-154) is not in mixedCase
Function usingOraclize.oraclize_query(string,string,uint256) (../sb/0xa70bbfe72a97b2bbf08fead044ae020e5c5ae76f.sol#155-159) is not in mixedCase
Function usingOraclize.oraclize_query(string,string,string) (../sb/0xa70bbfe72a97b2bbf08fead044ae020e5c5ae76f.sol#160-164) is not in mixedCase
Function usingOraclize.oraclize_query(uint256,string,string,string) (../sb/0xa70bbfe72a97b2bbf08fead044ae020e5c5ae76f.sol#165-169) is not in mixedCase
Function usingOraclize.oraclize_query(uint256,string,string,string,uint256) (../sb/0xa70bbfe72a97b2bbf08fead044ae020e5c5ae76f.sol#170-174) is not in mixedCase
Function usingOraclize.oraclize_query(string,string,string,uint256) (../sb/0xa70bbfe72a97b2bbf08fead044ae020e5c5ae76f.sol#175-179) is not in mixedCase
Function usingOraclize.oraclize_query(string,string[]) (../sb/0xa70bbfe72a97b2bbf08fead044ae020e5c5ae76f.sol#180-185) is not in mixedCase
Function usingOraclize.oraclize_query(uint256,string,string[]) (../sb/0xa70bbfe72a97b2bbf08fead044ae020e5c5ae76f.sol#186-191) is not in mixedCase
Function usingOraclize.oraclize_query(uint256,string,string[],uint256) (../sb/0xa70bbfe72a97b2bbf08fead044ae020e5c5ae76f.sol#192-197) is not in mixedCase
Function usingOraclize.oraclize_query(string,string[],uint256) (../sb/0xa70bbfe72a97b2bbf08fead044ae020e5c5ae76f.sol#198-203) is not in mixedCase
Function usingOraclize.oraclize_query(string,string[1]) (../sb/0xa70bbfe72a97b2bbf08fead044ae020e5c5ae76f.sol#204-208) is not in mixedCase
Function usingOraclize.oraclize_query(uint256,string,string[1]) (../sb/0xa70bbfe72a97b2bbf08fead044ae020e5c5ae76f.sol#209-213) is not in mixedCase
Function usingOraclize.oraclize_query(uint256,string,string[1],uint256) (../sb/0xa70bbfe72a97b2bbf08fead044ae020e5c5ae76f.sol#214-218) is not in mixedCase
Function usingOraclize.oraclize_query(string,string[1],uint256) (../sb/0xa70bbfe72a97b2bbf08fead044ae020e5c5ae76f.sol#219-223) is not in mixedCase
Function usingOraclize.oraclize_query(string,string[2]) (../sb/0xa70bbfe72a97b2bbf08fead044ae020e5c5ae76f.sol#225-230) is not in mixedCase
Function usingOraclize.oraclize_query(uint256,string,string[2]) (../sb/0xa70bbfe72a97b2bbf08fead044ae020e5c5ae76f.sol#231-236) is not in mixedCase
Function usingOraclize.oraclize_query(uint256,string,string[2],uint256) (../sb/0xa70bbfe72a97b2bbf08fead044ae020e5c5ae76f.sol#237-242) is not in mixedCase
Function usingOraclize.oraclize_query(string,string[2],uint256) (../sb/0xa70bbfe72a97b2bbf08fead044ae020e5c5ae76f.sol#243-248) is not in mixedCase
Function usingOraclize.oraclize_query(string,string[3]) (../sb/0xa70bbfe72a97b2bbf08fead044ae020e5c5ae76f.sol#249-255) is not in mixedCase
Function usingOraclize.oraclize_query(uint256,string,string[3]) (../sb/0xa70bbfe72a97b2bbf08fead044ae020e5c5ae76f.sol#256-262) is not in mixedCase
Function usingOraclize.oraclize_query(uint256,string,string[3],uint256) (../sb/0xa70bbfe72a97b2bbf08fead044ae020e5c5ae76f.sol#263-269) is not in mixedCase
Function usingOraclize.oraclize_query(string,string[3],uint256) (../sb/0xa70bbfe72a97b2bbf08fead044ae020e5c5ae76f.sol#270-276) is not in mixedCase
Function usingOraclize.oraclize_query(string,string[4]) (../sb/0xa70bbfe72a97b2bbf08fead044ae020e5c5ae76f.sol#278-285) is not in mixedCase
Function usingOraclize.oraclize_query(uint256,string,string[4]) (../sb/0xa70bbfe72a97b2bbf08fead044ae020e5c5ae76f.sol#286-293) is not in mixedCase
Function usingOraclize.oraclize_query(uint256,string,string[4],uint256) (../sb/0xa70bbfe72a97b2bbf08fead044ae020e5c5ae76f.sol#294-301) is not in mixedCase
Function usingOraclize.oraclize_query(string,string[4],uint256) (../sb/0xa70bbfe72a97b2bbf08fead044ae020e5c5ae76f.sol#302-309) is not in mixedCase
Function usingOraclize.oraclize_query(string,string[5]) (../sb/0xa70bbfe72a97b2bbf08fead044ae020e5c5ae76f.sol#310-318) is not in mixedCase
Function usingOraclize.oraclize_query(uint256,string,string[5]) (../sb/0xa70bbfe72a97b2bbf08fead044ae020e5c5ae76f.sol#319-327) is not in mixedCase
Function usingOraclize.oraclize_query(uint256,string,string[5],uint256) (../sb/0xa70bbfe72a97b2bbf08fead044ae020e5c5ae76f.sol#328-336) is not in mixedCase
Function usingOraclize.oraclize_query(string,string[5],uint256) (../sb/0xa70bbfe72a97b2bbf08fead044ae020e5c5ae76f.sol#337-345) is not in mixedCase
Function usingOraclize.oraclize_query(string,bytes[]) (../sb/0xa70bbfe72a97b2bbf08fead044ae020e5c5ae76f.sol#346-351) is not in mixedCase
Function usingOraclize.oraclize_query(uint256,string,bytes[]) (../sb/0xa70bbfe72a97b2bbf08fead044ae020e5c5ae76f.sol#352-357) is not in mixedCase
Function usingOraclize.oraclize_query(uint256,string,bytes[],uint256) (../sb/0xa70bbfe72a97b2bbf08fead044ae020e5c5ae76f.sol#358-363) is not in mixedCase
Function usingOraclize.oraclize_query(string,bytes[],uint256) (../sb/0xa70bbfe72a97b2bbf08fead044ae020e5c5ae76f.sol#364-369) is not in mixedCase
Function usingOraclize.oraclize_query(string,bytes[1]) (../sb/0xa70bbfe72a97b2bbf08fead044ae020e5c5ae76f.sol#370-374) is not in mixedCase
Function usingOraclize.oraclize_query(uint256,string,bytes[1]) (../sb/0xa70bbfe72a97b2bbf08fead044ae020e5c5ae76f.sol#375-379) is not in mixedCase
Function usingOraclize.oraclize_query(uint256,string,bytes[1],uint256) (../sb/0xa70bbfe72a97b2bbf08fead044ae020e5c5ae76f.sol#380-384) is not in mixedCase
Function usingOraclize.oraclize_query(string,bytes[1],uint256) (../sb/0xa70bbfe72a97b2bbf08fead044ae020e5c5ae76f.sol#385-389) is not in mixedCase
Function usingOraclize.oraclize_query(string,bytes[2]) (../sb/0xa70bbfe72a97b2bbf08fead044ae020e5c5ae76f.sol#391-396) is not in mixedCase
Function usingOraclize.oraclize_query(uint256,string,bytes[2]) (../sb/0xa70bbfe72a97b2bbf08fead044ae020e5c5ae76f.sol#397-402) is not in mixedCase
Function usingOraclize.oraclize_query(uint256,string,bytes[2],uint256) (../sb/0xa70bbfe72a97b2bbf08fead044ae020e5c5ae76f.sol#403-408) is not in mixedCase
Function usingOraclize.oraclize_query(string,bytes[2],uint256) (../sb/0xa70bbfe72a97b2bbf08fead044ae020e5c5ae76f.sol#409-414) is not in mixedCase
Function usingOraclize.oraclize_query(string,bytes[3]) (../sb/0xa70bbfe72a97b2bbf08fead044ae020e5c5ae76f.sol#415-421) is not in mixedCase
Function usingOraclize.oraclize_query(uint256,string,bytes[3]) (../sb/0xa70bbfe72a97b2bbf08fead044ae020e5c5ae76f.sol#422-428) is not in mixedCase
Function usingOraclize.oraclize_query(uint256,string,bytes[3],uint256) (../sb/0xa70bbfe72a97b2bbf08fead044ae020e5c5ae76f.sol#429-435) is not in mixedCase
Function usingOraclize.oraclize_query(string,bytes[3],uint256) (../sb/0xa70bbfe72a97b2bbf08fead044ae020e5c5ae76f.sol#436-442) is not in mixedCase
Function usingOraclize.oraclize_query(string,bytes[4]) (../sb/0xa70bbfe72a97b2bbf08fead044ae020e5c5ae76f.sol#444-451) is not in mixedCase
Function usingOraclize.oraclize_query(uint256,string,bytes[4]) (../sb/0xa70bbfe72a97b2bbf08fead044ae020e5c5ae76f.sol#452-459) is not in mixedCase
Function usingOraclize.oraclize_query(uint256,string,bytes[4],uint256) (../sb/0xa70bbfe72a97b2bbf08fead044ae020e5c5ae76f.sol#460-467) is not in mixedCase
Function usingOraclize.oraclize_query(string,bytes[4],uint256) (../sb/0xa70bbfe72a97b2bbf08fead044ae020e5c5ae76f.sol#468-475) is not in mixedCase
Function usingOraclize.oraclize_query(string,bytes[5]) (../sb/0xa70bbfe72a97b2bbf08fead044ae020e5c5ae76f.sol#476-484) is not in mixedCase
Function usingOraclize.oraclize_query(uint256,string,bytes[5]) (../sb/0xa70bbfe72a97b2bbf08fead044ae020e5c5ae76f.sol#485-493) is not in mixedCase
Function usingOraclize.oraclize_query(uint256,string,bytes[5],uint256) (../sb/0xa70bbfe72a97b2bbf08fead044ae020e5c5ae76f.sol#494-502) is not in mixedCase
Function usingOraclize.oraclize_query(string,bytes[5],uint256) (../sb/0xa70bbfe72a97b2bbf08fead044ae020e5c5ae76f.sol#503-511) is not in mixedCase
Function usingOraclize.oraclize_cbAddress() (../sb/0xa70bbfe72a97b2bbf08fead044ae020e5c5ae76f.sol#513-515) is not in mixedCase
Function usingOraclize.oraclize_setProof(bytes1) (../sb/0xa70bbfe72a97b2bbf08fead044ae020e5c5ae76f.sol#516-518) is not in mixedCase
Function usingOraclize.oraclize_setCustomGasPrice(uint256) (../sb/0xa70bbfe72a97b2bbf08fead044ae020e5c5ae76f.sol#519-521) is not in mixedCase
Function usingOraclize.oraclize_setConfig(bytes32) (../sb/0xa70bbfe72a97b2bbf08fead044ae020e5c5ae76f.sol#522-524) is not in mixedCase
Function usingOraclize.oraclize_randomDS_getSessionPubKeyHash() (../sb/0xa70bbfe72a97b2bbf08fead044ae020e5c5ae76f.sol#526-528) is not in mixedCase
Parameter usingOraclize.parseAddr(string)._a (../sb/0xa70bbfe72a97b2bbf08fead044ae020e5c5ae76f.sol#536) is not in mixedCase
Parameter usingOraclize.strCompare(string,string)._a (../sb/0xa70bbfe72a97b2bbf08fead044ae020e5c5ae76f.sol#556) is not in mixedCase
Parameter usingOraclize.strCompare(string,string)._b (../sb/0xa70bbfe72a97b2bbf08fead044ae020e5c5ae76f.sol#556) is not in mixedCase
Parameter usingOraclize.indexOf(string,string)._haystack (../sb/0xa70bbfe72a97b2bbf08fead044ae020e5c5ae76f.sol#574) is not in mixedCase
Parameter usingOraclize.indexOf(string,string)._needle (../sb/0xa70bbfe72a97b2bbf08fead044ae020e5c5ae76f.sol#574) is not in mixedCase
Parameter usingOraclize.strConcat(string,string,string,string,string)._a (../sb/0xa70bbfe72a97b2bbf08fead044ae020e5c5ae76f.sol#601) is not in mixedCase
Parameter usingOraclize.strConcat(string,string,string,string,string)._b (../sb/0xa70bbfe72a97b2bbf08fead044ae020e5c5ae76f.sol#601) is not in mixedCase
Parameter usingOraclize.strConcat(string,string,string,string,string)._c (../sb/0xa70bbfe72a97b2bbf08fead044ae020e5c5ae76f.sol#601) is not in mixedCase
Parameter usingOraclize.strConcat(string,string,string,string,string)._d (../sb/0xa70bbfe72a97b2bbf08fead044ae020e5c5ae76f.sol#601) is not in mixedCase
Parameter usingOraclize.strConcat(string,string,string,string,string)._e (../sb/0xa70bbfe72a97b2bbf08fead044ae020e5c5ae76f.sol#601) is not in mixedCase
Parameter usingOraclize.strConcat(string,string,string,string)._a (../sb/0xa70bbfe72a97b2bbf08fead044ae020e5c5ae76f.sol#618) is not in mixedCase
Parameter usingOraclize.strConcat(string,string,string,string)._b (../sb/0xa70bbfe72a97b2bbf08fead044ae020e5c5ae76f.sol#618) is not in mixedCase
Parameter usingOraclize.strConcat(string,string,string,string)._c (../sb/0xa70bbfe72a97b2bbf08fead044ae020e5c5ae76f.sol#618) is not in mixedCase
Parameter usingOraclize.strConcat(string,string,string,string)._d (../sb/0xa70bbfe72a97b2bbf08fead044ae020e5c5ae76f.sol#618) is not in mixedCase
Parameter usingOraclize.strConcat(string,string,string)._a (../sb/0xa70bbfe72a97b2bbf08fead044ae020e5c5ae76f.sol#622) is not in mixedCase
Parameter usingOraclize.strConcat(string,string,string)._b (../sb/0xa70bbfe72a97b2bbf08fead044ae020e5c5ae76f.sol#622) is not in mixedCase
Parameter usingOraclize.strConcat(string,string,string)._c (../sb/0xa70bbfe72a97b2bbf08fead044ae020e5c5ae76f.sol#622) is not in mixedCase
Parameter usingOraclize.strConcat(string,string)._a (../sb/0xa70bbfe72a97b2bbf08fead044ae020e5c5ae76f.sol#626) is not in mixedCase
Parameter usingOraclize.strConcat(string,string)._b (../sb/0xa70bbfe72a97b2bbf08fead044ae020e5c5ae76f.sol#626) is not in mixedCase
Parameter usingOraclize.parseInt(string)._a (../sb/0xa70bbfe72a97b2bbf08fead044ae020e5c5ae76f.sol#631) is not in mixedCase
Parameter usingOraclize.parseInt(string,uint256)._a (../sb/0xa70bbfe72a97b2bbf08fead044ae020e5c5ae76f.sol#636) is not in mixedCase
Parameter usingOraclize.parseInt(string,uint256)._b (../sb/0xa70bbfe72a97b2bbf08fead044ae020e5c5ae76f.sol#636) is not in mixedCase
Function usingOraclize.oraclize_setNetworkName(string) (../sb/0xa70bbfe72a97b2bbf08fead044ae020e5c5ae76f.sol#757-759) is not in mixedCase
Parameter usingOraclize.oraclize_setNetworkName(string)._network_name (../sb/0xa70bbfe72a97b2bbf08fead044ae020e5c5ae76f.sol#757) is not in mixedCase
Function usingOraclize.oraclize_getNetworkName() (../sb/0xa70bbfe72a97b2bbf08fead044ae020e5c5ae76f.sol#761-763) is not in mixedCase
Function usingOraclize.oraclize_newRandomDSQuery(uint256,uint256,uint256) (../sb/0xa70bbfe72a97b2bbf08fead044ae020e5c5ae76f.sol#765-782) is not in mixedCase
Parameter usingOraclize.oraclize_newRandomDSQuery(uint256,uint256,uint256)._delay (../sb/0xa70bbfe72a97b2bbf08fead044ae020e5c5ae76f.sol#765) is not in mixedCase
Parameter usingOraclize.oraclize_newRandomDSQuery(uint256,uint256,uint256)._nbytes (../sb/0xa70bbfe72a97b2bbf08fead044ae020e5c5ae76f.sol#765) is not in mixedCase
Parameter usingOraclize.oraclize_newRandomDSQuery(uint256,uint256,uint256)._customGasLimit (../sb/0xa70bbfe72a97b2bbf08fead044ae020e5c5ae76f.sol#765) is not in mixedCase
Function usingOraclize.oraclize_randomDS_setCommitment(bytes32,bytes32) (../sb/0xa70bbfe72a97b2bbf08fead044ae020e5c5ae76f.sol#784-786) is not in mixedCase
Function usingOraclize.oraclize_randomDS_proofVerify__sessionKeyValidity(bytes,uint256) (../sb/0xa70bbfe72a97b2bbf08fead044ae020e5c5ae76f.sol#819-852) is not in mixedCase
Function usingOraclize.oraclize_randomDS_proofVerify__main(bytes,bytes32,bytes,string) (../sb/0xa70bbfe72a97b2bbf08fead044ae020e5c5ae76f.sol#874-921) is not in mixedCase
Parameter usingOraclize.oraclize_randomDS_proofVerify__main(bytes,bytes32,bytes,string).context_name (../sb/0xa70bbfe72a97b2bbf08fead044ae020e5c5ae76f.sol#874) is not in mixedCase
Function usingOraclize.safer_ecrecover(bytes32,uint8,bytes32,bytes32) (../sb/0xa70bbfe72a97b2bbf08fead044ae020e5c5ae76f.sol#951-976) is not in mixedCase
Constant usingOraclize.day (../sb/0xa70bbfe72a97b2bbf08fead044ae020e5c5ae76f.sol#57) is not in UPPER_CASE_WITH_UNDERSCORES
Constant usingOraclize.week (../sb/0xa70bbfe72a97b2bbf08fead044ae020e5c5ae76f.sol#58) is not in UPPER_CASE_WITH_UNDERSCORES
Constant usingOraclize.month (../sb/0xa70bbfe72a97b2bbf08fead044ae020e5c5ae76f.sol#59) is not in UPPER_CASE_WITH_UNDERSCORES
Constant usingOraclize.proofType_NONE (../sb/0xa70bbfe72a97b2bbf08fead044ae020e5c5ae76f.sol#60) is not in UPPER_CASE_WITH_UNDERSCORES
Constant usingOraclize.proofType_TLSNotary (../sb/0xa70bbfe72a97b2bbf08fead044ae020e5c5ae76f.sol#61) is not in UPPER_CASE_WITH_UNDERSCORES
Constant usingOraclize.proofType_Android (../sb/0xa70bbfe72a97b2bbf08fead044ae020e5c5ae76f.sol#62) is not in UPPER_CASE_WITH_UNDERSCORES
Constant usingOraclize.proofType_Ledger (../sb/0xa70bbfe72a97b2bbf08fead044ae020e5c5ae76f.sol#63) is not in UPPER_CASE_WITH_UNDERSCORES
Constant usingOraclize.proofType_Native (../sb/0xa70bbfe72a97b2bbf08fead044ae020e5c5ae76f.sol#64) is not in UPPER_CASE_WITH_UNDERSCORES
Constant usingOraclize.proofStorage_IPFS (../sb/0xa70bbfe72a97b2bbf08fead044ae020e5c5ae76f.sol#65) is not in UPPER_CASE_WITH_UNDERSCORES
Constant usingOraclize.networkID_auto (../sb/0xa70bbfe72a97b2bbf08fead044ae020e5c5ae76f.sol#66) is not in UPPER_CASE_WITH_UNDERSCORES
Constant usingOraclize.networkID_mainnet (../sb/0xa70bbfe72a97b2bbf08fead044ae020e5c5ae76f.sol#67) is not in UPPER_CASE_WITH_UNDERSCORES
Constant usingOraclize.networkID_testnet (../sb/0xa70bbfe72a97b2bbf08fead044ae020e5c5ae76f.sol#68) is not in UPPER_CASE_WITH_UNDERSCORES
Constant usingOraclize.networkID_morden (../sb/0xa70bbfe72a97b2bbf08fead044ae020e5c5ae76f.sol#69) is not in UPPER_CASE_WITH_UNDERSCORES
Constant usingOraclize.networkID_consensys (../sb/0xa70bbfe72a97b2bbf08fead044ae020e5c5ae76f.sol#70) is not in UPPER_CASE_WITH_UNDERSCORES
Variable usingOraclize.OAR (../sb/0xa70bbfe72a97b2bbf08fead044ae020e5c5ae76f.sol#72) is not in mixedCase
Variable usingOraclize.oraclize_network_name (../sb/0xa70bbfe72a97b2bbf08fead044ae020e5c5ae76f.sol#756) is not in mixedCase
Variable usingOraclize.oraclize_randomDS_args (../sb/0xa70bbfe72a97b2bbf08fead044ae020e5c5ae76f.sol#788) is not in mixedCase
Variable usingOraclize.oraclize_randomDS_sessionKeysHashVerified (../sb/0xa70bbfe72a97b2bbf08fead044ae020e5c5ae76f.sol#789) is not in mixedCase
Modifier usingOraclize.oraclize_randomDS_proofVerify(bytes32,string,bytes) (../sb/0xa70bbfe72a97b2bbf08fead044ae020e5c5ae76f.sol#854-862) is not in mixedCase
Event CMCEthereumTicker.newOraclizeQuery(string) (../sb/0xa70bbfe72a97b2bbf08fead044ae020e5c5ae76f.sol#1095) is not in CapWords
Event CMCEthereumTicker.newPriceTicker(string) (../sb/0xa70bbfe72a97b2bbf08fead044ae020e5c5ae76f.sol#1096) is not in CapWords
Function CMCEthereumTicker.__callback(bytes32,string) (../sb/0xa70bbfe72a97b2bbf08fead044ae020e5c5ae76f.sol#1129-1136) is not in mixedCase
Function CMCEthereumTicker.update_instant() (../sb/0xa70bbfe72a97b2bbf08fead044ae020e5c5ae76f.sol#1138-1145) is not in mixedCase
Parameter CMCEthereumTicker.payToManager(uint256)._amount (../sb/0xa70bbfe72a97b2bbf08fead044ae020e5c5ae76f.sol#1156) is not in mixedCase
Parameter TickerController.createTicker(uint256)._delay (../sb/0xa70bbfe72a97b2bbf08fead044ae020e5c5ae76f.sol#1171) is not in mixedCase
Parameter TickerController.attachTicker(address)._tickerAddress (../sb/0xa70bbfe72a97b2bbf08fead044ae020e5c5ae76f.sol#1177) is not in mixedCase
Parameter TickerController.withdrawFromTicker(uint256)._amount (../sb/0xa70bbfe72a97b2bbf08fead044ae020e5c5ae76f.sol#1202) is not in mixedCase
Parameter DBIPToken.raiseSupply(uint256)._new_supply (../sb/0xa70bbfe72a97b2bbf08fead044ae020e5c5ae76f.sol#1253) is not in mixedCase
Parameter DBIPToken.ownerTransfer(address,uint256)._to (../sb/0xa70bbfe72a97b2bbf08fead044ae020e5c5ae76f.sol#1263) is not in mixedCase
Parameter DBIPToken.ownerTransfer(address,uint256)._value (../sb/0xa70bbfe72a97b2bbf08fead044ae020e5c5ae76f.sol#1263) is not in mixedCase
Parameter DBIPToken.balanceOf(address)._owner (../sb/0xa70bbfe72a97b2bbf08fead044ae020e5c5ae76f.sol#1276) is not in mixedCase
Parameter DBIPToken.allowance(address,address)._owner (../sb/0xa70bbfe72a97b2bbf08fead044ae020e5c5ae76f.sol#1284) is not in mixedCase
Parameter DBIPToken.allowance(address,address)._spender (../sb/0xa70bbfe72a97b2bbf08fead044ae020e5c5ae76f.sol#1284) is not in mixedCase
Parameter DBIPToken.transfer(address,uint256)._to (../sb/0xa70bbfe72a97b2bbf08fead044ae020e5c5ae76f.sol#1288) is not in mixedCase
Parameter DBIPToken.transfer(address,uint256)._value (../sb/0xa70bbfe72a97b2bbf08fead044ae020e5c5ae76f.sol#1288) is not in mixedCase
Parameter DBIPToken.approve(address,uint256)._spender (../sb/0xa70bbfe72a97b2bbf08fead044ae020e5c5ae76f.sol#1299) is not in mixedCase
Parameter DBIPToken.approve(address,uint256)._value (../sb/0xa70bbfe72a97b2bbf08fead044ae020e5c5ae76f.sol#1299) is not in mixedCase
Parameter DBIPToken.transferFrom(address,address,uint256)._from (../sb/0xa70bbfe72a97b2bbf08fead044ae020e5c5ae76f.sol#1309) is not in mixedCase
Parameter DBIPToken.transferFrom(address,address,uint256)._to (../sb/0xa70bbfe72a97b2bbf08fead044ae020e5c5ae76f.sol#1309) is not in mixedCase
Parameter DBIPToken.transferFrom(address,address,uint256)._value (../sb/0xa70bbfe72a97b2bbf08fead044ae020e5c5ae76f.sol#1309) is not in mixedCase
Parameter ReferralProxyHandler.setProxy(address)._proxy (../sb/0xa70bbfe72a97b2bbf08fead044ae020e5c5ae76f.sol#1333) is not in mixedCase
Parameter PresaleToken.buyTokens(address)._buyer (../sb/0xa70bbfe72a97b2bbf08fead044ae020e5c5ae76f.sol#1417) is not in mixedCase
Parameter PresaleToken.buyThroughProxy(address)._buyer (../sb/0xa70bbfe72a97b2bbf08fead044ae020e5c5ae76f.sol#1451) is not in mixedCase
Parameter PresaleToken.migrateTokens(address)._owner (../sb/0xa70bbfe72a97b2bbf08fead044ae020e5c5ae76f.sol#1488) is not in mixedCase
Parameter PresaleToken.setMigrationManager(address)._mgr (../sb/0xa70bbfe72a97b2bbf08fead044ae020e5c5ae76f.sol#1551) is not in mixedCase
Parameter PresaleToken.raiseCap(uint256)._newCap (../sb/0xa70bbfe72a97b2bbf08fead044ae020e5c5ae76f.sol#1558) is not in mixedCase
Parameter PresaleToken.giveTokens(address,uint256,string)._address (../sb/0xa70bbfe72a97b2bbf08fead044ae020e5c5ae76f.sol#1576) is not in mixedCase
Parameter PresaleToken.giveTokens(address,uint256,string)._value (../sb/0xa70bbfe72a97b2bbf08fead044ae020e5c5ae76f.sol#1576) is not in mixedCase
Parameter PresaleToken.giveTokens(address,uint256,string)._reason (../sb/0xa70bbfe72a97b2bbf08fead044ae020e5c5ae76f.sol#1576) is not in mixedCase
Reference: https://github.com/crytic/slither/wiki/Detector-Documentation#conformance-to-solidity-naming-conventions

Reentrancy in PresaleToken.finalizePresale() (../sb/0xa70bbfe72a97b2bbf08fead044ae020e5c5ae76f.sol#1522-1533):
	External calls:
	- lastBuyer.transfer((refundValue.mul(priceCents).mul(1000000000000000000 / 1)).div(lastCentsPerETH.mul(uint256(10) ** decimals))) (../sb/0xa70bbfe72a97b2bbf08fead044ae020e5c5ae76f.sol#1527)
	- withdrawEther() (../sb/0xa70bbfe72a97b2bbf08fead044ae020e5c5ae76f.sol#1529)
		- owner.transfer(this.balance) (../sb/0xa70bbfe72a97b2bbf08fead044ae020e5c5ae76f.sol#1548)
	State variables written after the call(s):
	- currentPhase = Phase.Finalized (../sb/0xa70bbfe72a97b2bbf08fead044ae020e5c5ae76f.sol#1531)
	Event emitted after the call(s):
	- LogPhaseSwitch(Phase.Finalized) (../sb/0xa70bbfe72a97b2bbf08fead044ae020e5c5ae76f.sol#1532)
Reference: https://github.com/crytic/slither/wiki/Detector-Documentation#reentrancy-vulnerabilities-4

usingOraclize.oraclize_query(string,string) (../sb/0xa70bbfe72a97b2bbf08fead044ae020e5c5ae76f.sol#140-144) uses literals with too many digits:
	- price > 1000000000000000000 + tx.gasprice * 200000 (../sb/0xa70bbfe72a97b2bbf08fead044ae020e5c5ae76f.sol#142)
usingOraclize.oraclize_query(uint256,string,string) (../sb/0xa70bbfe72a97b2bbf08fead044ae020e5c5ae76f.sol#145-149) uses literals with too many digits:
	- price > 1000000000000000000 + tx.gasprice * 200000 (../sb/0xa70bbfe72a97b2bbf08fead044ae020e5c5ae76f.sol#147)
usingOraclize.oraclize_query(string,string,string) (../sb/0xa70bbfe72a97b2bbf08fead044ae020e5c5ae76f.sol#160-164) uses literals with too many digits:
	- price > 1000000000000000000 + tx.gasprice * 200000 (../sb/0xa70bbfe72a97b2bbf08fead044ae020e5c5ae76f.sol#162)
usingOraclize.oraclize_query(uint256,string,string,string) (../sb/0xa70bbfe72a97b2bbf08fead044ae020e5c5ae76f.sol#165-169) uses literals with too many digits:
	- price > 1000000000000000000 + tx.gasprice * 200000 (../sb/0xa70bbfe72a97b2bbf08fead044ae020e5c5ae76f.sol#167)
usingOraclize.oraclize_query(string,string[]) (../sb/0xa70bbfe72a97b2bbf08fead044ae020e5c5ae76f.sol#180-185) uses literals with too many digits:
	- price > 1000000000000000000 + tx.gasprice * 200000 (../sb/0xa70bbfe72a97b2bbf08fead044ae020e5c5ae76f.sol#182)
usingOraclize.oraclize_query(uint256,string,string[]) (../sb/0xa70bbfe72a97b2bbf08fead044ae020e5c5ae76f.sol#186-191) uses literals with too many digits:
	- price > 1000000000000000000 + tx.gasprice * 200000 (../sb/0xa70bbfe72a97b2bbf08fead044ae020e5c5ae76f.sol#188)
usingOraclize.oraclize_query(string,bytes[]) (../sb/0xa70bbfe72a97b2bbf08fead044ae020e5c5ae76f.sol#346-351) uses literals with too many digits:
	- price > 1000000000000000000 + tx.gasprice * 200000 (../sb/0xa70bbfe72a97b2bbf08fead044ae020e5c5ae76f.sol#348)
usingOraclize.oraclize_query(uint256,string,bytes[]) (../sb/0xa70bbfe72a97b2bbf08fead044ae020e5c5ae76f.sol#352-357) uses literals with too many digits:
	- price > 1000000000000000000 + tx.gasprice * 200000 (../sb/0xa70bbfe72a97b2bbf08fead044ae020e5c5ae76f.sol#354)
Reference: https://github.com/crytic/slither/wiki/Detector-Documentation#too-many-digits

usingOraclize.day (../sb/0xa70bbfe72a97b2bbf08fead044ae020e5c5ae76f.sol#57) is never used in CMCEthereumTicker (../sb/0xa70bbfe72a97b2bbf08fead044ae020e5c5ae76f.sol#1084-1164)
usingOraclize.week (../sb/0xa70bbfe72a97b2bbf08fead044ae020e5c5ae76f.sol#58) is never used in CMCEthereumTicker (../sb/0xa70bbfe72a97b2bbf08fead044ae020e5c5ae76f.sol#1084-1164)
usingOraclize.month (../sb/0xa70bbfe72a97b2bbf08fead044ae020e5c5ae76f.sol#59) is never used in CMCEthereumTicker (../sb/0xa70bbfe72a97b2bbf08fead044ae020e5c5ae76f.sol#1084-1164)
usingOraclize.proofType_TLSNotary (../sb/0xa70bbfe72a97b2bbf08fead044ae020e5c5ae76f.sol#61) is never used in CMCEthereumTicker (../sb/0xa70bbfe72a97b2bbf08fead044ae020e5c5ae76f.sol#1084-1164)
usingOraclize.proofType_Android (../sb/0xa70bbfe72a97b2bbf08fead044ae020e5c5ae76f.sol#62) is never used in CMCEthereumTicker (../sb/0xa70bbfe72a97b2bbf08fead044ae020e5c5ae76f.sol#1084-1164)
usingOraclize.proofType_Ledger (../sb/0xa70bbfe72a97b2bbf08fead044ae020e5c5ae76f.sol#63) is never used in CMCEthereumTicker (../sb/0xa70bbfe72a97b2bbf08fead044ae020e5c5ae76f.sol#1084-1164)
usingOraclize.proofType_Native (../sb/0xa70bbfe72a97b2bbf08fead044ae020e5c5ae76f.sol#64) is never used in CMCEthereumTicker (../sb/0xa70bbfe72a97b2bbf08fead044ae020e5c5ae76f.sol#1084-1164)
usingOraclize.proofStorage_IPFS (../sb/0xa70bbfe72a97b2bbf08fead044ae020e5c5ae76f.sol#65) is never used in CMCEthereumTicker (../sb/0xa70bbfe72a97b2bbf08fead044ae020e5c5ae76f.sol#1084-1164)
usingOraclize.networkID_mainnet (../sb/0xa70bbfe72a97b2bbf08fead044ae020e5c5ae76f.sol#67) is never used in CMCEthereumTicker (../sb/0xa70bbfe72a97b2bbf08fead044ae020e5c5ae76f.sol#1084-1164)
usingOraclize.networkID_testnet (../sb/0xa70bbfe72a97b2bbf08fead044ae020e5c5ae76f.sol#68) is never used in CMCEthereumTicker (../sb/0xa70bbfe72a97b2bbf08fead044ae020e5c5ae76f.sol#1084-1164)
usingOraclize.networkID_morden (../sb/0xa70bbfe72a97b2bbf08fead044ae020e5c5ae76f.sol#69) is never used in CMCEthereumTicker (../sb/0xa70bbfe72a97b2bbf08fead044ae020e5c5ae76f.sol#1084-1164)
usingOraclize.networkID_consensys (../sb/0xa70bbfe72a97b2bbf08fead044ae020e5c5ae76f.sol#70) is never used in CMCEthereumTicker (../sb/0xa70bbfe72a97b2bbf08fead044ae020e5c5ae76f.sol#1084-1164)
Reference: https://github.com/crytic/slither/wiki/Detector-Documentation#unused-state-variable

PresaleToken.capRaised (../sb/0xa70bbfe72a97b2bbf08fead044ae020e5c5ae76f.sol#1392) should be constant 
PresaleToken.decimals (../sb/0xa70bbfe72a97b2bbf08fead044ae020e5c5ae76f.sol#1369) should be constant 
Reference: https://github.com/crytic/slither/wiki/Detector-Documentation#state-variables-that-could-be-declared-constant

query(uint256,string,string) should be declared external:
	- OraclizeI.query(uint256,string,string) (../sb/0xa70bbfe72a97b2bbf08fead044ae020e5c5ae76f.sol#39)
query_withGasLimit(uint256,string,string,uint256) should be declared external:
	- OraclizeI.query_withGasLimit(uint256,string,string,uint256) (../sb/0xa70bbfe72a97b2bbf08fead044ae020e5c5ae76f.sol#40)
query2(uint256,string,string,string) should be declared external:
	- OraclizeI.query2(uint256,string,string,string) (../sb/0xa70bbfe72a97b2bbf08fead044ae020e5c5ae76f.sol#41)
query2_withGasLimit(uint256,string,string,string,uint256) should be declared external:
	- OraclizeI.query2_withGasLimit(uint256,string,string,string,uint256) (../sb/0xa70bbfe72a97b2bbf08fead044ae020e5c5ae76f.sol#42)
queryN(uint256,string,bytes) should be declared external:
	- OraclizeI.queryN(uint256,string,bytes) (../sb/0xa70bbfe72a97b2bbf08fead044ae020e5c5ae76f.sol#43)
queryN_withGasLimit(uint256,string,bytes,uint256) should be declared external:
	- OraclizeI.queryN_withGasLimit(uint256,string,bytes,uint256) (../sb/0xa70bbfe72a97b2bbf08fead044ae020e5c5ae76f.sol#44)
getPrice(string) should be declared external:
	- OraclizeI.getPrice(string) (../sb/0xa70bbfe72a97b2bbf08fead044ae020e5c5ae76f.sol#45)
getPrice(string,uint256) should be declared external:
	- OraclizeI.getPrice(string,uint256) (../sb/0xa70bbfe72a97b2bbf08fead044ae020e5c5ae76f.sol#46)
useCoupon(string) should be declared external:
	- OraclizeI.useCoupon(string) (../sb/0xa70bbfe72a97b2bbf08fead044ae020e5c5ae76f.sol#47)
__callback(bytes32,string) should be declared external:
	- CMCEthereumTicker.__callback(bytes32,string) (../sb/0xa70bbfe72a97b2bbf08fead044ae020e5c5ae76f.sol#1129-1136)
	- usingOraclize.__callback(bytes32,string) (../sb/0xa70bbfe72a97b2bbf08fead044ae020e5c5ae76f.sol#122-124)
giveTokens(address,uint256,string) should be declared external:
	- PresaleToken.giveTokens(address,uint256,string) (../sb/0xa70bbfe72a97b2bbf08fead044ae020e5c5ae76f.sol#1576-1585)
Reference: https://github.com/crytic/slither/wiki/Detector-Documentation#public-function-that-could-be-declared-external
/sb/0xa70bbfe72a97b2bbf08fead044ae020e5c5ae76f.sol analyzed (11 contracts with 100 detectors), 404 result(s) found
