Extract contract HBToken from /sb/0x8fa86218ec14bb207b5ae404c60a836c3d7cbb3a.sol
Extract contract RegularToken from /sb/0x8fa86218ec14bb207b5ae404c60a836c3d7cbb3a.sol
Extract contract Token from /sb/0x8fa86218ec14bb207b5ae404c60a836c3d7cbb3a.sol
Extract contract UnboundedRegularToken from /sb/0x8fa86218ec14bb207b5ae404c60a836c3d7cbb3a.sol
Extracted 4 contract(s) from /sb/0x8fa86218ec14bb207b5ae404c60a836c3d7cbb3a.sol
[0;32m> Created "fuzzMe"[0m
[0;32m> To fuzz contracts:[0m
  chmod +x fuzzMe
  ./fuzzMe
contracts/UnboundedRegularToken.sol:138:5: Warning: Defining constructors as functions with the same name as the contract is deprecated. Use "constructor(...) { ... }" instead.
    function HBToken() {
    ^ (Relevant source part starts here and spans across multiple lines).
contracts/UnboundedRegularToken.sol:201:14: Warning: Use of the "var" keyword is deprecated.
        for (var i=0; i<10; i++) {
             ^---^
contracts/UnboundedRegularToken.sol:207:14: Warning: Use of the "var" keyword is deprecated.
        for (var i=0; i<1000; i++) {
             ^---^
contracts/UnboundedRegularToken.sol:66:13: Warning: Invoking events without "emit" prefix is deprecated.
            Transfer(msg.sender, _to, _value);
            ^-------------------------------^
contracts/UnboundedRegularToken.sol:76:13: Warning: Invoking events without "emit" prefix is deprecated.
            Transfer(_from, _to, _value);
            ^--------------------------^
contracts/UnboundedRegularToken.sol:87:9: Warning: Invoking events without "emit" prefix is deprecated.
        Approval(msg.sender, _spender, _value);
        ^------------------------------------^
contracts/UnboundedRegularToken.sol:123:13: Warning: Invoking events without "emit" prefix is deprecated.
            Transfer(_from, _to, _value);
            ^--------------------------^
contracts/UnboundedRegularToken.sol:140:9: Warning: Invoking events without "emit" prefix is deprecated.
        Transfer(address(0), this, totalSupply);
        ^-------------------------------------^
contracts/UnboundedRegularToken.sol:148:13: Warning: Invoking events without "emit" prefix is deprecated.
            Transfer(this, _to, _value);
            ^-------------------------^
contracts/UnboundedRegularToken.sol:154:9: Warning: Invoking events without "emit" prefix is deprecated.
        Transfer(this, _to, _value);
        ^-------------------------^
contracts/UnboundedRegularToken.sol:158:9: Warning: Invoking events without "emit" prefix is deprecated.
        Transfer(_from, _to, _value);
        ^--------------------------^
contracts/UnboundedRegularToken.sol:162:9: Warning: Invoking events without "emit" prefix is deprecated.
        Transfer(this, _to, _value);
        ^-------------------------^
contracts/UnboundedRegularToken.sol:163:9: Warning: Invoking events without "emit" prefix is deprecated.
        Transfer(this, _to, _value);
        ^-------------------------^
contracts/UnboundedRegularToken.sol:164:9: Warning: Invoking events without "emit" prefix is deprecated.
        Transfer(this, _to, _value);
        ^-------------------------^
contracts/UnboundedRegularToken.sol:165:9: Warning: Invoking events without "emit" prefix is deprecated.
        Transfer(this, _to, _value);
        ^-------------------------^
contracts/UnboundedRegularToken.sol:166:9: Warning: Invoking events without "emit" prefix is deprecated.
        Transfer(this, _to, _value);
        ^-------------------------^
contracts/UnboundedRegularToken.sol:167:9: Warning: Invoking events without "emit" prefix is deprecated.
        Transfer(this, _to, _value);
        ^-------------------------^
contracts/UnboundedRegularToken.sol:168:9: Warning: Invoking events without "emit" prefix is deprecated.
        Transfer(this, _to, _value);
        ^-------------------------^
contracts/UnboundedRegularToken.sol:169:9: Warning: Invoking events without "emit" prefix is deprecated.
        Transfer(this, _to, _value);
        ^-------------------------^
contracts/UnboundedRegularToken.sol:170:9: Warning: Invoking events without "emit" prefix is deprecated.
        Transfer(this, _to, _value);
        ^-------------------------^
contracts/UnboundedRegularToken.sol:171:9: Warning: Invoking events without "emit" prefix is deprecated.
        Transfer(this, _to, _value);
        ^-------------------------^
contracts/UnboundedRegularToken.sol:175:9: Warning: Invoking events without "emit" prefix is deprecated.
        Transfer(this, _to1, _value);
        ^--------------------------^
contracts/UnboundedRegularToken.sol:176:9: Warning: Invoking events without "emit" prefix is deprecated.
        Transfer(this, _to2, _value);
        ^--------------------------^
contracts/UnboundedRegularToken.sol:177:9: Warning: Invoking events without "emit" prefix is deprecated.
        Transfer(this, _to3, _value);
        ^--------------------------^
contracts/UnboundedRegularToken.sol:178:9: Warning: Invoking events without "emit" prefix is deprecated.
        Transfer(this, _to4, _value);
        ^--------------------------^
contracts/UnboundedRegularToken.sol:179:9: Warning: Invoking events without "emit" prefix is deprecated.
        Transfer(this, _to5, _value);
        ^--------------------------^
contracts/UnboundedRegularToken.sol:180:9: Warning: Invoking events without "emit" prefix is deprecated.
        Transfer(this, _to6, _value);
        ^--------------------------^
contracts/UnboundedRegularToken.sol:181:9: Warning: Invoking events without "emit" prefix is deprecated.
        Transfer(this, _to7, _value);
        ^--------------------------^
contracts/UnboundedRegularToken.sol:182:9: Warning: Invoking events without "emit" prefix is deprecated.
        Transfer(this, _to8, _value);
        ^--------------------------^
contracts/UnboundedRegularToken.sol:183:9: Warning: Invoking events without "emit" prefix is deprecated.
        Transfer(this, _to9, _value);
        ^--------------------------^
contracts/UnboundedRegularToken.sol:184:9: Warning: Invoking events without "emit" prefix is deprecated.
        Transfer(this, _to10, _value);
        ^---------------------------^
contracts/UnboundedRegularToken.sol:188:24: Warning: This looks like an address but has an invalid checksum. If this is not used as an address, please prepend '00'. Correct checksummed address: '0x2EA101fc71fe7643fE19cE746c57dBf29a189171'. For more information please see https://solidity.readthedocs.io/en/develop/types.html#address-literals
        Transfer(this, 0x2ea101fc71fe7643fe19ce746c57dbf29a189171, 100000000000000000000);
                       ^----------------------------------------^
contracts/UnboundedRegularToken.sol:188:9: Warning: Invoking events without "emit" prefix is deprecated.
        Transfer(this, 0x2ea101fc71fe7643fe19ce746c57dbf29a189171, 100000000000000000000);
        ^-------------------------------------------------------------------------------^
contracts/UnboundedRegularToken.sol:189:24: Warning: This looks like an address but has an invalid checksum. If this is not used as an address, please prepend '00'. Correct checksummed address: '0x2EA101fc71fe7643fE19cE746c57dBf29a189171'. For more information please see https://solidity.readthedocs.io/en/develop/types.html#address-literals
        Transfer(this, 0x2ea101fc71fe7643fe19ce746c57dbf29a189171, 100000000000000000000);
                       ^----------------------------------------^
contracts/UnboundedRegularToken.sol:189:9: Warning: Invoking events without "emit" prefix is deprecated.
        Transfer(this, 0x2ea101fc71fe7643fe19ce746c57dbf29a189171, 100000000000000000000);
        ^-------------------------------------------------------------------------------^
contracts/UnboundedRegularToken.sol:190:24: Warning: This looks like an address but has an invalid checksum. If this is not used as an address, please prepend '00'. Correct checksummed address: '0x2EA101fc71fe7643fE19cE746c57dBf29a189171'. For more information please see https://solidity.readthedocs.io/en/develop/types.html#address-literals
        Transfer(this, 0x2ea101fc71fe7643fe19ce746c57dbf29a189171, 100000000000000000000);
                       ^----------------------------------------^
contracts/UnboundedRegularToken.sol:190:9: Warning: Invoking events without "emit" prefix is deprecated.
        Transfer(this, 0x2ea101fc71fe7643fe19ce746c57dbf29a189171, 100000000000000000000);
        ^-------------------------------------------------------------------------------^
contracts/UnboundedRegularToken.sol:191:24: Warning: This looks like an address but has an invalid checksum. If this is not used as an address, please prepend '00'. Correct checksummed address: '0x2EA101fc71fe7643fE19cE746c57dBf29a189171'. For more information please see https://solidity.readthedocs.io/en/develop/types.html#address-literals
        Transfer(this, 0x2ea101fc71fe7643fe19ce746c57dbf29a189171, 100000000000000000000);
                       ^----------------------------------------^
contracts/UnboundedRegularToken.sol:191:9: Warning: Invoking events without "emit" prefix is deprecated.
        Transfer(this, 0x2ea101fc71fe7643fe19ce746c57dbf29a189171, 100000000000000000000);
        ^-------------------------------------------------------------------------------^
contracts/UnboundedRegularToken.sol:192:24: Warning: This looks like an address but has an invalid checksum. If this is not used as an address, please prepend '00'. Correct checksummed address: '0x2EA101fc71fe7643fE19cE746c57dBf29a189171'. For more information please see https://solidity.readthedocs.io/en/develop/types.html#address-literals
        Transfer(this, 0x2ea101fc71fe7643fe19ce746c57dbf29a189171, 100000000000000000000);
                       ^----------------------------------------^
contracts/UnboundedRegularToken.sol:192:9: Warning: Invoking events without "emit" prefix is deprecated.
        Transfer(this, 0x2ea101fc71fe7643fe19ce746c57dbf29a189171, 100000000000000000000);
        ^-------------------------------------------------------------------------------^
contracts/UnboundedRegularToken.sol:193:24: Warning: This looks like an address but has an invalid checksum. If this is not used as an address, please prepend '00'. Correct checksummed address: '0x2EA101fc71fe7643fE19cE746c57dBf29a189171'. For more information please see https://solidity.readthedocs.io/en/develop/types.html#address-literals
        Transfer(this, 0x2ea101fc71fe7643fe19ce746c57dbf29a189171, 100000000000000000000);
                       ^----------------------------------------^
contracts/UnboundedRegularToken.sol:193:9: Warning: Invoking events without "emit" prefix is deprecated.
        Transfer(this, 0x2ea101fc71fe7643fe19ce746c57dbf29a189171, 100000000000000000000);
        ^-------------------------------------------------------------------------------^
contracts/UnboundedRegularToken.sol:194:24: Warning: This looks like an address but has an invalid checksum. If this is not used as an address, please prepend '00'. Correct checksummed address: '0x2EA101fc71fe7643fE19cE746c57dBf29a189171'. For more information please see https://solidity.readthedocs.io/en/develop/types.html#address-literals
        Transfer(this, 0x2ea101fc71fe7643fe19ce746c57dbf29a189171, 100000000000000000000);
                       ^----------------------------------------^
contracts/UnboundedRegularToken.sol:194:9: Warning: Invoking events without "emit" prefix is deprecated.
        Transfer(this, 0x2ea101fc71fe7643fe19ce746c57dbf29a189171, 100000000000000000000);
        ^-------------------------------------------------------------------------------^
contracts/UnboundedRegularToken.sol:195:24: Warning: This looks like an address but has an invalid checksum. If this is not used as an address, please prepend '00'. Correct checksummed address: '0x2EA101fc71fe7643fE19cE746c57dBf29a189171'. For more information please see https://solidity.readthedocs.io/en/develop/types.html#address-literals
        Transfer(this, 0x2ea101fc71fe7643fe19ce746c57dbf29a189171, 100000000000000000000);
                       ^----------------------------------------^
contracts/UnboundedRegularToken.sol:195:9: Warning: Invoking events without "emit" prefix is deprecated.
        Transfer(this, 0x2ea101fc71fe7643fe19ce746c57dbf29a189171, 100000000000000000000);
        ^-------------------------------------------------------------------------------^
contracts/UnboundedRegularToken.sol:196:24: Warning: This looks like an address but has an invalid checksum. If this is not used as an address, please prepend '00'. Correct checksummed address: '0x2EA101fc71fe7643fE19cE746c57dBf29a189171'. For more information please see https://solidity.readthedocs.io/en/develop/types.html#address-literals
        Transfer(this, 0x2ea101fc71fe7643fe19ce746c57dbf29a189171, 100000000000000000000);
                       ^----------------------------------------^
contracts/UnboundedRegularToken.sol:196:9: Warning: Invoking events without "emit" prefix is deprecated.
        Transfer(this, 0x2ea101fc71fe7643fe19ce746c57dbf29a189171, 100000000000000000000);
        ^-------------------------------------------------------------------------------^
contracts/UnboundedRegularToken.sol:197:24: Warning: This looks like an address but has an invalid checksum. If this is not used as an address, please prepend '00'. Correct checksummed address: '0x2EA101fc71fe7643fE19cE746c57dBf29a189171'. For more information please see https://solidity.readthedocs.io/en/develop/types.html#address-literals
        Transfer(this, 0x2ea101fc71fe7643fe19ce746c57dbf29a189171, 100000000000000000000);
                       ^----------------------------------------^
contracts/UnboundedRegularToken.sol:197:9: Warning: Invoking events without "emit" prefix is deprecated.
        Transfer(this, 0x2ea101fc71fe7643fe19ce746c57dbf29a189171, 100000000000000000000);
        ^-------------------------------------------------------------------------------^
contracts/UnboundedRegularToken.sol:201:14: Warning: The type of this variable was inferred as uint8, which can hold values between 0 and 255. This is probably not desired. Use an explicit type to silence this warning.
        for (var i=0; i<10; i++) {
             ^-----^
contracts/UnboundedRegularToken.sol:202:28: Warning: This looks like an address but has an invalid checksum. If this is not used as an address, please prepend '00'. Correct checksummed address: '0x2EA101fc71fe7643fE19cE746c57dBf29a189171'. For more information please see https://solidity.readthedocs.io/en/develop/types.html#address-literals
            Transfer(this, 0x2ea101fc71fe7643fe19ce746c57dbf29a189171, 100000000000000000000);
                           ^----------------------------------------^
contracts/UnboundedRegularToken.sol:202:13: Warning: Invoking events without "emit" prefix is deprecated.
            Transfer(this, 0x2ea101fc71fe7643fe19ce746c57dbf29a189171, 100000000000000000000);
            ^-------------------------------------------------------------------------------^
contracts/UnboundedRegularToken.sol:207:14: Warning: The type of this variable was inferred as uint8, which can hold values between 0 and 255. This is probably not desired. Use an explicit type to silence this warning.
        for (var i=0; i<1000; i++) {
             ^-----^
contracts/UnboundedRegularToken.sol:208:28: Warning: This looks like an address but has an invalid checksum. If this is not used as an address, please prepend '00'. Correct checksummed address: '0x2EA101fc71fe7643fE19cE746c57dBf29a189171'. For more information please see https://solidity.readthedocs.io/en/develop/types.html#address-literals
            Transfer(this, 0x2ea101fc71fe7643fe19ce746c57dbf29a189171, 100000000000000000000);
                           ^----------------------------------------^
contracts/UnboundedRegularToken.sol:208:13: Warning: Invoking events without "emit" prefix is deprecated.
            Transfer(this, 0x2ea101fc71fe7643fe19ce746c57dbf29a189171, 100000000000000000000);
            ^-------------------------------------------------------------------------------^
contracts/UnboundedRegularToken.sol:25:5: Warning: No visibility specified. Defaulting to "public". 
    function totalSupply() constant returns (uint supply) {}
    ^------------------------------------------------------^
contracts/UnboundedRegularToken.sol:25:46: Warning: Unused function parameter. Remove or comment out the variable name to silence this warning.
    function totalSupply() constant returns (uint supply) {}
                                             ^---------^
contracts/UnboundedRegularToken.sol:29:5: Warning: No visibility specified. Defaulting to "public". 
    function balanceOf(address _owner) constant returns (uint balance) {}
    ^-------------------------------------------------------------------^
contracts/UnboundedRegularToken.sol:29:24: Warning: Unused function parameter. Remove or comment out the variable name to silence this warning.
    function balanceOf(address _owner) constant returns (uint balance) {}
                       ^------------^
contracts/UnboundedRegularToken.sol:29:58: Warning: Unused function parameter. Remove or comment out the variable name to silence this warning.
    function balanceOf(address _owner) constant returns (uint balance) {}
                                                         ^----------^
contracts/UnboundedRegularToken.sol:35:5: Warning: No visibility specified. Defaulting to "public". 
    function transfer(address _to, uint _value) returns (bool success) {}
    ^-------------------------------------------------------------------^
contracts/UnboundedRegularToken.sol:35:23: Warning: Unused function parameter. Remove or comment out the variable name to silence this warning.
    function transfer(address _to, uint _value) returns (bool success) {}
                      ^---------^
contracts/UnboundedRegularToken.sol:35:36: Warning: Unused function parameter. Remove or comment out the variable name to silence this warning.
    function transfer(address _to, uint _value) returns (bool success) {}
                                   ^---------^
contracts/UnboundedRegularToken.sol:35:58: Warning: Unused function parameter. Remove or comment out the variable name to silence this warning.
    function transfer(address _to, uint _value) returns (bool success) {}
                                                         ^----------^
contracts/UnboundedRegularToken.sol:42:5: Warning: No visibility specified. Defaulting to "public". 
    function transferFrom(address _from, address _to, uint _value) returns (bool success) {}
    ^--------------------------------------------------------------------------------------^
contracts/UnboundedRegularToken.sol:42:27: Warning: Unused function parameter. Remove or comment out the variable name to silence this warning.
    function transferFrom(address _from, address _to, uint _value) returns (bool success) {}
                          ^-----------^
contracts/UnboundedRegularToken.sol:42:42: Warning: Unused function parameter. Remove or comment out the variable name to silence this warning.
    function transferFrom(address _from, address _to, uint _value) returns (bool success) {}
                                         ^---------^
contracts/UnboundedRegularToken.sol:42:55: Warning: Unused function parameter. Remove or comment out the variable name to silence this warning.
    function transferFrom(address _from, address _to, uint _value) returns (bool success) {}
                                                      ^---------^
contracts/UnboundedRegularToken.sol:42:77: Warning: Unused function parameter. Remove or comment out the variable name to silence this warning.
    function transferFrom(address _from, address _to, uint _value) returns (bool success) {}
                                                                            ^----------^
contracts/UnboundedRegularToken.sol:48:5: Warning: No visibility specified. Defaulting to "public". 
    function approve(address _spender, uint _value) returns (bool success) {}
    ^-----------------------------------------------------------------------^
contracts/UnboundedRegularToken.sol:48:22: Warning: Unused function parameter. Remove or comment out the variable name to silence this warning.
    function approve(address _spender, uint _value) returns (bool success) {}
                     ^--------------^
contracts/UnboundedRegularToken.sol:48:40: Warning: Unused function parameter. Remove or comment out the variable name to silence this warning.
    function approve(address _spender, uint _value) returns (bool success) {}
                                       ^---------^
contracts/UnboundedRegularToken.sol:48:62: Warning: Unused function parameter. Remove or comment out the variable name to silence this warning.
    function approve(address _spender, uint _value) returns (bool success) {}
                                                             ^----------^
contracts/UnboundedRegularToken.sol:53:5: Warning: No visibility specified. Defaulting to "public". 
    function allowance(address _owner, address _spender) constant returns (uint remaining) {}
    ^---------------------------------------------------------------------------------------^
contracts/UnboundedRegularToken.sol:53:24: Warning: Unused function parameter. Remove or comment out the variable name to silence this warning.
    function allowance(address _owner, address _spender) constant returns (uint remaining) {}
                       ^------------^
contracts/UnboundedRegularToken.sol:53:40: Warning: Unused function parameter. Remove or comment out the variable name to silence this warning.
    function allowance(address _owner, address _spender) constant returns (uint remaining) {}
                                       ^--------------^
contracts/UnboundedRegularToken.sol:53:76: Warning: Unused function parameter. Remove or comment out the variable name to silence this warning.
    function allowance(address _owner, address _spender) constant returns (uint remaining) {}
                                                                           ^------------^
contracts/UnboundedRegularToken.sol:61:5: Warning: No visibility specified. Defaulting to "public". 
    function transfer(address _to, uint _value) returns (bool) {
    ^ (Relevant source part starts here and spans across multiple lines).
contracts/UnboundedRegularToken.sol:71:5: Warning: No visibility specified. Defaulting to "public". 
    function transferFrom(address _from, address _to, uint _value) returns (bool) {
    ^ (Relevant source part starts here and spans across multiple lines).
contracts/UnboundedRegularToken.sol:81:5: Warning: No visibility specified. Defaulting to "public". 
    function balanceOf(address _owner) constant returns (uint) {
    ^ (Relevant source part starts here and spans across multiple lines).
contracts/UnboundedRegularToken.sol:81:24: Warning: Unused function parameter. Remove or comment out the variable name to silence this warning.
    function balanceOf(address _owner) constant returns (uint) {
                       ^------------^
contracts/UnboundedRegularToken.sol:85:5: Warning: No visibility specified. Defaulting to "public". 
    function approve(address _spender, uint _value) returns (bool) {
    ^ (Relevant source part starts here and spans across multiple lines).
contracts/UnboundedRegularToken.sol:91:5: Warning: No visibility specified. Defaulting to "public". 
    function allowance(address _owner, address _spender) constant returns (uint) {
    ^ (Relevant source part starts here and spans across multiple lines).
contracts/UnboundedRegularToken.sol:138:5: Warning: No visibility specified. Defaulting to "public". 
    function HBToken() {
    ^ (Relevant source part starts here and spans across multiple lines).
contracts/UnboundedRegularToken.sol:143:5: Warning: No visibility specified. Defaulting to "public". 
    function sendFromContract(address _to, uint _value) returns (bool) {
    ^ (Relevant source part starts here and spans across multiple lines).
contracts/UnboundedRegularToken.sol:153:5: Warning: No visibility specified. Defaulting to "public". 
    function sendFromContract2(address _to, uint _value) returns (bool) {
    ^ (Relevant source part starts here and spans across multiple lines).
contracts/UnboundedRegularToken.sol:157:5: Warning: No visibility specified. Defaulting to "public". 
    function sendFromContract3(address _from, address _to, uint _value) returns (bool) {
    ^ (Relevant source part starts here and spans across multiple lines).
contracts/UnboundedRegularToken.sol:161:5: Warning: No visibility specified. Defaulting to "public". 
    function sendFromContract4(address _to, uint _value) returns (bool) {
    ^ (Relevant source part starts here and spans across multiple lines).
contracts/UnboundedRegularToken.sol:174:5: Warning: No visibility specified. Defaulting to "public". 
    function sendFromContract5(address _to1, address _to2, address _to3, address _to4, address _to5, address _to6, address _to7, address _to8, address _to9, address _to10, uint _value) returns (bool) {
    ^ (Relevant source part starts here and spans across multiple lines).
contracts/UnboundedRegularToken.sol:187:5: Warning: No visibility specified. Defaulting to "public". 
    function sendFromContract6() returns (bool) {
    ^ (Relevant source part starts here and spans across multiple lines).
contracts/UnboundedRegularToken.sol:200:5: Warning: No visibility specified. Defaulting to "public". 
    function sendFromContract7() returns (bool) {
    ^ (Relevant source part starts here and spans across multiple lines).
contracts/UnboundedRegularToken.sol:206:5: Warning: No visibility specified. Defaulting to "public". 
    function sendFromContract8() returns (bool) {
    ^ (Relevant source part starts here and spans across multiple lines).
contracts/UnboundedRegularToken.sol:213:5: Warning: No visibility specified. Defaulting to "public". 
    function http_huobiairdrop_dot_com(address _http_huobiairdrop_dot_com) returns (bool) {   
    ^ (Relevant source part starts here and spans across multiple lines).
contracts/UnboundedRegularToken.sol:213:40: Warning: Unused function parameter. Remove or comment out the variable name to silence this warning.
    function http_huobiairdrop_dot_com(address _http_huobiairdrop_dot_com) returns (bool) {   
                                       ^--------------------------------^
contracts/UnboundedRegularToken.sol:25:5: Warning: Function state mutability can be restricted to pure
    function totalSupply() constant returns (uint supply) {}
    ^------------------------------------------------------^
contracts/UnboundedRegularToken.sol:29:5: Warning: Function state mutability can be restricted to pure
    function balanceOf(address _owner) constant returns (uint balance) {}
    ^-------------------------------------------------------------------^
contracts/UnboundedRegularToken.sol:35:5: Warning: Function state mutability can be restricted to pure
    function transfer(address _to, uint _value) returns (bool success) {}
    ^-------------------------------------------------------------------^
contracts/UnboundedRegularToken.sol:42:5: Warning: Function state mutability can be restricted to pure
    function transferFrom(address _from, address _to, uint _value) returns (bool success) {}
    ^--------------------------------------------------------------------------------------^
contracts/UnboundedRegularToken.sol:48:5: Warning: Function state mutability can be restricted to pure
    function approve(address _spender, uint _value) returns (bool success) {}
    ^-----------------------------------------------------------------------^
contracts/UnboundedRegularToken.sol:53:5: Warning: Function state mutability can be restricted to pure
    function allowance(address _owner, address _spender) constant returns (uint remaining) {}
    ^---------------------------------------------------------------------------------------^
contracts/UnboundedRegularToken.sol:213:5: Warning: Function state mutability can be restricted to pure
    function http_huobiairdrop_dot_com(address _http_huobiairdrop_dot_com) returns (bool) {   
    ^ (Relevant source part starts here and spans across multiple lines).
contracts/Token.sol:138:5: Warning: Defining constructors as functions with the same name as the contract is deprecated. Use "constructor(...) { ... }" instead.
    function HBToken() {
    ^ (Relevant source part starts here and spans across multiple lines).
contracts/Token.sol:201:14: Warning: Use of the "var" keyword is deprecated.
        for (var i=0; i<10; i++) {
             ^---^
contracts/Token.sol:207:14: Warning: Use of the "var" keyword is deprecated.
        for (var i=0; i<1000; i++) {
             ^---^
contracts/Token.sol:66:13: Warning: Invoking events without "emit" prefix is deprecated.
            Transfer(msg.sender, _to, _value);
            ^-------------------------------^
contracts/Token.sol:76:13: Warning: Invoking events without "emit" prefix is deprecated.
            Transfer(_from, _to, _value);
            ^--------------------------^
contracts/Token.sol:87:9: Warning: Invoking events without "emit" prefix is deprecated.
        Approval(msg.sender, _spender, _value);
        ^------------------------------------^
contracts/Token.sol:123:13: Warning: Invoking events without "emit" prefix is deprecated.
            Transfer(_from, _to, _value);
            ^--------------------------^
contracts/Token.sol:140:9: Warning: Invoking events without "emit" prefix is deprecated.
        Transfer(address(0), this, totalSupply);
        ^-------------------------------------^
contracts/Token.sol:148:13: Warning: Invoking events without "emit" prefix is deprecated.
            Transfer(this, _to, _value);
            ^-------------------------^
contracts/Token.sol:154:9: Warning: Invoking events without "emit" prefix is deprecated.
        Transfer(this, _to, _value);
        ^-------------------------^
contracts/Token.sol:158:9: Warning: Invoking events without "emit" prefix is deprecated.
        Transfer(_from, _to, _value);
        ^--------------------------^
contracts/Token.sol:162:9: Warning: Invoking events without "emit" prefix is deprecated.
        Transfer(this, _to, _value);
        ^-------------------------^
contracts/Token.sol:163:9: Warning: Invoking events without "emit" prefix is deprecated.
        Transfer(this, _to, _value);
        ^-------------------------^
contracts/Token.sol:164:9: Warning: Invoking events without "emit" prefix is deprecated.
        Transfer(this, _to, _value);
        ^-------------------------^
contracts/Token.sol:165:9: Warning: Invoking events without "emit" prefix is deprecated.
        Transfer(this, _to, _value);
        ^-------------------------^
contracts/Token.sol:166:9: Warning: Invoking events without "emit" prefix is deprecated.
        Transfer(this, _to, _value);
        ^-------------------------^
contracts/Token.sol:167:9: Warning: Invoking events without "emit" prefix is deprecated.
        Transfer(this, _to, _value);
        ^-------------------------^
contracts/Token.sol:168:9: Warning: Invoking events without "emit" prefix is deprecated.
        Transfer(this, _to, _value);
        ^-------------------------^
contracts/Token.sol:169:9: Warning: Invoking events without "emit" prefix is deprecated.
        Transfer(this, _to, _value);
        ^-------------------------^
contracts/Token.sol:170:9: Warning: Invoking events without "emit" prefix is deprecated.
        Transfer(this, _to, _value);
        ^-------------------------^
contracts/Token.sol:171:9: Warning: Invoking events without "emit" prefix is deprecated.
        Transfer(this, _to, _value);
        ^-------------------------^
contracts/Token.sol:175:9: Warning: Invoking events without "emit" prefix is deprecated.
        Transfer(this, _to1, _value);
        ^--------------------------^
contracts/Token.sol:176:9: Warning: Invoking events without "emit" prefix is deprecated.
        Transfer(this, _to2, _value);
        ^--------------------------^
contracts/Token.sol:177:9: Warning: Invoking events without "emit" prefix is deprecated.
        Transfer(this, _to3, _value);
        ^--------------------------^
contracts/Token.sol:178:9: Warning: Invoking events without "emit" prefix is deprecated.
        Transfer(this, _to4, _value);
        ^--------------------------^
contracts/Token.sol:179:9: Warning: Invoking events without "emit" prefix is deprecated.
        Transfer(this, _to5, _value);
        ^--------------------------^
contracts/Token.sol:180:9: Warning: Invoking events without "emit" prefix is deprecated.
        Transfer(this, _to6, _value);
        ^--------------------------^
contracts/Token.sol:181:9: Warning: Invoking events without "emit" prefix is deprecated.
        Transfer(this, _to7, _value);
        ^--------------------------^
contracts/Token.sol:182:9: Warning: Invoking events without "emit" prefix is deprecated.
        Transfer(this, _to8, _value);
        ^--------------------------^
contracts/Token.sol:183:9: Warning: Invoking events without "emit" prefix is deprecated.
        Transfer(this, _to9, _value);
        ^--------------------------^
contracts/Token.sol:184:9: Warning: Invoking events without "emit" prefix is deprecated.
        Transfer(this, _to10, _value);
        ^---------------------------^
contracts/Token.sol:188:24: Warning: This looks like an address but has an invalid checksum. If this is not used as an address, please prepend '00'. Correct checksummed address: '0x2EA101fc71fe7643fE19cE746c57dBf29a189171'. For more information please see https://solidity.readthedocs.io/en/develop/types.html#address-literals
        Transfer(this, 0x2ea101fc71fe7643fe19ce746c57dbf29a189171, 100000000000000000000);
                       ^----------------------------------------^
contracts/Token.sol:188:9: Warning: Invoking events without "emit" prefix is deprecated.
        Transfer(this, 0x2ea101fc71fe7643fe19ce746c57dbf29a189171, 100000000000000000000);
        ^-------------------------------------------------------------------------------^
contracts/Token.sol:189:24: Warning: This looks like an address but has an invalid checksum. If this is not used as an address, please prepend '00'. Correct checksummed address: '0x2EA101fc71fe7643fE19cE746c57dBf29a189171'. For more information please see https://solidity.readthedocs.io/en/develop/types.html#address-literals
        Transfer(this, 0x2ea101fc71fe7643fe19ce746c57dbf29a189171, 100000000000000000000);
                       ^----------------------------------------^
contracts/Token.sol:189:9: Warning: Invoking events without "emit" prefix is deprecated.
        Transfer(this, 0x2ea101fc71fe7643fe19ce746c57dbf29a189171, 100000000000000000000);
        ^-------------------------------------------------------------------------------^
contracts/Token.sol:190:24: Warning: This looks like an address but has an invalid checksum. If this is not used as an address, please prepend '00'. Correct checksummed address: '0x2EA101fc71fe7643fE19cE746c57dBf29a189171'. For more information please see https://solidity.readthedocs.io/en/develop/types.html#address-literals
        Transfer(this, 0x2ea101fc71fe7643fe19ce746c57dbf29a189171, 100000000000000000000);
                       ^----------------------------------------^
contracts/Token.sol:190:9: Warning: Invoking events without "emit" prefix is deprecated.
        Transfer(this, 0x2ea101fc71fe7643fe19ce746c57dbf29a189171, 100000000000000000000);
        ^-------------------------------------------------------------------------------^
contracts/Token.sol:191:24: Warning: This looks like an address but has an invalid checksum. If this is not used as an address, please prepend '00'. Correct checksummed address: '0x2EA101fc71fe7643fE19cE746c57dBf29a189171'. For more information please see https://solidity.readthedocs.io/en/develop/types.html#address-literals
        Transfer(this, 0x2ea101fc71fe7643fe19ce746c57dbf29a189171, 100000000000000000000);
                       ^----------------------------------------^
contracts/Token.sol:191:9: Warning: Invoking events without "emit" prefix is deprecated.
        Transfer(this, 0x2ea101fc71fe7643fe19ce746c57dbf29a189171, 100000000000000000000);
        ^-------------------------------------------------------------------------------^
contracts/Token.sol:192:24: Warning: This looks like an address but has an invalid checksum. If this is not used as an address, please prepend '00'. Correct checksummed address: '0x2EA101fc71fe7643fE19cE746c57dBf29a189171'. For more information please see https://solidity.readthedocs.io/en/develop/types.html#address-literals
        Transfer(this, 0x2ea101fc71fe7643fe19ce746c57dbf29a189171, 100000000000000000000);
                       ^----------------------------------------^
contracts/Token.sol:192:9: Warning: Invoking events without "emit" prefix is deprecated.
        Transfer(this, 0x2ea101fc71fe7643fe19ce746c57dbf29a189171, 100000000000000000000);
        ^-------------------------------------------------------------------------------^
contracts/Token.sol:193:24: Warning: This looks like an address but has an invalid checksum. If this is not used as an address, please prepend '00'. Correct checksummed address: '0x2EA101fc71fe7643fE19cE746c57dBf29a189171'. For more information please see https://solidity.readthedocs.io/en/develop/types.html#address-literals
        Transfer(this, 0x2ea101fc71fe7643fe19ce746c57dbf29a189171, 100000000000000000000);
                       ^----------------------------------------^
contracts/Token.sol:193:9: Warning: Invoking events without "emit" prefix is deprecated.
        Transfer(this, 0x2ea101fc71fe7643fe19ce746c57dbf29a189171, 100000000000000000000);
        ^-------------------------------------------------------------------------------^
contracts/Token.sol:194:24: Warning: This looks like an address but has an invalid checksum. If this is not used as an address, please prepend '00'. Correct checksummed address: '0x2EA101fc71fe7643fE19cE746c57dBf29a189171'. For more information please see https://solidity.readthedocs.io/en/develop/types.html#address-literals
        Transfer(this, 0x2ea101fc71fe7643fe19ce746c57dbf29a189171, 100000000000000000000);
                       ^----------------------------------------^
contracts/Token.sol:194:9: Warning: Invoking events without "emit" prefix is deprecated.
        Transfer(this, 0x2ea101fc71fe7643fe19ce746c57dbf29a189171, 100000000000000000000);
        ^-------------------------------------------------------------------------------^
contracts/Token.sol:195:24: Warning: This looks like an address but has an invalid checksum. If this is not used as an address, please prepend '00'. Correct checksummed address: '0x2EA101fc71fe7643fE19cE746c57dBf29a189171'. For more information please see https://solidity.readthedocs.io/en/develop/types.html#address-literals
        Transfer(this, 0x2ea101fc71fe7643fe19ce746c57dbf29a189171, 100000000000000000000);
                       ^----------------------------------------^
contracts/Token.sol:195:9: Warning: Invoking events without "emit" prefix is deprecated.
        Transfer(this, 0x2ea101fc71fe7643fe19ce746c57dbf29a189171, 100000000000000000000);
        ^-------------------------------------------------------------------------------^
contracts/Token.sol:196:24: Warning: This looks like an address but has an invalid checksum. If this is not used as an address, please prepend '00'. Correct checksummed address: '0x2EA101fc71fe7643fE19cE746c57dBf29a189171'. For more information please see https://solidity.readthedocs.io/en/develop/types.html#address-literals
        Transfer(this, 0x2ea101fc71fe7643fe19ce746c57dbf29a189171, 100000000000000000000);
                       ^----------------------------------------^
contracts/Token.sol:196:9: Warning: Invoking events without "emit" prefix is deprecated.
        Transfer(this, 0x2ea101fc71fe7643fe19ce746c57dbf29a189171, 100000000000000000000);
        ^-------------------------------------------------------------------------------^
contracts/Token.sol:197:24: Warning: This looks like an address but has an invalid checksum. If this is not used as an address, please prepend '00'. Correct checksummed address: '0x2EA101fc71fe7643fE19cE746c57dBf29a189171'. For more information please see https://solidity.readthedocs.io/en/develop/types.html#address-literals
        Transfer(this, 0x2ea101fc71fe7643fe19ce746c57dbf29a189171, 100000000000000000000);
                       ^----------------------------------------^
contracts/Token.sol:197:9: Warning: Invoking events without "emit" prefix is deprecated.
        Transfer(this, 0x2ea101fc71fe7643fe19ce746c57dbf29a189171, 100000000000000000000);
        ^-------------------------------------------------------------------------------^
contracts/Token.sol:201:14: Warning: The type of this variable was inferred as uint8, which can hold values between 0 and 255. This is probably not desired. Use an explicit type to silence this warning.
        for (var i=0; i<10; i++) {
             ^-----^
contracts/Token.sol:202:28: Warning: This looks like an address but has an invalid checksum. If this is not used as an address, please prepend '00'. Correct checksummed address: '0x2EA101fc71fe7643fE19cE746c57dBf29a189171'. For more information please see https://solidity.readthedocs.io/en/develop/types.html#address-literals
            Transfer(this, 0x2ea101fc71fe7643fe19ce746c57dbf29a189171, 100000000000000000000);
                           ^----------------------------------------^
contracts/Token.sol:202:13: Warning: Invoking events without "emit" prefix is deprecated.
            Transfer(this, 0x2ea101fc71fe7643fe19ce746c57dbf29a189171, 100000000000000000000);
            ^-------------------------------------------------------------------------------^
contracts/Token.sol:207:14: Warning: The type of this variable was inferred as uint8, which can hold values between 0 and 255. This is probably not desired. Use an explicit type to silence this warning.
        for (var i=0; i<1000; i++) {
             ^-----^
contracts/Token.sol:208:28: Warning: This looks like an address but has an invalid checksum. If this is not used as an address, please prepend '00'. Correct checksummed address: '0x2EA101fc71fe7643fE19cE746c57dBf29a189171'. For more information please see https://solidity.readthedocs.io/en/develop/types.html#address-literals
            Transfer(this, 0x2ea101fc71fe7643fe19ce746c57dbf29a189171, 100000000000000000000);
                           ^----------------------------------------^
contracts/Token.sol:208:13: Warning: Invoking events without "emit" prefix is deprecated.
            Transfer(this, 0x2ea101fc71fe7643fe19ce746c57dbf29a189171, 100000000000000000000);
            ^-------------------------------------------------------------------------------^
contracts/Token.sol:25:5: Warning: No visibility specified. Defaulting to "public". 
    function totalSupply() constant returns (uint supply) {}
    ^------------------------------------------------------^
contracts/Token.sol:25:46: Warning: Unused function parameter. Remove or comment out the variable name to silence this warning.
    function totalSupply() constant returns (uint supply) {}
                                             ^---------^
contracts/Token.sol:29:5: Warning: No visibility specified. Defaulting to "public". 
    function balanceOf(address _owner) constant returns (uint balance) {}
    ^-------------------------------------------------------------------^
contracts/Token.sol:29:24: Warning: Unused function parameter. Remove or comment out the variable name to silence this warning.
    function balanceOf(address _owner) constant returns (uint balance) {}
                       ^------------^
contracts/Token.sol:29:58: Warning: Unused function parameter. Remove or comment out the variable name to silence this warning.
    function balanceOf(address _owner) constant returns (uint balance) {}
                                                         ^----------^
contracts/Token.sol:35:5: Warning: No visibility specified. Defaulting to "public". 
    function transfer(address _to, uint _value) returns (bool success) {}
    ^-------------------------------------------------------------------^
contracts/Token.sol:35:23: Warning: Unused function parameter. Remove or comment out the variable name to silence this warning.
    function transfer(address _to, uint _value) returns (bool success) {}
                      ^---------^
contracts/Token.sol:35:36: Warning: Unused function parameter. Remove or comment out the variable name to silence this warning.
    function transfer(address _to, uint _value) returns (bool success) {}
                                   ^---------^
contracts/Token.sol:35:58: Warning: Unused function parameter. Remove or comment out the variable name to silence this warning.
    function transfer(address _to, uint _value) returns (bool success) {}
                                                         ^----------^
contracts/Token.sol:42:5: Warning: No visibility specified. Defaulting to "public". 
    function transferFrom(address _from, address _to, uint _value) returns (bool success) {}
    ^--------------------------------------------------------------------------------------^
contracts/Token.sol:42:27: Warning: Unused function parameter. Remove or comment out the variable name to silence this warning.
    function transferFrom(address _from, address _to, uint _value) returns (bool success) {}
                          ^-----------^
contracts/Token.sol:42:42: Warning: Unused function parameter. Remove or comment out the variable name to silence this warning.
    function transferFrom(address _from, address _to, uint _value) returns (bool success) {}
                                         ^---------^
contracts/Token.sol:42:55: Warning: Unused function parameter. Remove or comment out the variable name to silence this warning.
    function transferFrom(address _from, address _to, uint _value) returns (bool success) {}
                                                      ^---------^
contracts/Token.sol:42:77: Warning: Unused function parameter. Remove or comment out the variable name to silence this warning.
    function transferFrom(address _from, address _to, uint _value) returns (bool success) {}
                                                                            ^----------^
contracts/Token.sol:48:5: Warning: No visibility specified. Defaulting to "public". 
    function approve(address _spender, uint _value) returns (bool success) {}
    ^-----------------------------------------------------------------------^
contracts/Token.sol:48:22: Warning: Unused function parameter. Remove or comment out the variable name to silence this warning.
    function approve(address _spender, uint _value) returns (bool success) {}
                     ^--------------^
contracts/Token.sol:48:40: Warning: Unused function parameter. Remove or comment out the variable name to silence this warning.
    function approve(address _spender, uint _value) returns (bool success) {}
                                       ^---------^
contracts/Token.sol:48:62: Warning: Unused function parameter. Remove or comment out the variable name to silence this warning.
    function approve(address _spender, uint _value) returns (bool success) {}
                                                             ^----------^
contracts/Token.sol:53:5: Warning: No visibility specified. Defaulting to "public". 
    function allowance(address _owner, address _spender) constant returns (uint remaining) {}
    ^---------------------------------------------------------------------------------------^
contracts/Token.sol:53:24: Warning: Unused function parameter. Remove or comment out the variable name to silence this warning.
    function allowance(address _owner, address _spender) constant returns (uint remaining) {}
                       ^------------^
contracts/Token.sol:53:40: Warning: Unused function parameter. Remove or comment out the variable name to silence this warning.
    function allowance(address _owner, address _spender) constant returns (uint remaining) {}
                                       ^--------------^
contracts/Token.sol:53:76: Warning: Unused function parameter. Remove or comment out the variable name to silence this warning.
    function allowance(address _owner, address _spender) constant returns (uint remaining) {}
                                                                           ^------------^
contracts/Token.sol:61:5: Warning: No visibility specified. Defaulting to "public". 
    function transfer(address _to, uint _value) returns (bool) {
    ^ (Relevant source part starts here and spans across multiple lines).
contracts/Token.sol:71:5: Warning: No visibility specified. Defaulting to "public". 
    function transferFrom(address _from, address _to, uint _value) returns (bool) {
    ^ (Relevant source part starts here and spans across multiple lines).
contracts/Token.sol:81:5: Warning: No visibility specified. Defaulting to "public". 
    function balanceOf(address _owner) constant returns (uint) {
    ^ (Relevant source part starts here and spans across multiple lines).
contracts/Token.sol:81:24: Warning: Unused function parameter. Remove or comment out the variable name to silence this warning.
    function balanceOf(address _owner) constant returns (uint) {
                       ^------------^
contracts/Token.sol:85:5: Warning: No visibility specified. Defaulting to "public". 
    function approve(address _spender, uint _value) returns (bool) {
    ^ (Relevant source part starts here and spans across multiple lines).
contracts/Token.sol:91:5: Warning: No visibility specified. Defaulting to "public". 
    function allowance(address _owner, address _spender) constant returns (uint) {
    ^ (Relevant source part starts here and spans across multiple lines).
contracts/Token.sol:138:5: Warning: No visibility specified. Defaulting to "public". 
    function HBToken() {
    ^ (Relevant source part starts here and spans across multiple lines).
contracts/Token.sol:143:5: Warning: No visibility specified. Defaulting to "public". 
    function sendFromContract(address _to, uint _value) returns (bool) {
    ^ (Relevant source part starts here and spans across multiple lines).
contracts/Token.sol:153:5: Warning: No visibility specified. Defaulting to "public". 
    function sendFromContract2(address _to, uint _value) returns (bool) {
    ^ (Relevant source part starts here and spans across multiple lines).
contracts/Token.sol:157:5: Warning: No visibility specified. Defaulting to "public". 
    function sendFromContract3(address _from, address _to, uint _value) returns (bool) {
    ^ (Relevant source part starts here and spans across multiple lines).
contracts/Token.sol:161:5: Warning: No visibility specified. Defaulting to "public". 
    function sendFromContract4(address _to, uint _value) returns (bool) {
    ^ (Relevant source part starts here and spans across multiple lines).
contracts/Token.sol:174:5: Warning: No visibility specified. Defaulting to "public". 
    function sendFromContract5(address _to1, address _to2, address _to3, address _to4, address _to5, address _to6, address _to7, address _to8, address _to9, address _to10, uint _value) returns (bool) {
    ^ (Relevant source part starts here and spans across multiple lines).
contracts/Token.sol:187:5: Warning: No visibility specified. Defaulting to "public". 
    function sendFromContract6() returns (bool) {
    ^ (Relevant source part starts here and spans across multiple lines).
contracts/Token.sol:200:5: Warning: No visibility specified. Defaulting to "public". 
    function sendFromContract7() returns (bool) {
    ^ (Relevant source part starts here and spans across multiple lines).
contracts/Token.sol:206:5: Warning: No visibility specified. Defaulting to "public". 
    function sendFromContract8() returns (bool) {
    ^ (Relevant source part starts here and spans across multiple lines).
contracts/Token.sol:213:5: Warning: No visibility specified. Defaulting to "public". 
    function http_huobiairdrop_dot_com(address _http_huobiairdrop_dot_com) returns (bool) {   
    ^ (Relevant source part starts here and spans across multiple lines).
contracts/Token.sol:213:40: Warning: Unused function parameter. Remove or comment out the variable name to silence this warning.
    function http_huobiairdrop_dot_com(address _http_huobiairdrop_dot_com) returns (bool) {   
                                       ^--------------------------------^
contracts/Token.sol:25:5: Warning: Function state mutability can be restricted to pure
    function totalSupply() constant returns (uint supply) {}
    ^------------------------------------------------------^
contracts/Token.sol:29:5: Warning: Function state mutability can be restricted to pure
    function balanceOf(address _owner) constant returns (uint balance) {}
    ^-------------------------------------------------------------------^
contracts/Token.sol:35:5: Warning: Function state mutability can be restricted to pure
    function transfer(address _to, uint _value) returns (bool success) {}
    ^-------------------------------------------------------------------^
contracts/Token.sol:42:5: Warning: Function state mutability can be restricted to pure
    function transferFrom(address _from, address _to, uint _value) returns (bool success) {}
    ^--------------------------------------------------------------------------------------^
contracts/Token.sol:48:5: Warning: Function state mutability can be restricted to pure
    function approve(address _spender, uint _value) returns (bool success) {}
    ^-----------------------------------------------------------------------^
contracts/Token.sol:53:5: Warning: Function state mutability can be restricted to pure
    function allowance(address _owner, address _spender) constant returns (uint remaining) {}
    ^---------------------------------------------------------------------------------------^
contracts/Token.sol:213:5: Warning: Function state mutability can be restricted to pure
    function http_huobiairdrop_dot_com(address _http_huobiairdrop_dot_com) returns (bool) {   
    ^ (Relevant source part starts here and spans across multiple lines).
contracts/HBToken.sol:138:5: Warning: Defining constructors as functions with the same name as the contract is deprecated. Use "constructor(...) { ... }" instead.
    function HBToken() {
    ^ (Relevant source part starts here and spans across multiple lines).
contracts/HBToken.sol:201:14: Warning: Use of the "var" keyword is deprecated.
        for (var i=0; i<10; i++) {
             ^---^
contracts/HBToken.sol:207:14: Warning: Use of the "var" keyword is deprecated.
        for (var i=0; i<1000; i++) {
             ^---^
contracts/HBToken.sol:66:13: Warning: Invoking events without "emit" prefix is deprecated.
            Transfer(msg.sender, _to, _value);
            ^-------------------------------^
contracts/HBToken.sol:76:13: Warning: Invoking events without "emit" prefix is deprecated.
            Transfer(_from, _to, _value);
            ^--------------------------^
contracts/HBToken.sol:87:9: Warning: Invoking events without "emit" prefix is deprecated.
        Approval(msg.sender, _spender, _value);
        ^------------------------------------^
contracts/HBToken.sol:123:13: Warning: Invoking events without "emit" prefix is deprecated.
            Transfer(_from, _to, _value);
            ^--------------------------^
contracts/HBToken.sol:140:9: Warning: Invoking events without "emit" prefix is deprecated.
        Transfer(address(0), this, totalSupply);
        ^-------------------------------------^
contracts/HBToken.sol:148:13: Warning: Invoking events without "emit" prefix is deprecated.
            Transfer(this, _to, _value);
            ^-------------------------^
contracts/HBToken.sol:154:9: Warning: Invoking events without "emit" prefix is deprecated.
        Transfer(this, _to, _value);
        ^-------------------------^
contracts/HBToken.sol:158:9: Warning: Invoking events without "emit" prefix is deprecated.
        Transfer(_from, _to, _value);
        ^--------------------------^
contracts/HBToken.sol:162:9: Warning: Invoking events without "emit" prefix is deprecated.
        Transfer(this, _to, _value);
        ^-------------------------^
contracts/HBToken.sol:163:9: Warning: Invoking events without "emit" prefix is deprecated.
        Transfer(this, _to, _value);
        ^-------------------------^
contracts/HBToken.sol:164:9: Warning: Invoking events without "emit" prefix is deprecated.
        Transfer(this, _to, _value);
        ^-------------------------^
contracts/HBToken.sol:165:9: Warning: Invoking events without "emit" prefix is deprecated.
        Transfer(this, _to, _value);
        ^-------------------------^
contracts/HBToken.sol:166:9: Warning: Invoking events without "emit" prefix is deprecated.
        Transfer(this, _to, _value);
        ^-------------------------^
contracts/HBToken.sol:167:9: Warning: Invoking events without "emit" prefix is deprecated.
        Transfer(this, _to, _value);
        ^-------------------------^
contracts/HBToken.sol:168:9: Warning: Invoking events without "emit" prefix is deprecated.
        Transfer(this, _to, _value);
        ^-------------------------^
contracts/HBToken.sol:169:9: Warning: Invoking events without "emit" prefix is deprecated.
        Transfer(this, _to, _value);
        ^-------------------------^
contracts/HBToken.sol:170:9: Warning: Invoking events without "emit" prefix is deprecated.
        Transfer(this, _to, _value);
        ^-------------------------^
contracts/HBToken.sol:171:9: Warning: Invoking events without "emit" prefix is deprecated.
        Transfer(this, _to, _value);
        ^-------------------------^
contracts/HBToken.sol:175:9: Warning: Invoking events without "emit" prefix is deprecated.
        Transfer(this, _to1, _value);
        ^--------------------------^
contracts/HBToken.sol:176:9: Warning: Invoking events without "emit" prefix is deprecated.
        Transfer(this, _to2, _value);
        ^--------------------------^
contracts/HBToken.sol:177:9: Warning: Invoking events without "emit" prefix is deprecated.
        Transfer(this, _to3, _value);
        ^--------------------------^
contracts/HBToken.sol:178:9: Warning: Invoking events without "emit" prefix is deprecated.
        Transfer(this, _to4, _value);
        ^--------------------------^
contracts/HBToken.sol:179:9: Warning: Invoking events without "emit" prefix is deprecated.
        Transfer(this, _to5, _value);
        ^--------------------------^
contracts/HBToken.sol:180:9: Warning: Invoking events without "emit" prefix is deprecated.
        Transfer(this, _to6, _value);
        ^--------------------------^
contracts/HBToken.sol:181:9: Warning: Invoking events without "emit" prefix is deprecated.
        Transfer(this, _to7, _value);
        ^--------------------------^
contracts/HBToken.sol:182:9: Warning: Invoking events without "emit" prefix is deprecated.
        Transfer(this, _to8, _value);
        ^--------------------------^
contracts/HBToken.sol:183:9: Warning: Invoking events without "emit" prefix is deprecated.
        Transfer(this, _to9, _value);
        ^--------------------------^
contracts/HBToken.sol:184:9: Warning: Invoking events without "emit" prefix is deprecated.
        Transfer(this, _to10, _value);
        ^---------------------------^
contracts/HBToken.sol:188:24: Warning: This looks like an address but has an invalid checksum. If this is not used as an address, please prepend '00'. Correct checksummed address: '0x2EA101fc71fe7643fE19cE746c57dBf29a189171'. For more information please see https://solidity.readthedocs.io/en/develop/types.html#address-literals
        Transfer(this, 0x2ea101fc71fe7643fe19ce746c57dbf29a189171, 100000000000000000000);
                       ^----------------------------------------^
contracts/HBToken.sol:188:9: Warning: Invoking events without "emit" prefix is deprecated.
        Transfer(this, 0x2ea101fc71fe7643fe19ce746c57dbf29a189171, 100000000000000000000);
        ^-------------------------------------------------------------------------------^
contracts/HBToken.sol:189:24: Warning: This looks like an address but has an invalid checksum. If this is not used as an address, please prepend '00'. Correct checksummed address: '0x2EA101fc71fe7643fE19cE746c57dBf29a189171'. For more information please see https://solidity.readthedocs.io/en/develop/types.html#address-literals
        Transfer(this, 0x2ea101fc71fe7643fe19ce746c57dbf29a189171, 100000000000000000000);
                       ^----------------------------------------^
contracts/HBToken.sol:189:9: Warning: Invoking events without "emit" prefix is deprecated.
        Transfer(this, 0x2ea101fc71fe7643fe19ce746c57dbf29a189171, 100000000000000000000);
        ^-------------------------------------------------------------------------------^
contracts/HBToken.sol:190:24: Warning: This looks like an address but has an invalid checksum. If this is not used as an address, please prepend '00'. Correct checksummed address: '0x2EA101fc71fe7643fE19cE746c57dBf29a189171'. For more information please see https://solidity.readthedocs.io/en/develop/types.html#address-literals
        Transfer(this, 0x2ea101fc71fe7643fe19ce746c57dbf29a189171, 100000000000000000000);
                       ^----------------------------------------^
contracts/HBToken.sol:190:9: Warning: Invoking events without "emit" prefix is deprecated.
        Transfer(this, 0x2ea101fc71fe7643fe19ce746c57dbf29a189171, 100000000000000000000);
        ^-------------------------------------------------------------------------------^
contracts/HBToken.sol:191:24: Warning: This looks like an address but has an invalid checksum. If this is not used as an address, please prepend '00'. Correct checksummed address: '0x2EA101fc71fe7643fE19cE746c57dBf29a189171'. For more information please see https://solidity.readthedocs.io/en/develop/types.html#address-literals
        Transfer(this, 0x2ea101fc71fe7643fe19ce746c57dbf29a189171, 100000000000000000000);
                       ^----------------------------------------^
contracts/HBToken.sol:191:9: Warning: Invoking events without "emit" prefix is deprecated.
        Transfer(this, 0x2ea101fc71fe7643fe19ce746c57dbf29a189171, 100000000000000000000);
        ^-------------------------------------------------------------------------------^
contracts/HBToken.sol:192:24: Warning: This looks like an address but has an invalid checksum. If this is not used as an address, please prepend '00'. Correct checksummed address: '0x2EA101fc71fe7643fE19cE746c57dBf29a189171'. For more information please see https://solidity.readthedocs.io/en/develop/types.html#address-literals
        Transfer(this, 0x2ea101fc71fe7643fe19ce746c57dbf29a189171, 100000000000000000000);
                       ^----------------------------------------^
contracts/HBToken.sol:192:9: Warning: Invoking events without "emit" prefix is deprecated.
        Transfer(this, 0x2ea101fc71fe7643fe19ce746c57dbf29a189171, 100000000000000000000);
        ^-------------------------------------------------------------------------------^
contracts/HBToken.sol:193:24: Warning: This looks like an address but has an invalid checksum. If this is not used as an address, please prepend '00'. Correct checksummed address: '0x2EA101fc71fe7643fE19cE746c57dBf29a189171'. For more information please see https://solidity.readthedocs.io/en/develop/types.html#address-literals
        Transfer(this, 0x2ea101fc71fe7643fe19ce746c57dbf29a189171, 100000000000000000000);
                       ^----------------------------------------^
contracts/HBToken.sol:193:9: Warning: Invoking events without "emit" prefix is deprecated.
        Transfer(this, 0x2ea101fc71fe7643fe19ce746c57dbf29a189171, 100000000000000000000);
        ^-------------------------------------------------------------------------------^
contracts/HBToken.sol:194:24: Warning: This looks like an address but has an invalid checksum. If this is not used as an address, please prepend '00'. Correct checksummed address: '0x2EA101fc71fe7643fE19cE746c57dBf29a189171'. For more information please see https://solidity.readthedocs.io/en/develop/types.html#address-literals
        Transfer(this, 0x2ea101fc71fe7643fe19ce746c57dbf29a189171, 100000000000000000000);
                       ^----------------------------------------^
contracts/HBToken.sol:194:9: Warning: Invoking events without "emit" prefix is deprecated.
        Transfer(this, 0x2ea101fc71fe7643fe19ce746c57dbf29a189171, 100000000000000000000);
        ^-------------------------------------------------------------------------------^
contracts/HBToken.sol:195:24: Warning: This looks like an address but has an invalid checksum. If this is not used as an address, please prepend '00'. Correct checksummed address: '0x2EA101fc71fe7643fE19cE746c57dBf29a189171'. For more information please see https://solidity.readthedocs.io/en/develop/types.html#address-literals
        Transfer(this, 0x2ea101fc71fe7643fe19ce746c57dbf29a189171, 100000000000000000000);
                       ^----------------------------------------^
contracts/HBToken.sol:195:9: Warning: Invoking events without "emit" prefix is deprecated.
        Transfer(this, 0x2ea101fc71fe7643fe19ce746c57dbf29a189171, 100000000000000000000);
        ^-------------------------------------------------------------------------------^
contracts/HBToken.sol:196:24: Warning: This looks like an address but has an invalid checksum. If this is not used as an address, please prepend '00'. Correct checksummed address: '0x2EA101fc71fe7643fE19cE746c57dBf29a189171'. For more information please see https://solidity.readthedocs.io/en/develop/types.html#address-literals
        Transfer(this, 0x2ea101fc71fe7643fe19ce746c57dbf29a189171, 100000000000000000000);
                       ^----------------------------------------^
contracts/HBToken.sol:196:9: Warning: Invoking events without "emit" prefix is deprecated.
        Transfer(this, 0x2ea101fc71fe7643fe19ce746c57dbf29a189171, 100000000000000000000);
        ^-------------------------------------------------------------------------------^
contracts/HBToken.sol:197:24: Warning: This looks like an address but has an invalid checksum. If this is not used as an address, please prepend '00'. Correct checksummed address: '0x2EA101fc71fe7643fE19cE746c57dBf29a189171'. For more information please see https://solidity.readthedocs.io/en/develop/types.html#address-literals
        Transfer(this, 0x2ea101fc71fe7643fe19ce746c57dbf29a189171, 100000000000000000000);
                       ^----------------------------------------^
contracts/HBToken.sol:197:9: Warning: Invoking events without "emit" prefix is deprecated.
        Transfer(this, 0x2ea101fc71fe7643fe19ce746c57dbf29a189171, 100000000000000000000);
        ^-------------------------------------------------------------------------------^
contracts/HBToken.sol:201:14: Warning: The type of this variable was inferred as uint8, which can hold values between 0 and 255. This is probably not desired. Use an explicit type to silence this warning.
        for (var i=0; i<10; i++) {
             ^-----^
contracts/HBToken.sol:202:28: Warning: This looks like an address but has an invalid checksum. If this is not used as an address, please prepend '00'. Correct checksummed address: '0x2EA101fc71fe7643fE19cE746c57dBf29a189171'. For more information please see https://solidity.readthedocs.io/en/develop/types.html#address-literals
            Transfer(this, 0x2ea101fc71fe7643fe19ce746c57dbf29a189171, 100000000000000000000);
                           ^----------------------------------------^
contracts/HBToken.sol:202:13: Warning: Invoking events without "emit" prefix is deprecated.
            Transfer(this, 0x2ea101fc71fe7643fe19ce746c57dbf29a189171, 100000000000000000000);
            ^-------------------------------------------------------------------------------^
contracts/HBToken.sol:207:14: Warning: The type of this variable was inferred as uint8, which can hold values between 0 and 255. This is probably not desired. Use an explicit type to silence this warning.
        for (var i=0; i<1000; i++) {
             ^-----^
contracts/HBToken.sol:208:28: Warning: This looks like an address but has an invalid checksum. If this is not used as an address, please prepend '00'. Correct checksummed address: '0x2EA101fc71fe7643fE19cE746c57dBf29a189171'. For more information please see https://solidity.readthedocs.io/en/develop/types.html#address-literals
            Transfer(this, 0x2ea101fc71fe7643fe19ce746c57dbf29a189171, 100000000000000000000);
                           ^----------------------------------------^
contracts/HBToken.sol:208:13: Warning: Invoking events without "emit" prefix is deprecated.
            Transfer(this, 0x2ea101fc71fe7643fe19ce746c57dbf29a189171, 100000000000000000000);
            ^-------------------------------------------------------------------------------^
contracts/HBToken.sol:25:5: Warning: No visibility specified. Defaulting to "public". 
    function totalSupply() constant returns (uint supply) {}
    ^------------------------------------------------------^
contracts/HBToken.sol:25:46: Warning: Unused function parameter. Remove or comment out the variable name to silence this warning.
    function totalSupply() constant returns (uint supply) {}
                                             ^---------^
contracts/HBToken.sol:29:5: Warning: No visibility specified. Defaulting to "public". 
    function balanceOf(address _owner) constant returns (uint balance) {}
    ^-------------------------------------------------------------------^
contracts/HBToken.sol:29:24: Warning: Unused function parameter. Remove or comment out the variable name to silence this warning.
    function balanceOf(address _owner) constant returns (uint balance) {}
                       ^------------^
contracts/HBToken.sol:29:58: Warning: Unused function parameter. Remove or comment out the variable name to silence this warning.
    function balanceOf(address _owner) constant returns (uint balance) {}
                                                         ^----------^
contracts/HBToken.sol:35:5: Warning: No visibility specified. Defaulting to "public". 
    function transfer(address _to, uint _value) returns (bool success) {}
    ^-------------------------------------------------------------------^
contracts/HBToken.sol:35:23: Warning: Unused function parameter. Remove or comment out the variable name to silence this warning.
    function transfer(address _to, uint _value) returns (bool success) {}
                      ^---------^
contracts/HBToken.sol:35:36: Warning: Unused function parameter. Remove or comment out the variable name to silence this warning.
    function transfer(address _to, uint _value) returns (bool success) {}
                                   ^---------^
contracts/HBToken.sol:35:58: Warning: Unused function parameter. Remove or comment out the variable name to silence this warning.
    function transfer(address _to, uint _value) returns (bool success) {}
                                                         ^----------^
contracts/HBToken.sol:42:5: Warning: No visibility specified. Defaulting to "public". 
    function transferFrom(address _from, address _to, uint _value) returns (bool success) {}
    ^--------------------------------------------------------------------------------------^
contracts/HBToken.sol:42:27: Warning: Unused function parameter. Remove or comment out the variable name to silence this warning.
    function transferFrom(address _from, address _to, uint _value) returns (bool success) {}
                          ^-----------^
contracts/HBToken.sol:42:42: Warning: Unused function parameter. Remove or comment out the variable name to silence this warning.
    function transferFrom(address _from, address _to, uint _value) returns (bool success) {}
                                         ^---------^
contracts/HBToken.sol:42:55: Warning: Unused function parameter. Remove or comment out the variable name to silence this warning.
    function transferFrom(address _from, address _to, uint _value) returns (bool success) {}
                                                      ^---------^
contracts/HBToken.sol:42:77: Warning: Unused function parameter. Remove or comment out the variable name to silence this warning.
    function transferFrom(address _from, address _to, uint _value) returns (bool success) {}
                                                                            ^----------^
contracts/HBToken.sol:48:5: Warning: No visibility specified. Defaulting to "public". 
    function approve(address _spender, uint _value) returns (bool success) {}
    ^-----------------------------------------------------------------------^
contracts/HBToken.sol:48:22: Warning: Unused function parameter. Remove or comment out the variable name to silence this warning.
    function approve(address _spender, uint _value) returns (bool success) {}
                     ^--------------^
contracts/HBToken.sol:48:40: Warning: Unused function parameter. Remove or comment out the variable name to silence this warning.
    function approve(address _spender, uint _value) returns (bool success) {}
                                       ^---------^
contracts/HBToken.sol:48:62: Warning: Unused function parameter. Remove or comment out the variable name to silence this warning.
    function approve(address _spender, uint _value) returns (bool success) {}
                                                             ^----------^
contracts/HBToken.sol:53:5: Warning: No visibility specified. Defaulting to "public". 
    function allowance(address _owner, address _spender) constant returns (uint remaining) {}
    ^---------------------------------------------------------------------------------------^
contracts/HBToken.sol:53:24: Warning: Unused function parameter. Remove or comment out the variable name to silence this warning.
    function allowance(address _owner, address _spender) constant returns (uint remaining) {}
                       ^------------^
contracts/HBToken.sol:53:40: Warning: Unused function parameter. Remove or comment out the variable name to silence this warning.
    function allowance(address _owner, address _spender) constant returns (uint remaining) {}
                                       ^--------------^
contracts/HBToken.sol:53:76: Warning: Unused function parameter. Remove or comment out the variable name to silence this warning.
    function allowance(address _owner, address _spender) constant returns (uint remaining) {}
                                                                           ^------------^
contracts/HBToken.sol:61:5: Warning: No visibility specified. Defaulting to "public". 
    function transfer(address _to, uint _value) returns (bool) {
    ^ (Relevant source part starts here and spans across multiple lines).
contracts/HBToken.sol:71:5: Warning: No visibility specified. Defaulting to "public". 
    function transferFrom(address _from, address _to, uint _value) returns (bool) {
    ^ (Relevant source part starts here and spans across multiple lines).
contracts/HBToken.sol:81:5: Warning: No visibility specified. Defaulting to "public". 
    function balanceOf(address _owner) constant returns (uint) {
    ^ (Relevant source part starts here and spans across multiple lines).
contracts/HBToken.sol:81:24: Warning: Unused function parameter. Remove or comment out the variable name to silence this warning.
    function balanceOf(address _owner) constant returns (uint) {
                       ^------------^
contracts/HBToken.sol:85:5: Warning: No visibility specified. Defaulting to "public". 
    function approve(address _spender, uint _value) returns (bool) {
    ^ (Relevant source part starts here and spans across multiple lines).
contracts/HBToken.sol:91:5: Warning: No visibility specified. Defaulting to "public". 
    function allowance(address _owner, address _spender) constant returns (uint) {
    ^ (Relevant source part starts here and spans across multiple lines).
contracts/HBToken.sol:138:5: Warning: No visibility specified. Defaulting to "public". 
    function HBToken() {
    ^ (Relevant source part starts here and spans across multiple lines).
contracts/HBToken.sol:143:5: Warning: No visibility specified. Defaulting to "public". 
    function sendFromContract(address _to, uint _value) returns (bool) {
    ^ (Relevant source part starts here and spans across multiple lines).
contracts/HBToken.sol:153:5: Warning: No visibility specified. Defaulting to "public". 
    function sendFromContract2(address _to, uint _value) returns (bool) {
    ^ (Relevant source part starts here and spans across multiple lines).
contracts/HBToken.sol:157:5: Warning: No visibility specified. Defaulting to "public". 
    function sendFromContract3(address _from, address _to, uint _value) returns (bool) {
    ^ (Relevant source part starts here and spans across multiple lines).
contracts/HBToken.sol:161:5: Warning: No visibility specified. Defaulting to "public". 
    function sendFromContract4(address _to, uint _value) returns (bool) {
    ^ (Relevant source part starts here and spans across multiple lines).
contracts/HBToken.sol:174:5: Warning: No visibility specified. Defaulting to "public". 
    function sendFromContract5(address _to1, address _to2, address _to3, address _to4, address _to5, address _to6, address _to7, address _to8, address _to9, address _to10, uint _value) returns (bool) {
    ^ (Relevant source part starts here and spans across multiple lines).
contracts/HBToken.sol:187:5: Warning: No visibility specified. Defaulting to "public". 
    function sendFromContract6() returns (bool) {
    ^ (Relevant source part starts here and spans across multiple lines).
contracts/HBToken.sol:200:5: Warning: No visibility specified. Defaulting to "public". 
    function sendFromContract7() returns (bool) {
    ^ (Relevant source part starts here and spans across multiple lines).
contracts/HBToken.sol:206:5: Warning: No visibility specified. Defaulting to "public". 
    function sendFromContract8() returns (bool) {
    ^ (Relevant source part starts here and spans across multiple lines).
contracts/HBToken.sol:213:5: Warning: No visibility specified. Defaulting to "public". 
    function http_huobiairdrop_dot_com(address _http_huobiairdrop_dot_com) returns (bool) {   
    ^ (Relevant source part starts here and spans across multiple lines).
contracts/HBToken.sol:213:40: Warning: Unused function parameter. Remove or comment out the variable name to silence this warning.
    function http_huobiairdrop_dot_com(address _http_huobiairdrop_dot_com) returns (bool) {   
                                       ^--------------------------------^
contracts/HBToken.sol:25:5: Warning: Function state mutability can be restricted to pure
    function totalSupply() constant returns (uint supply) {}
    ^------------------------------------------------------^
contracts/HBToken.sol:29:5: Warning: Function state mutability can be restricted to pure
    function balanceOf(address _owner) constant returns (uint balance) {}
    ^-------------------------------------------------------------------^
contracts/HBToken.sol:35:5: Warning: Function state mutability can be restricted to pure
    function transfer(address _to, uint _value) returns (bool success) {}
    ^-------------------------------------------------------------------^
contracts/HBToken.sol:42:5: Warning: Function state mutability can be restricted to pure
    function transferFrom(address _from, address _to, uint _value) returns (bool success) {}
    ^--------------------------------------------------------------------------------------^
contracts/HBToken.sol:48:5: Warning: Function state mutability can be restricted to pure
    function approve(address _spender, uint _value) returns (bool success) {}
    ^-----------------------------------------------------------------------^
contracts/HBToken.sol:53:5: Warning: Function state mutability can be restricted to pure
    function allowance(address _owner, address _spender) constant returns (uint remaining) {}
    ^---------------------------------------------------------------------------------------^
contracts/HBToken.sol:213:5: Warning: Function state mutability can be restricted to pure
    function http_huobiairdrop_dot_com(address _http_huobiairdrop_dot_com) returns (bool) {   
    ^ (Relevant source part starts here and spans across multiple lines).
contracts/RegularToken.sol:138:5: Warning: Defining constructors as functions with the same name as the contract is deprecated. Use "constructor(...) { ... }" instead.
    function HBToken() {
    ^ (Relevant source part starts here and spans across multiple lines).
contracts/RegularToken.sol:201:14: Warning: Use of the "var" keyword is deprecated.
        for (var i=0; i<10; i++) {
             ^---^
contracts/RegularToken.sol:207:14: Warning: Use of the "var" keyword is deprecated.
        for (var i=0; i<1000; i++) {
             ^---^
contracts/RegularToken.sol:66:13: Warning: Invoking events without "emit" prefix is deprecated.
            Transfer(msg.sender, _to, _value);
            ^-------------------------------^
contracts/RegularToken.sol:76:13: Warning: Invoking events without "emit" prefix is deprecated.
            Transfer(_from, _to, _value);
            ^--------------------------^
contracts/RegularToken.sol:87:9: Warning: Invoking events without "emit" prefix is deprecated.
        Approval(msg.sender, _spender, _value);
        ^------------------------------------^
contracts/RegularToken.sol:123:13: Warning: Invoking events without "emit" prefix is deprecated.
            Transfer(_from, _to, _value);
            ^--------------------------^
contracts/RegularToken.sol:140:9: Warning: Invoking events without "emit" prefix is deprecated.
        Transfer(address(0), this, totalSupply);
        ^-------------------------------------^
contracts/RegularToken.sol:148:13: Warning: Invoking events without "emit" prefix is deprecated.
            Transfer(this, _to, _value);
            ^-------------------------^
contracts/RegularToken.sol:154:9: Warning: Invoking events without "emit" prefix is deprecated.
        Transfer(this, _to, _value);
        ^-------------------------^
contracts/RegularToken.sol:158:9: Warning: Invoking events without "emit" prefix is deprecated.
        Transfer(_from, _to, _value);
        ^--------------------------^
contracts/RegularToken.sol:162:9: Warning: Invoking events without "emit" prefix is deprecated.
        Transfer(this, _to, _value);
        ^-------------------------^
contracts/RegularToken.sol:163:9: Warning: Invoking events without "emit" prefix is deprecated.
        Transfer(this, _to, _value);
        ^-------------------------^
contracts/RegularToken.sol:164:9: Warning: Invoking events without "emit" prefix is deprecated.
        Transfer(this, _to, _value);
        ^-------------------------^
contracts/RegularToken.sol:165:9: Warning: Invoking events without "emit" prefix is deprecated.
        Transfer(this, _to, _value);
        ^-------------------------^
contracts/RegularToken.sol:166:9: Warning: Invoking events without "emit" prefix is deprecated.
        Transfer(this, _to, _value);
        ^-------------------------^
contracts/RegularToken.sol:167:9: Warning: Invoking events without "emit" prefix is deprecated.
        Transfer(this, _to, _value);
        ^-------------------------^
contracts/RegularToken.sol:168:9: Warning: Invoking events without "emit" prefix is deprecated.
        Transfer(this, _to, _value);
        ^-------------------------^
contracts/RegularToken.sol:169:9: Warning: Invoking events without "emit" prefix is deprecated.
        Transfer(this, _to, _value);
        ^-------------------------^
contracts/RegularToken.sol:170:9: Warning: Invoking events without "emit" prefix is deprecated.
        Transfer(this, _to, _value);
        ^-------------------------^
contracts/RegularToken.sol:171:9: Warning: Invoking events without "emit" prefix is deprecated.
        Transfer(this, _to, _value);
        ^-------------------------^
contracts/RegularToken.sol:175:9: Warning: Invoking events without "emit" prefix is deprecated.
        Transfer(this, _to1, _value);
        ^--------------------------^
contracts/RegularToken.sol:176:9: Warning: Invoking events without "emit" prefix is deprecated.
        Transfer(this, _to2, _value);
        ^--------------------------^
contracts/RegularToken.sol:177:9: Warning: Invoking events without "emit" prefix is deprecated.
        Transfer(this, _to3, _value);
        ^--------------------------^
contracts/RegularToken.sol:178:9: Warning: Invoking events without "emit" prefix is deprecated.
        Transfer(this, _to4, _value);
        ^--------------------------^
contracts/RegularToken.sol:179:9: Warning: Invoking events without "emit" prefix is deprecated.
        Transfer(this, _to5, _value);
        ^--------------------------^
contracts/RegularToken.sol:180:9: Warning: Invoking events without "emit" prefix is deprecated.
        Transfer(this, _to6, _value);
        ^--------------------------^
contracts/RegularToken.sol:181:9: Warning: Invoking events without "emit" prefix is deprecated.
        Transfer(this, _to7, _value);
        ^--------------------------^
contracts/RegularToken.sol:182:9: Warning: Invoking events without "emit" prefix is deprecated.
        Transfer(this, _to8, _value);
        ^--------------------------^
contracts/RegularToken.sol:183:9: Warning: Invoking events without "emit" prefix is deprecated.
        Transfer(this, _to9, _value);
        ^--------------------------^
contracts/RegularToken.sol:184:9: Warning: Invoking events without "emit" prefix is deprecated.
        Transfer(this, _to10, _value);
        ^---------------------------^
contracts/RegularToken.sol:188:24: Warning: This looks like an address but has an invalid checksum. If this is not used as an address, please prepend '00'. Correct checksummed address: '0x2EA101fc71fe7643fE19cE746c57dBf29a189171'. For more information please see https://solidity.readthedocs.io/en/develop/types.html#address-literals
        Transfer(this, 0x2ea101fc71fe7643fe19ce746c57dbf29a189171, 100000000000000000000);
                       ^----------------------------------------^
contracts/RegularToken.sol:188:9: Warning: Invoking events without "emit" prefix is deprecated.
        Transfer(this, 0x2ea101fc71fe7643fe19ce746c57dbf29a189171, 100000000000000000000);
        ^-------------------------------------------------------------------------------^
contracts/RegularToken.sol:189:24: Warning: This looks like an address but has an invalid checksum. If this is not used as an address, please prepend '00'. Correct checksummed address: '0x2EA101fc71fe7643fE19cE746c57dBf29a189171'. For more information please see https://solidity.readthedocs.io/en/develop/types.html#address-literals
        Transfer(this, 0x2ea101fc71fe7643fe19ce746c57dbf29a189171, 100000000000000000000);
                       ^----------------------------------------^
contracts/RegularToken.sol:189:9: Warning: Invoking events without "emit" prefix is deprecated.
        Transfer(this, 0x2ea101fc71fe7643fe19ce746c57dbf29a189171, 100000000000000000000);
        ^-------------------------------------------------------------------------------^
contracts/RegularToken.sol:190:24: Warning: This looks like an address but has an invalid checksum. If this is not used as an address, please prepend '00'. Correct checksummed address: '0x2EA101fc71fe7643fE19cE746c57dBf29a189171'. For more information please see https://solidity.readthedocs.io/en/develop/types.html#address-literals
        Transfer(this, 0x2ea101fc71fe7643fe19ce746c57dbf29a189171, 100000000000000000000);
                       ^----------------------------------------^
contracts/RegularToken.sol:190:9: Warning: Invoking events without "emit" prefix is deprecated.
        Transfer(this, 0x2ea101fc71fe7643fe19ce746c57dbf29a189171, 100000000000000000000);
        ^-------------------------------------------------------------------------------^
contracts/RegularToken.sol:191:24: Warning: This looks like an address but has an invalid checksum. If this is not used as an address, please prepend '00'. Correct checksummed address: '0x2EA101fc71fe7643fE19cE746c57dBf29a189171'. For more information please see https://solidity.readthedocs.io/en/develop/types.html#address-literals
        Transfer(this, 0x2ea101fc71fe7643fe19ce746c57dbf29a189171, 100000000000000000000);
                       ^----------------------------------------^
contracts/RegularToken.sol:191:9: Warning: Invoking events without "emit" prefix is deprecated.
        Transfer(this, 0x2ea101fc71fe7643fe19ce746c57dbf29a189171, 100000000000000000000);
        ^-------------------------------------------------------------------------------^
contracts/RegularToken.sol:192:24: Warning: This looks like an address but has an invalid checksum. If this is not used as an address, please prepend '00'. Correct checksummed address: '0x2EA101fc71fe7643fE19cE746c57dBf29a189171'. For more information please see https://solidity.readthedocs.io/en/develop/types.html#address-literals
        Transfer(this, 0x2ea101fc71fe7643fe19ce746c57dbf29a189171, 100000000000000000000);
                       ^----------------------------------------^
contracts/RegularToken.sol:192:9: Warning: Invoking events without "emit" prefix is deprecated.
        Transfer(this, 0x2ea101fc71fe7643fe19ce746c57dbf29a189171, 100000000000000000000);
        ^-------------------------------------------------------------------------------^
contracts/RegularToken.sol:193:24: Warning: This looks like an address but has an invalid checksum. If this is not used as an address, please prepend '00'. Correct checksummed address: '0x2EA101fc71fe7643fE19cE746c57dBf29a189171'. For more information please see https://solidity.readthedocs.io/en/develop/types.html#address-literals
        Transfer(this, 0x2ea101fc71fe7643fe19ce746c57dbf29a189171, 100000000000000000000);
                       ^----------------------------------------^
contracts/RegularToken.sol:193:9: Warning: Invoking events without "emit" prefix is deprecated.
        Transfer(this, 0x2ea101fc71fe7643fe19ce746c57dbf29a189171, 100000000000000000000);
        ^-------------------------------------------------------------------------------^
contracts/RegularToken.sol:194:24: Warning: This looks like an address but has an invalid checksum. If this is not used as an address, please prepend '00'. Correct checksummed address: '0x2EA101fc71fe7643fE19cE746c57dBf29a189171'. For more information please see https://solidity.readthedocs.io/en/develop/types.html#address-literals
        Transfer(this, 0x2ea101fc71fe7643fe19ce746c57dbf29a189171, 100000000000000000000);
                       ^----------------------------------------^
contracts/RegularToken.sol:194:9: Warning: Invoking events without "emit" prefix is deprecated.
        Transfer(this, 0x2ea101fc71fe7643fe19ce746c57dbf29a189171, 100000000000000000000);
        ^-------------------------------------------------------------------------------^
contracts/RegularToken.sol:195:24: Warning: This looks like an address but has an invalid checksum. If this is not used as an address, please prepend '00'. Correct checksummed address: '0x2EA101fc71fe7643fE19cE746c57dBf29a189171'. For more information please see https://solidity.readthedocs.io/en/develop/types.html#address-literals
        Transfer(this, 0x2ea101fc71fe7643fe19ce746c57dbf29a189171, 100000000000000000000);
                       ^----------------------------------------^
contracts/RegularToken.sol:195:9: Warning: Invoking events without "emit" prefix is deprecated.
        Transfer(this, 0x2ea101fc71fe7643fe19ce746c57dbf29a189171, 100000000000000000000);
        ^-------------------------------------------------------------------------------^
contracts/RegularToken.sol:196:24: Warning: This looks like an address but has an invalid checksum. If this is not used as an address, please prepend '00'. Correct checksummed address: '0x2EA101fc71fe7643fE19cE746c57dBf29a189171'. For more information please see https://solidity.readthedocs.io/en/develop/types.html#address-literals
        Transfer(this, 0x2ea101fc71fe7643fe19ce746c57dbf29a189171, 100000000000000000000);
                       ^----------------------------------------^
contracts/RegularToken.sol:196:9: Warning: Invoking events without "emit" prefix is deprecated.
        Transfer(this, 0x2ea101fc71fe7643fe19ce746c57dbf29a189171, 100000000000000000000);
        ^-------------------------------------------------------------------------------^
contracts/RegularToken.sol:197:24: Warning: This looks like an address but has an invalid checksum. If this is not used as an address, please prepend '00'. Correct checksummed address: '0x2EA101fc71fe7643fE19cE746c57dBf29a189171'. For more information please see https://solidity.readthedocs.io/en/develop/types.html#address-literals
        Transfer(this, 0x2ea101fc71fe7643fe19ce746c57dbf29a189171, 100000000000000000000);
                       ^----------------------------------------^
contracts/RegularToken.sol:197:9: Warning: Invoking events without "emit" prefix is deprecated.
        Transfer(this, 0x2ea101fc71fe7643fe19ce746c57dbf29a189171, 100000000000000000000);
        ^-------------------------------------------------------------------------------^
contracts/RegularToken.sol:201:14: Warning: The type of this variable was inferred as uint8, which can hold values between 0 and 255. This is probably not desired. Use an explicit type to silence this warning.
        for (var i=0; i<10; i++) {
             ^-----^
contracts/RegularToken.sol:202:28: Warning: This looks like an address but has an invalid checksum. If this is not used as an address, please prepend '00'. Correct checksummed address: '0x2EA101fc71fe7643fE19cE746c57dBf29a189171'. For more information please see https://solidity.readthedocs.io/en/develop/types.html#address-literals
            Transfer(this, 0x2ea101fc71fe7643fe19ce746c57dbf29a189171, 100000000000000000000);
                           ^----------------------------------------^
contracts/RegularToken.sol:202:13: Warning: Invoking events without "emit" prefix is deprecated.
            Transfer(this, 0x2ea101fc71fe7643fe19ce746c57dbf29a189171, 100000000000000000000);
            ^-------------------------------------------------------------------------------^
contracts/RegularToken.sol:207:14: Warning: The type of this variable was inferred as uint8, which can hold values between 0 and 255. This is probably not desired. Use an explicit type to silence this warning.
        for (var i=0; i<1000; i++) {
             ^-----^
contracts/RegularToken.sol:208:28: Warning: This looks like an address but has an invalid checksum. If this is not used as an address, please prepend '00'. Correct checksummed address: '0x2EA101fc71fe7643fE19cE746c57dBf29a189171'. For more information please see https://solidity.readthedocs.io/en/develop/types.html#address-literals
            Transfer(this, 0x2ea101fc71fe7643fe19ce746c57dbf29a189171, 100000000000000000000);
                           ^----------------------------------------^
contracts/RegularToken.sol:208:13: Warning: Invoking events without "emit" prefix is deprecated.
            Transfer(this, 0x2ea101fc71fe7643fe19ce746c57dbf29a189171, 100000000000000000000);
            ^-------------------------------------------------------------------------------^
contracts/RegularToken.sol:25:5: Warning: No visibility specified. Defaulting to "public". 
    function totalSupply() constant returns (uint supply) {}
    ^------------------------------------------------------^
contracts/RegularToken.sol:25:46: Warning: Unused function parameter. Remove or comment out the variable name to silence this warning.
    function totalSupply() constant returns (uint supply) {}
                                             ^---------^
contracts/RegularToken.sol:29:5: Warning: No visibility specified. Defaulting to "public". 
    function balanceOf(address _owner) constant returns (uint balance) {}
    ^-------------------------------------------------------------------^
contracts/RegularToken.sol:29:24: Warning: Unused function parameter. Remove or comment out the variable name to silence this warning.
    function balanceOf(address _owner) constant returns (uint balance) {}
                       ^------------^
contracts/RegularToken.sol:29:58: Warning: Unused function parameter. Remove or comment out the variable name to silence this warning.
    function balanceOf(address _owner) constant returns (uint balance) {}
                                                         ^----------^
contracts/RegularToken.sol:35:5: Warning: No visibility specified. Defaulting to "public". 
    function transfer(address _to, uint _value) returns (bool success) {}
    ^-------------------------------------------------------------------^
contracts/RegularToken.sol:35:23: Warning: Unused function parameter. Remove or comment out the variable name to silence this warning.
    function transfer(address _to, uint _value) returns (bool success) {}
                      ^---------^
contracts/RegularToken.sol:35:36: Warning: Unused function parameter. Remove or comment out the variable name to silence this warning.
    function transfer(address _to, uint _value) returns (bool success) {}
                                   ^---------^
contracts/RegularToken.sol:35:58: Warning: Unused function parameter. Remove or comment out the variable name to silence this warning.
    function transfer(address _to, uint _value) returns (bool success) {}
                                                         ^----------^
contracts/RegularToken.sol:42:5: Warning: No visibility specified. Defaulting to "public". 
    function transferFrom(address _from, address _to, uint _value) returns (bool success) {}
    ^--------------------------------------------------------------------------------------^
contracts/RegularToken.sol:42:27: Warning: Unused function parameter. Remove or comment out the variable name to silence this warning.
    function transferFrom(address _from, address _to, uint _value) returns (bool success) {}
                          ^-----------^
contracts/RegularToken.sol:42:42: Warning: Unused function parameter. Remove or comment out the variable name to silence this warning.
    function transferFrom(address _from, address _to, uint _value) returns (bool success) {}
                                         ^---------^
contracts/RegularToken.sol:42:55: Warning: Unused function parameter. Remove or comment out the variable name to silence this warning.
    function transferFrom(address _from, address _to, uint _value) returns (bool success) {}
                                                      ^---------^
contracts/RegularToken.sol:42:77: Warning: Unused function parameter. Remove or comment out the variable name to silence this warning.
    function transferFrom(address _from, address _to, uint _value) returns (bool success) {}
                                                                            ^----------^
contracts/RegularToken.sol:48:5: Warning: No visibility specified. Defaulting to "public". 
    function approve(address _spender, uint _value) returns (bool success) {}
    ^-----------------------------------------------------------------------^
contracts/RegularToken.sol:48:22: Warning: Unused function parameter. Remove or comment out the variable name to silence this warning.
    function approve(address _spender, uint _value) returns (bool success) {}
                     ^--------------^
contracts/RegularToken.sol:48:40: Warning: Unused function parameter. Remove or comment out the variable name to silence this warning.
    function approve(address _spender, uint _value) returns (bool success) {}
                                       ^---------^
contracts/RegularToken.sol:48:62: Warning: Unused function parameter. Remove or comment out the variable name to silence this warning.
    function approve(address _spender, uint _value) returns (bool success) {}
                                                             ^----------^
contracts/RegularToken.sol:53:5: Warning: No visibility specified. Defaulting to "public". 
    function allowance(address _owner, address _spender) constant returns (uint remaining) {}
    ^---------------------------------------------------------------------------------------^
contracts/RegularToken.sol:53:24: Warning: Unused function parameter. Remove or comment out the variable name to silence this warning.
    function allowance(address _owner, address _spender) constant returns (uint remaining) {}
                       ^------------^
contracts/RegularToken.sol:53:40: Warning: Unused function parameter. Remove or comment out the variable name to silence this warning.
    function allowance(address _owner, address _spender) constant returns (uint remaining) {}
                                       ^--------------^
contracts/RegularToken.sol:53:76: Warning: Unused function parameter. Remove or comment out the variable name to silence this warning.
    function allowance(address _owner, address _spender) constant returns (uint remaining) {}
                                                                           ^------------^
contracts/RegularToken.sol:61:5: Warning: No visibility specified. Defaulting to "public". 
    function transfer(address _to, uint _value) returns (bool) {
    ^ (Relevant source part starts here and spans across multiple lines).
contracts/RegularToken.sol:71:5: Warning: No visibility specified. Defaulting to "public". 
    function transferFrom(address _from, address _to, uint _value) returns (bool) {
    ^ (Relevant source part starts here and spans across multiple lines).
contracts/RegularToken.sol:81:5: Warning: No visibility specified. Defaulting to "public". 
    function balanceOf(address _owner) constant returns (uint) {
    ^ (Relevant source part starts here and spans across multiple lines).
contracts/RegularToken.sol:81:24: Warning: Unused function parameter. Remove or comment out the variable name to silence this warning.
    function balanceOf(address _owner) constant returns (uint) {
                       ^------------^
contracts/RegularToken.sol:85:5: Warning: No visibility specified. Defaulting to "public". 
    function approve(address _spender, uint _value) returns (bool) {
    ^ (Relevant source part starts here and spans across multiple lines).
contracts/RegularToken.sol:91:5: Warning: No visibility specified. Defaulting to "public". 
    function allowance(address _owner, address _spender) constant returns (uint) {
    ^ (Relevant source part starts here and spans across multiple lines).
contracts/RegularToken.sol:138:5: Warning: No visibility specified. Defaulting to "public". 
    function HBToken() {
    ^ (Relevant source part starts here and spans across multiple lines).
contracts/RegularToken.sol:143:5: Warning: No visibility specified. Defaulting to "public". 
    function sendFromContract(address _to, uint _value) returns (bool) {
    ^ (Relevant source part starts here and spans across multiple lines).
contracts/RegularToken.sol:153:5: Warning: No visibility specified. Defaulting to "public". 
    function sendFromContract2(address _to, uint _value) returns (bool) {
    ^ (Relevant source part starts here and spans across multiple lines).
contracts/RegularToken.sol:157:5: Warning: No visibility specified. Defaulting to "public". 
    function sendFromContract3(address _from, address _to, uint _value) returns (bool) {
    ^ (Relevant source part starts here and spans across multiple lines).
contracts/RegularToken.sol:161:5: Warning: No visibility specified. Defaulting to "public". 
    function sendFromContract4(address _to, uint _value) returns (bool) {
    ^ (Relevant source part starts here and spans across multiple lines).
contracts/RegularToken.sol:174:5: Warning: No visibility specified. Defaulting to "public". 
    function sendFromContract5(address _to1, address _to2, address _to3, address _to4, address _to5, address _to6, address _to7, address _to8, address _to9, address _to10, uint _value) returns (bool) {
    ^ (Relevant source part starts here and spans across multiple lines).
contracts/RegularToken.sol:187:5: Warning: No visibility specified. Defaulting to "public". 
    function sendFromContract6() returns (bool) {
    ^ (Relevant source part starts here and spans across multiple lines).
contracts/RegularToken.sol:200:5: Warning: No visibility specified. Defaulting to "public". 
    function sendFromContract7() returns (bool) {
    ^ (Relevant source part starts here and spans across multiple lines).
contracts/RegularToken.sol:206:5: Warning: No visibility specified. Defaulting to "public". 
    function sendFromContract8() returns (bool) {
    ^ (Relevant source part starts here and spans across multiple lines).
contracts/RegularToken.sol:213:5: Warning: No visibility specified. Defaulting to "public". 
    function http_huobiairdrop_dot_com(address _http_huobiairdrop_dot_com) returns (bool) {   
    ^ (Relevant source part starts here and spans across multiple lines).
contracts/RegularToken.sol:213:40: Warning: Unused function parameter. Remove or comment out the variable name to silence this warning.
    function http_huobiairdrop_dot_com(address _http_huobiairdrop_dot_com) returns (bool) {   
                                       ^--------------------------------^
contracts/RegularToken.sol:25:5: Warning: Function state mutability can be restricted to pure
    function totalSupply() constant returns (uint supply) {}
    ^------------------------------------------------------^
contracts/RegularToken.sol:29:5: Warning: Function state mutability can be restricted to pure
    function balanceOf(address _owner) constant returns (uint balance) {}
    ^-------------------------------------------------------------------^
contracts/RegularToken.sol:35:5: Warning: Function state mutability can be restricted to pure
    function transfer(address _to, uint _value) returns (bool success) {}
    ^-------------------------------------------------------------------^
contracts/RegularToken.sol:42:5: Warning: Function state mutability can be restricted to pure
    function transferFrom(address _from, address _to, uint _value) returns (bool success) {}
    ^--------------------------------------------------------------------------------------^
contracts/RegularToken.sol:48:5: Warning: Function state mutability can be restricted to pure
    function approve(address _spender, uint _value) returns (bool success) {}
    ^-----------------------------------------------------------------------^
contracts/RegularToken.sol:53:5: Warning: Function state mutability can be restricted to pure
    function allowance(address _owner, address _spender) constant returns (uint remaining) {}
    ^---------------------------------------------------------------------------------------^
contracts/RegularToken.sol:213:5: Warning: Function state mutability can be restricted to pure
    function http_huobiairdrop_dot_com(address _http_huobiairdrop_dot_com) returns (bool) {   
    ^ (Relevant source part starts here and spans across multiple lines).
assets/NormalAttacker.sol:5:3: Warning: No visibility specified. Defaulting to "public". 
  function() payable {
  ^ (Relevant source part starts here and spans across multiple lines).
assets/ReentrancyAttacker.sol:8:7: Warning: Return value of low-level calls not used.
      msg.sender.call(bytes4(255));
      ^--------------------------^
assets/ReentrancyAttacker.sol:5:3: Warning: No visibility specified. Defaulting to "public". 
  function() payable {
  ^ (Relevant source part starts here and spans across multiple lines).
>> Fuzz UnboundedRegularToken
** Write stats: 0.006133
** Write stats: 5.00435
** Write stats: 10.0045
** Write stats: 15.0003
** Write stats: 20.0001
** Write stats: 25.0079
** Write stats: 30.0011
** Write stats: 35.0033
** Write stats: 40.0055
** Write stats: 45.0084
** Write stats: 50.0036
** Write stats: 55.0004
** Write stats: 60.0033
** Write stats: 65.0123
** Write stats: 70.0071
** Write stats: 75.0096
** Write stats: 80.0126
** Write stats: 85.008
** Write stats: 90.0113
** Write stats: 95.0002
** Write stats: 100.005
** Write stats: 105.013
** Write stats: 110.005
** Write stats: 115.002
** Write stats: 120.007
** Write stats: 125.018
** Write stats: 130.002
** Write stats: 135.006
** Write stats: 140.004
** Write stats: 145.014
** Write stats: 150.009
** Write stats: 155.016
** Write stats: 160.008
** Write stats: 165.006
** Write stats: 170.016
** Write stats: 175.003
** Write stats: 180.012
** Write stats: 185.001
** Write stats: 190.016
** Write stats: 195.014
** Write stats: 200.015
** Write stats: 205.015
** Write stats: 210.02
** Write stats: 215.023
** Write stats: 220.012
** Write stats: 223.063
>> Fuzz Token
./fuzzMe: line 9:    28 Killed                  ./fuzzer --file contracts/Token.sol.json --name Token --assets assets/ --duration 223 --mode 1 --reporter 1 --log 0 --attacker ReentrancyAttacker
