Extract contract ERC20Token from /sb/0x006bea43baa3f7a6f765f14f10a1a1b08334ef45.sol
Extract contract Ownable from /sb/0x006bea43baa3f7a6f765f14f10a1a1b08334ef45.sol
Extract contract Owned from /sb/0x006bea43baa3f7a6f765f14f10a1a1b08334ef45.sol
Extract contract SafeMath from /sb/0x006bea43baa3f7a6f765f14f10a1a1b08334ef45.sol
Extract contract SaferMath from /sb/0x006bea43baa3f7a6f765f14f10a1a1b08334ef45.sol
Extract contract SmartToken from /sb/0x006bea43baa3f7a6f765f14f10a1a1b08334ef45.sol
Extract contract StoxSmartToken from /sb/0x006bea43baa3f7a6f765f14f10a1a1b08334ef45.sol
Extract contract StoxSmartTokenSale from /sb/0x006bea43baa3f7a6f765f14f10a1a1b08334ef45.sol
Extract contract TokenHolder from /sb/0x006bea43baa3f7a6f765f14f10a1a1b08334ef45.sol
Extract contract Trustee from /sb/0x006bea43baa3f7a6f765f14f10a1a1b08334ef45.sol
Extracted 10 contract(s) from /sb/0x006bea43baa3f7a6f765f14f10a1a1b08334ef45.sol
[0;32m> Created "fuzzMe"[0m
[0;32m> To fuzz contracts:[0m
  chmod +x fuzzMe
  ./fuzzMe
contracts/StoxSmartToken.sol:107:5: Warning: Defining constructors as functions with the same name as the contract is deprecated. Use "constructor(...) { ... }" instead.
    function SafeMath() {
    ^ (Relevant source part starts here and spans across multiple lines).
contracts/StoxSmartToken.sol:241:5: Warning: Defining constructors as functions with the same name as the contract is deprecated. Use "constructor(...) { ... }" instead.
    function ERC20Token(string _name, string _symbol, uint8 _decimals) {
    ^ (Relevant source part starts here and spans across multiple lines).
contracts/StoxSmartToken.sol:433:5: Warning: Defining constructors as functions with the same name as the contract is deprecated. Use "constructor(...) { ... }" instead.
    function Owned() {
    ^ (Relevant source part starts here and spans across multiple lines).
contracts/StoxSmartToken.sol:521:5: Warning: Defining constructors as functions with the same name as the contract is deprecated. Use "constructor(...) { ... }" instead.
    function TokenHolder() {
    ^ (Relevant source part starts here and spans across multiple lines).
contracts/StoxSmartToken.sol:637:5: Warning: Defining constructors as functions with the same name as the contract is deprecated. Use "constructor(...) { ... }" instead.
    function SmartToken(string _name, string _symbol, uint8 _decimals)
    ^ (Relevant source part starts here and spans across multiple lines).
contracts/StoxSmartToken.sol:881:5: Warning: Defining constructors as functions with the same name as the contract is deprecated. Use "constructor(...) { ... }" instead.
    function Ownable() {
    ^ (Relevant source part starts here and spans across multiple lines).
contracts/StoxSmartToken.sol:895:13: Warning: "throw" is deprecated in favour of "revert()", "require()" and "assert()".
            throw;
            ^---^
contracts/StoxSmartToken.sol:1041:5: Warning: Defining constructors as functions with the same name as the contract is deprecated. Use "constructor(...) { ... }" instead.
    function StoxSmartToken() SmartToken('Stox', 'STX', 18) {
    ^ (Relevant source part starts here and spans across multiple lines).
contracts/StoxSmartToken.sol:1109:5: Warning: Defining constructors as functions with the same name as the contract is deprecated. Use "constructor(...) { ... }" instead.
    function Trustee(StoxSmartToken _stox) {
    ^ (Relevant source part starts here and spans across multiple lines).
contracts/StoxSmartToken.sol:1441:13: Warning: "throw" is deprecated in favour of "revert()", "require()" and "assert()".
            throw;
            ^---^
contracts/StoxSmartToken.sol:1459:13: Warning: "throw" is deprecated in favour of "revert()", "require()" and "assert()".
            throw;
            ^---^
contracts/StoxSmartToken.sol:1477:5: Warning: Defining constructors as functions with the same name as the contract is deprecated. Use "constructor(...) { ... }" instead.
    function StoxSmartTokenSale(address _stox, address _fundingRecipient, uint256 _startTime) {
    ^ (Relevant source part starts here and spans across multiple lines).
contracts/StoxSmartToken.sol:1539:13: Warning: "throw" is deprecated in favour of "revert()", "require()" and "assert()".
            throw;
            ^---^
contracts/StoxSmartToken.sol:15:47: Warning: This declaration shadows an existing declaration.
    function owner() public constant returns (address owner) { owner; }
                                              ^-----------^
contracts/StoxSmartToken.sol:15:5: The shadowed declaration is here:
    function owner() public constant returns (address owner) { owner; }
    ^-----------------------------------------------------------------^

contracts/StoxSmartToken.sol:37:46: Warning: This declaration shadows an existing declaration.
    function name() public constant returns (string name) { name; }
                                             ^---------^
contracts/StoxSmartToken.sol:37:5: The shadowed declaration is here:
    function name() public constant returns (string name) { name; }
    ^-------------------------------------------------------------^

contracts/StoxSmartToken.sol:39:48: Warning: This declaration shadows an existing declaration.
    function symbol() public constant returns (string symbol) { symbol; }
                                               ^-----------^
contracts/StoxSmartToken.sol:39:5: The shadowed declaration is here:
    function symbol() public constant returns (string symbol) { symbol; }
    ^-------------------------------------------------------------------^

contracts/StoxSmartToken.sol:41:50: Warning: This declaration shadows an existing declaration.
    function decimals() public constant returns (uint8 decimals) { decimals; }
                                                 ^------------^
contracts/StoxSmartToken.sol:41:5: The shadowed declaration is here:
    function decimals() public constant returns (uint8 decimals) { decimals; }
    ^------------------------------------------------------------------------^

contracts/StoxSmartToken.sol:43:53: Warning: This declaration shadows an existing declaration.
    function totalSupply() public constant returns (uint256 totalSupply) { totalSupply; }
                                                    ^-----------------^
contracts/StoxSmartToken.sol:43:5: The shadowed declaration is here:
    function totalSupply() public constant returns (uint256 totalSupply) { totalSupply; }
    ^-----------------------------------------------------------------------------------^

contracts/StoxSmartToken.sol:1201:9: Warning: This declaration shadows an existing declaration.
        Grant grant = grants[_holder];
        ^---------^
contracts/StoxSmartToken.sol:1135:5: The shadowed declaration is here:
    function grant(address _to, uint256 _value, uint256 _start, uint256 _cliff, uint256 _end, bool _revokable)
    ^ (Relevant source part starts here and spans across multiple lines).

contracts/StoxSmartToken.sol:1243:9: Warning: This declaration shadows an existing declaration.
        Grant grant = grants[_holder];
        ^---------^
contracts/StoxSmartToken.sol:1135:5: The shadowed declaration is here:
    function grant(address _to, uint256 _value, uint256 _start, uint256 _cliff, uint256 _end, bool _revokable)
    ^ (Relevant source part starts here and spans across multiple lines).

contracts/StoxSmartToken.sol:1331:9: Warning: This declaration shadows an existing declaration.
        Grant grant = grants[msg.sender];
        ^---------^
contracts/StoxSmartToken.sol:1135:5: The shadowed declaration is here:
    function grant(address _to, uint256 _value, uint256 _start, uint256 _cliff, uint256 _end, bool _revokable)
    ^ (Relevant source part starts here and spans across multiple lines).

contracts/StoxSmartToken.sol:1201:9: Warning: Variable is declared as a storage pointer. Use an explicit "storage" keyword to silence this warning.
        Grant grant = grants[_holder];
        ^---------^
contracts/StoxSmartToken.sol:1243:9: Warning: Variable is declared as a storage pointer. Use an explicit "storage" keyword to silence this warning.
        Grant grant = grants[_holder];
        ^---------^
contracts/StoxSmartToken.sol:1331:9: Warning: Variable is declared as a storage pointer. Use an explicit "storage" keyword to silence this warning.
        Grant grant = grants[msg.sender];
        ^---------^
contracts/StoxSmartToken.sol:301:9: Warning: Invoking events without "emit" prefix is deprecated.
        Transfer(msg.sender, _to, _value);
        ^-------------------------------^
contracts/StoxSmartToken.sol:347:9: Warning: Invoking events without "emit" prefix is deprecated.
        Transfer(_from, _to, _value);
        ^--------------------------^
contracts/StoxSmartToken.sol:399:9: Warning: Invoking events without "emit" prefix is deprecated.
        Approval(msg.sender, _spender, _value);
        ^------------------------------------^
contracts/StoxSmartToken.sol:487:9: Warning: Invoking events without "emit" prefix is deprecated.
        OwnerUpdate(owner, newOwner);
        ^--------------------------^
contracts/StoxSmartToken.sol:645:9: Warning: Invoking events without "emit" prefix is deprecated.
        NewSmartToken(address(this));
        ^--------------------------^
contracts/StoxSmartToken.sol:715:9: Warning: Invoking events without "emit" prefix is deprecated.
        Issuance(_amount);
        ^---------------^
contracts/StoxSmartToken.sol:717:9: Warning: Invoking events without "emit" prefix is deprecated.
        Transfer(this, _to, _amount);
        ^--------------------------^
contracts/StoxSmartToken.sol:751:9: Warning: Invoking events without "emit" prefix is deprecated.
        Transfer(_from, this, _amount);
        ^----------------------------^
contracts/StoxSmartToken.sol:753:9: Warning: Invoking events without "emit" prefix is deprecated.
        Destruction(_amount);
        ^------------------^
contracts/StoxSmartToken.sol:797:13: Warning: Invoking events without "emit" prefix is deprecated.
            Destruction(_value);
            ^-----------------^
contracts/StoxSmartToken.sol:845:13: Warning: Invoking events without "emit" prefix is deprecated.
            Destruction(_value);
            ^-----------------^
contracts/StoxSmartToken.sol:921:9: Warning: Invoking events without "emit" prefix is deprecated.
        OwnershipRequested(msg.sender, newOwnerCandidate);
        ^-----------------------------------------------^
contracts/StoxSmartToken.sol:939:13: Warning: Invoking events without "emit" prefix is deprecated.
            OwnershipTransferred(owner, newOwnerCandidate);
            ^--------------------------------------------^
contracts/StoxSmartToken.sol:1189:9: Warning: Invoking events without "emit" prefix is deprecated.
        NewGrant(msg.sender, _to, _value);
        ^-------------------------------^
contracts/StoxSmartToken.sol:1227:9: Warning: Invoking events without "emit" prefix is deprecated.
        RevokeGrant(_holder, refund);
        ^--------------------------^
contracts/StoxSmartToken.sol:1369:9: Warning: Invoking events without "emit" prefix is deprecated.
        UnlockGrant(msg.sender, transferable);
        ^-----------------------------------^
contracts/StoxSmartToken.sol:1587:21: Warning: Using "years" as a unit denomination is deprecated.
            now.add(1 years), true);
                    ^-----^
contracts/StoxSmartToken.sol:1595:21: Warning: Using "years" as a unit denomination is deprecated.
            now.add(2 years), true);
                    ^-----^
contracts/StoxSmartToken.sol:1677:9: Warning: Invoking events without "emit" prefix is deprecated.
        TokensIssued(_recipient, _tokens);
        ^-------------------------------^
contracts/StoxSmartToken.sol:107:5: Warning: No visibility specified. Defaulting to "public". 
    function SafeMath() {
    ^ (Relevant source part starts here and spans across multiple lines).
contracts/StoxSmartToken.sol:241:5: Warning: No visibility specified. Defaulting to "public". 
    function ERC20Token(string _name, string _symbol, uint8 _decimals) {
    ^ (Relevant source part starts here and spans across multiple lines).
contracts/StoxSmartToken.sol:433:5: Warning: No visibility specified. Defaulting to "public". 
    function Owned() {
    ^ (Relevant source part starts here and spans across multiple lines).
contracts/StoxSmartToken.sol:521:5: Warning: No visibility specified. Defaulting to "public". 
    function TokenHolder() {
    ^ (Relevant source part starts here and spans across multiple lines).
contracts/StoxSmartToken.sol:637:5: Warning: No visibility specified. Defaulting to "public". 
    function SmartToken(string _name, string _symbol, uint8 _decimals)
    ^ (Relevant source part starts here and spans across multiple lines).
contracts/StoxSmartToken.sol:881:5: Warning: No visibility specified. Defaulting to "public". 
    function Ownable() {
    ^ (Relevant source part starts here and spans across multiple lines).
contracts/StoxSmartToken.sol:911:5: Warning: No visibility specified. Defaulting to "public". 
    function transferOwnership(address _newOwnerCandidate) onlyOwner {
    ^ (Relevant source part starts here and spans across multiple lines).
contracts/StoxSmartToken.sol:929:5: Warning: No visibility specified. Defaulting to "public". 
    function acceptOwnership() {
    ^ (Relevant source part starts here and spans across multiple lines).
contracts/StoxSmartToken.sol:1041:5: Warning: No visibility specified. Defaulting to "public". 
    function StoxSmartToken() SmartToken('Stox', 'STX', 18) {
    ^ (Relevant source part starts here and spans across multiple lines).
contracts/StoxSmartToken.sol:1109:5: Warning: No visibility specified. Defaulting to "public". 
    function Trustee(StoxSmartToken _stox) {
    ^ (Relevant source part starts here and spans across multiple lines).
contracts/StoxSmartToken.sol:1477:5: Warning: No visibility specified. Defaulting to "public". 
    function StoxSmartTokenSale(address _stox, address _fundingRecipient, uint256 _startTime) {
    ^ (Relevant source part starts here and spans across multiple lines).
contracts/StoxSmartToken.sol:15:5: Warning: Function state mutability can be restricted to pure
    function owner() public constant returns (address owner) { owner; }
    ^-----------------------------------------------------------------^
contracts/StoxSmartToken.sol:37:5: Warning: Function state mutability can be restricted to pure
    function name() public constant returns (string name) { name; }
    ^-------------------------------------------------------------^
contracts/StoxSmartToken.sol:39:5: Warning: Function state mutability can be restricted to pure
    function symbol() public constant returns (string symbol) { symbol; }
    ^-------------------------------------------------------------------^
contracts/StoxSmartToken.sol:41:5: Warning: Function state mutability can be restricted to pure
    function decimals() public constant returns (uint8 decimals) { decimals; }
    ^------------------------------------------------------------------------^
contracts/StoxSmartToken.sol:43:5: Warning: Function state mutability can be restricted to pure
    function totalSupply() public constant returns (uint256 totalSupply) { totalSupply; }
    ^-----------------------------------------------------------------------------------^
contracts/StoxSmartToken.sol:45:5: Warning: Function state mutability can be restricted to pure
    function balanceOf(address _owner) public constant returns (uint256 balance) { _owner; balance; }
    ^-----------------------------------------------------------------------------------------------^
contracts/StoxSmartToken.sol:47:5: Warning: Function state mutability can be restricted to pure
    function allowance(address _owner, address _spender) public constant returns (uint256 remaining) { _owner; _spender; remaining; }
    ^-------------------------------------------------------------------------------------------------------------------------------^
contracts/StoxSmartToken.sol:129:5: Warning: Function state mutability can be restricted to pure
    function safeAdd(uint256 _x, uint256 _y) internal returns (uint256) {
    ^ (Relevant source part starts here and spans across multiple lines).
contracts/StoxSmartToken.sol:157:5: Warning: Function state mutability can be restricted to pure
    function safeSub(uint256 _x, uint256 _y) internal returns (uint256) {
    ^ (Relevant source part starts here and spans across multiple lines).
contracts/StoxSmartToken.sol:183:5: Warning: Function state mutability can be restricted to pure
    function safeMul(uint256 _x, uint256 _y) internal returns (uint256) {
    ^ (Relevant source part starts here and spans across multiple lines).
contracts/StoxSmartToken.sol:953:5: Warning: Function state mutability can be restricted to pure
    function mul(uint256 a, uint256 b) internal returns (uint256) {
    ^ (Relevant source part starts here and spans across multiple lines).
contracts/StoxSmartToken.sol:965:5: Warning: Function state mutability can be restricted to pure
    function div(uint256 a, uint256 b) internal returns (uint256) {
    ^ (Relevant source part starts here and spans across multiple lines).
contracts/StoxSmartToken.sol:979:5: Warning: Function state mutability can be restricted to pure
    function sub(uint256 a, uint256 b) internal returns (uint256) {
    ^ (Relevant source part starts here and spans across multiple lines).
contracts/StoxSmartToken.sol:989:5: Warning: Function state mutability can be restricted to pure
    function add(uint256 a, uint256 b) internal returns (uint256) {
    ^ (Relevant source part starts here and spans across multiple lines).
contracts/StoxSmartToken.sol:1001:5: Warning: Function state mutability can be restricted to pure
    function max64(uint64 a, uint64 b) internal constant returns (uint64) {
    ^ (Relevant source part starts here and spans across multiple lines).
contracts/StoxSmartToken.sol:1009:5: Warning: Function state mutability can be restricted to pure
    function min64(uint64 a, uint64 b) internal constant returns (uint64) {
    ^ (Relevant source part starts here and spans across multiple lines).
contracts/StoxSmartToken.sol:1017:5: Warning: Function state mutability can be restricted to pure
    function max256(uint256 a, uint256 b) internal constant returns (uint256) {
    ^ (Relevant source part starts here and spans across multiple lines).
contracts/StoxSmartToken.sol:1025:5: Warning: Function state mutability can be restricted to pure
    function min256(uint256 a, uint256 b) internal constant returns (uint256) {
    ^ (Relevant source part starts here and spans across multiple lines).
contracts/StoxSmartToken.sol:1319:34: Warning: Function declared as view, but this expression (potentially) modifies the state and thus requires non-payable (the default) or payable.
         return _grant.value.mul(_time.sub(_grant.start)).div(_grant.end.sub(_grant.start));
                                 ^---------------------^
contracts/StoxSmartToken.sol:1319:17: Warning: Function declared as view, but this expression (potentially) modifies the state and thus requires non-payable (the default) or payable.
         return _grant.value.mul(_time.sub(_grant.start)).div(_grant.end.sub(_grant.start));
                ^---------------------------------------^
contracts/StoxSmartToken.sol:1319:63: Warning: Function declared as view, but this expression (potentially) modifies the state and thus requires non-payable (the default) or payable.
         return _grant.value.mul(_time.sub(_grant.start)).div(_grant.end.sub(_grant.start));
                                                              ^--------------------------^
contracts/StoxSmartToken.sol:1319:17: Warning: Function declared as view, but this expression (potentially) modifies the state and thus requires non-payable (the default) or payable.
         return _grant.value.mul(_time.sub(_grant.start)).div(_grant.end.sub(_grant.start));
                ^-------------------------------------------------------------------------^
contracts/Ownable.sol:107:5: Warning: Defining constructors as functions with the same name as the contract is deprecated. Use "constructor(...) { ... }" instead.
    function SafeMath() {
    ^ (Relevant source part starts here and spans across multiple lines).
contracts/Ownable.sol:241:5: Warning: Defining constructors as functions with the same name as the contract is deprecated. Use "constructor(...) { ... }" instead.
    function ERC20Token(string _name, string _symbol, uint8 _decimals) {
    ^ (Relevant source part starts here and spans across multiple lines).
contracts/Ownable.sol:433:5: Warning: Defining constructors as functions with the same name as the contract is deprecated. Use "constructor(...) { ... }" instead.
    function Owned() {
    ^ (Relevant source part starts here and spans across multiple lines).
contracts/Ownable.sol:521:5: Warning: Defining constructors as functions with the same name as the contract is deprecated. Use "constructor(...) { ... }" instead.
    function TokenHolder() {
    ^ (Relevant source part starts here and spans across multiple lines).
contracts/Ownable.sol:637:5: Warning: Defining constructors as functions with the same name as the contract is deprecated. Use "constructor(...) { ... }" instead.
    function SmartToken(string _name, string _symbol, uint8 _decimals)
    ^ (Relevant source part starts here and spans across multiple lines).
contracts/Ownable.sol:881:5: Warning: Defining constructors as functions with the same name as the contract is deprecated. Use "constructor(...) { ... }" instead.
    function Ownable() {
    ^ (Relevant source part starts here and spans across multiple lines).
contracts/Ownable.sol:895:13: Warning: "throw" is deprecated in favour of "revert()", "require()" and "assert()".
            throw;
            ^---^
contracts/Ownable.sol:1041:5: Warning: Defining constructors as functions with the same name as the contract is deprecated. Use "constructor(...) { ... }" instead.
    function StoxSmartToken() SmartToken('Stox', 'STX', 18) {
    ^ (Relevant source part starts here and spans across multiple lines).
contracts/Ownable.sol:1109:5: Warning: Defining constructors as functions with the same name as the contract is deprecated. Use "constructor(...) { ... }" instead.
    function Trustee(StoxSmartToken _stox) {
    ^ (Relevant source part starts here and spans across multiple lines).
contracts/Ownable.sol:1441:13: Warning: "throw" is deprecated in favour of "revert()", "require()" and "assert()".
            throw;
            ^---^
contracts/Ownable.sol:1459:13: Warning: "throw" is deprecated in favour of "revert()", "require()" and "assert()".
            throw;
            ^---^
contracts/Ownable.sol:1477:5: Warning: Defining constructors as functions with the same name as the contract is deprecated. Use "constructor(...) { ... }" instead.
    function StoxSmartTokenSale(address _stox, address _fundingRecipient, uint256 _startTime) {
    ^ (Relevant source part starts here and spans across multiple lines).
contracts/Ownable.sol:1539:13: Warning: "throw" is deprecated in favour of "revert()", "require()" and "assert()".
            throw;
            ^---^
contracts/Ownable.sol:15:47: Warning: This declaration shadows an existing declaration.
    function owner() public constant returns (address owner) { owner; }
                                              ^-----------^
contracts/Ownable.sol:15:5: The shadowed declaration is here:
    function owner() public constant returns (address owner) { owner; }
    ^-----------------------------------------------------------------^

contracts/Ownable.sol:37:46: Warning: This declaration shadows an existing declaration.
    function name() public constant returns (string name) { name; }
                                             ^---------^
contracts/Ownable.sol:37:5: The shadowed declaration is here:
    function name() public constant returns (string name) { name; }
    ^-------------------------------------------------------------^

contracts/Ownable.sol:39:48: Warning: This declaration shadows an existing declaration.
    function symbol() public constant returns (string symbol) { symbol; }
                                               ^-----------^
contracts/Ownable.sol:39:5: The shadowed declaration is here:
    function symbol() public constant returns (string symbol) { symbol; }
    ^-------------------------------------------------------------------^

contracts/Ownable.sol:41:50: Warning: This declaration shadows an existing declaration.
    function decimals() public constant returns (uint8 decimals) { decimals; }
                                                 ^------------^
contracts/Ownable.sol:41:5: The shadowed declaration is here:
    function decimals() public constant returns (uint8 decimals) { decimals; }
    ^------------------------------------------------------------------------^

contracts/Ownable.sol:43:53: Warning: This declaration shadows an existing declaration.
    function totalSupply() public constant returns (uint256 totalSupply) { totalSupply; }
                                                    ^-----------------^
contracts/Ownable.sol:43:5: The shadowed declaration is here:
    function totalSupply() public constant returns (uint256 totalSupply) { totalSupply; }
    ^-----------------------------------------------------------------------------------^

contracts/Ownable.sol:1201:9: Warning: This declaration shadows an existing declaration.
        Grant grant = grants[_holder];
        ^---------^
contracts/Ownable.sol:1135:5: The shadowed declaration is here:
    function grant(address _to, uint256 _value, uint256 _start, uint256 _cliff, uint256 _end, bool _revokable)
    ^ (Relevant source part starts here and spans across multiple lines).

contracts/Ownable.sol:1243:9: Warning: This declaration shadows an existing declaration.
        Grant grant = grants[_holder];
        ^---------^
contracts/Ownable.sol:1135:5: The shadowed declaration is here:
    function grant(address _to, uint256 _value, uint256 _start, uint256 _cliff, uint256 _end, bool _revokable)
    ^ (Relevant source part starts here and spans across multiple lines).

contracts/Ownable.sol:1331:9: Warning: This declaration shadows an existing declaration.
        Grant grant = grants[msg.sender];
        ^---------^
contracts/Ownable.sol:1135:5: The shadowed declaration is here:
    function grant(address _to, uint256 _value, uint256 _start, uint256 _cliff, uint256 _end, bool _revokable)
    ^ (Relevant source part starts here and spans across multiple lines).

contracts/Ownable.sol:1201:9: Warning: Variable is declared as a storage pointer. Use an explicit "storage" keyword to silence this warning.
        Grant grant = grants[_holder];
        ^---------^
contracts/Ownable.sol:1243:9: Warning: Variable is declared as a storage pointer. Use an explicit "storage" keyword to silence this warning.
        Grant grant = grants[_holder];
        ^---------^
contracts/Ownable.sol:1331:9: Warning: Variable is declared as a storage pointer. Use an explicit "storage" keyword to silence this warning.
        Grant grant = grants[msg.sender];
        ^---------^
contracts/Ownable.sol:301:9: Warning: Invoking events without "emit" prefix is deprecated.
        Transfer(msg.sender, _to, _value);
        ^-------------------------------^
contracts/Ownable.sol:347:9: Warning: Invoking events without "emit" prefix is deprecated.
        Transfer(_from, _to, _value);
        ^--------------------------^
contracts/Ownable.sol:399:9: Warning: Invoking events without "emit" prefix is deprecated.
        Approval(msg.sender, _spender, _value);
        ^------------------------------------^
contracts/Ownable.sol:487:9: Warning: Invoking events without "emit" prefix is deprecated.
        OwnerUpdate(owner, newOwner);
        ^--------------------------^
contracts/Ownable.sol:645:9: Warning: Invoking events without "emit" prefix is deprecated.
        NewSmartToken(address(this));
        ^--------------------------^
contracts/Ownable.sol:715:9: Warning: Invoking events without "emit" prefix is deprecated.
        Issuance(_amount);
        ^---------------^
contracts/Ownable.sol:717:9: Warning: Invoking events without "emit" prefix is deprecated.
        Transfer(this, _to, _amount);
        ^--------------------------^
contracts/Ownable.sol:751:9: Warning: Invoking events without "emit" prefix is deprecated.
        Transfer(_from, this, _amount);
        ^----------------------------^
contracts/Ownable.sol:753:9: Warning: Invoking events without "emit" prefix is deprecated.
        Destruction(_amount);
        ^------------------^
contracts/Ownable.sol:797:13: Warning: Invoking events without "emit" prefix is deprecated.
            Destruction(_value);
            ^-----------------^
contracts/Ownable.sol:845:13: Warning: Invoking events without "emit" prefix is deprecated.
            Destruction(_value);
            ^-----------------^
contracts/Ownable.sol:921:9: Warning: Invoking events without "emit" prefix is deprecated.
        OwnershipRequested(msg.sender, newOwnerCandidate);
        ^-----------------------------------------------^
contracts/Ownable.sol:939:13: Warning: Invoking events without "emit" prefix is deprecated.
            OwnershipTransferred(owner, newOwnerCandidate);
            ^--------------------------------------------^
contracts/Ownable.sol:1189:9: Warning: Invoking events without "emit" prefix is deprecated.
        NewGrant(msg.sender, _to, _value);
        ^-------------------------------^
contracts/Ownable.sol:1227:9: Warning: Invoking events without "emit" prefix is deprecated.
        RevokeGrant(_holder, refund);
        ^--------------------------^
contracts/Ownable.sol:1369:9: Warning: Invoking events without "emit" prefix is deprecated.
        UnlockGrant(msg.sender, transferable);
        ^-----------------------------------^
contracts/Ownable.sol:1587:21: Warning: Using "years" as a unit denomination is deprecated.
            now.add(1 years), true);
                    ^-----^
contracts/Ownable.sol:1595:21: Warning: Using "years" as a unit denomination is deprecated.
            now.add(2 years), true);
                    ^-----^
contracts/Ownable.sol:1677:9: Warning: Invoking events without "emit" prefix is deprecated.
        TokensIssued(_recipient, _tokens);
        ^-------------------------------^
contracts/Ownable.sol:107:5: Warning: No visibility specified. Defaulting to "public". 
    function SafeMath() {
    ^ (Relevant source part starts here and spans across multiple lines).
contracts/Ownable.sol:241:5: Warning: No visibility specified. Defaulting to "public". 
    function ERC20Token(string _name, string _symbol, uint8 _decimals) {
    ^ (Relevant source part starts here and spans across multiple lines).
contracts/Ownable.sol:433:5: Warning: No visibility specified. Defaulting to "public". 
    function Owned() {
    ^ (Relevant source part starts here and spans across multiple lines).
contracts/Ownable.sol:521:5: Warning: No visibility specified. Defaulting to "public". 
    function TokenHolder() {
    ^ (Relevant source part starts here and spans across multiple lines).
contracts/Ownable.sol:637:5: Warning: No visibility specified. Defaulting to "public". 
    function SmartToken(string _name, string _symbol, uint8 _decimals)
    ^ (Relevant source part starts here and spans across multiple lines).
contracts/Ownable.sol:881:5: Warning: No visibility specified. Defaulting to "public". 
    function Ownable() {
    ^ (Relevant source part starts here and spans across multiple lines).
contracts/Ownable.sol:911:5: Warning: No visibility specified. Defaulting to "public". 
    function transferOwnership(address _newOwnerCandidate) onlyOwner {
    ^ (Relevant source part starts here and spans across multiple lines).
contracts/Ownable.sol:929:5: Warning: No visibility specified. Defaulting to "public". 
    function acceptOwnership() {
    ^ (Relevant source part starts here and spans across multiple lines).
contracts/Ownable.sol:1041:5: Warning: No visibility specified. Defaulting to "public". 
    function StoxSmartToken() SmartToken('Stox', 'STX', 18) {
    ^ (Relevant source part starts here and spans across multiple lines).
contracts/Ownable.sol:1109:5: Warning: No visibility specified. Defaulting to "public". 
    function Trustee(StoxSmartToken _stox) {
    ^ (Relevant source part starts here and spans across multiple lines).
contracts/Ownable.sol:1477:5: Warning: No visibility specified. Defaulting to "public". 
    function StoxSmartTokenSale(address _stox, address _fundingRecipient, uint256 _startTime) {
    ^ (Relevant source part starts here and spans across multiple lines).
contracts/Ownable.sol:15:5: Warning: Function state mutability can be restricted to pure
    function owner() public constant returns (address owner) { owner; }
    ^-----------------------------------------------------------------^
contracts/Ownable.sol:37:5: Warning: Function state mutability can be restricted to pure
    function name() public constant returns (string name) { name; }
    ^-------------------------------------------------------------^
contracts/Ownable.sol:39:5: Warning: Function state mutability can be restricted to pure
    function symbol() public constant returns (string symbol) { symbol; }
    ^-------------------------------------------------------------------^
contracts/Ownable.sol:41:5: Warning: Function state mutability can be restricted to pure
    function decimals() public constant returns (uint8 decimals) { decimals; }
    ^------------------------------------------------------------------------^
contracts/Ownable.sol:43:5: Warning: Function state mutability can be restricted to pure
    function totalSupply() public constant returns (uint256 totalSupply) { totalSupply; }
    ^-----------------------------------------------------------------------------------^
contracts/Ownable.sol:45:5: Warning: Function state mutability can be restricted to pure
    function balanceOf(address _owner) public constant returns (uint256 balance) { _owner; balance; }
    ^-----------------------------------------------------------------------------------------------^
contracts/Ownable.sol:47:5: Warning: Function state mutability can be restricted to pure
    function allowance(address _owner, address _spender) public constant returns (uint256 remaining) { _owner; _spender; remaining; }
    ^-------------------------------------------------------------------------------------------------------------------------------^
contracts/Ownable.sol:129:5: Warning: Function state mutability can be restricted to pure
    function safeAdd(uint256 _x, uint256 _y) internal returns (uint256) {
    ^ (Relevant source part starts here and spans across multiple lines).
contracts/Ownable.sol:157:5: Warning: Function state mutability can be restricted to pure
    function safeSub(uint256 _x, uint256 _y) internal returns (uint256) {
    ^ (Relevant source part starts here and spans across multiple lines).
contracts/Ownable.sol:183:5: Warning: Function state mutability can be restricted to pure
    function safeMul(uint256 _x, uint256 _y) internal returns (uint256) {
    ^ (Relevant source part starts here and spans across multiple lines).
contracts/Ownable.sol:953:5: Warning: Function state mutability can be restricted to pure
    function mul(uint256 a, uint256 b) internal returns (uint256) {
    ^ (Relevant source part starts here and spans across multiple lines).
contracts/Ownable.sol:965:5: Warning: Function state mutability can be restricted to pure
    function div(uint256 a, uint256 b) internal returns (uint256) {
    ^ (Relevant source part starts here and spans across multiple lines).
contracts/Ownable.sol:979:5: Warning: Function state mutability can be restricted to pure
    function sub(uint256 a, uint256 b) internal returns (uint256) {
    ^ (Relevant source part starts here and spans across multiple lines).
contracts/Ownable.sol:989:5: Warning: Function state mutability can be restricted to pure
    function add(uint256 a, uint256 b) internal returns (uint256) {
    ^ (Relevant source part starts here and spans across multiple lines).
contracts/Ownable.sol:1001:5: Warning: Function state mutability can be restricted to pure
    function max64(uint64 a, uint64 b) internal constant returns (uint64) {
    ^ (Relevant source part starts here and spans across multiple lines).
contracts/Ownable.sol:1009:5: Warning: Function state mutability can be restricted to pure
    function min64(uint64 a, uint64 b) internal constant returns (uint64) {
    ^ (Relevant source part starts here and spans across multiple lines).
contracts/Ownable.sol:1017:5: Warning: Function state mutability can be restricted to pure
    function max256(uint256 a, uint256 b) internal constant returns (uint256) {
    ^ (Relevant source part starts here and spans across multiple lines).
contracts/Ownable.sol:1025:5: Warning: Function state mutability can be restricted to pure
    function min256(uint256 a, uint256 b) internal constant returns (uint256) {
    ^ (Relevant source part starts here and spans across multiple lines).
contracts/Ownable.sol:1319:34: Warning: Function declared as view, but this expression (potentially) modifies the state and thus requires non-payable (the default) or payable.
         return _grant.value.mul(_time.sub(_grant.start)).div(_grant.end.sub(_grant.start));
                                 ^---------------------^
contracts/Ownable.sol:1319:17: Warning: Function declared as view, but this expression (potentially) modifies the state and thus requires non-payable (the default) or payable.
         return _grant.value.mul(_time.sub(_grant.start)).div(_grant.end.sub(_grant.start));
                ^---------------------------------------^
contracts/Ownable.sol:1319:63: Warning: Function declared as view, but this expression (potentially) modifies the state and thus requires non-payable (the default) or payable.
         return _grant.value.mul(_time.sub(_grant.start)).div(_grant.end.sub(_grant.start));
                                                              ^--------------------------^
contracts/Ownable.sol:1319:17: Warning: Function declared as view, but this expression (potentially) modifies the state and thus requires non-payable (the default) or payable.
         return _grant.value.mul(_time.sub(_grant.start)).div(_grant.end.sub(_grant.start));
                ^-------------------------------------------------------------------------^
contracts/TokenHolder.sol:107:5: Warning: Defining constructors as functions with the same name as the contract is deprecated. Use "constructor(...) { ... }" instead.
    function SafeMath() {
    ^ (Relevant source part starts here and spans across multiple lines).
contracts/TokenHolder.sol:241:5: Warning: Defining constructors as functions with the same name as the contract is deprecated. Use "constructor(...) { ... }" instead.
    function ERC20Token(string _name, string _symbol, uint8 _decimals) {
    ^ (Relevant source part starts here and spans across multiple lines).
contracts/TokenHolder.sol:433:5: Warning: Defining constructors as functions with the same name as the contract is deprecated. Use "constructor(...) { ... }" instead.
    function Owned() {
    ^ (Relevant source part starts here and spans across multiple lines).
contracts/TokenHolder.sol:521:5: Warning: Defining constructors as functions with the same name as the contract is deprecated. Use "constructor(...) { ... }" instead.
    function TokenHolder() {
    ^ (Relevant source part starts here and spans across multiple lines).
contracts/TokenHolder.sol:637:5: Warning: Defining constructors as functions with the same name as the contract is deprecated. Use "constructor(...) { ... }" instead.
    function SmartToken(string _name, string _symbol, uint8 _decimals)
    ^ (Relevant source part starts here and spans across multiple lines).
contracts/TokenHolder.sol:881:5: Warning: Defining constructors as functions with the same name as the contract is deprecated. Use "constructor(...) { ... }" instead.
    function Ownable() {
    ^ (Relevant source part starts here and spans across multiple lines).
contracts/TokenHolder.sol:895:13: Warning: "throw" is deprecated in favour of "revert()", "require()" and "assert()".
            throw;
            ^---^
contracts/TokenHolder.sol:1041:5: Warning: Defining constructors as functions with the same name as the contract is deprecated. Use "constructor(...) { ... }" instead.
    function StoxSmartToken() SmartToken('Stox', 'STX', 18) {
    ^ (Relevant source part starts here and spans across multiple lines).
contracts/TokenHolder.sol:1109:5: Warning: Defining constructors as functions with the same name as the contract is deprecated. Use "constructor(...) { ... }" instead.
    function Trustee(StoxSmartToken _stox) {
    ^ (Relevant source part starts here and spans across multiple lines).
contracts/TokenHolder.sol:1441:13: Warning: "throw" is deprecated in favour of "revert()", "require()" and "assert()".
            throw;
            ^---^
contracts/TokenHolder.sol:1459:13: Warning: "throw" is deprecated in favour of "revert()", "require()" and "assert()".
            throw;
            ^---^
contracts/TokenHolder.sol:1477:5: Warning: Defining constructors as functions with the same name as the contract is deprecated. Use "constructor(...) { ... }" instead.
    function StoxSmartTokenSale(address _stox, address _fundingRecipient, uint256 _startTime) {
    ^ (Relevant source part starts here and spans across multiple lines).
contracts/TokenHolder.sol:1539:13: Warning: "throw" is deprecated in favour of "revert()", "require()" and "assert()".
            throw;
            ^---^
contracts/TokenHolder.sol:15:47: Warning: This declaration shadows an existing declaration.
    function owner() public constant returns (address owner) { owner; }
                                              ^-----------^
contracts/TokenHolder.sol:15:5: The shadowed declaration is here:
    function owner() public constant returns (address owner) { owner; }
    ^-----------------------------------------------------------------^

contracts/TokenHolder.sol:37:46: Warning: This declaration shadows an existing declaration.
    function name() public constant returns (string name) { name; }
                                             ^---------^
contracts/TokenHolder.sol:37:5: The shadowed declaration is here:
    function name() public constant returns (string name) { name; }
    ^-------------------------------------------------------------^

contracts/TokenHolder.sol:39:48: Warning: This declaration shadows an existing declaration.
    function symbol() public constant returns (string symbol) { symbol; }
                                               ^-----------^
contracts/TokenHolder.sol:39:5: The shadowed declaration is here:
    function symbol() public constant returns (string symbol) { symbol; }
    ^-------------------------------------------------------------------^

contracts/TokenHolder.sol:41:50: Warning: This declaration shadows an existing declaration.
    function decimals() public constant returns (uint8 decimals) { decimals; }
                                                 ^------------^
contracts/TokenHolder.sol:41:5: The shadowed declaration is here:
    function decimals() public constant returns (uint8 decimals) { decimals; }
    ^------------------------------------------------------------------------^

contracts/TokenHolder.sol:43:53: Warning: This declaration shadows an existing declaration.
    function totalSupply() public constant returns (uint256 totalSupply) { totalSupply; }
                                                    ^-----------------^
contracts/TokenHolder.sol:43:5: The shadowed declaration is here:
    function totalSupply() public constant returns (uint256 totalSupply) { totalSupply; }
    ^-----------------------------------------------------------------------------------^

contracts/TokenHolder.sol:1201:9: Warning: This declaration shadows an existing declaration.
        Grant grant = grants[_holder];
        ^---------^
contracts/TokenHolder.sol:1135:5: The shadowed declaration is here:
    function grant(address _to, uint256 _value, uint256 _start, uint256 _cliff, uint256 _end, bool _revokable)
    ^ (Relevant source part starts here and spans across multiple lines).

contracts/TokenHolder.sol:1243:9: Warning: This declaration shadows an existing declaration.
        Grant grant = grants[_holder];
        ^---------^
contracts/TokenHolder.sol:1135:5: The shadowed declaration is here:
    function grant(address _to, uint256 _value, uint256 _start, uint256 _cliff, uint256 _end, bool _revokable)
    ^ (Relevant source part starts here and spans across multiple lines).

contracts/TokenHolder.sol:1331:9: Warning: This declaration shadows an existing declaration.
        Grant grant = grants[msg.sender];
        ^---------^
contracts/TokenHolder.sol:1135:5: The shadowed declaration is here:
    function grant(address _to, uint256 _value, uint256 _start, uint256 _cliff, uint256 _end, bool _revokable)
    ^ (Relevant source part starts here and spans across multiple lines).

contracts/TokenHolder.sol:1201:9: Warning: Variable is declared as a storage pointer. Use an explicit "storage" keyword to silence this warning.
        Grant grant = grants[_holder];
        ^---------^
contracts/TokenHolder.sol:1243:9: Warning: Variable is declared as a storage pointer. Use an explicit "storage" keyword to silence this warning.
        Grant grant = grants[_holder];
        ^---------^
contracts/TokenHolder.sol:1331:9: Warning: Variable is declared as a storage pointer. Use an explicit "storage" keyword to silence this warning.
        Grant grant = grants[msg.sender];
        ^---------^
contracts/TokenHolder.sol:301:9: Warning: Invoking events without "emit" prefix is deprecated.
        Transfer(msg.sender, _to, _value);
        ^-------------------------------^
contracts/TokenHolder.sol:347:9: Warning: Invoking events without "emit" prefix is deprecated.
        Transfer(_from, _to, _value);
        ^--------------------------^
contracts/TokenHolder.sol:399:9: Warning: Invoking events without "emit" prefix is deprecated.
        Approval(msg.sender, _spender, _value);
        ^------------------------------------^
contracts/TokenHolder.sol:487:9: Warning: Invoking events without "emit" prefix is deprecated.
        OwnerUpdate(owner, newOwner);
        ^--------------------------^
contracts/TokenHolder.sol:645:9: Warning: Invoking events without "emit" prefix is deprecated.
        NewSmartToken(address(this));
        ^--------------------------^
contracts/TokenHolder.sol:715:9: Warning: Invoking events without "emit" prefix is deprecated.
        Issuance(_amount);
        ^---------------^
contracts/TokenHolder.sol:717:9: Warning: Invoking events without "emit" prefix is deprecated.
        Transfer(this, _to, _amount);
        ^--------------------------^
contracts/TokenHolder.sol:751:9: Warning: Invoking events without "emit" prefix is deprecated.
        Transfer(_from, this, _amount);
        ^----------------------------^
contracts/TokenHolder.sol:753:9: Warning: Invoking events without "emit" prefix is deprecated.
        Destruction(_amount);
        ^------------------^
contracts/TokenHolder.sol:797:13: Warning: Invoking events without "emit" prefix is deprecated.
            Destruction(_value);
            ^-----------------^
contracts/TokenHolder.sol:845:13: Warning: Invoking events without "emit" prefix is deprecated.
            Destruction(_value);
            ^-----------------^
contracts/TokenHolder.sol:921:9: Warning: Invoking events without "emit" prefix is deprecated.
        OwnershipRequested(msg.sender, newOwnerCandidate);
        ^-----------------------------------------------^
contracts/TokenHolder.sol:939:13: Warning: Invoking events without "emit" prefix is deprecated.
            OwnershipTransferred(owner, newOwnerCandidate);
            ^--------------------------------------------^
contracts/TokenHolder.sol:1189:9: Warning: Invoking events without "emit" prefix is deprecated.
        NewGrant(msg.sender, _to, _value);
        ^-------------------------------^
contracts/TokenHolder.sol:1227:9: Warning: Invoking events without "emit" prefix is deprecated.
        RevokeGrant(_holder, refund);
        ^--------------------------^
contracts/TokenHolder.sol:1369:9: Warning: Invoking events without "emit" prefix is deprecated.
        UnlockGrant(msg.sender, transferable);
        ^-----------------------------------^
contracts/TokenHolder.sol:1587:21: Warning: Using "years" as a unit denomination is deprecated.
            now.add(1 years), true);
                    ^-----^
contracts/TokenHolder.sol:1595:21: Warning: Using "years" as a unit denomination is deprecated.
            now.add(2 years), true);
                    ^-----^
contracts/TokenHolder.sol:1677:9: Warning: Invoking events without "emit" prefix is deprecated.
        TokensIssued(_recipient, _tokens);
        ^-------------------------------^
contracts/TokenHolder.sol:107:5: Warning: No visibility specified. Defaulting to "public". 
    function SafeMath() {
    ^ (Relevant source part starts here and spans across multiple lines).
contracts/TokenHolder.sol:241:5: Warning: No visibility specified. Defaulting to "public". 
    function ERC20Token(string _name, string _symbol, uint8 _decimals) {
    ^ (Relevant source part starts here and spans across multiple lines).
contracts/TokenHolder.sol:433:5: Warning: No visibility specified. Defaulting to "public". 
    function Owned() {
    ^ (Relevant source part starts here and spans across multiple lines).
contracts/TokenHolder.sol:521:5: Warning: No visibility specified. Defaulting to "public". 
    function TokenHolder() {
    ^ (Relevant source part starts here and spans across multiple lines).
contracts/TokenHolder.sol:637:5: Warning: No visibility specified. Defaulting to "public". 
    function SmartToken(string _name, string _symbol, uint8 _decimals)
    ^ (Relevant source part starts here and spans across multiple lines).
contracts/TokenHolder.sol:881:5: Warning: No visibility specified. Defaulting to "public". 
    function Ownable() {
    ^ (Relevant source part starts here and spans across multiple lines).
contracts/TokenHolder.sol:911:5: Warning: No visibility specified. Defaulting to "public". 
    function transferOwnership(address _newOwnerCandidate) onlyOwner {
    ^ (Relevant source part starts here and spans across multiple lines).
contracts/TokenHolder.sol:929:5: Warning: No visibility specified. Defaulting to "public". 
    function acceptOwnership() {
    ^ (Relevant source part starts here and spans across multiple lines).
contracts/TokenHolder.sol:1041:5: Warning: No visibility specified. Defaulting to "public". 
    function StoxSmartToken() SmartToken('Stox', 'STX', 18) {
    ^ (Relevant source part starts here and spans across multiple lines).
contracts/TokenHolder.sol:1109:5: Warning: No visibility specified. Defaulting to "public". 
    function Trustee(StoxSmartToken _stox) {
    ^ (Relevant source part starts here and spans across multiple lines).
contracts/TokenHolder.sol:1477:5: Warning: No visibility specified. Defaulting to "public". 
    function StoxSmartTokenSale(address _stox, address _fundingRecipient, uint256 _startTime) {
    ^ (Relevant source part starts here and spans across multiple lines).
contracts/TokenHolder.sol:15:5: Warning: Function state mutability can be restricted to pure
    function owner() public constant returns (address owner) { owner; }
    ^-----------------------------------------------------------------^
contracts/TokenHolder.sol:37:5: Warning: Function state mutability can be restricted to pure
    function name() public constant returns (string name) { name; }
    ^-------------------------------------------------------------^
contracts/TokenHolder.sol:39:5: Warning: Function state mutability can be restricted to pure
    function symbol() public constant returns (string symbol) { symbol; }
    ^-------------------------------------------------------------------^
contracts/TokenHolder.sol:41:5: Warning: Function state mutability can be restricted to pure
    function decimals() public constant returns (uint8 decimals) { decimals; }
    ^------------------------------------------------------------------------^
contracts/TokenHolder.sol:43:5: Warning: Function state mutability can be restricted to pure
    function totalSupply() public constant returns (uint256 totalSupply) { totalSupply; }
    ^-----------------------------------------------------------------------------------^
contracts/TokenHolder.sol:45:5: Warning: Function state mutability can be restricted to pure
    function balanceOf(address _owner) public constant returns (uint256 balance) { _owner; balance; }
    ^-----------------------------------------------------------------------------------------------^
contracts/TokenHolder.sol:47:5: Warning: Function state mutability can be restricted to pure
    function allowance(address _owner, address _spender) public constant returns (uint256 remaining) { _owner; _spender; remaining; }
    ^-------------------------------------------------------------------------------------------------------------------------------^
contracts/TokenHolder.sol:129:5: Warning: Function state mutability can be restricted to pure
    function safeAdd(uint256 _x, uint256 _y) internal returns (uint256) {
    ^ (Relevant source part starts here and spans across multiple lines).
contracts/TokenHolder.sol:157:5: Warning: Function state mutability can be restricted to pure
    function safeSub(uint256 _x, uint256 _y) internal returns (uint256) {
    ^ (Relevant source part starts here and spans across multiple lines).
contracts/TokenHolder.sol:183:5: Warning: Function state mutability can be restricted to pure
    function safeMul(uint256 _x, uint256 _y) internal returns (uint256) {
    ^ (Relevant source part starts here and spans across multiple lines).
contracts/TokenHolder.sol:953:5: Warning: Function state mutability can be restricted to pure
    function mul(uint256 a, uint256 b) internal returns (uint256) {
    ^ (Relevant source part starts here and spans across multiple lines).
contracts/TokenHolder.sol:965:5: Warning: Function state mutability can be restricted to pure
    function div(uint256 a, uint256 b) internal returns (uint256) {
    ^ (Relevant source part starts here and spans across multiple lines).
contracts/TokenHolder.sol:979:5: Warning: Function state mutability can be restricted to pure
    function sub(uint256 a, uint256 b) internal returns (uint256) {
    ^ (Relevant source part starts here and spans across multiple lines).
contracts/TokenHolder.sol:989:5: Warning: Function state mutability can be restricted to pure
    function add(uint256 a, uint256 b) internal returns (uint256) {
    ^ (Relevant source part starts here and spans across multiple lines).
contracts/TokenHolder.sol:1001:5: Warning: Function state mutability can be restricted to pure
    function max64(uint64 a, uint64 b) internal constant returns (uint64) {
    ^ (Relevant source part starts here and spans across multiple lines).
contracts/TokenHolder.sol:1009:5: Warning: Function state mutability can be restricted to pure
    function min64(uint64 a, uint64 b) internal constant returns (uint64) {
    ^ (Relevant source part starts here and spans across multiple lines).
contracts/TokenHolder.sol:1017:5: Warning: Function state mutability can be restricted to pure
    function max256(uint256 a, uint256 b) internal constant returns (uint256) {
    ^ (Relevant source part starts here and spans across multiple lines).
contracts/TokenHolder.sol:1025:5: Warning: Function state mutability can be restricted to pure
    function min256(uint256 a, uint256 b) internal constant returns (uint256) {
    ^ (Relevant source part starts here and spans across multiple lines).
contracts/TokenHolder.sol:1319:34: Warning: Function declared as view, but this expression (potentially) modifies the state and thus requires non-payable (the default) or payable.
         return _grant.value.mul(_time.sub(_grant.start)).div(_grant.end.sub(_grant.start));
                                 ^---------------------^
contracts/TokenHolder.sol:1319:17: Warning: Function declared as view, but this expression (potentially) modifies the state and thus requires non-payable (the default) or payable.
         return _grant.value.mul(_time.sub(_grant.start)).div(_grant.end.sub(_grant.start));
                ^---------------------------------------^
contracts/TokenHolder.sol:1319:63: Warning: Function declared as view, but this expression (potentially) modifies the state and thus requires non-payable (the default) or payable.
         return _grant.value.mul(_time.sub(_grant.start)).div(_grant.end.sub(_grant.start));
                                                              ^--------------------------^
contracts/TokenHolder.sol:1319:17: Warning: Function declared as view, but this expression (potentially) modifies the state and thus requires non-payable (the default) or payable.
         return _grant.value.mul(_time.sub(_grant.start)).div(_grant.end.sub(_grant.start));
                ^-------------------------------------------------------------------------^
contracts/SafeMath.sol:107:5: Warning: Defining constructors as functions with the same name as the contract is deprecated. Use "constructor(...) { ... }" instead.
    function SafeMath() {
    ^ (Relevant source part starts here and spans across multiple lines).
contracts/SafeMath.sol:241:5: Warning: Defining constructors as functions with the same name as the contract is deprecated. Use "constructor(...) { ... }" instead.
    function ERC20Token(string _name, string _symbol, uint8 _decimals) {
    ^ (Relevant source part starts here and spans across multiple lines).
contracts/SafeMath.sol:433:5: Warning: Defining constructors as functions with the same name as the contract is deprecated. Use "constructor(...) { ... }" instead.
    function Owned() {
    ^ (Relevant source part starts here and spans across multiple lines).
contracts/SafeMath.sol:521:5: Warning: Defining constructors as functions with the same name as the contract is deprecated. Use "constructor(...) { ... }" instead.
    function TokenHolder() {
    ^ (Relevant source part starts here and spans across multiple lines).
contracts/SafeMath.sol:637:5: Warning: Defining constructors as functions with the same name as the contract is deprecated. Use "constructor(...) { ... }" instead.
    function SmartToken(string _name, string _symbol, uint8 _decimals)
    ^ (Relevant source part starts here and spans across multiple lines).
contracts/SafeMath.sol:881:5: Warning: Defining constructors as functions with the same name as the contract is deprecated. Use "constructor(...) { ... }" instead.
    function Ownable() {
    ^ (Relevant source part starts here and spans across multiple lines).
contracts/SafeMath.sol:895:13: Warning: "throw" is deprecated in favour of "revert()", "require()" and "assert()".
            throw;
            ^---^
contracts/SafeMath.sol:1041:5: Warning: Defining constructors as functions with the same name as the contract is deprecated. Use "constructor(...) { ... }" instead.
    function StoxSmartToken() SmartToken('Stox', 'STX', 18) {
    ^ (Relevant source part starts here and spans across multiple lines).
contracts/SafeMath.sol:1109:5: Warning: Defining constructors as functions with the same name as the contract is deprecated. Use "constructor(...) { ... }" instead.
    function Trustee(StoxSmartToken _stox) {
    ^ (Relevant source part starts here and spans across multiple lines).
contracts/SafeMath.sol:1441:13: Warning: "throw" is deprecated in favour of "revert()", "require()" and "assert()".
            throw;
            ^---^
contracts/SafeMath.sol:1459:13: Warning: "throw" is deprecated in favour of "revert()", "require()" and "assert()".
            throw;
            ^---^
contracts/SafeMath.sol:1477:5: Warning: Defining constructors as functions with the same name as the contract is deprecated. Use "constructor(...) { ... }" instead.
    function StoxSmartTokenSale(address _stox, address _fundingRecipient, uint256 _startTime) {
    ^ (Relevant source part starts here and spans across multiple lines).
contracts/SafeMath.sol:1539:13: Warning: "throw" is deprecated in favour of "revert()", "require()" and "assert()".
            throw;
            ^---^
contracts/SafeMath.sol:15:47: Warning: This declaration shadows an existing declaration.
    function owner() public constant returns (address owner) { owner; }
                                              ^-----------^
contracts/SafeMath.sol:15:5: The shadowed declaration is here:
    function owner() public constant returns (address owner) { owner; }
    ^-----------------------------------------------------------------^

contracts/SafeMath.sol:37:46: Warning: This declaration shadows an existing declaration.
    function name() public constant returns (string name) { name; }
                                             ^---------^
contracts/SafeMath.sol:37:5: The shadowed declaration is here:
    function name() public constant returns (string name) { name; }
    ^-------------------------------------------------------------^

contracts/SafeMath.sol:39:48: Warning: This declaration shadows an existing declaration.
    function symbol() public constant returns (string symbol) { symbol; }
                                               ^-----------^
contracts/SafeMath.sol:39:5: The shadowed declaration is here:
    function symbol() public constant returns (string symbol) { symbol; }
    ^-------------------------------------------------------------------^

contracts/SafeMath.sol:41:50: Warning: This declaration shadows an existing declaration.
    function decimals() public constant returns (uint8 decimals) { decimals; }
                                                 ^------------^
contracts/SafeMath.sol:41:5: The shadowed declaration is here:
    function decimals() public constant returns (uint8 decimals) { decimals; }
    ^------------------------------------------------------------------------^

contracts/SafeMath.sol:43:53: Warning: This declaration shadows an existing declaration.
    function totalSupply() public constant returns (uint256 totalSupply) { totalSupply; }
                                                    ^-----------------^
contracts/SafeMath.sol:43:5: The shadowed declaration is here:
    function totalSupply() public constant returns (uint256 totalSupply) { totalSupply; }
    ^-----------------------------------------------------------------------------------^

contracts/SafeMath.sol:1201:9: Warning: This declaration shadows an existing declaration.
        Grant grant = grants[_holder];
        ^---------^
contracts/SafeMath.sol:1135:5: The shadowed declaration is here:
    function grant(address _to, uint256 _value, uint256 _start, uint256 _cliff, uint256 _end, bool _revokable)
    ^ (Relevant source part starts here and spans across multiple lines).

contracts/SafeMath.sol:1243:9: Warning: This declaration shadows an existing declaration.
        Grant grant = grants[_holder];
        ^---------^
contracts/SafeMath.sol:1135:5: The shadowed declaration is here:
    function grant(address _to, uint256 _value, uint256 _start, uint256 _cliff, uint256 _end, bool _revokable)
    ^ (Relevant source part starts here and spans across multiple lines).

contracts/SafeMath.sol:1331:9: Warning: This declaration shadows an existing declaration.
        Grant grant = grants[msg.sender];
        ^---------^
contracts/SafeMath.sol:1135:5: The shadowed declaration is here:
    function grant(address _to, uint256 _value, uint256 _start, uint256 _cliff, uint256 _end, bool _revokable)
    ^ (Relevant source part starts here and spans across multiple lines).

contracts/SafeMath.sol:1201:9: Warning: Variable is declared as a storage pointer. Use an explicit "storage" keyword to silence this warning.
        Grant grant = grants[_holder];
        ^---------^
contracts/SafeMath.sol:1243:9: Warning: Variable is declared as a storage pointer. Use an explicit "storage" keyword to silence this warning.
        Grant grant = grants[_holder];
        ^---------^
contracts/SafeMath.sol:1331:9: Warning: Variable is declared as a storage pointer. Use an explicit "storage" keyword to silence this warning.
        Grant grant = grants[msg.sender];
        ^---------^
contracts/SafeMath.sol:301:9: Warning: Invoking events without "emit" prefix is deprecated.
        Transfer(msg.sender, _to, _value);
        ^-------------------------------^
contracts/SafeMath.sol:347:9: Warning: Invoking events without "emit" prefix is deprecated.
        Transfer(_from, _to, _value);
        ^--------------------------^
contracts/SafeMath.sol:399:9: Warning: Invoking events without "emit" prefix is deprecated.
        Approval(msg.sender, _spender, _value);
        ^------------------------------------^
contracts/SafeMath.sol:487:9: Warning: Invoking events without "emit" prefix is deprecated.
        OwnerUpdate(owner, newOwner);
        ^--------------------------^
contracts/SafeMath.sol:645:9: Warning: Invoking events without "emit" prefix is deprecated.
        NewSmartToken(address(this));
        ^--------------------------^
contracts/SafeMath.sol:715:9: Warning: Invoking events without "emit" prefix is deprecated.
        Issuance(_amount);
        ^---------------^
contracts/SafeMath.sol:717:9: Warning: Invoking events without "emit" prefix is deprecated.
        Transfer(this, _to, _amount);
        ^--------------------------^
contracts/SafeMath.sol:751:9: Warning: Invoking events without "emit" prefix is deprecated.
        Transfer(_from, this, _amount);
        ^----------------------------^
contracts/SafeMath.sol:753:9: Warning: Invoking events without "emit" prefix is deprecated.
        Destruction(_amount);
        ^------------------^
contracts/SafeMath.sol:797:13: Warning: Invoking events without "emit" prefix is deprecated.
            Destruction(_value);
            ^-----------------^
contracts/SafeMath.sol:845:13: Warning: Invoking events without "emit" prefix is deprecated.
            Destruction(_value);
            ^-----------------^
contracts/SafeMath.sol:921:9: Warning: Invoking events without "emit" prefix is deprecated.
        OwnershipRequested(msg.sender, newOwnerCandidate);
        ^-----------------------------------------------^
contracts/SafeMath.sol:939:13: Warning: Invoking events without "emit" prefix is deprecated.
            OwnershipTransferred(owner, newOwnerCandidate);
            ^--------------------------------------------^
contracts/SafeMath.sol:1189:9: Warning: Invoking events without "emit" prefix is deprecated.
        NewGrant(msg.sender, _to, _value);
        ^-------------------------------^
contracts/SafeMath.sol:1227:9: Warning: Invoking events without "emit" prefix is deprecated.
        RevokeGrant(_holder, refund);
        ^--------------------------^
contracts/SafeMath.sol:1369:9: Warning: Invoking events without "emit" prefix is deprecated.
        UnlockGrant(msg.sender, transferable);
        ^-----------------------------------^
contracts/SafeMath.sol:1587:21: Warning: Using "years" as a unit denomination is deprecated.
            now.add(1 years), true);
                    ^-----^
contracts/SafeMath.sol:1595:21: Warning: Using "years" as a unit denomination is deprecated.
            now.add(2 years), true);
                    ^-----^
contracts/SafeMath.sol:1677:9: Warning: Invoking events without "emit" prefix is deprecated.
        TokensIssued(_recipient, _tokens);
        ^-------------------------------^
contracts/SafeMath.sol:107:5: Warning: No visibility specified. Defaulting to "public". 
    function SafeMath() {
    ^ (Relevant source part starts here and spans across multiple lines).
contracts/SafeMath.sol:241:5: Warning: No visibility specified. Defaulting to "public". 
    function ERC20Token(string _name, string _symbol, uint8 _decimals) {
    ^ (Relevant source part starts here and spans across multiple lines).
contracts/SafeMath.sol:433:5: Warning: No visibility specified. Defaulting to "public". 
    function Owned() {
    ^ (Relevant source part starts here and spans across multiple lines).
contracts/SafeMath.sol:521:5: Warning: No visibility specified. Defaulting to "public". 
    function TokenHolder() {
    ^ (Relevant source part starts here and spans across multiple lines).
contracts/SafeMath.sol:637:5: Warning: No visibility specified. Defaulting to "public". 
    function SmartToken(string _name, string _symbol, uint8 _decimals)
    ^ (Relevant source part starts here and spans across multiple lines).
contracts/SafeMath.sol:881:5: Warning: No visibility specified. Defaulting to "public". 
    function Ownable() {
    ^ (Relevant source part starts here and spans across multiple lines).
contracts/SafeMath.sol:911:5: Warning: No visibility specified. Defaulting to "public". 
    function transferOwnership(address _newOwnerCandidate) onlyOwner {
    ^ (Relevant source part starts here and spans across multiple lines).
contracts/SafeMath.sol:929:5: Warning: No visibility specified. Defaulting to "public". 
    function acceptOwnership() {
    ^ (Relevant source part starts here and spans across multiple lines).
contracts/SafeMath.sol:1041:5: Warning: No visibility specified. Defaulting to "public". 
    function StoxSmartToken() SmartToken('Stox', 'STX', 18) {
    ^ (Relevant source part starts here and spans across multiple lines).
contracts/SafeMath.sol:1109:5: Warning: No visibility specified. Defaulting to "public". 
    function Trustee(StoxSmartToken _stox) {
    ^ (Relevant source part starts here and spans across multiple lines).
contracts/SafeMath.sol:1477:5: Warning: No visibility specified. Defaulting to "public". 
    function StoxSmartTokenSale(address _stox, address _fundingRecipient, uint256 _startTime) {
    ^ (Relevant source part starts here and spans across multiple lines).
contracts/SafeMath.sol:15:5: Warning: Function state mutability can be restricted to pure
    function owner() public constant returns (address owner) { owner; }
    ^-----------------------------------------------------------------^
contracts/SafeMath.sol:37:5: Warning: Function state mutability can be restricted to pure
    function name() public constant returns (string name) { name; }
    ^-------------------------------------------------------------^
contracts/SafeMath.sol:39:5: Warning: Function state mutability can be restricted to pure
    function symbol() public constant returns (string symbol) { symbol; }
    ^-------------------------------------------------------------------^
contracts/SafeMath.sol:41:5: Warning: Function state mutability can be restricted to pure
    function decimals() public constant returns (uint8 decimals) { decimals; }
    ^------------------------------------------------------------------------^
contracts/SafeMath.sol:43:5: Warning: Function state mutability can be restricted to pure
    function totalSupply() public constant returns (uint256 totalSupply) { totalSupply; }
    ^-----------------------------------------------------------------------------------^
contracts/SafeMath.sol:45:5: Warning: Function state mutability can be restricted to pure
    function balanceOf(address _owner) public constant returns (uint256 balance) { _owner; balance; }
    ^-----------------------------------------------------------------------------------------------^
contracts/SafeMath.sol:47:5: Warning: Function state mutability can be restricted to pure
    function allowance(address _owner, address _spender) public constant returns (uint256 remaining) { _owner; _spender; remaining; }
    ^-------------------------------------------------------------------------------------------------------------------------------^
contracts/SafeMath.sol:129:5: Warning: Function state mutability can be restricted to pure
    function safeAdd(uint256 _x, uint256 _y) internal returns (uint256) {
    ^ (Relevant source part starts here and spans across multiple lines).
contracts/SafeMath.sol:157:5: Warning: Function state mutability can be restricted to pure
    function safeSub(uint256 _x, uint256 _y) internal returns (uint256) {
    ^ (Relevant source part starts here and spans across multiple lines).
contracts/SafeMath.sol:183:5: Warning: Function state mutability can be restricted to pure
    function safeMul(uint256 _x, uint256 _y) internal returns (uint256) {
    ^ (Relevant source part starts here and spans across multiple lines).
contracts/SafeMath.sol:953:5: Warning: Function state mutability can be restricted to pure
    function mul(uint256 a, uint256 b) internal returns (uint256) {
    ^ (Relevant source part starts here and spans across multiple lines).
contracts/SafeMath.sol:965:5: Warning: Function state mutability can be restricted to pure
    function div(uint256 a, uint256 b) internal returns (uint256) {
    ^ (Relevant source part starts here and spans across multiple lines).
contracts/SafeMath.sol:979:5: Warning: Function state mutability can be restricted to pure
    function sub(uint256 a, uint256 b) internal returns (uint256) {
    ^ (Relevant source part starts here and spans across multiple lines).
contracts/SafeMath.sol:989:5: Warning: Function state mutability can be restricted to pure
    function add(uint256 a, uint256 b) internal returns (uint256) {
    ^ (Relevant source part starts here and spans across multiple lines).
contracts/SafeMath.sol:1001:5: Warning: Function state mutability can be restricted to pure
    function max64(uint64 a, uint64 b) internal constant returns (uint64) {
    ^ (Relevant source part starts here and spans across multiple lines).
contracts/SafeMath.sol:1009:5: Warning: Function state mutability can be restricted to pure
    function min64(uint64 a, uint64 b) internal constant returns (uint64) {
    ^ (Relevant source part starts here and spans across multiple lines).
contracts/SafeMath.sol:1017:5: Warning: Function state mutability can be restricted to pure
    function max256(uint256 a, uint256 b) internal constant returns (uint256) {
    ^ (Relevant source part starts here and spans across multiple lines).
contracts/SafeMath.sol:1025:5: Warning: Function state mutability can be restricted to pure
    function min256(uint256 a, uint256 b) internal constant returns (uint256) {
    ^ (Relevant source part starts here and spans across multiple lines).
contracts/SafeMath.sol:1319:34: Warning: Function declared as view, but this expression (potentially) modifies the state and thus requires non-payable (the default) or payable.
         return _grant.value.mul(_time.sub(_grant.start)).div(_grant.end.sub(_grant.start));
                                 ^---------------------^
contracts/SafeMath.sol:1319:17: Warning: Function declared as view, but this expression (potentially) modifies the state and thus requires non-payable (the default) or payable.
         return _grant.value.mul(_time.sub(_grant.start)).div(_grant.end.sub(_grant.start));
                ^---------------------------------------^
contracts/SafeMath.sol:1319:63: Warning: Function declared as view, but this expression (potentially) modifies the state and thus requires non-payable (the default) or payable.
         return _grant.value.mul(_time.sub(_grant.start)).div(_grant.end.sub(_grant.start));
                                                              ^--------------------------^
contracts/SafeMath.sol:1319:17: Warning: Function declared as view, but this expression (potentially) modifies the state and thus requires non-payable (the default) or payable.
         return _grant.value.mul(_time.sub(_grant.start)).div(_grant.end.sub(_grant.start));
                ^-------------------------------------------------------------------------^
contracts/Trustee.sol:107:5: Warning: Defining constructors as functions with the same name as the contract is deprecated. Use "constructor(...) { ... }" instead.
    function SafeMath() {
    ^ (Relevant source part starts here and spans across multiple lines).
contracts/Trustee.sol:241:5: Warning: Defining constructors as functions with the same name as the contract is deprecated. Use "constructor(...) { ... }" instead.
    function ERC20Token(string _name, string _symbol, uint8 _decimals) {
    ^ (Relevant source part starts here and spans across multiple lines).
contracts/Trustee.sol:433:5: Warning: Defining constructors as functions with the same name as the contract is deprecated. Use "constructor(...) { ... }" instead.
    function Owned() {
    ^ (Relevant source part starts here and spans across multiple lines).
contracts/Trustee.sol:521:5: Warning: Defining constructors as functions with the same name as the contract is deprecated. Use "constructor(...) { ... }" instead.
    function TokenHolder() {
    ^ (Relevant source part starts here and spans across multiple lines).
contracts/Trustee.sol:637:5: Warning: Defining constructors as functions with the same name as the contract is deprecated. Use "constructor(...) { ... }" instead.
    function SmartToken(string _name, string _symbol, uint8 _decimals)
    ^ (Relevant source part starts here and spans across multiple lines).
contracts/Trustee.sol:881:5: Warning: Defining constructors as functions with the same name as the contract is deprecated. Use "constructor(...) { ... }" instead.
    function Ownable() {
    ^ (Relevant source part starts here and spans across multiple lines).
contracts/Trustee.sol:895:13: Warning: "throw" is deprecated in favour of "revert()", "require()" and "assert()".
            throw;
            ^---^
contracts/Trustee.sol:1041:5: Warning: Defining constructors as functions with the same name as the contract is deprecated. Use "constructor(...) { ... }" instead.
    function StoxSmartToken() SmartToken('Stox', 'STX', 18) {
    ^ (Relevant source part starts here and spans across multiple lines).
contracts/Trustee.sol:1109:5: Warning: Defining constructors as functions with the same name as the contract is deprecated. Use "constructor(...) { ... }" instead.
    function Trustee(StoxSmartToken _stox) {
    ^ (Relevant source part starts here and spans across multiple lines).
contracts/Trustee.sol:1441:13: Warning: "throw" is deprecated in favour of "revert()", "require()" and "assert()".
            throw;
            ^---^
contracts/Trustee.sol:1459:13: Warning: "throw" is deprecated in favour of "revert()", "require()" and "assert()".
            throw;
            ^---^
contracts/Trustee.sol:1477:5: Warning: Defining constructors as functions with the same name as the contract is deprecated. Use "constructor(...) { ... }" instead.
    function StoxSmartTokenSale(address _stox, address _fundingRecipient, uint256 _startTime) {
    ^ (Relevant source part starts here and spans across multiple lines).
contracts/Trustee.sol:1539:13: Warning: "throw" is deprecated in favour of "revert()", "require()" and "assert()".
            throw;
            ^---^
contracts/Trustee.sol:15:47: Warning: This declaration shadows an existing declaration.
    function owner() public constant returns (address owner) { owner; }
                                              ^-----------^
contracts/Trustee.sol:15:5: The shadowed declaration is here:
    function owner() public constant returns (address owner) { owner; }
    ^-----------------------------------------------------------------^

contracts/Trustee.sol:37:46: Warning: This declaration shadows an existing declaration.
    function name() public constant returns (string name) { name; }
                                             ^---------^
contracts/Trustee.sol:37:5: The shadowed declaration is here:
    function name() public constant returns (string name) { name; }
    ^-------------------------------------------------------------^

contracts/Trustee.sol:39:48: Warning: This declaration shadows an existing declaration.
    function symbol() public constant returns (string symbol) { symbol; }
                                               ^-----------^
contracts/Trustee.sol:39:5: The shadowed declaration is here:
    function symbol() public constant returns (string symbol) { symbol; }
    ^-------------------------------------------------------------------^

contracts/Trustee.sol:41:50: Warning: This declaration shadows an existing declaration.
    function decimals() public constant returns (uint8 decimals) { decimals; }
                                                 ^------------^
contracts/Trustee.sol:41:5: The shadowed declaration is here:
    function decimals() public constant returns (uint8 decimals) { decimals; }
    ^------------------------------------------------------------------------^

contracts/Trustee.sol:43:53: Warning: This declaration shadows an existing declaration.
    function totalSupply() public constant returns (uint256 totalSupply) { totalSupply; }
                                                    ^-----------------^
contracts/Trustee.sol:43:5: The shadowed declaration is here:
    function totalSupply() public constant returns (uint256 totalSupply) { totalSupply; }
    ^-----------------------------------------------------------------------------------^

contracts/Trustee.sol:1201:9: Warning: This declaration shadows an existing declaration.
        Grant grant = grants[_holder];
        ^---------^
contracts/Trustee.sol:1135:5: The shadowed declaration is here:
    function grant(address _to, uint256 _value, uint256 _start, uint256 _cliff, uint256 _end, bool _revokable)
    ^ (Relevant source part starts here and spans across multiple lines).

contracts/Trustee.sol:1243:9: Warning: This declaration shadows an existing declaration.
        Grant grant = grants[_holder];
        ^---------^
contracts/Trustee.sol:1135:5: The shadowed declaration is here:
    function grant(address _to, uint256 _value, uint256 _start, uint256 _cliff, uint256 _end, bool _revokable)
    ^ (Relevant source part starts here and spans across multiple lines).

contracts/Trustee.sol:1331:9: Warning: This declaration shadows an existing declaration.
        Grant grant = grants[msg.sender];
        ^---------^
contracts/Trustee.sol:1135:5: The shadowed declaration is here:
    function grant(address _to, uint256 _value, uint256 _start, uint256 _cliff, uint256 _end, bool _revokable)
    ^ (Relevant source part starts here and spans across multiple lines).

contracts/Trustee.sol:1201:9: Warning: Variable is declared as a storage pointer. Use an explicit "storage" keyword to silence this warning.
        Grant grant = grants[_holder];
        ^---------^
contracts/Trustee.sol:1243:9: Warning: Variable is declared as a storage pointer. Use an explicit "storage" keyword to silence this warning.
        Grant grant = grants[_holder];
        ^---------^
contracts/Trustee.sol:1331:9: Warning: Variable is declared as a storage pointer. Use an explicit "storage" keyword to silence this warning.
        Grant grant = grants[msg.sender];
        ^---------^
contracts/Trustee.sol:301:9: Warning: Invoking events without "emit" prefix is deprecated.
        Transfer(msg.sender, _to, _value);
        ^-------------------------------^
contracts/Trustee.sol:347:9: Warning: Invoking events without "emit" prefix is deprecated.
        Transfer(_from, _to, _value);
        ^--------------------------^
contracts/Trustee.sol:399:9: Warning: Invoking events without "emit" prefix is deprecated.
        Approval(msg.sender, _spender, _value);
        ^------------------------------------^
contracts/Trustee.sol:487:9: Warning: Invoking events without "emit" prefix is deprecated.
        OwnerUpdate(owner, newOwner);
        ^--------------------------^
contracts/Trustee.sol:645:9: Warning: Invoking events without "emit" prefix is deprecated.
        NewSmartToken(address(this));
        ^--------------------------^
contracts/Trustee.sol:715:9: Warning: Invoking events without "emit" prefix is deprecated.
        Issuance(_amount);
        ^---------------^
contracts/Trustee.sol:717:9: Warning: Invoking events without "emit" prefix is deprecated.
        Transfer(this, _to, _amount);
        ^--------------------------^
contracts/Trustee.sol:751:9: Warning: Invoking events without "emit" prefix is deprecated.
        Transfer(_from, this, _amount);
        ^----------------------------^
contracts/Trustee.sol:753:9: Warning: Invoking events without "emit" prefix is deprecated.
        Destruction(_amount);
        ^------------------^
contracts/Trustee.sol:797:13: Warning: Invoking events without "emit" prefix is deprecated.
            Destruction(_value);
            ^-----------------^
contracts/Trustee.sol:845:13: Warning: Invoking events without "emit" prefix is deprecated.
            Destruction(_value);
            ^-----------------^
contracts/Trustee.sol:921:9: Warning: Invoking events without "emit" prefix is deprecated.
        OwnershipRequested(msg.sender, newOwnerCandidate);
        ^-----------------------------------------------^
contracts/Trustee.sol:939:13: Warning: Invoking events without "emit" prefix is deprecated.
            OwnershipTransferred(owner, newOwnerCandidate);
            ^--------------------------------------------^
contracts/Trustee.sol:1189:9: Warning: Invoking events without "emit" prefix is deprecated.
        NewGrant(msg.sender, _to, _value);
        ^-------------------------------^
contracts/Trustee.sol:1227:9: Warning: Invoking events without "emit" prefix is deprecated.
        RevokeGrant(_holder, refund);
        ^--------------------------^
contracts/Trustee.sol:1369:9: Warning: Invoking events without "emit" prefix is deprecated.
        UnlockGrant(msg.sender, transferable);
        ^-----------------------------------^
contracts/Trustee.sol:1587:21: Warning: Using "years" as a unit denomination is deprecated.
            now.add(1 years), true);
                    ^-----^
contracts/Trustee.sol:1595:21: Warning: Using "years" as a unit denomination is deprecated.
            now.add(2 years), true);
                    ^-----^
contracts/Trustee.sol:1677:9: Warning: Invoking events without "emit" prefix is deprecated.
        TokensIssued(_recipient, _tokens);
        ^-------------------------------^
contracts/Trustee.sol:107:5: Warning: No visibility specified. Defaulting to "public". 
    function SafeMath() {
    ^ (Relevant source part starts here and spans across multiple lines).
contracts/Trustee.sol:241:5: Warning: No visibility specified. Defaulting to "public". 
    function ERC20Token(string _name, string _symbol, uint8 _decimals) {
    ^ (Relevant source part starts here and spans across multiple lines).
contracts/Trustee.sol:433:5: Warning: No visibility specified. Defaulting to "public". 
    function Owned() {
    ^ (Relevant source part starts here and spans across multiple lines).
contracts/Trustee.sol:521:5: Warning: No visibility specified. Defaulting to "public". 
    function TokenHolder() {
    ^ (Relevant source part starts here and spans across multiple lines).
contracts/Trustee.sol:637:5: Warning: No visibility specified. Defaulting to "public". 
    function SmartToken(string _name, string _symbol, uint8 _decimals)
    ^ (Relevant source part starts here and spans across multiple lines).
contracts/Trustee.sol:881:5: Warning: No visibility specified. Defaulting to "public". 
    function Ownable() {
    ^ (Relevant source part starts here and spans across multiple lines).
contracts/Trustee.sol:911:5: Warning: No visibility specified. Defaulting to "public". 
    function transferOwnership(address _newOwnerCandidate) onlyOwner {
    ^ (Relevant source part starts here and spans across multiple lines).
contracts/Trustee.sol:929:5: Warning: No visibility specified. Defaulting to "public". 
    function acceptOwnership() {
    ^ (Relevant source part starts here and spans across multiple lines).
contracts/Trustee.sol:1041:5: Warning: No visibility specified. Defaulting to "public". 
    function StoxSmartToken() SmartToken('Stox', 'STX', 18) {
    ^ (Relevant source part starts here and spans across multiple lines).
contracts/Trustee.sol:1109:5: Warning: No visibility specified. Defaulting to "public". 
    function Trustee(StoxSmartToken _stox) {
    ^ (Relevant source part starts here and spans across multiple lines).
contracts/Trustee.sol:1477:5: Warning: No visibility specified. Defaulting to "public". 
    function StoxSmartTokenSale(address _stox, address _fundingRecipient, uint256 _startTime) {
    ^ (Relevant source part starts here and spans across multiple lines).
contracts/Trustee.sol:15:5: Warning: Function state mutability can be restricted to pure
    function owner() public constant returns (address owner) { owner; }
    ^-----------------------------------------------------------------^
contracts/Trustee.sol:37:5: Warning: Function state mutability can be restricted to pure
    function name() public constant returns (string name) { name; }
    ^-------------------------------------------------------------^
contracts/Trustee.sol:39:5: Warning: Function state mutability can be restricted to pure
    function symbol() public constant returns (string symbol) { symbol; }
    ^-------------------------------------------------------------------^
contracts/Trustee.sol:41:5: Warning: Function state mutability can be restricted to pure
    function decimals() public constant returns (uint8 decimals) { decimals; }
    ^------------------------------------------------------------------------^
contracts/Trustee.sol:43:5: Warning: Function state mutability can be restricted to pure
    function totalSupply() public constant returns (uint256 totalSupply) { totalSupply; }
    ^-----------------------------------------------------------------------------------^
contracts/Trustee.sol:45:5: Warning: Function state mutability can be restricted to pure
    function balanceOf(address _owner) public constant returns (uint256 balance) { _owner; balance; }
    ^-----------------------------------------------------------------------------------------------^
contracts/Trustee.sol:47:5: Warning: Function state mutability can be restricted to pure
    function allowance(address _owner, address _spender) public constant returns (uint256 remaining) { _owner; _spender; remaining; }
    ^-------------------------------------------------------------------------------------------------------------------------------^
contracts/Trustee.sol:129:5: Warning: Function state mutability can be restricted to pure
    function safeAdd(uint256 _x, uint256 _y) internal returns (uint256) {
    ^ (Relevant source part starts here and spans across multiple lines).
contracts/Trustee.sol:157:5: Warning: Function state mutability can be restricted to pure
    function safeSub(uint256 _x, uint256 _y) internal returns (uint256) {
    ^ (Relevant source part starts here and spans across multiple lines).
contracts/Trustee.sol:183:5: Warning: Function state mutability can be restricted to pure
    function safeMul(uint256 _x, uint256 _y) internal returns (uint256) {
    ^ (Relevant source part starts here and spans across multiple lines).
contracts/Trustee.sol:953:5: Warning: Function state mutability can be restricted to pure
    function mul(uint256 a, uint256 b) internal returns (uint256) {
    ^ (Relevant source part starts here and spans across multiple lines).
contracts/Trustee.sol:965:5: Warning: Function state mutability can be restricted to pure
    function div(uint256 a, uint256 b) internal returns (uint256) {
    ^ (Relevant source part starts here and spans across multiple lines).
contracts/Trustee.sol:979:5: Warning: Function state mutability can be restricted to pure
    function sub(uint256 a, uint256 b) internal returns (uint256) {
    ^ (Relevant source part starts here and spans across multiple lines).
contracts/Trustee.sol:989:5: Warning: Function state mutability can be restricted to pure
    function add(uint256 a, uint256 b) internal returns (uint256) {
    ^ (Relevant source part starts here and spans across multiple lines).
contracts/Trustee.sol:1001:5: Warning: Function state mutability can be restricted to pure
    function max64(uint64 a, uint64 b) internal constant returns (uint64) {
    ^ (Relevant source part starts here and spans across multiple lines).
contracts/Trustee.sol:1009:5: Warning: Function state mutability can be restricted to pure
    function min64(uint64 a, uint64 b) internal constant returns (uint64) {
    ^ (Relevant source part starts here and spans across multiple lines).
contracts/Trustee.sol:1017:5: Warning: Function state mutability can be restricted to pure
    function max256(uint256 a, uint256 b) internal constant returns (uint256) {
    ^ (Relevant source part starts here and spans across multiple lines).
contracts/Trustee.sol:1025:5: Warning: Function state mutability can be restricted to pure
    function min256(uint256 a, uint256 b) internal constant returns (uint256) {
    ^ (Relevant source part starts here and spans across multiple lines).
contracts/Trustee.sol:1319:34: Warning: Function declared as view, but this expression (potentially) modifies the state and thus requires non-payable (the default) or payable.
         return _grant.value.mul(_time.sub(_grant.start)).div(_grant.end.sub(_grant.start));
                                 ^---------------------^
contracts/Trustee.sol:1319:17: Warning: Function declared as view, but this expression (potentially) modifies the state and thus requires non-payable (the default) or payable.
         return _grant.value.mul(_time.sub(_grant.start)).div(_grant.end.sub(_grant.start));
                ^---------------------------------------^
contracts/Trustee.sol:1319:63: Warning: Function declared as view, but this expression (potentially) modifies the state and thus requires non-payable (the default) or payable.
         return _grant.value.mul(_time.sub(_grant.start)).div(_grant.end.sub(_grant.start));
                                                              ^--------------------------^
contracts/Trustee.sol:1319:17: Warning: Function declared as view, but this expression (potentially) modifies the state and thus requires non-payable (the default) or payable.
         return _grant.value.mul(_time.sub(_grant.start)).div(_grant.end.sub(_grant.start));
                ^-------------------------------------------------------------------------^
contracts/StoxSmartTokenSale.sol:107:5: Warning: Defining constructors as functions with the same name as the contract is deprecated. Use "constructor(...) { ... }" instead.
    function SafeMath() {
    ^ (Relevant source part starts here and spans across multiple lines).
contracts/StoxSmartTokenSale.sol:241:5: Warning: Defining constructors as functions with the same name as the contract is deprecated. Use "constructor(...) { ... }" instead.
    function ERC20Token(string _name, string _symbol, uint8 _decimals) {
    ^ (Relevant source part starts here and spans across multiple lines).
contracts/StoxSmartTokenSale.sol:433:5: Warning: Defining constructors as functions with the same name as the contract is deprecated. Use "constructor(...) { ... }" instead.
    function Owned() {
    ^ (Relevant source part starts here and spans across multiple lines).
contracts/StoxSmartTokenSale.sol:521:5: Warning: Defining constructors as functions with the same name as the contract is deprecated. Use "constructor(...) { ... }" instead.
    function TokenHolder() {
    ^ (Relevant source part starts here and spans across multiple lines).
contracts/StoxSmartTokenSale.sol:637:5: Warning: Defining constructors as functions with the same name as the contract is deprecated. Use "constructor(...) { ... }" instead.
    function SmartToken(string _name, string _symbol, uint8 _decimals)
    ^ (Relevant source part starts here and spans across multiple lines).
contracts/StoxSmartTokenSale.sol:881:5: Warning: Defining constructors as functions with the same name as the contract is deprecated. Use "constructor(...) { ... }" instead.
    function Ownable() {
    ^ (Relevant source part starts here and spans across multiple lines).
contracts/StoxSmartTokenSale.sol:895:13: Warning: "throw" is deprecated in favour of "revert()", "require()" and "assert()".
            throw;
            ^---^
contracts/StoxSmartTokenSale.sol:1041:5: Warning: Defining constructors as functions with the same name as the contract is deprecated. Use "constructor(...) { ... }" instead.
    function StoxSmartToken() SmartToken('Stox', 'STX', 18) {
    ^ (Relevant source part starts here and spans across multiple lines).
contracts/StoxSmartTokenSale.sol:1109:5: Warning: Defining constructors as functions with the same name as the contract is deprecated. Use "constructor(...) { ... }" instead.
    function Trustee(StoxSmartToken _stox) {
    ^ (Relevant source part starts here and spans across multiple lines).
contracts/StoxSmartTokenSale.sol:1441:13: Warning: "throw" is deprecated in favour of "revert()", "require()" and "assert()".
            throw;
            ^---^
contracts/StoxSmartTokenSale.sol:1459:13: Warning: "throw" is deprecated in favour of "revert()", "require()" and "assert()".
            throw;
            ^---^
contracts/StoxSmartTokenSale.sol:1477:5: Warning: Defining constructors as functions with the same name as the contract is deprecated. Use "constructor(...) { ... }" instead.
    function StoxSmartTokenSale(address _stox, address _fundingRecipient, uint256 _startTime) {
    ^ (Relevant source part starts here and spans across multiple lines).
contracts/StoxSmartTokenSale.sol:1539:13: Warning: "throw" is deprecated in favour of "revert()", "require()" and "assert()".
            throw;
            ^---^
contracts/StoxSmartTokenSale.sol:15:47: Warning: This declaration shadows an existing declaration.
    function owner() public constant returns (address owner) { owner; }
                                              ^-----------^
contracts/StoxSmartTokenSale.sol:15:5: The shadowed declaration is here:
    function owner() public constant returns (address owner) { owner; }
    ^-----------------------------------------------------------------^

contracts/StoxSmartTokenSale.sol:37:46: Warning: This declaration shadows an existing declaration.
    function name() public constant returns (string name) { name; }
                                             ^---------^
contracts/StoxSmartTokenSale.sol:37:5: The shadowed declaration is here:
    function name() public constant returns (string name) { name; }
    ^-------------------------------------------------------------^

contracts/StoxSmartTokenSale.sol:39:48: Warning: This declaration shadows an existing declaration.
    function symbol() public constant returns (string symbol) { symbol; }
                                               ^-----------^
contracts/StoxSmartTokenSale.sol:39:5: The shadowed declaration is here:
    function symbol() public constant returns (string symbol) { symbol; }
    ^-------------------------------------------------------------------^

contracts/StoxSmartTokenSale.sol:41:50: Warning: This declaration shadows an existing declaration.
    function decimals() public constant returns (uint8 decimals) { decimals; }
                                                 ^------------^
contracts/StoxSmartTokenSale.sol:41:5: The shadowed declaration is here:
    function decimals() public constant returns (uint8 decimals) { decimals; }
    ^------------------------------------------------------------------------^

contracts/StoxSmartTokenSale.sol:43:53: Warning: This declaration shadows an existing declaration.
    function totalSupply() public constant returns (uint256 totalSupply) { totalSupply; }
                                                    ^-----------------^
contracts/StoxSmartTokenSale.sol:43:5: The shadowed declaration is here:
    function totalSupply() public constant returns (uint256 totalSupply) { totalSupply; }
    ^-----------------------------------------------------------------------------------^

contracts/StoxSmartTokenSale.sol:1201:9: Warning: This declaration shadows an existing declaration.
        Grant grant = grants[_holder];
        ^---------^
contracts/StoxSmartTokenSale.sol:1135:5: The shadowed declaration is here:
    function grant(address _to, uint256 _value, uint256 _start, uint256 _cliff, uint256 _end, bool _revokable)
    ^ (Relevant source part starts here and spans across multiple lines).

contracts/StoxSmartTokenSale.sol:1243:9: Warning: This declaration shadows an existing declaration.
        Grant grant = grants[_holder];
        ^---------^
contracts/StoxSmartTokenSale.sol:1135:5: The shadowed declaration is here:
    function grant(address _to, uint256 _value, uint256 _start, uint256 _cliff, uint256 _end, bool _revokable)
    ^ (Relevant source part starts here and spans across multiple lines).

contracts/StoxSmartTokenSale.sol:1331:9: Warning: This declaration shadows an existing declaration.
        Grant grant = grants[msg.sender];
        ^---------^
contracts/StoxSmartTokenSale.sol:1135:5: The shadowed declaration is here:
    function grant(address _to, uint256 _value, uint256 _start, uint256 _cliff, uint256 _end, bool _revokable)
    ^ (Relevant source part starts here and spans across multiple lines).

contracts/StoxSmartTokenSale.sol:1201:9: Warning: Variable is declared as a storage pointer. Use an explicit "storage" keyword to silence this warning.
        Grant grant = grants[_holder];
        ^---------^
contracts/StoxSmartTokenSale.sol:1243:9: Warning: Variable is declared as a storage pointer. Use an explicit "storage" keyword to silence this warning.
        Grant grant = grants[_holder];
        ^---------^
contracts/StoxSmartTokenSale.sol:1331:9: Warning: Variable is declared as a storage pointer. Use an explicit "storage" keyword to silence this warning.
        Grant grant = grants[msg.sender];
        ^---------^
contracts/StoxSmartTokenSale.sol:301:9: Warning: Invoking events without "emit" prefix is deprecated.
        Transfer(msg.sender, _to, _value);
        ^-------------------------------^
contracts/StoxSmartTokenSale.sol:347:9: Warning: Invoking events without "emit" prefix is deprecated.
        Transfer(_from, _to, _value);
        ^--------------------------^
contracts/StoxSmartTokenSale.sol:399:9: Warning: Invoking events without "emit" prefix is deprecated.
        Approval(msg.sender, _spender, _value);
        ^------------------------------------^
contracts/StoxSmartTokenSale.sol:487:9: Warning: Invoking events without "emit" prefix is deprecated.
        OwnerUpdate(owner, newOwner);
        ^--------------------------^
contracts/StoxSmartTokenSale.sol:645:9: Warning: Invoking events without "emit" prefix is deprecated.
        NewSmartToken(address(this));
        ^--------------------------^
contracts/StoxSmartTokenSale.sol:715:9: Warning: Invoking events without "emit" prefix is deprecated.
        Issuance(_amount);
        ^---------------^
contracts/StoxSmartTokenSale.sol:717:9: Warning: Invoking events without "emit" prefix is deprecated.
        Transfer(this, _to, _amount);
        ^--------------------------^
contracts/StoxSmartTokenSale.sol:751:9: Warning: Invoking events without "emit" prefix is deprecated.
        Transfer(_from, this, _amount);
        ^----------------------------^
contracts/StoxSmartTokenSale.sol:753:9: Warning: Invoking events without "emit" prefix is deprecated.
        Destruction(_amount);
        ^------------------^
contracts/StoxSmartTokenSale.sol:797:13: Warning: Invoking events without "emit" prefix is deprecated.
            Destruction(_value);
            ^-----------------^
contracts/StoxSmartTokenSale.sol:845:13: Warning: Invoking events without "emit" prefix is deprecated.
            Destruction(_value);
            ^-----------------^
contracts/StoxSmartTokenSale.sol:921:9: Warning: Invoking events without "emit" prefix is deprecated.
        OwnershipRequested(msg.sender, newOwnerCandidate);
        ^-----------------------------------------------^
contracts/StoxSmartTokenSale.sol:939:13: Warning: Invoking events without "emit" prefix is deprecated.
            OwnershipTransferred(owner, newOwnerCandidate);
            ^--------------------------------------------^
contracts/StoxSmartTokenSale.sol:1189:9: Warning: Invoking events without "emit" prefix is deprecated.
        NewGrant(msg.sender, _to, _value);
        ^-------------------------------^
contracts/StoxSmartTokenSale.sol:1227:9: Warning: Invoking events without "emit" prefix is deprecated.
        RevokeGrant(_holder, refund);
        ^--------------------------^
contracts/StoxSmartTokenSale.sol:1369:9: Warning: Invoking events without "emit" prefix is deprecated.
        UnlockGrant(msg.sender, transferable);
        ^-----------------------------------^
contracts/StoxSmartTokenSale.sol:1587:21: Warning: Using "years" as a unit denomination is deprecated.
            now.add(1 years), true);
                    ^-----^
contracts/StoxSmartTokenSale.sol:1595:21: Warning: Using "years" as a unit denomination is deprecated.
            now.add(2 years), true);
                    ^-----^
contracts/StoxSmartTokenSale.sol:1677:9: Warning: Invoking events without "emit" prefix is deprecated.
        TokensIssued(_recipient, _tokens);
        ^-------------------------------^
contracts/StoxSmartTokenSale.sol:107:5: Warning: No visibility specified. Defaulting to "public". 
    function SafeMath() {
    ^ (Relevant source part starts here and spans across multiple lines).
contracts/StoxSmartTokenSale.sol:241:5: Warning: No visibility specified. Defaulting to "public". 
    function ERC20Token(string _name, string _symbol, uint8 _decimals) {
    ^ (Relevant source part starts here and spans across multiple lines).
contracts/StoxSmartTokenSale.sol:433:5: Warning: No visibility specified. Defaulting to "public". 
    function Owned() {
    ^ (Relevant source part starts here and spans across multiple lines).
contracts/StoxSmartTokenSale.sol:521:5: Warning: No visibility specified. Defaulting to "public". 
    function TokenHolder() {
    ^ (Relevant source part starts here and spans across multiple lines).
contracts/StoxSmartTokenSale.sol:637:5: Warning: No visibility specified. Defaulting to "public". 
    function SmartToken(string _name, string _symbol, uint8 _decimals)
    ^ (Relevant source part starts here and spans across multiple lines).
contracts/StoxSmartTokenSale.sol:881:5: Warning: No visibility specified. Defaulting to "public". 
    function Ownable() {
    ^ (Relevant source part starts here and spans across multiple lines).
contracts/StoxSmartTokenSale.sol:911:5: Warning: No visibility specified. Defaulting to "public". 
    function transferOwnership(address _newOwnerCandidate) onlyOwner {
    ^ (Relevant source part starts here and spans across multiple lines).
contracts/StoxSmartTokenSale.sol:929:5: Warning: No visibility specified. Defaulting to "public". 
    function acceptOwnership() {
    ^ (Relevant source part starts here and spans across multiple lines).
contracts/StoxSmartTokenSale.sol:1041:5: Warning: No visibility specified. Defaulting to "public". 
    function StoxSmartToken() SmartToken('Stox', 'STX', 18) {
    ^ (Relevant source part starts here and spans across multiple lines).
contracts/StoxSmartTokenSale.sol:1109:5: Warning: No visibility specified. Defaulting to "public". 
    function Trustee(StoxSmartToken _stox) {
    ^ (Relevant source part starts here and spans across multiple lines).
contracts/StoxSmartTokenSale.sol:1477:5: Warning: No visibility specified. Defaulting to "public". 
    function StoxSmartTokenSale(address _stox, address _fundingRecipient, uint256 _startTime) {
    ^ (Relevant source part starts here and spans across multiple lines).
contracts/StoxSmartTokenSale.sol:15:5: Warning: Function state mutability can be restricted to pure
    function owner() public constant returns (address owner) { owner; }
    ^-----------------------------------------------------------------^
contracts/StoxSmartTokenSale.sol:37:5: Warning: Function state mutability can be restricted to pure
    function name() public constant returns (string name) { name; }
    ^-------------------------------------------------------------^
contracts/StoxSmartTokenSale.sol:39:5: Warning: Function state mutability can be restricted to pure
    function symbol() public constant returns (string symbol) { symbol; }
    ^-------------------------------------------------------------------^
contracts/StoxSmartTokenSale.sol:41:5: Warning: Function state mutability can be restricted to pure
    function decimals() public constant returns (uint8 decimals) { decimals; }
    ^------------------------------------------------------------------------^
contracts/StoxSmartTokenSale.sol:43:5: Warning: Function state mutability can be restricted to pure
    function totalSupply() public constant returns (uint256 totalSupply) { totalSupply; }
    ^-----------------------------------------------------------------------------------^
contracts/StoxSmartTokenSale.sol:45:5: Warning: Function state mutability can be restricted to pure
    function balanceOf(address _owner) public constant returns (uint256 balance) { _owner; balance; }
    ^-----------------------------------------------------------------------------------------------^
contracts/StoxSmartTokenSale.sol:47:5: Warning: Function state mutability can be restricted to pure
    function allowance(address _owner, address _spender) public constant returns (uint256 remaining) { _owner; _spender; remaining; }
    ^-------------------------------------------------------------------------------------------------------------------------------^
contracts/StoxSmartTokenSale.sol:129:5: Warning: Function state mutability can be restricted to pure
    function safeAdd(uint256 _x, uint256 _y) internal returns (uint256) {
    ^ (Relevant source part starts here and spans across multiple lines).
contracts/StoxSmartTokenSale.sol:157:5: Warning: Function state mutability can be restricted to pure
    function safeSub(uint256 _x, uint256 _y) internal returns (uint256) {
    ^ (Relevant source part starts here and spans across multiple lines).
contracts/StoxSmartTokenSale.sol:183:5: Warning: Function state mutability can be restricted to pure
    function safeMul(uint256 _x, uint256 _y) internal returns (uint256) {
    ^ (Relevant source part starts here and spans across multiple lines).
contracts/StoxSmartTokenSale.sol:953:5: Warning: Function state mutability can be restricted to pure
    function mul(uint256 a, uint256 b) internal returns (uint256) {
    ^ (Relevant source part starts here and spans across multiple lines).
contracts/StoxSmartTokenSale.sol:965:5: Warning: Function state mutability can be restricted to pure
    function div(uint256 a, uint256 b) internal returns (uint256) {
    ^ (Relevant source part starts here and spans across multiple lines).
contracts/StoxSmartTokenSale.sol:979:5: Warning: Function state mutability can be restricted to pure
    function sub(uint256 a, uint256 b) internal returns (uint256) {
    ^ (Relevant source part starts here and spans across multiple lines).
contracts/StoxSmartTokenSale.sol:989:5: Warning: Function state mutability can be restricted to pure
    function add(uint256 a, uint256 b) internal returns (uint256) {
    ^ (Relevant source part starts here and spans across multiple lines).
contracts/StoxSmartTokenSale.sol:1001:5: Warning: Function state mutability can be restricted to pure
    function max64(uint64 a, uint64 b) internal constant returns (uint64) {
    ^ (Relevant source part starts here and spans across multiple lines).
contracts/StoxSmartTokenSale.sol:1009:5: Warning: Function state mutability can be restricted to pure
    function min64(uint64 a, uint64 b) internal constant returns (uint64) {
    ^ (Relevant source part starts here and spans across multiple lines).
contracts/StoxSmartTokenSale.sol:1017:5: Warning: Function state mutability can be restricted to pure
    function max256(uint256 a, uint256 b) internal constant returns (uint256) {
    ^ (Relevant source part starts here and spans across multiple lines).
contracts/StoxSmartTokenSale.sol:1025:5: Warning: Function state mutability can be restricted to pure
    function min256(uint256 a, uint256 b) internal constant returns (uint256) {
    ^ (Relevant source part starts here and spans across multiple lines).
contracts/StoxSmartTokenSale.sol:1319:34: Warning: Function declared as view, but this expression (potentially) modifies the state and thus requires non-payable (the default) or payable.
         return _grant.value.mul(_time.sub(_grant.start)).div(_grant.end.sub(_grant.start));
                                 ^---------------------^
contracts/StoxSmartTokenSale.sol:1319:17: Warning: Function declared as view, but this expression (potentially) modifies the state and thus requires non-payable (the default) or payable.
         return _grant.value.mul(_time.sub(_grant.start)).div(_grant.end.sub(_grant.start));
                ^---------------------------------------^
contracts/StoxSmartTokenSale.sol:1319:63: Warning: Function declared as view, but this expression (potentially) modifies the state and thus requires non-payable (the default) or payable.
         return _grant.value.mul(_time.sub(_grant.start)).div(_grant.end.sub(_grant.start));
                                                              ^--------------------------^
contracts/StoxSmartTokenSale.sol:1319:17: Warning: Function declared as view, but this expression (potentially) modifies the state and thus requires non-payable (the default) or payable.
         return _grant.value.mul(_time.sub(_grant.start)).div(_grant.end.sub(_grant.start));
                ^-------------------------------------------------------------------------^
contracts/Owned.sol:107:5: Warning: Defining constructors as functions with the same name as the contract is deprecated. Use "constructor(...) { ... }" instead.
    function SafeMath() {
    ^ (Relevant source part starts here and spans across multiple lines).
contracts/Owned.sol:241:5: Warning: Defining constructors as functions with the same name as the contract is deprecated. Use "constructor(...) { ... }" instead.
    function ERC20Token(string _name, string _symbol, uint8 _decimals) {
    ^ (Relevant source part starts here and spans across multiple lines).
contracts/Owned.sol:433:5: Warning: Defining constructors as functions with the same name as the contract is deprecated. Use "constructor(...) { ... }" instead.
    function Owned() {
    ^ (Relevant source part starts here and spans across multiple lines).
contracts/Owned.sol:521:5: Warning: Defining constructors as functions with the same name as the contract is deprecated. Use "constructor(...) { ... }" instead.
    function TokenHolder() {
    ^ (Relevant source part starts here and spans across multiple lines).
contracts/Owned.sol:637:5: Warning: Defining constructors as functions with the same name as the contract is deprecated. Use "constructor(...) { ... }" instead.
    function SmartToken(string _name, string _symbol, uint8 _decimals)
    ^ (Relevant source part starts here and spans across multiple lines).
contracts/Owned.sol:881:5: Warning: Defining constructors as functions with the same name as the contract is deprecated. Use "constructor(...) { ... }" instead.
    function Ownable() {
    ^ (Relevant source part starts here and spans across multiple lines).
contracts/Owned.sol:895:13: Warning: "throw" is deprecated in favour of "revert()", "require()" and "assert()".
            throw;
            ^---^
contracts/Owned.sol:1041:5: Warning: Defining constructors as functions with the same name as the contract is deprecated. Use "constructor(...) { ... }" instead.
    function StoxSmartToken() SmartToken('Stox', 'STX', 18) {
    ^ (Relevant source part starts here and spans across multiple lines).
contracts/Owned.sol:1109:5: Warning: Defining constructors as functions with the same name as the contract is deprecated. Use "constructor(...) { ... }" instead.
    function Trustee(StoxSmartToken _stox) {
    ^ (Relevant source part starts here and spans across multiple lines).
contracts/Owned.sol:1441:13: Warning: "throw" is deprecated in favour of "revert()", "require()" and "assert()".
            throw;
            ^---^
contracts/Owned.sol:1459:13: Warning: "throw" is deprecated in favour of "revert()", "require()" and "assert()".
            throw;
            ^---^
contracts/Owned.sol:1477:5: Warning: Defining constructors as functions with the same name as the contract is deprecated. Use "constructor(...) { ... }" instead.
    function StoxSmartTokenSale(address _stox, address _fundingRecipient, uint256 _startTime) {
    ^ (Relevant source part starts here and spans across multiple lines).
contracts/Owned.sol:1539:13: Warning: "throw" is deprecated in favour of "revert()", "require()" and "assert()".
            throw;
            ^---^
contracts/Owned.sol:15:47: Warning: This declaration shadows an existing declaration.
    function owner() public constant returns (address owner) { owner; }
                                              ^-----------^
contracts/Owned.sol:15:5: The shadowed declaration is here:
    function owner() public constant returns (address owner) { owner; }
    ^-----------------------------------------------------------------^

contracts/Owned.sol:37:46: Warning: This declaration shadows an existing declaration.
    function name() public constant returns (string name) { name; }
                                             ^---------^
contracts/Owned.sol:37:5: The shadowed declaration is here:
    function name() public constant returns (string name) { name; }
    ^-------------------------------------------------------------^

contracts/Owned.sol:39:48: Warning: This declaration shadows an existing declaration.
    function symbol() public constant returns (string symbol) { symbol; }
                                               ^-----------^
contracts/Owned.sol:39:5: The shadowed declaration is here:
    function symbol() public constant returns (string symbol) { symbol; }
    ^-------------------------------------------------------------------^

contracts/Owned.sol:41:50: Warning: This declaration shadows an existing declaration.
    function decimals() public constant returns (uint8 decimals) { decimals; }
                                                 ^------------^
contracts/Owned.sol:41:5: The shadowed declaration is here:
    function decimals() public constant returns (uint8 decimals) { decimals; }
    ^------------------------------------------------------------------------^

contracts/Owned.sol:43:53: Warning: This declaration shadows an existing declaration.
    function totalSupply() public constant returns (uint256 totalSupply) { totalSupply; }
                                                    ^-----------------^
contracts/Owned.sol:43:5: The shadowed declaration is here:
    function totalSupply() public constant returns (uint256 totalSupply) { totalSupply; }
    ^-----------------------------------------------------------------------------------^

contracts/Owned.sol:1201:9: Warning: This declaration shadows an existing declaration.
        Grant grant = grants[_holder];
        ^---------^
contracts/Owned.sol:1135:5: The shadowed declaration is here:
    function grant(address _to, uint256 _value, uint256 _start, uint256 _cliff, uint256 _end, bool _revokable)
    ^ (Relevant source part starts here and spans across multiple lines).

contracts/Owned.sol:1243:9: Warning: This declaration shadows an existing declaration.
        Grant grant = grants[_holder];
        ^---------^
contracts/Owned.sol:1135:5: The shadowed declaration is here:
    function grant(address _to, uint256 _value, uint256 _start, uint256 _cliff, uint256 _end, bool _revokable)
    ^ (Relevant source part starts here and spans across multiple lines).

contracts/Owned.sol:1331:9: Warning: This declaration shadows an existing declaration.
        Grant grant = grants[msg.sender];
        ^---------^
contracts/Owned.sol:1135:5: The shadowed declaration is here:
    function grant(address _to, uint256 _value, uint256 _start, uint256 _cliff, uint256 _end, bool _revokable)
    ^ (Relevant source part starts here and spans across multiple lines).

contracts/Owned.sol:1201:9: Warning: Variable is declared as a storage pointer. Use an explicit "storage" keyword to silence this warning.
        Grant grant = grants[_holder];
        ^---------^
contracts/Owned.sol:1243:9: Warning: Variable is declared as a storage pointer. Use an explicit "storage" keyword to silence this warning.
        Grant grant = grants[_holder];
        ^---------^
contracts/Owned.sol:1331:9: Warning: Variable is declared as a storage pointer. Use an explicit "storage" keyword to silence this warning.
        Grant grant = grants[msg.sender];
        ^---------^
contracts/Owned.sol:301:9: Warning: Invoking events without "emit" prefix is deprecated.
        Transfer(msg.sender, _to, _value);
        ^-------------------------------^
contracts/Owned.sol:347:9: Warning: Invoking events without "emit" prefix is deprecated.
        Transfer(_from, _to, _value);
        ^--------------------------^
contracts/Owned.sol:399:9: Warning: Invoking events without "emit" prefix is deprecated.
        Approval(msg.sender, _spender, _value);
        ^------------------------------------^
contracts/Owned.sol:487:9: Warning: Invoking events without "emit" prefix is deprecated.
        OwnerUpdate(owner, newOwner);
        ^--------------------------^
contracts/Owned.sol:645:9: Warning: Invoking events without "emit" prefix is deprecated.
        NewSmartToken(address(this));
        ^--------------------------^
contracts/Owned.sol:715:9: Warning: Invoking events without "emit" prefix is deprecated.
        Issuance(_amount);
        ^---------------^
contracts/Owned.sol:717:9: Warning: Invoking events without "emit" prefix is deprecated.
        Transfer(this, _to, _amount);
        ^--------------------------^
contracts/Owned.sol:751:9: Warning: Invoking events without "emit" prefix is deprecated.
        Transfer(_from, this, _amount);
        ^----------------------------^
contracts/Owned.sol:753:9: Warning: Invoking events without "emit" prefix is deprecated.
        Destruction(_amount);
        ^------------------^
contracts/Owned.sol:797:13: Warning: Invoking events without "emit" prefix is deprecated.
            Destruction(_value);
            ^-----------------^
contracts/Owned.sol:845:13: Warning: Invoking events without "emit" prefix is deprecated.
            Destruction(_value);
            ^-----------------^
contracts/Owned.sol:921:9: Warning: Invoking events without "emit" prefix is deprecated.
        OwnershipRequested(msg.sender, newOwnerCandidate);
        ^-----------------------------------------------^
contracts/Owned.sol:939:13: Warning: Invoking events without "emit" prefix is deprecated.
            OwnershipTransferred(owner, newOwnerCandidate);
            ^--------------------------------------------^
contracts/Owned.sol:1189:9: Warning: Invoking events without "emit" prefix is deprecated.
        NewGrant(msg.sender, _to, _value);
        ^-------------------------------^
contracts/Owned.sol:1227:9: Warning: Invoking events without "emit" prefix is deprecated.
        RevokeGrant(_holder, refund);
        ^--------------------------^
contracts/Owned.sol:1369:9: Warning: Invoking events without "emit" prefix is deprecated.
        UnlockGrant(msg.sender, transferable);
        ^-----------------------------------^
contracts/Owned.sol:1587:21: Warning: Using "years" as a unit denomination is deprecated.
            now.add(1 years), true);
                    ^-----^
contracts/Owned.sol:1595:21: Warning: Using "years" as a unit denomination is deprecated.
            now.add(2 years), true);
                    ^-----^
contracts/Owned.sol:1677:9: Warning: Invoking events without "emit" prefix is deprecated.
        TokensIssued(_recipient, _tokens);
        ^-------------------------------^
contracts/Owned.sol:107:5: Warning: No visibility specified. Defaulting to "public". 
    function SafeMath() {
    ^ (Relevant source part starts here and spans across multiple lines).
contracts/Owned.sol:241:5: Warning: No visibility specified. Defaulting to "public". 
    function ERC20Token(string _name, string _symbol, uint8 _decimals) {
    ^ (Relevant source part starts here and spans across multiple lines).
contracts/Owned.sol:433:5: Warning: No visibility specified. Defaulting to "public". 
    function Owned() {
    ^ (Relevant source part starts here and spans across multiple lines).
contracts/Owned.sol:521:5: Warning: No visibility specified. Defaulting to "public". 
    function TokenHolder() {
    ^ (Relevant source part starts here and spans across multiple lines).
contracts/Owned.sol:637:5: Warning: No visibility specified. Defaulting to "public". 
    function SmartToken(string _name, string _symbol, uint8 _decimals)
    ^ (Relevant source part starts here and spans across multiple lines).
contracts/Owned.sol:881:5: Warning: No visibility specified. Defaulting to "public". 
    function Ownable() {
    ^ (Relevant source part starts here and spans across multiple lines).
contracts/Owned.sol:911:5: Warning: No visibility specified. Defaulting to "public". 
    function transferOwnership(address _newOwnerCandidate) onlyOwner {
    ^ (Relevant source part starts here and spans across multiple lines).
contracts/Owned.sol:929:5: Warning: No visibility specified. Defaulting to "public". 
    function acceptOwnership() {
    ^ (Relevant source part starts here and spans across multiple lines).
contracts/Owned.sol:1041:5: Warning: No visibility specified. Defaulting to "public". 
    function StoxSmartToken() SmartToken('Stox', 'STX', 18) {
    ^ (Relevant source part starts here and spans across multiple lines).
contracts/Owned.sol:1109:5: Warning: No visibility specified. Defaulting to "public". 
    function Trustee(StoxSmartToken _stox) {
    ^ (Relevant source part starts here and spans across multiple lines).
contracts/Owned.sol:1477:5: Warning: No visibility specified. Defaulting to "public". 
    function StoxSmartTokenSale(address _stox, address _fundingRecipient, uint256 _startTime) {
    ^ (Relevant source part starts here and spans across multiple lines).
contracts/Owned.sol:15:5: Warning: Function state mutability can be restricted to pure
    function owner() public constant returns (address owner) { owner; }
    ^-----------------------------------------------------------------^
contracts/Owned.sol:37:5: Warning: Function state mutability can be restricted to pure
    function name() public constant returns (string name) { name; }
    ^-------------------------------------------------------------^
contracts/Owned.sol:39:5: Warning: Function state mutability can be restricted to pure
    function symbol() public constant returns (string symbol) { symbol; }
    ^-------------------------------------------------------------------^
contracts/Owned.sol:41:5: Warning: Function state mutability can be restricted to pure
    function decimals() public constant returns (uint8 decimals) { decimals; }
    ^------------------------------------------------------------------------^
contracts/Owned.sol:43:5: Warning: Function state mutability can be restricted to pure
    function totalSupply() public constant returns (uint256 totalSupply) { totalSupply; }
    ^-----------------------------------------------------------------------------------^
contracts/Owned.sol:45:5: Warning: Function state mutability can be restricted to pure
    function balanceOf(address _owner) public constant returns (uint256 balance) { _owner; balance; }
    ^-----------------------------------------------------------------------------------------------^
contracts/Owned.sol:47:5: Warning: Function state mutability can be restricted to pure
    function allowance(address _owner, address _spender) public constant returns (uint256 remaining) { _owner; _spender; remaining; }
    ^-------------------------------------------------------------------------------------------------------------------------------^
contracts/Owned.sol:129:5: Warning: Function state mutability can be restricted to pure
    function safeAdd(uint256 _x, uint256 _y) internal returns (uint256) {
    ^ (Relevant source part starts here and spans across multiple lines).
contracts/Owned.sol:157:5: Warning: Function state mutability can be restricted to pure
    function safeSub(uint256 _x, uint256 _y) internal returns (uint256) {
    ^ (Relevant source part starts here and spans across multiple lines).
contracts/Owned.sol:183:5: Warning: Function state mutability can be restricted to pure
    function safeMul(uint256 _x, uint256 _y) internal returns (uint256) {
    ^ (Relevant source part starts here and spans across multiple lines).
contracts/Owned.sol:953:5: Warning: Function state mutability can be restricted to pure
    function mul(uint256 a, uint256 b) internal returns (uint256) {
    ^ (Relevant source part starts here and spans across multiple lines).
contracts/Owned.sol:965:5: Warning: Function state mutability can be restricted to pure
    function div(uint256 a, uint256 b) internal returns (uint256) {
    ^ (Relevant source part starts here and spans across multiple lines).
contracts/Owned.sol:979:5: Warning: Function state mutability can be restricted to pure
    function sub(uint256 a, uint256 b) internal returns (uint256) {
    ^ (Relevant source part starts here and spans across multiple lines).
contracts/Owned.sol:989:5: Warning: Function state mutability can be restricted to pure
    function add(uint256 a, uint256 b) internal returns (uint256) {
    ^ (Relevant source part starts here and spans across multiple lines).
contracts/Owned.sol:1001:5: Warning: Function state mutability can be restricted to pure
    function max64(uint64 a, uint64 b) internal constant returns (uint64) {
    ^ (Relevant source part starts here and spans across multiple lines).
contracts/Owned.sol:1009:5: Warning: Function state mutability can be restricted to pure
    function min64(uint64 a, uint64 b) internal constant returns (uint64) {
    ^ (Relevant source part starts here and spans across multiple lines).
contracts/Owned.sol:1017:5: Warning: Function state mutability can be restricted to pure
    function max256(uint256 a, uint256 b) internal constant returns (uint256) {
    ^ (Relevant source part starts here and spans across multiple lines).
contracts/Owned.sol:1025:5: Warning: Function state mutability can be restricted to pure
    function min256(uint256 a, uint256 b) internal constant returns (uint256) {
    ^ (Relevant source part starts here and spans across multiple lines).
contracts/Owned.sol:1319:34: Warning: Function declared as view, but this expression (potentially) modifies the state and thus requires non-payable (the default) or payable.
         return _grant.value.mul(_time.sub(_grant.start)).div(_grant.end.sub(_grant.start));
                                 ^---------------------^
contracts/Owned.sol:1319:17: Warning: Function declared as view, but this expression (potentially) modifies the state and thus requires non-payable (the default) or payable.
         return _grant.value.mul(_time.sub(_grant.start)).div(_grant.end.sub(_grant.start));
                ^---------------------------------------^
contracts/Owned.sol:1319:63: Warning: Function declared as view, but this expression (potentially) modifies the state and thus requires non-payable (the default) or payable.
         return _grant.value.mul(_time.sub(_grant.start)).div(_grant.end.sub(_grant.start));
                                                              ^--------------------------^
contracts/Owned.sol:1319:17: Warning: Function declared as view, but this expression (potentially) modifies the state and thus requires non-payable (the default) or payable.
         return _grant.value.mul(_time.sub(_grant.start)).div(_grant.end.sub(_grant.start));
                ^-------------------------------------------------------------------------^
contracts/ERC20Token.sol:107:5: Warning: Defining constructors as functions with the same name as the contract is deprecated. Use "constructor(...) { ... }" instead.
    function SafeMath() {
    ^ (Relevant source part starts here and spans across multiple lines).
contracts/ERC20Token.sol:241:5: Warning: Defining constructors as functions with the same name as the contract is deprecated. Use "constructor(...) { ... }" instead.
    function ERC20Token(string _name, string _symbol, uint8 _decimals) {
    ^ (Relevant source part starts here and spans across multiple lines).
contracts/ERC20Token.sol:433:5: Warning: Defining constructors as functions with the same name as the contract is deprecated. Use "constructor(...) { ... }" instead.
    function Owned() {
    ^ (Relevant source part starts here and spans across multiple lines).
contracts/ERC20Token.sol:521:5: Warning: Defining constructors as functions with the same name as the contract is deprecated. Use "constructor(...) { ... }" instead.
    function TokenHolder() {
    ^ (Relevant source part starts here and spans across multiple lines).
contracts/ERC20Token.sol:637:5: Warning: Defining constructors as functions with the same name as the contract is deprecated. Use "constructor(...) { ... }" instead.
    function SmartToken(string _name, string _symbol, uint8 _decimals)
    ^ (Relevant source part starts here and spans across multiple lines).
contracts/ERC20Token.sol:881:5: Warning: Defining constructors as functions with the same name as the contract is deprecated. Use "constructor(...) { ... }" instead.
    function Ownable() {
    ^ (Relevant source part starts here and spans across multiple lines).
contracts/ERC20Token.sol:895:13: Warning: "throw" is deprecated in favour of "revert()", "require()" and "assert()".
            throw;
            ^---^
contracts/ERC20Token.sol:1041:5: Warning: Defining constructors as functions with the same name as the contract is deprecated. Use "constructor(...) { ... }" instead.
    function StoxSmartToken() SmartToken('Stox', 'STX', 18) {
    ^ (Relevant source part starts here and spans across multiple lines).
contracts/ERC20Token.sol:1109:5: Warning: Defining constructors as functions with the same name as the contract is deprecated. Use "constructor(...) { ... }" instead.
    function Trustee(StoxSmartToken _stox) {
    ^ (Relevant source part starts here and spans across multiple lines).
contracts/ERC20Token.sol:1441:13: Warning: "throw" is deprecated in favour of "revert()", "require()" and "assert()".
            throw;
            ^---^
contracts/ERC20Token.sol:1459:13: Warning: "throw" is deprecated in favour of "revert()", "require()" and "assert()".
            throw;
            ^---^
contracts/ERC20Token.sol:1477:5: Warning: Defining constructors as functions with the same name as the contract is deprecated. Use "constructor(...) { ... }" instead.
    function StoxSmartTokenSale(address _stox, address _fundingRecipient, uint256 _startTime) {
    ^ (Relevant source part starts here and spans across multiple lines).
contracts/ERC20Token.sol:1539:13: Warning: "throw" is deprecated in favour of "revert()", "require()" and "assert()".
            throw;
            ^---^
contracts/ERC20Token.sol:15:47: Warning: This declaration shadows an existing declaration.
    function owner() public constant returns (address owner) { owner; }
                                              ^-----------^
contracts/ERC20Token.sol:15:5: The shadowed declaration is here:
    function owner() public constant returns (address owner) { owner; }
    ^-----------------------------------------------------------------^

contracts/ERC20Token.sol:37:46: Warning: This declaration shadows an existing declaration.
    function name() public constant returns (string name) { name; }
                                             ^---------^
contracts/ERC20Token.sol:37:5: The shadowed declaration is here:
    function name() public constant returns (string name) { name; }
    ^-------------------------------------------------------------^

contracts/ERC20Token.sol:39:48: Warning: This declaration shadows an existing declaration.
    function symbol() public constant returns (string symbol) { symbol; }
                                               ^-----------^
contracts/ERC20Token.sol:39:5: The shadowed declaration is here:
    function symbol() public constant returns (string symbol) { symbol; }
    ^-------------------------------------------------------------------^

contracts/ERC20Token.sol:41:50: Warning: This declaration shadows an existing declaration.
    function decimals() public constant returns (uint8 decimals) { decimals; }
                                                 ^------------^
contracts/ERC20Token.sol:41:5: The shadowed declaration is here:
    function decimals() public constant returns (uint8 decimals) { decimals; }
    ^------------------------------------------------------------------------^

contracts/ERC20Token.sol:43:53: Warning: This declaration shadows an existing declaration.
    function totalSupply() public constant returns (uint256 totalSupply) { totalSupply; }
                                                    ^-----------------^
contracts/ERC20Token.sol:43:5: The shadowed declaration is here:
    function totalSupply() public constant returns (uint256 totalSupply) { totalSupply; }
    ^-----------------------------------------------------------------------------------^

contracts/ERC20Token.sol:1201:9: Warning: This declaration shadows an existing declaration.
        Grant grant = grants[_holder];
        ^---------^
contracts/ERC20Token.sol:1135:5: The shadowed declaration is here:
    function grant(address _to, uint256 _value, uint256 _start, uint256 _cliff, uint256 _end, bool _revokable)
    ^ (Relevant source part starts here and spans across multiple lines).

contracts/ERC20Token.sol:1243:9: Warning: This declaration shadows an existing declaration.
        Grant grant = grants[_holder];
        ^---------^
contracts/ERC20Token.sol:1135:5: The shadowed declaration is here:
    function grant(address _to, uint256 _value, uint256 _start, uint256 _cliff, uint256 _end, bool _revokable)
    ^ (Relevant source part starts here and spans across multiple lines).

contracts/ERC20Token.sol:1331:9: Warning: This declaration shadows an existing declaration.
        Grant grant = grants[msg.sender];
        ^---------^
contracts/ERC20Token.sol:1135:5: The shadowed declaration is here:
    function grant(address _to, uint256 _value, uint256 _start, uint256 _cliff, uint256 _end, bool _revokable)
    ^ (Relevant source part starts here and spans across multiple lines).

contracts/ERC20Token.sol:1201:9: Warning: Variable is declared as a storage pointer. Use an explicit "storage" keyword to silence this warning.
        Grant grant = grants[_holder];
        ^---------^
contracts/ERC20Token.sol:1243:9: Warning: Variable is declared as a storage pointer. Use an explicit "storage" keyword to silence this warning.
        Grant grant = grants[_holder];
        ^---------^
contracts/ERC20Token.sol:1331:9: Warning: Variable is declared as a storage pointer. Use an explicit "storage" keyword to silence this warning.
        Grant grant = grants[msg.sender];
        ^---------^
contracts/ERC20Token.sol:301:9: Warning: Invoking events without "emit" prefix is deprecated.
        Transfer(msg.sender, _to, _value);
        ^-------------------------------^
contracts/ERC20Token.sol:347:9: Warning: Invoking events without "emit" prefix is deprecated.
        Transfer(_from, _to, _value);
        ^--------------------------^
contracts/ERC20Token.sol:399:9: Warning: Invoking events without "emit" prefix is deprecated.
        Approval(msg.sender, _spender, _value);
        ^------------------------------------^
contracts/ERC20Token.sol:487:9: Warning: Invoking events without "emit" prefix is deprecated.
        OwnerUpdate(owner, newOwner);
        ^--------------------------^
contracts/ERC20Token.sol:645:9: Warning: Invoking events without "emit" prefix is deprecated.
        NewSmartToken(address(this));
        ^--------------------------^
contracts/ERC20Token.sol:715:9: Warning: Invoking events without "emit" prefix is deprecated.
        Issuance(_amount);
        ^---------------^
contracts/ERC20Token.sol:717:9: Warning: Invoking events without "emit" prefix is deprecated.
        Transfer(this, _to, _amount);
        ^--------------------------^
contracts/ERC20Token.sol:751:9: Warning: Invoking events without "emit" prefix is deprecated.
        Transfer(_from, this, _amount);
        ^----------------------------^
contracts/ERC20Token.sol:753:9: Warning: Invoking events without "emit" prefix is deprecated.
        Destruction(_amount);
        ^------------------^
contracts/ERC20Token.sol:797:13: Warning: Invoking events without "emit" prefix is deprecated.
            Destruction(_value);
            ^-----------------^
contracts/ERC20Token.sol:845:13: Warning: Invoking events without "emit" prefix is deprecated.
            Destruction(_value);
            ^-----------------^
contracts/ERC20Token.sol:921:9: Warning: Invoking events without "emit" prefix is deprecated.
        OwnershipRequested(msg.sender, newOwnerCandidate);
        ^-----------------------------------------------^
contracts/ERC20Token.sol:939:13: Warning: Invoking events without "emit" prefix is deprecated.
            OwnershipTransferred(owner, newOwnerCandidate);
            ^--------------------------------------------^
contracts/ERC20Token.sol:1189:9: Warning: Invoking events without "emit" prefix is deprecated.
        NewGrant(msg.sender, _to, _value);
        ^-------------------------------^
contracts/ERC20Token.sol:1227:9: Warning: Invoking events without "emit" prefix is deprecated.
        RevokeGrant(_holder, refund);
        ^--------------------------^
contracts/ERC20Token.sol:1369:9: Warning: Invoking events without "emit" prefix is deprecated.
        UnlockGrant(msg.sender, transferable);
        ^-----------------------------------^
contracts/ERC20Token.sol:1587:21: Warning: Using "years" as a unit denomination is deprecated.
            now.add(1 years), true);
                    ^-----^
contracts/ERC20Token.sol:1595:21: Warning: Using "years" as a unit denomination is deprecated.
            now.add(2 years), true);
                    ^-----^
contracts/ERC20Token.sol:1677:9: Warning: Invoking events without "emit" prefix is deprecated.
        TokensIssued(_recipient, _tokens);
        ^-------------------------------^
contracts/ERC20Token.sol:107:5: Warning: No visibility specified. Defaulting to "public". 
    function SafeMath() {
    ^ (Relevant source part starts here and spans across multiple lines).
contracts/ERC20Token.sol:241:5: Warning: No visibility specified. Defaulting to "public". 
    function ERC20Token(string _name, string _symbol, uint8 _decimals) {
    ^ (Relevant source part starts here and spans across multiple lines).
contracts/ERC20Token.sol:433:5: Warning: No visibility specified. Defaulting to "public". 
    function Owned() {
    ^ (Relevant source part starts here and spans across multiple lines).
contracts/ERC20Token.sol:521:5: Warning: No visibility specified. Defaulting to "public". 
    function TokenHolder() {
    ^ (Relevant source part starts here and spans across multiple lines).
contracts/ERC20Token.sol:637:5: Warning: No visibility specified. Defaulting to "public". 
    function SmartToken(string _name, string _symbol, uint8 _decimals)
    ^ (Relevant source part starts here and spans across multiple lines).
contracts/ERC20Token.sol:881:5: Warning: No visibility specified. Defaulting to "public". 
    function Ownable() {
    ^ (Relevant source part starts here and spans across multiple lines).
contracts/ERC20Token.sol:911:5: Warning: No visibility specified. Defaulting to "public". 
    function transferOwnership(address _newOwnerCandidate) onlyOwner {
    ^ (Relevant source part starts here and spans across multiple lines).
contracts/ERC20Token.sol:929:5: Warning: No visibility specified. Defaulting to "public". 
    function acceptOwnership() {
    ^ (Relevant source part starts here and spans across multiple lines).
contracts/ERC20Token.sol:1041:5: Warning: No visibility specified. Defaulting to "public". 
    function StoxSmartToken() SmartToken('Stox', 'STX', 18) {
    ^ (Relevant source part starts here and spans across multiple lines).
contracts/ERC20Token.sol:1109:5: Warning: No visibility specified. Defaulting to "public". 
    function Trustee(StoxSmartToken _stox) {
    ^ (Relevant source part starts here and spans across multiple lines).
contracts/ERC20Token.sol:1477:5: Warning: No visibility specified. Defaulting to "public". 
    function StoxSmartTokenSale(address _stox, address _fundingRecipient, uint256 _startTime) {
    ^ (Relevant source part starts here and spans across multiple lines).
contracts/ERC20Token.sol:15:5: Warning: Function state mutability can be restricted to pure
    function owner() public constant returns (address owner) { owner; }
    ^-----------------------------------------------------------------^
contracts/ERC20Token.sol:37:5: Warning: Function state mutability can be restricted to pure
    function name() public constant returns (string name) { name; }
    ^-------------------------------------------------------------^
contracts/ERC20Token.sol:39:5: Warning: Function state mutability can be restricted to pure
    function symbol() public constant returns (string symbol) { symbol; }
    ^-------------------------------------------------------------------^
contracts/ERC20Token.sol:41:5: Warning: Function state mutability can be restricted to pure
    function decimals() public constant returns (uint8 decimals) { decimals; }
    ^------------------------------------------------------------------------^
contracts/ERC20Token.sol:43:5: Warning: Function state mutability can be restricted to pure
    function totalSupply() public constant returns (uint256 totalSupply) { totalSupply; }
    ^-----------------------------------------------------------------------------------^
contracts/ERC20Token.sol:45:5: Warning: Function state mutability can be restricted to pure
    function balanceOf(address _owner) public constant returns (uint256 balance) { _owner; balance; }
    ^-----------------------------------------------------------------------------------------------^
contracts/ERC20Token.sol:47:5: Warning: Function state mutability can be restricted to pure
    function allowance(address _owner, address _spender) public constant returns (uint256 remaining) { _owner; _spender; remaining; }
    ^-------------------------------------------------------------------------------------------------------------------------------^
contracts/ERC20Token.sol:129:5: Warning: Function state mutability can be restricted to pure
    function safeAdd(uint256 _x, uint256 _y) internal returns (uint256) {
    ^ (Relevant source part starts here and spans across multiple lines).
contracts/ERC20Token.sol:157:5: Warning: Function state mutability can be restricted to pure
    function safeSub(uint256 _x, uint256 _y) internal returns (uint256) {
    ^ (Relevant source part starts here and spans across multiple lines).
contracts/ERC20Token.sol:183:5: Warning: Function state mutability can be restricted to pure
    function safeMul(uint256 _x, uint256 _y) internal returns (uint256) {
    ^ (Relevant source part starts here and spans across multiple lines).
contracts/ERC20Token.sol:953:5: Warning: Function state mutability can be restricted to pure
    function mul(uint256 a, uint256 b) internal returns (uint256) {
    ^ (Relevant source part starts here and spans across multiple lines).
contracts/ERC20Token.sol:965:5: Warning: Function state mutability can be restricted to pure
    function div(uint256 a, uint256 b) internal returns (uint256) {
    ^ (Relevant source part starts here and spans across multiple lines).
contracts/ERC20Token.sol:979:5: Warning: Function state mutability can be restricted to pure
    function sub(uint256 a, uint256 b) internal returns (uint256) {
    ^ (Relevant source part starts here and spans across multiple lines).
contracts/ERC20Token.sol:989:5: Warning: Function state mutability can be restricted to pure
    function add(uint256 a, uint256 b) internal returns (uint256) {
    ^ (Relevant source part starts here and spans across multiple lines).
contracts/ERC20Token.sol:1001:5: Warning: Function state mutability can be restricted to pure
    function max64(uint64 a, uint64 b) internal constant returns (uint64) {
    ^ (Relevant source part starts here and spans across multiple lines).
contracts/ERC20Token.sol:1009:5: Warning: Function state mutability can be restricted to pure
    function min64(uint64 a, uint64 b) internal constant returns (uint64) {
    ^ (Relevant source part starts here and spans across multiple lines).
contracts/ERC20Token.sol:1017:5: Warning: Function state mutability can be restricted to pure
    function max256(uint256 a, uint256 b) internal constant returns (uint256) {
    ^ (Relevant source part starts here and spans across multiple lines).
contracts/ERC20Token.sol:1025:5: Warning: Function state mutability can be restricted to pure
    function min256(uint256 a, uint256 b) internal constant returns (uint256) {
    ^ (Relevant source part starts here and spans across multiple lines).
contracts/ERC20Token.sol:1319:34: Warning: Function declared as view, but this expression (potentially) modifies the state and thus requires non-payable (the default) or payable.
         return _grant.value.mul(_time.sub(_grant.start)).div(_grant.end.sub(_grant.start));
                                 ^---------------------^
contracts/ERC20Token.sol:1319:17: Warning: Function declared as view, but this expression (potentially) modifies the state and thus requires non-payable (the default) or payable.
         return _grant.value.mul(_time.sub(_grant.start)).div(_grant.end.sub(_grant.start));
                ^---------------------------------------^
contracts/ERC20Token.sol:1319:63: Warning: Function declared as view, but this expression (potentially) modifies the state and thus requires non-payable (the default) or payable.
         return _grant.value.mul(_time.sub(_grant.start)).div(_grant.end.sub(_grant.start));
                                                              ^--------------------------^
contracts/ERC20Token.sol:1319:17: Warning: Function declared as view, but this expression (potentially) modifies the state and thus requires non-payable (the default) or payable.
         return _grant.value.mul(_time.sub(_grant.start)).div(_grant.end.sub(_grant.start));
                ^-------------------------------------------------------------------------^
contracts/SaferMath.sol:107:5: Warning: Defining constructors as functions with the same name as the contract is deprecated. Use "constructor(...) { ... }" instead.
    function SafeMath() {
    ^ (Relevant source part starts here and spans across multiple lines).
contracts/SaferMath.sol:241:5: Warning: Defining constructors as functions with the same name as the contract is deprecated. Use "constructor(...) { ... }" instead.
    function ERC20Token(string _name, string _symbol, uint8 _decimals) {
    ^ (Relevant source part starts here and spans across multiple lines).
contracts/SaferMath.sol:433:5: Warning: Defining constructors as functions with the same name as the contract is deprecated. Use "constructor(...) { ... }" instead.
    function Owned() {
    ^ (Relevant source part starts here and spans across multiple lines).
contracts/SaferMath.sol:521:5: Warning: Defining constructors as functions with the same name as the contract is deprecated. Use "constructor(...) { ... }" instead.
    function TokenHolder() {
    ^ (Relevant source part starts here and spans across multiple lines).
contracts/SaferMath.sol:637:5: Warning: Defining constructors as functions with the same name as the contract is deprecated. Use "constructor(...) { ... }" instead.
    function SmartToken(string _name, string _symbol, uint8 _decimals)
    ^ (Relevant source part starts here and spans across multiple lines).
contracts/SaferMath.sol:881:5: Warning: Defining constructors as functions with the same name as the contract is deprecated. Use "constructor(...) { ... }" instead.
    function Ownable() {
    ^ (Relevant source part starts here and spans across multiple lines).
contracts/SaferMath.sol:895:13: Warning: "throw" is deprecated in favour of "revert()", "require()" and "assert()".
            throw;
            ^---^
contracts/SaferMath.sol:1041:5: Warning: Defining constructors as functions with the same name as the contract is deprecated. Use "constructor(...) { ... }" instead.
    function StoxSmartToken() SmartToken('Stox', 'STX', 18) {
    ^ (Relevant source part starts here and spans across multiple lines).
contracts/SaferMath.sol:1109:5: Warning: Defining constructors as functions with the same name as the contract is deprecated. Use "constructor(...) { ... }" instead.
    function Trustee(StoxSmartToken _stox) {
    ^ (Relevant source part starts here and spans across multiple lines).
contracts/SaferMath.sol:1441:13: Warning: "throw" is deprecated in favour of "revert()", "require()" and "assert()".
            throw;
            ^---^
contracts/SaferMath.sol:1459:13: Warning: "throw" is deprecated in favour of "revert()", "require()" and "assert()".
            throw;
            ^---^
contracts/SaferMath.sol:1477:5: Warning: Defining constructors as functions with the same name as the contract is deprecated. Use "constructor(...) { ... }" instead.
    function StoxSmartTokenSale(address _stox, address _fundingRecipient, uint256 _startTime) {
    ^ (Relevant source part starts here and spans across multiple lines).
contracts/SaferMath.sol:1539:13: Warning: "throw" is deprecated in favour of "revert()", "require()" and "assert()".
            throw;
            ^---^
contracts/SaferMath.sol:15:47: Warning: This declaration shadows an existing declaration.
    function owner() public constant returns (address owner) { owner; }
                                              ^-----------^
contracts/SaferMath.sol:15:5: The shadowed declaration is here:
    function owner() public constant returns (address owner) { owner; }
    ^-----------------------------------------------------------------^

contracts/SaferMath.sol:37:46: Warning: This declaration shadows an existing declaration.
    function name() public constant returns (string name) { name; }
                                             ^---------^
contracts/SaferMath.sol:37:5: The shadowed declaration is here:
    function name() public constant returns (string name) { name; }
    ^-------------------------------------------------------------^

contracts/SaferMath.sol:39:48: Warning: This declaration shadows an existing declaration.
    function symbol() public constant returns (string symbol) { symbol; }
                                               ^-----------^
contracts/SaferMath.sol:39:5: The shadowed declaration is here:
    function symbol() public constant returns (string symbol) { symbol; }
    ^-------------------------------------------------------------------^

contracts/SaferMath.sol:41:50: Warning: This declaration shadows an existing declaration.
    function decimals() public constant returns (uint8 decimals) { decimals; }
                                                 ^------------^
contracts/SaferMath.sol:41:5: The shadowed declaration is here:
    function decimals() public constant returns (uint8 decimals) { decimals; }
    ^------------------------------------------------------------------------^

contracts/SaferMath.sol:43:53: Warning: This declaration shadows an existing declaration.
    function totalSupply() public constant returns (uint256 totalSupply) { totalSupply; }
                                                    ^-----------------^
contracts/SaferMath.sol:43:5: The shadowed declaration is here:
    function totalSupply() public constant returns (uint256 totalSupply) { totalSupply; }
    ^-----------------------------------------------------------------------------------^

contracts/SaferMath.sol:1201:9: Warning: This declaration shadows an existing declaration.
        Grant grant = grants[_holder];
        ^---------^
contracts/SaferMath.sol:1135:5: The shadowed declaration is here:
    function grant(address _to, uint256 _value, uint256 _start, uint256 _cliff, uint256 _end, bool _revokable)
    ^ (Relevant source part starts here and spans across multiple lines).

contracts/SaferMath.sol:1243:9: Warning: This declaration shadows an existing declaration.
        Grant grant = grants[_holder];
        ^---------^
contracts/SaferMath.sol:1135:5: The shadowed declaration is here:
    function grant(address _to, uint256 _value, uint256 _start, uint256 _cliff, uint256 _end, bool _revokable)
    ^ (Relevant source part starts here and spans across multiple lines).

contracts/SaferMath.sol:1331:9: Warning: This declaration shadows an existing declaration.
        Grant grant = grants[msg.sender];
        ^---------^
contracts/SaferMath.sol:1135:5: The shadowed declaration is here:
    function grant(address _to, uint256 _value, uint256 _start, uint256 _cliff, uint256 _end, bool _revokable)
    ^ (Relevant source part starts here and spans across multiple lines).

contracts/SaferMath.sol:1201:9: Warning: Variable is declared as a storage pointer. Use an explicit "storage" keyword to silence this warning.
        Grant grant = grants[_holder];
        ^---------^
contracts/SaferMath.sol:1243:9: Warning: Variable is declared as a storage pointer. Use an explicit "storage" keyword to silence this warning.
        Grant grant = grants[_holder];
        ^---------^
contracts/SaferMath.sol:1331:9: Warning: Variable is declared as a storage pointer. Use an explicit "storage" keyword to silence this warning.
        Grant grant = grants[msg.sender];
        ^---------^
contracts/SaferMath.sol:301:9: Warning: Invoking events without "emit" prefix is deprecated.
        Transfer(msg.sender, _to, _value);
        ^-------------------------------^
contracts/SaferMath.sol:347:9: Warning: Invoking events without "emit" prefix is deprecated.
        Transfer(_from, _to, _value);
        ^--------------------------^
contracts/SaferMath.sol:399:9: Warning: Invoking events without "emit" prefix is deprecated.
        Approval(msg.sender, _spender, _value);
        ^------------------------------------^
contracts/SaferMath.sol:487:9: Warning: Invoking events without "emit" prefix is deprecated.
        OwnerUpdate(owner, newOwner);
        ^--------------------------^
contracts/SaferMath.sol:645:9: Warning: Invoking events without "emit" prefix is deprecated.
        NewSmartToken(address(this));
        ^--------------------------^
contracts/SaferMath.sol:715:9: Warning: Invoking events without "emit" prefix is deprecated.
        Issuance(_amount);
        ^---------------^
contracts/SaferMath.sol:717:9: Warning: Invoking events without "emit" prefix is deprecated.
        Transfer(this, _to, _amount);
        ^--------------------------^
contracts/SaferMath.sol:751:9: Warning: Invoking events without "emit" prefix is deprecated.
        Transfer(_from, this, _amount);
        ^----------------------------^
contracts/SaferMath.sol:753:9: Warning: Invoking events without "emit" prefix is deprecated.
        Destruction(_amount);
        ^------------------^
contracts/SaferMath.sol:797:13: Warning: Invoking events without "emit" prefix is deprecated.
            Destruction(_value);
            ^-----------------^
contracts/SaferMath.sol:845:13: Warning: Invoking events without "emit" prefix is deprecated.
            Destruction(_value);
            ^-----------------^
contracts/SaferMath.sol:921:9: Warning: Invoking events without "emit" prefix is deprecated.
        OwnershipRequested(msg.sender, newOwnerCandidate);
        ^-----------------------------------------------^
contracts/SaferMath.sol:939:13: Warning: Invoking events without "emit" prefix is deprecated.
            OwnershipTransferred(owner, newOwnerCandidate);
            ^--------------------------------------------^
contracts/SaferMath.sol:1189:9: Warning: Invoking events without "emit" prefix is deprecated.
        NewGrant(msg.sender, _to, _value);
        ^-------------------------------^
contracts/SaferMath.sol:1227:9: Warning: Invoking events without "emit" prefix is deprecated.
        RevokeGrant(_holder, refund);
        ^--------------------------^
contracts/SaferMath.sol:1369:9: Warning: Invoking events without "emit" prefix is deprecated.
        UnlockGrant(msg.sender, transferable);
        ^-----------------------------------^
contracts/SaferMath.sol:1587:21: Warning: Using "years" as a unit denomination is deprecated.
            now.add(1 years), true);
                    ^-----^
contracts/SaferMath.sol:1595:21: Warning: Using "years" as a unit denomination is deprecated.
            now.add(2 years), true);
                    ^-----^
contracts/SaferMath.sol:1677:9: Warning: Invoking events without "emit" prefix is deprecated.
        TokensIssued(_recipient, _tokens);
        ^-------------------------------^
contracts/SaferMath.sol:107:5: Warning: No visibility specified. Defaulting to "public". 
    function SafeMath() {
    ^ (Relevant source part starts here and spans across multiple lines).
contracts/SaferMath.sol:241:5: Warning: No visibility specified. Defaulting to "public". 
    function ERC20Token(string _name, string _symbol, uint8 _decimals) {
    ^ (Relevant source part starts here and spans across multiple lines).
contracts/SaferMath.sol:433:5: Warning: No visibility specified. Defaulting to "public". 
    function Owned() {
    ^ (Relevant source part starts here and spans across multiple lines).
contracts/SaferMath.sol:521:5: Warning: No visibility specified. Defaulting to "public". 
    function TokenHolder() {
    ^ (Relevant source part starts here and spans across multiple lines).
contracts/SaferMath.sol:637:5: Warning: No visibility specified. Defaulting to "public". 
    function SmartToken(string _name, string _symbol, uint8 _decimals)
    ^ (Relevant source part starts here and spans across multiple lines).
contracts/SaferMath.sol:881:5: Warning: No visibility specified. Defaulting to "public". 
    function Ownable() {
    ^ (Relevant source part starts here and spans across multiple lines).
contracts/SaferMath.sol:911:5: Warning: No visibility specified. Defaulting to "public". 
    function transferOwnership(address _newOwnerCandidate) onlyOwner {
    ^ (Relevant source part starts here and spans across multiple lines).
contracts/SaferMath.sol:929:5: Warning: No visibility specified. Defaulting to "public". 
    function acceptOwnership() {
    ^ (Relevant source part starts here and spans across multiple lines).
contracts/SaferMath.sol:1041:5: Warning: No visibility specified. Defaulting to "public". 
    function StoxSmartToken() SmartToken('Stox', 'STX', 18) {
    ^ (Relevant source part starts here and spans across multiple lines).
contracts/SaferMath.sol:1109:5: Warning: No visibility specified. Defaulting to "public". 
    function Trustee(StoxSmartToken _stox) {
    ^ (Relevant source part starts here and spans across multiple lines).
contracts/SaferMath.sol:1477:5: Warning: No visibility specified. Defaulting to "public". 
    function StoxSmartTokenSale(address _stox, address _fundingRecipient, uint256 _startTime) {
    ^ (Relevant source part starts here and spans across multiple lines).
contracts/SaferMath.sol:15:5: Warning: Function state mutability can be restricted to pure
    function owner() public constant returns (address owner) { owner; }
    ^-----------------------------------------------------------------^
contracts/SaferMath.sol:37:5: Warning: Function state mutability can be restricted to pure
    function name() public constant returns (string name) { name; }
    ^-------------------------------------------------------------^
contracts/SaferMath.sol:39:5: Warning: Function state mutability can be restricted to pure
    function symbol() public constant returns (string symbol) { symbol; }
    ^-------------------------------------------------------------------^
contracts/SaferMath.sol:41:5: Warning: Function state mutability can be restricted to pure
    function decimals() public constant returns (uint8 decimals) { decimals; }
    ^------------------------------------------------------------------------^
contracts/SaferMath.sol:43:5: Warning: Function state mutability can be restricted to pure
    function totalSupply() public constant returns (uint256 totalSupply) { totalSupply; }
    ^-----------------------------------------------------------------------------------^
contracts/SaferMath.sol:45:5: Warning: Function state mutability can be restricted to pure
    function balanceOf(address _owner) public constant returns (uint256 balance) { _owner; balance; }
    ^-----------------------------------------------------------------------------------------------^
contracts/SaferMath.sol:47:5: Warning: Function state mutability can be restricted to pure
    function allowance(address _owner, address _spender) public constant returns (uint256 remaining) { _owner; _spender; remaining; }
    ^-------------------------------------------------------------------------------------------------------------------------------^
contracts/SaferMath.sol:129:5: Warning: Function state mutability can be restricted to pure
    function safeAdd(uint256 _x, uint256 _y) internal returns (uint256) {
    ^ (Relevant source part starts here and spans across multiple lines).
contracts/SaferMath.sol:157:5: Warning: Function state mutability can be restricted to pure
    function safeSub(uint256 _x, uint256 _y) internal returns (uint256) {
    ^ (Relevant source part starts here and spans across multiple lines).
contracts/SaferMath.sol:183:5: Warning: Function state mutability can be restricted to pure
    function safeMul(uint256 _x, uint256 _y) internal returns (uint256) {
    ^ (Relevant source part starts here and spans across multiple lines).
contracts/SaferMath.sol:953:5: Warning: Function state mutability can be restricted to pure
    function mul(uint256 a, uint256 b) internal returns (uint256) {
    ^ (Relevant source part starts here and spans across multiple lines).
contracts/SaferMath.sol:965:5: Warning: Function state mutability can be restricted to pure
    function div(uint256 a, uint256 b) internal returns (uint256) {
    ^ (Relevant source part starts here and spans across multiple lines).
contracts/SaferMath.sol:979:5: Warning: Function state mutability can be restricted to pure
    function sub(uint256 a, uint256 b) internal returns (uint256) {
    ^ (Relevant source part starts here and spans across multiple lines).
contracts/SaferMath.sol:989:5: Warning: Function state mutability can be restricted to pure
    function add(uint256 a, uint256 b) internal returns (uint256) {
    ^ (Relevant source part starts here and spans across multiple lines).
contracts/SaferMath.sol:1001:5: Warning: Function state mutability can be restricted to pure
    function max64(uint64 a, uint64 b) internal constant returns (uint64) {
    ^ (Relevant source part starts here and spans across multiple lines).
contracts/SaferMath.sol:1009:5: Warning: Function state mutability can be restricted to pure
    function min64(uint64 a, uint64 b) internal constant returns (uint64) {
    ^ (Relevant source part starts here and spans across multiple lines).
contracts/SaferMath.sol:1017:5: Warning: Function state mutability can be restricted to pure
    function max256(uint256 a, uint256 b) internal constant returns (uint256) {
    ^ (Relevant source part starts here and spans across multiple lines).
contracts/SaferMath.sol:1025:5: Warning: Function state mutability can be restricted to pure
    function min256(uint256 a, uint256 b) internal constant returns (uint256) {
    ^ (Relevant source part starts here and spans across multiple lines).
contracts/SaferMath.sol:1319:34: Warning: Function declared as view, but this expression (potentially) modifies the state and thus requires non-payable (the default) or payable.
         return _grant.value.mul(_time.sub(_grant.start)).div(_grant.end.sub(_grant.start));
                                 ^---------------------^
contracts/SaferMath.sol:1319:17: Warning: Function declared as view, but this expression (potentially) modifies the state and thus requires non-payable (the default) or payable.
         return _grant.value.mul(_time.sub(_grant.start)).div(_grant.end.sub(_grant.start));
                ^---------------------------------------^
contracts/SaferMath.sol:1319:63: Warning: Function declared as view, but this expression (potentially) modifies the state and thus requires non-payable (the default) or payable.
         return _grant.value.mul(_time.sub(_grant.start)).div(_grant.end.sub(_grant.start));
                                                              ^--------------------------^
contracts/SaferMath.sol:1319:17: Warning: Function declared as view, but this expression (potentially) modifies the state and thus requires non-payable (the default) or payable.
         return _grant.value.mul(_time.sub(_grant.start)).div(_grant.end.sub(_grant.start));
                ^-------------------------------------------------------------------------^
contracts/SmartToken.sol:107:5: Warning: Defining constructors as functions with the same name as the contract is deprecated. Use "constructor(...) { ... }" instead.
    function SafeMath() {
    ^ (Relevant source part starts here and spans across multiple lines).
contracts/SmartToken.sol:241:5: Warning: Defining constructors as functions with the same name as the contract is deprecated. Use "constructor(...) { ... }" instead.
    function ERC20Token(string _name, string _symbol, uint8 _decimals) {
    ^ (Relevant source part starts here and spans across multiple lines).
contracts/SmartToken.sol:433:5: Warning: Defining constructors as functions with the same name as the contract is deprecated. Use "constructor(...) { ... }" instead.
    function Owned() {
    ^ (Relevant source part starts here and spans across multiple lines).
contracts/SmartToken.sol:521:5: Warning: Defining constructors as functions with the same name as the contract is deprecated. Use "constructor(...) { ... }" instead.
    function TokenHolder() {
    ^ (Relevant source part starts here and spans across multiple lines).
contracts/SmartToken.sol:637:5: Warning: Defining constructors as functions with the same name as the contract is deprecated. Use "constructor(...) { ... }" instead.
    function SmartToken(string _name, string _symbol, uint8 _decimals)
    ^ (Relevant source part starts here and spans across multiple lines).
contracts/SmartToken.sol:881:5: Warning: Defining constructors as functions with the same name as the contract is deprecated. Use "constructor(...) { ... }" instead.
    function Ownable() {
    ^ (Relevant source part starts here and spans across multiple lines).
contracts/SmartToken.sol:895:13: Warning: "throw" is deprecated in favour of "revert()", "require()" and "assert()".
            throw;
            ^---^
contracts/SmartToken.sol:1041:5: Warning: Defining constructors as functions with the same name as the contract is deprecated. Use "constructor(...) { ... }" instead.
    function StoxSmartToken() SmartToken('Stox', 'STX', 18) {
    ^ (Relevant source part starts here and spans across multiple lines).
contracts/SmartToken.sol:1109:5: Warning: Defining constructors as functions with the same name as the contract is deprecated. Use "constructor(...) { ... }" instead.
    function Trustee(StoxSmartToken _stox) {
    ^ (Relevant source part starts here and spans across multiple lines).
contracts/SmartToken.sol:1441:13: Warning: "throw" is deprecated in favour of "revert()", "require()" and "assert()".
            throw;
            ^---^
contracts/SmartToken.sol:1459:13: Warning: "throw" is deprecated in favour of "revert()", "require()" and "assert()".
            throw;
            ^---^
contracts/SmartToken.sol:1477:5: Warning: Defining constructors as functions with the same name as the contract is deprecated. Use "constructor(...) { ... }" instead.
    function StoxSmartTokenSale(address _stox, address _fundingRecipient, uint256 _startTime) {
    ^ (Relevant source part starts here and spans across multiple lines).
contracts/SmartToken.sol:1539:13: Warning: "throw" is deprecated in favour of "revert()", "require()" and "assert()".
            throw;
            ^---^
contracts/SmartToken.sol:15:47: Warning: This declaration shadows an existing declaration.
    function owner() public constant returns (address owner) { owner; }
                                              ^-----------^
contracts/SmartToken.sol:15:5: The shadowed declaration is here:
    function owner() public constant returns (address owner) { owner; }
    ^-----------------------------------------------------------------^

contracts/SmartToken.sol:37:46: Warning: This declaration shadows an existing declaration.
    function name() public constant returns (string name) { name; }
                                             ^---------^
contracts/SmartToken.sol:37:5: The shadowed declaration is here:
    function name() public constant returns (string name) { name; }
    ^-------------------------------------------------------------^

contracts/SmartToken.sol:39:48: Warning: This declaration shadows an existing declaration.
    function symbol() public constant returns (string symbol) { symbol; }
                                               ^-----------^
contracts/SmartToken.sol:39:5: The shadowed declaration is here:
    function symbol() public constant returns (string symbol) { symbol; }
    ^-------------------------------------------------------------------^

contracts/SmartToken.sol:41:50: Warning: This declaration shadows an existing declaration.
    function decimals() public constant returns (uint8 decimals) { decimals; }
                                                 ^------------^
contracts/SmartToken.sol:41:5: The shadowed declaration is here:
    function decimals() public constant returns (uint8 decimals) { decimals; }
    ^------------------------------------------------------------------------^

contracts/SmartToken.sol:43:53: Warning: This declaration shadows an existing declaration.
    function totalSupply() public constant returns (uint256 totalSupply) { totalSupply; }
                                                    ^-----------------^
contracts/SmartToken.sol:43:5: The shadowed declaration is here:
    function totalSupply() public constant returns (uint256 totalSupply) { totalSupply; }
    ^-----------------------------------------------------------------------------------^

contracts/SmartToken.sol:1201:9: Warning: This declaration shadows an existing declaration.
        Grant grant = grants[_holder];
        ^---------^
contracts/SmartToken.sol:1135:5: The shadowed declaration is here:
    function grant(address _to, uint256 _value, uint256 _start, uint256 _cliff, uint256 _end, bool _revokable)
    ^ (Relevant source part starts here and spans across multiple lines).

contracts/SmartToken.sol:1243:9: Warning: This declaration shadows an existing declaration.
        Grant grant = grants[_holder];
        ^---------^
contracts/SmartToken.sol:1135:5: The shadowed declaration is here:
    function grant(address _to, uint256 _value, uint256 _start, uint256 _cliff, uint256 _end, bool _revokable)
    ^ (Relevant source part starts here and spans across multiple lines).

contracts/SmartToken.sol:1331:9: Warning: This declaration shadows an existing declaration.
        Grant grant = grants[msg.sender];
        ^---------^
contracts/SmartToken.sol:1135:5: The shadowed declaration is here:
    function grant(address _to, uint256 _value, uint256 _start, uint256 _cliff, uint256 _end, bool _revokable)
    ^ (Relevant source part starts here and spans across multiple lines).

contracts/SmartToken.sol:1201:9: Warning: Variable is declared as a storage pointer. Use an explicit "storage" keyword to silence this warning.
        Grant grant = grants[_holder];
        ^---------^
contracts/SmartToken.sol:1243:9: Warning: Variable is declared as a storage pointer. Use an explicit "storage" keyword to silence this warning.
        Grant grant = grants[_holder];
        ^---------^
contracts/SmartToken.sol:1331:9: Warning: Variable is declared as a storage pointer. Use an explicit "storage" keyword to silence this warning.
        Grant grant = grants[msg.sender];
        ^---------^
contracts/SmartToken.sol:301:9: Warning: Invoking events without "emit" prefix is deprecated.
        Transfer(msg.sender, _to, _value);
        ^-------------------------------^
contracts/SmartToken.sol:347:9: Warning: Invoking events without "emit" prefix is deprecated.
        Transfer(_from, _to, _value);
        ^--------------------------^
contracts/SmartToken.sol:399:9: Warning: Invoking events without "emit" prefix is deprecated.
        Approval(msg.sender, _spender, _value);
        ^------------------------------------^
contracts/SmartToken.sol:487:9: Warning: Invoking events without "emit" prefix is deprecated.
        OwnerUpdate(owner, newOwner);
        ^--------------------------^
contracts/SmartToken.sol:645:9: Warning: Invoking events without "emit" prefix is deprecated.
        NewSmartToken(address(this));
        ^--------------------------^
contracts/SmartToken.sol:715:9: Warning: Invoking events without "emit" prefix is deprecated.
        Issuance(_amount);
        ^---------------^
contracts/SmartToken.sol:717:9: Warning: Invoking events without "emit" prefix is deprecated.
        Transfer(this, _to, _amount);
        ^--------------------------^
contracts/SmartToken.sol:751:9: Warning: Invoking events without "emit" prefix is deprecated.
        Transfer(_from, this, _amount);
        ^----------------------------^
contracts/SmartToken.sol:753:9: Warning: Invoking events without "emit" prefix is deprecated.
        Destruction(_amount);
        ^------------------^
contracts/SmartToken.sol:797:13: Warning: Invoking events without "emit" prefix is deprecated.
            Destruction(_value);
            ^-----------------^
contracts/SmartToken.sol:845:13: Warning: Invoking events without "emit" prefix is deprecated.
            Destruction(_value);
            ^-----------------^
contracts/SmartToken.sol:921:9: Warning: Invoking events without "emit" prefix is deprecated.
        OwnershipRequested(msg.sender, newOwnerCandidate);
        ^-----------------------------------------------^
contracts/SmartToken.sol:939:13: Warning: Invoking events without "emit" prefix is deprecated.
            OwnershipTransferred(owner, newOwnerCandidate);
            ^--------------------------------------------^
contracts/SmartToken.sol:1189:9: Warning: Invoking events without "emit" prefix is deprecated.
        NewGrant(msg.sender, _to, _value);
        ^-------------------------------^
contracts/SmartToken.sol:1227:9: Warning: Invoking events without "emit" prefix is deprecated.
        RevokeGrant(_holder, refund);
        ^--------------------------^
contracts/SmartToken.sol:1369:9: Warning: Invoking events without "emit" prefix is deprecated.
        UnlockGrant(msg.sender, transferable);
        ^-----------------------------------^
contracts/SmartToken.sol:1587:21: Warning: Using "years" as a unit denomination is deprecated.
            now.add(1 years), true);
                    ^-----^
contracts/SmartToken.sol:1595:21: Warning: Using "years" as a unit denomination is deprecated.
            now.add(2 years), true);
                    ^-----^
contracts/SmartToken.sol:1677:9: Warning: Invoking events without "emit" prefix is deprecated.
        TokensIssued(_recipient, _tokens);
        ^-------------------------------^
contracts/SmartToken.sol:107:5: Warning: No visibility specified. Defaulting to "public". 
    function SafeMath() {
    ^ (Relevant source part starts here and spans across multiple lines).
contracts/SmartToken.sol:241:5: Warning: No visibility specified. Defaulting to "public". 
    function ERC20Token(string _name, string _symbol, uint8 _decimals) {
    ^ (Relevant source part starts here and spans across multiple lines).
contracts/SmartToken.sol:433:5: Warning: No visibility specified. Defaulting to "public". 
    function Owned() {
    ^ (Relevant source part starts here and spans across multiple lines).
contracts/SmartToken.sol:521:5: Warning: No visibility specified. Defaulting to "public". 
    function TokenHolder() {
    ^ (Relevant source part starts here and spans across multiple lines).
contracts/SmartToken.sol:637:5: Warning: No visibility specified. Defaulting to "public". 
    function SmartToken(string _name, string _symbol, uint8 _decimals)
    ^ (Relevant source part starts here and spans across multiple lines).
contracts/SmartToken.sol:881:5: Warning: No visibility specified. Defaulting to "public". 
    function Ownable() {
    ^ (Relevant source part starts here and spans across multiple lines).
contracts/SmartToken.sol:911:5: Warning: No visibility specified. Defaulting to "public". 
    function transferOwnership(address _newOwnerCandidate) onlyOwner {
    ^ (Relevant source part starts here and spans across multiple lines).
contracts/SmartToken.sol:929:5: Warning: No visibility specified. Defaulting to "public". 
    function acceptOwnership() {
    ^ (Relevant source part starts here and spans across multiple lines).
contracts/SmartToken.sol:1041:5: Warning: No visibility specified. Defaulting to "public". 
    function StoxSmartToken() SmartToken('Stox', 'STX', 18) {
    ^ (Relevant source part starts here and spans across multiple lines).
contracts/SmartToken.sol:1109:5: Warning: No visibility specified. Defaulting to "public". 
    function Trustee(StoxSmartToken _stox) {
    ^ (Relevant source part starts here and spans across multiple lines).
contracts/SmartToken.sol:1477:5: Warning: No visibility specified. Defaulting to "public". 
    function StoxSmartTokenSale(address _stox, address _fundingRecipient, uint256 _startTime) {
    ^ (Relevant source part starts here and spans across multiple lines).
contracts/SmartToken.sol:15:5: Warning: Function state mutability can be restricted to pure
    function owner() public constant returns (address owner) { owner; }
    ^-----------------------------------------------------------------^
contracts/SmartToken.sol:37:5: Warning: Function state mutability can be restricted to pure
    function name() public constant returns (string name) { name; }
    ^-------------------------------------------------------------^
contracts/SmartToken.sol:39:5: Warning: Function state mutability can be restricted to pure
    function symbol() public constant returns (string symbol) { symbol; }
    ^-------------------------------------------------------------------^
contracts/SmartToken.sol:41:5: Warning: Function state mutability can be restricted to pure
    function decimals() public constant returns (uint8 decimals) { decimals; }
    ^------------------------------------------------------------------------^
contracts/SmartToken.sol:43:5: Warning: Function state mutability can be restricted to pure
    function totalSupply() public constant returns (uint256 totalSupply) { totalSupply; }
    ^-----------------------------------------------------------------------------------^
contracts/SmartToken.sol:45:5: Warning: Function state mutability can be restricted to pure
    function balanceOf(address _owner) public constant returns (uint256 balance) { _owner; balance; }
    ^-----------------------------------------------------------------------------------------------^
contracts/SmartToken.sol:47:5: Warning: Function state mutability can be restricted to pure
    function allowance(address _owner, address _spender) public constant returns (uint256 remaining) { _owner; _spender; remaining; }
    ^-------------------------------------------------------------------------------------------------------------------------------^
contracts/SmartToken.sol:129:5: Warning: Function state mutability can be restricted to pure
    function safeAdd(uint256 _x, uint256 _y) internal returns (uint256) {
    ^ (Relevant source part starts here and spans across multiple lines).
contracts/SmartToken.sol:157:5: Warning: Function state mutability can be restricted to pure
    function safeSub(uint256 _x, uint256 _y) internal returns (uint256) {
    ^ (Relevant source part starts here and spans across multiple lines).
contracts/SmartToken.sol:183:5: Warning: Function state mutability can be restricted to pure
    function safeMul(uint256 _x, uint256 _y) internal returns (uint256) {
    ^ (Relevant source part starts here and spans across multiple lines).
contracts/SmartToken.sol:953:5: Warning: Function state mutability can be restricted to pure
    function mul(uint256 a, uint256 b) internal returns (uint256) {
    ^ (Relevant source part starts here and spans across multiple lines).
contracts/SmartToken.sol:965:5: Warning: Function state mutability can be restricted to pure
    function div(uint256 a, uint256 b) internal returns (uint256) {
    ^ (Relevant source part starts here and spans across multiple lines).
contracts/SmartToken.sol:979:5: Warning: Function state mutability can be restricted to pure
    function sub(uint256 a, uint256 b) internal returns (uint256) {
    ^ (Relevant source part starts here and spans across multiple lines).
contracts/SmartToken.sol:989:5: Warning: Function state mutability can be restricted to pure
    function add(uint256 a, uint256 b) internal returns (uint256) {
    ^ (Relevant source part starts here and spans across multiple lines).
contracts/SmartToken.sol:1001:5: Warning: Function state mutability can be restricted to pure
    function max64(uint64 a, uint64 b) internal constant returns (uint64) {
    ^ (Relevant source part starts here and spans across multiple lines).
contracts/SmartToken.sol:1009:5: Warning: Function state mutability can be restricted to pure
    function min64(uint64 a, uint64 b) internal constant returns (uint64) {
    ^ (Relevant source part starts here and spans across multiple lines).
contracts/SmartToken.sol:1017:5: Warning: Function state mutability can be restricted to pure
    function max256(uint256 a, uint256 b) internal constant returns (uint256) {
    ^ (Relevant source part starts here and spans across multiple lines).
contracts/SmartToken.sol:1025:5: Warning: Function state mutability can be restricted to pure
    function min256(uint256 a, uint256 b) internal constant returns (uint256) {
    ^ (Relevant source part starts here and spans across multiple lines).
contracts/SmartToken.sol:1319:34: Warning: Function declared as view, but this expression (potentially) modifies the state and thus requires non-payable (the default) or payable.
         return _grant.value.mul(_time.sub(_grant.start)).div(_grant.end.sub(_grant.start));
                                 ^---------------------^
contracts/SmartToken.sol:1319:17: Warning: Function declared as view, but this expression (potentially) modifies the state and thus requires non-payable (the default) or payable.
         return _grant.value.mul(_time.sub(_grant.start)).div(_grant.end.sub(_grant.start));
                ^---------------------------------------^
contracts/SmartToken.sol:1319:63: Warning: Function declared as view, but this expression (potentially) modifies the state and thus requires non-payable (the default) or payable.
         return _grant.value.mul(_time.sub(_grant.start)).div(_grant.end.sub(_grant.start));
                                                              ^--------------------------^
contracts/SmartToken.sol:1319:17: Warning: Function declared as view, but this expression (potentially) modifies the state and thus requires non-payable (the default) or payable.
         return _grant.value.mul(_time.sub(_grant.start)).div(_grant.end.sub(_grant.start));
                ^-------------------------------------------------------------------------^
assets/NormalAttacker.sol:5:3: Warning: No visibility specified. Defaulting to "public". 
  function() payable {
  ^ (Relevant source part starts here and spans across multiple lines).
assets/ReentrancyAttacker.sol:8:7: Warning: Return value of low-level calls not used.
      msg.sender.call(bytes4(255));
      ^--------------------------^
assets/ReentrancyAttacker.sol:5:3: Warning: No visibility specified. Defaulting to "public". 
  function() payable {
  ^ (Relevant source part starts here and spans across multiple lines).
>> Fuzz StoxSmartToken
** Write stats: 0.02172
** Write stats: 5.00034
** Write stats: 10.0023
** Write stats: 15.0003
** Write stats: 20.0028
** Write stats: 25.0053
** Write stats: 30.001
** Write stats: 35.0045
** Write stats: 40.0013
** Write stats: 45.0003
** Write stats: 50.0018
** Write stats: 55.0152
** Write stats: 60.0033
** Write stats: 65.0018
** Write stats: 70.0031
** Write stats: 75.0047
** Write stats: 80.0024
** Write stats: 85.0048
** Write stats: 90.0051
** Write stats: 95.0044
** Write stats: 100.001
** Write stats: 105.004
** Write stats: 110.004
** Write stats: 115.001
** Write stats: 120.002
** Write stats: 120.058
>> Fuzz Ownable
** Write stats: 0.003472
** Write stats: 5.00007
** Write stats: 10.0001
** Write stats: 15.0002
** Write stats: 20.0002
** Write stats: 25.0001
** Write stats: 30.0004
** Write stats: 35.0001
** Write stats: 40.0003
** Write stats: 45.0001
** Write stats: 50.0001
** Write stats: 55.0001
** Write stats: 60.0005
** Write stats: 65.0007
** Write stats: 70.0001
** Write stats: 75.0004
** Write stats: 80.0002
** Write stats: 85.0003
** Write stats: 90.0001
** Write stats: 95.0002
** Write stats: 100
** Write stats: 105
** Write stats: 110
** Write stats: 115.001
** Write stats: 120.016
>> Fuzz TokenHolder
./fuzzMe: line 16:    41 Segmentation fault      (core dumped) ./fuzzer --file contracts/TokenHolder.sol.json --name TokenHolder --assets assets/ --duration 120 --mode 1 --reporter 1 --log 0 --attacker ReentrancyAttacker
>> Fuzz SafeMath
** Write stats: 0.001766
** Write stats: 5.00007
** Write stats: 10.0001
** Write stats: 15.0001
** Write stats: 20.0001
** Write stats: 25.0001
** Write stats: 30.0001
** Write stats: 35.0001
** Write stats: 40.0001
** Write stats: 45.0001
** Write stats: 50.0001
** Write stats: 55.0001
** Write stats: 60.0001
** Write stats: 65.0001
** Write stats: 80.0001
** Write stats: 85.0001
** Write stats: 90.0001
** Write stats: 95.0001
** Write stats: 100
** Write stats: 105
** Write stats: 110
** Write stats: 115
** Write stats: 120
** Write stats: 120.001
>> Fuzz Trustee
** Write stats: 0.009348
** Write stats: 5.00027
** Write stats: 10.0002
** Write stats: 15.0006
** Write stats: 20.0002
** Write stats: 25.0001
** Write stats: 30.0002
** Write stats: 35.0002
** Write stats: 40.0002
** Write stats: 45.0005
** Write stats: 50.0004
** Write stats: 55.0002
** Write stats: 60.0001
** Write stats: 65.0007
** Write stats: 70.0263
** Write stats: 75.0006
** Write stats: 80.0006
** Write stats: 85.0005
** Write stats: 90.0007
** Write stats: 95.0005
** Write stats: 100
** Write stats: 105
** Write stats: 110.001
** Write stats: 115.03
** Write stats: 120.001
** Write stats: 120.024
>> Fuzz StoxSmartTokenSale
** Write stats: 0.008932
** Write stats: 5.00026
** Write stats: 10.0004
** Write stats: 15.0005
** Write stats: 20.0005
** Write stats: 25.0005
** Write stats: 30.0005
** Write stats: 35.0003
** Write stats: 40.0004
** Write stats: 45.0002
** Write stats: 50.0006
** Write stats: 55.0004
** Write stats: 60.0004
** Write stats: 65.0003
** Write stats: 70.0004
** Write stats: 75.0001
** Write stats: 80.0003
** Write stats: 85.0003
** Write stats: 90.0002
** Write stats: 95.0003
** Write stats: 100
** Write stats: 105
** Write stats: 110.001
** Write stats: 115
** Write stats: 120
** Write stats: 120.014
>> Fuzz Owned
./fuzzMe: line 20:    45 Segmentation fault      (core dumped) ./fuzzer --file contracts/Owned.sol.json --name Owned --assets assets/ --duration 120 --mode 1 --reporter 1 --log 0 --attacker ReentrancyAttacker
>> Fuzz ERC20Token
** Write stats: 0.012926
** Write stats: 5.00204
** Write stats: 10.0013
** Write stats: 15.0003
** Write stats: 20.0015
** Write stats: 25.0011
** Write stats: 30.0032
** Write stats: 35.0009
** Write stats: 40.0044
** Write stats: 45.0003
** Write stats: 50.0007
** Write stats: 55.0063
** Write stats: 60.0011
** Write stats: 65.001
** Write stats: 70.0035
** Write stats: 75.0026
** Write stats: 80.0057
** Write stats: 85.0016
** Write stats: 90.0022
** Write stats: 95.0072
** Write stats: 100.003
** Write stats: 105.006
** Write stats: 110.003
** Write stats: 115.003
** Write stats: 120.001
** Write stats: 120.022
>> Fuzz SaferMath
** Write stats: 0.001723
** Write stats: 5.00009
** Write stats: 10.0001
** Write stats: 15.0001
** Write stats: 20.0001
** Write stats: 25.0002
** Write stats: 30.0002
** Write stats: 35.0001
** Write stats: 40.0001
** Write stats: 45.0001
** Write stats: 50.0002
** Write stats: 55.0001
** Write stats: 60.0001
** Write stats: 65.0001
** Write stats: 70.0001
** Write stats: 75.0004
** Write stats: 80.0001
** Write stats: 85.0001
** Write stats: 90.0001
** Write stats: 95.0001
** Write stats: 100
** Write stats: 105
** Write stats: 110
** Write stats: 115
** Write stats: 120
** Write stats: 120.001
>> Fuzz SmartToken
./fuzzMe: line 23:    48 Segmentation fault      (core dumped) ./fuzzer --file contracts/SmartToken.sol.json --name SmartToken --assets assets/ --duration 120 --mode 1 --reporter 1 --log 0 --attacker ReentrancyAttacker
