'solc --version' running
'solc /sb/0x5ec71419f100642130e596c352d93dea7589a31f.sol --combined-json abi,ast,bin,bin-runtime,srcmap,srcmap-runtime,userdoc,devdoc,hashes,compact-format --allow-paths .,/sb' running
Compilation warnings/errors on /sb/0x5ec71419f100642130e596c352d93dea7589a31f.sol:
/sb/0x5ec71419f100642130e596c352d93dea7589a31f.sol:936:45: Warning: "throw" is deprecated in favour of "revert()", "require()" and "assert()".
        if ((_nbytes == 0)||(_nbytes > 32)) throw;
                                            ^---^
/sb/0x5ec71419f100642130e596c352d93dea7589a31f.sol:1052:71: Warning: "throw" is deprecated in favour of "revert()", "require()" and "assert()".
        if ((_proof[0] != "L")||(_proof[1] != "P")||(_proof[2] != 1)) throw;
                                                                      ^---^
/sb/0x5ec71419f100642130e596c352d93dea7589a31f.sol:1055:37: Warning: "throw" is deprecated in favour of "revert()", "require()" and "assert()".
        if (proofVerified == false) throw;
                                    ^---^
/sb/0x5ec71419f100642130e596c352d93dea7589a31f.sol:1073:39: Warning: "throw" is deprecated in favour of "revert()", "require()" and "assert()".
	if (prefix.length != n_random_bytes) throw;
	                                     ^---^
/sb/0x5ec71419f100642130e596c352d93dea7589a31f.sol:1131:13: Warning: "throw" is deprecated in favour of "revert()", "require()" and "assert()".
            throw; // Should be a better way?
            ^---^
/sb/0x5ec71419f100642130e596c352d93dea7589a31f.sol:1363:9: Warning: Use of the "var" keyword is deprecated.
        var ret = new string(self._len);
        ^-----^
/sb/0x5ec71419f100642130e596c352d93dea7589a31f.sol:1381:9: Warning: Use of the "var" keyword is deprecated.
        var ptr = self._ptr - 31;
        ^-----^
/sb/0x5ec71419f100642130e596c352d93dea7589a31f.sol:1382:9: Warning: Use of the "var" keyword is deprecated.
        var end = ptr + self._len;
        ^-----^
/sb/0x5ec71419f100642130e596c352d93dea7589a31f.sol:1425:9: Warning: Use of the "var" keyword is deprecated.
        var selfptr = self._ptr;
        ^---------^
/sb/0x5ec71419f100642130e596c352d93dea7589a31f.sol:1426:9: Warning: Use of the "var" keyword is deprecated.
        var otherptr = other._ptr;
        ^----------^
/sb/0x5ec71419f100642130e596c352d93dea7589a31f.sol:1437:17: Warning: Use of the "var" keyword is deprecated.
                var diff = (a & mask) - (b & mask);
                ^------^
/sb/0x5ec71419f100642130e596c352d93dea7589a31f.sol:1526:9: Warning: Use of the "var" keyword is deprecated.
        var b = word / divisor;
        ^---^
/sb/0x5ec71419f100642130e596c352d93dea7589a31f.sol:1636:9: Warning: Use of the "var" keyword is deprecated.
        var selfptr = self._ptr + self._len - needle._len;
        ^---------^
/sb/0x5ec71419f100642130e596c352d93dea7589a31f.sol:1664:9: Warning: Use of the "var" keyword is deprecated.
        var selfptr = self._ptr + self._len - needle._len;
        ^---------^
/sb/0x5ec71419f100642130e596c352d93dea7589a31f.sol:1894:9: Warning: Use of the "var" keyword is deprecated.
        var ret = new string(self._len + other._len);
        ^-----^
/sb/0x5ec71419f100642130e596c352d93dea7589a31f.sol:1918:9: Warning: Use of the "var" keyword is deprecated.
        var ret = new string(length);
        ^-----^
/sb/0x5ec71419f100642130e596c352d93dea7589a31f.sol:1942:31: Warning: "throw" is deprecated in favour of "revert()", "require()" and "assert()".
        if (!safeToAdd(a, b)) throw;
                              ^---^
/sb/0x5ec71419f100642130e596c352d93dea7589a31f.sol:1951:36: Warning: "throw" is deprecated in favour of "revert()", "require()" and "assert()".
        if (!safeToSubtract(a, b)) throw;
                                   ^---^
/sb/0x5ec71419f100642130e596c352d93dea7589a31f.sol:1969:32: Warning: "throw" is deprecated in favour of "revert()", "require()" and "assert()".
        if(gamePaused == true) throw;
                               ^---^
/sb/0x5ec71419f100642130e596c352d93dea7589a31f.sol:1977:46: Warning: "throw" is deprecated in favour of "revert()", "require()" and "assert()".
		if(_betSize < minBet || _betSize > maxBet) throw;
		                                           ^---^
/sb/0x5ec71419f100642130e596c352d93dea7589a31f.sol:1985:49: Warning: "throw" is deprecated in favour of "revert()", "require()" and "assert()".
        if (msg.sender != oraclize_cbAddress()) throw;
                                                ^---^
/sb/0x5ec71419f100642130e596c352d93dea7589a31f.sol:1994:35: Warning: "throw" is deprecated in favour of "revert()", "require()" and "assert()".
         if (msg.sender != owner) throw;
                                  ^---^
/sb/0x5ec71419f100642130e596c352d93dea7589a31f.sol:2042:5: Warning: Defining constructors as functions with the same name as the contract is deprecated. Use "constructor(...) { ... }" instead.
    function Bandit() {
    ^ (Relevant source part starts here and spans across multiple lines).
/sb/0x5ec71419f100642130e596c352d93dea7589a31f.sol:2110:39: Warning: "throw" is deprecated in favour of "revert()", "require()" and "assert()".
        if (playerAddress[myid]==0x0) throw;	
                                      ^---^
/sb/0x5ec71419f100642130e596c352d93dea7589a31f.sol:2114:9: Warning: Use of the "var" keyword is deprecated.
        var sl_result = result.toSlice();
        ^-----------^
/sb/0x5ec71419f100642130e596c352d93dea7589a31f.sol:2124:3: Warning: Use of the "var" keyword is deprecated.
		var first_barrel = parseInt(sl_result.split(', '.toSlice()).toString());
		^--------------^
/sb/0x5ec71419f100642130e596c352d93dea7589a31f.sol:2125:3: Warning: Use of the "var" keyword is deprecated.
		var second_barrel = parseInt(sl_result.split(', '.toSlice()).toString());
		^---------------^
/sb/0x5ec71419f100642130e596c352d93dea7589a31f.sol:2126:3: Warning: Use of the "var" keyword is deprecated.
		var third_barrel = parseInt(sl_result.split(', '.toSlice()).toString());
		^--------------^
/sb/0x5ec71419f100642130e596c352d93dea7589a31f.sol:2138:3: Warning: Use of the "var" keyword is deprecated.
		var miltiplier = 0;		
		^------------^
/sb/0x5ec71419f100642130e596c352d93dea7589a31f.sol:2341:50: Warning: "throw" is deprecated in favour of "revert()", "require()" and "assert()".
        if(!sendTo.send(originalPlayerBetValue)) throw;
                                                 ^---^
/sb/0x5ec71419f100642130e596c352d93dea7589a31f.sol:1472:9: Warning: This declaration shadows an existing declaration.
        uint len;
        ^------^
/sb/0x5ec71419f100642130e596c352d93dea7589a31f.sol:1379:5: The shadowed declaration is here:
    function len(slice self) internal returns (uint l) {
    ^ (Relevant source part starts here and spans across multiple lines).

/sb/0x5ec71419f100642130e596c352d93dea7589a31f.sol:976:50: Warning: "sha3" has been deprecated in favour of "keccak256"
        oraclize_randomDS_setCommitment(queryId, sha3(delay_bytes8_left, args[1], sha256(args[0]), args[2]));
                                                 ^--------------------------------------------------------^
/sb/0x5ec71419f100642130e596c352d93dea7589a31f.sol:976:50: Warning: This function only accepts a single "bytes" argument. Please use "abi.encodePacked(...)" or a similar function to encode the data.
        oraclize_randomDS_setCommitment(queryId, sha3(delay_bytes8_left, args[1], sha256(args[0]), args[2]));
                                                 ^--------------------------------------------------------^
/sb/0x5ec71419f100642130e596c352d93dea7589a31f.sol:1008:21: Warning: "sha3" has been deprecated in favour of "keccak256"
        if (address(sha3(pubkey)) == signer) return true;
                    ^----------^
/sb/0x5ec71419f100642130e596c352d93dea7589a31f.sol:1011:29: Warning: "sha3" has been deprecated in favour of "keccak256"
            return (address(sha3(pubkey)) == signer);
                            ^----------^
/sb/0x5ec71419f100642130e596c352d93dea7589a31f.sol:1026:22: Warning: Decimal literal assigned to bytesXX variable will be left-aligned. Use an explicit conversion to silence this warning.
        tosign2[0] = 1; //role
                     ^
/sb/0x5ec71419f100642130e596c352d93dea7589a31f.sol:1088:15: Warning: "sha3" has been deprecated in favour of "keccak256"
        if (!(sha3(keyhash) == sha3(sha256(context_name, queryId)))) return false;
              ^-----------^
/sb/0x5ec71419f100642130e596c352d93dea7589a31f.sol:1088:37: Warning: This function only accepts a single "bytes" argument. Please use "abi.encodePacked(...)" or a similar function to encode the data.
        if (!(sha3(keyhash) == sha3(sha256(context_name, queryId)))) return false;
                                    ^---------------------------^
/sb/0x5ec71419f100642130e596c352d93dea7589a31f.sol:1088:32: Warning: "sha3" has been deprecated in favour of "keccak256"
        if (!(sha3(keyhash) == sha3(sha256(context_name, queryId)))) return false;
                               ^---------------------------------^
/sb/0x5ec71419f100642130e596c352d93dea7589a31f.sol:1088:32: Warning: This function only accepts a single "bytes" argument. Please use "abi.encodePacked(...)" or a similar function to encode the data.
        if (!(sha3(keyhash) == sha3(sha256(context_name, queryId)))) return false;
                               ^---------------------------------^
/sb/0x5ec71419f100642130e596c352d93dea7589a31f.sol:1088:32: Warning: The provided argument of type bytes32 is not implicitly convertible to expected type bytes memory.
        if (!(sha3(keyhash) == sha3(sha256(context_name, queryId)))) return false;
                               ^---------------------------------^
/sb/0x5ec71419f100642130e596c352d93dea7589a31f.sol:1106:48: Warning: "sha3" has been deprecated in favour of "keccak256"
        if (oraclize_randomDS_args[queryId] == sha3(commitmentSlice1, sessionPubkeyHash)){ //unonce, nbytes and sessionKeyHash match
                                               ^---------------------------------------^
/sb/0x5ec71419f100642130e596c352d93dea7589a31f.sol:1106:48: Warning: This function only accepts a single "bytes" argument. Please use "abi.encodePacked(...)" or a similar function to encode the data.
        if (oraclize_randomDS_args[queryId] == sha3(commitmentSlice1, sessionPubkeyHash)){ //unonce, nbytes and sessionKeyHash match
                                               ^---------------------------------------^
/sb/0x5ec71419f100642130e596c352d93dea7589a31f.sol:1695:21: Warning: The use of labels is deprecated. Please use "if", "switch", "for" or function calls instead.
                    loop:
                    ^--^
/sb/0x5ec71419f100642130e596c352d93dea7589a31f.sol:1695:21: Warning: Jump instructions and labels are low-level EVM features that can lead to incorrect stack access. Because of that they are discouraged. Please consider using "switch", "if" or "for" statements instead.
                    loop:
                    ^--^
/sb/0x5ec71419f100642130e596c352d93dea7589a31f.sol:1696:21: Warning: Jump instructions and labels are low-level EVM features that can lead to incorrect stack access. Because of that they are discouraged. Please consider using "switch", "if" or "for" statements instead.
                    jumpi(exit, eq(and(mload(ptr), mask), needledata))
                    ^------------------------------------------------^
/sb/0x5ec71419f100642130e596c352d93dea7589a31f.sol:1698:21: Warning: Jump instructions and labels are low-level EVM features that can lead to incorrect stack access. Because of that they are discouraged. Please consider using "switch", "if" or "for" statements instead.
                    jumpi(loop, lt(sub(ptr, 1), end))
                    ^-------------------------------^
/sb/0x5ec71419f100642130e596c352d93dea7589a31f.sol:1700:21: Warning: The use of labels is deprecated. Please use "if", "switch", "for" or function calls instead.
                    exit:
                    ^--^
/sb/0x5ec71419f100642130e596c352d93dea7589a31f.sol:1700:21: Warning: Jump instructions and labels are low-level EVM features that can lead to incorrect stack access. Because of that they are discouraged. Please consider using "switch", "if" or "for" statements instead.
                    exit:
                    ^--^
/sb/0x5ec71419f100642130e596c352d93dea7589a31f.sol:1732:21: Warning: The use of labels is deprecated. Please use "if", "switch", "for" or function calls instead.
                    loop:
                    ^--^
/sb/0x5ec71419f100642130e596c352d93dea7589a31f.sol:1732:21: Warning: Jump instructions and labels are low-level EVM features that can lead to incorrect stack access. Because of that they are discouraged. Please consider using "switch", "if" or "for" statements instead.
                    loop:
                    ^--^
/sb/0x5ec71419f100642130e596c352d93dea7589a31f.sol:1733:21: Warning: Jump instructions and labels are low-level EVM features that can lead to incorrect stack access. Because of that they are discouraged. Please consider using "switch", "if" or "for" statements instead.
                    jumpi(ret, eq(and(mload(ptr), mask), needledata))
                    ^-----------------------------------------------^
/sb/0x5ec71419f100642130e596c352d93dea7589a31f.sol:1735:21: Warning: Jump instructions and labels are low-level EVM features that can lead to incorrect stack access. Because of that they are discouraged. Please consider using "switch", "if" or "for" statements instead.
                    jumpi(loop, gt(add(ptr, 1), selfptr))
                    ^-----------------------------------^
/sb/0x5ec71419f100642130e596c352d93dea7589a31f.sol:1737:21: Warning: Jump instructions and labels are low-level EVM features that can lead to incorrect stack access. Because of that they are discouraged. Please consider using "switch", "if" or "for" statements instead.
                    jump(exit)
                    ^--------^
/sb/0x5ec71419f100642130e596c352d93dea7589a31f.sol:1738:21: Warning: The use of labels is deprecated. Please use "if", "switch", "for" or function calls instead.
                    ret:
                    ^-^
/sb/0x5ec71419f100642130e596c352d93dea7589a31f.sol:1738:21: Warning: Jump instructions and labels are low-level EVM features that can lead to incorrect stack access. Because of that they are discouraged. Please consider using "switch", "if" or "for" statements instead.
                    ret:
                    ^-^
/sb/0x5ec71419f100642130e596c352d93dea7589a31f.sol:1740:21: Warning: The use of labels is deprecated. Please use "if", "switch", "for" or function calls instead.
                    exit:
                    ^--^
/sb/0x5ec71419f100642130e596c352d93dea7589a31f.sol:1740:21: Warning: Jump instructions and labels are low-level EVM features that can lead to incorrect stack access. Because of that they are discouraged. Please consider using "switch", "if" or "for" statements instead.
                    exit:
                    ^--^
/sb/0x5ec71419f100642130e596c352d93dea7589a31f.sol:2096:9: Warning: Invoking events without "emit" prefix is deprecated.
        LogBet(playerBetId[rngId], playerAddress[rngId], playerBetValue[rngId]);          
        ^---------------------------------------------------------------------^
/sb/0x5ec71419f100642130e596c352d93dea7589a31f.sol:2138:3: Warning: The type of this variable was inferred as uint8, which can hold values between 0 and 255. This is probably not desired. Use an explicit type to silence this warning.
		var miltiplier = 0;		
		^----------------^
/sb/0x5ec71419f100642130e596c352d93dea7589a31f.sol:2153:14: Warning: Invoking events without "emit" prefix is deprecated.
 ... LogResult(serialNumberOfResult, playerBetId[myid], playerTempAddress[myid], playerDieResult[myid], playerTempBetValue[myid], miltiplier, 3, proof) ... 
     ^------------------------------------------------------------------------------------------------------------------------------------------------^
/sb/0x5ec71419f100642130e596c352d93dea7589a31f.sol:2161:17: Warning: Invoking events without "emit" prefix is deprecated.
 ... LogResult(serialNumberOfResult, playerBetId[myid], playerTempAddress[myid], playerDieResult[myid], playerTempBetValue[myid], miltiplier, 4, proof) ... 
     ^------------------------------------------------------------------------------------------------------------------------------------------------^
/sb/0x5ec71419f100642130e596c352d93dea7589a31f.sol:2253:13: Warning: Invoking events without "emit" prefix is deprecated.
 ... LogResult(serialNumberOfResult, playerBetId[myid], playerTempAddress[myid], playerDieResult[myid], playerTempReward[myid], miltiplier, 1, proof) ... 
     ^----------------------------------------------------------------------------------------------------------------------------------------------^
/sb/0x5ec71419f100642130e596c352d93dea7589a31f.sol:2262:17: Warning: Invoking events without "emit" prefix is deprecated.
 ... LogResult(serialNumberOfResult, playerBetId[myid], playerTempAddress[myid], playerDieResult[myid], playerTempReward[myid], miltiplier, 2, proof) ... 
     ^----------------------------------------------------------------------------------------------------------------------------------------------^
/sb/0x5ec71419f100642130e596c352d93dea7589a31f.sol:2278:13: Warning: Invoking events without "emit" prefix is deprecated.
 ... LogResult(serialNumberOfResult, playerBetId[myid], playerTempAddress[myid], playerDieResult[myid], playerTempBetValue[myid], miltiplier, 0, proof) ... 
     ^------------------------------------------------------------------------------------------------------------------------------------------------^
/sb/0x5ec71419f100642130e596c352d93dea7589a31f.sol:2343:9: Warning: Invoking events without "emit" prefix is deprecated.
        LogRefund(originalPlayerBetId, sendTo, originalPlayerBetValue);        
        ^------------------------------------------------------------^
/sb/0x5ec71419f100642130e596c352d93dea7589a31f.sol:2386:3: Warning: "suicide" has been deprecated in favour of "selfdestruct"
		suicide(owner);
		^------------^
/sb/0x5ec71419f100642130e596c352d93dea7589a31f.sol:2393:21: Warning: Using contract member "balance" inherited from the address type is deprecated. Convert the contract to "address" type to access the member, for example use "address(contract).balance" instead.
		uint256 balance = this.balance;
		                  ^----------^
/sb/0x5ec71419f100642130e596c352d93dea7589a31f.sol:2395:13: Warning: Failure condition of 'send' ignored. Consider using 'transfer' instead.
            owner.send(cash);
            ^--------------^
/sb/0x5ec71419f100642130e596c352d93dea7589a31f.sol:35:5: Warning: No visibility specified. Defaulting to "public". 
    function query(uint _timestamp, string _datasource, string _arg) payable returns (bytes32 _id);
    ^---------------------------------------------------------------------------------------------^
/sb/0x5ec71419f100642130e596c352d93dea7589a31f.sol:36:5: Warning: No visibility specified. Defaulting to "public". 
    function query_withGasLimit(uint _timestamp, string _datasource, string _arg, uint _gaslimit) payable returns (bytes32 _id);
    ^--------------------------------------------------------------------------------------------------------------------------^
/sb/0x5ec71419f100642130e596c352d93dea7589a31f.sol:37:5: Warning: No visibility specified. Defaulting to "public". 
    function query2(uint _timestamp, string _datasource, string _arg1, string _arg2) payable returns (bytes32 _id);
    ^-------------------------------------------------------------------------------------------------------------^
/sb/0x5ec71419f100642130e596c352d93dea7589a31f.sol:38:5: Warning: No visibility specified. Defaulting to "public". 
    function query2_withGasLimit(uint _timestamp, string _datasource, string _arg1, string _arg2, uint _gaslimit) payable returns (bytes32 _id);
    ^------------------------------------------------------------------------------------------------------------------------------------------^
/sb/0x5ec71419f100642130e596c352d93dea7589a31f.sol:39:5: Warning: No visibility specified. Defaulting to "public". 
    function queryN(uint _timestamp, string _datasource, bytes _argN) payable returns (bytes32 _id);
    ^----------------------------------------------------------------------------------------------^
/sb/0x5ec71419f100642130e596c352d93dea7589a31f.sol:40:5: Warning: No visibility specified. Defaulting to "public". 
    function queryN_withGasLimit(uint _timestamp, string _datasource, bytes _argN, uint _gaslimit) payable returns (bytes32 _id);
    ^---------------------------------------------------------------------------------------------------------------------------^
/sb/0x5ec71419f100642130e596c352d93dea7589a31f.sol:41:5: Warning: No visibility specified. Defaulting to "public". 
    function getPrice(string _datasource) returns (uint _dsprice);
    ^------------------------------------------------------------^
/sb/0x5ec71419f100642130e596c352d93dea7589a31f.sol:42:5: Warning: No visibility specified. Defaulting to "public". 
    function getPrice(string _datasource, uint gaslimit) returns (uint _dsprice);
    ^---------------------------------------------------------------------------^
/sb/0x5ec71419f100642130e596c352d93dea7589a31f.sol:43:5: Warning: No visibility specified. Defaulting to "public". 
    function useCoupon(string _coupon);
    ^---------------------------------^
/sb/0x5ec71419f100642130e596c352d93dea7589a31f.sol:44:5: Warning: No visibility specified. Defaulting to "public". 
    function setProofType(byte _proofType);
    ^-------------------------------------^
/sb/0x5ec71419f100642130e596c352d93dea7589a31f.sol:45:5: Warning: No visibility specified. Defaulting to "public". 
    function setConfig(bytes32 _config);
    ^----------------------------------^
/sb/0x5ec71419f100642130e596c352d93dea7589a31f.sol:46:5: Warning: No visibility specified. Defaulting to "public". 
    function setCustomGasPrice(uint _gasPrice);
    ^-----------------------------------------^
/sb/0x5ec71419f100642130e596c352d93dea7589a31f.sol:47:5: Warning: No visibility specified. Defaulting to "public". 
    function randomDS_getSessionPubKeyHash() returns(bytes32);
    ^--------------------------------------------------------^
/sb/0x5ec71419f100642130e596c352d93dea7589a31f.sol:51:5: Warning: No visibility specified. Defaulting to "public". 
    function getAddress() returns (address _addr);
    ^--------------------------------------------^
/sb/0x5ec71419f100642130e596c352d93dea7589a31f.sol:318:34: Warning: Unused function parameter. Remove or comment out the variable name to silence this warning.
    function oraclize_setNetwork(uint8 networkID) internal returns(bool){
                                 ^-------------^
/sb/0x5ec71419f100642130e596c352d93dea7589a31f.sol:354:5: Warning: No visibility specified. Defaulting to "public". 
    function __callback(bytes32 myid, string result) {
    ^ (Relevant source part starts here and spans across multiple lines).
/sb/0x5ec71419f100642130e596c352d93dea7589a31f.sol:357:5: Warning: No visibility specified. Defaulting to "public". 
    function __callback(bytes32 myid, string result, bytes proof) {
    ^ (Relevant source part starts here and spans across multiple lines).
/sb/0x5ec71419f100642130e596c352d93dea7589a31f.sol:357:25: Warning: Unused function parameter. Remove or comment out the variable name to silence this warning.
    function __callback(bytes32 myid, string result, bytes proof) {
                        ^----------^
/sb/0x5ec71419f100642130e596c352d93dea7589a31f.sol:357:39: Warning: Unused function parameter. Remove or comment out the variable name to silence this warning.
    function __callback(bytes32 myid, string result, bytes proof) {
                                      ^-----------^
/sb/0x5ec71419f100642130e596c352d93dea7589a31f.sol:357:54: Warning: Unused function parameter. Remove or comment out the variable name to silence this warning.
    function __callback(bytes32 myid, string result, bytes proof) {
                                                     ^---------^
/sb/0x5ec71419f100642130e596c352d93dea7589a31f.sol:2042:5: Warning: No visibility specified. Defaulting to "public". 
    function Bandit() {
    ^ (Relevant source part starts here and spans across multiple lines).
/sb/0x5ec71419f100642130e596c352d93dea7589a31f.sol:2337:77: Warning: Unused function parameter. Remove or comment out the variable name to silence this warning.
    function ownerRefundPlayer(bytes32 originalPlayerBetId, address sendTo, uint originalPlayerProfit, uint originalPlayerBetValue) public 
                                                                            ^-----------------------^
/sb/0x5ec71419f100642130e596c352d93dea7589a31f.sol:357:5: Warning: Function state mutability can be restricted to pure
    function __callback(bytes32 myid, string result, bytes proof) {
    ^ (Relevant source part starts here and spans across multiple lines).
/sb/0x5ec71419f100642130e596c352d93dea7589a31f.sol:768:5: Warning: Function state mutability can be restricted to pure
    function parseAddr(string _a) internal returns (address){
    ^ (Relevant source part starts here and spans across multiple lines).
/sb/0x5ec71419f100642130e596c352d93dea7589a31f.sol:788:5: Warning: Function state mutability can be restricted to pure
    function strCompare(string _a, string _b) internal returns (int) {
    ^ (Relevant source part starts here and spans across multiple lines).
/sb/0x5ec71419f100642130e596c352d93dea7589a31f.sol:806:5: Warning: Function state mutability can be restricted to pure
    function indexOf(string _haystack, string _needle) internal returns (int) {
    ^ (Relevant source part starts here and spans across multiple lines).
/sb/0x5ec71419f100642130e596c352d93dea7589a31f.sol:833:5: Warning: Function state mutability can be restricted to pure
    function strConcat(string _a, string _b, string _c, string _d, string _e) internal returns (string) {
    ^ (Relevant source part starts here and spans across multiple lines).
/sb/0x5ec71419f100642130e596c352d93dea7589a31f.sol:868:5: Warning: Function state mutability can be restricted to pure
    function parseInt(string _a, uint _b) internal returns (uint) {
    ^ (Relevant source part starts here and spans across multiple lines).
/sb/0x5ec71419f100642130e596c352d93dea7589a31f.sol:886:5: Warning: Function state mutability can be restricted to pure
    function uint2str(uint i) internal returns (string){
    ^ (Relevant source part starts here and spans across multiple lines).
/sb/0x5ec71419f100642130e596c352d93dea7589a31f.sol:904:5: Warning: Function state mutability can be restricted to pure
    function stra2cbor(string[] arr) internal returns (bytes) {
    ^ (Relevant source part starts here and spans across multiple lines).
/sb/0x5ec71419f100642130e596c352d93dea7589a31f.sol:931:5: Warning: Function state mutability can be restricted to view
    function oraclize_getNetworkName() internal returns (string) {
    ^ (Relevant source part starts here and spans across multiple lines).
/sb/0x5ec71419f100642130e596c352d93dea7589a31f.sol:1070:5: Warning: Function state mutability can be restricted to pure
    function matchBytes32Prefix(bytes32 content, bytes prefix, uint n_random_bytes) internal returns (bool){
    ^ (Relevant source part starts here and spans across multiple lines).
/sb/0x5ec71419f100642130e596c352d93dea7589a31f.sol:1126:5: Warning: Function state mutability can be restricted to pure
    function copyBytes(bytes from, uint fromOffset, uint length, bytes to, uint toOffset) internal returns (bytes) {
    ^ (Relevant source part starts here and spans across multiple lines).
/sb/0x5ec71419f100642130e596c352d93dea7589a31f.sol:1267:5: Warning: Function state mutability can be restricted to pure
    function memcpy(uint dest, uint src, uint len) private {
    ^ (Relevant source part starts here and spans across multiple lines).
/sb/0x5ec71419f100642130e596c352d93dea7589a31f.sol:1291:5: Warning: Function state mutability can be restricted to pure
    function toSlice(string self) internal returns (slice) {
    ^ (Relevant source part starts here and spans across multiple lines).
/sb/0x5ec71419f100642130e596c352d93dea7589a31f.sol:1304:5: Warning: Function state mutability can be restricted to pure
    function len(bytes32 self) internal returns (uint) {
    ^ (Relevant source part starts here and spans across multiple lines).
/sb/0x5ec71419f100642130e596c352d93dea7589a31f.sol:1353:5: Warning: Function state mutability can be restricted to pure
    function copy(slice self) internal returns (slice) {
    ^ (Relevant source part starts here and spans across multiple lines).
/sb/0x5ec71419f100642130e596c352d93dea7589a31f.sol:1379:5: Warning: Function state mutability can be restricted to pure
    function len(slice self) internal returns (uint l) {
    ^ (Relevant source part starts here and spans across multiple lines).
/sb/0x5ec71419f100642130e596c352d93dea7589a31f.sol:1407:5: Warning: Function state mutability can be restricted to pure
    function empty(slice self) internal returns (bool) {
    ^ (Relevant source part starts here and spans across multiple lines).
/sb/0x5ec71419f100642130e596c352d93dea7589a31f.sol:1420:5: Warning: Function state mutability can be restricted to pure
    function compare(slice self, slice other) internal returns (int) {
    ^ (Relevant source part starts here and spans across multiple lines).
/sb/0x5ec71419f100642130e596c352d93dea7589a31f.sol:1464:5: Warning: Function state mutability can be restricted to pure
    function nextRune(slice self, slice rune) internal returns (slice) {
    ^ (Relevant source part starts here and spans across multiple lines).
/sb/0x5ec71419f100642130e596c352d93dea7589a31f.sol:1515:5: Warning: Function state mutability can be restricted to pure
    function ord(slice self) internal returns (uint ret) {
    ^ (Relevant source part starts here and spans across multiple lines).
/sb/0x5ec71419f100642130e596c352d93dea7589a31f.sol:1564:5: Warning: Function state mutability can be restricted to pure
    function keccak(slice self) internal returns (bytes32 ret) {
    ^ (Relevant source part starts here and spans across multiple lines).
/sb/0x5ec71419f100642130e596c352d93dea7589a31f.sol:1576:5: Warning: Function state mutability can be restricted to pure
    function startsWith(slice self, slice needle) internal returns (bool) {
    ^ (Relevant source part starts here and spans across multiple lines).
/sb/0x5ec71419f100642130e596c352d93dea7589a31f.sol:1602:5: Warning: Function state mutability can be restricted to pure
    function beyond(slice self, slice needle) internal returns (slice) {
    ^ (Relevant source part starts here and spans across multiple lines).
/sb/0x5ec71419f100642130e596c352d93dea7589a31f.sol:1631:5: Warning: Function state mutability can be restricted to pure
    function endsWith(slice self, slice needle) internal returns (bool) {
    ^ (Relevant source part starts here and spans across multiple lines).
/sb/0x5ec71419f100642130e596c352d93dea7589a31f.sol:1659:5: Warning: Function state mutability can be restricted to pure
    function until(slice self, slice needle) internal returns (slice) {
    ^ (Relevant source part starts here and spans across multiple lines).
/sb/0x5ec71419f100642130e596c352d93dea7589a31f.sol:1938:5: Warning: Function state mutability can be restricted to pure
    function safeToAdd(uint a, uint b) internal returns (bool) {
    ^ (Relevant source part starts here and spans across multiple lines).
/sb/0x5ec71419f100642130e596c352d93dea7589a31f.sol:1946:5: Warning: Function state mutability can be restricted to pure
    function safeToSubtract(uint a, uint b) internal returns (bool) {
    ^ (Relevant source part starts here and spans across multiple lines).


Buffer.init(Buffer.buffer,uint256) (../sb/0x5ec71419f100642130e596c352d93dea7589a31f.sol#88-97) is declared view but contains assembly code
Buffer.append(Buffer.buffer,bytes) (../sb/0x5ec71419f100642130e596c352d93dea7589a31f.sol#119-157) is declared view but contains assembly code
Buffer.append(Buffer.buffer,uint8) (../sb/0x5ec71419f100642130e596c352d93dea7589a31f.sol#166-182) is declared view but contains assembly code
Buffer.appendInt(Buffer.buffer,uint256,uint256) (../sb/0x5ec71419f100642130e596c352d93dea7589a31f.sol#191-209) is declared view but contains assembly code
usingOraclize.getCodeSize(address) (../sb/0x5ec71419f100642130e596c352d93dea7589a31f.sol#762-766) is declared view but contains assembly code
Reference: https://github.com/crytic/slither/wiki/Detector-Documentation#constant-functions-using-assembly-code

Reentrancy in usingOraclize.oraclizeAPI() (../sb/0x5ec71419f100642130e596c352d93dea7589a31f.sol#303-311):
	External calls:
	- address(oraclize) != OAR.getAddress() (../sb/0x5ec71419f100642130e596c352d93dea7589a31f.sol#307)
	- oraclize = OraclizeI(OAR.getAddress()) (../sb/0x5ec71419f100642130e596c352d93dea7589a31f.sol#308)
	State variables written after the call(s):
	- oraclize = OraclizeI(OAR.getAddress()) (../sb/0x5ec71419f100642130e596c352d93dea7589a31f.sol#308)
Reference: https://github.com/crytic/slither/wiki/Detector-Documentation#reentrancy-vulnerabilities-1

Bandit.withdrawBalance(uint256) (../sb/0x5ec71419f100642130e596c352d93dea7589a31f.sol#2390-2397) ignores return value by owner.send(cash) (../sb/0x5ec71419f100642130e596c352d93dea7589a31f.sol#2395)
Reference: https://github.com/crytic/slither/wiki/Detector-Documentation#unchecked-send

usingOraclize.stra2cbor(string[]).buf (../sb/0x5ec71419f100642130e596c352d93dea7589a31f.sol#905) is a local variable never initialized
usingOraclize.ba2cbor(bytes[]).buf (../sb/0x5ec71419f100642130e596c352d93dea7589a31f.sol#916) is a local variable never initialized
strings.len(bytes32).ret (../sb/0x5ec71419f100642130e596c352d93dea7589a31f.sol#1305) is a local variable never initialized
Reference: https://github.com/crytic/slither/wiki/Detector-Documentation#uninitialized-local-variables

CBOR.encodeType(Buffer.buffer,uint8,uint256) (../sb/0x5ec71419f100642130e596c352d93dea7589a31f.sol#223-239) ignores return value by buf.appendInt(value,1) (../sb/0x5ec71419f100642130e596c352d93dea7589a31f.sol#228)
CBOR.encodeType(Buffer.buffer,uint8,uint256) (../sb/0x5ec71419f100642130e596c352d93dea7589a31f.sol#223-239) ignores return value by buf.appendInt(value,2) (../sb/0x5ec71419f100642130e596c352d93dea7589a31f.sol#231)
CBOR.encodeType(Buffer.buffer,uint8,uint256) (../sb/0x5ec71419f100642130e596c352d93dea7589a31f.sol#223-239) ignores return value by buf.appendInt(value,4) (../sb/0x5ec71419f100642130e596c352d93dea7589a31f.sol#234)
CBOR.encodeType(Buffer.buffer,uint8,uint256) (../sb/0x5ec71419f100642130e596c352d93dea7589a31f.sol#223-239) ignores return value by buf.appendInt(value,8) (../sb/0x5ec71419f100642130e596c352d93dea7589a31f.sol#237)
CBOR.encodeBytes(Buffer.buffer,bytes) (../sb/0x5ec71419f100642130e596c352d93dea7589a31f.sol#257-260) ignores return value by buf.append(value) (../sb/0x5ec71419f100642130e596c352d93dea7589a31f.sol#259)
CBOR.encodeString(Buffer.buffer,string) (../sb/0x5ec71419f100642130e596c352d93dea7589a31f.sol#262-265) ignores return value by buf.append(bytes(value)) (../sb/0x5ec71419f100642130e596c352d93dea7589a31f.sol#264)
Bandit.__callback(bytes32,string,bytes) (../sb/0x5ec71419f100642130e596c352d93dea7589a31f.sol#2105-2292) ignores return value by sl_result.beyond([.toSlice()).until(].toSlice()) (../sb/0x5ec71419f100642130e596c352d93dea7589a31f.sol#2115)
Reference: https://github.com/crytic/slither/wiki/Detector-Documentation#unused-return

strings.memcpy(uint256,uint256,uint256).len (../sb/0x5ec71419f100642130e596c352d93dea7589a31f.sol#1267) shadows:
	- strings.len(bytes32) (../sb/0x5ec71419f100642130e596c352d93dea7589a31f.sol#1304-1328) (function)
	- strings.len(strings.slice) (../sb/0x5ec71419f100642130e596c352d93dea7589a31f.sol#1379-1400) (function)
strings.nextRune(strings.slice,strings.slice).len (../sb/0x5ec71419f100642130e596c352d93dea7589a31f.sol#1472) shadows:
	- strings.len(bytes32) (../sb/0x5ec71419f100642130e596c352d93dea7589a31f.sol#1304-1328) (function)
	- strings.len(strings.slice) (../sb/0x5ec71419f100642130e596c352d93dea7589a31f.sol#1379-1400) (function)
Reference: https://github.com/crytic/slither/wiki/Detector-Documentation#local-variable-shadowing

Bandit.ownerChangeOwner(address) (../sb/0x5ec71419f100642130e596c352d93dea7589a31f.sol#2376-2380) should emit an event for: 
	- owner = newOwner (../sb/0x5ec71419f100642130e596c352d93dea7589a31f.sol#2379) 
Reference: https://github.com/crytic/slither/wiki/Detector-Documentation#missing-events-access-control

Bandit.ownerSetOraclizeSafeGas(uint32) (../sb/0x5ec71419f100642130e596c352d93dea7589a31f.sol#2347-2351) should emit an event for: 
	- gasForOraclize = newSafeGasToOraclize (../sb/0x5ec71419f100642130e596c352d93dea7589a31f.sol#2350) 
Reference: https://github.com/crytic/slither/wiki/Detector-Documentation#missing-events-arithmetic

Bandit.ownerChangeOwner(address).newOwner (../sb/0x5ec71419f100642130e596c352d93dea7589a31f.sol#2376) lacks a zero-check on :
		- owner = newOwner (../sb/0x5ec71419f100642130e596c352d93dea7589a31f.sol#2379)
Reference: https://github.com/crytic/slither/wiki/Detector-Documentation#missing-zero-address-validation

Reentrancy in Bandit.__callback(bytes32,string,bytes) (../sb/0x5ec71419f100642130e596c352d93dea7589a31f.sol#2105-2292):
	External calls:
	- onlyOraclize() (../sb/0x5ec71419f100642130e596c352d93dea7589a31f.sol#2106)
		- oraclize.cbAddress() (../sb/0x5ec71419f100642130e596c352d93dea7589a31f.sol#746)
		- address(oraclize) != OAR.getAddress() (../sb/0x5ec71419f100642130e596c352d93dea7589a31f.sol#307)
		- oraclize = OraclizeI(OAR.getAddress()) (../sb/0x5ec71419f100642130e596c352d93dea7589a31f.sol#308)
	State variables written after the call(s):
	- delete playerAddress[myid] (../sb/0x5ec71419f100642130e596c352d93dea7589a31f.sol#2131)
	- playerBetValue[myid] = 0 (../sb/0x5ec71419f100642130e596c352d93dea7589a31f.sol#2136)
	- playerDieResult[myid] = sl_result.beyond([.toSlice()).until(].toSlice()).toString() (../sb/0x5ec71419f100642130e596c352d93dea7589a31f.sol#2121)
	- playerTempAddress[myid] = playerAddress[myid] (../sb/0x5ec71419f100642130e596c352d93dea7589a31f.sol#2129)
	- playerTempBetValue[myid] = playerBetValue[myid] (../sb/0x5ec71419f100642130e596c352d93dea7589a31f.sol#2134)
	- playerTempReward[myid] = playerTempBetValue[myid] * miltiplier (../sb/0x5ec71419f100642130e596c352d93dea7589a31f.sol#2248)
	- totalBets += 1 (../sb/0x5ec71419f100642130e596c352d93dea7589a31f.sol#2141)
	- totalWeiWagered += playerTempBetValue[myid] (../sb/0x5ec71419f100642130e596c352d93dea7589a31f.sol#2144)
	- totalWeiWon = safeAdd(totalWeiWon,playerTempReward[myid]) (../sb/0x5ec71419f100642130e596c352d93dea7589a31f.sol#2251)
Reentrancy in Bandit.__callback(bytes32,string,bytes) (../sb/0x5ec71419f100642130e596c352d93dea7589a31f.sol#2105-2292):
	External calls:
	- onlyOraclize() (../sb/0x5ec71419f100642130e596c352d93dea7589a31f.sol#2106)
		- oraclize.cbAddress() (../sb/0x5ec71419f100642130e596c352d93dea7589a31f.sol#746)
		- address(oraclize) != OAR.getAddress() (../sb/0x5ec71419f100642130e596c352d93dea7589a31f.sol#307)
		- oraclize = OraclizeI(OAR.getAddress()) (../sb/0x5ec71419f100642130e596c352d93dea7589a31f.sol#308)
	External calls sending eth:
	- ! playerTempAddress[myid].send(playerTempBetValue[myid]) (../sb/0x5ec71419f100642130e596c352d93dea7589a31f.sol#2160)
	State variables written after the call(s):
	- playerPendingWithdrawals[playerTempAddress[myid]] = safeAdd(playerPendingWithdrawals[playerTempAddress[myid]],playerTempBetValue[myid]) (../sb/0x5ec71419f100642130e596c352d93dea7589a31f.sol#2163)
Reentrancy in Bandit.__callback(bytes32,string,bytes) (../sb/0x5ec71419f100642130e596c352d93dea7589a31f.sol#2105-2292):
	External calls:
	- onlyOraclize() (../sb/0x5ec71419f100642130e596c352d93dea7589a31f.sol#2106)
		- oraclize.cbAddress() (../sb/0x5ec71419f100642130e596c352d93dea7589a31f.sol#746)
		- address(oraclize) != OAR.getAddress() (../sb/0x5ec71419f100642130e596c352d93dea7589a31f.sol#307)
		- oraclize = OraclizeI(OAR.getAddress()) (../sb/0x5ec71419f100642130e596c352d93dea7589a31f.sol#308)
	External calls sending eth:
	- ! playerTempAddress[myid].send(playerTempReward[myid]) (../sb/0x5ec71419f100642130e596c352d93dea7589a31f.sol#2261)
	State variables written after the call(s):
	- playerPendingWithdrawals[playerTempAddress[myid]] = safeAdd(playerPendingWithdrawals[playerTempAddress[myid]],playerTempReward[myid]) (../sb/0x5ec71419f100642130e596c352d93dea7589a31f.sol#2264)
Reentrancy in Bandit.__callback(bytes32,string,bytes) (../sb/0x5ec71419f100642130e596c352d93dea7589a31f.sol#2105-2292):
	External calls:
	- onlyOraclize() (../sb/0x5ec71419f100642130e596c352d93dea7589a31f.sol#2106)
		- oraclize.cbAddress() (../sb/0x5ec71419f100642130e596c352d93dea7589a31f.sol#746)
		- address(oraclize) != OAR.getAddress() (../sb/0x5ec71419f100642130e596c352d93dea7589a31f.sol#307)
		- oraclize = OraclizeI(OAR.getAddress()) (../sb/0x5ec71419f100642130e596c352d93dea7589a31f.sol#308)
	External calls sending eth:
	- ! playerTempAddress[myid].send(1) (../sb/0x5ec71419f100642130e596c352d93dea7589a31f.sol#2283)
	State variables written after the call(s):
	- playerPendingWithdrawals[playerTempAddress[myid]] = safeAdd(playerPendingWithdrawals[playerTempAddress[myid]],1) (../sb/0x5ec71419f100642130e596c352d93dea7589a31f.sol#2285)
Reentrancy in usingOraclize.oraclize_newRandomDSQuery(uint256,uint256,uint256) (../sb/0x5ec71419f100642130e596c352d93dea7589a31f.sol#935-978):
	External calls:
	- sessionKeyHash_bytes32 = oraclize_randomDS_getSessionPubKeyHash() (../sb/0x5ec71419f100642130e596c352d93dea7589a31f.sol#943)
		- oraclize.randomDS_getSessionPubKeyHash() (../sb/0x5ec71419f100642130e596c352d93dea7589a31f.sol#759)
		- address(oraclize) != OAR.getAddress() (../sb/0x5ec71419f100642130e596c352d93dea7589a31f.sol#307)
		- oraclize = OraclizeI(OAR.getAddress()) (../sb/0x5ec71419f100642130e596c352d93dea7589a31f.sol#308)
	- queryId = oraclize_query(random,args,_customGasLimit) (../sb/0x5ec71419f100642130e596c352d93dea7589a31f.sol#959)
		- price = oraclize.getPrice(datasource,gaslimit) (../sb/0x5ec71419f100642130e596c352d93dea7589a31f.sol#597)
		- address(oraclize) != OAR.getAddress() (../sb/0x5ec71419f100642130e596c352d93dea7589a31f.sol#307)
		- oraclize = OraclizeI(OAR.getAddress()) (../sb/0x5ec71419f100642130e596c352d93dea7589a31f.sol#308)
		- oraclize.queryN_withGasLimit.value(price)(0,datasource,args,gaslimit) (../sb/0x5ec71419f100642130e596c352d93dea7589a31f.sol#600)
	External calls sending eth:
	- queryId = oraclize_query(random,args,_customGasLimit) (../sb/0x5ec71419f100642130e596c352d93dea7589a31f.sol#959)
		- oraclize.queryN_withGasLimit.value(price)(0,datasource,args,gaslimit) (../sb/0x5ec71419f100642130e596c352d93dea7589a31f.sol#600)
	State variables written after the call(s):
	- queryId = oraclize_query(random,args,_customGasLimit) (../sb/0x5ec71419f100642130e596c352d93dea7589a31f.sol#959)
		- oraclize_network_name = _network_name (../sb/0x5ec71419f100642130e596c352d93dea7589a31f.sol#928)
	- oraclize_randomDS_setCommitment(queryId,sha3()(delay_bytes8_left,args[1],sha256()(args[0]),args[2])) (../sb/0x5ec71419f100642130e596c352d93dea7589a31f.sol#976)
		- oraclize_randomDS_args[queryId] = commitment (../sb/0x5ec71419f100642130e596c352d93dea7589a31f.sol#981)
Reentrancy in usingOraclize.oraclize_query(string,string[1]) (../sb/0x5ec71419f100642130e596c352d93dea7589a31f.sol#436-440):
	External calls:
	- oraclize_query(datasource,dynargs) (../sb/0x5ec71419f100642130e596c352d93dea7589a31f.sol#439)
		- price = oraclize.getPrice(datasource) (../sb/0x5ec71419f100642130e596c352d93dea7589a31f.sol#413)
		- address(oraclize) != OAR.getAddress() (../sb/0x5ec71419f100642130e596c352d93dea7589a31f.sol#307)
		- oraclize = OraclizeI(OAR.getAddress()) (../sb/0x5ec71419f100642130e596c352d93dea7589a31f.sol#308)
		- oraclize.queryN.value(price)(0,datasource,args) (../sb/0x5ec71419f100642130e596c352d93dea7589a31f.sol#416)
	- oraclizeAPI() (../sb/0x5ec71419f100642130e596c352d93dea7589a31f.sol#436)
		- address(oraclize) != OAR.getAddress() (../sb/0x5ec71419f100642130e596c352d93dea7589a31f.sol#307)
		- oraclize = OraclizeI(OAR.getAddress()) (../sb/0x5ec71419f100642130e596c352d93dea7589a31f.sol#308)
	External calls sending eth:
	- oraclize_query(datasource,dynargs) (../sb/0x5ec71419f100642130e596c352d93dea7589a31f.sol#439)
		- oraclize.queryN.value(price)(0,datasource,args) (../sb/0x5ec71419f100642130e596c352d93dea7589a31f.sol#416)
	State variables written after the call(s):
	- oraclize_query(datasource,dynargs) (../sb/0x5ec71419f100642130e596c352d93dea7589a31f.sol#439)
		- oraclize_network_name = _network_name (../sb/0x5ec71419f100642130e596c352d93dea7589a31f.sol#928)
Reentrancy in usingOraclize.oraclize_query(uint256,string,string[1]) (../sb/0x5ec71419f100642130e596c352d93dea7589a31f.sol#441-445):
	External calls:
	- oraclize_query(timestamp,datasource,dynargs) (../sb/0x5ec71419f100642130e596c352d93dea7589a31f.sol#444)
		- price = oraclize.getPrice(datasource) (../sb/0x5ec71419f100642130e596c352d93dea7589a31f.sol#419)
		- address(oraclize) != OAR.getAddress() (../sb/0x5ec71419f100642130e596c352d93dea7589a31f.sol#307)
		- oraclize = OraclizeI(OAR.getAddress()) (../sb/0x5ec71419f100642130e596c352d93dea7589a31f.sol#308)
		- oraclize.queryN.value(price)(timestamp,datasource,args) (../sb/0x5ec71419f100642130e596c352d93dea7589a31f.sol#422)
	- oraclizeAPI() (../sb/0x5ec71419f100642130e596c352d93dea7589a31f.sol#441)
		- address(oraclize) != OAR.getAddress() (../sb/0x5ec71419f100642130e596c352d93dea7589a31f.sol#307)
		- oraclize = OraclizeI(OAR.getAddress()) (../sb/0x5ec71419f100642130e596c352d93dea7589a31f.sol#308)
	External calls sending eth:
	- oraclize_query(timestamp,datasource,dynargs) (../sb/0x5ec71419f100642130e596c352d93dea7589a31f.sol#444)
		- oraclize.queryN.value(price)(timestamp,datasource,args) (../sb/0x5ec71419f100642130e596c352d93dea7589a31f.sol#422)
	State variables written after the call(s):
	- oraclize_query(timestamp,datasource,dynargs) (../sb/0x5ec71419f100642130e596c352d93dea7589a31f.sol#444)
		- oraclize_network_name = _network_name (../sb/0x5ec71419f100642130e596c352d93dea7589a31f.sol#928)
Reentrancy in usingOraclize.oraclize_query(uint256,string,string[1],uint256) (../sb/0x5ec71419f100642130e596c352d93dea7589a31f.sol#446-450):
	External calls:
	- oraclize_query(timestamp,datasource,dynargs,gaslimit) (../sb/0x5ec71419f100642130e596c352d93dea7589a31f.sol#449)
		- price = oraclize.getPrice(datasource,gaslimit) (../sb/0x5ec71419f100642130e596c352d93dea7589a31f.sol#425)
		- address(oraclize) != OAR.getAddress() (../sb/0x5ec71419f100642130e596c352d93dea7589a31f.sol#307)
		- oraclize = OraclizeI(OAR.getAddress()) (../sb/0x5ec71419f100642130e596c352d93dea7589a31f.sol#308)
		- oraclize.queryN_withGasLimit.value(price)(timestamp,datasource,args,gaslimit) (../sb/0x5ec71419f100642130e596c352d93dea7589a31f.sol#428)
	- oraclizeAPI() (../sb/0x5ec71419f100642130e596c352d93dea7589a31f.sol#446)
		- address(oraclize) != OAR.getAddress() (../sb/0x5ec71419f100642130e596c352d93dea7589a31f.sol#307)
		- oraclize = OraclizeI(OAR.getAddress()) (../sb/0x5ec71419f100642130e596c352d93dea7589a31f.sol#308)
	External calls sending eth:
	- oraclize_query(timestamp,datasource,dynargs,gaslimit) (../sb/0x5ec71419f100642130e596c352d93dea7589a31f.sol#449)
		- oraclize.queryN_withGasLimit.value(price)(timestamp,datasource,args,gaslimit) (../sb/0x5ec71419f100642130e596c352d93dea7589a31f.sol#428)
	State variables written after the call(s):
	- oraclize_query(timestamp,datasource,dynargs,gaslimit) (../sb/0x5ec71419f100642130e596c352d93dea7589a31f.sol#449)
		- oraclize_network_name = _network_name (../sb/0x5ec71419f100642130e596c352d93dea7589a31f.sol#928)
Reentrancy in usingOraclize.oraclize_query(string,string[1],uint256) (../sb/0x5ec71419f100642130e596c352d93dea7589a31f.sol#451-455):
	External calls:
	- oraclize_query(datasource,dynargs,gaslimit) (../sb/0x5ec71419f100642130e596c352d93dea7589a31f.sol#454)
		- price = oraclize.getPrice(datasource,gaslimit) (../sb/0x5ec71419f100642130e596c352d93dea7589a31f.sol#431)
		- address(oraclize) != OAR.getAddress() (../sb/0x5ec71419f100642130e596c352d93dea7589a31f.sol#307)
		- oraclize = OraclizeI(OAR.getAddress()) (../sb/0x5ec71419f100642130e596c352d93dea7589a31f.sol#308)
		- oraclize.queryN_withGasLimit.value(price)(0,datasource,args,gaslimit) (../sb/0x5ec71419f100642130e596c352d93dea7589a31f.sol#434)
	- oraclizeAPI() (../sb/0x5ec71419f100642130e596c352d93dea7589a31f.sol#451)
		- address(oraclize) != OAR.getAddress() (../sb/0x5ec71419f100642130e596c352d93dea7589a31f.sol#307)
		- oraclize = OraclizeI(OAR.getAddress()) (../sb/0x5ec71419f100642130e596c352d93dea7589a31f.sol#308)
	External calls sending eth:
	- oraclize_query(datasource,dynargs,gaslimit) (../sb/0x5ec71419f100642130e596c352d93dea7589a31f.sol#454)
		- oraclize.queryN_withGasLimit.value(price)(0,datasource,args,gaslimit) (../sb/0x5ec71419f100642130e596c352d93dea7589a31f.sol#434)
	State variables written after the call(s):
	- oraclize_query(datasource,dynargs,gaslimit) (../sb/0x5ec71419f100642130e596c352d93dea7589a31f.sol#454)
		- oraclize_network_name = _network_name (../sb/0x5ec71419f100642130e596c352d93dea7589a31f.sol#928)
Reentrancy in usingOraclize.oraclize_query(string,string[2]) (../sb/0x5ec71419f100642130e596c352d93dea7589a31f.sol#457-462):
	External calls:
	- oraclize_query(datasource,dynargs) (../sb/0x5ec71419f100642130e596c352d93dea7589a31f.sol#461)
		- price = oraclize.getPrice(datasource) (../sb/0x5ec71419f100642130e596c352d93dea7589a31f.sol#413)
		- address(oraclize) != OAR.getAddress() (../sb/0x5ec71419f100642130e596c352d93dea7589a31f.sol#307)
		- oraclize = OraclizeI(OAR.getAddress()) (../sb/0x5ec71419f100642130e596c352d93dea7589a31f.sol#308)
		- oraclize.queryN.value(price)(0,datasource,args) (../sb/0x5ec71419f100642130e596c352d93dea7589a31f.sol#416)
	- oraclizeAPI() (../sb/0x5ec71419f100642130e596c352d93dea7589a31f.sol#457)
		- address(oraclize) != OAR.getAddress() (../sb/0x5ec71419f100642130e596c352d93dea7589a31f.sol#307)
		- oraclize = OraclizeI(OAR.getAddress()) (../sb/0x5ec71419f100642130e596c352d93dea7589a31f.sol#308)
	External calls sending eth:
	- oraclize_query(datasource,dynargs) (../sb/0x5ec71419f100642130e596c352d93dea7589a31f.sol#461)
		- oraclize.queryN.value(price)(0,datasource,args) (../sb/0x5ec71419f100642130e596c352d93dea7589a31f.sol#416)
	State variables written after the call(s):
	- oraclize_query(datasource,dynargs) (../sb/0x5ec71419f100642130e596c352d93dea7589a31f.sol#461)
		- oraclize_network_name = _network_name (../sb/0x5ec71419f100642130e596c352d93dea7589a31f.sol#928)
Reentrancy in usingOraclize.oraclize_query(uint256,string,string[2]) (../sb/0x5ec71419f100642130e596c352d93dea7589a31f.sol#463-468):
	External calls:
	- oraclize_query(timestamp,datasource,dynargs) (../sb/0x5ec71419f100642130e596c352d93dea7589a31f.sol#467)
		- price = oraclize.getPrice(datasource) (../sb/0x5ec71419f100642130e596c352d93dea7589a31f.sol#419)
		- address(oraclize) != OAR.getAddress() (../sb/0x5ec71419f100642130e596c352d93dea7589a31f.sol#307)
		- oraclize = OraclizeI(OAR.getAddress()) (../sb/0x5ec71419f100642130e596c352d93dea7589a31f.sol#308)
		- oraclize.queryN.value(price)(timestamp,datasource,args) (../sb/0x5ec71419f100642130e596c352d93dea7589a31f.sol#422)
	- oraclizeAPI() (../sb/0x5ec71419f100642130e596c352d93dea7589a31f.sol#463)
		- address(oraclize) != OAR.getAddress() (../sb/0x5ec71419f100642130e596c352d93dea7589a31f.sol#307)
		- oraclize = OraclizeI(OAR.getAddress()) (../sb/0x5ec71419f100642130e596c352d93dea7589a31f.sol#308)
	External calls sending eth:
	- oraclize_query(timestamp,datasource,dynargs) (../sb/0x5ec71419f100642130e596c352d93dea7589a31f.sol#467)
		- oraclize.queryN.value(price)(timestamp,datasource,args) (../sb/0x5ec71419f100642130e596c352d93dea7589a31f.sol#422)
	State variables written after the call(s):
	- oraclize_query(timestamp,datasource,dynargs) (../sb/0x5ec71419f100642130e596c352d93dea7589a31f.sol#467)
		- oraclize_network_name = _network_name (../sb/0x5ec71419f100642130e596c352d93dea7589a31f.sol#928)
Reentrancy in usingOraclize.oraclize_query(uint256,string,string[2],uint256) (../sb/0x5ec71419f100642130e596c352d93dea7589a31f.sol#469-474):
	External calls:
	- oraclize_query(timestamp,datasource,dynargs,gaslimit) (../sb/0x5ec71419f100642130e596c352d93dea7589a31f.sol#473)
		- price = oraclize.getPrice(datasource,gaslimit) (../sb/0x5ec71419f100642130e596c352d93dea7589a31f.sol#425)
		- address(oraclize) != OAR.getAddress() (../sb/0x5ec71419f100642130e596c352d93dea7589a31f.sol#307)
		- oraclize = OraclizeI(OAR.getAddress()) (../sb/0x5ec71419f100642130e596c352d93dea7589a31f.sol#308)
		- oraclize.queryN_withGasLimit.value(price)(timestamp,datasource,args,gaslimit) (../sb/0x5ec71419f100642130e596c352d93dea7589a31f.sol#428)
	- oraclizeAPI() (../sb/0x5ec71419f100642130e596c352d93dea7589a31f.sol#469)
		- address(oraclize) != OAR.getAddress() (../sb/0x5ec71419f100642130e596c352d93dea7589a31f.sol#307)
		- oraclize = OraclizeI(OAR.getAddress()) (../sb/0x5ec71419f100642130e596c352d93dea7589a31f.sol#308)
	External calls sending eth:
	- oraclize_query(timestamp,datasource,dynargs,gaslimit) (../sb/0x5ec71419f100642130e596c352d93dea7589a31f.sol#473)
		- oraclize.queryN_withGasLimit.value(price)(timestamp,datasource,args,gaslimit) (../sb/0x5ec71419f100642130e596c352d93dea7589a31f.sol#428)
	State variables written after the call(s):
	- oraclize_query(timestamp,datasource,dynargs,gaslimit) (../sb/0x5ec71419f100642130e596c352d93dea7589a31f.sol#473)
		- oraclize_network_name = _network_name (../sb/0x5ec71419f100642130e596c352d93dea7589a31f.sol#928)
Reentrancy in usingOraclize.oraclize_query(string,string[2],uint256) (../sb/0x5ec71419f100642130e596c352d93dea7589a31f.sol#475-480):
	External calls:
	- oraclize_query(datasource,dynargs,gaslimit) (../sb/0x5ec71419f100642130e596c352d93dea7589a31f.sol#479)
		- price = oraclize.getPrice(datasource,gaslimit) (../sb/0x5ec71419f100642130e596c352d93dea7589a31f.sol#431)
		- address(oraclize) != OAR.getAddress() (../sb/0x5ec71419f100642130e596c352d93dea7589a31f.sol#307)
		- oraclize = OraclizeI(OAR.getAddress()) (../sb/0x5ec71419f100642130e596c352d93dea7589a31f.sol#308)
		- oraclize.queryN_withGasLimit.value(price)(0,datasource,args,gaslimit) (../sb/0x5ec71419f100642130e596c352d93dea7589a31f.sol#434)
	- oraclizeAPI() (../sb/0x5ec71419f100642130e596c352d93dea7589a31f.sol#475)
		- address(oraclize) != OAR.getAddress() (../sb/0x5ec71419f100642130e596c352d93dea7589a31f.sol#307)
		- oraclize = OraclizeI(OAR.getAddress()) (../sb/0x5ec71419f100642130e596c352d93dea7589a31f.sol#308)
	External calls sending eth:
	- oraclize_query(datasource,dynargs,gaslimit) (../sb/0x5ec71419f100642130e596c352d93dea7589a31f.sol#479)
		- oraclize.queryN_withGasLimit.value(price)(0,datasource,args,gaslimit) (../sb/0x5ec71419f100642130e596c352d93dea7589a31f.sol#434)
	State variables written after the call(s):
	- oraclize_query(datasource,dynargs,gaslimit) (../sb/0x5ec71419f100642130e596c352d93dea7589a31f.sol#479)
		- oraclize_network_name = _network_name (../sb/0x5ec71419f100642130e596c352d93dea7589a31f.sol#928)
Reentrancy in usingOraclize.oraclize_query(string,string[3]) (../sb/0x5ec71419f100642130e596c352d93dea7589a31f.sol#481-487):
	External calls:
	- oraclize_query(datasource,dynargs) (../sb/0x5ec71419f100642130e596c352d93dea7589a31f.sol#486)
		- price = oraclize.getPrice(datasource) (../sb/0x5ec71419f100642130e596c352d93dea7589a31f.sol#413)
		- address(oraclize) != OAR.getAddress() (../sb/0x5ec71419f100642130e596c352d93dea7589a31f.sol#307)
		- oraclize = OraclizeI(OAR.getAddress()) (../sb/0x5ec71419f100642130e596c352d93dea7589a31f.sol#308)
		- oraclize.queryN.value(price)(0,datasource,args) (../sb/0x5ec71419f100642130e596c352d93dea7589a31f.sol#416)
	- oraclizeAPI() (../sb/0x5ec71419f100642130e596c352d93dea7589a31f.sol#481)
		- address(oraclize) != OAR.getAddress() (../sb/0x5ec71419f100642130e596c352d93dea7589a31f.sol#307)
		- oraclize = OraclizeI(OAR.getAddress()) (../sb/0x5ec71419f100642130e596c352d93dea7589a31f.sol#308)
	External calls sending eth:
	- oraclize_query(datasource,dynargs) (../sb/0x5ec71419f100642130e596c352d93dea7589a31f.sol#486)
		- oraclize.queryN.value(price)(0,datasource,args) (../sb/0x5ec71419f100642130e596c352d93dea7589a31f.sol#416)
	State variables written after the call(s):
	- oraclize_query(datasource,dynargs) (../sb/0x5ec71419f100642130e596c352d93dea7589a31f.sol#486)
		- oraclize_network_name = _network_name (../sb/0x5ec71419f100642130e596c352d93dea7589a31f.sol#928)
Reentrancy in usingOraclize.oraclize_query(uint256,string,string[3]) (../sb/0x5ec71419f100642130e596c352d93dea7589a31f.sol#488-494):
	External calls:
	- oraclize_query(timestamp,datasource,dynargs) (../sb/0x5ec71419f100642130e596c352d93dea7589a31f.sol#493)
		- price = oraclize.getPrice(datasource) (../sb/0x5ec71419f100642130e596c352d93dea7589a31f.sol#419)
		- address(oraclize) != OAR.getAddress() (../sb/0x5ec71419f100642130e596c352d93dea7589a31f.sol#307)
		- oraclize = OraclizeI(OAR.getAddress()) (../sb/0x5ec71419f100642130e596c352d93dea7589a31f.sol#308)
		- oraclize.queryN.value(price)(timestamp,datasource,args) (../sb/0x5ec71419f100642130e596c352d93dea7589a31f.sol#422)
	- oraclizeAPI() (../sb/0x5ec71419f100642130e596c352d93dea7589a31f.sol#488)
		- address(oraclize) != OAR.getAddress() (../sb/0x5ec71419f100642130e596c352d93dea7589a31f.sol#307)
		- oraclize = OraclizeI(OAR.getAddress()) (../sb/0x5ec71419f100642130e596c352d93dea7589a31f.sol#308)
	External calls sending eth:
	- oraclize_query(timestamp,datasource,dynargs) (../sb/0x5ec71419f100642130e596c352d93dea7589a31f.sol#493)
		- oraclize.queryN.value(price)(timestamp,datasource,args) (../sb/0x5ec71419f100642130e596c352d93dea7589a31f.sol#422)
	State variables written after the call(s):
	- oraclize_query(timestamp,datasource,dynargs) (../sb/0x5ec71419f100642130e596c352d93dea7589a31f.sol#493)
		- oraclize_network_name = _network_name (../sb/0x5ec71419f100642130e596c352d93dea7589a31f.sol#928)
Reentrancy in usingOraclize.oraclize_query(uint256,string,string[3],uint256) (../sb/0x5ec71419f100642130e596c352d93dea7589a31f.sol#495-501):
	External calls:
	- oraclize_query(timestamp,datasource,dynargs,gaslimit) (../sb/0x5ec71419f100642130e596c352d93dea7589a31f.sol#500)
		- price = oraclize.getPrice(datasource,gaslimit) (../sb/0x5ec71419f100642130e596c352d93dea7589a31f.sol#425)
		- address(oraclize) != OAR.getAddress() (../sb/0x5ec71419f100642130e596c352d93dea7589a31f.sol#307)
		- oraclize = OraclizeI(OAR.getAddress()) (../sb/0x5ec71419f100642130e596c352d93dea7589a31f.sol#308)
		- oraclize.queryN_withGasLimit.value(price)(timestamp,datasource,args,gaslimit) (../sb/0x5ec71419f100642130e596c352d93dea7589a31f.sol#428)
	- oraclizeAPI() (../sb/0x5ec71419f100642130e596c352d93dea7589a31f.sol#495)
		- address(oraclize) != OAR.getAddress() (../sb/0x5ec71419f100642130e596c352d93dea7589a31f.sol#307)
		- oraclize = OraclizeI(OAR.getAddress()) (../sb/0x5ec71419f100642130e596c352d93dea7589a31f.sol#308)
	External calls sending eth:
	- oraclize_query(timestamp,datasource,dynargs,gaslimit) (../sb/0x5ec71419f100642130e596c352d93dea7589a31f.sol#500)
		- oraclize.queryN_withGasLimit.value(price)(timestamp,datasource,args,gaslimit) (../sb/0x5ec71419f100642130e596c352d93dea7589a31f.sol#428)
	State variables written after the call(s):
	- oraclize_query(timestamp,datasource,dynargs,gaslimit) (../sb/0x5ec71419f100642130e596c352d93dea7589a31f.sol#500)
		- oraclize_network_name = _network_name (../sb/0x5ec71419f100642130e596c352d93dea7589a31f.sol#928)
Reentrancy in usingOraclize.oraclize_query(string,string[3],uint256) (../sb/0x5ec71419f100642130e596c352d93dea7589a31f.sol#502-508):
	External calls:
	- oraclize_query(datasource,dynargs,gaslimit) (../sb/0x5ec71419f100642130e596c352d93dea7589a31f.sol#507)
		- price = oraclize.getPrice(datasource,gaslimit) (../sb/0x5ec71419f100642130e596c352d93dea7589a31f.sol#431)
		- address(oraclize) != OAR.getAddress() (../sb/0x5ec71419f100642130e596c352d93dea7589a31f.sol#307)
		- oraclize = OraclizeI(OAR.getAddress()) (../sb/0x5ec71419f100642130e596c352d93dea7589a31f.sol#308)
		- oraclize.queryN_withGasLimit.value(price)(0,datasource,args,gaslimit) (../sb/0x5ec71419f100642130e596c352d93dea7589a31f.sol#434)
	- oraclizeAPI() (../sb/0x5ec71419f100642130e596c352d93dea7589a31f.sol#502)
		- address(oraclize) != OAR.getAddress() (../sb/0x5ec71419f100642130e596c352d93dea7589a31f.sol#307)
		- oraclize = OraclizeI(OAR.getAddress()) (../sb/0x5ec71419f100642130e596c352d93dea7589a31f.sol#308)
	External calls sending eth:
	- oraclize_query(datasource,dynargs,gaslimit) (../sb/0x5ec71419f100642130e596c352d93dea7589a31f.sol#507)
		- oraclize.queryN_withGasLimit.value(price)(0,datasource,args,gaslimit) (../sb/0x5ec71419f100642130e596c352d93dea7589a31f.sol#434)
	State variables written after the call(s):
	- oraclize_query(datasource,dynargs,gaslimit) (../sb/0x5ec71419f100642130e596c352d93dea7589a31f.sol#507)
		- oraclize_network_name = _network_name (../sb/0x5ec71419f100642130e596c352d93dea7589a31f.sol#928)
Reentrancy in usingOraclize.oraclize_query(string,string[4]) (../sb/0x5ec71419f100642130e596c352d93dea7589a31f.sol#510-517):
	External calls:
	- oraclize_query(datasource,dynargs) (../sb/0x5ec71419f100642130e596c352d93dea7589a31f.sol#516)
		- price = oraclize.getPrice(datasource) (../sb/0x5ec71419f100642130e596c352d93dea7589a31f.sol#413)
		- address(oraclize) != OAR.getAddress() (../sb/0x5ec71419f100642130e596c352d93dea7589a31f.sol#307)
		- oraclize = OraclizeI(OAR.getAddress()) (../sb/0x5ec71419f100642130e596c352d93dea7589a31f.sol#308)
		- oraclize.queryN.value(price)(0,datasource,args) (../sb/0x5ec71419f100642130e596c352d93dea7589a31f.sol#416)
	- oraclizeAPI() (../sb/0x5ec71419f100642130e596c352d93dea7589a31f.sol#510)
		- address(oraclize) != OAR.getAddress() (../sb/0x5ec71419f100642130e596c352d93dea7589a31f.sol#307)
		- oraclize = OraclizeI(OAR.getAddress()) (../sb/0x5ec71419f100642130e596c352d93dea7589a31f.sol#308)
	External calls sending eth:
	- oraclize_query(datasource,dynargs) (../sb/0x5ec71419f100642130e596c352d93dea7589a31f.sol#516)
		- oraclize.queryN.value(price)(0,datasource,args) (../sb/0x5ec71419f100642130e596c352d93dea7589a31f.sol#416)
	State variables written after the call(s):
	- oraclize_query(datasource,dynargs) (../sb/0x5ec71419f100642130e596c352d93dea7589a31f.sol#516)
		- oraclize_network_name = _network_name (../sb/0x5ec71419f100642130e596c352d93dea7589a31f.sol#928)
Reentrancy in usingOraclize.oraclize_query(uint256,string,string[4]) (../sb/0x5ec71419f100642130e596c352d93dea7589a31f.sol#518-525):
	External calls:
	- oraclize_query(timestamp,datasource,dynargs) (../sb/0x5ec71419f100642130e596c352d93dea7589a31f.sol#524)
		- price = oraclize.getPrice(datasource) (../sb/0x5ec71419f100642130e596c352d93dea7589a31f.sol#419)
		- address(oraclize) != OAR.getAddress() (../sb/0x5ec71419f100642130e596c352d93dea7589a31f.sol#307)
		- oraclize = OraclizeI(OAR.getAddress()) (../sb/0x5ec71419f100642130e596c352d93dea7589a31f.sol#308)
		- oraclize.queryN.value(price)(timestamp,datasource,args) (../sb/0x5ec71419f100642130e596c352d93dea7589a31f.sol#422)
	- oraclizeAPI() (../sb/0x5ec71419f100642130e596c352d93dea7589a31f.sol#518)
		- address(oraclize) != OAR.getAddress() (../sb/0x5ec71419f100642130e596c352d93dea7589a31f.sol#307)
		- oraclize = OraclizeI(OAR.getAddress()) (../sb/0x5ec71419f100642130e596c352d93dea7589a31f.sol#308)
	External calls sending eth:
	- oraclize_query(timestamp,datasource,dynargs) (../sb/0x5ec71419f100642130e596c352d93dea7589a31f.sol#524)
		- oraclize.queryN.value(price)(timestamp,datasource,args) (../sb/0x5ec71419f100642130e596c352d93dea7589a31f.sol#422)
	State variables written after the call(s):
	- oraclize_query(timestamp,datasource,dynargs) (../sb/0x5ec71419f100642130e596c352d93dea7589a31f.sol#524)
		- oraclize_network_name = _network_name (../sb/0x5ec71419f100642130e596c352d93dea7589a31f.sol#928)
Reentrancy in usingOraclize.oraclize_query(uint256,string,string[4],uint256) (../sb/0x5ec71419f100642130e596c352d93dea7589a31f.sol#526-533):
	External calls:
	- oraclize_query(timestamp,datasource,dynargs,gaslimit) (../sb/0x5ec71419f100642130e596c352d93dea7589a31f.sol#532)
		- price = oraclize.getPrice(datasource,gaslimit) (../sb/0x5ec71419f100642130e596c352d93dea7589a31f.sol#425)
		- address(oraclize) != OAR.getAddress() (../sb/0x5ec71419f100642130e596c352d93dea7589a31f.sol#307)
		- oraclize = OraclizeI(OAR.getAddress()) (../sb/0x5ec71419f100642130e596c352d93dea7589a31f.sol#308)
		- oraclize.queryN_withGasLimit.value(price)(timestamp,datasource,args,gaslimit) (../sb/0x5ec71419f100642130e596c352d93dea7589a31f.sol#428)
	- oraclizeAPI() (../sb/0x5ec71419f100642130e596c352d93dea7589a31f.sol#526)
		- address(oraclize) != OAR.getAddress() (../sb/0x5ec71419f100642130e596c352d93dea7589a31f.sol#307)
		- oraclize = OraclizeI(OAR.getAddress()) (../sb/0x5ec71419f100642130e596c352d93dea7589a31f.sol#308)
	External calls sending eth:
	- oraclize_query(timestamp,datasource,dynargs,gaslimit) (../sb/0x5ec71419f100642130e596c352d93dea7589a31f.sol#532)
		- oraclize.queryN_withGasLimit.value(price)(timestamp,datasource,args,gaslimit) (../sb/0x5ec71419f100642130e596c352d93dea7589a31f.sol#428)
	State variables written after the call(s):
	- oraclize_query(timestamp,datasource,dynargs,gaslimit) (../sb/0x5ec71419f100642130e596c352d93dea7589a31f.sol#532)
		- oraclize_network_name = _network_name (../sb/0x5ec71419f100642130e596c352d93dea7589a31f.sol#928)
Reentrancy in usingOraclize.oraclize_query(string,string[4],uint256) (../sb/0x5ec71419f100642130e596c352d93dea7589a31f.sol#534-541):
	External calls:
	- oraclize_query(datasource,dynargs,gaslimit) (../sb/0x5ec71419f100642130e596c352d93dea7589a31f.sol#540)
		- price = oraclize.getPrice(datasource,gaslimit) (../sb/0x5ec71419f100642130e596c352d93dea7589a31f.sol#431)
		- address(oraclize) != OAR.getAddress() (../sb/0x5ec71419f100642130e596c352d93dea7589a31f.sol#307)
		- oraclize = OraclizeI(OAR.getAddress()) (../sb/0x5ec71419f100642130e596c352d93dea7589a31f.sol#308)
		- oraclize.queryN_withGasLimit.value(price)(0,datasource,args,gaslimit) (../sb/0x5ec71419f100642130e596c352d93dea7589a31f.sol#434)
	- oraclizeAPI() (../sb/0x5ec71419f100642130e596c352d93dea7589a31f.sol#534)
		- address(oraclize) != OAR.getAddress() (../sb/0x5ec71419f100642130e596c352d93dea7589a31f.sol#307)
		- oraclize = OraclizeI(OAR.getAddress()) (../sb/0x5ec71419f100642130e596c352d93dea7589a31f.sol#308)
	External calls sending eth:
	- oraclize_query(datasource,dynargs,gaslimit) (../sb/0x5ec71419f100642130e596c352d93dea7589a31f.sol#540)
		- oraclize.queryN_withGasLimit.value(price)(0,datasource,args,gaslimit) (../sb/0x5ec71419f100642130e596c352d93dea7589a31f.sol#434)
	State variables written after the call(s):
	- oraclize_query(datasource,dynargs,gaslimit) (../sb/0x5ec71419f100642130e596c352d93dea7589a31f.sol#540)
		- oraclize_network_name = _network_name (../sb/0x5ec71419f100642130e596c352d93dea7589a31f.sol#928)
Reentrancy in usingOraclize.oraclize_query(string,string[5]) (../sb/0x5ec71419f100642130e596c352d93dea7589a31f.sol#542-550):
	External calls:
	- oraclize_query(datasource,dynargs) (../sb/0x5ec71419f100642130e596c352d93dea7589a31f.sol#549)
		- price = oraclize.getPrice(datasource) (../sb/0x5ec71419f100642130e596c352d93dea7589a31f.sol#413)
		- address(oraclize) != OAR.getAddress() (../sb/0x5ec71419f100642130e596c352d93dea7589a31f.sol#307)
		- oraclize = OraclizeI(OAR.getAddress()) (../sb/0x5ec71419f100642130e596c352d93dea7589a31f.sol#308)
		- oraclize.queryN.value(price)(0,datasource,args) (../sb/0x5ec71419f100642130e596c352d93dea7589a31f.sol#416)
	- oraclizeAPI() (../sb/0x5ec71419f100642130e596c352d93dea7589a31f.sol#542)
		- address(oraclize) != OAR.getAddress() (../sb/0x5ec71419f100642130e596c352d93dea7589a31f.sol#307)
		- oraclize = OraclizeI(OAR.getAddress()) (../sb/0x5ec71419f100642130e596c352d93dea7589a31f.sol#308)
	External calls sending eth:
	- oraclize_query(datasource,dynargs) (../sb/0x5ec71419f100642130e596c352d93dea7589a31f.sol#549)
		- oraclize.queryN.value(price)(0,datasource,args) (../sb/0x5ec71419f100642130e596c352d93dea7589a31f.sol#416)
	State variables written after the call(s):
	- oraclize_query(datasource,dynargs) (../sb/0x5ec71419f100642130e596c352d93dea7589a31f.sol#549)
		- oraclize_network_name = _network_name (../sb/0x5ec71419f100642130e596c352d93dea7589a31f.sol#928)
Reentrancy in usingOraclize.oraclize_query(uint256,string,string[5]) (../sb/0x5ec71419f100642130e596c352d93dea7589a31f.sol#551-559):
	External calls:
	- oraclize_query(timestamp,datasource,dynargs) (../sb/0x5ec71419f100642130e596c352d93dea7589a31f.sol#558)
		- price = oraclize.getPrice(datasource) (../sb/0x5ec71419f100642130e596c352d93dea7589a31f.sol#419)
		- address(oraclize) != OAR.getAddress() (../sb/0x5ec71419f100642130e596c352d93dea7589a31f.sol#307)
		- oraclize = OraclizeI(OAR.getAddress()) (../sb/0x5ec71419f100642130e596c352d93dea7589a31f.sol#308)
		- oraclize.queryN.value(price)(timestamp,datasource,args) (../sb/0x5ec71419f100642130e596c352d93dea7589a31f.sol#422)
	- oraclizeAPI() (../sb/0x5ec71419f100642130e596c352d93dea7589a31f.sol#551)
		- address(oraclize) != OAR.getAddress() (../sb/0x5ec71419f100642130e596c352d93dea7589a31f.sol#307)
		- oraclize = OraclizeI(OAR.getAddress()) (../sb/0x5ec71419f100642130e596c352d93dea7589a31f.sol#308)
	External calls sending eth:
	- oraclize_query(timestamp,datasource,dynargs) (../sb/0x5ec71419f100642130e596c352d93dea7589a31f.sol#558)
		- oraclize.queryN.value(price)(timestamp,datasource,args) (../sb/0x5ec71419f100642130e596c352d93dea7589a31f.sol#422)
	State variables written after the call(s):
	- oraclize_query(timestamp,datasource,dynargs) (../sb/0x5ec71419f100642130e596c352d93dea7589a31f.sol#558)
		- oraclize_network_name = _network_name (../sb/0x5ec71419f100642130e596c352d93dea7589a31f.sol#928)
Reentrancy in usingOraclize.oraclize_query(uint256,string,string[5],uint256) (../sb/0x5ec71419f100642130e596c352d93dea7589a31f.sol#560-568):
	External calls:
	- oraclize_query(timestamp,datasource,dynargs,gaslimit) (../sb/0x5ec71419f100642130e596c352d93dea7589a31f.sol#567)
		- price = oraclize.getPrice(datasource,gaslimit) (../sb/0x5ec71419f100642130e596c352d93dea7589a31f.sol#425)
		- address(oraclize) != OAR.getAddress() (../sb/0x5ec71419f100642130e596c352d93dea7589a31f.sol#307)
		- oraclize = OraclizeI(OAR.getAddress()) (../sb/0x5ec71419f100642130e596c352d93dea7589a31f.sol#308)
		- oraclize.queryN_withGasLimit.value(price)(timestamp,datasource,args,gaslimit) (../sb/0x5ec71419f100642130e596c352d93dea7589a31f.sol#428)
	- oraclizeAPI() (../sb/0x5ec71419f100642130e596c352d93dea7589a31f.sol#560)
		- address(oraclize) != OAR.getAddress() (../sb/0x5ec71419f100642130e596c352d93dea7589a31f.sol#307)
		- oraclize = OraclizeI(OAR.getAddress()) (../sb/0x5ec71419f100642130e596c352d93dea7589a31f.sol#308)
	External calls sending eth:
	- oraclize_query(timestamp,datasource,dynargs,gaslimit) (../sb/0x5ec71419f100642130e596c352d93dea7589a31f.sol#567)
		- oraclize.queryN_withGasLimit.value(price)(timestamp,datasource,args,gaslimit) (../sb/0x5ec71419f100642130e596c352d93dea7589a31f.sol#428)
	State variables written after the call(s):
	- oraclize_query(timestamp,datasource,dynargs,gaslimit) (../sb/0x5ec71419f100642130e596c352d93dea7589a31f.sol#567)
		- oraclize_network_name = _network_name (../sb/0x5ec71419f100642130e596c352d93dea7589a31f.sol#928)
Reentrancy in usingOraclize.oraclize_query(string,string[5],uint256) (../sb/0x5ec71419f100642130e596c352d93dea7589a31f.sol#569-577):
	External calls:
	- oraclize_query(datasource,dynargs,gaslimit) (../sb/0x5ec71419f100642130e596c352d93dea7589a31f.sol#576)
		- price = oraclize.getPrice(datasource,gaslimit) (../sb/0x5ec71419f100642130e596c352d93dea7589a31f.sol#431)
		- address(oraclize) != OAR.getAddress() (../sb/0x5ec71419f100642130e596c352d93dea7589a31f.sol#307)
		- oraclize = OraclizeI(OAR.getAddress()) (../sb/0x5ec71419f100642130e596c352d93dea7589a31f.sol#308)
		- oraclize.queryN_withGasLimit.value(price)(0,datasource,args,gaslimit) (../sb/0x5ec71419f100642130e596c352d93dea7589a31f.sol#434)
	- oraclizeAPI() (../sb/0x5ec71419f100642130e596c352d93dea7589a31f.sol#569)
		- address(oraclize) != OAR.getAddress() (../sb/0x5ec71419f100642130e596c352d93dea7589a31f.sol#307)
		- oraclize = OraclizeI(OAR.getAddress()) (../sb/0x5ec71419f100642130e596c352d93dea7589a31f.sol#308)
	External calls sending eth:
	- oraclize_query(datasource,dynargs,gaslimit) (../sb/0x5ec71419f100642130e596c352d93dea7589a31f.sol#576)
		- oraclize.queryN_withGasLimit.value(price)(0,datasource,args,gaslimit) (../sb/0x5ec71419f100642130e596c352d93dea7589a31f.sol#434)
	State variables written after the call(s):
	- oraclize_query(datasource,dynargs,gaslimit) (../sb/0x5ec71419f100642130e596c352d93dea7589a31f.sol#576)
		- oraclize_network_name = _network_name (../sb/0x5ec71419f100642130e596c352d93dea7589a31f.sol#928)
Reentrancy in usingOraclize.oraclize_query(string,bytes[1]) (../sb/0x5ec71419f100642130e596c352d93dea7589a31f.sol#602-606):
	External calls:
	- oraclize_query(datasource,dynargs) (../sb/0x5ec71419f100642130e596c352d93dea7589a31f.sol#605)
		- price = oraclize.getPrice(datasource) (../sb/0x5ec71419f100642130e596c352d93dea7589a31f.sol#579)
		- address(oraclize) != OAR.getAddress() (../sb/0x5ec71419f100642130e596c352d93dea7589a31f.sol#307)
		- oraclize = OraclizeI(OAR.getAddress()) (../sb/0x5ec71419f100642130e596c352d93dea7589a31f.sol#308)
		- oraclize.queryN.value(price)(0,datasource,args) (../sb/0x5ec71419f100642130e596c352d93dea7589a31f.sol#582)
	- oraclizeAPI() (../sb/0x5ec71419f100642130e596c352d93dea7589a31f.sol#602)
		- address(oraclize) != OAR.getAddress() (../sb/0x5ec71419f100642130e596c352d93dea7589a31f.sol#307)
		- oraclize = OraclizeI(OAR.getAddress()) (../sb/0x5ec71419f100642130e596c352d93dea7589a31f.sol#308)
	External calls sending eth:
	- oraclize_query(datasource,dynargs) (../sb/0x5ec71419f100642130e596c352d93dea7589a31f.sol#605)
		- oraclize.queryN.value(price)(0,datasource,args) (../sb/0x5ec71419f100642130e596c352d93dea7589a31f.sol#582)
	State variables written after the call(s):
	- oraclize_query(datasource,dynargs) (../sb/0x5ec71419f100642130e596c352d93dea7589a31f.sol#605)
		- oraclize_network_name = _network_name (../sb/0x5ec71419f100642130e596c352d93dea7589a31f.sol#928)
Reentrancy in usingOraclize.oraclize_query(uint256,string,bytes[1]) (../sb/0x5ec71419f100642130e596c352d93dea7589a31f.sol#607-611):
	External calls:
	- oraclize_query(timestamp,datasource,dynargs) (../sb/0x5ec71419f100642130e596c352d93dea7589a31f.sol#610)
		- price = oraclize.getPrice(datasource) (../sb/0x5ec71419f100642130e596c352d93dea7589a31f.sol#585)
		- address(oraclize) != OAR.getAddress() (../sb/0x5ec71419f100642130e596c352d93dea7589a31f.sol#307)
		- oraclize = OraclizeI(OAR.getAddress()) (../sb/0x5ec71419f100642130e596c352d93dea7589a31f.sol#308)
		- oraclize.queryN.value(price)(timestamp,datasource,args) (../sb/0x5ec71419f100642130e596c352d93dea7589a31f.sol#588)
	- oraclizeAPI() (../sb/0x5ec71419f100642130e596c352d93dea7589a31f.sol#607)
		- address(oraclize) != OAR.getAddress() (../sb/0x5ec71419f100642130e596c352d93dea7589a31f.sol#307)
		- oraclize = OraclizeI(OAR.getAddress()) (../sb/0x5ec71419f100642130e596c352d93dea7589a31f.sol#308)
	External calls sending eth:
	- oraclize_query(timestamp,datasource,dynargs) (../sb/0x5ec71419f100642130e596c352d93dea7589a31f.sol#610)
		- oraclize.queryN.value(price)(timestamp,datasource,args) (../sb/0x5ec71419f100642130e596c352d93dea7589a31f.sol#588)
	State variables written after the call(s):
	- oraclize_query(timestamp,datasource,dynargs) (../sb/0x5ec71419f100642130e596c352d93dea7589a31f.sol#610)
		- oraclize_network_name = _network_name (../sb/0x5ec71419f100642130e596c352d93dea7589a31f.sol#928)
Reentrancy in usingOraclize.oraclize_query(uint256,string,bytes[1],uint256) (../sb/0x5ec71419f100642130e596c352d93dea7589a31f.sol#612-616):
	External calls:
	- oraclize_query(timestamp,datasource,dynargs,gaslimit) (../sb/0x5ec71419f100642130e596c352d93dea7589a31f.sol#615)
		- price = oraclize.getPrice(datasource,gaslimit) (../sb/0x5ec71419f100642130e596c352d93dea7589a31f.sol#591)
		- address(oraclize) != OAR.getAddress() (../sb/0x5ec71419f100642130e596c352d93dea7589a31f.sol#307)
		- oraclize = OraclizeI(OAR.getAddress()) (../sb/0x5ec71419f100642130e596c352d93dea7589a31f.sol#308)
		- oraclize.queryN_withGasLimit.value(price)(timestamp,datasource,args,gaslimit) (../sb/0x5ec71419f100642130e596c352d93dea7589a31f.sol#594)
	- oraclizeAPI() (../sb/0x5ec71419f100642130e596c352d93dea7589a31f.sol#612)
		- address(oraclize) != OAR.getAddress() (../sb/0x5ec71419f100642130e596c352d93dea7589a31f.sol#307)
		- oraclize = OraclizeI(OAR.getAddress()) (../sb/0x5ec71419f100642130e596c352d93dea7589a31f.sol#308)
	External calls sending eth:
	- oraclize_query(timestamp,datasource,dynargs,gaslimit) (../sb/0x5ec71419f100642130e596c352d93dea7589a31f.sol#615)
		- oraclize.queryN_withGasLimit.value(price)(timestamp,datasource,args,gaslimit) (../sb/0x5ec71419f100642130e596c352d93dea7589a31f.sol#594)
	State variables written after the call(s):
	- oraclize_query(timestamp,datasource,dynargs,gaslimit) (../sb/0x5ec71419f100642130e596c352d93dea7589a31f.sol#615)
		- oraclize_network_name = _network_name (../sb/0x5ec71419f100642130e596c352d93dea7589a31f.sol#928)
Reentrancy in usingOraclize.oraclize_query(string,bytes[1],uint256) (../sb/0x5ec71419f100642130e596c352d93dea7589a31f.sol#617-621):
	External calls:
	- oraclize_query(datasource,dynargs,gaslimit) (../sb/0x5ec71419f100642130e596c352d93dea7589a31f.sol#620)
		- price = oraclize.getPrice(datasource,gaslimit) (../sb/0x5ec71419f100642130e596c352d93dea7589a31f.sol#597)
		- address(oraclize) != OAR.getAddress() (../sb/0x5ec71419f100642130e596c352d93dea7589a31f.sol#307)
		- oraclize = OraclizeI(OAR.getAddress()) (../sb/0x5ec71419f100642130e596c352d93dea7589a31f.sol#308)
		- oraclize.queryN_withGasLimit.value(price)(0,datasource,args,gaslimit) (../sb/0x5ec71419f100642130e596c352d93dea7589a31f.sol#600)
	- oraclizeAPI() (../sb/0x5ec71419f100642130e596c352d93dea7589a31f.sol#617)
		- address(oraclize) != OAR.getAddress() (../sb/0x5ec71419f100642130e596c352d93dea7589a31f.sol#307)
		- oraclize = OraclizeI(OAR.getAddress()) (../sb/0x5ec71419f100642130e596c352d93dea7589a31f.sol#308)
	External calls sending eth:
	- oraclize_query(datasource,dynargs,gaslimit) (../sb/0x5ec71419f100642130e596c352d93dea7589a31f.sol#620)
		- oraclize.queryN_withGasLimit.value(price)(0,datasource,args,gaslimit) (../sb/0x5ec71419f100642130e596c352d93dea7589a31f.sol#600)
	State variables written after the call(s):
	- oraclize_query(datasource,dynargs,gaslimit) (../sb/0x5ec71419f100642130e596c352d93dea7589a31f.sol#620)
		- oraclize_network_name = _network_name (../sb/0x5ec71419f100642130e596c352d93dea7589a31f.sol#928)
Reentrancy in usingOraclize.oraclize_query(string,bytes[2]) (../sb/0x5ec71419f100642130e596c352d93dea7589a31f.sol#623-628):
	External calls:
	- oraclize_query(datasource,dynargs) (../sb/0x5ec71419f100642130e596c352d93dea7589a31f.sol#627)
		- price = oraclize.getPrice(datasource) (../sb/0x5ec71419f100642130e596c352d93dea7589a31f.sol#579)
		- address(oraclize) != OAR.getAddress() (../sb/0x5ec71419f100642130e596c352d93dea7589a31f.sol#307)
		- oraclize = OraclizeI(OAR.getAddress()) (../sb/0x5ec71419f100642130e596c352d93dea7589a31f.sol#308)
		- oraclize.queryN.value(price)(0,datasource,args) (../sb/0x5ec71419f100642130e596c352d93dea7589a31f.sol#582)
	- oraclizeAPI() (../sb/0x5ec71419f100642130e596c352d93dea7589a31f.sol#623)
		- address(oraclize) != OAR.getAddress() (../sb/0x5ec71419f100642130e596c352d93dea7589a31f.sol#307)
		- oraclize = OraclizeI(OAR.getAddress()) (../sb/0x5ec71419f100642130e596c352d93dea7589a31f.sol#308)
	External calls sending eth:
	- oraclize_query(datasource,dynargs) (../sb/0x5ec71419f100642130e596c352d93dea7589a31f.sol#627)
		- oraclize.queryN.value(price)(0,datasource,args) (../sb/0x5ec71419f100642130e596c352d93dea7589a31f.sol#582)
	State variables written after the call(s):
	- oraclize_query(datasource,dynargs) (../sb/0x5ec71419f100642130e596c352d93dea7589a31f.sol#627)
		- oraclize_network_name = _network_name (../sb/0x5ec71419f100642130e596c352d93dea7589a31f.sol#928)
Reentrancy in usingOraclize.oraclize_query(uint256,string,bytes[2]) (../sb/0x5ec71419f100642130e596c352d93dea7589a31f.sol#629-634):
	External calls:
	- oraclize_query(timestamp,datasource,dynargs) (../sb/0x5ec71419f100642130e596c352d93dea7589a31f.sol#633)
		- price = oraclize.getPrice(datasource) (../sb/0x5ec71419f100642130e596c352d93dea7589a31f.sol#585)
		- address(oraclize) != OAR.getAddress() (../sb/0x5ec71419f100642130e596c352d93dea7589a31f.sol#307)
		- oraclize = OraclizeI(OAR.getAddress()) (../sb/0x5ec71419f100642130e596c352d93dea7589a31f.sol#308)
		- oraclize.queryN.value(price)(timestamp,datasource,args) (../sb/0x5ec71419f100642130e596c352d93dea7589a31f.sol#588)
	- oraclizeAPI() (../sb/0x5ec71419f100642130e596c352d93dea7589a31f.sol#629)
		- address(oraclize) != OAR.getAddress() (../sb/0x5ec71419f100642130e596c352d93dea7589a31f.sol#307)
		- oraclize = OraclizeI(OAR.getAddress()) (../sb/0x5ec71419f100642130e596c352d93dea7589a31f.sol#308)
	External calls sending eth:
	- oraclize_query(timestamp,datasource,dynargs) (../sb/0x5ec71419f100642130e596c352d93dea7589a31f.sol#633)
		- oraclize.queryN.value(price)(timestamp,datasource,args) (../sb/0x5ec71419f100642130e596c352d93dea7589a31f.sol#588)
	State variables written after the call(s):
	- oraclize_query(timestamp,datasource,dynargs) (../sb/0x5ec71419f100642130e596c352d93dea7589a31f.sol#633)
		- oraclize_network_name = _network_name (../sb/0x5ec71419f100642130e596c352d93dea7589a31f.sol#928)
Reentrancy in usingOraclize.oraclize_query(uint256,string,bytes[2],uint256) (../sb/0x5ec71419f100642130e596c352d93dea7589a31f.sol#635-640):
	External calls:
	- oraclize_query(timestamp,datasource,dynargs,gaslimit) (../sb/0x5ec71419f100642130e596c352d93dea7589a31f.sol#639)
		- price = oraclize.getPrice(datasource,gaslimit) (../sb/0x5ec71419f100642130e596c352d93dea7589a31f.sol#591)
		- address(oraclize) != OAR.getAddress() (../sb/0x5ec71419f100642130e596c352d93dea7589a31f.sol#307)
		- oraclize = OraclizeI(OAR.getAddress()) (../sb/0x5ec71419f100642130e596c352d93dea7589a31f.sol#308)
		- oraclize.queryN_withGasLimit.value(price)(timestamp,datasource,args,gaslimit) (../sb/0x5ec71419f100642130e596c352d93dea7589a31f.sol#594)
	- oraclizeAPI() (../sb/0x5ec71419f100642130e596c352d93dea7589a31f.sol#635)
		- address(oraclize) != OAR.getAddress() (../sb/0x5ec71419f100642130e596c352d93dea7589a31f.sol#307)
		- oraclize = OraclizeI(OAR.getAddress()) (../sb/0x5ec71419f100642130e596c352d93dea7589a31f.sol#308)
	External calls sending eth:
	- oraclize_query(timestamp,datasource,dynargs,gaslimit) (../sb/0x5ec71419f100642130e596c352d93dea7589a31f.sol#639)
		- oraclize.queryN_withGasLimit.value(price)(timestamp,datasource,args,gaslimit) (../sb/0x5ec71419f100642130e596c352d93dea7589a31f.sol#594)
	State variables written after the call(s):
	- oraclize_query(timestamp,datasource,dynargs,gaslimit) (../sb/0x5ec71419f100642130e596c352d93dea7589a31f.sol#639)
		- oraclize_network_name = _network_name (../sb/0x5ec71419f100642130e596c352d93dea7589a31f.sol#928)
Reentrancy in usingOraclize.oraclize_query(string,bytes[2],uint256) (../sb/0x5ec71419f100642130e596c352d93dea7589a31f.sol#641-646):
	External calls:
	- oraclize_query(datasource,dynargs,gaslimit) (../sb/0x5ec71419f100642130e596c352d93dea7589a31f.sol#645)
		- price = oraclize.getPrice(datasource,gaslimit) (../sb/0x5ec71419f100642130e596c352d93dea7589a31f.sol#597)
		- address(oraclize) != OAR.getAddress() (../sb/0x5ec71419f100642130e596c352d93dea7589a31f.sol#307)
		- oraclize = OraclizeI(OAR.getAddress()) (../sb/0x5ec71419f100642130e596c352d93dea7589a31f.sol#308)
		- oraclize.queryN_withGasLimit.value(price)(0,datasource,args,gaslimit) (../sb/0x5ec71419f100642130e596c352d93dea7589a31f.sol#600)
	- oraclizeAPI() (../sb/0x5ec71419f100642130e596c352d93dea7589a31f.sol#641)
		- address(oraclize) != OAR.getAddress() (../sb/0x5ec71419f100642130e596c352d93dea7589a31f.sol#307)
		- oraclize = OraclizeI(OAR.getAddress()) (../sb/0x5ec71419f100642130e596c352d93dea7589a31f.sol#308)
	External calls sending eth:
	- oraclize_query(datasource,dynargs,gaslimit) (../sb/0x5ec71419f100642130e596c352d93dea7589a31f.sol#645)
		- oraclize.queryN_withGasLimit.value(price)(0,datasource,args,gaslimit) (../sb/0x5ec71419f100642130e596c352d93dea7589a31f.sol#600)
	State variables written after the call(s):
	- oraclize_query(datasource,dynargs,gaslimit) (../sb/0x5ec71419f100642130e596c352d93dea7589a31f.sol#645)
		- oraclize_network_name = _network_name (../sb/0x5ec71419f100642130e596c352d93dea7589a31f.sol#928)
Reentrancy in usingOraclize.oraclize_query(string,bytes[3]) (../sb/0x5ec71419f100642130e596c352d93dea7589a31f.sol#647-653):
	External calls:
	- oraclize_query(datasource,dynargs) (../sb/0x5ec71419f100642130e596c352d93dea7589a31f.sol#652)
		- price = oraclize.getPrice(datasource) (../sb/0x5ec71419f100642130e596c352d93dea7589a31f.sol#579)
		- address(oraclize) != OAR.getAddress() (../sb/0x5ec71419f100642130e596c352d93dea7589a31f.sol#307)
		- oraclize = OraclizeI(OAR.getAddress()) (../sb/0x5ec71419f100642130e596c352d93dea7589a31f.sol#308)
		- oraclize.queryN.value(price)(0,datasource,args) (../sb/0x5ec71419f100642130e596c352d93dea7589a31f.sol#582)
	- oraclizeAPI() (../sb/0x5ec71419f100642130e596c352d93dea7589a31f.sol#647)
		- address(oraclize) != OAR.getAddress() (../sb/0x5ec71419f100642130e596c352d93dea7589a31f.sol#307)
		- oraclize = OraclizeI(OAR.getAddress()) (../sb/0x5ec71419f100642130e596c352d93dea7589a31f.sol#308)
	External calls sending eth:
	- oraclize_query(datasource,dynargs) (../sb/0x5ec71419f100642130e596c352d93dea7589a31f.sol#652)
		- oraclize.queryN.value(price)(0,datasource,args) (../sb/0x5ec71419f100642130e596c352d93dea7589a31f.sol#582)
	State variables written after the call(s):
	- oraclize_query(datasource,dynargs) (../sb/0x5ec71419f100642130e596c352d93dea7589a31f.sol#652)
		- oraclize_network_name = _network_name (../sb/0x5ec71419f100642130e596c352d93dea7589a31f.sol#928)
Reentrancy in usingOraclize.oraclize_query(uint256,string,bytes[3]) (../sb/0x5ec71419f100642130e596c352d93dea7589a31f.sol#654-660):
	External calls:
	- oraclize_query(timestamp,datasource,dynargs) (../sb/0x5ec71419f100642130e596c352d93dea7589a31f.sol#659)
		- price = oraclize.getPrice(datasource) (../sb/0x5ec71419f100642130e596c352d93dea7589a31f.sol#585)
		- address(oraclize) != OAR.getAddress() (../sb/0x5ec71419f100642130e596c352d93dea7589a31f.sol#307)
		- oraclize = OraclizeI(OAR.getAddress()) (../sb/0x5ec71419f100642130e596c352d93dea7589a31f.sol#308)
		- oraclize.queryN.value(price)(timestamp,datasource,args) (../sb/0x5ec71419f100642130e596c352d93dea7589a31f.sol#588)
	- oraclizeAPI() (../sb/0x5ec71419f100642130e596c352d93dea7589a31f.sol#654)
		- address(oraclize) != OAR.getAddress() (../sb/0x5ec71419f100642130e596c352d93dea7589a31f.sol#307)
		- oraclize = OraclizeI(OAR.getAddress()) (../sb/0x5ec71419f100642130e596c352d93dea7589a31f.sol#308)
	External calls sending eth:
	- oraclize_query(timestamp,datasource,dynargs) (../sb/0x5ec71419f100642130e596c352d93dea7589a31f.sol#659)
		- oraclize.queryN.value(price)(timestamp,datasource,args) (../sb/0x5ec71419f100642130e596c352d93dea7589a31f.sol#588)
	State variables written after the call(s):
	- oraclize_query(timestamp,datasource,dynargs) (../sb/0x5ec71419f100642130e596c352d93dea7589a31f.sol#659)
		- oraclize_network_name = _network_name (../sb/0x5ec71419f100642130e596c352d93dea7589a31f.sol#928)
Reentrancy in usingOraclize.oraclize_query(uint256,string,bytes[3],uint256) (../sb/0x5ec71419f100642130e596c352d93dea7589a31f.sol#661-667):
	External calls:
	- oraclize_query(timestamp,datasource,dynargs,gaslimit) (../sb/0x5ec71419f100642130e596c352d93dea7589a31f.sol#666)
		- price = oraclize.getPrice(datasource,gaslimit) (../sb/0x5ec71419f100642130e596c352d93dea7589a31f.sol#591)
		- address(oraclize) != OAR.getAddress() (../sb/0x5ec71419f100642130e596c352d93dea7589a31f.sol#307)
		- oraclize = OraclizeI(OAR.getAddress()) (../sb/0x5ec71419f100642130e596c352d93dea7589a31f.sol#308)
		- oraclize.queryN_withGasLimit.value(price)(timestamp,datasource,args,gaslimit) (../sb/0x5ec71419f100642130e596c352d93dea7589a31f.sol#594)
	- oraclizeAPI() (../sb/0x5ec71419f100642130e596c352d93dea7589a31f.sol#661)
		- address(oraclize) != OAR.getAddress() (../sb/0x5ec71419f100642130e596c352d93dea7589a31f.sol#307)
		- oraclize = OraclizeI(OAR.getAddress()) (../sb/0x5ec71419f100642130e596c352d93dea7589a31f.sol#308)
	External calls sending eth:
	- oraclize_query(timestamp,datasource,dynargs,gaslimit) (../sb/0x5ec71419f100642130e596c352d93dea7589a31f.sol#666)
		- oraclize.queryN_withGasLimit.value(price)(timestamp,datasource,args,gaslimit) (../sb/0x5ec71419f100642130e596c352d93dea7589a31f.sol#594)
	State variables written after the call(s):
	- oraclize_query(timestamp,datasource,dynargs,gaslimit) (../sb/0x5ec71419f100642130e596c352d93dea7589a31f.sol#666)
		- oraclize_network_name = _network_name (../sb/0x5ec71419f100642130e596c352d93dea7589a31f.sol#928)
Reentrancy in usingOraclize.oraclize_query(string,bytes[3],uint256) (../sb/0x5ec71419f100642130e596c352d93dea7589a31f.sol#668-674):
	External calls:
	- oraclize_query(datasource,dynargs,gaslimit) (../sb/0x5ec71419f100642130e596c352d93dea7589a31f.sol#673)
		- price = oraclize.getPrice(datasource,gaslimit) (../sb/0x5ec71419f100642130e596c352d93dea7589a31f.sol#597)
		- address(oraclize) != OAR.getAddress() (../sb/0x5ec71419f100642130e596c352d93dea7589a31f.sol#307)
		- oraclize = OraclizeI(OAR.getAddress()) (../sb/0x5ec71419f100642130e596c352d93dea7589a31f.sol#308)
		- oraclize.queryN_withGasLimit.value(price)(0,datasource,args,gaslimit) (../sb/0x5ec71419f100642130e596c352d93dea7589a31f.sol#600)
	- oraclizeAPI() (../sb/0x5ec71419f100642130e596c352d93dea7589a31f.sol#668)
		- address(oraclize) != OAR.getAddress() (../sb/0x5ec71419f100642130e596c352d93dea7589a31f.sol#307)
		- oraclize = OraclizeI(OAR.getAddress()) (../sb/0x5ec71419f100642130e596c352d93dea7589a31f.sol#308)
	External calls sending eth:
	- oraclize_query(datasource,dynargs,gaslimit) (../sb/0x5ec71419f100642130e596c352d93dea7589a31f.sol#673)
		- oraclize.queryN_withGasLimit.value(price)(0,datasource,args,gaslimit) (../sb/0x5ec71419f100642130e596c352d93dea7589a31f.sol#600)
	State variables written after the call(s):
	- oraclize_query(datasource,dynargs,gaslimit) (../sb/0x5ec71419f100642130e596c352d93dea7589a31f.sol#673)
		- oraclize_network_name = _network_name (../sb/0x5ec71419f100642130e596c352d93dea7589a31f.sol#928)
Reentrancy in usingOraclize.oraclize_query(string,bytes[4]) (../sb/0x5ec71419f100642130e596c352d93dea7589a31f.sol#676-683):
	External calls:
	- oraclize_query(datasource,dynargs) (../sb/0x5ec71419f100642130e596c352d93dea7589a31f.sol#682)
		- price = oraclize.getPrice(datasource) (../sb/0x5ec71419f100642130e596c352d93dea7589a31f.sol#579)
		- address(oraclize) != OAR.getAddress() (../sb/0x5ec71419f100642130e596c352d93dea7589a31f.sol#307)
		- oraclize = OraclizeI(OAR.getAddress()) (../sb/0x5ec71419f100642130e596c352d93dea7589a31f.sol#308)
		- oraclize.queryN.value(price)(0,datasource,args) (../sb/0x5ec71419f100642130e596c352d93dea7589a31f.sol#582)
	- oraclizeAPI() (../sb/0x5ec71419f100642130e596c352d93dea7589a31f.sol#676)
		- address(oraclize) != OAR.getAddress() (../sb/0x5ec71419f100642130e596c352d93dea7589a31f.sol#307)
		- oraclize = OraclizeI(OAR.getAddress()) (../sb/0x5ec71419f100642130e596c352d93dea7589a31f.sol#308)
	External calls sending eth:
	- oraclize_query(datasource,dynargs) (../sb/0x5ec71419f100642130e596c352d93dea7589a31f.sol#682)
		- oraclize.queryN.value(price)(0,datasource,args) (../sb/0x5ec71419f100642130e596c352d93dea7589a31f.sol#582)
	State variables written after the call(s):
	- oraclize_query(datasource,dynargs) (../sb/0x5ec71419f100642130e596c352d93dea7589a31f.sol#682)
		- oraclize_network_name = _network_name (../sb/0x5ec71419f100642130e596c352d93dea7589a31f.sol#928)
Reentrancy in usingOraclize.oraclize_query(uint256,string,bytes[4]) (../sb/0x5ec71419f100642130e596c352d93dea7589a31f.sol#684-691):
	External calls:
	- oraclize_query(timestamp,datasource,dynargs) (../sb/0x5ec71419f100642130e596c352d93dea7589a31f.sol#690)
		- price = oraclize.getPrice(datasource) (../sb/0x5ec71419f100642130e596c352d93dea7589a31f.sol#585)
		- address(oraclize) != OAR.getAddress() (../sb/0x5ec71419f100642130e596c352d93dea7589a31f.sol#307)
		- oraclize = OraclizeI(OAR.getAddress()) (../sb/0x5ec71419f100642130e596c352d93dea7589a31f.sol#308)
		- oraclize.queryN.value(price)(timestamp,datasource,args) (../sb/0x5ec71419f100642130e596c352d93dea7589a31f.sol#588)
	- oraclizeAPI() (../sb/0x5ec71419f100642130e596c352d93dea7589a31f.sol#684)
		- address(oraclize) != OAR.getAddress() (../sb/0x5ec71419f100642130e596c352d93dea7589a31f.sol#307)
		- oraclize = OraclizeI(OAR.getAddress()) (../sb/0x5ec71419f100642130e596c352d93dea7589a31f.sol#308)
	External calls sending eth:
	- oraclize_query(timestamp,datasource,dynargs) (../sb/0x5ec71419f100642130e596c352d93dea7589a31f.sol#690)
		- oraclize.queryN.value(price)(timestamp,datasource,args) (../sb/0x5ec71419f100642130e596c352d93dea7589a31f.sol#588)
	State variables written after the call(s):
	- oraclize_query(timestamp,datasource,dynargs) (../sb/0x5ec71419f100642130e596c352d93dea7589a31f.sol#690)
		- oraclize_network_name = _network_name (../sb/0x5ec71419f100642130e596c352d93dea7589a31f.sol#928)
Reentrancy in usingOraclize.oraclize_query(uint256,string,bytes[4],uint256) (../sb/0x5ec71419f100642130e596c352d93dea7589a31f.sol#692-699):
	External calls:
	- oraclize_query(timestamp,datasource,dynargs,gaslimit) (../sb/0x5ec71419f100642130e596c352d93dea7589a31f.sol#698)
		- price = oraclize.getPrice(datasource,gaslimit) (../sb/0x5ec71419f100642130e596c352d93dea7589a31f.sol#591)
		- address(oraclize) != OAR.getAddress() (../sb/0x5ec71419f100642130e596c352d93dea7589a31f.sol#307)
		- oraclize = OraclizeI(OAR.getAddress()) (../sb/0x5ec71419f100642130e596c352d93dea7589a31f.sol#308)
		- oraclize.queryN_withGasLimit.value(price)(timestamp,datasource,args,gaslimit) (../sb/0x5ec71419f100642130e596c352d93dea7589a31f.sol#594)
	- oraclizeAPI() (../sb/0x5ec71419f100642130e596c352d93dea7589a31f.sol#692)
		- address(oraclize) != OAR.getAddress() (../sb/0x5ec71419f100642130e596c352d93dea7589a31f.sol#307)
		- oraclize = OraclizeI(OAR.getAddress()) (../sb/0x5ec71419f100642130e596c352d93dea7589a31f.sol#308)
	External calls sending eth:
	- oraclize_query(timestamp,datasource,dynargs,gaslimit) (../sb/0x5ec71419f100642130e596c352d93dea7589a31f.sol#698)
		- oraclize.queryN_withGasLimit.value(price)(timestamp,datasource,args,gaslimit) (../sb/0x5ec71419f100642130e596c352d93dea7589a31f.sol#594)
	State variables written after the call(s):
	- oraclize_query(timestamp,datasource,dynargs,gaslimit) (../sb/0x5ec71419f100642130e596c352d93dea7589a31f.sol#698)
		- oraclize_network_name = _network_name (../sb/0x5ec71419f100642130e596c352d93dea7589a31f.sol#928)
Reentrancy in usingOraclize.oraclize_query(string,bytes[4],uint256) (../sb/0x5ec71419f100642130e596c352d93dea7589a31f.sol#700-707):
	External calls:
	- oraclize_query(datasource,dynargs,gaslimit) (../sb/0x5ec71419f100642130e596c352d93dea7589a31f.sol#706)
		- price = oraclize.getPrice(datasource,gaslimit) (../sb/0x5ec71419f100642130e596c352d93dea7589a31f.sol#597)
		- address(oraclize) != OAR.getAddress() (../sb/0x5ec71419f100642130e596c352d93dea7589a31f.sol#307)
		- oraclize = OraclizeI(OAR.getAddress()) (../sb/0x5ec71419f100642130e596c352d93dea7589a31f.sol#308)
		- oraclize.queryN_withGasLimit.value(price)(0,datasource,args,gaslimit) (../sb/0x5ec71419f100642130e596c352d93dea7589a31f.sol#600)
	- oraclizeAPI() (../sb/0x5ec71419f100642130e596c352d93dea7589a31f.sol#700)
		- address(oraclize) != OAR.getAddress() (../sb/0x5ec71419f100642130e596c352d93dea7589a31f.sol#307)
		- oraclize = OraclizeI(OAR.getAddress()) (../sb/0x5ec71419f100642130e596c352d93dea7589a31f.sol#308)
	External calls sending eth:
	- oraclize_query(datasource,dynargs,gaslimit) (../sb/0x5ec71419f100642130e596c352d93dea7589a31f.sol#706)
		- oraclize.queryN_withGasLimit.value(price)(0,datasource,args,gaslimit) (../sb/0x5ec71419f100642130e596c352d93dea7589a31f.sol#600)
	State variables written after the call(s):
	- oraclize_query(datasource,dynargs,gaslimit) (../sb/0x5ec71419f100642130e596c352d93dea7589a31f.sol#706)
		- oraclize_network_name = _network_name (../sb/0x5ec71419f100642130e596c352d93dea7589a31f.sol#928)
Reentrancy in usingOraclize.oraclize_query(string,bytes[5]) (../sb/0x5ec71419f100642130e596c352d93dea7589a31f.sol#708-716):
	External calls:
	- oraclize_query(datasource,dynargs) (../sb/0x5ec71419f100642130e596c352d93dea7589a31f.sol#715)
		- price = oraclize.getPrice(datasource) (../sb/0x5ec71419f100642130e596c352d93dea7589a31f.sol#579)
		- address(oraclize) != OAR.getAddress() (../sb/0x5ec71419f100642130e596c352d93dea7589a31f.sol#307)
		- oraclize = OraclizeI(OAR.getAddress()) (../sb/0x5ec71419f100642130e596c352d93dea7589a31f.sol#308)
		- oraclize.queryN.value(price)(0,datasource,args) (../sb/0x5ec71419f100642130e596c352d93dea7589a31f.sol#582)
	- oraclizeAPI() (../sb/0x5ec71419f100642130e596c352d93dea7589a31f.sol#708)
		- address(oraclize) != OAR.getAddress() (../sb/0x5ec71419f100642130e596c352d93dea7589a31f.sol#307)
		- oraclize = OraclizeI(OAR.getAddress()) (../sb/0x5ec71419f100642130e596c352d93dea7589a31f.sol#308)
	External calls sending eth:
	- oraclize_query(datasource,dynargs) (../sb/0x5ec71419f100642130e596c352d93dea7589a31f.sol#715)
		- oraclize.queryN.value(price)(0,datasource,args) (../sb/0x5ec71419f100642130e596c352d93dea7589a31f.sol#582)
	State variables written after the call(s):
	- oraclize_query(datasource,dynargs) (../sb/0x5ec71419f100642130e596c352d93dea7589a31f.sol#715)
		- oraclize_network_name = _network_name (../sb/0x5ec71419f100642130e596c352d93dea7589a31f.sol#928)
Reentrancy in usingOraclize.oraclize_query(uint256,string,bytes[5]) (../sb/0x5ec71419f100642130e596c352d93dea7589a31f.sol#717-725):
	External calls:
	- oraclize_query(timestamp,datasource,dynargs) (../sb/0x5ec71419f100642130e596c352d93dea7589a31f.sol#724)
		- price = oraclize.getPrice(datasource) (../sb/0x5ec71419f100642130e596c352d93dea7589a31f.sol#585)
		- address(oraclize) != OAR.getAddress() (../sb/0x5ec71419f100642130e596c352d93dea7589a31f.sol#307)
		- oraclize = OraclizeI(OAR.getAddress()) (../sb/0x5ec71419f100642130e596c352d93dea7589a31f.sol#308)
		- oraclize.queryN.value(price)(timestamp,datasource,args) (../sb/0x5ec71419f100642130e596c352d93dea7589a31f.sol#588)
	- oraclizeAPI() (../sb/0x5ec71419f100642130e596c352d93dea7589a31f.sol#717)
		- address(oraclize) != OAR.getAddress() (../sb/0x5ec71419f100642130e596c352d93dea7589a31f.sol#307)
		- oraclize = OraclizeI(OAR.getAddress()) (../sb/0x5ec71419f100642130e596c352d93dea7589a31f.sol#308)
	External calls sending eth:
	- oraclize_query(timestamp,datasource,dynargs) (../sb/0x5ec71419f100642130e596c352d93dea7589a31f.sol#724)
		- oraclize.queryN.value(price)(timestamp,datasource,args) (../sb/0x5ec71419f100642130e596c352d93dea7589a31f.sol#588)
	State variables written after the call(s):
	- oraclize_query(timestamp,datasource,dynargs) (../sb/0x5ec71419f100642130e596c352d93dea7589a31f.sol#724)
		- oraclize_network_name = _network_name (../sb/0x5ec71419f100642130e596c352d93dea7589a31f.sol#928)
Reentrancy in usingOraclize.oraclize_query(uint256,string,bytes[5],uint256) (../sb/0x5ec71419f100642130e596c352d93dea7589a31f.sol#726-734):
	External calls:
	- oraclize_query(timestamp,datasource,dynargs,gaslimit) (../sb/0x5ec71419f100642130e596c352d93dea7589a31f.sol#733)
		- price = oraclize.getPrice(datasource,gaslimit) (../sb/0x5ec71419f100642130e596c352d93dea7589a31f.sol#591)
		- address(oraclize) != OAR.getAddress() (../sb/0x5ec71419f100642130e596c352d93dea7589a31f.sol#307)
		- oraclize = OraclizeI(OAR.getAddress()) (../sb/0x5ec71419f100642130e596c352d93dea7589a31f.sol#308)
		- oraclize.queryN_withGasLimit.value(price)(timestamp,datasource,args,gaslimit) (../sb/0x5ec71419f100642130e596c352d93dea7589a31f.sol#594)
	- oraclizeAPI() (../sb/0x5ec71419f100642130e596c352d93dea7589a31f.sol#726)
		- address(oraclize) != OAR.getAddress() (../sb/0x5ec71419f100642130e596c352d93dea7589a31f.sol#307)
		- oraclize = OraclizeI(OAR.getAddress()) (../sb/0x5ec71419f100642130e596c352d93dea7589a31f.sol#308)
	External calls sending eth:
	- oraclize_query(timestamp,datasource,dynargs,gaslimit) (../sb/0x5ec71419f100642130e596c352d93dea7589a31f.sol#733)
		- oraclize.queryN_withGasLimit.value(price)(timestamp,datasource,args,gaslimit) (../sb/0x5ec71419f100642130e596c352d93dea7589a31f.sol#594)
	State variables written after the call(s):
	- oraclize_query(timestamp,datasource,dynargs,gaslimit) (../sb/0x5ec71419f100642130e596c352d93dea7589a31f.sol#733)
		- oraclize_network_name = _network_name (../sb/0x5ec71419f100642130e596c352d93dea7589a31f.sol#928)
Reentrancy in usingOraclize.oraclize_query(string,bytes[5],uint256) (../sb/0x5ec71419f100642130e596c352d93dea7589a31f.sol#735-743):
	External calls:
	- oraclize_query(datasource,dynargs,gaslimit) (../sb/0x5ec71419f100642130e596c352d93dea7589a31f.sol#742)
		- price = oraclize.getPrice(datasource,gaslimit) (../sb/0x5ec71419f100642130e596c352d93dea7589a31f.sol#597)
		- address(oraclize) != OAR.getAddress() (../sb/0x5ec71419f100642130e596c352d93dea7589a31f.sol#307)
		- oraclize = OraclizeI(OAR.getAddress()) (../sb/0x5ec71419f100642130e596c352d93dea7589a31f.sol#308)
		- oraclize.queryN_withGasLimit.value(price)(0,datasource,args,gaslimit) (../sb/0x5ec71419f100642130e596c352d93dea7589a31f.sol#600)
	- oraclizeAPI() (../sb/0x5ec71419f100642130e596c352d93dea7589a31f.sol#735)
		- address(oraclize) != OAR.getAddress() (../sb/0x5ec71419f100642130e596c352d93dea7589a31f.sol#307)
		- oraclize = OraclizeI(OAR.getAddress()) (../sb/0x5ec71419f100642130e596c352d93dea7589a31f.sol#308)
	External calls sending eth:
	- oraclize_query(datasource,dynargs,gaslimit) (../sb/0x5ec71419f100642130e596c352d93dea7589a31f.sol#742)
		- oraclize.queryN_withGasLimit.value(price)(0,datasource,args,gaslimit) (../sb/0x5ec71419f100642130e596c352d93dea7589a31f.sol#600)
	State variables written after the call(s):
	- oraclize_query(datasource,dynargs,gaslimit) (../sb/0x5ec71419f100642130e596c352d93dea7589a31f.sol#742)
		- oraclize_network_name = _network_name (../sb/0x5ec71419f100642130e596c352d93dea7589a31f.sol#928)
Reentrancy in Bandit.playerPull() (../sb/0x5ec71419f100642130e596c352d93dea7589a31f.sol#2063-2098):
	External calls:
	- rngId = oraclize_query(nested,queryString1_2_3,gasForOraclize) (../sb/0x5ec71419f100642130e596c352d93dea7589a31f.sol#2083)
		- price = oraclize.getPrice(datasource,gaslimit) (../sb/0x5ec71419f100642130e596c352d93dea7589a31f.sol#388)
		- address(oraclize) != OAR.getAddress() (../sb/0x5ec71419f100642130e596c352d93dea7589a31f.sol#307)
		- oraclize = OraclizeI(OAR.getAddress()) (../sb/0x5ec71419f100642130e596c352d93dea7589a31f.sol#308)
		- oraclize.query_withGasLimit.value(price)(0,datasource,arg,gaslimit) (../sb/0x5ec71419f100642130e596c352d93dea7589a31f.sol#390)
	External calls sending eth:
	- rngId = oraclize_query(nested,queryString1_2_3,gasForOraclize) (../sb/0x5ec71419f100642130e596c352d93dea7589a31f.sol#2083)
		- oraclize.query_withGasLimit.value(price)(0,datasource,arg,gaslimit) (../sb/0x5ec71419f100642130e596c352d93dea7589a31f.sol#390)
	State variables written after the call(s):
	- playerAddress[rngId] = msg.sender (../sb/0x5ec71419f100642130e596c352d93dea7589a31f.sol#2092)
	- playerBetId[rngId] = rngId (../sb/0x5ec71419f100642130e596c352d93dea7589a31f.sol#2088)
	- playerBetValue[rngId] = msg.value (../sb/0x5ec71419f100642130e596c352d93dea7589a31f.sol#2090)
Reference: https://github.com/crytic/slither/wiki/Detector-Documentation#reentrancy-vulnerabilities-2

Reentrancy in Bandit.__callback(bytes32,string,bytes) (../sb/0x5ec71419f100642130e596c352d93dea7589a31f.sol#2105-2292):
	External calls:
	- onlyOraclize() (../sb/0x5ec71419f100642130e596c352d93dea7589a31f.sol#2106)
		- oraclize.cbAddress() (../sb/0x5ec71419f100642130e596c352d93dea7589a31f.sol#746)
		- address(oraclize) != OAR.getAddress() (../sb/0x5ec71419f100642130e596c352d93dea7589a31f.sol#307)
		- oraclize = OraclizeI(OAR.getAddress()) (../sb/0x5ec71419f100642130e596c352d93dea7589a31f.sol#308)
	Event emitted after the call(s):
	- LogResult(serialNumberOfResult,playerBetId[myid],playerTempAddress[myid],playerDieResult[myid],playerTempBetValue[myid],miltiplier,3,proof) (../sb/0x5ec71419f100642130e596c352d93dea7589a31f.sol#2153)
	- LogResult(serialNumberOfResult,playerBetId[myid],playerTempAddress[myid],playerDieResult[myid],playerTempReward[myid],miltiplier,1,proof) (../sb/0x5ec71419f100642130e596c352d93dea7589a31f.sol#2253)
	- LogResult(serialNumberOfResult,playerBetId[myid],playerTempAddress[myid],playerDieResult[myid],playerTempBetValue[myid],miltiplier,0,proof) (../sb/0x5ec71419f100642130e596c352d93dea7589a31f.sol#2278)
Reentrancy in Bandit.__callback(bytes32,string,bytes) (../sb/0x5ec71419f100642130e596c352d93dea7589a31f.sol#2105-2292):
	External calls:
	- onlyOraclize() (../sb/0x5ec71419f100642130e596c352d93dea7589a31f.sol#2106)
		- oraclize.cbAddress() (../sb/0x5ec71419f100642130e596c352d93dea7589a31f.sol#746)
		- address(oraclize) != OAR.getAddress() (../sb/0x5ec71419f100642130e596c352d93dea7589a31f.sol#307)
		- oraclize = OraclizeI(OAR.getAddress()) (../sb/0x5ec71419f100642130e596c352d93dea7589a31f.sol#308)
	External calls sending eth:
	- ! playerTempAddress[myid].send(playerTempBetValue[myid]) (../sb/0x5ec71419f100642130e596c352d93dea7589a31f.sol#2160)
	Event emitted after the call(s):
	- LogResult(serialNumberOfResult,playerBetId[myid],playerTempAddress[myid],playerDieResult[myid],playerTempBetValue[myid],miltiplier,4,proof) (../sb/0x5ec71419f100642130e596c352d93dea7589a31f.sol#2161)
Reentrancy in Bandit.__callback(bytes32,string,bytes) (../sb/0x5ec71419f100642130e596c352d93dea7589a31f.sol#2105-2292):
	External calls:
	- onlyOraclize() (../sb/0x5ec71419f100642130e596c352d93dea7589a31f.sol#2106)
		- oraclize.cbAddress() (../sb/0x5ec71419f100642130e596c352d93dea7589a31f.sol#746)
		- address(oraclize) != OAR.getAddress() (../sb/0x5ec71419f100642130e596c352d93dea7589a31f.sol#307)
		- oraclize = OraclizeI(OAR.getAddress()) (../sb/0x5ec71419f100642130e596c352d93dea7589a31f.sol#308)
	External calls sending eth:
	- ! playerTempAddress[myid].send(playerTempReward[myid]) (../sb/0x5ec71419f100642130e596c352d93dea7589a31f.sol#2261)
	Event emitted after the call(s):
	- LogResult(serialNumberOfResult,playerBetId[myid],playerTempAddress[myid],playerDieResult[myid],playerTempReward[myid],miltiplier,2,proof) (../sb/0x5ec71419f100642130e596c352d93dea7589a31f.sol#2262)
Reentrancy in Bandit.playerPull() (../sb/0x5ec71419f100642130e596c352d93dea7589a31f.sol#2063-2098):
	External calls:
	- rngId = oraclize_query(nested,queryString1_2_3,gasForOraclize) (../sb/0x5ec71419f100642130e596c352d93dea7589a31f.sol#2083)
		- price = oraclize.getPrice(datasource,gaslimit) (../sb/0x5ec71419f100642130e596c352d93dea7589a31f.sol#388)
		- address(oraclize) != OAR.getAddress() (../sb/0x5ec71419f100642130e596c352d93dea7589a31f.sol#307)
		- oraclize = OraclizeI(OAR.getAddress()) (../sb/0x5ec71419f100642130e596c352d93dea7589a31f.sol#308)
		- oraclize.query_withGasLimit.value(price)(0,datasource,arg,gaslimit) (../sb/0x5ec71419f100642130e596c352d93dea7589a31f.sol#390)
	External calls sending eth:
	- rngId = oraclize_query(nested,queryString1_2_3,gasForOraclize) (../sb/0x5ec71419f100642130e596c352d93dea7589a31f.sol#2083)
		- oraclize.query_withGasLimit.value(price)(0,datasource,arg,gaslimit) (../sb/0x5ec71419f100642130e596c352d93dea7589a31f.sol#390)
	Event emitted after the call(s):
	- LogBet(playerBetId[rngId],playerAddress[rngId],playerBetValue[rngId]) (../sb/0x5ec71419f100642130e596c352d93dea7589a31f.sol#2096)
Reference: https://github.com/crytic/slither/wiki/Detector-Documentation#reentrancy-vulnerabilities-3

Buffer.init(Buffer.buffer,uint256) (../sb/0x5ec71419f100642130e596c352d93dea7589a31f.sol#88-97) uses assembly
	- INLINE ASM (../sb/0x5ec71419f100642130e596c352d93dea7589a31f.sol#92-97)
Buffer.append(Buffer.buffer,bytes) (../sb/0x5ec71419f100642130e596c352d93dea7589a31f.sol#119-157) uses assembly
	- INLINE ASM (../sb/0x5ec71419f100642130e596c352d93dea7589a31f.sol#127-140)
	- INLINE ASM (../sb/0x5ec71419f100642130e596c352d93dea7589a31f.sol#141-144)
	- INLINE ASM (../sb/0x5ec71419f100642130e596c352d93dea7589a31f.sol#150-156)
Buffer.append(Buffer.buffer,uint8) (../sb/0x5ec71419f100642130e596c352d93dea7589a31f.sol#166-182) uses assembly
	- INLINE ASM (../sb/0x5ec71419f100642130e596c352d93dea7589a31f.sol#171-182)
Buffer.appendInt(Buffer.buffer,uint256,uint256) (../sb/0x5ec71419f100642130e596c352d93dea7589a31f.sol#191-209) uses assembly
	- INLINE ASM (../sb/0x5ec71419f100642130e596c352d93dea7589a31f.sol#197-208)
usingOraclize.getCodeSize(address) (../sb/0x5ec71419f100642130e596c352d93dea7589a31f.sol#762-766) uses assembly
	- INLINE ASM (../sb/0x5ec71419f100642130e596c352d93dea7589a31f.sol#763-766)
usingOraclize.oraclize_newRandomDSQuery(uint256,uint256,uint256) (../sb/0x5ec71419f100642130e596c352d93dea7589a31f.sol#935-978) uses assembly
	- INLINE ASM (../sb/0x5ec71419f100642130e596c352d93dea7589a31f.sol#944-950)
	- INLINE ASM (../sb/0x5ec71419f100642130e596c352d93dea7589a31f.sol#951-955)
	- INLINE ASM (../sb/0x5ec71419f100642130e596c352d93dea7589a31f.sol#963-976)
usingOraclize.verifySig(bytes32,bytes,bytes) (../sb/0x5ec71419f100642130e596c352d93dea7589a31f.sol#987-1013) uses assembly
	- INLINE ASM (../sb/0x5ec71419f100642130e596c352d93dea7589a31f.sol#1001-1007)
usingOraclize.copyBytes(bytes,uint256,uint256,bytes,uint256) (../sb/0x5ec71419f100642130e596c352d93dea7589a31f.sol#1126-1148) uses assembly
	- INLINE ASM (../sb/0x5ec71419f100642130e596c352d93dea7589a31f.sol#1139-1143)
usingOraclize.safer_ecrecover(bytes32,uint8,bytes32,bytes32) (../sb/0x5ec71419f100642130e596c352d93dea7589a31f.sol#1152-1177) uses assembly
	- INLINE ASM (../sb/0x5ec71419f100642130e596c352d93dea7589a31f.sol#1163-1176)
usingOraclize.ecrecovery(bytes32,bytes) (../sb/0x5ec71419f100642130e596c352d93dea7589a31f.sol#1180-1218) uses assembly
	- INLINE ASM (../sb/0x5ec71419f100642130e596c352d93dea7589a31f.sol#1191-1211)
strings.memcpy(uint256,uint256,uint256) (../sb/0x5ec71419f100642130e596c352d93dea7589a31f.sol#1267-1284) uses assembly
	- INLINE ASM (../sb/0x5ec71419f100642130e596c352d93dea7589a31f.sol#1270-1273)
	- INLINE ASM (../sb/0x5ec71419f100642130e596c352d93dea7589a31f.sol#1279-1284)
strings.toSlice(string) (../sb/0x5ec71419f100642130e596c352d93dea7589a31f.sol#1291-1297) uses assembly
	- INLINE ASM (../sb/0x5ec71419f100642130e596c352d93dea7589a31f.sol#1293-1296)
strings.toSliceB32(bytes32) (../sb/0x5ec71419f100642130e596c352d93dea7589a31f.sol#1337-1346) uses assembly
	- INLINE ASM (../sb/0x5ec71419f100642130e596c352d93dea7589a31f.sol#1339-1345)
strings.toString(strings.slice) (../sb/0x5ec71419f100642130e596c352d93dea7589a31f.sol#1362-1369) uses assembly
	- INLINE ASM (../sb/0x5ec71419f100642130e596c352d93dea7589a31f.sol#1365-1367)
strings.len(strings.slice) (../sb/0x5ec71419f100642130e596c352d93dea7589a31f.sol#1379-1400) uses assembly
	- INLINE ASM (../sb/0x5ec71419f100642130e596c352d93dea7589a31f.sol#1385-1386)
strings.compare(strings.slice,strings.slice) (../sb/0x5ec71419f100642130e596c352d93dea7589a31f.sol#1420-1445) uses assembly
	- INLINE ASM (../sb/0x5ec71419f100642130e596c352d93dea7589a31f.sol#1430-1434)
strings.nextRune(strings.slice,strings.slice) (../sb/0x5ec71419f100642130e596c352d93dea7589a31f.sol#1464-1498) uses assembly
	- INLINE ASM (../sb/0x5ec71419f100642130e596c352d93dea7589a31f.sol#1475-1476)
strings.ord(strings.slice) (../sb/0x5ec71419f100642130e596c352d93dea7589a31f.sol#1515-1557) uses assembly
	- INLINE ASM (../sb/0x5ec71419f100642130e596c352d93dea7589a31f.sol#1525-1526)
strings.keccak(strings.slice) (../sb/0x5ec71419f100642130e596c352d93dea7589a31f.sol#1564-1568) uses assembly
	- INLINE ASM (../sb/0x5ec71419f100642130e596c352d93dea7589a31f.sol#1565-1568)
strings.startsWith(strings.slice,strings.slice) (../sb/0x5ec71419f100642130e596c352d93dea7589a31f.sol#1576-1593) uses assembly
	- INLINE ASM (../sb/0x5ec71419f100642130e596c352d93dea7589a31f.sol#1586-1592)
strings.beyond(strings.slice,strings.slice) (../sb/0x5ec71419f100642130e596c352d93dea7589a31f.sol#1602-1623) uses assembly
	- INLINE ASM (../sb/0x5ec71419f100642130e596c352d93dea7589a31f.sol#1609-1615)
strings.endsWith(strings.slice,strings.slice) (../sb/0x5ec71419f100642130e596c352d93dea7589a31f.sol#1631-1650) uses assembly
	- INLINE ASM (../sb/0x5ec71419f100642130e596c352d93dea7589a31f.sol#1643-1649)
strings.until(strings.slice,strings.slice) (../sb/0x5ec71419f100642130e596c352d93dea7589a31f.sol#1659-1679) uses assembly
	- INLINE ASM (../sb/0x5ec71419f100642130e596c352d93dea7589a31f.sol#1667-1672)
strings.findPtr(uint256,uint256,uint256,uint256) (../sb/0x5ec71419f100642130e596c352d93dea7589a31f.sol#1683-1718) uses assembly
	- INLINE ASM (../sb/0x5ec71419f100642130e596c352d93dea7589a31f.sol#1690-1702)
	- INLINE ASM (../sb/0x5ec71419f100642130e596c352d93dea7589a31f.sol#1706-1707)
	- INLINE ASM (../sb/0x5ec71419f100642130e596c352d93dea7589a31f.sol#1710-1711)
strings.rfindPtr(uint256,uint256,uint256,uint256) (../sb/0x5ec71419f100642130e596c352d93dea7589a31f.sol#1722-1758) uses assembly
	- INLINE ASM (../sb/0x5ec71419f100642130e596c352d93dea7589a31f.sol#1728-1742)
	- INLINE ASM (../sb/0x5ec71419f100642130e596c352d93dea7589a31f.sol#1746-1747)
	- INLINE ASM (../sb/0x5ec71419f100642130e596c352d93dea7589a31f.sol#1750-1751)
strings.concat(strings.slice,strings.slice) (../sb/0x5ec71419f100642130e596c352d93dea7589a31f.sol#1893-1900) uses assembly
	- INLINE ASM (../sb/0x5ec71419f100642130e596c352d93dea7589a31f.sol#1896-1897)
strings.join(strings.slice,strings.slice[]) (../sb/0x5ec71419f100642130e596c352d93dea7589a31f.sol#1910-1932) uses assembly
	- INLINE ASM (../sb/0x5ec71419f100642130e596c352d93dea7589a31f.sol#1920-1922)
Reference: https://github.com/crytic/slither/wiki/Detector-Documentation#assembly-usage

usingOraclize.oraclize_randomDS_proofVerify__sessionKeyValidity(bytes,uint256) (../sb/0x5ec71419f100642130e596c352d93dea7589a31f.sol#1015-1048) compares to a boolean constant:
	-sigok == false (../sb/0x5ec71419f100642130e596c352d93dea7589a31f.sol#1032)
usingOraclize.oraclize_randomDS_proofVerify__returnCode(bytes32,string,bytes) (../sb/0x5ec71419f100642130e596c352d93dea7589a31f.sol#1060-1068) compares to a boolean constant:
	-proofVerified == false (../sb/0x5ec71419f100642130e596c352d93dea7589a31f.sol#1065)
usingOraclize.oraclize_randomDS_proofVerify__main(bytes,bytes32,bytes,string) (../sb/0x5ec71419f100642130e596c352d93dea7589a31f.sol#1082-1122) compares to a boolean constant:
	-oraclize_randomDS_sessionKeysHashVerified[sessionPubkeyHash] == false (../sb/0x5ec71419f100642130e596c352d93dea7589a31f.sol#1117)
usingOraclize.oraclize_randomDS_proofVerify(bytes32,string,bytes) (../sb/0x5ec71419f100642130e596c352d93dea7589a31f.sol#1050-1058) compares to a boolean constant:
	-proofVerified == false (../sb/0x5ec71419f100642130e596c352d93dea7589a31f.sol#1055)
Bandit.gameIsActive() (../sb/0x5ec71419f100642130e596c352d93dea7589a31f.sol#1968-1971) compares to a boolean constant:
	-gamePaused == true (../sb/0x5ec71419f100642130e596c352d93dea7589a31f.sol#1969)
Reference: https://github.com/crytic/slither/wiki/Detector-Documentation#boolean-equality

Bandit.__callback(bytes32,string,bytes) (../sb/0x5ec71419f100642130e596c352d93dea7589a31f.sol#2105-2292) has a high cyclomatic complexity (12).
Reference: https://github.com/crytic/slither/wiki/Detector-Documentation#cyclomatic-complexity

DSSafeAddSub.safeSub(uint256,uint256) (../sb/0x5ec71419f100642130e596c352d93dea7589a31f.sol#1950-1953) is never used and should be removed
DSSafeAddSub.safeToSubtract(uint256,uint256) (../sb/0x5ec71419f100642130e596c352d93dea7589a31f.sol#1946-1948) is never used and should be removed
usingOraclize.ba2cbor(bytes[]) (../sb/0x5ec71419f100642130e596c352d93dea7589a31f.sol#915-924) is never used and should be removed
usingOraclize.copyBytes(bytes,uint256,uint256,bytes,uint256) (../sb/0x5ec71419f100642130e596c352d93dea7589a31f.sol#1126-1148) is never used and should be removed
usingOraclize.ecrecovery(bytes32,bytes) (../sb/0x5ec71419f100642130e596c352d93dea7589a31f.sol#1180-1218) is never used and should be removed
usingOraclize.indexOf(string,string) (../sb/0x5ec71419f100642130e596c352d93dea7589a31f.sol#806-831) is never used and should be removed
usingOraclize.matchBytes32Prefix(bytes32,bytes,uint256) (../sb/0x5ec71419f100642130e596c352d93dea7589a31f.sol#1070-1080) is never used and should be removed
usingOraclize.oraclize_getNetworkName() (../sb/0x5ec71419f100642130e596c352d93dea7589a31f.sol#931-933) is never used and should be removed
usingOraclize.oraclize_getPrice(string) (../sb/0x5ec71419f100642130e596c352d93dea7589a31f.sol#364-366) is never used and should be removed
usingOraclize.oraclize_getPrice(string,uint256) (../sb/0x5ec71419f100642130e596c352d93dea7589a31f.sol#368-370) is never used and should be removed
usingOraclize.oraclize_newRandomDSQuery(uint256,uint256,uint256) (../sb/0x5ec71419f100642130e596c352d93dea7589a31f.sol#935-978) is never used and should be removed
usingOraclize.oraclize_query(string,bytes[1]) (../sb/0x5ec71419f100642130e596c352d93dea7589a31f.sol#602-606) is never used and should be removed
usingOraclize.oraclize_query(string,bytes[1],uint256) (../sb/0x5ec71419f100642130e596c352d93dea7589a31f.sol#617-621) is never used and should be removed
usingOraclize.oraclize_query(string,bytes[2]) (../sb/0x5ec71419f100642130e596c352d93dea7589a31f.sol#623-628) is never used and should be removed
usingOraclize.oraclize_query(string,bytes[2],uint256) (../sb/0x5ec71419f100642130e596c352d93dea7589a31f.sol#641-646) is never used and should be removed
usingOraclize.oraclize_query(string,bytes[3]) (../sb/0x5ec71419f100642130e596c352d93dea7589a31f.sol#647-653) is never used and should be removed
usingOraclize.oraclize_query(string,bytes[3],uint256) (../sb/0x5ec71419f100642130e596c352d93dea7589a31f.sol#668-674) is never used and should be removed
usingOraclize.oraclize_query(string,bytes[4]) (../sb/0x5ec71419f100642130e596c352d93dea7589a31f.sol#676-683) is never used and should be removed
usingOraclize.oraclize_query(string,bytes[4],uint256) (../sb/0x5ec71419f100642130e596c352d93dea7589a31f.sol#700-707) is never used and should be removed
usingOraclize.oraclize_query(string,bytes[5]) (../sb/0x5ec71419f100642130e596c352d93dea7589a31f.sol#708-716) is never used and should be removed
usingOraclize.oraclize_query(string,bytes[5],uint256) (../sb/0x5ec71419f100642130e596c352d93dea7589a31f.sol#735-743) is never used and should be removed
usingOraclize.oraclize_query(string,bytes[]) (../sb/0x5ec71419f100642130e596c352d93dea7589a31f.sol#578-583) is never used and should be removed
usingOraclize.oraclize_query(string,bytes[],uint256) (../sb/0x5ec71419f100642130e596c352d93dea7589a31f.sol#596-601) is never used and should be removed
usingOraclize.oraclize_query(string,string) (../sb/0x5ec71419f100642130e596c352d93dea7589a31f.sol#372-376) is never used and should be removed
usingOraclize.oraclize_query(string,string,string) (../sb/0x5ec71419f100642130e596c352d93dea7589a31f.sol#392-396) is never used and should be removed
usingOraclize.oraclize_query(string,string,string,uint256) (../sb/0x5ec71419f100642130e596c352d93dea7589a31f.sol#407-411) is never used and should be removed
usingOraclize.oraclize_query(string,string[1]) (../sb/0x5ec71419f100642130e596c352d93dea7589a31f.sol#436-440) is never used and should be removed
usingOraclize.oraclize_query(string,string[1],uint256) (../sb/0x5ec71419f100642130e596c352d93dea7589a31f.sol#451-455) is never used and should be removed
usingOraclize.oraclize_query(string,string[2]) (../sb/0x5ec71419f100642130e596c352d93dea7589a31f.sol#457-462) is never used and should be removed
usingOraclize.oraclize_query(string,string[2],uint256) (../sb/0x5ec71419f100642130e596c352d93dea7589a31f.sol#475-480) is never used and should be removed
usingOraclize.oraclize_query(string,string[3]) (../sb/0x5ec71419f100642130e596c352d93dea7589a31f.sol#481-487) is never used and should be removed
usingOraclize.oraclize_query(string,string[3],uint256) (../sb/0x5ec71419f100642130e596c352d93dea7589a31f.sol#502-508) is never used and should be removed
usingOraclize.oraclize_query(string,string[4]) (../sb/0x5ec71419f100642130e596c352d93dea7589a31f.sol#510-517) is never used and should be removed
usingOraclize.oraclize_query(string,string[4],uint256) (../sb/0x5ec71419f100642130e596c352d93dea7589a31f.sol#534-541) is never used and should be removed
usingOraclize.oraclize_query(string,string[5]) (../sb/0x5ec71419f100642130e596c352d93dea7589a31f.sol#542-550) is never used and should be removed
usingOraclize.oraclize_query(string,string[5],uint256) (../sb/0x5ec71419f100642130e596c352d93dea7589a31f.sol#569-577) is never used and should be removed
usingOraclize.oraclize_query(string,string[]) (../sb/0x5ec71419f100642130e596c352d93dea7589a31f.sol#412-417) is never used and should be removed
usingOraclize.oraclize_query(string,string[],uint256) (../sb/0x5ec71419f100642130e596c352d93dea7589a31f.sol#430-435) is never used and should be removed
usingOraclize.oraclize_query(uint256,string,bytes[1]) (../sb/0x5ec71419f100642130e596c352d93dea7589a31f.sol#607-611) is never used and should be removed
usingOraclize.oraclize_query(uint256,string,bytes[1],uint256) (../sb/0x5ec71419f100642130e596c352d93dea7589a31f.sol#612-616) is never used and should be removed
usingOraclize.oraclize_query(uint256,string,bytes[2]) (../sb/0x5ec71419f100642130e596c352d93dea7589a31f.sol#629-634) is never used and should be removed
usingOraclize.oraclize_query(uint256,string,bytes[2],uint256) (../sb/0x5ec71419f100642130e596c352d93dea7589a31f.sol#635-640) is never used and should be removed
usingOraclize.oraclize_query(uint256,string,bytes[3]) (../sb/0x5ec71419f100642130e596c352d93dea7589a31f.sol#654-660) is never used and should be removed
usingOraclize.oraclize_query(uint256,string,bytes[3],uint256) (../sb/0x5ec71419f100642130e596c352d93dea7589a31f.sol#661-667) is never used and should be removed
usingOraclize.oraclize_query(uint256,string,bytes[4]) (../sb/0x5ec71419f100642130e596c352d93dea7589a31f.sol#684-691) is never used and should be removed
usingOraclize.oraclize_query(uint256,string,bytes[4],uint256) (../sb/0x5ec71419f100642130e596c352d93dea7589a31f.sol#692-699) is never used and should be removed
usingOraclize.oraclize_query(uint256,string,bytes[5]) (../sb/0x5ec71419f100642130e596c352d93dea7589a31f.sol#717-725) is never used and should be removed
usingOraclize.oraclize_query(uint256,string,bytes[5],uint256) (../sb/0x5ec71419f100642130e596c352d93dea7589a31f.sol#726-734) is never used and should be removed
usingOraclize.oraclize_query(uint256,string,bytes[]) (../sb/0x5ec71419f100642130e596c352d93dea7589a31f.sol#584-589) is never used and should be removed
usingOraclize.oraclize_query(uint256,string,bytes[],uint256) (../sb/0x5ec71419f100642130e596c352d93dea7589a31f.sol#590-595) is never used and should be removed
usingOraclize.oraclize_query(uint256,string,string) (../sb/0x5ec71419f100642130e596c352d93dea7589a31f.sol#377-381) is never used and should be removed
usingOraclize.oraclize_query(uint256,string,string,string) (../sb/0x5ec71419f100642130e596c352d93dea7589a31f.sol#397-401) is never used and should be removed
usingOraclize.oraclize_query(uint256,string,string,string,uint256) (../sb/0x5ec71419f100642130e596c352d93dea7589a31f.sol#402-406) is never used and should be removed
usingOraclize.oraclize_query(uint256,string,string,uint256) (../sb/0x5ec71419f100642130e596c352d93dea7589a31f.sol#382-386) is never used and should be removed
usingOraclize.oraclize_query(uint256,string,string[1]) (../sb/0x5ec71419f100642130e596c352d93dea7589a31f.sol#441-445) is never used and should be removed
usingOraclize.oraclize_query(uint256,string,string[1],uint256) (../sb/0x5ec71419f100642130e596c352d93dea7589a31f.sol#446-450) is never used and should be removed
usingOraclize.oraclize_query(uint256,string,string[2]) (../sb/0x5ec71419f100642130e596c352d93dea7589a31f.sol#463-468) is never used and should be removed
usingOraclize.oraclize_query(uint256,string,string[2],uint256) (../sb/0x5ec71419f100642130e596c352d93dea7589a31f.sol#469-474) is never used and should be removed
usingOraclize.oraclize_query(uint256,string,string[3]) (../sb/0x5ec71419f100642130e596c352d93dea7589a31f.sol#488-494) is never used and should be removed
usingOraclize.oraclize_query(uint256,string,string[3],uint256) (../sb/0x5ec71419f100642130e596c352d93dea7589a31f.sol#495-501) is never used and should be removed
usingOraclize.oraclize_query(uint256,string,string[4]) (../sb/0x5ec71419f100642130e596c352d93dea7589a31f.sol#518-525) is never used and should be removed
usingOraclize.oraclize_query(uint256,string,string[4],uint256) (../sb/0x5ec71419f100642130e596c352d93dea7589a31f.sol#526-533) is never used and should be removed
usingOraclize.oraclize_query(uint256,string,string[5]) (../sb/0x5ec71419f100642130e596c352d93dea7589a31f.sol#551-559) is never used and should be removed
usingOraclize.oraclize_query(uint256,string,string[5],uint256) (../sb/0x5ec71419f100642130e596c352d93dea7589a31f.sol#560-568) is never used and should be removed
usingOraclize.oraclize_query(uint256,string,string[]) (../sb/0x5ec71419f100642130e596c352d93dea7589a31f.sol#418-423) is never used and should be removed
usingOraclize.oraclize_query(uint256,string,string[],uint256) (../sb/0x5ec71419f100642130e596c352d93dea7589a31f.sol#424-429) is never used and should be removed
usingOraclize.oraclize_randomDS_getSessionPubKeyHash() (../sb/0x5ec71419f100642130e596c352d93dea7589a31f.sol#758-760) is never used and should be removed
usingOraclize.oraclize_randomDS_proofVerify__main(bytes,bytes32,bytes,string) (../sb/0x5ec71419f100642130e596c352d93dea7589a31f.sol#1082-1122) is never used and should be removed
usingOraclize.oraclize_randomDS_proofVerify__returnCode(bytes32,string,bytes) (../sb/0x5ec71419f100642130e596c352d93dea7589a31f.sol#1060-1068) is never used and should be removed
usingOraclize.oraclize_randomDS_proofVerify__sessionKeyValidity(bytes,uint256) (../sb/0x5ec71419f100642130e596c352d93dea7589a31f.sol#1015-1048) is never used and should be removed
usingOraclize.oraclize_randomDS_setCommitment(bytes32,bytes32) (../sb/0x5ec71419f100642130e596c352d93dea7589a31f.sol#980-982) is never used and should be removed
usingOraclize.oraclize_setConfig(bytes32) (../sb/0x5ec71419f100642130e596c352d93dea7589a31f.sol#754-756) is never used and should be removed
usingOraclize.oraclize_useCoupon(string) (../sb/0x5ec71419f100642130e596c352d93dea7589a31f.sol#360-362) is never used and should be removed
usingOraclize.parseAddr(string) (../sb/0x5ec71419f100642130e596c352d93dea7589a31f.sol#768-786) is never used and should be removed
usingOraclize.safer_ecrecover(bytes32,uint8,bytes32,bytes32) (../sb/0x5ec71419f100642130e596c352d93dea7589a31f.sol#1152-1177) is never used and should be removed
usingOraclize.strCompare(string,string) (../sb/0x5ec71419f100642130e596c352d93dea7589a31f.sol#788-804) is never used and should be removed
usingOraclize.strConcat(string,string) (../sb/0x5ec71419f100642130e596c352d93dea7589a31f.sol#858-860) is never used and should be removed
usingOraclize.strConcat(string,string,string) (../sb/0x5ec71419f100642130e596c352d93dea7589a31f.sol#854-856) is never used and should be removed
usingOraclize.strConcat(string,string,string,string) (../sb/0x5ec71419f100642130e596c352d93dea7589a31f.sol#850-852) is never used and should be removed
usingOraclize.strConcat(string,string,string,string,string) (../sb/0x5ec71419f100642130e596c352d93dea7589a31f.sol#833-848) is never used and should be removed
usingOraclize.stra2cbor(string[]) (../sb/0x5ec71419f100642130e596c352d93dea7589a31f.sol#904-913) is never used and should be removed
usingOraclize.verifySig(bytes32,bytes,bytes) (../sb/0x5ec71419f100642130e596c352d93dea7589a31f.sol#987-1013) is never used and should be removed
Reference: https://github.com/crytic/slither/wiki/Detector-Documentation#dead-code

Deprecated standard detected THROW (../sb/0x5ec71419f100642130e596c352d93dea7589a31f.sol#936):
	- Usage of "throw" should be replaced with "revert()"
Deprecated standard detected oraclize_randomDS_setCommitment(queryId,sha3()(delay_bytes8_left,args[1],sha256()(args[0]),args[2])) (../sb/0x5ec71419f100642130e596c352d93dea7589a31f.sol#976):
	- Usage of "sha3()" should be replaced with "keccak256()"
Deprecated standard detected address(sha3()(pubkey)) == signer (../sb/0x5ec71419f100642130e596c352d93dea7589a31f.sol#1008):
	- Usage of "sha3()" should be replaced with "keccak256()"
Deprecated standard detected (address(sha3()(pubkey)) == signer) (../sb/0x5ec71419f100642130e596c352d93dea7589a31f.sol#1011):
	- Usage of "sha3()" should be replaced with "keccak256()"
Deprecated standard detected THROW (../sb/0x5ec71419f100642130e596c352d93dea7589a31f.sol#1073):
	- Usage of "throw" should be replaced with "revert()"
Deprecated standard detected ! (sha3()(keyhash) == sha3()(sha256()(context_name,queryId))) (../sb/0x5ec71419f100642130e596c352d93dea7589a31f.sol#1088):
	- Usage of "sha3()" should be replaced with "keccak256()"
Deprecated standard detected oraclize_randomDS_args[queryId] == sha3()(commitmentSlice1,sessionPubkeyHash) (../sb/0x5ec71419f100642130e596c352d93dea7589a31f.sol#1106):
	- Usage of "sha3()" should be replaced with "keccak256()"
Deprecated standard detected THROW (../sb/0x5ec71419f100642130e596c352d93dea7589a31f.sol#1131):
	- Usage of "throw" should be replaced with "revert()"
Deprecated standard detected THROW (../sb/0x5ec71419f100642130e596c352d93dea7589a31f.sol#1052):
	- Usage of "throw" should be replaced with "revert()"
Deprecated standard detected THROW (../sb/0x5ec71419f100642130e596c352d93dea7589a31f.sol#1055):
	- Usage of "throw" should be replaced with "revert()"
Deprecated standard detected THROW (../sb/0x5ec71419f100642130e596c352d93dea7589a31f.sol#1942):
	- Usage of "throw" should be replaced with "revert()"
Deprecated standard detected THROW (../sb/0x5ec71419f100642130e596c352d93dea7589a31f.sol#1951):
	- Usage of "throw" should be replaced with "revert()"
Deprecated standard detected THROW (../sb/0x5ec71419f100642130e596c352d93dea7589a31f.sol#2110):
	- Usage of "throw" should be replaced with "revert()"
Deprecated standard detected THROW (../sb/0x5ec71419f100642130e596c352d93dea7589a31f.sol#2341):
	- Usage of "throw" should be replaced with "revert()"
Deprecated standard detected suicide(address)(owner) (../sb/0x5ec71419f100642130e596c352d93dea7589a31f.sol#2386):
	- Usage of "suicide()" should be replaced with "selfdestruct()"
Deprecated standard detected THROW (../sb/0x5ec71419f100642130e596c352d93dea7589a31f.sol#1969):
	- Usage of "throw" should be replaced with "revert()"
Deprecated standard detected THROW (../sb/0x5ec71419f100642130e596c352d93dea7589a31f.sol#1977):
	- Usage of "throw" should be replaced with "revert()"
Deprecated standard detected THROW (../sb/0x5ec71419f100642130e596c352d93dea7589a31f.sol#1985):
	- Usage of "throw" should be replaced with "revert()"
Deprecated standard detected THROW (../sb/0x5ec71419f100642130e596c352d93dea7589a31f.sol#1994):
	- Usage of "throw" should be replaced with "revert()"
Reference: https://github.com/crytic/slither/wiki/Detector-Documentation#deprecated-standards

Version constraint ^0.4.0 contains known severe issues (https://solidity.readthedocs.io/en/latest/bugs.html)
	- DirtyBytesArrayToStorage
	- KeccakCaching
	- EmptyByteArrayCopy
	- DynamicArrayCleanup
	- TupleAssignmentMultiStackSlotComponents
	- MemoryArrayCreationOverflow
	- privateCanBeOverridden
	- IncorrectEventSignatureInLibraries_0.4.x
	- ExpExponentCleanup
	- NestedArrayFunctionCallDecoder
	- ZeroFunctionSelector
	- DelegateCallReturnValue
	- ECRecoverMalformedInput
	- SkipEmptyStringLiteral
	- ConstantOptimizerSubtraction
	- IdentityPrecompileReturnIgnored
	- HighOrderByteCleanStorage
	- OptimizerStaleKnowledgeAboutSHA3
	- LibrariesNotCallableFromPayableFunctions.
It is used by:
	- ^0.4.0 (../sb/0x5ec71419f100642130e596c352d93dea7589a31f.sol#31)
solc-0.4.26 is an outdated solc version. Use a more recent version (at least 0.8.0), if possible.
Reference: https://github.com/crytic/slither/wiki/Detector-Documentation#incorrect-versions-of-solidity

Low level call in Bandit.playerWithdrawPendingTransactions() (../sb/0x5ec71419f100642130e596c352d93dea7589a31f.sol#2301-2315):
	- msg.sender.call.value(withdrawAmount)() (../sb/0x5ec71419f100642130e596c352d93dea7589a31f.sol#2307)
Reference: https://github.com/crytic/slither/wiki/Detector-Documentation#low-level-calls

Function OraclizeI.query_withGasLimit(uint256,string,string,uint256) (../sb/0x5ec71419f100642130e596c352d93dea7589a31f.sol#36) is not in mixedCase
Function OraclizeI.query2_withGasLimit(uint256,string,string,string,uint256) (../sb/0x5ec71419f100642130e596c352d93dea7589a31f.sol#38) is not in mixedCase
Function OraclizeI.queryN_withGasLimit(uint256,string,bytes,uint256) (../sb/0x5ec71419f100642130e596c352d93dea7589a31f.sol#40) is not in mixedCase
Function OraclizeI.randomDS_getSessionPubKeyHash() (../sb/0x5ec71419f100642130e596c352d93dea7589a31f.sol#47) is not in mixedCase
Struct Buffer.buffer (../sb/0x5ec71419f100642130e596c352d93dea7589a31f.sol#83-86) is not in CapWords
Contract usingOraclize (../sb/0x5ec71419f100642130e596c352d93dea7589a31f.sol#284-1220) is not in CapWords
Function usingOraclize.oraclize_setNetwork(uint8) (../sb/0x5ec71419f100642130e596c352d93dea7589a31f.sol#318-352) is not in mixedCase
Function usingOraclize.__callback(bytes32,string) (../sb/0x5ec71419f100642130e596c352d93dea7589a31f.sol#354-356) is not in mixedCase
Function usingOraclize.__callback(bytes32,string,bytes) (../sb/0x5ec71419f100642130e596c352d93dea7589a31f.sol#357-358) is not in mixedCase
Function usingOraclize.oraclize_useCoupon(string) (../sb/0x5ec71419f100642130e596c352d93dea7589a31f.sol#360-362) is not in mixedCase
Function usingOraclize.oraclize_getPrice(string) (../sb/0x5ec71419f100642130e596c352d93dea7589a31f.sol#364-366) is not in mixedCase
Function usingOraclize.oraclize_getPrice(string,uint256) (../sb/0x5ec71419f100642130e596c352d93dea7589a31f.sol#368-370) is not in mixedCase
Function usingOraclize.oraclize_query(string,string) (../sb/0x5ec71419f100642130e596c352d93dea7589a31f.sol#372-376) is not in mixedCase
Function usingOraclize.oraclize_query(uint256,string,string) (../sb/0x5ec71419f100642130e596c352d93dea7589a31f.sol#377-381) is not in mixedCase
Function usingOraclize.oraclize_query(uint256,string,string,uint256) (../sb/0x5ec71419f100642130e596c352d93dea7589a31f.sol#382-386) is not in mixedCase
Function usingOraclize.oraclize_query(string,string,uint256) (../sb/0x5ec71419f100642130e596c352d93dea7589a31f.sol#387-391) is not in mixedCase
Function usingOraclize.oraclize_query(string,string,string) (../sb/0x5ec71419f100642130e596c352d93dea7589a31f.sol#392-396) is not in mixedCase
Function usingOraclize.oraclize_query(uint256,string,string,string) (../sb/0x5ec71419f100642130e596c352d93dea7589a31f.sol#397-401) is not in mixedCase
Function usingOraclize.oraclize_query(uint256,string,string,string,uint256) (../sb/0x5ec71419f100642130e596c352d93dea7589a31f.sol#402-406) is not in mixedCase
Function usingOraclize.oraclize_query(string,string,string,uint256) (../sb/0x5ec71419f100642130e596c352d93dea7589a31f.sol#407-411) is not in mixedCase
Function usingOraclize.oraclize_query(string,string[]) (../sb/0x5ec71419f100642130e596c352d93dea7589a31f.sol#412-417) is not in mixedCase
Function usingOraclize.oraclize_query(uint256,string,string[]) (../sb/0x5ec71419f100642130e596c352d93dea7589a31f.sol#418-423) is not in mixedCase
Function usingOraclize.oraclize_query(uint256,string,string[],uint256) (../sb/0x5ec71419f100642130e596c352d93dea7589a31f.sol#424-429) is not in mixedCase
Function usingOraclize.oraclize_query(string,string[],uint256) (../sb/0x5ec71419f100642130e596c352d93dea7589a31f.sol#430-435) is not in mixedCase
Function usingOraclize.oraclize_query(string,string[1]) (../sb/0x5ec71419f100642130e596c352d93dea7589a31f.sol#436-440) is not in mixedCase
Function usingOraclize.oraclize_query(uint256,string,string[1]) (../sb/0x5ec71419f100642130e596c352d93dea7589a31f.sol#441-445) is not in mixedCase
Function usingOraclize.oraclize_query(uint256,string,string[1],uint256) (../sb/0x5ec71419f100642130e596c352d93dea7589a31f.sol#446-450) is not in mixedCase
Function usingOraclize.oraclize_query(string,string[1],uint256) (../sb/0x5ec71419f100642130e596c352d93dea7589a31f.sol#451-455) is not in mixedCase
Function usingOraclize.oraclize_query(string,string[2]) (../sb/0x5ec71419f100642130e596c352d93dea7589a31f.sol#457-462) is not in mixedCase
Function usingOraclize.oraclize_query(uint256,string,string[2]) (../sb/0x5ec71419f100642130e596c352d93dea7589a31f.sol#463-468) is not in mixedCase
Function usingOraclize.oraclize_query(uint256,string,string[2],uint256) (../sb/0x5ec71419f100642130e596c352d93dea7589a31f.sol#469-474) is not in mixedCase
Function usingOraclize.oraclize_query(string,string[2],uint256) (../sb/0x5ec71419f100642130e596c352d93dea7589a31f.sol#475-480) is not in mixedCase
Function usingOraclize.oraclize_query(string,string[3]) (../sb/0x5ec71419f100642130e596c352d93dea7589a31f.sol#481-487) is not in mixedCase
Function usingOraclize.oraclize_query(uint256,string,string[3]) (../sb/0x5ec71419f100642130e596c352d93dea7589a31f.sol#488-494) is not in mixedCase
Function usingOraclize.oraclize_query(uint256,string,string[3],uint256) (../sb/0x5ec71419f100642130e596c352d93dea7589a31f.sol#495-501) is not in mixedCase
Function usingOraclize.oraclize_query(string,string[3],uint256) (../sb/0x5ec71419f100642130e596c352d93dea7589a31f.sol#502-508) is not in mixedCase
Function usingOraclize.oraclize_query(string,string[4]) (../sb/0x5ec71419f100642130e596c352d93dea7589a31f.sol#510-517) is not in mixedCase
Function usingOraclize.oraclize_query(uint256,string,string[4]) (../sb/0x5ec71419f100642130e596c352d93dea7589a31f.sol#518-525) is not in mixedCase
Function usingOraclize.oraclize_query(uint256,string,string[4],uint256) (../sb/0x5ec71419f100642130e596c352d93dea7589a31f.sol#526-533) is not in mixedCase
Function usingOraclize.oraclize_query(string,string[4],uint256) (../sb/0x5ec71419f100642130e596c352d93dea7589a31f.sol#534-541) is not in mixedCase
Function usingOraclize.oraclize_query(string,string[5]) (../sb/0x5ec71419f100642130e596c352d93dea7589a31f.sol#542-550) is not in mixedCase
Function usingOraclize.oraclize_query(uint256,string,string[5]) (../sb/0x5ec71419f100642130e596c352d93dea7589a31f.sol#551-559) is not in mixedCase
Function usingOraclize.oraclize_query(uint256,string,string[5],uint256) (../sb/0x5ec71419f100642130e596c352d93dea7589a31f.sol#560-568) is not in mixedCase
Function usingOraclize.oraclize_query(string,string[5],uint256) (../sb/0x5ec71419f100642130e596c352d93dea7589a31f.sol#569-577) is not in mixedCase
Function usingOraclize.oraclize_query(string,bytes[]) (../sb/0x5ec71419f100642130e596c352d93dea7589a31f.sol#578-583) is not in mixedCase
Function usingOraclize.oraclize_query(uint256,string,bytes[]) (../sb/0x5ec71419f100642130e596c352d93dea7589a31f.sol#584-589) is not in mixedCase
Function usingOraclize.oraclize_query(uint256,string,bytes[],uint256) (../sb/0x5ec71419f100642130e596c352d93dea7589a31f.sol#590-595) is not in mixedCase
Function usingOraclize.oraclize_query(string,bytes[],uint256) (../sb/0x5ec71419f100642130e596c352d93dea7589a31f.sol#596-601) is not in mixedCase
Function usingOraclize.oraclize_query(string,bytes[1]) (../sb/0x5ec71419f100642130e596c352d93dea7589a31f.sol#602-606) is not in mixedCase
Function usingOraclize.oraclize_query(uint256,string,bytes[1]) (../sb/0x5ec71419f100642130e596c352d93dea7589a31f.sol#607-611) is not in mixedCase
Function usingOraclize.oraclize_query(uint256,string,bytes[1],uint256) (../sb/0x5ec71419f100642130e596c352d93dea7589a31f.sol#612-616) is not in mixedCase
Function usingOraclize.oraclize_query(string,bytes[1],uint256) (../sb/0x5ec71419f100642130e596c352d93dea7589a31f.sol#617-621) is not in mixedCase
Function usingOraclize.oraclize_query(string,bytes[2]) (../sb/0x5ec71419f100642130e596c352d93dea7589a31f.sol#623-628) is not in mixedCase
Function usingOraclize.oraclize_query(uint256,string,bytes[2]) (../sb/0x5ec71419f100642130e596c352d93dea7589a31f.sol#629-634) is not in mixedCase
Function usingOraclize.oraclize_query(uint256,string,bytes[2],uint256) (../sb/0x5ec71419f100642130e596c352d93dea7589a31f.sol#635-640) is not in mixedCase
Function usingOraclize.oraclize_query(string,bytes[2],uint256) (../sb/0x5ec71419f100642130e596c352d93dea7589a31f.sol#641-646) is not in mixedCase
Function usingOraclize.oraclize_query(string,bytes[3]) (../sb/0x5ec71419f100642130e596c352d93dea7589a31f.sol#647-653) is not in mixedCase
Function usingOraclize.oraclize_query(uint256,string,bytes[3]) (../sb/0x5ec71419f100642130e596c352d93dea7589a31f.sol#654-660) is not in mixedCase
Function usingOraclize.oraclize_query(uint256,string,bytes[3],uint256) (../sb/0x5ec71419f100642130e596c352d93dea7589a31f.sol#661-667) is not in mixedCase
Function usingOraclize.oraclize_query(string,bytes[3],uint256) (../sb/0x5ec71419f100642130e596c352d93dea7589a31f.sol#668-674) is not in mixedCase
Function usingOraclize.oraclize_query(string,bytes[4]) (../sb/0x5ec71419f100642130e596c352d93dea7589a31f.sol#676-683) is not in mixedCase
Function usingOraclize.oraclize_query(uint256,string,bytes[4]) (../sb/0x5ec71419f100642130e596c352d93dea7589a31f.sol#684-691) is not in mixedCase
Function usingOraclize.oraclize_query(uint256,string,bytes[4],uint256) (../sb/0x5ec71419f100642130e596c352d93dea7589a31f.sol#692-699) is not in mixedCase
Function usingOraclize.oraclize_query(string,bytes[4],uint256) (../sb/0x5ec71419f100642130e596c352d93dea7589a31f.sol#700-707) is not in mixedCase
Function usingOraclize.oraclize_query(string,bytes[5]) (../sb/0x5ec71419f100642130e596c352d93dea7589a31f.sol#708-716) is not in mixedCase
Function usingOraclize.oraclize_query(uint256,string,bytes[5]) (../sb/0x5ec71419f100642130e596c352d93dea7589a31f.sol#717-725) is not in mixedCase
Function usingOraclize.oraclize_query(uint256,string,bytes[5],uint256) (../sb/0x5ec71419f100642130e596c352d93dea7589a31f.sol#726-734) is not in mixedCase
Function usingOraclize.oraclize_query(string,bytes[5],uint256) (../sb/0x5ec71419f100642130e596c352d93dea7589a31f.sol#735-743) is not in mixedCase
Function usingOraclize.oraclize_cbAddress() (../sb/0x5ec71419f100642130e596c352d93dea7589a31f.sol#745-747) is not in mixedCase
Function usingOraclize.oraclize_setProof(bytes1) (../sb/0x5ec71419f100642130e596c352d93dea7589a31f.sol#748-750) is not in mixedCase
Function usingOraclize.oraclize_setCustomGasPrice(uint256) (../sb/0x5ec71419f100642130e596c352d93dea7589a31f.sol#751-753) is not in mixedCase
Function usingOraclize.oraclize_setConfig(bytes32) (../sb/0x5ec71419f100642130e596c352d93dea7589a31f.sol#754-756) is not in mixedCase
Function usingOraclize.oraclize_randomDS_getSessionPubKeyHash() (../sb/0x5ec71419f100642130e596c352d93dea7589a31f.sol#758-760) is not in mixedCase
Parameter usingOraclize.parseAddr(string)._a (../sb/0x5ec71419f100642130e596c352d93dea7589a31f.sol#768) is not in mixedCase
Parameter usingOraclize.strCompare(string,string)._a (../sb/0x5ec71419f100642130e596c352d93dea7589a31f.sol#788) is not in mixedCase
Parameter usingOraclize.strCompare(string,string)._b (../sb/0x5ec71419f100642130e596c352d93dea7589a31f.sol#788) is not in mixedCase
Parameter usingOraclize.indexOf(string,string)._haystack (../sb/0x5ec71419f100642130e596c352d93dea7589a31f.sol#806) is not in mixedCase
Parameter usingOraclize.indexOf(string,string)._needle (../sb/0x5ec71419f100642130e596c352d93dea7589a31f.sol#806) is not in mixedCase
Parameter usingOraclize.strConcat(string,string,string,string,string)._a (../sb/0x5ec71419f100642130e596c352d93dea7589a31f.sol#833) is not in mixedCase
Parameter usingOraclize.strConcat(string,string,string,string,string)._b (../sb/0x5ec71419f100642130e596c352d93dea7589a31f.sol#833) is not in mixedCase
Parameter usingOraclize.strConcat(string,string,string,string,string)._c (../sb/0x5ec71419f100642130e596c352d93dea7589a31f.sol#833) is not in mixedCase
Parameter usingOraclize.strConcat(string,string,string,string,string)._d (../sb/0x5ec71419f100642130e596c352d93dea7589a31f.sol#833) is not in mixedCase
Parameter usingOraclize.strConcat(string,string,string,string,string)._e (../sb/0x5ec71419f100642130e596c352d93dea7589a31f.sol#833) is not in mixedCase
Parameter usingOraclize.strConcat(string,string,string,string)._a (../sb/0x5ec71419f100642130e596c352d93dea7589a31f.sol#850) is not in mixedCase
Parameter usingOraclize.strConcat(string,string,string,string)._b (../sb/0x5ec71419f100642130e596c352d93dea7589a31f.sol#850) is not in mixedCase
Parameter usingOraclize.strConcat(string,string,string,string)._c (../sb/0x5ec71419f100642130e596c352d93dea7589a31f.sol#850) is not in mixedCase
Parameter usingOraclize.strConcat(string,string,string,string)._d (../sb/0x5ec71419f100642130e596c352d93dea7589a31f.sol#850) is not in mixedCase
Parameter usingOraclize.strConcat(string,string,string)._a (../sb/0x5ec71419f100642130e596c352d93dea7589a31f.sol#854) is not in mixedCase
Parameter usingOraclize.strConcat(string,string,string)._b (../sb/0x5ec71419f100642130e596c352d93dea7589a31f.sol#854) is not in mixedCase
Parameter usingOraclize.strConcat(string,string,string)._c (../sb/0x5ec71419f100642130e596c352d93dea7589a31f.sol#854) is not in mixedCase
Parameter usingOraclize.strConcat(string,string)._a (../sb/0x5ec71419f100642130e596c352d93dea7589a31f.sol#858) is not in mixedCase
Parameter usingOraclize.strConcat(string,string)._b (../sb/0x5ec71419f100642130e596c352d93dea7589a31f.sol#858) is not in mixedCase
Parameter usingOraclize.parseInt(string)._a (../sb/0x5ec71419f100642130e596c352d93dea7589a31f.sol#863) is not in mixedCase
Parameter usingOraclize.parseInt(string,uint256)._a (../sb/0x5ec71419f100642130e596c352d93dea7589a31f.sol#868) is not in mixedCase
Parameter usingOraclize.parseInt(string,uint256)._b (../sb/0x5ec71419f100642130e596c352d93dea7589a31f.sol#868) is not in mixedCase
Function usingOraclize.oraclize_setNetworkName(string) (../sb/0x5ec71419f100642130e596c352d93dea7589a31f.sol#927-929) is not in mixedCase
Parameter usingOraclize.oraclize_setNetworkName(string)._network_name (../sb/0x5ec71419f100642130e596c352d93dea7589a31f.sol#927) is not in mixedCase
Function usingOraclize.oraclize_getNetworkName() (../sb/0x5ec71419f100642130e596c352d93dea7589a31f.sol#931-933) is not in mixedCase
Function usingOraclize.oraclize_newRandomDSQuery(uint256,uint256,uint256) (../sb/0x5ec71419f100642130e596c352d93dea7589a31f.sol#935-978) is not in mixedCase
Parameter usingOraclize.oraclize_newRandomDSQuery(uint256,uint256,uint256)._delay (../sb/0x5ec71419f100642130e596c352d93dea7589a31f.sol#935) is not in mixedCase
Parameter usingOraclize.oraclize_newRandomDSQuery(uint256,uint256,uint256)._nbytes (../sb/0x5ec71419f100642130e596c352d93dea7589a31f.sol#935) is not in mixedCase
Parameter usingOraclize.oraclize_newRandomDSQuery(uint256,uint256,uint256)._customGasLimit (../sb/0x5ec71419f100642130e596c352d93dea7589a31f.sol#935) is not in mixedCase
Function usingOraclize.oraclize_randomDS_setCommitment(bytes32,bytes32) (../sb/0x5ec71419f100642130e596c352d93dea7589a31f.sol#980-982) is not in mixedCase
Function usingOraclize.oraclize_randomDS_proofVerify__sessionKeyValidity(bytes,uint256) (../sb/0x5ec71419f100642130e596c352d93dea7589a31f.sol#1015-1048) is not in mixedCase
Function usingOraclize.oraclize_randomDS_proofVerify__returnCode(bytes32,string,bytes) (../sb/0x5ec71419f100642130e596c352d93dea7589a31f.sol#1060-1068) is not in mixedCase
Parameter usingOraclize.oraclize_randomDS_proofVerify__returnCode(bytes32,string,bytes)._queryId (../sb/0x5ec71419f100642130e596c352d93dea7589a31f.sol#1060) is not in mixedCase
Parameter usingOraclize.oraclize_randomDS_proofVerify__returnCode(bytes32,string,bytes)._result (../sb/0x5ec71419f100642130e596c352d93dea7589a31f.sol#1060) is not in mixedCase
Parameter usingOraclize.oraclize_randomDS_proofVerify__returnCode(bytes32,string,bytes)._proof (../sb/0x5ec71419f100642130e596c352d93dea7589a31f.sol#1060) is not in mixedCase
Parameter usingOraclize.matchBytes32Prefix(bytes32,bytes,uint256).n_random_bytes (../sb/0x5ec71419f100642130e596c352d93dea7589a31f.sol#1070) is not in mixedCase
Function usingOraclize.oraclize_randomDS_proofVerify__main(bytes,bytes32,bytes,string) (../sb/0x5ec71419f100642130e596c352d93dea7589a31f.sol#1082-1122) is not in mixedCase
Parameter usingOraclize.oraclize_randomDS_proofVerify__main(bytes,bytes32,bytes,string).context_name (../sb/0x5ec71419f100642130e596c352d93dea7589a31f.sol#1082) is not in mixedCase
Function usingOraclize.safer_ecrecover(bytes32,uint8,bytes32,bytes32) (../sb/0x5ec71419f100642130e596c352d93dea7589a31f.sol#1152-1177) is not in mixedCase
Constant usingOraclize.day (../sb/0x5ec71419f100642130e596c352d93dea7589a31f.sol#285) is not in UPPER_CASE_WITH_UNDERSCORES
Constant usingOraclize.week (../sb/0x5ec71419f100642130e596c352d93dea7589a31f.sol#286) is not in UPPER_CASE_WITH_UNDERSCORES
Constant usingOraclize.month (../sb/0x5ec71419f100642130e596c352d93dea7589a31f.sol#287) is not in UPPER_CASE_WITH_UNDERSCORES
Constant usingOraclize.proofType_NONE (../sb/0x5ec71419f100642130e596c352d93dea7589a31f.sol#288) is not in UPPER_CASE_WITH_UNDERSCORES
Constant usingOraclize.proofType_TLSNotary (../sb/0x5ec71419f100642130e596c352d93dea7589a31f.sol#289) is not in UPPER_CASE_WITH_UNDERSCORES
Constant usingOraclize.proofType_Android (../sb/0x5ec71419f100642130e596c352d93dea7589a31f.sol#290) is not in UPPER_CASE_WITH_UNDERSCORES
Constant usingOraclize.proofType_Ledger (../sb/0x5ec71419f100642130e596c352d93dea7589a31f.sol#291) is not in UPPER_CASE_WITH_UNDERSCORES
Constant usingOraclize.proofType_Native (../sb/0x5ec71419f100642130e596c352d93dea7589a31f.sol#292) is not in UPPER_CASE_WITH_UNDERSCORES
Constant usingOraclize.proofStorage_IPFS (../sb/0x5ec71419f100642130e596c352d93dea7589a31f.sol#293) is not in UPPER_CASE_WITH_UNDERSCORES
Constant usingOraclize.networkID_auto (../sb/0x5ec71419f100642130e596c352d93dea7589a31f.sol#294) is not in UPPER_CASE_WITH_UNDERSCORES
Constant usingOraclize.networkID_mainnet (../sb/0x5ec71419f100642130e596c352d93dea7589a31f.sol#295) is not in UPPER_CASE_WITH_UNDERSCORES
Constant usingOraclize.networkID_testnet (../sb/0x5ec71419f100642130e596c352d93dea7589a31f.sol#296) is not in UPPER_CASE_WITH_UNDERSCORES
Constant usingOraclize.networkID_morden (../sb/0x5ec71419f100642130e596c352d93dea7589a31f.sol#297) is not in UPPER_CASE_WITH_UNDERSCORES
Constant usingOraclize.networkID_consensys (../sb/0x5ec71419f100642130e596c352d93dea7589a31f.sol#298) is not in UPPER_CASE_WITH_UNDERSCORES
Variable usingOraclize.OAR (../sb/0x5ec71419f100642130e596c352d93dea7589a31f.sol#300) is not in mixedCase
Variable usingOraclize.oraclize_network_name (../sb/0x5ec71419f100642130e596c352d93dea7589a31f.sol#926) is not in mixedCase
Variable usingOraclize.oraclize_randomDS_args (../sb/0x5ec71419f100642130e596c352d93dea7589a31f.sol#984) is not in mixedCase
Variable usingOraclize.oraclize_randomDS_sessionKeysHashVerified (../sb/0x5ec71419f100642130e596c352d93dea7589a31f.sol#985) is not in mixedCase
Modifier usingOraclize.oraclize_randomDS_proofVerify(bytes32,string,bytes) (../sb/0x5ec71419f100642130e596c352d93dea7589a31f.sol#1050-1058) is not in mixedCase
Contract strings (../sb/0x5ec71419f100642130e596c352d93dea7589a31f.sol#1261-1933) is not in CapWords
Struct strings.slice (../sb/0x5ec71419f100642130e596c352d93dea7589a31f.sol#1262-1265) is not in CapWords
Function Bandit.__callback(bytes32,string,bytes) (../sb/0x5ec71419f100642130e596c352d93dea7589a31f.sol#2105-2292) is not in mixedCase
Reference: https://github.com/crytic/slither/wiki/Detector-Documentation#conformance-to-solidity-naming-conventions

Reentrancy in Bandit.ownerRefundPlayer(bytes32,address,uint256,uint256) (../sb/0x5ec71419f100642130e596c352d93dea7589a31f.sol#2337-2344):
	External calls:
	- ! sendTo.send(originalPlayerBetValue) (../sb/0x5ec71419f100642130e596c352d93dea7589a31f.sol#2341)
	Event emitted after the call(s):
	- LogRefund(originalPlayerBetId,sendTo,originalPlayerBetValue) (../sb/0x5ec71419f100642130e596c352d93dea7589a31f.sol#2343)
Reference: https://github.com/crytic/slither/wiki/Detector-Documentation#reentrancy-vulnerabilities-4

strings.len(bytes32) (../sb/0x5ec71419f100642130e596c352d93dea7589a31f.sol#1304-1328) uses literals with too many digits:
	- self = bytes32(uint256(self) / 0x100000000000000000000000000000000) (../sb/0x5ec71419f100642130e596c352d93dea7589a31f.sol#1310)
strings.len(bytes32) (../sb/0x5ec71419f100642130e596c352d93dea7589a31f.sol#1304-1328) uses literals with too many digits:
	- self = bytes32(uint256(self) / 0x10000000000000000) (../sb/0x5ec71419f100642130e596c352d93dea7589a31f.sol#1314)
strings.len(bytes32) (../sb/0x5ec71419f100642130e596c352d93dea7589a31f.sol#1304-1328) uses literals with too many digits:
	- self = bytes32(uint256(self) / 0x100000000) (../sb/0x5ec71419f100642130e596c352d93dea7589a31f.sol#1318)
usingOraclize.oraclize_query(string,string) (../sb/0x5ec71419f100642130e596c352d93dea7589a31f.sol#372-376) uses literals with too many digits:
	- price > 1000000000000000000 + tx.gasprice * 200000 (../sb/0x5ec71419f100642130e596c352d93dea7589a31f.sol#374)
usingOraclize.oraclize_query(uint256,string,string) (../sb/0x5ec71419f100642130e596c352d93dea7589a31f.sol#377-381) uses literals with too many digits:
	- price > 1000000000000000000 + tx.gasprice * 200000 (../sb/0x5ec71419f100642130e596c352d93dea7589a31f.sol#379)
usingOraclize.oraclize_query(string,string,string) (../sb/0x5ec71419f100642130e596c352d93dea7589a31f.sol#392-396) uses literals with too many digits:
	- price > 1000000000000000000 + tx.gasprice * 200000 (../sb/0x5ec71419f100642130e596c352d93dea7589a31f.sol#394)
usingOraclize.oraclize_query(uint256,string,string,string) (../sb/0x5ec71419f100642130e596c352d93dea7589a31f.sol#397-401) uses literals with too many digits:
	- price > 1000000000000000000 + tx.gasprice * 200000 (../sb/0x5ec71419f100642130e596c352d93dea7589a31f.sol#399)
usingOraclize.oraclize_query(string,string[]) (../sb/0x5ec71419f100642130e596c352d93dea7589a31f.sol#412-417) uses literals with too many digits:
	- price > 1000000000000000000 + tx.gasprice * 200000 (../sb/0x5ec71419f100642130e596c352d93dea7589a31f.sol#414)
usingOraclize.oraclize_query(uint256,string,string[]) (../sb/0x5ec71419f100642130e596c352d93dea7589a31f.sol#418-423) uses literals with too many digits:
	- price > 1000000000000000000 + tx.gasprice * 200000 (../sb/0x5ec71419f100642130e596c352d93dea7589a31f.sol#420)
usingOraclize.oraclize_query(string,bytes[]) (../sb/0x5ec71419f100642130e596c352d93dea7589a31f.sol#578-583) uses literals with too many digits:
	- price > 1000000000000000000 + tx.gasprice * 200000 (../sb/0x5ec71419f100642130e596c352d93dea7589a31f.sol#580)
usingOraclize.oraclize_query(uint256,string,bytes[]) (../sb/0x5ec71419f100642130e596c352d93dea7589a31f.sol#584-589) uses literals with too many digits:
	- price > 1000000000000000000 + tx.gasprice * 200000 (../sb/0x5ec71419f100642130e596c352d93dea7589a31f.sol#586)
Bandit.Bandit() (../sb/0x5ec71419f100642130e596c352d93dea7589a31f.sol#2042-2055) uses literals with too many digits:
	- ownerSetMinBet(50000000000000000) (../sb/0x5ec71419f100642130e596c352d93dea7589a31f.sol#2048)
Bandit.Bandit() (../sb/0x5ec71419f100642130e596c352d93dea7589a31f.sol#2042-2055) uses literals with too many digits:
	- ownerSetMaxBet(1000000000000000000) (../sb/0x5ec71419f100642130e596c352d93dea7589a31f.sol#2049)
Bandit.Bandit() (../sb/0x5ec71419f100642130e596c352d93dea7589a31f.sol#2042-2055) uses literals with too many digits:
	- oraclize_setCustomGasPrice(20000000000) (../sb/0x5ec71419f100642130e596c352d93dea7589a31f.sol#2053)
Reference: https://github.com/crytic/slither/wiki/Detector-Documentation#too-many-digits

usingOraclize.day (../sb/0x5ec71419f100642130e596c352d93dea7589a31f.sol#285) is never used in Bandit (../sb/0x5ec71419f100642130e596c352d93dea7589a31f.sol#1956-2400)
usingOraclize.week (../sb/0x5ec71419f100642130e596c352d93dea7589a31f.sol#286) is never used in Bandit (../sb/0x5ec71419f100642130e596c352d93dea7589a31f.sol#1956-2400)
usingOraclize.month (../sb/0x5ec71419f100642130e596c352d93dea7589a31f.sol#287) is never used in Bandit (../sb/0x5ec71419f100642130e596c352d93dea7589a31f.sol#1956-2400)
usingOraclize.proofType_NONE (../sb/0x5ec71419f100642130e596c352d93dea7589a31f.sol#288) is never used in Bandit (../sb/0x5ec71419f100642130e596c352d93dea7589a31f.sol#1956-2400)
usingOraclize.proofType_Android (../sb/0x5ec71419f100642130e596c352d93dea7589a31f.sol#290) is never used in Bandit (../sb/0x5ec71419f100642130e596c352d93dea7589a31f.sol#1956-2400)
usingOraclize.proofType_Ledger (../sb/0x5ec71419f100642130e596c352d93dea7589a31f.sol#291) is never used in Bandit (../sb/0x5ec71419f100642130e596c352d93dea7589a31f.sol#1956-2400)
usingOraclize.proofType_Native (../sb/0x5ec71419f100642130e596c352d93dea7589a31f.sol#292) is never used in Bandit (../sb/0x5ec71419f100642130e596c352d93dea7589a31f.sol#1956-2400)
usingOraclize.networkID_mainnet (../sb/0x5ec71419f100642130e596c352d93dea7589a31f.sol#295) is never used in Bandit (../sb/0x5ec71419f100642130e596c352d93dea7589a31f.sol#1956-2400)
usingOraclize.networkID_testnet (../sb/0x5ec71419f100642130e596c352d93dea7589a31f.sol#296) is never used in Bandit (../sb/0x5ec71419f100642130e596c352d93dea7589a31f.sol#1956-2400)
usingOraclize.networkID_morden (../sb/0x5ec71419f100642130e596c352d93dea7589a31f.sol#297) is never used in Bandit (../sb/0x5ec71419f100642130e596c352d93dea7589a31f.sol#1956-2400)
usingOraclize.networkID_consensys (../sb/0x5ec71419f100642130e596c352d93dea7589a31f.sol#298) is never used in Bandit (../sb/0x5ec71419f100642130e596c352d93dea7589a31f.sol#1956-2400)
Reference: https://github.com/crytic/slither/wiki/Detector-Documentation#unused-state-variable

query(uint256,string,string) should be declared external:
	- OraclizeI.query(uint256,string,string) (../sb/0x5ec71419f100642130e596c352d93dea7589a31f.sol#35)
query_withGasLimit(uint256,string,string,uint256) should be declared external:
	- OraclizeI.query_withGasLimit(uint256,string,string,uint256) (../sb/0x5ec71419f100642130e596c352d93dea7589a31f.sol#36)
query2(uint256,string,string,string) should be declared external:
	- OraclizeI.query2(uint256,string,string,string) (../sb/0x5ec71419f100642130e596c352d93dea7589a31f.sol#37)
query2_withGasLimit(uint256,string,string,string,uint256) should be declared external:
	- OraclizeI.query2_withGasLimit(uint256,string,string,string,uint256) (../sb/0x5ec71419f100642130e596c352d93dea7589a31f.sol#38)
queryN(uint256,string,bytes) should be declared external:
	- OraclizeI.queryN(uint256,string,bytes) (../sb/0x5ec71419f100642130e596c352d93dea7589a31f.sol#39)
queryN_withGasLimit(uint256,string,bytes,uint256) should be declared external:
	- OraclizeI.queryN_withGasLimit(uint256,string,bytes,uint256) (../sb/0x5ec71419f100642130e596c352d93dea7589a31f.sol#40)
getPrice(string) should be declared external:
	- OraclizeI.getPrice(string) (../sb/0x5ec71419f100642130e596c352d93dea7589a31f.sol#41)
getPrice(string,uint256) should be declared external:
	- OraclizeI.getPrice(string,uint256) (../sb/0x5ec71419f100642130e596c352d93dea7589a31f.sol#42)
useCoupon(string) should be declared external:
	- OraclizeI.useCoupon(string) (../sb/0x5ec71419f100642130e596c352d93dea7589a31f.sol#43)
__callback(bytes32,string) should be declared external:
	- usingOraclize.__callback(bytes32,string) (../sb/0x5ec71419f100642130e596c352d93dea7589a31f.sol#354-356)
Reference: https://github.com/crytic/slither/wiki/Detector-Documentation#public-function-that-could-be-declared-external
/sb/0x5ec71419f100642130e596c352d93dea7589a31f.sol analyzed (8 contracts with 100 detectors), 379 result(s) found
