'solc --version' running
'solc /sb/0x869ed845f8d4b436ffe778adc0e9ab253e53f0f2.sol --combined-json abi,ast,bin,bin-runtime,srcmap,srcmap-runtime,userdoc,devdoc,hashes,compact-format --allow-paths .,/sb' running
Compilation warnings/errors on /sb/0x869ed845f8d4b436ffe778adc0e9ab253e53f0f2.sol:
/sb/0x869ed845f8d4b436ffe778adc0e9ab253e53f0f2.sol:107:5: Warning: Defining constructors as functions with the same name as the contract is deprecated. Use "constructor(...) { ... }" instead.
    function Owned() public {
    ^ (Relevant source part starts here and spans across multiple lines).
/sb/0x869ed845f8d4b436ffe778adc0e9ab253e53f0f2.sol:246:5: Warning: Defining constructors as functions with the same name as the contract is deprecated. Use "constructor(...) { ... }" instead.
    function Escapable(address _escapeHatchCaller, address _escapeHatchDestination) public {
    ^ (Relevant source part starts here and spans across multiple lines).
/sb/0x869ed845f8d4b436ffe778adc0e9ab253e53f0f2.sol:412:5: Warning: Defining constructors as functions with the same name as the contract is deprecated. Use "constructor(...) { ... }" instead.
    function LiquidPledgingBase(
    ^ (Relevant source part starts here and spans across multiple lines).
/sb/0x869ed845f8d4b436ffe778adc0e9ab253e53f0f2.sol:949:5: Warning: Defining constructors as functions with the same name as the contract is deprecated. Use "constructor(...) { ... }" instead.
    function LiquidPledging(
    ^ (Relevant source part starts here and spans across multiple lines).
/sb/0x869ed845f8d4b436ffe778adc0e9ab253e53f0f2.sol:1732:5: Warning: Defining constructors as functions with the same name as the contract is deprecated. Use "constructor(...) { ... }" instead.
    function Controlled() public { controller = msg.sender;}
    ^------------------------------------------------------^
/sb/0x869ed845f8d4b436ffe778adc0e9ab253e53f0f2.sol:1872:5: Warning: Defining constructors as functions with the same name as the contract is deprecated. Use "constructor(...) { ... }" instead.
    function MiniMeToken(
    ^ (Relevant source part starts here and spans across multiple lines).
/sb/0x869ed845f8d4b436ffe778adc0e9ab253e53f0f2.sol:1948:12: Warning: Use of the "var" keyword is deprecated.
           var previousBalanceFrom = balanceOfAt(_from, block.number);
           ^---------------------^
/sb/0x869ed845f8d4b436ffe778adc0e9ab253e53f0f2.sol:1964:12: Warning: Use of the "var" keyword is deprecated.
           var previousBalanceTo = balanceOfAt(_to, block.number);
           ^-------------------^
/sb/0x869ed845f8d4b436ffe778adc0e9ab253e53f0f2.sol:2377:5: Warning: Defining constructors as functions with the same name as the contract is deprecated. Use "constructor(...) { ... }" instead.
    function LPPDacs(
    ^ (Relevant source part starts here and spans across multiple lines).
/sb/0x869ed845f8d4b436ffe778adc0e9ab253e53f0f2.sol:2415:16: Warning: Use of the "var" keyword is deprecated.
        var (, toOwner, , toIntendedProject, , , toPledgeState ) = liquidPledging.getPledge(pledgeTo);
               ^-----^
/sb/0x869ed845f8d4b436ffe778adc0e9ab253e53f0f2.sol:2415:27: Warning: Use of the "var" keyword is deprecated.
        var (, toOwner, , toIntendedProject, , , toPledgeState ) = liquidPledging.getPledge(pledgeTo);
                          ^---------------^
/sb/0x869ed845f8d4b436ffe778adc0e9ab253e53f0f2.sol:2415:50: Warning: Use of the "var" keyword is deprecated.
        var (, toOwner, , toIntendedProject, , , toPledgeState ) = liquidPledging.getPledge(pledgeTo);
                                                 ^-----------^
/sb/0x869ed845f8d4b436ffe778adc0e9ab253e53f0f2.sol:2416:16: Warning: Use of the "var" keyword is deprecated.
        var (, fromOwner, , , , , ) = liquidPledging.getPledge(pledgeFrom);
               ^-------^
/sb/0x869ed845f8d4b436ffe778adc0e9ab253e53f0f2.sol:2417:14: Warning: Use of the "var" keyword is deprecated.
        var (toAdminType, toAddr, , , , , , ) = liquidPledging.getPledgeAdmin(toOwner);
             ^---------^
/sb/0x869ed845f8d4b436ffe778adc0e9ab253e53f0f2.sol:2417:27: Warning: Use of the "var" keyword is deprecated.
        var (toAdminType, toAddr, , , , , , ) = liquidPledging.getPledgeAdmin(toOwner);
                          ^----^
/sb/0x869ed845f8d4b436ffe778adc0e9ab253e53f0f2.sol:2433:20: Warning: Use of the "var" keyword is deprecated.
            var (, fromAddr , , , , , , ) = liquidPledging.getPledgeAdmin(fromOwner);
                   ^------^
/sb/0x869ed845f8d4b436ffe778adc0e9ab253e53f0f2.sol:878:27: Warning: This declaration shadows an existing declaration.
    function useWhitelist(bool useWhitelist) external onlyOwner {
                          ^---------------^
/sb/0x869ed845f8d4b436ffe778adc0e9ab253e53f0f2.sol:878:5: The shadowed declaration is here:
    function useWhitelist(bool useWhitelist) external onlyOwner {
    ^ (Relevant source part starts here and spans across multiple lines).

/sb/0x869ed845f8d4b436ffe778adc0e9ab253e53f0f2.sol:126:9: Warning: Invoking events without "emit" prefix is deprecated.
        OwnershipRequested(msg.sender, newOwnerCandidate);
        ^-----------------------------------------------^
/sb/0x869ed845f8d4b436ffe778adc0e9ab253e53f0f2.sol:138:9: Warning: Invoking events without "emit" prefix is deprecated.
        OwnershipTransferred(oldOwner, owner);
        ^-----------------------------------^
/sb/0x869ed845f8d4b436ffe778adc0e9ab253e53f0f2.sol:152:9: Warning: Invoking events without "emit" prefix is deprecated.
        OwnershipTransferred(oldOwner, owner);
        ^-----------------------------------^
/sb/0x869ed845f8d4b436ffe778adc0e9ab253e53f0f2.sol:164:9: Warning: Invoking events without "emit" prefix is deprecated.
        OwnershipRemoved();     
        ^----------------^
/sb/0x869ed845f8d4b436ffe778adc0e9ab253e53f0f2.sol:264:9: Warning: Invoking events without "emit" prefix is deprecated.
        EscapeHatchBlackistedToken(_token);
        ^--------------------------------^
/sb/0x869ed845f8d4b436ffe778adc0e9ab253e53f0f2.sol:285:23: Warning: Using contract member "balance" inherited from the address type is deprecated. Convert the contract to "address" type to access the member, for example use "address(contract).balance" instead.
            balance = this.balance;
                      ^----------^
/sb/0x869ed845f8d4b436ffe778adc0e9ab253e53f0f2.sol:287:13: Warning: Invoking events without "emit" prefix is deprecated.
            EscapeHatchCalled(_token, balance);
            ^--------------------------------^
/sb/0x869ed845f8d4b436ffe778adc0e9ab253e53f0f2.sol:294:9: Warning: Invoking events without "emit" prefix is deprecated.
        EscapeHatchCalled(_token, balance);
        ^--------------------------------^
/sb/0x869ed845f8d4b436ffe778adc0e9ab253e53f0f2.sol:338:5: Warning: Functions in interfaces should be declared external.
    function authorizePayment(bytes32 _ref, address _dest, uint _amount);
    ^-------------------------------------------------------------------^
/sb/0x869ed845f8d4b436ffe778adc0e9ab253e53f0f2.sol:339:5: Warning: Functions in interfaces should be declared external.
    function () payable;
    ^------------------^
/sb/0x869ed845f8d4b436ffe778adc0e9ab253e53f0f2.sol:456:9: Warning: Invoking events without "emit" prefix is deprecated.
        GiverAdded(idGiver);
        ^-----------------^
/sb/0x869ed845f8d4b436ffe778adc0e9ab253e53f0f2.sol:484:9: Warning: Invoking events without "emit" prefix is deprecated.
        GiverUpdated(idGiver);
        ^-------------------^
/sb/0x869ed845f8d4b436ffe778adc0e9ab253e53f0f2.sol:520:9: Warning: Invoking events without "emit" prefix is deprecated.
        DelegateAdded(idDelegate);
        ^-----------------------^
/sb/0x869ed845f8d4b436ffe778adc0e9ab253e53f0f2.sol:549:9: Warning: Invoking events without "emit" prefix is deprecated.
        DelegateUpdated(idDelegate);
        ^-------------------------^
/sb/0x869ed845f8d4b436ffe778adc0e9ab253e53f0f2.sol:595:9: Warning: Invoking events without "emit" prefix is deprecated.
        ProjectAdded(idProject);
        ^---------------------^
/sb/0x869ed845f8d4b436ffe778adc0e9ab253e53f0f2.sol:625:9: Warning: Invoking events without "emit" prefix is deprecated.
        ProjectUpdated(idProject);
        ^-----------------------^
/sb/0x869ed845f8d4b436ffe778adc0e9ab253e53f0f2.sol:749:27: Warning: "sha3" has been deprecated in favour of "keccak256"
        bytes32 hPledge = sha3(
                          ^ (Relevant source part starts here and spans across multiple lines).
/sb/0x869ed845f8d4b436ffe778adc0e9ab253e53f0f2.sol:749:27: Warning: This function only accepts a single "bytes" argument. Please use "abi.encodePacked(...)" or a similar function to encode the data.
        bytes32 hPledge = sha3(
                          ^ (Relevant source part starts here and spans across multiple lines).
/sb/0x869ed845f8d4b436ffe778adc0e9ab253e53f0f2.sol:977:9: Warning: Using contract member "transfer" inherited from the address type is deprecated. Convert the contract to "address" type to access the member, for example use "address(contract).transfer" instead.
        vault.transfer(amount); // Sends the `msg.value` (in wei) to the `vault`
        ^------------^
/sb/0x869ed845f8d4b436ffe778adc0e9ab253e53f0f2.sol:991:9: Warning: Invoking events without "emit" prefix is deprecated.
        Transfer(0, idPledge, amount); // An event
        ^---------------------------^
/sb/0x869ed845f8d4b436ffe778adc0e9ab253e53f0f2.sol:1209:9: Warning: Invoking events without "emit" prefix is deprecated.
        CancelProject(idProject);
        ^----------------------^
/sb/0x869ed845f8d4b436ffe778adc0e9ab253e53f0f2.sol:1492:9: Warning: Invoking events without "emit" prefix is deprecated.
        Transfer(from, to, amount);
        ^------------------------^
/sb/0x869ed845f8d4b436ffe778adc0e9ab253e53f0f2.sol:1969:12: Warning: Invoking events without "emit" prefix is deprecated.
           Transfer(_from, _to, _amount);
           ^---------------------------^
/sb/0x869ed845f8d4b436ffe778adc0e9ab253e53f0f2.sol:2001:9: Warning: Invoking events without "emit" prefix is deprecated.
        Approval(msg.sender, _spender, _amount);
        ^-------------------------------------^
/sb/0x869ed845f8d4b436ffe778adc0e9ab253e53f0f2.sol:2132:9: Warning: Invoking events without "emit" prefix is deprecated.
        NewCloneToken(address(cloneToken), _snapshotBlock);
        ^------------------------------------------------^
/sb/0x869ed845f8d4b436ffe778adc0e9ab253e53f0f2.sol:2152:9: Warning: Invoking events without "emit" prefix is deprecated.
        Transfer(0, _owner, _amount);
        ^--------------------------^
/sb/0x869ed845f8d4b436ffe778adc0e9ab253e53f0f2.sol:2169:9: Warning: Invoking events without "emit" prefix is deprecated.
        Transfer(_owner, 0, _amount);
        ^--------------------------^
/sb/0x869ed845f8d4b436ffe778adc0e9ab253e53f0f2.sol:2267:33: Warning: Using contract member "balance" inherited from the address type is deprecated. Convert the contract to "address" type to access the member, for example use "address(contract).balance" instead.
            controller.transfer(this.balance);
                                ^----------^
/sb/0x869ed845f8d4b436ffe778adc0e9ab253e53f0f2.sol:2274:9: Warning: Invoking events without "emit" prefix is deprecated.
        ClaimedTokens(_token, controller, balance);
        ^----------------------------------------^
/sb/0x869ed845f8d4b436ffe778adc0e9ab253e53f0f2.sol:2418:9: Warning: Uninitialized storage pointer.
        Dac storage d;
        ^-----------^
/sb/0x869ed845f8d4b436ffe778adc0e9ab253e53f0f2.sol:2436:13: Warning: Invoking events without "emit" prefix is deprecated.
            GenerateTokens(idDelegate, fromAddr, amount);
            ^------------------------------------------^
/sb/0x869ed845f8d4b436ffe778adc0e9ab253e53f0f2.sol:2450:17: Warning: Invoking events without "emit" prefix is deprecated.
                DestroyTokens(fromOwner, toAddr, amount);
                ^--------------------------------------^
/sb/0x869ed845f8d4b436ffe778adc0e9ab253e53f0f2.sol:48:5: Warning: No visibility specified. Defaulting to "public". 
    function beforeTransfer(
    ^ (Relevant source part starts here and spans across multiple lines).
/sb/0x869ed845f8d4b436ffe778adc0e9ab253e53f0f2.sol:75:5: Warning: No visibility specified. Defaulting to "public". 
    function afterTransfer(
    ^ (Relevant source part starts here and spans across multiple lines).
/sb/0x869ed845f8d4b436ffe778adc0e9ab253e53f0f2.sol:338:5: Warning: No visibility specified. Defaulting to "public". In interfaces it defaults to external.
    function authorizePayment(bytes32 _ref, address _dest, uint _amount);
    ^-------------------------------------------------------------------^
/sb/0x869ed845f8d4b436ffe778adc0e9ab253e53f0f2.sol:339:5: Warning: No visibility specified. Defaulting to "public". In interfaces it defaults to external.
    function () payable;
    ^------------------^
/sb/0x869ed845f8d4b436ffe778adc0e9ab253e53f0f2.sol:435:5: Warning: No visibility specified. Defaulting to "public". 
    function addGiver(
    ^ (Relevant source part starts here and spans across multiple lines).
/sb/0x869ed845f8d4b436ffe778adc0e9ab253e53f0f2.sol:470:5: Warning: No visibility specified. Defaulting to "public". 
    function updateGiver(
    ^ (Relevant source part starts here and spans across multiple lines).
/sb/0x869ed845f8d4b436ffe778adc0e9ab253e53f0f2.sol:499:5: Warning: No visibility specified. Defaulting to "public". 
    function addDelegate(
    ^ (Relevant source part starts here and spans across multiple lines).
/sb/0x869ed845f8d4b436ffe778adc0e9ab253e53f0f2.sol:536:5: Warning: No visibility specified. Defaulting to "public". 
    function updateDelegate(
    ^ (Relevant source part starts here and spans across multiple lines).
/sb/0x869ed845f8d4b436ffe778adc0e9ab253e53f0f2.sol:566:5: Warning: No visibility specified. Defaulting to "public". 
    function addProject(
    ^ (Relevant source part starts here and spans across multiple lines).
/sb/0x869ed845f8d4b436ffe778adc0e9ab253e53f0f2.sol:611:5: Warning: No visibility specified. Defaulting to "public". 
    function updateProject(
    ^ (Relevant source part starts here and spans across multiple lines).
/sb/0x869ed845f8d4b436ffe778adc0e9ab253e53f0f2.sol:637:5: Warning: No visibility specified. Defaulting to "public". 
    function numberOfPledges() constant returns (uint) {
    ^ (Relevant source part starts here and spans across multiple lines).
/sb/0x869ed845f8d4b436ffe778adc0e9ab253e53f0f2.sol:646:5: Warning: No visibility specified. Defaulting to "public". 
    function getPledge(uint64 idPledge) constant returns(
    ^ (Relevant source part starts here and spans across multiple lines).
/sb/0x869ed845f8d4b436ffe778adc0e9ab253e53f0f2.sol:668:5: Warning: No visibility specified. Defaulting to "public". 
    function getPledgeDelegate(uint64 idPledge, uint idxDelegate) constant returns(
    ^ (Relevant source part starts here and spans across multiple lines).
/sb/0x869ed845f8d4b436ffe778adc0e9ab253e53f0f2.sol:682:5: Warning: No visibility specified. Defaulting to "public". 
    function numberOfPledgeAdmins() constant returns(uint) {
    ^ (Relevant source part starts here and spans across multiple lines).
/sb/0x869ed845f8d4b436ffe778adc0e9ab253e53f0f2.sol:699:5: Warning: No visibility specified. Defaulting to "public". 
    function getPledgeAdmin(uint64 idAdmin) constant returns (
    ^ (Relevant source part starts here and spans across multiple lines).
/sb/0x869ed845f8d4b436ffe778adc0e9ab253e53f0f2.sol:834:5: Warning: No visibility specified. Defaulting to "public". 
    function isProjectCanceled(uint64 projectId) constant returns (bool) {
    ^ (Relevant source part starts here and spans across multiple lines).
/sb/0x869ed845f8d4b436ffe778adc0e9ab253e53f0f2.sol:949:5: Warning: No visibility specified. Defaulting to "public". 
    function LiquidPledging(
    ^ (Relevant source part starts here and spans across multiple lines).
/sb/0x869ed845f8d4b436ffe778adc0e9ab253e53f0f2.sol:965:5: Warning: No visibility specified. Defaulting to "public". 
    function donate(uint64 idGiver, uint64 idReceiver) payable {
    ^ (Relevant source part starts here and spans across multiple lines).
/sb/0x869ed845f8d4b436ffe778adc0e9ab253e53f0f2.sol:1005:5: Warning: No visibility specified. Defaulting to "public". 
    function transfer( 
    ^ (Relevant source part starts here and spans across multiple lines).
/sb/0x869ed845f8d4b436ffe778adc0e9ab253e53f0f2.sol:1136:5: Warning: No visibility specified. Defaulting to "public". 
    function withdraw(uint64 idPledge, uint amount) {
    ^ (Relevant source part starts here and spans across multiple lines).
/sb/0x869ed845f8d4b436ffe778adc0e9ab253e53f0f2.sol:1161:5: Warning: No visibility specified. Defaulting to "public". 
    function confirmPayment(uint64 idPledge, uint amount) onlyVault {
    ^ (Relevant source part starts here and spans across multiple lines).
/sb/0x869ed845f8d4b436ffe778adc0e9ab253e53f0f2.sol:1182:5: Warning: No visibility specified. Defaulting to "public". 
    function cancelPayment(uint64 idPledge, uint amount) onlyVault {
    ^ (Relevant source part starts here and spans across multiple lines).
/sb/0x869ed845f8d4b436ffe778adc0e9ab253e53f0f2.sol:1204:5: Warning: No visibility specified. Defaulting to "public". 
    function cancelProject(uint64 idProject) { 
    ^ (Relevant source part starts here and spans across multiple lines).
/sb/0x869ed845f8d4b436ffe778adc0e9ab253e53f0f2.sol:1217:5: Warning: No visibility specified. Defaulting to "public". 
    function cancelPledge(uint64 idPledge, uint amount) { 
    ^ (Relevant source part starts here and spans across multiple lines).
/sb/0x869ed845f8d4b436ffe778adc0e9ab253e53f0f2.sol:1252:5: Warning: No visibility specified. Defaulting to "public". 
    function mTransfer(
    ^ (Relevant source part starts here and spans across multiple lines).
/sb/0x869ed845f8d4b436ffe778adc0e9ab253e53f0f2.sol:1270:5: Warning: No visibility specified. Defaulting to "public". 
    function mWithdraw(uint[] pledgesAmounts) {
    ^ (Relevant source part starts here and spans across multiple lines).
/sb/0x869ed845f8d4b436ffe778adc0e9ab253e53f0f2.sol:1283:5: Warning: No visibility specified. Defaulting to "public". 
    function mConfirmPayment(uint[] pledgesAmounts) {
    ^ (Relevant source part starts here and spans across multiple lines).
/sb/0x869ed845f8d4b436ffe778adc0e9ab253e53f0f2.sol:1296:5: Warning: No visibility specified. Defaulting to "public". 
    function mCancelPayment(uint[] pledgesAmounts) {
    ^ (Relevant source part starts here and spans across multiple lines).
/sb/0x869ed845f8d4b436ffe778adc0e9ab253e53f0f2.sol:1308:5: Warning: No visibility specified. Defaulting to "public". 
    function mNormalizePledge(uint64[] pledges) {
    ^ (Relevant source part starts here and spans across multiple lines).
/sb/0x869ed845f8d4b436ffe778adc0e9ab253e53f0f2.sol:1513:5: Warning: No visibility specified. Defaulting to "public". 
    function normalizePledge(uint64 idPledge) returns(uint64) {
    ^ (Relevant source part starts here and spans across multiple lines).
/sb/0x869ed845f8d4b436ffe778adc0e9ab253e53f0f2.sol:2392:9: Warning: Unused function parameter. Remove or comment out the variable name to silence this warning.
        uint64 pledgeManager,
        ^------------------^
/sb/0x869ed845f8d4b436ffe778adc0e9ab253e53f0f2.sol:2393:9: Warning: Unused function parameter. Remove or comment out the variable name to silence this warning.
        uint64 pledgeFrom,
        ^---------------^
/sb/0x869ed845f8d4b436ffe778adc0e9ab253e53f0f2.sol:2394:9: Warning: Unused function parameter. Remove or comment out the variable name to silence this warning.
        uint64 pledgeTo,
        ^-------------^
/sb/0x869ed845f8d4b436ffe778adc0e9ab253e53f0f2.sol:2395:9: Warning: Unused function parameter. Remove or comment out the variable name to silence this warning.
        uint64 context,
        ^------------^
/sb/0x869ed845f8d4b436ffe778adc0e9ab253e53f0f2.sol:2407:9: Warning: Unused function parameter. Remove or comment out the variable name to silence this warning.
        uint64 pledgeManager,
        ^------------------^
/sb/0x869ed845f8d4b436ffe778adc0e9ab253e53f0f2.sol:2530:27: Warning: Unused function parameter. Remove or comment out the variable name to silence this warning.
    function proxyPayment(address _owner) public payable returns(bool) {
                          ^------------^
/sb/0x869ed845f8d4b436ffe778adc0e9ab253e53f0f2.sol:2540:25: Warning: Unused function parameter. Remove or comment out the variable name to silence this warning.
    function onTransfer(address _from, address _to, uint _amount) public returns(bool) {
                        ^-----------^
/sb/0x869ed845f8d4b436ffe778adc0e9ab253e53f0f2.sol:2540:40: Warning: Unused function parameter. Remove or comment out the variable name to silence this warning.
    function onTransfer(address _from, address _to, uint _amount) public returns(bool) {
                                       ^---------^
/sb/0x869ed845f8d4b436ffe778adc0e9ab253e53f0f2.sol:2540:53: Warning: Unused function parameter. Remove or comment out the variable name to silence this warning.
    function onTransfer(address _from, address _to, uint _amount) public returns(bool) {
                                                    ^----------^
/sb/0x869ed845f8d4b436ffe778adc0e9ab253e53f0f2.sol:2550:24: Warning: Unused function parameter. Remove or comment out the variable name to silence this warning.
    function onApprove(address _owner, address _spender, uint _amount) public returns(bool) {
                       ^------------^
/sb/0x869ed845f8d4b436ffe778adc0e9ab253e53f0f2.sol:2550:40: Warning: Unused function parameter. Remove or comment out the variable name to silence this warning.
    function onApprove(address _owner, address _spender, uint _amount) public returns(bool) {
                                       ^--------------^
/sb/0x869ed845f8d4b436ffe778adc0e9ab253e53f0f2.sol:2550:58: Warning: Unused function parameter. Remove or comment out the variable name to silence this warning.
    function onApprove(address _owner, address _spender, uint _amount) public returns(bool) {
                                                         ^----------^
/sb/0x869ed845f8d4b436ffe778adc0e9ab253e53f0f2.sol:655:28: Warning: Function declared as view, but this expression (potentially) modifies the state and thus requires non-payable (the default) or payable.
        Pledge storage p = findPledge(idPledge);
                           ^------------------^
/sb/0x869ed845f8d4b436ffe778adc0e9ab253e53f0f2.sol:673:28: Warning: Function declared as view, but this expression (potentially) modifies the state and thus requires non-payable (the default) or payable.
        Pledge storage p = findPledge(idPledge);
                           ^------------------^
/sb/0x869ed845f8d4b436ffe778adc0e9ab253e53f0f2.sol:675:40: Warning: Function declared as view, but this expression (potentially) modifies the state and thus requires non-payable (the default) or payable.
        PledgeAdmin storage delegate = findAdmin(idDelegate);
                                       ^-------------------^
/sb/0x869ed845f8d4b436ffe778adc0e9ab253e53f0f2.sol:709:33: Warning: Function declared as view, but this expression (potentially) modifies the state and thus requires non-payable (the default) or payable.
        PledgeAdmin storage m = findAdmin(idAdmin);
                                ^----------------^
/sb/0x869ed845f8d4b436ffe778adc0e9ab253e53f0f2.sol:763:5: Warning: Function state mutability can be restricted to view
    function findAdmin(uint64 idAdmin) internal returns (PledgeAdmin storage) {
    ^ (Relevant source part starts here and spans across multiple lines).
/sb/0x869ed845f8d4b436ffe778adc0e9ab253e53f0f2.sol:771:5: Warning: Function state mutability can be restricted to view
    function findPledge(uint64 idPledge) internal returns (Pledge storage) {
    ^ (Relevant source part starts here and spans across multiple lines).
/sb/0x869ed845f8d4b436ffe778adc0e9ab253e53f0f2.sol:787:5: Warning: Function state mutability can be restricted to pure
    function getDelegateIdx(Pledge p, uint64 idDelegate) internal returns(uint64) {
    ^ (Relevant source part starts here and spans across multiple lines).
/sb/0x869ed845f8d4b436ffe778adc0e9ab253e53f0f2.sol:835:33: Warning: Function declared as view, but this expression (potentially) modifies the state and thus requires non-payable (the default) or payable.
        PledgeAdmin storage m = findAdmin(projectId);
                                ^------------------^
/sb/0x869ed845f8d4b436ffe778adc0e9ab253e53f0f2.sol:849:28: Warning: Function declared as view, but this expression (potentially) modifies the state and thus requires non-payable (the default) or payable.
        Pledge storage p = findPledge(idPledge);
                           ^------------------^
/sb/0x869ed845f8d4b436ffe778adc0e9ab253e53f0f2.sol:850:37: Warning: Function declared as view, but this expression (potentially) modifies the state and thus requires non-payable (the default) or payable.
        PledgeAdmin storage admin = findAdmin(p.owner);
                                    ^----------------^
/sb/0x869ed845f8d4b436ffe778adc0e9ab253e53f0f2.sol:890:5: Warning: Function state mutability can be restricted to view
    function getCodeHash(address addr) public returns(bytes32) {
    ^ (Relevant source part starts here and spans across multiple lines).
/sb/0x869ed845f8d4b436ffe778adc0e9ab253e53f0f2.sol:1712:5: Warning: Function state mutability can be restricted to view
    function getTime() internal returns (uint) {
    ^ (Relevant source part starts here and spans across multiple lines).
/sb/0x869ed845f8d4b436ffe778adc0e9ab253e53f0f2.sol:2391:5: Warning: Function state mutability can be restricted to view
    function beforeTransfer(
    ^ (Relevant source part starts here and spans across multiple lines).


MiniMeToken.claimTokens(address) (../sb/0x869ed845f8d4b436ffe778adc0e9ab253e53f0f2.sol#2265-2275) ignores return value by token.transfer(controller,balance) (../sb/0x869ed845f8d4b436ffe778adc0e9ab253e53f0f2.sol#2273)
Reference: https://github.com/crytic/slither/wiki/Detector-Documentation#unchecked-transfer

MiniMeToken.isContract(address) (../sb/0x869ed845f8d4b436ffe778adc0e9ab253e53f0f2.sol#2235-2242) is declared view but contains assembly code
Reference: https://github.com/crytic/slither/wiki/Detector-Documentation#constant-functions-using-assembly-code

LiquidPledging.callPluginsPledge(bool,uint64,uint64,uint64,uint256) (../sb/0x869ed845f8d4b436ffe778adc0e9ab253e53f0f2.sol#1621-1669) uses a dangerous strict equality:
	- idPledge == fromPledge (../sb/0x869ed845f8d4b436ffe778adc0e9ab253e53f0f2.sol#1630)
LiquidPledging.doTransfer(uint64,uint64,uint256) (../sb/0x869ed845f8d4b436ffe778adc0e9ab253e53f0f2.sol#1478-1494) uses a dangerous strict equality:
	- from == to (../sb/0x869ed845f8d4b436ffe778adc0e9ab253e53f0f2.sol#1480)
LiquidPledging.doTransfer(uint64,uint64,uint256) (../sb/0x869ed845f8d4b436ffe778adc0e9ab253e53f0f2.sol#1478-1494) uses a dangerous strict equality:
	- amount == 0 (../sb/0x869ed845f8d4b436ffe778adc0e9ab253e53f0f2.sol#1483)
LiquidPledgingBase.getOldestPledgeNotCanceled(uint64) (../sb/0x869ed845f8d4b436ffe778adc0e9ab253e53f0f2.sol#846-858) uses a dangerous strict equality:
	- idPledge == 0 (../sb/0x869ed845f8d4b436ffe778adc0e9ab253e53f0f2.sol#848)
Reference: https://github.com/crytic/slither/wiki/Detector-Documentation#dangerous-strict-equalities

Reentrancy in LPPDacs.afterTransfer(uint64,uint64,uint64,uint64,uint256) (../sb/0x869ed845f8d4b436ffe778adc0e9ab253e53f0f2.sol#2406-2453):
	External calls:
	- (None,toOwner,None,toIntendedProject,None,None,toPledgeState) = liquidPledging.getPledge(pledgeTo) (../sb/0x869ed845f8d4b436ffe778adc0e9ab253e53f0f2.sol#2415)
	- (None,fromOwner,None,None,None,None,None) = liquidPledging.getPledge(pledgeFrom) (../sb/0x869ed845f8d4b436ffe778adc0e9ab253e53f0f2.sol#2416)
	- (toAdminType,toAddr,None,None,None,None,None,None) = liquidPledging.getPledgeAdmin(toOwner) (../sb/0x869ed845f8d4b436ffe778adc0e9ab253e53f0f2.sol#2417)
	- (idDelegate,None,None) = liquidPledging.getPledgeDelegate(pledgeFrom,1) (../sb/0x869ed845f8d4b436ffe778adc0e9ab253e53f0f2.sol#2428)
	- (None,fromAddr,None,None,None,None,None,None) = liquidPledging.getPledgeAdmin(fromOwner) (../sb/0x869ed845f8d4b436ffe778adc0e9ab253e53f0f2.sol#2433)
	- d.token.generateTokens(fromAddr,amount) (../sb/0x869ed845f8d4b436ffe778adc0e9ab253e53f0f2.sol#2435)
	- (context == TO_FIRST_DELEGATE) && liquidPledging.isProjectCanceled(fromOwner) (../sb/0x869ed845f8d4b436ffe778adc0e9ab253e53f0f2.sol#2441-2442)
	- (idDelegate,None,None) = liquidPledging.getPledgeDelegate(pledgeTo,1) (../sb/0x869ed845f8d4b436ffe778adc0e9ab253e53f0f2.sol#2443)
	State variables written after the call(s):
	- d = dacs[idDelegate] (../sb/0x869ed845f8d4b436ffe778adc0e9ab253e53f0f2.sol#2444)
	LPPDacs.dacs (../sb/0x869ed845f8d4b436ffe778adc0e9ab253e53f0f2.sol#2370) can be used in cross function reentrancies:
	- LPPDacs.addDac(string,string,uint64,MiniMeToken) (../sb/0x869ed845f8d4b436ffe778adc0e9ab253e53f0f2.sol#2478-2493)
	- LPPDacs.addDac(string,string,uint64,string,string) (../sb/0x869ed845f8d4b436ffe778adc0e9ab253e53f0f2.sol#2457-2476)
	- LPPDacs.afterTransfer(uint64,uint64,uint64,uint64,uint256) (../sb/0x869ed845f8d4b436ffe778adc0e9ab253e53f0f2.sol#2406-2453)
	- LPPDacs.getDac(uint64) (../sb/0x869ed845f8d4b436ffe778adc0e9ab253e53f0f2.sol#2513-2521)
	- LPPDacs.transfer(uint64,uint64,uint256,uint64) (../sb/0x869ed845f8d4b436ffe778adc0e9ab253e53f0f2.sol#2495-2511)
Reentrancy in MiniMeToken.approve(address,uint256) (../sb/0x869ed845f8d4b436ffe778adc0e9ab253e53f0f2.sol#1986-2003):
	External calls:
	- require(bool)(TokenController(controller).onApprove(msg.sender,_spender,_amount)) (../sb/0x869ed845f8d4b436ffe778adc0e9ab253e53f0f2.sol#1997)
	State variables written after the call(s):
	- allowed[msg.sender][_spender] = _amount (../sb/0x869ed845f8d4b436ffe778adc0e9ab253e53f0f2.sol#2000)
	MiniMeToken.allowed (../sb/0x869ed845f8d4b436ffe778adc0e9ab253e53f0f2.sol#1844) can be used in cross function reentrancies:
	- MiniMeToken.allowance(address,address) (../sb/0x869ed845f8d4b436ffe778adc0e9ab253e53f0f2.sol#2010-2013)
	- MiniMeToken.approve(address,uint256) (../sb/0x869ed845f8d4b436ffe778adc0e9ab253e53f0f2.sol#1986-2003)
	- MiniMeToken.transferFrom(address,address,uint256) (../sb/0x869ed845f8d4b436ffe778adc0e9ab253e53f0f2.sol#1911-1926)
Reentrancy in LiquidPledging.transfer(uint64,uint64,uint256,uint64) (../sb/0x869ed845f8d4b436ffe778adc0e9ab253e53f0f2.sol#1005-1129):
	External calls:
	- idPledge = normalizePledge(idPledge) (../sb/0x869ed845f8d4b436ffe778adc0e9ab253e53f0f2.sol#1012)
		- newAmount = admin.plugin.beforeTransfer(adminId,fromPledge,toPledge,context,amount) (../sb/0x869ed845f8d4b436ffe778adc0e9ab253e53f0f2.sol#1589-1595)
		- admin.plugin.afterTransfer(adminId,fromPledge,toPledge,context,amount) (../sb/0x869ed845f8d4b436ffe778adc0e9ab253e53f0f2.sol#1599-1605)
	- transferOwnershipToGiver(idPledge,amount,idReceiver) (../sb/0x869ed845f8d4b436ffe778adc0e9ab253e53f0f2.sol#1025)
		- newAmount = admin.plugin.beforeTransfer(adminId,fromPledge,toPledge,context,amount) (../sb/0x869ed845f8d4b436ffe778adc0e9ab253e53f0f2.sol#1589-1595)
		- admin.plugin.afterTransfer(adminId,fromPledge,toPledge,context,amount) (../sb/0x869ed845f8d4b436ffe778adc0e9ab253e53f0f2.sol#1599-1605)
	State variables written after the call(s):
	- transferOwnershipToGiver(idPledge,amount,idReceiver) (../sb/0x869ed845f8d4b436ffe778adc0e9ab253e53f0f2.sol#1025)
		- hPledge2idx[hPledge] = idx (../sb/0x869ed845f8d4b436ffe778adc0e9ab253e53f0f2.sol#754)
	LiquidPledgingBase.hPledge2idx (../sb/0x869ed845f8d4b436ffe778adc0e9ab253e53f0f2.sol#388) can be used in cross function reentrancies:
	- LiquidPledgingBase.findOrCreatePledge(uint64,uint64[],uint64,uint64,uint64,LiquidPledgingBase.PledgeState) (../sb/0x869ed845f8d4b436ffe778adc0e9ab253e53f0f2.sol#740-758)
	- transferOwnershipToGiver(idPledge,amount,idReceiver) (../sb/0x869ed845f8d4b436ffe778adc0e9ab253e53f0f2.sol#1025)
		- pledges.push(Pledge(0,owner,delegationChain,intendedProject,commitTime,oldPledge,state)) (../sb/0x869ed845f8d4b436ffe778adc0e9ab253e53f0f2.sol#755-756)
	LiquidPledgingBase.pledges (../sb/0x869ed845f8d4b436ffe778adc0e9ab253e53f0f2.sol#382) can be used in cross function reentrancies:
	- LiquidPledgingBase.LiquidPledgingBase(address,address,address) (../sb/0x869ed845f8d4b436ffe778adc0e9ab253e53f0f2.sol#412-420)
	- LiquidPledgingBase.LiquidPledgingBase(address,address,address) (../sb/0x869ed845f8d4b436ffe778adc0e9ab253e53f0f2.sol#412-420)
	- LiquidPledgingBase.findOrCreatePledge(uint64,uint64[],uint64,uint64,uint64,LiquidPledgingBase.PledgeState) (../sb/0x869ed845f8d4b436ffe778adc0e9ab253e53f0f2.sol#740-758)
	- LiquidPledgingBase.findPledge(uint64) (../sb/0x869ed845f8d4b436ffe778adc0e9ab253e53f0f2.sol#771-774)
	- LiquidPledgingBase.numberOfPledges() (../sb/0x869ed845f8d4b436ffe778adc0e9ab253e53f0f2.sol#637-639)
Reentrancy in LiquidPledging.transfer(uint64,uint64,uint256,uint64) (../sb/0x869ed845f8d4b436ffe778adc0e9ab253e53f0f2.sol#1005-1129):
	External calls:
	- idPledge = normalizePledge(idPledge) (../sb/0x869ed845f8d4b436ffe778adc0e9ab253e53f0f2.sol#1012)
		- newAmount = admin.plugin.beforeTransfer(adminId,fromPledge,toPledge,context,amount) (../sb/0x869ed845f8d4b436ffe778adc0e9ab253e53f0f2.sol#1589-1595)
		- admin.plugin.afterTransfer(adminId,fromPledge,toPledge,context,amount) (../sb/0x869ed845f8d4b436ffe778adc0e9ab253e53f0f2.sol#1599-1605)
	- transferOwnershipToProject(idPledge,amount,idReceiver) (../sb/0x869ed845f8d4b436ffe778adc0e9ab253e53f0f2.sol#1027)
		- newAmount = admin.plugin.beforeTransfer(adminId,fromPledge,toPledge,context,amount) (../sb/0x869ed845f8d4b436ffe778adc0e9ab253e53f0f2.sol#1589-1595)
		- admin.plugin.afterTransfer(adminId,fromPledge,toPledge,context,amount) (../sb/0x869ed845f8d4b436ffe778adc0e9ab253e53f0f2.sol#1599-1605)
	State variables written after the call(s):
	- transferOwnershipToProject(idPledge,amount,idReceiver) (../sb/0x869ed845f8d4b436ffe778adc0e9ab253e53f0f2.sol#1027)
		- hPledge2idx[hPledge] = idx (../sb/0x869ed845f8d4b436ffe778adc0e9ab253e53f0f2.sol#754)
	LiquidPledgingBase.hPledge2idx (../sb/0x869ed845f8d4b436ffe778adc0e9ab253e53f0f2.sol#388) can be used in cross function reentrancies:
	- LiquidPledgingBase.findOrCreatePledge(uint64,uint64[],uint64,uint64,uint64,LiquidPledgingBase.PledgeState) (../sb/0x869ed845f8d4b436ffe778adc0e9ab253e53f0f2.sol#740-758)
	- transferOwnershipToProject(idPledge,amount,idReceiver) (../sb/0x869ed845f8d4b436ffe778adc0e9ab253e53f0f2.sol#1027)
		- pledges.push(Pledge(0,owner,delegationChain,intendedProject,commitTime,oldPledge,state)) (../sb/0x869ed845f8d4b436ffe778adc0e9ab253e53f0f2.sol#755-756)
	LiquidPledgingBase.pledges (../sb/0x869ed845f8d4b436ffe778adc0e9ab253e53f0f2.sol#382) can be used in cross function reentrancies:
	- LiquidPledgingBase.LiquidPledgingBase(address,address,address) (../sb/0x869ed845f8d4b436ffe778adc0e9ab253e53f0f2.sol#412-420)
	- LiquidPledgingBase.LiquidPledgingBase(address,address,address) (../sb/0x869ed845f8d4b436ffe778adc0e9ab253e53f0f2.sol#412-420)
	- LiquidPledgingBase.findOrCreatePledge(uint64,uint64[],uint64,uint64,uint64,LiquidPledgingBase.PledgeState) (../sb/0x869ed845f8d4b436ffe778adc0e9ab253e53f0f2.sol#740-758)
	- LiquidPledgingBase.findPledge(uint64) (../sb/0x869ed845f8d4b436ffe778adc0e9ab253e53f0f2.sol#771-774)
	- LiquidPledgingBase.numberOfPledges() (../sb/0x869ed845f8d4b436ffe778adc0e9ab253e53f0f2.sol#637-639)
Reentrancy in LiquidPledging.transfer(uint64,uint64,uint256,uint64) (../sb/0x869ed845f8d4b436ffe778adc0e9ab253e53f0f2.sol#1005-1129):
	External calls:
	- idPledge = normalizePledge(idPledge) (../sb/0x869ed845f8d4b436ffe778adc0e9ab253e53f0f2.sol#1012)
		- newAmount = admin.plugin.beforeTransfer(adminId,fromPledge,toPledge,context,amount) (../sb/0x869ed845f8d4b436ffe778adc0e9ab253e53f0f2.sol#1589-1595)
		- admin.plugin.afterTransfer(adminId,fromPledge,toPledge,context,amount) (../sb/0x869ed845f8d4b436ffe778adc0e9ab253e53f0f2.sol#1599-1605)
	State variables written after the call(s):
	- toPledge = findOrCreatePledge(p.owner,p.delegationChain,0,0,p.oldPledge,PledgeState.Pledged) (../sb/0x869ed845f8d4b436ffe778adc0e9ab253e53f0f2.sol#1037-1043)
		- hPledge2idx[hPledge] = idx (../sb/0x869ed845f8d4b436ffe778adc0e9ab253e53f0f2.sol#754)
	LiquidPledgingBase.hPledge2idx (../sb/0x869ed845f8d4b436ffe778adc0e9ab253e53f0f2.sol#388) can be used in cross function reentrancies:
	- LiquidPledgingBase.findOrCreatePledge(uint64,uint64[],uint64,uint64,uint64,LiquidPledgingBase.PledgeState) (../sb/0x869ed845f8d4b436ffe778adc0e9ab253e53f0f2.sol#740-758)
	- toPledge = findOrCreatePledge(p.owner,p.delegationChain,0,0,p.oldPledge,PledgeState.Pledged) (../sb/0x869ed845f8d4b436ffe778adc0e9ab253e53f0f2.sol#1037-1043)
		- pledges.push(Pledge(0,owner,delegationChain,intendedProject,commitTime,oldPledge,state)) (../sb/0x869ed845f8d4b436ffe778adc0e9ab253e53f0f2.sol#755-756)
	LiquidPledgingBase.pledges (../sb/0x869ed845f8d4b436ffe778adc0e9ab253e53f0f2.sol#382) can be used in cross function reentrancies:
	- LiquidPledgingBase.LiquidPledgingBase(address,address,address) (../sb/0x869ed845f8d4b436ffe778adc0e9ab253e53f0f2.sol#412-420)
	- LiquidPledgingBase.LiquidPledgingBase(address,address,address) (../sb/0x869ed845f8d4b436ffe778adc0e9ab253e53f0f2.sol#412-420)
	- LiquidPledgingBase.findOrCreatePledge(uint64,uint64[],uint64,uint64,uint64,LiquidPledgingBase.PledgeState) (../sb/0x869ed845f8d4b436ffe778adc0e9ab253e53f0f2.sol#740-758)
	- LiquidPledgingBase.findPledge(uint64) (../sb/0x869ed845f8d4b436ffe778adc0e9ab253e53f0f2.sol#771-774)
	- LiquidPledgingBase.numberOfPledges() (../sb/0x869ed845f8d4b436ffe778adc0e9ab253e53f0f2.sol#637-639)
Reentrancy in LiquidPledging.transfer(uint64,uint64,uint256,uint64) (../sb/0x869ed845f8d4b436ffe778adc0e9ab253e53f0f2.sol#1005-1129):
	External calls:
	- idPledge = normalizePledge(idPledge) (../sb/0x869ed845f8d4b436ffe778adc0e9ab253e53f0f2.sol#1012)
		- newAmount = admin.plugin.beforeTransfer(adminId,fromPledge,toPledge,context,amount) (../sb/0x869ed845f8d4b436ffe778adc0e9ab253e53f0f2.sol#1589-1595)
		- admin.plugin.afterTransfer(adminId,fromPledge,toPledge,context,amount) (../sb/0x869ed845f8d4b436ffe778adc0e9ab253e53f0f2.sol#1599-1605)
	- undelegate(idPledge,amount,p.delegationChain.length - receiverDIdx - 1) (../sb/0x869ed845f8d4b436ffe778adc0e9ab253e53f0f2.sol#1046)
		- newAmount = admin.plugin.beforeTransfer(adminId,fromPledge,toPledge,context,amount) (../sb/0x869ed845f8d4b436ffe778adc0e9ab253e53f0f2.sol#1589-1595)
		- admin.plugin.afterTransfer(adminId,fromPledge,toPledge,context,amount) (../sb/0x869ed845f8d4b436ffe778adc0e9ab253e53f0f2.sol#1599-1605)
	State variables written after the call(s):
	- undelegate(idPledge,amount,p.delegationChain.length - receiverDIdx - 1) (../sb/0x869ed845f8d4b436ffe778adc0e9ab253e53f0f2.sol#1046)
		- hPledge2idx[hPledge] = idx (../sb/0x869ed845f8d4b436ffe778adc0e9ab253e53f0f2.sol#754)
	LiquidPledgingBase.hPledge2idx (../sb/0x869ed845f8d4b436ffe778adc0e9ab253e53f0f2.sol#388) can be used in cross function reentrancies:
	- LiquidPledgingBase.findOrCreatePledge(uint64,uint64[],uint64,uint64,uint64,LiquidPledgingBase.PledgeState) (../sb/0x869ed845f8d4b436ffe778adc0e9ab253e53f0f2.sol#740-758)
	- undelegate(idPledge,amount,p.delegationChain.length - receiverDIdx - 1) (../sb/0x869ed845f8d4b436ffe778adc0e9ab253e53f0f2.sol#1046)
		- pledges.push(Pledge(0,owner,delegationChain,intendedProject,commitTime,oldPledge,state)) (../sb/0x869ed845f8d4b436ffe778adc0e9ab253e53f0f2.sol#755-756)
	LiquidPledgingBase.pledges (../sb/0x869ed845f8d4b436ffe778adc0e9ab253e53f0f2.sol#382) can be used in cross function reentrancies:
	- LiquidPledgingBase.LiquidPledgingBase(address,address,address) (../sb/0x869ed845f8d4b436ffe778adc0e9ab253e53f0f2.sol#412-420)
	- LiquidPledgingBase.LiquidPledgingBase(address,address,address) (../sb/0x869ed845f8d4b436ffe778adc0e9ab253e53f0f2.sol#412-420)
	- LiquidPledgingBase.findOrCreatePledge(uint64,uint64[],uint64,uint64,uint64,LiquidPledgingBase.PledgeState) (../sb/0x869ed845f8d4b436ffe778adc0e9ab253e53f0f2.sol#740-758)
	- LiquidPledgingBase.findPledge(uint64) (../sb/0x869ed845f8d4b436ffe778adc0e9ab253e53f0f2.sol#771-774)
	- LiquidPledgingBase.numberOfPledges() (../sb/0x869ed845f8d4b436ffe778adc0e9ab253e53f0f2.sol#637-639)
Reentrancy in LiquidPledging.transfer(uint64,uint64,uint256,uint64) (../sb/0x869ed845f8d4b436ffe778adc0e9ab253e53f0f2.sol#1005-1129):
	External calls:
	- idPledge = normalizePledge(idPledge) (../sb/0x869ed845f8d4b436ffe778adc0e9ab253e53f0f2.sol#1012)
		- newAmount = admin.plugin.beforeTransfer(adminId,fromPledge,toPledge,context,amount) (../sb/0x869ed845f8d4b436ffe778adc0e9ab253e53f0f2.sol#1589-1595)
		- admin.plugin.afterTransfer(adminId,fromPledge,toPledge,context,amount) (../sb/0x869ed845f8d4b436ffe778adc0e9ab253e53f0f2.sol#1599-1605)
	- idPledge = undelegate(idPledge,amount,p.delegationChain.length) (../sb/0x869ed845f8d4b436ffe778adc0e9ab253e53f0f2.sol#1051-1055)
		- newAmount = admin.plugin.beforeTransfer(adminId,fromPledge,toPledge,context,amount) (../sb/0x869ed845f8d4b436ffe778adc0e9ab253e53f0f2.sol#1589-1595)
		- admin.plugin.afterTransfer(adminId,fromPledge,toPledge,context,amount) (../sb/0x869ed845f8d4b436ffe778adc0e9ab253e53f0f2.sol#1599-1605)
	State variables written after the call(s):
	- idPledge = undelegate(idPledge,amount,p.delegationChain.length) (../sb/0x869ed845f8d4b436ffe778adc0e9ab253e53f0f2.sol#1051-1055)
		- hPledge2idx[hPledge] = idx (../sb/0x869ed845f8d4b436ffe778adc0e9ab253e53f0f2.sol#754)
	LiquidPledgingBase.hPledge2idx (../sb/0x869ed845f8d4b436ffe778adc0e9ab253e53f0f2.sol#388) can be used in cross function reentrancies:
	- LiquidPledgingBase.findOrCreatePledge(uint64,uint64[],uint64,uint64,uint64,LiquidPledgingBase.PledgeState) (../sb/0x869ed845f8d4b436ffe778adc0e9ab253e53f0f2.sol#740-758)
	- idPledge = undelegate(idPledge,amount,p.delegationChain.length) (../sb/0x869ed845f8d4b436ffe778adc0e9ab253e53f0f2.sol#1051-1055)
		- pledges.push(Pledge(0,owner,delegationChain,intendedProject,commitTime,oldPledge,state)) (../sb/0x869ed845f8d4b436ffe778adc0e9ab253e53f0f2.sol#755-756)
	LiquidPledgingBase.pledges (../sb/0x869ed845f8d4b436ffe778adc0e9ab253e53f0f2.sol#382) can be used in cross function reentrancies:
	- LiquidPledgingBase.LiquidPledgingBase(address,address,address) (../sb/0x869ed845f8d4b436ffe778adc0e9ab253e53f0f2.sol#412-420)
	- LiquidPledgingBase.LiquidPledgingBase(address,address,address) (../sb/0x869ed845f8d4b436ffe778adc0e9ab253e53f0f2.sol#412-420)
	- LiquidPledgingBase.findOrCreatePledge(uint64,uint64[],uint64,uint64,uint64,LiquidPledgingBase.PledgeState) (../sb/0x869ed845f8d4b436ffe778adc0e9ab253e53f0f2.sol#740-758)
	- LiquidPledgingBase.findPledge(uint64) (../sb/0x869ed845f8d4b436ffe778adc0e9ab253e53f0f2.sol#771-774)
	- LiquidPledgingBase.numberOfPledges() (../sb/0x869ed845f8d4b436ffe778adc0e9ab253e53f0f2.sol#637-639)
Reentrancy in LiquidPledging.transfer(uint64,uint64,uint256,uint64) (../sb/0x869ed845f8d4b436ffe778adc0e9ab253e53f0f2.sol#1005-1129):
	External calls:
	- idPledge = normalizePledge(idPledge) (../sb/0x869ed845f8d4b436ffe778adc0e9ab253e53f0f2.sol#1012)
		- newAmount = admin.plugin.beforeTransfer(adminId,fromPledge,toPledge,context,amount) (../sb/0x869ed845f8d4b436ffe778adc0e9ab253e53f0f2.sol#1589-1595)
		- admin.plugin.afterTransfer(adminId,fromPledge,toPledge,context,amount) (../sb/0x869ed845f8d4b436ffe778adc0e9ab253e53f0f2.sol#1599-1605)
	- idPledge = undelegate(idPledge,amount,p.delegationChain.length) (../sb/0x869ed845f8d4b436ffe778adc0e9ab253e53f0f2.sol#1051-1055)
		- newAmount = admin.plugin.beforeTransfer(adminId,fromPledge,toPledge,context,amount) (../sb/0x869ed845f8d4b436ffe778adc0e9ab253e53f0f2.sol#1589-1595)
		- admin.plugin.afterTransfer(adminId,fromPledge,toPledge,context,amount) (../sb/0x869ed845f8d4b436ffe778adc0e9ab253e53f0f2.sol#1599-1605)
	- appendDelegate(idPledge,amount,idReceiver) (../sb/0x869ed845f8d4b436ffe778adc0e9ab253e53f0f2.sol#1056)
		- newAmount = admin.plugin.beforeTransfer(adminId,fromPledge,toPledge,context,amount) (../sb/0x869ed845f8d4b436ffe778adc0e9ab253e53f0f2.sol#1589-1595)
		- admin.plugin.afterTransfer(adminId,fromPledge,toPledge,context,amount) (../sb/0x869ed845f8d4b436ffe778adc0e9ab253e53f0f2.sol#1599-1605)
	State variables written after the call(s):
	- appendDelegate(idPledge,amount,idReceiver) (../sb/0x869ed845f8d4b436ffe778adc0e9ab253e53f0f2.sol#1056)
		- hPledge2idx[hPledge] = idx (../sb/0x869ed845f8d4b436ffe778adc0e9ab253e53f0f2.sol#754)
	LiquidPledgingBase.hPledge2idx (../sb/0x869ed845f8d4b436ffe778adc0e9ab253e53f0f2.sol#388) can be used in cross function reentrancies:
	- LiquidPledgingBase.findOrCreatePledge(uint64,uint64[],uint64,uint64,uint64,LiquidPledgingBase.PledgeState) (../sb/0x869ed845f8d4b436ffe778adc0e9ab253e53f0f2.sol#740-758)
	- appendDelegate(idPledge,amount,idReceiver) (../sb/0x869ed845f8d4b436ffe778adc0e9ab253e53f0f2.sol#1056)
		- pledges.push(Pledge(0,owner,delegationChain,intendedProject,commitTime,oldPledge,state)) (../sb/0x869ed845f8d4b436ffe778adc0e9ab253e53f0f2.sol#755-756)
	LiquidPledgingBase.pledges (../sb/0x869ed845f8d4b436ffe778adc0e9ab253e53f0f2.sol#382) can be used in cross function reentrancies:
	- LiquidPledgingBase.LiquidPledgingBase(address,address,address) (../sb/0x869ed845f8d4b436ffe778adc0e9ab253e53f0f2.sol#412-420)
	- LiquidPledgingBase.LiquidPledgingBase(address,address,address) (../sb/0x869ed845f8d4b436ffe778adc0e9ab253e53f0f2.sol#412-420)
	- LiquidPledgingBase.findOrCreatePledge(uint64,uint64[],uint64,uint64,uint64,LiquidPledgingBase.PledgeState) (../sb/0x869ed845f8d4b436ffe778adc0e9ab253e53f0f2.sol#740-758)
	- LiquidPledgingBase.findPledge(uint64) (../sb/0x869ed845f8d4b436ffe778adc0e9ab253e53f0f2.sol#771-774)
	- LiquidPledgingBase.numberOfPledges() (../sb/0x869ed845f8d4b436ffe778adc0e9ab253e53f0f2.sol#637-639)
Reentrancy in LiquidPledging.transfer(uint64,uint64,uint256,uint64) (../sb/0x869ed845f8d4b436ffe778adc0e9ab253e53f0f2.sol#1005-1129):
	External calls:
	- idPledge = normalizePledge(idPledge) (../sb/0x869ed845f8d4b436ffe778adc0e9ab253e53f0f2.sol#1012)
		- newAmount = admin.plugin.beforeTransfer(adminId,fromPledge,toPledge,context,amount) (../sb/0x869ed845f8d4b436ffe778adc0e9ab253e53f0f2.sol#1589-1595)
		- admin.plugin.afterTransfer(adminId,fromPledge,toPledge,context,amount) (../sb/0x869ed845f8d4b436ffe778adc0e9ab253e53f0f2.sol#1599-1605)
	- undelegate(idPledge,amount,p.delegationChain.length) (../sb/0x869ed845f8d4b436ffe778adc0e9ab253e53f0f2.sol#1075)
		- newAmount = admin.plugin.beforeTransfer(adminId,fromPledge,toPledge,context,amount) (../sb/0x869ed845f8d4b436ffe778adc0e9ab253e53f0f2.sol#1589-1595)
		- admin.plugin.afterTransfer(adminId,fromPledge,toPledge,context,amount) (../sb/0x869ed845f8d4b436ffe778adc0e9ab253e53f0f2.sol#1599-1605)
	State variables written after the call(s):
	- undelegate(idPledge,amount,p.delegationChain.length) (../sb/0x869ed845f8d4b436ffe778adc0e9ab253e53f0f2.sol#1075)
		- hPledge2idx[hPledge] = idx (../sb/0x869ed845f8d4b436ffe778adc0e9ab253e53f0f2.sol#754)
	LiquidPledgingBase.hPledge2idx (../sb/0x869ed845f8d4b436ffe778adc0e9ab253e53f0f2.sol#388) can be used in cross function reentrancies:
	- LiquidPledgingBase.findOrCreatePledge(uint64,uint64[],uint64,uint64,uint64,LiquidPledgingBase.PledgeState) (../sb/0x869ed845f8d4b436ffe778adc0e9ab253e53f0f2.sol#740-758)
	- undelegate(idPledge,amount,p.delegationChain.length) (../sb/0x869ed845f8d4b436ffe778adc0e9ab253e53f0f2.sol#1075)
		- pledges.push(Pledge(0,owner,delegationChain,intendedProject,commitTime,oldPledge,state)) (../sb/0x869ed845f8d4b436ffe778adc0e9ab253e53f0f2.sol#755-756)
	LiquidPledgingBase.pledges (../sb/0x869ed845f8d4b436ffe778adc0e9ab253e53f0f2.sol#382) can be used in cross function reentrancies:
	- LiquidPledgingBase.LiquidPledgingBase(address,address,address) (../sb/0x869ed845f8d4b436ffe778adc0e9ab253e53f0f2.sol#412-420)
	- LiquidPledgingBase.LiquidPledgingBase(address,address,address) (../sb/0x869ed845f8d4b436ffe778adc0e9ab253e53f0f2.sol#412-420)
	- LiquidPledgingBase.findOrCreatePledge(uint64,uint64[],uint64,uint64,uint64,LiquidPledgingBase.PledgeState) (../sb/0x869ed845f8d4b436ffe778adc0e9ab253e53f0f2.sol#740-758)
	- LiquidPledgingBase.findPledge(uint64) (../sb/0x869ed845f8d4b436ffe778adc0e9ab253e53f0f2.sol#771-774)
	- LiquidPledgingBase.numberOfPledges() (../sb/0x869ed845f8d4b436ffe778adc0e9ab253e53f0f2.sol#637-639)
Reentrancy in LiquidPledging.transfer(uint64,uint64,uint256,uint64) (../sb/0x869ed845f8d4b436ffe778adc0e9ab253e53f0f2.sol#1005-1129):
	External calls:
	- idPledge = normalizePledge(idPledge) (../sb/0x869ed845f8d4b436ffe778adc0e9ab253e53f0f2.sol#1012)
		- newAmount = admin.plugin.beforeTransfer(adminId,fromPledge,toPledge,context,amount) (../sb/0x869ed845f8d4b436ffe778adc0e9ab253e53f0f2.sol#1589-1595)
		- admin.plugin.afterTransfer(adminId,fromPledge,toPledge,context,amount) (../sb/0x869ed845f8d4b436ffe778adc0e9ab253e53f0f2.sol#1599-1605)
	- idPledge = undelegate(idPledge,amount,p.delegationChain.length - senderDIdx - 1) (../sb/0x869ed845f8d4b436ffe778adc0e9ab253e53f0f2.sol#1085-1089)
		- newAmount = admin.plugin.beforeTransfer(adminId,fromPledge,toPledge,context,amount) (../sb/0x869ed845f8d4b436ffe778adc0e9ab253e53f0f2.sol#1589-1595)
		- admin.plugin.afterTransfer(adminId,fromPledge,toPledge,context,amount) (../sb/0x869ed845f8d4b436ffe778adc0e9ab253e53f0f2.sol#1599-1605)
	State variables written after the call(s):
	- idPledge = undelegate(idPledge,amount,p.delegationChain.length - senderDIdx - 1) (../sb/0x869ed845f8d4b436ffe778adc0e9ab253e53f0f2.sol#1085-1089)
		- hPledge2idx[hPledge] = idx (../sb/0x869ed845f8d4b436ffe778adc0e9ab253e53f0f2.sol#754)
	LiquidPledgingBase.hPledge2idx (../sb/0x869ed845f8d4b436ffe778adc0e9ab253e53f0f2.sol#388) can be used in cross function reentrancies:
	- LiquidPledgingBase.findOrCreatePledge(uint64,uint64[],uint64,uint64,uint64,LiquidPledgingBase.PledgeState) (../sb/0x869ed845f8d4b436ffe778adc0e9ab253e53f0f2.sol#740-758)
	- idPledge = undelegate(idPledge,amount,p.delegationChain.length - senderDIdx - 1) (../sb/0x869ed845f8d4b436ffe778adc0e9ab253e53f0f2.sol#1085-1089)
		- pledges.push(Pledge(0,owner,delegationChain,intendedProject,commitTime,oldPledge,state)) (../sb/0x869ed845f8d4b436ffe778adc0e9ab253e53f0f2.sol#755-756)
	LiquidPledgingBase.pledges (../sb/0x869ed845f8d4b436ffe778adc0e9ab253e53f0f2.sol#382) can be used in cross function reentrancies:
	- LiquidPledgingBase.LiquidPledgingBase(address,address,address) (../sb/0x869ed845f8d4b436ffe778adc0e9ab253e53f0f2.sol#412-420)
	- LiquidPledgingBase.LiquidPledgingBase(address,address,address) (../sb/0x869ed845f8d4b436ffe778adc0e9ab253e53f0f2.sol#412-420)
	- LiquidPledgingBase.findOrCreatePledge(uint64,uint64[],uint64,uint64,uint64,LiquidPledgingBase.PledgeState) (../sb/0x869ed845f8d4b436ffe778adc0e9ab253e53f0f2.sol#740-758)
	- LiquidPledgingBase.findPledge(uint64) (../sb/0x869ed845f8d4b436ffe778adc0e9ab253e53f0f2.sol#771-774)
	- LiquidPledgingBase.numberOfPledges() (../sb/0x869ed845f8d4b436ffe778adc0e9ab253e53f0f2.sol#637-639)
Reentrancy in LiquidPledging.transfer(uint64,uint64,uint256,uint64) (../sb/0x869ed845f8d4b436ffe778adc0e9ab253e53f0f2.sol#1005-1129):
	External calls:
	- idPledge = normalizePledge(idPledge) (../sb/0x869ed845f8d4b436ffe778adc0e9ab253e53f0f2.sol#1012)
		- newAmount = admin.plugin.beforeTransfer(adminId,fromPledge,toPledge,context,amount) (../sb/0x869ed845f8d4b436ffe778adc0e9ab253e53f0f2.sol#1589-1595)
		- admin.plugin.afterTransfer(adminId,fromPledge,toPledge,context,amount) (../sb/0x869ed845f8d4b436ffe778adc0e9ab253e53f0f2.sol#1599-1605)
	- idPledge = undelegate(idPledge,amount,p.delegationChain.length - senderDIdx - 1) (../sb/0x869ed845f8d4b436ffe778adc0e9ab253e53f0f2.sol#1085-1089)
		- newAmount = admin.plugin.beforeTransfer(adminId,fromPledge,toPledge,context,amount) (../sb/0x869ed845f8d4b436ffe778adc0e9ab253e53f0f2.sol#1589-1595)
		- admin.plugin.afterTransfer(adminId,fromPledge,toPledge,context,amount) (../sb/0x869ed845f8d4b436ffe778adc0e9ab253e53f0f2.sol#1599-1605)
	- appendDelegate(idPledge,amount,idReceiver) (../sb/0x869ed845f8d4b436ffe778adc0e9ab253e53f0f2.sol#1090)
		- newAmount = admin.plugin.beforeTransfer(adminId,fromPledge,toPledge,context,amount) (../sb/0x869ed845f8d4b436ffe778adc0e9ab253e53f0f2.sol#1589-1595)
		- admin.plugin.afterTransfer(adminId,fromPledge,toPledge,context,amount) (../sb/0x869ed845f8d4b436ffe778adc0e9ab253e53f0f2.sol#1599-1605)
	State variables written after the call(s):
	- appendDelegate(idPledge,amount,idReceiver) (../sb/0x869ed845f8d4b436ffe778adc0e9ab253e53f0f2.sol#1090)
		- hPledge2idx[hPledge] = idx (../sb/0x869ed845f8d4b436ffe778adc0e9ab253e53f0f2.sol#754)
	LiquidPledgingBase.hPledge2idx (../sb/0x869ed845f8d4b436ffe778adc0e9ab253e53f0f2.sol#388) can be used in cross function reentrancies:
	- LiquidPledgingBase.findOrCreatePledge(uint64,uint64[],uint64,uint64,uint64,LiquidPledgingBase.PledgeState) (../sb/0x869ed845f8d4b436ffe778adc0e9ab253e53f0f2.sol#740-758)
	- appendDelegate(idPledge,amount,idReceiver) (../sb/0x869ed845f8d4b436ffe778adc0e9ab253e53f0f2.sol#1090)
		- pledges.push(Pledge(0,owner,delegationChain,intendedProject,commitTime,oldPledge,state)) (../sb/0x869ed845f8d4b436ffe778adc0e9ab253e53f0f2.sol#755-756)
	LiquidPledgingBase.pledges (../sb/0x869ed845f8d4b436ffe778adc0e9ab253e53f0f2.sol#382) can be used in cross function reentrancies:
	- LiquidPledgingBase.LiquidPledgingBase(address,address,address) (../sb/0x869ed845f8d4b436ffe778adc0e9ab253e53f0f2.sol#412-420)
	- LiquidPledgingBase.LiquidPledgingBase(address,address,address) (../sb/0x869ed845f8d4b436ffe778adc0e9ab253e53f0f2.sol#412-420)
	- LiquidPledgingBase.findOrCreatePledge(uint64,uint64[],uint64,uint64,uint64,LiquidPledgingBase.PledgeState) (../sb/0x869ed845f8d4b436ffe778adc0e9ab253e53f0f2.sol#740-758)
	- LiquidPledgingBase.findPledge(uint64) (../sb/0x869ed845f8d4b436ffe778adc0e9ab253e53f0f2.sol#771-774)
	- LiquidPledgingBase.numberOfPledges() (../sb/0x869ed845f8d4b436ffe778adc0e9ab253e53f0f2.sol#637-639)
Reentrancy in LiquidPledging.transfer(uint64,uint64,uint256,uint64) (../sb/0x869ed845f8d4b436ffe778adc0e9ab253e53f0f2.sol#1005-1129):
	External calls:
	- idPledge = normalizePledge(idPledge) (../sb/0x869ed845f8d4b436ffe778adc0e9ab253e53f0f2.sol#1012)
		- newAmount = admin.plugin.beforeTransfer(adminId,fromPledge,toPledge,context,amount) (../sb/0x869ed845f8d4b436ffe778adc0e9ab253e53f0f2.sol#1589-1595)
		- admin.plugin.afterTransfer(adminId,fromPledge,toPledge,context,amount) (../sb/0x869ed845f8d4b436ffe778adc0e9ab253e53f0f2.sol#1599-1605)
	- idPledge = undelegate(idPledge,amount,p.delegationChain.length - senderDIdx - 1) (../sb/0x869ed845f8d4b436ffe778adc0e9ab253e53f0f2.sol#1096-1100)
		- newAmount = admin.plugin.beforeTransfer(adminId,fromPledge,toPledge,context,amount) (../sb/0x869ed845f8d4b436ffe778adc0e9ab253e53f0f2.sol#1589-1595)
		- admin.plugin.afterTransfer(adminId,fromPledge,toPledge,context,amount) (../sb/0x869ed845f8d4b436ffe778adc0e9ab253e53f0f2.sol#1599-1605)
	State variables written after the call(s):
	- idPledge = undelegate(idPledge,amount,p.delegationChain.length - senderDIdx - 1) (../sb/0x869ed845f8d4b436ffe778adc0e9ab253e53f0f2.sol#1096-1100)
		- hPledge2idx[hPledge] = idx (../sb/0x869ed845f8d4b436ffe778adc0e9ab253e53f0f2.sol#754)
	LiquidPledgingBase.hPledge2idx (../sb/0x869ed845f8d4b436ffe778adc0e9ab253e53f0f2.sol#388) can be used in cross function reentrancies:
	- LiquidPledgingBase.findOrCreatePledge(uint64,uint64[],uint64,uint64,uint64,LiquidPledgingBase.PledgeState) (../sb/0x869ed845f8d4b436ffe778adc0e9ab253e53f0f2.sol#740-758)
	- idPledge = undelegate(idPledge,amount,p.delegationChain.length - senderDIdx - 1) (../sb/0x869ed845f8d4b436ffe778adc0e9ab253e53f0f2.sol#1096-1100)
		- pledges.push(Pledge(0,owner,delegationChain,intendedProject,commitTime,oldPledge,state)) (../sb/0x869ed845f8d4b436ffe778adc0e9ab253e53f0f2.sol#755-756)
	LiquidPledgingBase.pledges (../sb/0x869ed845f8d4b436ffe778adc0e9ab253e53f0f2.sol#382) can be used in cross function reentrancies:
	- LiquidPledgingBase.LiquidPledgingBase(address,address,address) (../sb/0x869ed845f8d4b436ffe778adc0e9ab253e53f0f2.sol#412-420)
	- LiquidPledgingBase.LiquidPledgingBase(address,address,address) (../sb/0x869ed845f8d4b436ffe778adc0e9ab253e53f0f2.sol#412-420)
	- LiquidPledgingBase.findOrCreatePledge(uint64,uint64[],uint64,uint64,uint64,LiquidPledgingBase.PledgeState) (../sb/0x869ed845f8d4b436ffe778adc0e9ab253e53f0f2.sol#740-758)
	- LiquidPledgingBase.findPledge(uint64) (../sb/0x869ed845f8d4b436ffe778adc0e9ab253e53f0f2.sol#771-774)
	- LiquidPledgingBase.numberOfPledges() (../sb/0x869ed845f8d4b436ffe778adc0e9ab253e53f0f2.sol#637-639)
Reentrancy in LiquidPledging.transfer(uint64,uint64,uint256,uint64) (../sb/0x869ed845f8d4b436ffe778adc0e9ab253e53f0f2.sol#1005-1129):
	External calls:
	- idPledge = normalizePledge(idPledge) (../sb/0x869ed845f8d4b436ffe778adc0e9ab253e53f0f2.sol#1012)
		- newAmount = admin.plugin.beforeTransfer(adminId,fromPledge,toPledge,context,amount) (../sb/0x869ed845f8d4b436ffe778adc0e9ab253e53f0f2.sol#1589-1595)
		- admin.plugin.afterTransfer(adminId,fromPledge,toPledge,context,amount) (../sb/0x869ed845f8d4b436ffe778adc0e9ab253e53f0f2.sol#1599-1605)
	- idPledge = undelegate(idPledge,amount,p.delegationChain.length - senderDIdx - 1) (../sb/0x869ed845f8d4b436ffe778adc0e9ab253e53f0f2.sol#1096-1100)
		- newAmount = admin.plugin.beforeTransfer(adminId,fromPledge,toPledge,context,amount) (../sb/0x869ed845f8d4b436ffe778adc0e9ab253e53f0f2.sol#1589-1595)
		- admin.plugin.afterTransfer(adminId,fromPledge,toPledge,context,amount) (../sb/0x869ed845f8d4b436ffe778adc0e9ab253e53f0f2.sol#1599-1605)
	- appendDelegate(idPledge,amount,idReceiver) (../sb/0x869ed845f8d4b436ffe778adc0e9ab253e53f0f2.sol#1101)
		- newAmount = admin.plugin.beforeTransfer(adminId,fromPledge,toPledge,context,amount) (../sb/0x869ed845f8d4b436ffe778adc0e9ab253e53f0f2.sol#1589-1595)
		- admin.plugin.afterTransfer(adminId,fromPledge,toPledge,context,amount) (../sb/0x869ed845f8d4b436ffe778adc0e9ab253e53f0f2.sol#1599-1605)
	State variables written after the call(s):
	- appendDelegate(idPledge,amount,idReceiver) (../sb/0x869ed845f8d4b436ffe778adc0e9ab253e53f0f2.sol#1101)
		- hPledge2idx[hPledge] = idx (../sb/0x869ed845f8d4b436ffe778adc0e9ab253e53f0f2.sol#754)
	LiquidPledgingBase.hPledge2idx (../sb/0x869ed845f8d4b436ffe778adc0e9ab253e53f0f2.sol#388) can be used in cross function reentrancies:
	- LiquidPledgingBase.findOrCreatePledge(uint64,uint64[],uint64,uint64,uint64,LiquidPledgingBase.PledgeState) (../sb/0x869ed845f8d4b436ffe778adc0e9ab253e53f0f2.sol#740-758)
	- appendDelegate(idPledge,amount,idReceiver) (../sb/0x869ed845f8d4b436ffe778adc0e9ab253e53f0f2.sol#1101)
		- pledges.push(Pledge(0,owner,delegationChain,intendedProject,commitTime,oldPledge,state)) (../sb/0x869ed845f8d4b436ffe778adc0e9ab253e53f0f2.sol#755-756)
	LiquidPledgingBase.pledges (../sb/0x869ed845f8d4b436ffe778adc0e9ab253e53f0f2.sol#382) can be used in cross function reentrancies:
	- LiquidPledgingBase.LiquidPledgingBase(address,address,address) (../sb/0x869ed845f8d4b436ffe778adc0e9ab253e53f0f2.sol#412-420)
	- LiquidPledgingBase.LiquidPledgingBase(address,address,address) (../sb/0x869ed845f8d4b436ffe778adc0e9ab253e53f0f2.sol#412-420)
	- LiquidPledgingBase.findOrCreatePledge(uint64,uint64[],uint64,uint64,uint64,LiquidPledgingBase.PledgeState) (../sb/0x869ed845f8d4b436ffe778adc0e9ab253e53f0f2.sol#740-758)
	- LiquidPledgingBase.findPledge(uint64) (../sb/0x869ed845f8d4b436ffe778adc0e9ab253e53f0f2.sol#771-774)
	- LiquidPledgingBase.numberOfPledges() (../sb/0x869ed845f8d4b436ffe778adc0e9ab253e53f0f2.sol#637-639)
Reentrancy in LiquidPledging.transfer(uint64,uint64,uint256,uint64) (../sb/0x869ed845f8d4b436ffe778adc0e9ab253e53f0f2.sol#1005-1129):
	External calls:
	- idPledge = normalizePledge(idPledge) (../sb/0x869ed845f8d4b436ffe778adc0e9ab253e53f0f2.sol#1012)
		- newAmount = admin.plugin.beforeTransfer(adminId,fromPledge,toPledge,context,amount) (../sb/0x869ed845f8d4b436ffe778adc0e9ab253e53f0f2.sol#1589-1595)
		- admin.plugin.afterTransfer(adminId,fromPledge,toPledge,context,amount) (../sb/0x869ed845f8d4b436ffe778adc0e9ab253e53f0f2.sol#1599-1605)
	- undelegate(idPledge,amount,p.delegationChain.length - receiverDIdx - 1) (../sb/0x869ed845f8d4b436ffe778adc0e9ab253e53f0f2.sol#1107-1111)
		- newAmount = admin.plugin.beforeTransfer(adminId,fromPledge,toPledge,context,amount) (../sb/0x869ed845f8d4b436ffe778adc0e9ab253e53f0f2.sol#1589-1595)
		- admin.plugin.afterTransfer(adminId,fromPledge,toPledge,context,amount) (../sb/0x869ed845f8d4b436ffe778adc0e9ab253e53f0f2.sol#1599-1605)
	State variables written after the call(s):
	- undelegate(idPledge,amount,p.delegationChain.length - receiverDIdx - 1) (../sb/0x869ed845f8d4b436ffe778adc0e9ab253e53f0f2.sol#1107-1111)
		- hPledge2idx[hPledge] = idx (../sb/0x869ed845f8d4b436ffe778adc0e9ab253e53f0f2.sol#754)
	LiquidPledgingBase.hPledge2idx (../sb/0x869ed845f8d4b436ffe778adc0e9ab253e53f0f2.sol#388) can be used in cross function reentrancies:
	- LiquidPledgingBase.findOrCreatePledge(uint64,uint64[],uint64,uint64,uint64,LiquidPledgingBase.PledgeState) (../sb/0x869ed845f8d4b436ffe778adc0e9ab253e53f0f2.sol#740-758)
	- undelegate(idPledge,amount,p.delegationChain.length - receiverDIdx - 1) (../sb/0x869ed845f8d4b436ffe778adc0e9ab253e53f0f2.sol#1107-1111)
		- pledges.push(Pledge(0,owner,delegationChain,intendedProject,commitTime,oldPledge,state)) (../sb/0x869ed845f8d4b436ffe778adc0e9ab253e53f0f2.sol#755-756)
	LiquidPledgingBase.pledges (../sb/0x869ed845f8d4b436ffe778adc0e9ab253e53f0f2.sol#382) can be used in cross function reentrancies:
	- LiquidPledgingBase.LiquidPledgingBase(address,address,address) (../sb/0x869ed845f8d4b436ffe778adc0e9ab253e53f0f2.sol#412-420)
	- LiquidPledgingBase.LiquidPledgingBase(address,address,address) (../sb/0x869ed845f8d4b436ffe778adc0e9ab253e53f0f2.sol#412-420)
	- LiquidPledgingBase.findOrCreatePledge(uint64,uint64[],uint64,uint64,uint64,LiquidPledgingBase.PledgeState) (../sb/0x869ed845f8d4b436ffe778adc0e9ab253e53f0f2.sol#740-758)
	- LiquidPledgingBase.findPledge(uint64) (../sb/0x869ed845f8d4b436ffe778adc0e9ab253e53f0f2.sol#771-774)
	- LiquidPledgingBase.numberOfPledges() (../sb/0x869ed845f8d4b436ffe778adc0e9ab253e53f0f2.sol#637-639)
Reentrancy in LiquidPledging.transfer(uint64,uint64,uint256,uint64) (../sb/0x869ed845f8d4b436ffe778adc0e9ab253e53f0f2.sol#1005-1129):
	External calls:
	- idPledge = normalizePledge(idPledge) (../sb/0x869ed845f8d4b436ffe778adc0e9ab253e53f0f2.sol#1012)
		- newAmount = admin.plugin.beforeTransfer(adminId,fromPledge,toPledge,context,amount) (../sb/0x869ed845f8d4b436ffe778adc0e9ab253e53f0f2.sol#1589-1595)
		- admin.plugin.afterTransfer(adminId,fromPledge,toPledge,context,amount) (../sb/0x869ed845f8d4b436ffe778adc0e9ab253e53f0f2.sol#1599-1605)
	- idPledge = undelegate(idPledge,amount,p.delegationChain.length - senderDIdx - 1) (../sb/0x869ed845f8d4b436ffe778adc0e9ab253e53f0f2.sol#1119-1123)
		- newAmount = admin.plugin.beforeTransfer(adminId,fromPledge,toPledge,context,amount) (../sb/0x869ed845f8d4b436ffe778adc0e9ab253e53f0f2.sol#1589-1595)
		- admin.plugin.afterTransfer(adminId,fromPledge,toPledge,context,amount) (../sb/0x869ed845f8d4b436ffe778adc0e9ab253e53f0f2.sol#1599-1605)
	State variables written after the call(s):
	- idPledge = undelegate(idPledge,amount,p.delegationChain.length - senderDIdx - 1) (../sb/0x869ed845f8d4b436ffe778adc0e9ab253e53f0f2.sol#1119-1123)
		- hPledge2idx[hPledge] = idx (../sb/0x869ed845f8d4b436ffe778adc0e9ab253e53f0f2.sol#754)
	LiquidPledgingBase.hPledge2idx (../sb/0x869ed845f8d4b436ffe778adc0e9ab253e53f0f2.sol#388) can be used in cross function reentrancies:
	- LiquidPledgingBase.findOrCreatePledge(uint64,uint64[],uint64,uint64,uint64,LiquidPledgingBase.PledgeState) (../sb/0x869ed845f8d4b436ffe778adc0e9ab253e53f0f2.sol#740-758)
	- idPledge = undelegate(idPledge,amount,p.delegationChain.length - senderDIdx - 1) (../sb/0x869ed845f8d4b436ffe778adc0e9ab253e53f0f2.sol#1119-1123)
		- pledges.push(Pledge(0,owner,delegationChain,intendedProject,commitTime,oldPledge,state)) (../sb/0x869ed845f8d4b436ffe778adc0e9ab253e53f0f2.sol#755-756)
	LiquidPledgingBase.pledges (../sb/0x869ed845f8d4b436ffe778adc0e9ab253e53f0f2.sol#382) can be used in cross function reentrancies:
	- LiquidPledgingBase.LiquidPledgingBase(address,address,address) (../sb/0x869ed845f8d4b436ffe778adc0e9ab253e53f0f2.sol#412-420)
	- LiquidPledgingBase.LiquidPledgingBase(address,address,address) (../sb/0x869ed845f8d4b436ffe778adc0e9ab253e53f0f2.sol#412-420)
	- LiquidPledgingBase.findOrCreatePledge(uint64,uint64[],uint64,uint64,uint64,LiquidPledgingBase.PledgeState) (../sb/0x869ed845f8d4b436ffe778adc0e9ab253e53f0f2.sol#740-758)
	- LiquidPledgingBase.findPledge(uint64) (../sb/0x869ed845f8d4b436ffe778adc0e9ab253e53f0f2.sol#771-774)
	- LiquidPledgingBase.numberOfPledges() (../sb/0x869ed845f8d4b436ffe778adc0e9ab253e53f0f2.sol#637-639)
Reentrancy in LiquidPledging.transfer(uint64,uint64,uint256,uint64) (../sb/0x869ed845f8d4b436ffe778adc0e9ab253e53f0f2.sol#1005-1129):
	External calls:
	- idPledge = normalizePledge(idPledge) (../sb/0x869ed845f8d4b436ffe778adc0e9ab253e53f0f2.sol#1012)
		- newAmount = admin.plugin.beforeTransfer(adminId,fromPledge,toPledge,context,amount) (../sb/0x869ed845f8d4b436ffe778adc0e9ab253e53f0f2.sol#1589-1595)
		- admin.plugin.afterTransfer(adminId,fromPledge,toPledge,context,amount) (../sb/0x869ed845f8d4b436ffe778adc0e9ab253e53f0f2.sol#1599-1605)
	- idPledge = undelegate(idPledge,amount,p.delegationChain.length - senderDIdx - 1) (../sb/0x869ed845f8d4b436ffe778adc0e9ab253e53f0f2.sol#1119-1123)
		- newAmount = admin.plugin.beforeTransfer(adminId,fromPledge,toPledge,context,amount) (../sb/0x869ed845f8d4b436ffe778adc0e9ab253e53f0f2.sol#1589-1595)
		- admin.plugin.afterTransfer(adminId,fromPledge,toPledge,context,amount) (../sb/0x869ed845f8d4b436ffe778adc0e9ab253e53f0f2.sol#1599-1605)
	- proposeAssignProject(idPledge,amount,idReceiver) (../sb/0x869ed845f8d4b436ffe778adc0e9ab253e53f0f2.sol#1124)
		- newAmount = admin.plugin.beforeTransfer(adminId,fromPledge,toPledge,context,amount) (../sb/0x869ed845f8d4b436ffe778adc0e9ab253e53f0f2.sol#1589-1595)
		- admin.plugin.afterTransfer(adminId,fromPledge,toPledge,context,amount) (../sb/0x869ed845f8d4b436ffe778adc0e9ab253e53f0f2.sol#1599-1605)
	State variables written after the call(s):
	- proposeAssignProject(idPledge,amount,idReceiver) (../sb/0x869ed845f8d4b436ffe778adc0e9ab253e53f0f2.sol#1124)
		- hPledge2idx[hPledge] = idx (../sb/0x869ed845f8d4b436ffe778adc0e9ab253e53f0f2.sol#754)
	LiquidPledgingBase.hPledge2idx (../sb/0x869ed845f8d4b436ffe778adc0e9ab253e53f0f2.sol#388) can be used in cross function reentrancies:
	- LiquidPledgingBase.findOrCreatePledge(uint64,uint64[],uint64,uint64,uint64,LiquidPledgingBase.PledgeState) (../sb/0x869ed845f8d4b436ffe778adc0e9ab253e53f0f2.sol#740-758)
	- proposeAssignProject(idPledge,amount,idReceiver) (../sb/0x869ed845f8d4b436ffe778adc0e9ab253e53f0f2.sol#1124)
		- pledges.push(Pledge(0,owner,delegationChain,intendedProject,commitTime,oldPledge,state)) (../sb/0x869ed845f8d4b436ffe778adc0e9ab253e53f0f2.sol#755-756)
	LiquidPledgingBase.pledges (../sb/0x869ed845f8d4b436ffe778adc0e9ab253e53f0f2.sol#382) can be used in cross function reentrancies:
	- LiquidPledgingBase.LiquidPledgingBase(address,address,address) (../sb/0x869ed845f8d4b436ffe778adc0e9ab253e53f0f2.sol#412-420)
	- LiquidPledgingBase.LiquidPledgingBase(address,address,address) (../sb/0x869ed845f8d4b436ffe778adc0e9ab253e53f0f2.sol#412-420)
	- LiquidPledgingBase.findOrCreatePledge(uint64,uint64[],uint64,uint64,uint64,LiquidPledgingBase.PledgeState) (../sb/0x869ed845f8d4b436ffe778adc0e9ab253e53f0f2.sol#740-758)
	- LiquidPledgingBase.findPledge(uint64) (../sb/0x869ed845f8d4b436ffe778adc0e9ab253e53f0f2.sol#771-774)
	- LiquidPledgingBase.numberOfPledges() (../sb/0x869ed845f8d4b436ffe778adc0e9ab253e53f0f2.sol#637-639)
Reentrancy in LiquidPledging.withdraw(uint64,uint256) (../sb/0x869ed845f8d4b436ffe778adc0e9ab253e53f0f2.sol#1136-1155):
	External calls:
	- idPledge = normalizePledge(idPledge) (../sb/0x869ed845f8d4b436ffe778adc0e9ab253e53f0f2.sol#1137)
		- newAmount = admin.plugin.beforeTransfer(adminId,fromPledge,toPledge,context,amount) (../sb/0x869ed845f8d4b436ffe778adc0e9ab253e53f0f2.sol#1589-1595)
		- admin.plugin.afterTransfer(adminId,fromPledge,toPledge,context,amount) (../sb/0x869ed845f8d4b436ffe778adc0e9ab253e53f0f2.sol#1599-1605)
	State variables written after the call(s):
	- idNewPledge = findOrCreatePledge(p.owner,p.delegationChain,0,0,p.oldPledge,PledgeState.Paying) (../sb/0x869ed845f8d4b436ffe778adc0e9ab253e53f0f2.sol#1143-1150)
		- hPledge2idx[hPledge] = idx (../sb/0x869ed845f8d4b436ffe778adc0e9ab253e53f0f2.sol#754)
	LiquidPledgingBase.hPledge2idx (../sb/0x869ed845f8d4b436ffe778adc0e9ab253e53f0f2.sol#388) can be used in cross function reentrancies:
	- LiquidPledgingBase.findOrCreatePledge(uint64,uint64[],uint64,uint64,uint64,LiquidPledgingBase.PledgeState) (../sb/0x869ed845f8d4b436ffe778adc0e9ab253e53f0f2.sol#740-758)
	- idNewPledge = findOrCreatePledge(p.owner,p.delegationChain,0,0,p.oldPledge,PledgeState.Paying) (../sb/0x869ed845f8d4b436ffe778adc0e9ab253e53f0f2.sol#1143-1150)
		- pledges.push(Pledge(0,owner,delegationChain,intendedProject,commitTime,oldPledge,state)) (../sb/0x869ed845f8d4b436ffe778adc0e9ab253e53f0f2.sol#755-756)
	LiquidPledgingBase.pledges (../sb/0x869ed845f8d4b436ffe778adc0e9ab253e53f0f2.sol#382) can be used in cross function reentrancies:
	- LiquidPledgingBase.LiquidPledgingBase(address,address,address) (../sb/0x869ed845f8d4b436ffe778adc0e9ab253e53f0f2.sol#412-420)
	- LiquidPledgingBase.LiquidPledgingBase(address,address,address) (../sb/0x869ed845f8d4b436ffe778adc0e9ab253e53f0f2.sol#412-420)
	- LiquidPledgingBase.findOrCreatePledge(uint64,uint64[],uint64,uint64,uint64,LiquidPledgingBase.PledgeState) (../sb/0x869ed845f8d4b436ffe778adc0e9ab253e53f0f2.sol#740-758)
	- LiquidPledgingBase.findPledge(uint64) (../sb/0x869ed845f8d4b436ffe778adc0e9ab253e53f0f2.sol#771-774)
	- LiquidPledgingBase.numberOfPledges() (../sb/0x869ed845f8d4b436ffe778adc0e9ab253e53f0f2.sol#637-639)
Reference: https://github.com/crytic/slither/wiki/Detector-Documentation#reentrancy-vulnerabilities-1

LPPDacs.afterTransfer(uint64,uint64,uint64,uint64,uint256) (../sb/0x869ed845f8d4b436ffe778adc0e9ab253e53f0f2.sol#2406-2453) ignores return value by (None,toOwner,None,toIntendedProject,None,None,toPledgeState) = liquidPledging.getPledge(pledgeTo) (../sb/0x869ed845f8d4b436ffe778adc0e9ab253e53f0f2.sol#2415)
LPPDacs.afterTransfer(uint64,uint64,uint64,uint64,uint256) (../sb/0x869ed845f8d4b436ffe778adc0e9ab253e53f0f2.sol#2406-2453) ignores return value by (None,fromOwner,None,None,None,None,None) = liquidPledging.getPledge(pledgeFrom) (../sb/0x869ed845f8d4b436ffe778adc0e9ab253e53f0f2.sol#2416)
LPPDacs.afterTransfer(uint64,uint64,uint64,uint64,uint256) (../sb/0x869ed845f8d4b436ffe778adc0e9ab253e53f0f2.sol#2406-2453) ignores return value by (toAdminType,toAddr,None,None,None,None,None,None) = liquidPledging.getPledgeAdmin(toOwner) (../sb/0x869ed845f8d4b436ffe778adc0e9ab253e53f0f2.sol#2417)
LPPDacs.afterTransfer(uint64,uint64,uint64,uint64,uint256) (../sb/0x869ed845f8d4b436ffe778adc0e9ab253e53f0f2.sol#2406-2453) ignores return value by (idDelegate,None,None) = liquidPledging.getPledgeDelegate(pledgeFrom,1) (../sb/0x869ed845f8d4b436ffe778adc0e9ab253e53f0f2.sol#2428)
LPPDacs.afterTransfer(uint64,uint64,uint64,uint64,uint256) (../sb/0x869ed845f8d4b436ffe778adc0e9ab253e53f0f2.sol#2406-2453) ignores return value by (None,fromAddr,None,None,None,None,None,None) = liquidPledging.getPledgeAdmin(fromOwner) (../sb/0x869ed845f8d4b436ffe778adc0e9ab253e53f0f2.sol#2433)
LPPDacs.afterTransfer(uint64,uint64,uint64,uint64,uint256) (../sb/0x869ed845f8d4b436ffe778adc0e9ab253e53f0f2.sol#2406-2453) ignores return value by d.token.generateTokens(fromAddr,amount) (../sb/0x869ed845f8d4b436ffe778adc0e9ab253e53f0f2.sol#2435)
LPPDacs.afterTransfer(uint64,uint64,uint64,uint64,uint256) (../sb/0x869ed845f8d4b436ffe778adc0e9ab253e53f0f2.sol#2406-2453) ignores return value by (idDelegate,None,None) = liquidPledging.getPledgeDelegate(pledgeTo,1) (../sb/0x869ed845f8d4b436ffe778adc0e9ab253e53f0f2.sol#2443)
LPPDacs.afterTransfer(uint64,uint64,uint64,uint64,uint256) (../sb/0x869ed845f8d4b436ffe778adc0e9ab253e53f0f2.sol#2406-2453) ignores return value by d.token.destroyTokens(toAddr,amount) (../sb/0x869ed845f8d4b436ffe778adc0e9ab253e53f0f2.sol#2449)
Reference: https://github.com/crytic/slither/wiki/Detector-Documentation#unused-return

LiquidPledgingBase.getPledge(uint64).owner (../sb/0x869ed845f8d4b436ffe778adc0e9ab253e53f0f2.sol#648) shadows:
	- Owned.owner (../sb/0x869ed845f8d4b436ffe778adc0e9ab253e53f0f2.sol#99) (state variable)
LiquidPledgingBase.findOrCreatePledge(uint64,uint64[],uint64,uint64,uint64,LiquidPledgingBase.PledgeState).owner (../sb/0x869ed845f8d4b436ffe778adc0e9ab253e53f0f2.sol#741) shadows:
	- Owned.owner (../sb/0x869ed845f8d4b436ffe778adc0e9ab253e53f0f2.sol#99) (state variable)
LiquidPledgingBase.useWhitelist(bool).useWhitelist (../sb/0x869ed845f8d4b436ffe778adc0e9ab253e53f0f2.sol#878) shadows:
	- LiquidPledgingBase.useWhitelist(bool) (../sb/0x869ed845f8d4b436ffe778adc0e9ab253e53f0f2.sol#878-880) (function)
LiquidPledging.withdraw(uint64,uint256).owner (../sb/0x869ed845f8d4b436ffe778adc0e9ab253e53f0f2.sol#1140) shadows:
	- Owned.owner (../sb/0x869ed845f8d4b436ffe778adc0e9ab253e53f0f2.sol#99) (state variable)
LiquidPledging.mNormalizePledge(uint64[]).pledges (../sb/0x869ed845f8d4b436ffe778adc0e9ab253e53f0f2.sol#1308) shadows:
	- LiquidPledgingBase.pledges (../sb/0x869ed845f8d4b436ffe778adc0e9ab253e53f0f2.sol#382) (state variable)
MiniMeToken.getValueAt(MiniMeToken.Checkpoint[],uint256).min (../sb/0x869ed845f8d4b436ffe778adc0e9ab253e53f0f2.sol#2202) shadows:
	- MiniMeToken.min(uint256,uint256) (../sb/0x869ed845f8d4b436ffe778adc0e9ab253e53f0f2.sol#2245-2247) (function)
LPPDacs.getDac(uint64).owner (../sb/0x869ed845f8d4b436ffe778adc0e9ab253e53f0f2.sol#2515) shadows:
	- Owned.owner (../sb/0x869ed845f8d4b436ffe778adc0e9ab253e53f0f2.sol#99) (state variable)
Reference: https://github.com/crytic/slither/wiki/Detector-Documentation#local-variable-shadowing

Escapable.changeHatchEscapeCaller(address) (../sb/0x869ed845f8d4b436ffe778adc0e9ab253e53f0f2.sol#302-304) should emit an event for: 
	- escapeHatchCaller = _newEscapeHatchCaller (../sb/0x869ed845f8d4b436ffe778adc0e9ab253e53f0f2.sol#303) 
Controlled.changeController(address) (../sb/0x869ed845f8d4b436ffe778adc0e9ab253e53f0f2.sol#1736-1738) should emit an event for: 
	- controller = _newController (../sb/0x869ed845f8d4b436ffe778adc0e9ab253e53f0f2.sol#1737) 
Reference: https://github.com/crytic/slither/wiki/Detector-Documentation#missing-events-access-control

Escapable.Escapable(address,address)._escapeHatchCaller (../sb/0x869ed845f8d4b436ffe778adc0e9ab253e53f0f2.sol#246) lacks a zero-check on :
		- escapeHatchCaller = _escapeHatchCaller (../sb/0x869ed845f8d4b436ffe778adc0e9ab253e53f0f2.sol#247)
Escapable.Escapable(address,address)._escapeHatchDestination (../sb/0x869ed845f8d4b436ffe778adc0e9ab253e53f0f2.sol#246) lacks a zero-check on :
		- escapeHatchDestination = _escapeHatchDestination (../sb/0x869ed845f8d4b436ffe778adc0e9ab253e53f0f2.sol#248)
Escapable.changeHatchEscapeCaller(address)._newEscapeHatchCaller (../sb/0x869ed845f8d4b436ffe778adc0e9ab253e53f0f2.sol#302) lacks a zero-check on :
		- escapeHatchCaller = _newEscapeHatchCaller (../sb/0x869ed845f8d4b436ffe778adc0e9ab253e53f0f2.sol#303)
Owned.proposeOwnership(address)._newOwnerCandidate (../sb/0x869ed845f8d4b436ffe778adc0e9ab253e53f0f2.sol#124) lacks a zero-check on :
		- newOwnerCandidate = _newOwnerCandidate (../sb/0x869ed845f8d4b436ffe778adc0e9ab253e53f0f2.sol#125)
Controlled.changeController(address)._newController (../sb/0x869ed845f8d4b436ffe778adc0e9ab253e53f0f2.sol#1736) lacks a zero-check on :
		- controller = _newController (../sb/0x869ed845f8d4b436ffe778adc0e9ab253e53f0f2.sol#1737)
Reference: https://github.com/crytic/slither/wiki/Detector-Documentation#missing-zero-address-validation

LiquidPledging.callPlugin(bool,uint64,uint64,uint64,uint64,uint256) (../sb/0x869ed845f8d4b436ffe778adc0e9ab253e53f0f2.sol#1572-1608) has external calls inside a loop: newAmount = admin.plugin.beforeTransfer(adminId,fromPledge,toPledge,context,amount) (../sb/0x869ed845f8d4b436ffe778adc0e9ab253e53f0f2.sol#1589-1595)
	Calls stack containing the loop:
		LiquidPledging.mTransfer(uint64,uint256[],uint64)
		LiquidPledging.transfer(uint64,uint64,uint256,uint64)
		LiquidPledging.normalizePledge(uint64)
		LiquidPledging.doTransfer(uint64,uint64,uint256)
		LiquidPledging.callPlugins(bool,uint64,uint64,uint256)
		LiquidPledging.callPluginsPledge(bool,uint64,uint64,uint64,uint256)
LiquidPledging.callPlugin(bool,uint64,uint64,uint64,uint64,uint256) (../sb/0x869ed845f8d4b436ffe778adc0e9ab253e53f0f2.sol#1572-1608) has external calls inside a loop: admin.plugin.afterTransfer(adminId,fromPledge,toPledge,context,amount) (../sb/0x869ed845f8d4b436ffe778adc0e9ab253e53f0f2.sol#1599-1605)
	Calls stack containing the loop:
		LiquidPledging.mTransfer(uint64,uint256[],uint64)
		LiquidPledging.transfer(uint64,uint64,uint256,uint64)
		LiquidPledging.normalizePledge(uint64)
		LiquidPledging.doTransfer(uint64,uint64,uint256)
		LiquidPledging.callPlugins(bool,uint64,uint64,uint256)
		LiquidPledging.callPluginsPledge(bool,uint64,uint64,uint64,uint256)
LiquidPledging.callPlugin(bool,uint64,uint64,uint64,uint64,uint256) (../sb/0x869ed845f8d4b436ffe778adc0e9ab253e53f0f2.sol#1572-1608) has external calls inside a loop: newAmount = admin.plugin.beforeTransfer(adminId,fromPledge,toPledge,context,amount) (../sb/0x869ed845f8d4b436ffe778adc0e9ab253e53f0f2.sol#1589-1595)
	Calls stack containing the loop:
		LiquidPledging.mWithdraw(uint256[])
		LiquidPledging.withdraw(uint64,uint256)
		LiquidPledging.normalizePledge(uint64)
		LiquidPledging.doTransfer(uint64,uint64,uint256)
		LiquidPledging.callPlugins(bool,uint64,uint64,uint256)
		LiquidPledging.callPluginsPledge(bool,uint64,uint64,uint64,uint256)
LiquidPledging.callPlugin(bool,uint64,uint64,uint64,uint64,uint256) (../sb/0x869ed845f8d4b436ffe778adc0e9ab253e53f0f2.sol#1572-1608) has external calls inside a loop: admin.plugin.afterTransfer(adminId,fromPledge,toPledge,context,amount) (../sb/0x869ed845f8d4b436ffe778adc0e9ab253e53f0f2.sol#1599-1605)
	Calls stack containing the loop:
		LiquidPledging.mWithdraw(uint256[])
		LiquidPledging.withdraw(uint64,uint256)
		LiquidPledging.normalizePledge(uint64)
		LiquidPledging.doTransfer(uint64,uint64,uint256)
		LiquidPledging.callPlugins(bool,uint64,uint64,uint256)
		LiquidPledging.callPluginsPledge(bool,uint64,uint64,uint64,uint256)
LiquidPledging.withdraw(uint64,uint256) (../sb/0x869ed845f8d4b436ffe778adc0e9ab253e53f0f2.sol#1136-1155) has external calls inside a loop: vault.authorizePayment(bytes32(idNewPledge),owner.addr,amount) (../sb/0x869ed845f8d4b436ffe778adc0e9ab253e53f0f2.sol#1154)
	Calls stack containing the loop:
		LiquidPledging.mWithdraw(uint256[])
LiquidPledging.callPlugin(bool,uint64,uint64,uint64,uint64,uint256) (../sb/0x869ed845f8d4b436ffe778adc0e9ab253e53f0f2.sol#1572-1608) has external calls inside a loop: newAmount = admin.plugin.beforeTransfer(adminId,fromPledge,toPledge,context,amount) (../sb/0x869ed845f8d4b436ffe778adc0e9ab253e53f0f2.sol#1589-1595)
	Calls stack containing the loop:
		LiquidPledging.mConfirmPayment(uint256[])
		LiquidPledging.confirmPayment(uint64,uint256)
		LiquidPledging.doTransfer(uint64,uint64,uint256)
		LiquidPledging.callPlugins(bool,uint64,uint64,uint256)
		LiquidPledging.callPluginsPledge(bool,uint64,uint64,uint64,uint256)
LiquidPledging.callPlugin(bool,uint64,uint64,uint64,uint64,uint256) (../sb/0x869ed845f8d4b436ffe778adc0e9ab253e53f0f2.sol#1572-1608) has external calls inside a loop: admin.plugin.afterTransfer(adminId,fromPledge,toPledge,context,amount) (../sb/0x869ed845f8d4b436ffe778adc0e9ab253e53f0f2.sol#1599-1605)
	Calls stack containing the loop:
		LiquidPledging.mConfirmPayment(uint256[])
		LiquidPledging.confirmPayment(uint64,uint256)
		LiquidPledging.doTransfer(uint64,uint64,uint256)
		LiquidPledging.callPlugins(bool,uint64,uint64,uint256)
		LiquidPledging.callPluginsPledge(bool,uint64,uint64,uint64,uint256)
LiquidPledging.callPlugin(bool,uint64,uint64,uint64,uint64,uint256) (../sb/0x869ed845f8d4b436ffe778adc0e9ab253e53f0f2.sol#1572-1608) has external calls inside a loop: newAmount = admin.plugin.beforeTransfer(adminId,fromPledge,toPledge,context,amount) (../sb/0x869ed845f8d4b436ffe778adc0e9ab253e53f0f2.sol#1589-1595)
	Calls stack containing the loop:
		LiquidPledging.mCancelPayment(uint256[])
		LiquidPledging.cancelPayment(uint64,uint256)
		LiquidPledging.normalizePledge(uint64)
		LiquidPledging.doTransfer(uint64,uint64,uint256)
		LiquidPledging.callPlugins(bool,uint64,uint64,uint256)
		LiquidPledging.callPluginsPledge(bool,uint64,uint64,uint64,uint256)
LiquidPledging.callPlugin(bool,uint64,uint64,uint64,uint64,uint256) (../sb/0x869ed845f8d4b436ffe778adc0e9ab253e53f0f2.sol#1572-1608) has external calls inside a loop: admin.plugin.afterTransfer(adminId,fromPledge,toPledge,context,amount) (../sb/0x869ed845f8d4b436ffe778adc0e9ab253e53f0f2.sol#1599-1605)
	Calls stack containing the loop:
		LiquidPledging.mCancelPayment(uint256[])
		LiquidPledging.cancelPayment(uint64,uint256)
		LiquidPledging.normalizePledge(uint64)
		LiquidPledging.doTransfer(uint64,uint64,uint256)
		LiquidPledging.callPlugins(bool,uint64,uint64,uint256)
		LiquidPledging.callPluginsPledge(bool,uint64,uint64,uint64,uint256)
LiquidPledging.callPlugin(bool,uint64,uint64,uint64,uint64,uint256) (../sb/0x869ed845f8d4b436ffe778adc0e9ab253e53f0f2.sol#1572-1608) has external calls inside a loop: newAmount = admin.plugin.beforeTransfer(adminId,fromPledge,toPledge,context,amount) (../sb/0x869ed845f8d4b436ffe778adc0e9ab253e53f0f2.sol#1589-1595)
	Calls stack containing the loop:
		LiquidPledging.mNormalizePledge(uint64[])
		LiquidPledging.normalizePledge(uint64)
		LiquidPledging.doTransfer(uint64,uint64,uint256)
		LiquidPledging.callPlugins(bool,uint64,uint64,uint256)
		LiquidPledging.callPluginsPledge(bool,uint64,uint64,uint64,uint256)
LiquidPledging.callPlugin(bool,uint64,uint64,uint64,uint64,uint256) (../sb/0x869ed845f8d4b436ffe778adc0e9ab253e53f0f2.sol#1572-1608) has external calls inside a loop: admin.plugin.afterTransfer(adminId,fromPledge,toPledge,context,amount) (../sb/0x869ed845f8d4b436ffe778adc0e9ab253e53f0f2.sol#1599-1605)
	Calls stack containing the loop:
		LiquidPledging.mNormalizePledge(uint64[])
		LiquidPledging.normalizePledge(uint64)
		LiquidPledging.doTransfer(uint64,uint64,uint256)
		LiquidPledging.callPlugins(bool,uint64,uint64,uint256)
		LiquidPledging.callPluginsPledge(bool,uint64,uint64,uint64,uint256)
Reference: https://github.com/crytic/slither/wiki/Detector-Documentation/#calls-inside-a-loop

Variable 'LiquidPledging.transfer(uint64,uint64,uint256,uint64).receiverDIdx (../sb/0x869ed845f8d4b436ffe778adc0e9ab253e53f0f2.sol#1081)' in LiquidPledging.transfer(uint64,uint64,uint256,uint64) (../sb/0x869ed845f8d4b436ffe778adc0e9ab253e53f0f2.sol#1005-1129) potentially used before declaration: undelegate(idPledge,amount,p.delegationChain.length - receiverDIdx - 1) (../sb/0x869ed845f8d4b436ffe778adc0e9ab253e53f0f2.sol#1046)
Variable 'LiquidPledging.normalizePledge(uint64).toPledge (../sb/0x869ed845f8d4b436ffe778adc0e9ab253e53f0f2.sol#1533-1540)' in LiquidPledging.normalizePledge(uint64) (../sb/0x869ed845f8d4b436ffe778adc0e9ab253e53f0f2.sol#1513-1552) potentially used before declaration: toPledge = getOldestPledgeNotCanceled(idPledge) (../sb/0x869ed845f8d4b436ffe778adc0e9ab253e53f0f2.sol#1546)
Variable 'LiquidPledging.normalizePledge(uint64).toPledge (../sb/0x869ed845f8d4b436ffe778adc0e9ab253e53f0f2.sol#1533-1540)' in LiquidPledging.normalizePledge(uint64) (../sb/0x869ed845f8d4b436ffe778adc0e9ab253e53f0f2.sol#1513-1552) potentially used before declaration: toPledge != idPledge (../sb/0x869ed845f8d4b436ffe778adc0e9ab253e53f0f2.sol#1547)
Variable 'LiquidPledging.normalizePledge(uint64).toPledge (../sb/0x869ed845f8d4b436ffe778adc0e9ab253e53f0f2.sol#1533-1540)' in LiquidPledging.normalizePledge(uint64) (../sb/0x869ed845f8d4b436ffe778adc0e9ab253e53f0f2.sol#1513-1552) potentially used before declaration: doTransfer(idPledge,toPledge,p.amount) (../sb/0x869ed845f8d4b436ffe778adc0e9ab253e53f0f2.sol#1548)
Variable 'LiquidPledging.normalizePledge(uint64).toPledge (../sb/0x869ed845f8d4b436ffe778adc0e9ab253e53f0f2.sol#1533-1540)' in LiquidPledging.normalizePledge(uint64) (../sb/0x869ed845f8d4b436ffe778adc0e9ab253e53f0f2.sol#1513-1552) potentially used before declaration: toPledge (../sb/0x869ed845f8d4b436ffe778adc0e9ab253e53f0f2.sol#1551)
Reference: https://github.com/crytic/slither/wiki/Detector-Documentation#pre-declaration-usage-of-local-variables

Reentrancy in LPPDacs.addDac(string,string,uint64,string,string) (../sb/0x869ed845f8d4b436ffe778adc0e9ab253e53f0f2.sol#2457-2476):
	External calls:
	- idDelegate = liquidPledging.addDelegate(name,url,commitTime,ILiquidPledgingPlugin(this)) (../sb/0x869ed845f8d4b436ffe778adc0e9ab253e53f0f2.sol#2465-2470)
	State variables written after the call(s):
	- dacs[idDelegate] = Dac(token,msg.sender) (../sb/0x869ed845f8d4b436ffe778adc0e9ab253e53f0f2.sol#2475)
Reentrancy in LPPDacs.addDac(string,string,uint64,MiniMeToken) (../sb/0x869ed845f8d4b436ffe778adc0e9ab253e53f0f2.sol#2478-2493):
	External calls:
	- idDelegate = liquidPledging.addDelegate(name,url,commitTime,ILiquidPledgingPlugin(this)) (../sb/0x869ed845f8d4b436ffe778adc0e9ab253e53f0f2.sol#2485-2490)
	State variables written after the call(s):
	- dacs[idDelegate] = Dac(token,msg.sender) (../sb/0x869ed845f8d4b436ffe778adc0e9ab253e53f0f2.sol#2492)
Reentrancy in LPPDacs.afterTransfer(uint64,uint64,uint64,uint64,uint256) (../sb/0x869ed845f8d4b436ffe778adc0e9ab253e53f0f2.sol#2406-2453):
	External calls:
	- (None,toOwner,None,toIntendedProject,None,None,toPledgeState) = liquidPledging.getPledge(pledgeTo) (../sb/0x869ed845f8d4b436ffe778adc0e9ab253e53f0f2.sol#2415)
	- (None,fromOwner,None,None,None,None,None) = liquidPledging.getPledge(pledgeFrom) (../sb/0x869ed845f8d4b436ffe778adc0e9ab253e53f0f2.sol#2416)
	- (toAdminType,toAddr,None,None,None,None,None,None) = liquidPledging.getPledgeAdmin(toOwner) (../sb/0x869ed845f8d4b436ffe778adc0e9ab253e53f0f2.sol#2417)
	- (idDelegate,None,None) = liquidPledging.getPledgeDelegate(pledgeFrom,1) (../sb/0x869ed845f8d4b436ffe778adc0e9ab253e53f0f2.sol#2428)
	State variables written after the call(s):
	- d = dacs[idDelegate] (../sb/0x869ed845f8d4b436ffe778adc0e9ab253e53f0f2.sol#2429)
Reference: https://github.com/crytic/slither/wiki/Detector-Documentation#reentrancy-vulnerabilities-2

Reentrancy in LPPDacs.afterTransfer(uint64,uint64,uint64,uint64,uint256) (../sb/0x869ed845f8d4b436ffe778adc0e9ab253e53f0f2.sol#2406-2453):
	External calls:
	- (None,toOwner,None,toIntendedProject,None,None,toPledgeState) = liquidPledging.getPledge(pledgeTo) (../sb/0x869ed845f8d4b436ffe778adc0e9ab253e53f0f2.sol#2415)
	- (None,fromOwner,None,None,None,None,None) = liquidPledging.getPledge(pledgeFrom) (../sb/0x869ed845f8d4b436ffe778adc0e9ab253e53f0f2.sol#2416)
	- (toAdminType,toAddr,None,None,None,None,None,None) = liquidPledging.getPledgeAdmin(toOwner) (../sb/0x869ed845f8d4b436ffe778adc0e9ab253e53f0f2.sol#2417)
	- (idDelegate,None,None) = liquidPledging.getPledgeDelegate(pledgeFrom,1) (../sb/0x869ed845f8d4b436ffe778adc0e9ab253e53f0f2.sol#2428)
	- (None,fromAddr,None,None,None,None,None,None) = liquidPledging.getPledgeAdmin(fromOwner) (../sb/0x869ed845f8d4b436ffe778adc0e9ab253e53f0f2.sol#2433)
	- d.token.generateTokens(fromAddr,amount) (../sb/0x869ed845f8d4b436ffe778adc0e9ab253e53f0f2.sol#2435)
	Event emitted after the call(s):
	- GenerateTokens(idDelegate,fromAddr,amount) (../sb/0x869ed845f8d4b436ffe778adc0e9ab253e53f0f2.sol#2436)
Reentrancy in LPPDacs.afterTransfer(uint64,uint64,uint64,uint64,uint256) (../sb/0x869ed845f8d4b436ffe778adc0e9ab253e53f0f2.sol#2406-2453):
	External calls:
	- (None,toOwner,None,toIntendedProject,None,None,toPledgeState) = liquidPledging.getPledge(pledgeTo) (../sb/0x869ed845f8d4b436ffe778adc0e9ab253e53f0f2.sol#2415)
	- (None,fromOwner,None,None,None,None,None) = liquidPledging.getPledge(pledgeFrom) (../sb/0x869ed845f8d4b436ffe778adc0e9ab253e53f0f2.sol#2416)
	- (toAdminType,toAddr,None,None,None,None,None,None) = liquidPledging.getPledgeAdmin(toOwner) (../sb/0x869ed845f8d4b436ffe778adc0e9ab253e53f0f2.sol#2417)
	- (idDelegate,None,None) = liquidPledging.getPledgeDelegate(pledgeFrom,1) (../sb/0x869ed845f8d4b436ffe778adc0e9ab253e53f0f2.sol#2428)
	- (None,fromAddr,None,None,None,None,None,None) = liquidPledging.getPledgeAdmin(fromOwner) (../sb/0x869ed845f8d4b436ffe778adc0e9ab253e53f0f2.sol#2433)
	- d.token.generateTokens(fromAddr,amount) (../sb/0x869ed845f8d4b436ffe778adc0e9ab253e53f0f2.sol#2435)
	- (context == TO_FIRST_DELEGATE) && liquidPledging.isProjectCanceled(fromOwner) (../sb/0x869ed845f8d4b436ffe778adc0e9ab253e53f0f2.sol#2441-2442)
	- (idDelegate,None,None) = liquidPledging.getPledgeDelegate(pledgeTo,1) (../sb/0x869ed845f8d4b436ffe778adc0e9ab253e53f0f2.sol#2443)
	- d.token.balanceOf(toAddr) >= amount (../sb/0x869ed845f8d4b436ffe778adc0e9ab253e53f0f2.sol#2448)
	- d.token.destroyTokens(toAddr,amount) (../sb/0x869ed845f8d4b436ffe778adc0e9ab253e53f0f2.sol#2449)
	Event emitted after the call(s):
	- DestroyTokens(fromOwner,toAddr,amount) (../sb/0x869ed845f8d4b436ffe778adc0e9ab253e53f0f2.sol#2450)
Reentrancy in MiniMeToken.approve(address,uint256) (../sb/0x869ed845f8d4b436ffe778adc0e9ab253e53f0f2.sol#1986-2003):
	External calls:
	- require(bool)(TokenController(controller).onApprove(msg.sender,_spender,_amount)) (../sb/0x869ed845f8d4b436ffe778adc0e9ab253e53f0f2.sol#1997)
	Event emitted after the call(s):
	- Approval(msg.sender,_spender,_amount) (../sb/0x869ed845f8d4b436ffe778adc0e9ab253e53f0f2.sol#2001)
Reentrancy in LiquidPledging.cancelPayment(uint64,uint256) (../sb/0x869ed845f8d4b436ffe778adc0e9ab253e53f0f2.sol#1182-1200):
	External calls:
	- oldPledge = normalizePledge(oldPledge) (../sb/0x869ed845f8d4b436ffe778adc0e9ab253e53f0f2.sol#1197)
		- newAmount = admin.plugin.beforeTransfer(adminId,fromPledge,toPledge,context,amount) (../sb/0x869ed845f8d4b436ffe778adc0e9ab253e53f0f2.sol#1589-1595)
		- admin.plugin.afterTransfer(adminId,fromPledge,toPledge,context,amount) (../sb/0x869ed845f8d4b436ffe778adc0e9ab253e53f0f2.sol#1599-1605)
	- doTransfer(idPledge,oldPledge,amount) (../sb/0x869ed845f8d4b436ffe778adc0e9ab253e53f0f2.sol#1199)
		- newAmount = admin.plugin.beforeTransfer(adminId,fromPledge,toPledge,context,amount) (../sb/0x869ed845f8d4b436ffe778adc0e9ab253e53f0f2.sol#1589-1595)
		- admin.plugin.afterTransfer(adminId,fromPledge,toPledge,context,amount) (../sb/0x869ed845f8d4b436ffe778adc0e9ab253e53f0f2.sol#1599-1605)
	Event emitted after the call(s):
	- Transfer(from,to,amount) (../sb/0x869ed845f8d4b436ffe778adc0e9ab253e53f0f2.sol#1492)
		- doTransfer(idPledge,oldPledge,amount) (../sb/0x869ed845f8d4b436ffe778adc0e9ab253e53f0f2.sol#1199)
Reentrancy in LiquidPledging.cancelPledge(uint64,uint256) (../sb/0x869ed845f8d4b436ffe778adc0e9ab253e53f0f2.sol#1217-1228):
	External calls:
	- idPledge = normalizePledge(idPledge) (../sb/0x869ed845f8d4b436ffe778adc0e9ab253e53f0f2.sol#1218)
		- newAmount = admin.plugin.beforeTransfer(adminId,fromPledge,toPledge,context,amount) (../sb/0x869ed845f8d4b436ffe778adc0e9ab253e53f0f2.sol#1589-1595)
		- admin.plugin.afterTransfer(adminId,fromPledge,toPledge,context,amount) (../sb/0x869ed845f8d4b436ffe778adc0e9ab253e53f0f2.sol#1599-1605)
	- doTransfer(idPledge,oldPledge,amount) (../sb/0x869ed845f8d4b436ffe778adc0e9ab253e53f0f2.sol#1227)
		- newAmount = admin.plugin.beforeTransfer(adminId,fromPledge,toPledge,context,amount) (../sb/0x869ed845f8d4b436ffe778adc0e9ab253e53f0f2.sol#1589-1595)
		- admin.plugin.afterTransfer(adminId,fromPledge,toPledge,context,amount) (../sb/0x869ed845f8d4b436ffe778adc0e9ab253e53f0f2.sol#1599-1605)
	Event emitted after the call(s):
	- Transfer(from,to,amount) (../sb/0x869ed845f8d4b436ffe778adc0e9ab253e53f0f2.sol#1492)
		- doTransfer(idPledge,oldPledge,amount) (../sb/0x869ed845f8d4b436ffe778adc0e9ab253e53f0f2.sol#1227)
Reentrancy in MiniMeToken.claimTokens(address) (../sb/0x869ed845f8d4b436ffe778adc0e9ab253e53f0f2.sol#2265-2275):
	External calls:
	- balance = token.balanceOf(this) (../sb/0x869ed845f8d4b436ffe778adc0e9ab253e53f0f2.sol#2272)
	- token.transfer(controller,balance) (../sb/0x869ed845f8d4b436ffe778adc0e9ab253e53f0f2.sol#2273)
	Event emitted after the call(s):
	- ClaimedTokens(_token,controller,balance) (../sb/0x869ed845f8d4b436ffe778adc0e9ab253e53f0f2.sol#2274)
Reentrancy in MiniMeToken.createCloneToken(string,uint8,string,uint256,bool) (../sb/0x869ed845f8d4b436ffe778adc0e9ab253e53f0f2.sol#2112-2134):
	External calls:
	- cloneToken = tokenFactory.createCloneToken(this,_snapshotBlock,_cloneTokenName,_cloneDecimalUnits,_cloneTokenSymbol,_transfersEnabled) (../sb/0x869ed845f8d4b436ffe778adc0e9ab253e53f0f2.sol#2120-2127)
	- cloneToken.changeController(msg.sender) (../sb/0x869ed845f8d4b436ffe778adc0e9ab253e53f0f2.sol#2129)
	Event emitted after the call(s):
	- NewCloneToken(address(cloneToken),_snapshotBlock) (../sb/0x869ed845f8d4b436ffe778adc0e9ab253e53f0f2.sol#2132)
Reentrancy in MiniMeToken.destroyTokens(address,uint256) (../sb/0x869ed845f8d4b436ffe778adc0e9ab253e53f0f2.sol#2161-2171):
	External calls:
	- curTotalSupply = totalSupply() (../sb/0x869ed845f8d4b436ffe778adc0e9ab253e53f0f2.sol#2163)
		- parentToken.totalSupplyAt(min(_blockNumber,parentSnapShotBlock)) (../sb/0x869ed845f8d4b436ffe778adc0e9ab253e53f0f2.sol#2087)
	- previousBalanceFrom = balanceOf(_owner) (../sb/0x869ed845f8d4b436ffe778adc0e9ab253e53f0f2.sol#2165)
		- parentToken.balanceOfAt(_owner,min(_blockNumber,parentSnapShotBlock)) (../sb/0x869ed845f8d4b436ffe778adc0e9ab253e53f0f2.sol#2062)
	Event emitted after the call(s):
	- Transfer(_owner,0,_amount) (../sb/0x869ed845f8d4b436ffe778adc0e9ab253e53f0f2.sol#2169)
Reentrancy in LiquidPledging.doTransfer(uint64,uint64,uint256) (../sb/0x869ed845f8d4b436ffe778adc0e9ab253e53f0f2.sol#1478-1494):
	External calls:
	- amount = callPlugins(true,from,to,_amount) (../sb/0x869ed845f8d4b436ffe778adc0e9ab253e53f0f2.sol#1479)
		- newAmount = admin.plugin.beforeTransfer(adminId,fromPledge,toPledge,context,amount) (../sb/0x869ed845f8d4b436ffe778adc0e9ab253e53f0f2.sol#1589-1595)
		- admin.plugin.afterTransfer(adminId,fromPledge,toPledge,context,amount) (../sb/0x869ed845f8d4b436ffe778adc0e9ab253e53f0f2.sol#1599-1605)
	Event emitted after the call(s):
	- Transfer(from,to,amount) (../sb/0x869ed845f8d4b436ffe778adc0e9ab253e53f0f2.sol#1492)
Reentrancy in MiniMeToken.doTransfer(address,address,uint256) (../sb/0x869ed845f8d4b436ffe778adc0e9ab253e53f0f2.sol#1934-1972):
	External calls:
	- previousBalanceFrom = balanceOfAt(_from,block.number) (../sb/0x869ed845f8d4b436ffe778adc0e9ab253e53f0f2.sol#1948)
		- parentToken.balanceOfAt(_owner,min(_blockNumber,parentSnapShotBlock)) (../sb/0x869ed845f8d4b436ffe778adc0e9ab253e53f0f2.sol#2062)
	- require(bool)(TokenController(controller).onTransfer(_from,_to,_amount)) (../sb/0x869ed845f8d4b436ffe778adc0e9ab253e53f0f2.sol#1955)
	- previousBalanceTo = balanceOfAt(_to,block.number) (../sb/0x869ed845f8d4b436ffe778adc0e9ab253e53f0f2.sol#1964)
		- parentToken.balanceOfAt(_owner,min(_blockNumber,parentSnapShotBlock)) (../sb/0x869ed845f8d4b436ffe778adc0e9ab253e53f0f2.sol#2062)
	Event emitted after the call(s):
	- Transfer(_from,_to,_amount) (../sb/0x869ed845f8d4b436ffe778adc0e9ab253e53f0f2.sol#1969)
Reentrancy in Escapable.escapeHatch(address) (../sb/0x869ed845f8d4b436ffe778adc0e9ab253e53f0f2.sol#278-295):
	External calls:
	- balance = token.balanceOf(this) (../sb/0x869ed845f8d4b436ffe778adc0e9ab253e53f0f2.sol#292)
	- require(bool)(token.transfer(escapeHatchDestination,balance)) (../sb/0x869ed845f8d4b436ffe778adc0e9ab253e53f0f2.sol#293)
	Event emitted after the call(s):
	- EscapeHatchCalled(_token,balance) (../sb/0x869ed845f8d4b436ffe778adc0e9ab253e53f0f2.sol#294)
Reentrancy in MiniMeToken.generateTokens(address,uint256) (../sb/0x869ed845f8d4b436ffe778adc0e9ab253e53f0f2.sol#2144-2154):
	External calls:
	- curTotalSupply = totalSupply() (../sb/0x869ed845f8d4b436ffe778adc0e9ab253e53f0f2.sol#2146)
		- parentToken.totalSupplyAt(min(_blockNumber,parentSnapShotBlock)) (../sb/0x869ed845f8d4b436ffe778adc0e9ab253e53f0f2.sol#2087)
	- previousBalanceTo = balanceOf(_owner) (../sb/0x869ed845f8d4b436ffe778adc0e9ab253e53f0f2.sol#2148)
		- parentToken.balanceOfAt(_owner,min(_blockNumber,parentSnapShotBlock)) (../sb/0x869ed845f8d4b436ffe778adc0e9ab253e53f0f2.sol#2062)
	Event emitted after the call(s):
	- Transfer(0,_owner,_amount) (../sb/0x869ed845f8d4b436ffe778adc0e9ab253e53f0f2.sol#2152)
Reentrancy in LiquidPledging.normalizePledge(uint64) (../sb/0x869ed845f8d4b436ffe778adc0e9ab253e53f0f2.sol#1513-1552):
	External calls:
	- doTransfer(idPledge,toPledge,p.amount) (../sb/0x869ed845f8d4b436ffe778adc0e9ab253e53f0f2.sol#1541)
		- newAmount = admin.plugin.beforeTransfer(adminId,fromPledge,toPledge,context,amount) (../sb/0x869ed845f8d4b436ffe778adc0e9ab253e53f0f2.sol#1589-1595)
		- admin.plugin.afterTransfer(adminId,fromPledge,toPledge,context,amount) (../sb/0x869ed845f8d4b436ffe778adc0e9ab253e53f0f2.sol#1599-1605)
	- doTransfer(idPledge,toPledge,p.amount) (../sb/0x869ed845f8d4b436ffe778adc0e9ab253e53f0f2.sol#1548)
		- newAmount = admin.plugin.beforeTransfer(adminId,fromPledge,toPledge,context,amount) (../sb/0x869ed845f8d4b436ffe778adc0e9ab253e53f0f2.sol#1589-1595)
		- admin.plugin.afterTransfer(adminId,fromPledge,toPledge,context,amount) (../sb/0x869ed845f8d4b436ffe778adc0e9ab253e53f0f2.sol#1599-1605)
	Event emitted after the call(s):
	- Transfer(from,to,amount) (../sb/0x869ed845f8d4b436ffe778adc0e9ab253e53f0f2.sol#1492)
		- doTransfer(idPledge,toPledge,p.amount) (../sb/0x869ed845f8d4b436ffe778adc0e9ab253e53f0f2.sol#1548)
Reentrancy in LiquidPledging.transfer(uint64,uint64,uint256,uint64) (../sb/0x869ed845f8d4b436ffe778adc0e9ab253e53f0f2.sol#1005-1129):
	External calls:
	- idPledge = normalizePledge(idPledge) (../sb/0x869ed845f8d4b436ffe778adc0e9ab253e53f0f2.sol#1012)
		- newAmount = admin.plugin.beforeTransfer(adminId,fromPledge,toPledge,context,amount) (../sb/0x869ed845f8d4b436ffe778adc0e9ab253e53f0f2.sol#1589-1595)
		- admin.plugin.afterTransfer(adminId,fromPledge,toPledge,context,amount) (../sb/0x869ed845f8d4b436ffe778adc0e9ab253e53f0f2.sol#1599-1605)
	- transferOwnershipToGiver(idPledge,amount,idReceiver) (../sb/0x869ed845f8d4b436ffe778adc0e9ab253e53f0f2.sol#1025)
		- newAmount = admin.plugin.beforeTransfer(adminId,fromPledge,toPledge,context,amount) (../sb/0x869ed845f8d4b436ffe778adc0e9ab253e53f0f2.sol#1589-1595)
		- admin.plugin.afterTransfer(adminId,fromPledge,toPledge,context,amount) (../sb/0x869ed845f8d4b436ffe778adc0e9ab253e53f0f2.sol#1599-1605)
	Event emitted after the call(s):
	- Transfer(from,to,amount) (../sb/0x869ed845f8d4b436ffe778adc0e9ab253e53f0f2.sol#1492)
		- transferOwnershipToGiver(idPledge,amount,idReceiver) (../sb/0x869ed845f8d4b436ffe778adc0e9ab253e53f0f2.sol#1025)
Reentrancy in LiquidPledging.transfer(uint64,uint64,uint256,uint64) (../sb/0x869ed845f8d4b436ffe778adc0e9ab253e53f0f2.sol#1005-1129):
	External calls:
	- idPledge = normalizePledge(idPledge) (../sb/0x869ed845f8d4b436ffe778adc0e9ab253e53f0f2.sol#1012)
		- newAmount = admin.plugin.beforeTransfer(adminId,fromPledge,toPledge,context,amount) (../sb/0x869ed845f8d4b436ffe778adc0e9ab253e53f0f2.sol#1589-1595)
		- admin.plugin.afterTransfer(adminId,fromPledge,toPledge,context,amount) (../sb/0x869ed845f8d4b436ffe778adc0e9ab253e53f0f2.sol#1599-1605)
	- transferOwnershipToProject(idPledge,amount,idReceiver) (../sb/0x869ed845f8d4b436ffe778adc0e9ab253e53f0f2.sol#1027)
		- newAmount = admin.plugin.beforeTransfer(adminId,fromPledge,toPledge,context,amount) (../sb/0x869ed845f8d4b436ffe778adc0e9ab253e53f0f2.sol#1589-1595)
		- admin.plugin.afterTransfer(adminId,fromPledge,toPledge,context,amount) (../sb/0x869ed845f8d4b436ffe778adc0e9ab253e53f0f2.sol#1599-1605)
	Event emitted after the call(s):
	- Transfer(from,to,amount) (../sb/0x869ed845f8d4b436ffe778adc0e9ab253e53f0f2.sol#1492)
		- transferOwnershipToProject(idPledge,amount,idReceiver) (../sb/0x869ed845f8d4b436ffe778adc0e9ab253e53f0f2.sol#1027)
Reentrancy in LiquidPledging.transfer(uint64,uint64,uint256,uint64) (../sb/0x869ed845f8d4b436ffe778adc0e9ab253e53f0f2.sol#1005-1129):
	External calls:
	- idPledge = normalizePledge(idPledge) (../sb/0x869ed845f8d4b436ffe778adc0e9ab253e53f0f2.sol#1012)
		- newAmount = admin.plugin.beforeTransfer(adminId,fromPledge,toPledge,context,amount) (../sb/0x869ed845f8d4b436ffe778adc0e9ab253e53f0f2.sol#1589-1595)
		- admin.plugin.afterTransfer(adminId,fromPledge,toPledge,context,amount) (../sb/0x869ed845f8d4b436ffe778adc0e9ab253e53f0f2.sol#1599-1605)
	- doTransfer(idPledge,toPledge,amount) (../sb/0x869ed845f8d4b436ffe778adc0e9ab253e53f0f2.sol#1044)
		- newAmount = admin.plugin.beforeTransfer(adminId,fromPledge,toPledge,context,amount) (../sb/0x869ed845f8d4b436ffe778adc0e9ab253e53f0f2.sol#1589-1595)
		- admin.plugin.afterTransfer(adminId,fromPledge,toPledge,context,amount) (../sb/0x869ed845f8d4b436ffe778adc0e9ab253e53f0f2.sol#1599-1605)
	Event emitted after the call(s):
	- Transfer(from,to,amount) (../sb/0x869ed845f8d4b436ffe778adc0e9ab253e53f0f2.sol#1492)
		- doTransfer(idPledge,toPledge,amount) (../sb/0x869ed845f8d4b436ffe778adc0e9ab253e53f0f2.sol#1044)
Reentrancy in LiquidPledging.transfer(uint64,uint64,uint256,uint64) (../sb/0x869ed845f8d4b436ffe778adc0e9ab253e53f0f2.sol#1005-1129):
	External calls:
	- idPledge = normalizePledge(idPledge) (../sb/0x869ed845f8d4b436ffe778adc0e9ab253e53f0f2.sol#1012)
		- newAmount = admin.plugin.beforeTransfer(adminId,fromPledge,toPledge,context,amount) (../sb/0x869ed845f8d4b436ffe778adc0e9ab253e53f0f2.sol#1589-1595)
		- admin.plugin.afterTransfer(adminId,fromPledge,toPledge,context,amount) (../sb/0x869ed845f8d4b436ffe778adc0e9ab253e53f0f2.sol#1599-1605)
	- undelegate(idPledge,amount,p.delegationChain.length - receiverDIdx - 1) (../sb/0x869ed845f8d4b436ffe778adc0e9ab253e53f0f2.sol#1046)
		- newAmount = admin.plugin.beforeTransfer(adminId,fromPledge,toPledge,context,amount) (../sb/0x869ed845f8d4b436ffe778adc0e9ab253e53f0f2.sol#1589-1595)
		- admin.plugin.afterTransfer(adminId,fromPledge,toPledge,context,amount) (../sb/0x869ed845f8d4b436ffe778adc0e9ab253e53f0f2.sol#1599-1605)
	Event emitted after the call(s):
	- Transfer(from,to,amount) (../sb/0x869ed845f8d4b436ffe778adc0e9ab253e53f0f2.sol#1492)
		- undelegate(idPledge,amount,p.delegationChain.length - receiverDIdx - 1) (../sb/0x869ed845f8d4b436ffe778adc0e9ab253e53f0f2.sol#1046)
Reentrancy in LiquidPledging.transfer(uint64,uint64,uint256,uint64) (../sb/0x869ed845f8d4b436ffe778adc0e9ab253e53f0f2.sol#1005-1129):
	External calls:
	- idPledge = normalizePledge(idPledge) (../sb/0x869ed845f8d4b436ffe778adc0e9ab253e53f0f2.sol#1012)
		- newAmount = admin.plugin.beforeTransfer(adminId,fromPledge,toPledge,context,amount) (../sb/0x869ed845f8d4b436ffe778adc0e9ab253e53f0f2.sol#1589-1595)
		- admin.plugin.afterTransfer(adminId,fromPledge,toPledge,context,amount) (../sb/0x869ed845f8d4b436ffe778adc0e9ab253e53f0f2.sol#1599-1605)
	- idPledge = undelegate(idPledge,amount,p.delegationChain.length) (../sb/0x869ed845f8d4b436ffe778adc0e9ab253e53f0f2.sol#1051-1055)
		- newAmount = admin.plugin.beforeTransfer(adminId,fromPledge,toPledge,context,amount) (../sb/0x869ed845f8d4b436ffe778adc0e9ab253e53f0f2.sol#1589-1595)
		- admin.plugin.afterTransfer(adminId,fromPledge,toPledge,context,amount) (../sb/0x869ed845f8d4b436ffe778adc0e9ab253e53f0f2.sol#1599-1605)
	Event emitted after the call(s):
	- Transfer(from,to,amount) (../sb/0x869ed845f8d4b436ffe778adc0e9ab253e53f0f2.sol#1492)
		- idPledge = undelegate(idPledge,amount,p.delegationChain.length) (../sb/0x869ed845f8d4b436ffe778adc0e9ab253e53f0f2.sol#1051-1055)
Reentrancy in LiquidPledging.transfer(uint64,uint64,uint256,uint64) (../sb/0x869ed845f8d4b436ffe778adc0e9ab253e53f0f2.sol#1005-1129):
	External calls:
	- idPledge = normalizePledge(idPledge) (../sb/0x869ed845f8d4b436ffe778adc0e9ab253e53f0f2.sol#1012)
		- newAmount = admin.plugin.beforeTransfer(adminId,fromPledge,toPledge,context,amount) (../sb/0x869ed845f8d4b436ffe778adc0e9ab253e53f0f2.sol#1589-1595)
		- admin.plugin.afterTransfer(adminId,fromPledge,toPledge,context,amount) (../sb/0x869ed845f8d4b436ffe778adc0e9ab253e53f0f2.sol#1599-1605)
	- idPledge = undelegate(idPledge,amount,p.delegationChain.length) (../sb/0x869ed845f8d4b436ffe778adc0e9ab253e53f0f2.sol#1051-1055)
		- newAmount = admin.plugin.beforeTransfer(adminId,fromPledge,toPledge,context,amount) (../sb/0x869ed845f8d4b436ffe778adc0e9ab253e53f0f2.sol#1589-1595)
		- admin.plugin.afterTransfer(adminId,fromPledge,toPledge,context,amount) (../sb/0x869ed845f8d4b436ffe778adc0e9ab253e53f0f2.sol#1599-1605)
	- appendDelegate(idPledge,amount,idReceiver) (../sb/0x869ed845f8d4b436ffe778adc0e9ab253e53f0f2.sol#1056)
		- newAmount = admin.plugin.beforeTransfer(adminId,fromPledge,toPledge,context,amount) (../sb/0x869ed845f8d4b436ffe778adc0e9ab253e53f0f2.sol#1589-1595)
		- admin.plugin.afterTransfer(adminId,fromPledge,toPledge,context,amount) (../sb/0x869ed845f8d4b436ffe778adc0e9ab253e53f0f2.sol#1599-1605)
	Event emitted after the call(s):
	- Transfer(from,to,amount) (../sb/0x869ed845f8d4b436ffe778adc0e9ab253e53f0f2.sol#1492)
		- appendDelegate(idPledge,amount,idReceiver) (../sb/0x869ed845f8d4b436ffe778adc0e9ab253e53f0f2.sol#1056)
Reentrancy in LiquidPledging.transfer(uint64,uint64,uint256,uint64) (../sb/0x869ed845f8d4b436ffe778adc0e9ab253e53f0f2.sol#1005-1129):
	External calls:
	- idPledge = normalizePledge(idPledge) (../sb/0x869ed845f8d4b436ffe778adc0e9ab253e53f0f2.sol#1012)
		- newAmount = admin.plugin.beforeTransfer(adminId,fromPledge,toPledge,context,amount) (../sb/0x869ed845f8d4b436ffe778adc0e9ab253e53f0f2.sol#1589-1595)
		- admin.plugin.afterTransfer(adminId,fromPledge,toPledge,context,amount) (../sb/0x869ed845f8d4b436ffe778adc0e9ab253e53f0f2.sol#1599-1605)
	- undelegate(idPledge,amount,p.delegationChain.length) (../sb/0x869ed845f8d4b436ffe778adc0e9ab253e53f0f2.sol#1075)
		- newAmount = admin.plugin.beforeTransfer(adminId,fromPledge,toPledge,context,amount) (../sb/0x869ed845f8d4b436ffe778adc0e9ab253e53f0f2.sol#1589-1595)
		- admin.plugin.afterTransfer(adminId,fromPledge,toPledge,context,amount) (../sb/0x869ed845f8d4b436ffe778adc0e9ab253e53f0f2.sol#1599-1605)
	Event emitted after the call(s):
	- Transfer(from,to,amount) (../sb/0x869ed845f8d4b436ffe778adc0e9ab253e53f0f2.sol#1492)
		- undelegate(idPledge,amount,p.delegationChain.length) (../sb/0x869ed845f8d4b436ffe778adc0e9ab253e53f0f2.sol#1075)
Reentrancy in LiquidPledging.transfer(uint64,uint64,uint256,uint64) (../sb/0x869ed845f8d4b436ffe778adc0e9ab253e53f0f2.sol#1005-1129):
	External calls:
	- idPledge = normalizePledge(idPledge) (../sb/0x869ed845f8d4b436ffe778adc0e9ab253e53f0f2.sol#1012)
		- newAmount = admin.plugin.beforeTransfer(adminId,fromPledge,toPledge,context,amount) (../sb/0x869ed845f8d4b436ffe778adc0e9ab253e53f0f2.sol#1589-1595)
		- admin.plugin.afterTransfer(adminId,fromPledge,toPledge,context,amount) (../sb/0x869ed845f8d4b436ffe778adc0e9ab253e53f0f2.sol#1599-1605)
	- idPledge = undelegate(idPledge,amount,p.delegationChain.length - senderDIdx - 1) (../sb/0x869ed845f8d4b436ffe778adc0e9ab253e53f0f2.sol#1085-1089)
		- newAmount = admin.plugin.beforeTransfer(adminId,fromPledge,toPledge,context,amount) (../sb/0x869ed845f8d4b436ffe778adc0e9ab253e53f0f2.sol#1589-1595)
		- admin.plugin.afterTransfer(adminId,fromPledge,toPledge,context,amount) (../sb/0x869ed845f8d4b436ffe778adc0e9ab253e53f0f2.sol#1599-1605)
	Event emitted after the call(s):
	- Transfer(from,to,amount) (../sb/0x869ed845f8d4b436ffe778adc0e9ab253e53f0f2.sol#1492)
		- idPledge = undelegate(idPledge,amount,p.delegationChain.length - senderDIdx - 1) (../sb/0x869ed845f8d4b436ffe778adc0e9ab253e53f0f2.sol#1085-1089)
Reentrancy in LiquidPledging.transfer(uint64,uint64,uint256,uint64) (../sb/0x869ed845f8d4b436ffe778adc0e9ab253e53f0f2.sol#1005-1129):
	External calls:
	- idPledge = normalizePledge(idPledge) (../sb/0x869ed845f8d4b436ffe778adc0e9ab253e53f0f2.sol#1012)
		- newAmount = admin.plugin.beforeTransfer(adminId,fromPledge,toPledge,context,amount) (../sb/0x869ed845f8d4b436ffe778adc0e9ab253e53f0f2.sol#1589-1595)
		- admin.plugin.afterTransfer(adminId,fromPledge,toPledge,context,amount) (../sb/0x869ed845f8d4b436ffe778adc0e9ab253e53f0f2.sol#1599-1605)
	- idPledge = undelegate(idPledge,amount,p.delegationChain.length - senderDIdx - 1) (../sb/0x869ed845f8d4b436ffe778adc0e9ab253e53f0f2.sol#1085-1089)
		- newAmount = admin.plugin.beforeTransfer(adminId,fromPledge,toPledge,context,amount) (../sb/0x869ed845f8d4b436ffe778adc0e9ab253e53f0f2.sol#1589-1595)
		- admin.plugin.afterTransfer(adminId,fromPledge,toPledge,context,amount) (../sb/0x869ed845f8d4b436ffe778adc0e9ab253e53f0f2.sol#1599-1605)
	- appendDelegate(idPledge,amount,idReceiver) (../sb/0x869ed845f8d4b436ffe778adc0e9ab253e53f0f2.sol#1090)
		- newAmount = admin.plugin.beforeTransfer(adminId,fromPledge,toPledge,context,amount) (../sb/0x869ed845f8d4b436ffe778adc0e9ab253e53f0f2.sol#1589-1595)
		- admin.plugin.afterTransfer(adminId,fromPledge,toPledge,context,amount) (../sb/0x869ed845f8d4b436ffe778adc0e9ab253e53f0f2.sol#1599-1605)
	Event emitted after the call(s):
	- Transfer(from,to,amount) (../sb/0x869ed845f8d4b436ffe778adc0e9ab253e53f0f2.sol#1492)
		- appendDelegate(idPledge,amount,idReceiver) (../sb/0x869ed845f8d4b436ffe778adc0e9ab253e53f0f2.sol#1090)
Reentrancy in LiquidPledging.transfer(uint64,uint64,uint256,uint64) (../sb/0x869ed845f8d4b436ffe778adc0e9ab253e53f0f2.sol#1005-1129):
	External calls:
	- idPledge = normalizePledge(idPledge) (../sb/0x869ed845f8d4b436ffe778adc0e9ab253e53f0f2.sol#1012)
		- newAmount = admin.plugin.beforeTransfer(adminId,fromPledge,toPledge,context,amount) (../sb/0x869ed845f8d4b436ffe778adc0e9ab253e53f0f2.sol#1589-1595)
		- admin.plugin.afterTransfer(adminId,fromPledge,toPledge,context,amount) (../sb/0x869ed845f8d4b436ffe778adc0e9ab253e53f0f2.sol#1599-1605)
	- idPledge = undelegate(idPledge,amount,p.delegationChain.length - senderDIdx - 1) (../sb/0x869ed845f8d4b436ffe778adc0e9ab253e53f0f2.sol#1096-1100)
		- newAmount = admin.plugin.beforeTransfer(adminId,fromPledge,toPledge,context,amount) (../sb/0x869ed845f8d4b436ffe778adc0e9ab253e53f0f2.sol#1589-1595)
		- admin.plugin.afterTransfer(adminId,fromPledge,toPledge,context,amount) (../sb/0x869ed845f8d4b436ffe778adc0e9ab253e53f0f2.sol#1599-1605)
	Event emitted after the call(s):
	- Transfer(from,to,amount) (../sb/0x869ed845f8d4b436ffe778adc0e9ab253e53f0f2.sol#1492)
		- idPledge = undelegate(idPledge,amount,p.delegationChain.length - senderDIdx - 1) (../sb/0x869ed845f8d4b436ffe778adc0e9ab253e53f0f2.sol#1096-1100)
Reentrancy in LiquidPledging.transfer(uint64,uint64,uint256,uint64) (../sb/0x869ed845f8d4b436ffe778adc0e9ab253e53f0f2.sol#1005-1129):
	External calls:
	- idPledge = normalizePledge(idPledge) (../sb/0x869ed845f8d4b436ffe778adc0e9ab253e53f0f2.sol#1012)
		- newAmount = admin.plugin.beforeTransfer(adminId,fromPledge,toPledge,context,amount) (../sb/0x869ed845f8d4b436ffe778adc0e9ab253e53f0f2.sol#1589-1595)
		- admin.plugin.afterTransfer(adminId,fromPledge,toPledge,context,amount) (../sb/0x869ed845f8d4b436ffe778adc0e9ab253e53f0f2.sol#1599-1605)
	- idPledge = undelegate(idPledge,amount,p.delegationChain.length - senderDIdx - 1) (../sb/0x869ed845f8d4b436ffe778adc0e9ab253e53f0f2.sol#1096-1100)
		- newAmount = admin.plugin.beforeTransfer(adminId,fromPledge,toPledge,context,amount) (../sb/0x869ed845f8d4b436ffe778adc0e9ab253e53f0f2.sol#1589-1595)
		- admin.plugin.afterTransfer(adminId,fromPledge,toPledge,context,amount) (../sb/0x869ed845f8d4b436ffe778adc0e9ab253e53f0f2.sol#1599-1605)
	- appendDelegate(idPledge,amount,idReceiver) (../sb/0x869ed845f8d4b436ffe778adc0e9ab253e53f0f2.sol#1101)
		- newAmount = admin.plugin.beforeTransfer(adminId,fromPledge,toPledge,context,amount) (../sb/0x869ed845f8d4b436ffe778adc0e9ab253e53f0f2.sol#1589-1595)
		- admin.plugin.afterTransfer(adminId,fromPledge,toPledge,context,amount) (../sb/0x869ed845f8d4b436ffe778adc0e9ab253e53f0f2.sol#1599-1605)
	Event emitted after the call(s):
	- Transfer(from,to,amount) (../sb/0x869ed845f8d4b436ffe778adc0e9ab253e53f0f2.sol#1492)
		- appendDelegate(idPledge,amount,idReceiver) (../sb/0x869ed845f8d4b436ffe778adc0e9ab253e53f0f2.sol#1101)
Reentrancy in LiquidPledging.transfer(uint64,uint64,uint256,uint64) (../sb/0x869ed845f8d4b436ffe778adc0e9ab253e53f0f2.sol#1005-1129):
	External calls:
	- idPledge = normalizePledge(idPledge) (../sb/0x869ed845f8d4b436ffe778adc0e9ab253e53f0f2.sol#1012)
		- newAmount = admin.plugin.beforeTransfer(adminId,fromPledge,toPledge,context,amount) (../sb/0x869ed845f8d4b436ffe778adc0e9ab253e53f0f2.sol#1589-1595)
		- admin.plugin.afterTransfer(adminId,fromPledge,toPledge,context,amount) (../sb/0x869ed845f8d4b436ffe778adc0e9ab253e53f0f2.sol#1599-1605)
	- undelegate(idPledge,amount,p.delegationChain.length - receiverDIdx - 1) (../sb/0x869ed845f8d4b436ffe778adc0e9ab253e53f0f2.sol#1107-1111)
		- newAmount = admin.plugin.beforeTransfer(adminId,fromPledge,toPledge,context,amount) (../sb/0x869ed845f8d4b436ffe778adc0e9ab253e53f0f2.sol#1589-1595)
		- admin.plugin.afterTransfer(adminId,fromPledge,toPledge,context,amount) (../sb/0x869ed845f8d4b436ffe778adc0e9ab253e53f0f2.sol#1599-1605)
	Event emitted after the call(s):
	- Transfer(from,to,amount) (../sb/0x869ed845f8d4b436ffe778adc0e9ab253e53f0f2.sol#1492)
		- undelegate(idPledge,amount,p.delegationChain.length - receiverDIdx - 1) (../sb/0x869ed845f8d4b436ffe778adc0e9ab253e53f0f2.sol#1107-1111)
Reentrancy in LiquidPledging.transfer(uint64,uint64,uint256,uint64) (../sb/0x869ed845f8d4b436ffe778adc0e9ab253e53f0f2.sol#1005-1129):
	External calls:
	- idPledge = normalizePledge(idPledge) (../sb/0x869ed845f8d4b436ffe778adc0e9ab253e53f0f2.sol#1012)
		- newAmount = admin.plugin.beforeTransfer(adminId,fromPledge,toPledge,context,amount) (../sb/0x869ed845f8d4b436ffe778adc0e9ab253e53f0f2.sol#1589-1595)
		- admin.plugin.afterTransfer(adminId,fromPledge,toPledge,context,amount) (../sb/0x869ed845f8d4b436ffe778adc0e9ab253e53f0f2.sol#1599-1605)
	- idPledge = undelegate(idPledge,amount,p.delegationChain.length - senderDIdx - 1) (../sb/0x869ed845f8d4b436ffe778adc0e9ab253e53f0f2.sol#1119-1123)
		- newAmount = admin.plugin.beforeTransfer(adminId,fromPledge,toPledge,context,amount) (../sb/0x869ed845f8d4b436ffe778adc0e9ab253e53f0f2.sol#1589-1595)
		- admin.plugin.afterTransfer(adminId,fromPledge,toPledge,context,amount) (../sb/0x869ed845f8d4b436ffe778adc0e9ab253e53f0f2.sol#1599-1605)
	Event emitted after the call(s):
	- Transfer(from,to,amount) (../sb/0x869ed845f8d4b436ffe778adc0e9ab253e53f0f2.sol#1492)
		- idPledge = undelegate(idPledge,amount,p.delegationChain.length - senderDIdx - 1) (../sb/0x869ed845f8d4b436ffe778adc0e9ab253e53f0f2.sol#1119-1123)
Reentrancy in LiquidPledging.transfer(uint64,uint64,uint256,uint64) (../sb/0x869ed845f8d4b436ffe778adc0e9ab253e53f0f2.sol#1005-1129):
	External calls:
	- idPledge = normalizePledge(idPledge) (../sb/0x869ed845f8d4b436ffe778adc0e9ab253e53f0f2.sol#1012)
		- newAmount = admin.plugin.beforeTransfer(adminId,fromPledge,toPledge,context,amount) (../sb/0x869ed845f8d4b436ffe778adc0e9ab253e53f0f2.sol#1589-1595)
		- admin.plugin.afterTransfer(adminId,fromPledge,toPledge,context,amount) (../sb/0x869ed845f8d4b436ffe778adc0e9ab253e53f0f2.sol#1599-1605)
	- idPledge = undelegate(idPledge,amount,p.delegationChain.length - senderDIdx - 1) (../sb/0x869ed845f8d4b436ffe778adc0e9ab253e53f0f2.sol#1119-1123)
		- newAmount = admin.plugin.beforeTransfer(adminId,fromPledge,toPledge,context,amount) (../sb/0x869ed845f8d4b436ffe778adc0e9ab253e53f0f2.sol#1589-1595)
		- admin.plugin.afterTransfer(adminId,fromPledge,toPledge,context,amount) (../sb/0x869ed845f8d4b436ffe778adc0e9ab253e53f0f2.sol#1599-1605)
	- proposeAssignProject(idPledge,amount,idReceiver) (../sb/0x869ed845f8d4b436ffe778adc0e9ab253e53f0f2.sol#1124)
		- newAmount = admin.plugin.beforeTransfer(adminId,fromPledge,toPledge,context,amount) (../sb/0x869ed845f8d4b436ffe778adc0e9ab253e53f0f2.sol#1589-1595)
		- admin.plugin.afterTransfer(adminId,fromPledge,toPledge,context,amount) (../sb/0x869ed845f8d4b436ffe778adc0e9ab253e53f0f2.sol#1599-1605)
	Event emitted after the call(s):
	- Transfer(from,to,amount) (../sb/0x869ed845f8d4b436ffe778adc0e9ab253e53f0f2.sol#1492)
		- proposeAssignProject(idPledge,amount,idReceiver) (../sb/0x869ed845f8d4b436ffe778adc0e9ab253e53f0f2.sol#1124)
Reentrancy in LiquidPledging.withdraw(uint64,uint256) (../sb/0x869ed845f8d4b436ffe778adc0e9ab253e53f0f2.sol#1136-1155):
	External calls:
	- idPledge = normalizePledge(idPledge) (../sb/0x869ed845f8d4b436ffe778adc0e9ab253e53f0f2.sol#1137)
		- newAmount = admin.plugin.beforeTransfer(adminId,fromPledge,toPledge,context,amount) (../sb/0x869ed845f8d4b436ffe778adc0e9ab253e53f0f2.sol#1589-1595)
		- admin.plugin.afterTransfer(adminId,fromPledge,toPledge,context,amount) (../sb/0x869ed845f8d4b436ffe778adc0e9ab253e53f0f2.sol#1599-1605)
	- doTransfer(idPledge,idNewPledge,amount) (../sb/0x869ed845f8d4b436ffe778adc0e9ab253e53f0f2.sol#1152)
		- newAmount = admin.plugin.beforeTransfer(adminId,fromPledge,toPledge,context,amount) (../sb/0x869ed845f8d4b436ffe778adc0e9ab253e53f0f2.sol#1589-1595)
		- admin.plugin.afterTransfer(adminId,fromPledge,toPledge,context,amount) (../sb/0x869ed845f8d4b436ffe778adc0e9ab253e53f0f2.sol#1599-1605)
	Event emitted after the call(s):
	- Transfer(from,to,amount) (../sb/0x869ed845f8d4b436ffe778adc0e9ab253e53f0f2.sol#1492)
		- doTransfer(idPledge,idNewPledge,amount) (../sb/0x869ed845f8d4b436ffe778adc0e9ab253e53f0f2.sol#1152)
Reference: https://github.com/crytic/slither/wiki/Detector-Documentation#reentrancy-vulnerabilities-3

LiquidPledging.doTransfer(uint64,uint64,uint256) (../sb/0x869ed845f8d4b436ffe778adc0e9ab253e53f0f2.sol#1478-1494) uses timestamp for comparisons
	Dangerous comparisons:
	- from == to (../sb/0x869ed845f8d4b436ffe778adc0e9ab253e53f0f2.sol#1480)
	- amount == 0 (../sb/0x869ed845f8d4b436ffe778adc0e9ab253e53f0f2.sol#1483)
	- require(bool)(nFrom.amount >= amount) (../sb/0x869ed845f8d4b436ffe778adc0e9ab253e53f0f2.sol#1488)
LiquidPledging.normalizePledge(uint64) (../sb/0x869ed845f8d4b436ffe778adc0e9ab253e53f0f2.sol#1513-1552) uses timestamp for comparisons
	Dangerous comparisons:
	- (p.intendedProject > 0) && (getTime() > p.commitTime) (../sb/0x869ed845f8d4b436ffe778adc0e9ab253e53f0f2.sol#1524)
	- toPledge != idPledge (../sb/0x869ed845f8d4b436ffe778adc0e9ab253e53f0f2.sol#1547)
LiquidPledging.callPlugin(bool,uint64,uint64,uint64,uint64,uint256) (../sb/0x869ed845f8d4b436ffe778adc0e9ab253e53f0f2.sol#1572-1608) uses timestamp for comparisons
	Dangerous comparisons:
	- (address(admin.plugin) != 0) && (allowedAmount > 0) (../sb/0x869ed845f8d4b436ffe778adc0e9ab253e53f0f2.sol#1585)
	- require(bool)(newAmount <= allowedAmount) (../sb/0x869ed845f8d4b436ffe778adc0e9ab253e53f0f2.sol#1596)
LiquidPledging.callPluginsPledge(bool,uint64,uint64,uint64,uint256) (../sb/0x869ed845f8d4b436ffe778adc0e9ab253e53f0f2.sol#1621-1669) uses timestamp for comparisons
	Dangerous comparisons:
	- idPledge == fromPledge (../sb/0x869ed845f8d4b436ffe778adc0e9ab253e53f0f2.sol#1630)
Reference: https://github.com/crytic/slither/wiki/Detector-Documentation#block-timestamp

LiquidPledgingBase.getCodeHash(address) (../sb/0x869ed845f8d4b436ffe778adc0e9ab253e53f0f2.sol#890-906) uses assembly
	- INLINE ASM (../sb/0x869ed845f8d4b436ffe778adc0e9ab253e53f0f2.sol#892-905)
MiniMeToken.isContract(address) (../sb/0x869ed845f8d4b436ffe778adc0e9ab253e53f0f2.sol#2235-2242) uses assembly
	- INLINE ASM (../sb/0x869ed845f8d4b436ffe778adc0e9ab253e53f0f2.sol#2238-2241)
Reference: https://github.com/crytic/slither/wiki/Detector-Documentation#assembly-usage

Escapable.escapeHatch(address) (../sb/0x869ed845f8d4b436ffe778adc0e9ab253e53f0f2.sol#278-295) compares to a boolean constant:
	-require(bool)(escapeBlacklist[_token] == false) (../sb/0x869ed845f8d4b436ffe778adc0e9ab253e53f0f2.sol#279)
Reference: https://github.com/crytic/slither/wiki/Detector-Documentation#boolean-equality

4 different versions of Solidity are used:
	- Version constraint ^0.4.11 is used by:
		-^0.4.11 (../sb/0x869ed845f8d4b436ffe778adc0e9ab253e53f0f2.sol#2)
		-^0.4.11 (../sb/0x869ed845f8d4b436ffe778adc0e9ab253e53f0f2.sol#311)
		-^0.4.11 (../sb/0x869ed845f8d4b436ffe778adc0e9ab253e53f0f2.sol#910)
	- Version constraint ^0.4.15 is used by:
		-^0.4.15 (../sb/0x869ed845f8d4b436ffe778adc0e9ab253e53f0f2.sol#85)
		-^0.4.15 (../sb/0x869ed845f8d4b436ffe778adc0e9ab253e53f0f2.sol#169)
		-^0.4.15 (../sb/0x869ed845f8d4b436ffe778adc0e9ab253e53f0f2.sol#203)
	- Version constraint ^0.4.18 is used by:
		-^0.4.18 (../sb/0x869ed845f8d4b436ffe778adc0e9ab253e53f0f2.sol#1723)
		-^0.4.18 (../sb/0x869ed845f8d4b436ffe778adc0e9ab253e53f0f2.sol#1742)
		-^0.4.18 (../sb/0x869ed845f8d4b436ffe778adc0e9ab253e53f0f2.sol#1770)
	- Version constraint ^0.4.17 is used by:
		-^0.4.17 (../sb/0x869ed845f8d4b436ffe778adc0e9ab253e53f0f2.sol#2335)
Reference: https://github.com/crytic/slither/wiki/Detector-Documentation#different-pragma-directives-are-used

Escapable.blacklistEscapeToken(address) (../sb/0x869ed845f8d4b436ffe778adc0e9ab253e53f0f2.sol#262-265) is never used and should be removed
Reference: https://github.com/crytic/slither/wiki/Detector-Documentation#dead-code

Deprecated standard detected hPledge = sha3()(owner,delegationChain,intendedProject,commitTime,oldPledge,state) (../sb/0x869ed845f8d4b436ffe778adc0e9ab253e53f0f2.sol#749-750):
	- Usage of "sha3()" should be replaced with "keccak256()"
Reference: https://github.com/crytic/slither/wiki/Detector-Documentation#deprecated-standards

Version constraint ^0.4.11 contains known severe issues (https://solidity.readthedocs.io/en/latest/bugs.html)
	- DirtyBytesArrayToStorage
	- KeccakCaching
	- EmptyByteArrayCopy
	- DynamicArrayCleanup
	- ImplicitConstructorCallvalueCheck
	- TupleAssignmentMultiStackSlotComponents
	- MemoryArrayCreationOverflow
	- privateCanBeOverridden
	- SignedArrayStorageCopy
	- UninitializedFunctionPointerInConstructor_0.4.x
	- IncorrectEventSignatureInLibraries_0.4.x
	- ExpExponentCleanup
	- NestedArrayFunctionCallDecoder
	- ZeroFunctionSelector
	- DelegateCallReturnValue
	- ECRecoverMalformedInput
	- SkipEmptyStringLiteral.
It is used by:
	- ^0.4.11 (../sb/0x869ed845f8d4b436ffe778adc0e9ab253e53f0f2.sol#2)
	- ^0.4.11 (../sb/0x869ed845f8d4b436ffe778adc0e9ab253e53f0f2.sol#311)
	- ^0.4.11 (../sb/0x869ed845f8d4b436ffe778adc0e9ab253e53f0f2.sol#910)
Version constraint ^0.4.15 contains known severe issues (https://solidity.readthedocs.io/en/latest/bugs.html)
	- DirtyBytesArrayToStorage
	- KeccakCaching
	- EmptyByteArrayCopy
	- DynamicArrayCleanup
	- ImplicitConstructorCallvalueCheck
	- TupleAssignmentMultiStackSlotComponents
	- MemoryArrayCreationOverflow
	- privateCanBeOverridden
	- SignedArrayStorageCopy
	- UninitializedFunctionPointerInConstructor_0.4.x
	- IncorrectEventSignatureInLibraries_0.4.x
	- ExpExponentCleanup
	- NestedArrayFunctionCallDecoder
	- ZeroFunctionSelector.
It is used by:
	- ^0.4.15 (../sb/0x869ed845f8d4b436ffe778adc0e9ab253e53f0f2.sol#85)
	- ^0.4.15 (../sb/0x869ed845f8d4b436ffe778adc0e9ab253e53f0f2.sol#169)
	- ^0.4.15 (../sb/0x869ed845f8d4b436ffe778adc0e9ab253e53f0f2.sol#203)
Version constraint ^0.4.18 contains known severe issues (https://solidity.readthedocs.io/en/latest/bugs.html)
	- DirtyBytesArrayToStorage
	- ABIDecodeTwoDimensionalArrayMemory
	- KeccakCaching
	- EmptyByteArrayCopy
	- DynamicArrayCleanup
	- ImplicitConstructorCallvalueCheck
	- TupleAssignmentMultiStackSlotComponents
	- MemoryArrayCreationOverflow
	- privateCanBeOverridden
	- SignedArrayStorageCopy
	- ABIEncoderV2StorageArrayWithMultiSlotElement
	- DynamicConstructorArgumentsClippedABIV2
	- UninitializedFunctionPointerInConstructor_0.4.x
	- IncorrectEventSignatureInLibraries_0.4.x
	- ExpExponentCleanup
	- EventStructWrongData
	- NestedArrayFunctionCallDecoder.
It is used by:
	- ^0.4.18 (../sb/0x869ed845f8d4b436ffe778adc0e9ab253e53f0f2.sol#1723)
	- ^0.4.18 (../sb/0x869ed845f8d4b436ffe778adc0e9ab253e53f0f2.sol#1742)
	- ^0.4.18 (../sb/0x869ed845f8d4b436ffe778adc0e9ab253e53f0f2.sol#1770)
Version constraint ^0.4.17 contains known severe issues (https://solidity.readthedocs.io/en/latest/bugs.html)
	- DirtyBytesArrayToStorage
	- ABIDecodeTwoDimensionalArrayMemory
	- KeccakCaching
	- EmptyByteArrayCopy
	- DynamicArrayCleanup
	- ImplicitConstructorCallvalueCheck
	- TupleAssignmentMultiStackSlotComponents
	- MemoryArrayCreationOverflow
	- privateCanBeOverridden
	- SignedArrayStorageCopy
	- ABIEncoderV2StorageArrayWithMultiSlotElement
	- DynamicConstructorArgumentsClippedABIV2
	- UninitializedFunctionPointerInConstructor_0.4.x
	- IncorrectEventSignatureInLibraries_0.4.x
	- ExpExponentCleanup
	- EventStructWrongData
	- NestedArrayFunctionCallDecoder
	- ZeroFunctionSelector.
It is used by:
	- ^0.4.17 (../sb/0x869ed845f8d4b436ffe778adc0e9ab253e53f0f2.sol#2335)
solc-0.4.26 is an outdated solc version. Use a more recent version (at least 0.8.0), if possible.
Reference: https://github.com/crytic/slither/wiki/Detector-Documentation#incorrect-versions-of-solidity

MiniMeToken (../sb/0x869ed845f8d4b436ffe778adc0e9ab253e53f0f2.sol#1807-2289) should inherit from ERC20 (../sb/0x869ed845f8d4b436ffe778adc0e9ab253e53f0f2.sol#177-200)
LPPDacs (../sb/0x869ed845f8d4b436ffe778adc0e9ab253e53f0f2.sol#2359-2554) should inherit from ILiquidPledgingPlugin (../sb/0x869ed845f8d4b436ffe778adc0e9ab253e53f0f2.sol#26-82)
Reference: https://github.com/crytic/slither/wiki/Detector-Documentation#missing-inheritance

Parameter Owned.proposeOwnership(address)._newOwnerCandidate (../sb/0x869ed845f8d4b436ffe778adc0e9ab253e53f0f2.sol#124) is not in mixedCase
Parameter Owned.changeOwnership(address)._newOwner (../sb/0x869ed845f8d4b436ffe778adc0e9ab253e53f0f2.sol#145) is not in mixedCase
Parameter Owned.removeOwnership(address)._dac (../sb/0x869ed845f8d4b436ffe778adc0e9ab253e53f0f2.sol#160) is not in mixedCase
Parameter Escapable.blacklistEscapeToken(address)._token (../sb/0x869ed845f8d4b436ffe778adc0e9ab253e53f0f2.sol#262) is not in mixedCase
Parameter Escapable.isTokenEscapable(address)._token (../sb/0x869ed845f8d4b436ffe778adc0e9ab253e53f0f2.sol#271) is not in mixedCase
Parameter Escapable.escapeHatch(address)._token (../sb/0x869ed845f8d4b436ffe778adc0e9ab253e53f0f2.sol#278) is not in mixedCase
Parameter Escapable.changeHatchEscapeCaller(address)._newEscapeHatchCaller (../sb/0x869ed845f8d4b436ffe778adc0e9ab253e53f0f2.sol#302) is not in mixedCase
Parameter LiquidPledging.doTransfer(uint64,uint64,uint256)._amount (../sb/0x869ed845f8d4b436ffe778adc0e9ab253e53f0f2.sol#1478) is not in mixedCase
Parameter Controlled.changeController(address)._newController (../sb/0x869ed845f8d4b436ffe778adc0e9ab253e53f0f2.sol#1736) is not in mixedCase
Parameter MiniMeToken.transfer(address,uint256)._to (../sb/0x869ed845f8d4b436ffe778adc0e9ab253e53f0f2.sol#1900) is not in mixedCase
Parameter MiniMeToken.transfer(address,uint256)._amount (../sb/0x869ed845f8d4b436ffe778adc0e9ab253e53f0f2.sol#1900) is not in mixedCase
Parameter MiniMeToken.transferFrom(address,address,uint256)._from (../sb/0x869ed845f8d4b436ffe778adc0e9ab253e53f0f2.sol#1911) is not in mixedCase
Parameter MiniMeToken.transferFrom(address,address,uint256)._to (../sb/0x869ed845f8d4b436ffe778adc0e9ab253e53f0f2.sol#1911) is not in mixedCase
Parameter MiniMeToken.transferFrom(address,address,uint256)._amount (../sb/0x869ed845f8d4b436ffe778adc0e9ab253e53f0f2.sol#1911) is not in mixedCase
Parameter MiniMeToken.doTransfer(address,address,uint256)._from (../sb/0x869ed845f8d4b436ffe778adc0e9ab253e53f0f2.sol#1934) is not in mixedCase
Parameter MiniMeToken.doTransfer(address,address,uint256)._to (../sb/0x869ed845f8d4b436ffe778adc0e9ab253e53f0f2.sol#1934) is not in mixedCase
Parameter MiniMeToken.doTransfer(address,address,uint256)._amount (../sb/0x869ed845f8d4b436ffe778adc0e9ab253e53f0f2.sol#1934) is not in mixedCase
Parameter MiniMeToken.balanceOf(address)._owner (../sb/0x869ed845f8d4b436ffe778adc0e9ab253e53f0f2.sol#1976) is not in mixedCase
Parameter MiniMeToken.approve(address,uint256)._spender (../sb/0x869ed845f8d4b436ffe778adc0e9ab253e53f0f2.sol#1986) is not in mixedCase
Parameter MiniMeToken.approve(address,uint256)._amount (../sb/0x869ed845f8d4b436ffe778adc0e9ab253e53f0f2.sol#1986) is not in mixedCase
Parameter MiniMeToken.allowance(address,address)._owner (../sb/0x869ed845f8d4b436ffe778adc0e9ab253e53f0f2.sol#2010) is not in mixedCase
Parameter MiniMeToken.allowance(address,address)._spender (../sb/0x869ed845f8d4b436ffe778adc0e9ab253e53f0f2.sol#2010) is not in mixedCase
Parameter MiniMeToken.approveAndCall(address,uint256,bytes)._spender (../sb/0x869ed845f8d4b436ffe778adc0e9ab253e53f0f2.sol#2022) is not in mixedCase
Parameter MiniMeToken.approveAndCall(address,uint256,bytes)._amount (../sb/0x869ed845f8d4b436ffe778adc0e9ab253e53f0f2.sol#2022) is not in mixedCase
Parameter MiniMeToken.approveAndCall(address,uint256,bytes)._extraData (../sb/0x869ed845f8d4b436ffe778adc0e9ab253e53f0f2.sol#2022) is not in mixedCase
Parameter MiniMeToken.balanceOfAt(address,uint256)._owner (../sb/0x869ed845f8d4b436ffe778adc0e9ab253e53f0f2.sol#2051) is not in mixedCase
Parameter MiniMeToken.balanceOfAt(address,uint256)._blockNumber (../sb/0x869ed845f8d4b436ffe778adc0e9ab253e53f0f2.sol#2051) is not in mixedCase
Parameter MiniMeToken.totalSupplyAt(uint256)._blockNumber (../sb/0x869ed845f8d4b436ffe778adc0e9ab253e53f0f2.sol#2077) is not in mixedCase
Parameter MiniMeToken.createCloneToken(string,uint8,string,uint256,bool)._cloneTokenName (../sb/0x869ed845f8d4b436ffe778adc0e9ab253e53f0f2.sol#2113) is not in mixedCase
Parameter MiniMeToken.createCloneToken(string,uint8,string,uint256,bool)._cloneDecimalUnits (../sb/0x869ed845f8d4b436ffe778adc0e9ab253e53f0f2.sol#2114) is not in mixedCase
Parameter MiniMeToken.createCloneToken(string,uint8,string,uint256,bool)._cloneTokenSymbol (../sb/0x869ed845f8d4b436ffe778adc0e9ab253e53f0f2.sol#2115) is not in mixedCase
Parameter MiniMeToken.createCloneToken(string,uint8,string,uint256,bool)._snapshotBlock (../sb/0x869ed845f8d4b436ffe778adc0e9ab253e53f0f2.sol#2116) is not in mixedCase
Parameter MiniMeToken.createCloneToken(string,uint8,string,uint256,bool)._transfersEnabled (../sb/0x869ed845f8d4b436ffe778adc0e9ab253e53f0f2.sol#2117) is not in mixedCase
Parameter MiniMeToken.generateTokens(address,uint256)._owner (../sb/0x869ed845f8d4b436ffe778adc0e9ab253e53f0f2.sol#2144) is not in mixedCase
Parameter MiniMeToken.generateTokens(address,uint256)._amount (../sb/0x869ed845f8d4b436ffe778adc0e9ab253e53f0f2.sol#2144) is not in mixedCase
Parameter MiniMeToken.destroyTokens(address,uint256)._owner (../sb/0x869ed845f8d4b436ffe778adc0e9ab253e53f0f2.sol#2161) is not in mixedCase
Parameter MiniMeToken.destroyTokens(address,uint256)._amount (../sb/0x869ed845f8d4b436ffe778adc0e9ab253e53f0f2.sol#2161) is not in mixedCase
Parameter MiniMeToken.enableTransfers(bool)._transfersEnabled (../sb/0x869ed845f8d4b436ffe778adc0e9ab253e53f0f2.sol#2180) is not in mixedCase
Parameter MiniMeToken.getValueAt(MiniMeToken.Checkpoint[],uint256)._block (../sb/0x869ed845f8d4b436ffe778adc0e9ab253e53f0f2.sol#2192) is not in mixedCase
Parameter MiniMeToken.updateValueAtNow(MiniMeToken.Checkpoint[],uint256)._value (../sb/0x869ed845f8d4b436ffe778adc0e9ab253e53f0f2.sol#2219) is not in mixedCase
Parameter MiniMeToken.isContract(address)._addr (../sb/0x869ed845f8d4b436ffe778adc0e9ab253e53f0f2.sol#2235) is not in mixedCase
Parameter MiniMeToken.claimTokens(address)._token (../sb/0x869ed845f8d4b436ffe778adc0e9ab253e53f0f2.sol#2265) is not in mixedCase
Parameter MiniMeTokenFactory.createCloneToken(address,uint256,string,uint8,string,bool)._parentToken (../sb/0x869ed845f8d4b436ffe778adc0e9ab253e53f0f2.sol#2312) is not in mixedCase
Parameter MiniMeTokenFactory.createCloneToken(address,uint256,string,uint8,string,bool)._snapshotBlock (../sb/0x869ed845f8d4b436ffe778adc0e9ab253e53f0f2.sol#2313) is not in mixedCase
Parameter MiniMeTokenFactory.createCloneToken(address,uint256,string,uint8,string,bool)._tokenName (../sb/0x869ed845f8d4b436ffe778adc0e9ab253e53f0f2.sol#2314) is not in mixedCase
Parameter MiniMeTokenFactory.createCloneToken(address,uint256,string,uint8,string,bool)._decimalUnits (../sb/0x869ed845f8d4b436ffe778adc0e9ab253e53f0f2.sol#2315) is not in mixedCase
Parameter MiniMeTokenFactory.createCloneToken(address,uint256,string,uint8,string,bool)._tokenSymbol (../sb/0x869ed845f8d4b436ffe778adc0e9ab253e53f0f2.sol#2316) is not in mixedCase
Parameter MiniMeTokenFactory.createCloneToken(address,uint256,string,uint8,string,bool)._transfersEnabled (../sb/0x869ed845f8d4b436ffe778adc0e9ab253e53f0f2.sol#2317) is not in mixedCase
Reference: https://github.com/crytic/slither/wiki/Detector-Documentation#conformance-to-solidity-naming-conventions

Reentrancy in LiquidPledging.donate(uint64,uint64) (../sb/0x869ed845f8d4b436ffe778adc0e9ab253e53f0f2.sol#965-994):
	External calls:
	- vault.transfer(amount) (../sb/0x869ed845f8d4b436ffe778adc0e9ab253e53f0f2.sol#977)
	State variables written after the call(s):
	- idPledge = findOrCreatePledge(idGiver,new uint64[](0),0,0,0,PledgeState.Pledged) (../sb/0x869ed845f8d4b436ffe778adc0e9ab253e53f0f2.sol#978-985)
		- hPledge2idx[hPledge] = idx (../sb/0x869ed845f8d4b436ffe778adc0e9ab253e53f0f2.sol#754)
	- transfer(idGiver,idPledge,amount,idReceiver) (../sb/0x869ed845f8d4b436ffe778adc0e9ab253e53f0f2.sol#993)
		- hPledge2idx[hPledge] = idx (../sb/0x869ed845f8d4b436ffe778adc0e9ab253e53f0f2.sol#754)
	- idPledge = findOrCreatePledge(idGiver,new uint64[](0),0,0,0,PledgeState.Pledged) (../sb/0x869ed845f8d4b436ffe778adc0e9ab253e53f0f2.sol#978-985)
		- pledges.push(Pledge(0,owner,delegationChain,intendedProject,commitTime,oldPledge,state)) (../sb/0x869ed845f8d4b436ffe778adc0e9ab253e53f0f2.sol#755-756)
	- transfer(idGiver,idPledge,amount,idReceiver) (../sb/0x869ed845f8d4b436ffe778adc0e9ab253e53f0f2.sol#993)
		- pledges.push(Pledge(0,owner,delegationChain,intendedProject,commitTime,oldPledge,state)) (../sb/0x869ed845f8d4b436ffe778adc0e9ab253e53f0f2.sol#755-756)
	Event emitted after the call(s):
	- Transfer(0,idPledge,amount) (../sb/0x869ed845f8d4b436ffe778adc0e9ab253e53f0f2.sol#991)
	- Transfer(from,to,amount) (../sb/0x869ed845f8d4b436ffe778adc0e9ab253e53f0f2.sol#1492)
		- transfer(idGiver,idPledge,amount,idReceiver) (../sb/0x869ed845f8d4b436ffe778adc0e9ab253e53f0f2.sol#993)
Reentrancy in Escapable.escapeHatch(address) (../sb/0x869ed845f8d4b436ffe778adc0e9ab253e53f0f2.sol#278-295):
	External calls:
	- escapeHatchDestination.transfer(balance) (../sb/0x869ed845f8d4b436ffe778adc0e9ab253e53f0f2.sol#286)
	Event emitted after the call(s):
	- EscapeHatchCalled(_token,balance) (../sb/0x869ed845f8d4b436ffe778adc0e9ab253e53f0f2.sol#287)
Reference: https://github.com/crytic/slither/wiki/Detector-Documentation#reentrancy-vulnerabilities-4

LiquidPledging.slitherConstructorConstantVariables() (../sb/0x869ed845f8d4b436ffe778adc0e9ab253e53f0f2.sol#937-1720) uses literals with too many digits:
	- D64 = 0x10000000000000000 (../sb/0x869ed845f8d4b436ffe778adc0e9ab253e53f0f2.sol#1240)
Reference: https://github.com/crytic/slither/wiki/Detector-Documentation#too-many-digits

MiniMeToken.version (../sb/0x869ed845f8d4b436ffe778adc0e9ab253e53f0f2.sol#1812) should be constant 
Reference: https://github.com/crytic/slither/wiki/Detector-Documentation#state-variables-that-could-be-declared-constant

updateGiver(uint64,address,string,string,uint64) should be declared external:
	- LiquidPledgingBase.updateGiver(uint64,address,string,string,uint64) (../sb/0x869ed845f8d4b436ffe778adc0e9ab253e53f0f2.sol#470-485)
addDelegate(string,string,uint64,ILiquidPledgingPlugin) should be declared external:
	- LiquidPledgingBase.addDelegate(string,string,uint64,ILiquidPledgingPlugin) (../sb/0x869ed845f8d4b436ffe778adc0e9ab253e53f0f2.sol#499-521)
updateDelegate(uint64,address,string,string,uint64) should be declared external:
	- LiquidPledgingBase.updateDelegate(uint64,address,string,string,uint64) (../sb/0x869ed845f8d4b436ffe778adc0e9ab253e53f0f2.sol#536-550)
addProject(string,string,address,uint64,uint64,ILiquidPledgingPlugin) should be declared external:
	- LiquidPledgingBase.addProject(string,string,address,uint64,uint64,ILiquidPledgingPlugin) (../sb/0x869ed845f8d4b436ffe778adc0e9ab253e53f0f2.sol#566-596)
updateProject(uint64,address,string,string,uint64) should be declared external:
	- LiquidPledgingBase.updateProject(uint64,address,string,string,uint64) (../sb/0x869ed845f8d4b436ffe778adc0e9ab253e53f0f2.sol#611-626)
mTransfer(uint64,uint256[],uint64) should be declared external:
	- LiquidPledging.mTransfer(uint64,uint256[],uint64) (../sb/0x869ed845f8d4b436ffe778adc0e9ab253e53f0f2.sol#1252-1263)
mWithdraw(uint256[]) should be declared external:
	- LiquidPledging.mWithdraw(uint256[]) (../sb/0x869ed845f8d4b436ffe778adc0e9ab253e53f0f2.sol#1270-1277)
mConfirmPayment(uint256[]) should be declared external:
	- LiquidPledging.mConfirmPayment(uint256[]) (../sb/0x869ed845f8d4b436ffe778adc0e9ab253e53f0f2.sol#1283-1290)
mCancelPayment(uint256[]) should be declared external:
	- LiquidPledging.mCancelPayment(uint256[]) (../sb/0x869ed845f8d4b436ffe778adc0e9ab253e53f0f2.sol#1296-1303)
mNormalizePledge(uint64[]) should be declared external:
	- LiquidPledging.mNormalizePledge(uint64[]) (../sb/0x869ed845f8d4b436ffe778adc0e9ab253e53f0f2.sol#1308-1312)
receiveApproval(address,uint256,address,bytes) should be declared external:
	- ApproveAndCallFallBack.receiveApproval(address,uint256,address,bytes) (../sb/0x869ed845f8d4b436ffe778adc0e9ab253e53f0f2.sol#1801)
approveAndCall(address,uint256,bytes) should be declared external:
	- MiniMeToken.approveAndCall(address,uint256,bytes) (../sb/0x869ed845f8d4b436ffe778adc0e9ab253e53f0f2.sol#2022-2034)
createCloneToken(address,uint256,string,uint8,string,bool) should be declared external:
	- MiniMeTokenFactory.createCloneToken(address,uint256,string,uint8,string,bool) (../sb/0x869ed845f8d4b436ffe778adc0e9ab253e53f0f2.sol#2311-2331)
addDac(string,string,uint64,string,string) should be declared external:
	- LPPDacs.addDac(string,string,uint64,string,string) (../sb/0x869ed845f8d4b436ffe778adc0e9ab253e53f0f2.sol#2457-2476)
addDac(string,string,uint64,MiniMeToken) should be declared external:
	- LPPDacs.addDac(string,string,uint64,MiniMeToken) (../sb/0x869ed845f8d4b436ffe778adc0e9ab253e53f0f2.sol#2478-2493)
Reference: https://github.com/crytic/slither/wiki/Detector-Documentation#public-function-that-could-be-declared-external
/sb/0x869ed845f8d4b436ffe778adc0e9ab253e53f0f2.sol analyzed (13 contracts with 100 detectors), 176 result(s) found
