A new version of Solhint is available: 6.0.1
Please consider updating your Solhint package.
/sb/0x2dd78551c49d739c4a0ae80e4f863e74be39e1cb.sol:4:1: Found more than One contract per file. 6 contracts found! [Warning/one-contract-per-file]
/sb/0x2dd78551c49d739c4a0ae80e4f863e74be39e1cb.sol:4:1: Compiler version ^0.4.2 does not satisfy the ^0.8.24 semver requirement [Error/compiler-version]
/sb/0x2dd78551c49d739c4a0ae80e4f863e74be39e1cb.sol:36:1: Missing @title tag in contract 'OraclizeI' [Warning/use-natspec]
/sb/0x2dd78551c49d739c4a0ae80e4f863e74be39e1cb.sol:36:1: Missing @author tag in contract 'OraclizeI' [Warning/use-natspec]
/sb/0x2dd78551c49d739c4a0ae80e4f863e74be39e1cb.sol:36:1: Missing @notice tag in contract 'OraclizeI' [Warning/use-natspec]
/sb/0x2dd78551c49d739c4a0ae80e4f863e74be39e1cb.sol:37:5: Missing @notice tag in variable 'cbAddress' [Warning/use-natspec]
/sb/0x2dd78551c49d739c4a0ae80e4f863e74be39e1cb.sol:38:5: Missing @notice tag in function 'query' [Warning/use-natspec]
/sb/0x2dd78551c49d739c4a0ae80e4f863e74be39e1cb.sol:38:5: Missing @param tag in function 'query' [Warning/use-natspec]
/sb/0x2dd78551c49d739c4a0ae80e4f863e74be39e1cb.sol:38:5: Mismatch in @param names for function 'query'. Expected: [_timestamp, _datasource, _arg], Found: [] [Warning/use-natspec]
/sb/0x2dd78551c49d739c4a0ae80e4f863e74be39e1cb.sol:38:5: Missing @return tag in function 'query' [Warning/use-natspec]
/sb/0x2dd78551c49d739c4a0ae80e4f863e74be39e1cb.sol:38:5: Mismatch in @return names for function 'query'. Expected: [_id], Found: [] [Warning/use-natspec]
/sb/0x2dd78551c49d739c4a0ae80e4f863e74be39e1cb.sol:38:5: Explicitly mark visibility in function [Warning/func-visibility]
/sb/0x2dd78551c49d739c4a0ae80e4f863e74be39e1cb.sol:38:20: Rule is set with explicit type [var/s: uint] [Warning/explicit-types]
/sb/0x2dd78551c49d739c4a0ae80e4f863e74be39e1cb.sol:39:5: Missing @notice tag in function 'query_withGasLimit' [Warning/use-natspec]
/sb/0x2dd78551c49d739c4a0ae80e4f863e74be39e1cb.sol:39:5: Missing @param tag in function 'query_withGasLimit' [Warning/use-natspec]
/sb/0x2dd78551c49d739c4a0ae80e4f863e74be39e1cb.sol:39:5: Mismatch in @param names for function 'query_withGasLimit'. Expected: [_timestamp, _datasource, _arg, _gaslimit], Found: [] [Warning/use-natspec]
/sb/0x2dd78551c49d739c4a0ae80e4f863e74be39e1cb.sol:39:5: Missing @return tag in function 'query_withGasLimit' [Warning/use-natspec]
/sb/0x2dd78551c49d739c4a0ae80e4f863e74be39e1cb.sol:39:5: Mismatch in @return names for function 'query_withGasLimit'. Expected: [_id], Found: [] [Warning/use-natspec]
/sb/0x2dd78551c49d739c4a0ae80e4f863e74be39e1cb.sol:39:5: Function name must be in mixedCase [Warning/func-name-mixedcase]
/sb/0x2dd78551c49d739c4a0ae80e4f863e74be39e1cb.sol:39:5: Explicitly mark visibility in function [Warning/func-visibility]
/sb/0x2dd78551c49d739c4a0ae80e4f863e74be39e1cb.sol:39:33: Rule is set with explicit type [var/s: uint] [Warning/explicit-types]
/sb/0x2dd78551c49d739c4a0ae80e4f863e74be39e1cb.sol:39:83: Rule is set with explicit type [var/s: uint] [Warning/explicit-types]
/sb/0x2dd78551c49d739c4a0ae80e4f863e74be39e1cb.sol:40:5: Missing @notice tag in function 'query2' [Warning/use-natspec]
/sb/0x2dd78551c49d739c4a0ae80e4f863e74be39e1cb.sol:40:5: Missing @param tag in function 'query2' [Warning/use-natspec]
/sb/0x2dd78551c49d739c4a0ae80e4f863e74be39e1cb.sol:40:5: Mismatch in @param names for function 'query2'. Expected: [_timestamp, _datasource, _arg1, _arg2], Found: [] [Warning/use-natspec]
/sb/0x2dd78551c49d739c4a0ae80e4f863e74be39e1cb.sol:40:5: Missing @return tag in function 'query2' [Warning/use-natspec]
/sb/0x2dd78551c49d739c4a0ae80e4f863e74be39e1cb.sol:40:5: Mismatch in @return names for function 'query2'. Expected: [_id], Found: [] [Warning/use-natspec]
/sb/0x2dd78551c49d739c4a0ae80e4f863e74be39e1cb.sol:40:5: Explicitly mark visibility in function [Warning/func-visibility]
/sb/0x2dd78551c49d739c4a0ae80e4f863e74be39e1cb.sol:40:21: Rule is set with explicit type [var/s: uint] [Warning/explicit-types]
/sb/0x2dd78551c49d739c4a0ae80e4f863e74be39e1cb.sol:41:5: Missing @notice tag in function 'query2_withGasLimit' [Warning/use-natspec]
/sb/0x2dd78551c49d739c4a0ae80e4f863e74be39e1cb.sol:41:5: Missing @param tag in function 'query2_withGasLimit' [Warning/use-natspec]
/sb/0x2dd78551c49d739c4a0ae80e4f863e74be39e1cb.sol:41:5: Mismatch in @param names for function 'query2_withGasLimit'. Expected: [_timestamp, _datasource, _arg1, _arg2, _gaslimit], Found: [] [Warning/use-natspec]
/sb/0x2dd78551c49d739c4a0ae80e4f863e74be39e1cb.sol:41:5: Missing @return tag in function 'query2_withGasLimit' [Warning/use-natspec]
/sb/0x2dd78551c49d739c4a0ae80e4f863e74be39e1cb.sol:41:5: Mismatch in @return names for function 'query2_withGasLimit'. Expected: [_id], Found: [] [Warning/use-natspec]
/sb/0x2dd78551c49d739c4a0ae80e4f863e74be39e1cb.sol:41:5: Function name must be in mixedCase [Warning/func-name-mixedcase]
/sb/0x2dd78551c49d739c4a0ae80e4f863e74be39e1cb.sol:41:5: Explicitly mark visibility in function [Warning/func-visibility]
/sb/0x2dd78551c49d739c4a0ae80e4f863e74be39e1cb.sol:41:34: Rule is set with explicit type [var/s: uint] [Warning/explicit-types]
/sb/0x2dd78551c49d739c4a0ae80e4f863e74be39e1cb.sol:41:99: Rule is set with explicit type [var/s: uint] [Warning/explicit-types]
/sb/0x2dd78551c49d739c4a0ae80e4f863e74be39e1cb.sol:42:5: Missing @notice tag in function 'queryN' [Warning/use-natspec]
/sb/0x2dd78551c49d739c4a0ae80e4f863e74be39e1cb.sol:42:5: Missing @param tag in function 'queryN' [Warning/use-natspec]
/sb/0x2dd78551c49d739c4a0ae80e4f863e74be39e1cb.sol:42:5: Mismatch in @param names for function 'queryN'. Expected: [_timestamp, _datasource, _argN], Found: [] [Warning/use-natspec]
/sb/0x2dd78551c49d739c4a0ae80e4f863e74be39e1cb.sol:42:5: Missing @return tag in function 'queryN' [Warning/use-natspec]
/sb/0x2dd78551c49d739c4a0ae80e4f863e74be39e1cb.sol:42:5: Mismatch in @return names for function 'queryN'. Expected: [_id], Found: [] [Warning/use-natspec]
/sb/0x2dd78551c49d739c4a0ae80e4f863e74be39e1cb.sol:42:5: Explicitly mark visibility in function [Warning/func-visibility]
/sb/0x2dd78551c49d739c4a0ae80e4f863e74be39e1cb.sol:42:21: Rule is set with explicit type [var/s: uint] [Warning/explicit-types]
/sb/0x2dd78551c49d739c4a0ae80e4f863e74be39e1cb.sol:43:5: Missing @notice tag in function 'queryN_withGasLimit' [Warning/use-natspec]
/sb/0x2dd78551c49d739c4a0ae80e4f863e74be39e1cb.sol:43:5: Missing @param tag in function 'queryN_withGasLimit' [Warning/use-natspec]
/sb/0x2dd78551c49d739c4a0ae80e4f863e74be39e1cb.sol:43:5: Mismatch in @param names for function 'queryN_withGasLimit'. Expected: [_timestamp, _datasource, _argN, _gaslimit], Found: [] [Warning/use-natspec]
/sb/0x2dd78551c49d739c4a0ae80e4f863e74be39e1cb.sol:43:5: Missing @return tag in function 'queryN_withGasLimit' [Warning/use-natspec]
/sb/0x2dd78551c49d739c4a0ae80e4f863e74be39e1cb.sol:43:5: Mismatch in @return names for function 'queryN_withGasLimit'. Expected: [_id], Found: [] [Warning/use-natspec]
/sb/0x2dd78551c49d739c4a0ae80e4f863e74be39e1cb.sol:43:5: Function name must be in mixedCase [Warning/func-name-mixedcase]
/sb/0x2dd78551c49d739c4a0ae80e4f863e74be39e1cb.sol:43:5: Explicitly mark visibility in function [Warning/func-visibility]
/sb/0x2dd78551c49d739c4a0ae80e4f863e74be39e1cb.sol:43:34: Rule is set with explicit type [var/s: uint] [Warning/explicit-types]
/sb/0x2dd78551c49d739c4a0ae80e4f863e74be39e1cb.sol:43:84: Rule is set with explicit type [var/s: uint] [Warning/explicit-types]
/sb/0x2dd78551c49d739c4a0ae80e4f863e74be39e1cb.sol:44:5: Missing @notice tag in function 'getPrice' [Warning/use-natspec]
/sb/0x2dd78551c49d739c4a0ae80e4f863e74be39e1cb.sol:44:5: Missing @param tag in function 'getPrice' [Warning/use-natspec]
/sb/0x2dd78551c49d739c4a0ae80e4f863e74be39e1cb.sol:44:5: Mismatch in @param names for function 'getPrice'. Expected: [_datasource], Found: [] [Warning/use-natspec]
/sb/0x2dd78551c49d739c4a0ae80e4f863e74be39e1cb.sol:44:5: Missing @return tag in function 'getPrice' [Warning/use-natspec]
/sb/0x2dd78551c49d739c4a0ae80e4f863e74be39e1cb.sol:44:5: Mismatch in @return names for function 'getPrice'. Expected: [_dsprice], Found: [] [Warning/use-natspec]
/sb/0x2dd78551c49d739c4a0ae80e4f863e74be39e1cb.sol:44:5: Explicitly mark visibility in function [Warning/func-visibility]
/sb/0x2dd78551c49d739c4a0ae80e4f863e74be39e1cb.sol:44:52: Rule is set with explicit type [var/s: uint] [Warning/explicit-types]
/sb/0x2dd78551c49d739c4a0ae80e4f863e74be39e1cb.sol:45:5: Missing @notice tag in function 'getPrice' [Warning/use-natspec]
/sb/0x2dd78551c49d739c4a0ae80e4f863e74be39e1cb.sol:45:5: Missing @param tag in function 'getPrice' [Warning/use-natspec]
/sb/0x2dd78551c49d739c4a0ae80e4f863e74be39e1cb.sol:45:5: Mismatch in @param names for function 'getPrice'. Expected: [_datasource, gaslimit], Found: [] [Warning/use-natspec]
/sb/0x2dd78551c49d739c4a0ae80e4f863e74be39e1cb.sol:45:5: Missing @return tag in function 'getPrice' [Warning/use-natspec]
/sb/0x2dd78551c49d739c4a0ae80e4f863e74be39e1cb.sol:45:5: Mismatch in @return names for function 'getPrice'. Expected: [_dsprice], Found: [] [Warning/use-natspec]
/sb/0x2dd78551c49d739c4a0ae80e4f863e74be39e1cb.sol:45:5: Explicitly mark visibility in function [Warning/func-visibility]
/sb/0x2dd78551c49d739c4a0ae80e4f863e74be39e1cb.sol:45:43: Rule is set with explicit type [var/s: uint] [Warning/explicit-types]
/sb/0x2dd78551c49d739c4a0ae80e4f863e74be39e1cb.sol:45:67: Rule is set with explicit type [var/s: uint] [Warning/explicit-types]
/sb/0x2dd78551c49d739c4a0ae80e4f863e74be39e1cb.sol:46:5: Missing @notice tag in function 'useCoupon' [Warning/use-natspec]
/sb/0x2dd78551c49d739c4a0ae80e4f863e74be39e1cb.sol:46:5: Missing @param tag in function 'useCoupon' [Warning/use-natspec]
/sb/0x2dd78551c49d739c4a0ae80e4f863e74be39e1cb.sol:46:5: Mismatch in @param names for function 'useCoupon'. Expected: [_coupon], Found: [] [Warning/use-natspec]
/sb/0x2dd78551c49d739c4a0ae80e4f863e74be39e1cb.sol:46:5: Explicitly mark visibility in function [Warning/func-visibility]
/sb/0x2dd78551c49d739c4a0ae80e4f863e74be39e1cb.sol:47:5: Missing @notice tag in function 'setProofType' [Warning/use-natspec]
/sb/0x2dd78551c49d739c4a0ae80e4f863e74be39e1cb.sol:47:5: Missing @param tag in function 'setProofType' [Warning/use-natspec]
/sb/0x2dd78551c49d739c4a0ae80e4f863e74be39e1cb.sol:47:5: Mismatch in @param names for function 'setProofType'. Expected: [_proofType], Found: [] [Warning/use-natspec]
/sb/0x2dd78551c49d739c4a0ae80e4f863e74be39e1cb.sol:47:5: Explicitly mark visibility in function [Warning/func-visibility]
/sb/0x2dd78551c49d739c4a0ae80e4f863e74be39e1cb.sol:48:5: Missing @notice tag in function 'setConfig' [Warning/use-natspec]
/sb/0x2dd78551c49d739c4a0ae80e4f863e74be39e1cb.sol:48:5: Missing @param tag in function 'setConfig' [Warning/use-natspec]
/sb/0x2dd78551c49d739c4a0ae80e4f863e74be39e1cb.sol:48:5: Mismatch in @param names for function 'setConfig'. Expected: [_config], Found: [] [Warning/use-natspec]
/sb/0x2dd78551c49d739c4a0ae80e4f863e74be39e1cb.sol:48:5: Explicitly mark visibility in function [Warning/func-visibility]
/sb/0x2dd78551c49d739c4a0ae80e4f863e74be39e1cb.sol:49:5: Missing @notice tag in function 'setCustomGasPrice' [Warning/use-natspec]
/sb/0x2dd78551c49d739c4a0ae80e4f863e74be39e1cb.sol:49:5: Missing @param tag in function 'setCustomGasPrice' [Warning/use-natspec]
/sb/0x2dd78551c49d739c4a0ae80e4f863e74be39e1cb.sol:49:5: Mismatch in @param names for function 'setCustomGasPrice'. Expected: [_gasPrice], Found: [] [Warning/use-natspec]
/sb/0x2dd78551c49d739c4a0ae80e4f863e74be39e1cb.sol:49:5: Explicitly mark visibility in function [Warning/func-visibility]
/sb/0x2dd78551c49d739c4a0ae80e4f863e74be39e1cb.sol:49:32: Rule is set with explicit type [var/s: uint] [Warning/explicit-types]
/sb/0x2dd78551c49d739c4a0ae80e4f863e74be39e1cb.sol:51:1: Missing @title tag in contract 'OraclizeAddrResolverI' [Warning/use-natspec]
/sb/0x2dd78551c49d739c4a0ae80e4f863e74be39e1cb.sol:51:1: Missing @author tag in contract 'OraclizeAddrResolverI' [Warning/use-natspec]
/sb/0x2dd78551c49d739c4a0ae80e4f863e74be39e1cb.sol:51:1: Missing @notice tag in contract 'OraclizeAddrResolverI' [Warning/use-natspec]
/sb/0x2dd78551c49d739c4a0ae80e4f863e74be39e1cb.sol:52:5: Missing @notice tag in function 'getAddress' [Warning/use-natspec]
/sb/0x2dd78551c49d739c4a0ae80e4f863e74be39e1cb.sol:52:5: Missing @return tag in function 'getAddress' [Warning/use-natspec]
/sb/0x2dd78551c49d739c4a0ae80e4f863e74be39e1cb.sol:52:5: Mismatch in @return names for function 'getAddress'. Expected: [_addr], Found: [] [Warning/use-natspec]
/sb/0x2dd78551c49d739c4a0ae80e4f863e74be39e1cb.sol:52:5: Explicitly mark visibility in function [Warning/func-visibility]
/sb/0x2dd78551c49d739c4a0ae80e4f863e74be39e1cb.sol:54:1: Missing @title tag in contract 'usingOraclize' [Warning/use-natspec]
/sb/0x2dd78551c49d739c4a0ae80e4f863e74be39e1cb.sol:54:1: Missing @author tag in contract 'usingOraclize' [Warning/use-natspec]
/sb/0x2dd78551c49d739c4a0ae80e4f863e74be39e1cb.sol:54:1: Missing @notice tag in contract 'usingOraclize' [Warning/use-natspec]
/sb/0x2dd78551c49d739c4a0ae80e4f863e74be39e1cb.sol:54:1: Contract, Structs and Enums should be in CapWords [Warning/contract-name-capwords]
/sb/0x2dd78551c49d739c4a0ae80e4f863e74be39e1cb.sol:55:5: Explicitly mark visibility of state [Warning/state-visibility]
/sb/0x2dd78551c49d739c4a0ae80e4f863e74be39e1cb.sol:55:5: Rule is set with explicit type [var/s: uint] [Warning/explicit-types]
/sb/0x2dd78551c49d739c4a0ae80e4f863e74be39e1cb.sol:55:5: Constant name must be in capitalized SNAKE_CASE [Warning/const-name-snakecase]
/sb/0x2dd78551c49d739c4a0ae80e4f863e74be39e1cb.sol:56:5: Explicitly mark visibility of state [Warning/state-visibility]
/sb/0x2dd78551c49d739c4a0ae80e4f863e74be39e1cb.sol:56:5: Rule is set with explicit type [var/s: uint] [Warning/explicit-types]
/sb/0x2dd78551c49d739c4a0ae80e4f863e74be39e1cb.sol:56:5: Constant name must be in capitalized SNAKE_CASE [Warning/const-name-snakecase]
/sb/0x2dd78551c49d739c4a0ae80e4f863e74be39e1cb.sol:57:5: Explicitly mark visibility of state [Warning/state-visibility]
/sb/0x2dd78551c49d739c4a0ae80e4f863e74be39e1cb.sol:57:5: Rule is set with explicit type [var/s: uint] [Warning/explicit-types]
/sb/0x2dd78551c49d739c4a0ae80e4f863e74be39e1cb.sol:57:5: Constant name must be in capitalized SNAKE_CASE [Warning/const-name-snakecase]
/sb/0x2dd78551c49d739c4a0ae80e4f863e74be39e1cb.sol:58:5: Explicitly mark visibility of state [Warning/state-visibility]
/sb/0x2dd78551c49d739c4a0ae80e4f863e74be39e1cb.sol:58:5: Constant name must be in capitalized SNAKE_CASE [Warning/const-name-snakecase]
/sb/0x2dd78551c49d739c4a0ae80e4f863e74be39e1cb.sol:59:5: Explicitly mark visibility of state [Warning/state-visibility]
/sb/0x2dd78551c49d739c4a0ae80e4f863e74be39e1cb.sol:59:5: Constant name must be in capitalized SNAKE_CASE [Warning/const-name-snakecase]
/sb/0x2dd78551c49d739c4a0ae80e4f863e74be39e1cb.sol:60:5: Explicitly mark visibility of state [Warning/state-visibility]
/sb/0x2dd78551c49d739c4a0ae80e4f863e74be39e1cb.sol:60:5: Constant name must be in capitalized SNAKE_CASE [Warning/const-name-snakecase]
/sb/0x2dd78551c49d739c4a0ae80e4f863e74be39e1cb.sol:61:5: Explicitly mark visibility of state [Warning/state-visibility]
/sb/0x2dd78551c49d739c4a0ae80e4f863e74be39e1cb.sol:61:5: Constant name must be in capitalized SNAKE_CASE [Warning/const-name-snakecase]
/sb/0x2dd78551c49d739c4a0ae80e4f863e74be39e1cb.sol:62:5: Explicitly mark visibility of state [Warning/state-visibility]
/sb/0x2dd78551c49d739c4a0ae80e4f863e74be39e1cb.sol:62:5: Constant name must be in capitalized SNAKE_CASE [Warning/const-name-snakecase]
/sb/0x2dd78551c49d739c4a0ae80e4f863e74be39e1cb.sol:63:5: Explicitly mark visibility of state [Warning/state-visibility]
/sb/0x2dd78551c49d739c4a0ae80e4f863e74be39e1cb.sol:63:5: Constant name must be in capitalized SNAKE_CASE [Warning/const-name-snakecase]
/sb/0x2dd78551c49d739c4a0ae80e4f863e74be39e1cb.sol:64:5: Explicitly mark visibility of state [Warning/state-visibility]
/sb/0x2dd78551c49d739c4a0ae80e4f863e74be39e1cb.sol:64:5: Constant name must be in capitalized SNAKE_CASE [Warning/const-name-snakecase]
/sb/0x2dd78551c49d739c4a0ae80e4f863e74be39e1cb.sol:65:5: Explicitly mark visibility of state [Warning/state-visibility]
/sb/0x2dd78551c49d739c4a0ae80e4f863e74be39e1cb.sol:65:5: Constant name must be in capitalized SNAKE_CASE [Warning/const-name-snakecase]
/sb/0x2dd78551c49d739c4a0ae80e4f863e74be39e1cb.sol:67:5: Explicitly mark visibility of state [Warning/state-visibility]
/sb/0x2dd78551c49d739c4a0ae80e4f863e74be39e1cb.sol:67:5: Variable name must be in mixedCase OAR [Warning/var-name-mixedcase]
/sb/0x2dd78551c49d739c4a0ae80e4f863e74be39e1cb.sol:69:5: Explicitly mark visibility of state [Warning/state-visibility]
/sb/0x2dd78551c49d739c4a0ae80e4f863e74be39e1cb.sol:81:5: Missing @notice tag in function 'oraclize_setNetwork' [Warning/use-natspec]
/sb/0x2dd78551c49d739c4a0ae80e4f863e74be39e1cb.sol:81:5: Missing @param tag in function 'oraclize_setNetwork' [Warning/use-natspec]
/sb/0x2dd78551c49d739c4a0ae80e4f863e74be39e1cb.sol:81:5: Mismatch in @param names for function 'oraclize_setNetwork'. Expected: [networkID], Found: [] [Warning/use-natspec]
/sb/0x2dd78551c49d739c4a0ae80e4f863e74be39e1cb.sol:81:5: Missing @return tag in function 'oraclize_setNetwork' [Warning/use-natspec]
/sb/0x2dd78551c49d739c4a0ae80e4f863e74be39e1cb.sol:81:5: Mismatch in @return count for function 'oraclize_setNetwork'. Expected: 1, Found: 0 [Warning/use-natspec]
/sb/0x2dd78551c49d739c4a0ae80e4f863e74be39e1cb.sol:81:5: Function name must be in mixedCase [Warning/func-name-mixedcase]
/sb/0x2dd78551c49d739c4a0ae80e4f863e74be39e1cb.sol:81:34: Variable "networkID" is unused [Warning/no-unused-vars]
/sb/0x2dd78551c49d739c4a0ae80e4f863e74be39e1cb.sol:109:5: Missing @notice tag in function '__callback' [Warning/use-natspec]
/sb/0x2dd78551c49d739c4a0ae80e4f863e74be39e1cb.sol:109:5: Missing @param tag in function '__callback' [Warning/use-natspec]
/sb/0x2dd78551c49d739c4a0ae80e4f863e74be39e1cb.sol:109:5: Mismatch in @param names for function '__callback'. Expected: [myid, result], Found: [] [Warning/use-natspec]
/sb/0x2dd78551c49d739c4a0ae80e4f863e74be39e1cb.sol:109:5: Explicitly mark visibility in function [Warning/func-visibility]
/sb/0x2dd78551c49d739c4a0ae80e4f863e74be39e1cb.sol:112:5: Missing @notice tag in function '__callback' [Warning/use-natspec]
/sb/0x2dd78551c49d739c4a0ae80e4f863e74be39e1cb.sol:112:5: Missing @param tag in function '__callback' [Warning/use-natspec]
/sb/0x2dd78551c49d739c4a0ae80e4f863e74be39e1cb.sol:112:5: Mismatch in @param names for function '__callback'. Expected: [myid, result, proof], Found: [] [Warning/use-natspec]
/sb/0x2dd78551c49d739c4a0ae80e4f863e74be39e1cb.sol:112:5: Explicitly mark visibility in function [Warning/func-visibility]
/sb/0x2dd78551c49d739c4a0ae80e4f863e74be39e1cb.sol:112:67: Code contains empty blocks [Warning/no-empty-blocks]
/sb/0x2dd78551c49d739c4a0ae80e4f863e74be39e1cb.sol:115:5: Missing @notice tag in function 'oraclize_getPrice' [Warning/use-natspec]
/sb/0x2dd78551c49d739c4a0ae80e4f863e74be39e1cb.sol:115:5: Missing @param tag in function 'oraclize_getPrice' [Warning/use-natspec]
/sb/0x2dd78551c49d739c4a0ae80e4f863e74be39e1cb.sol:115:5: Mismatch in @param names for function 'oraclize_getPrice'. Expected: [datasource], Found: [] [Warning/use-natspec]
/sb/0x2dd78551c49d739c4a0ae80e4f863e74be39e1cb.sol:115:5: Missing @return tag in function 'oraclize_getPrice' [Warning/use-natspec]
/sb/0x2dd78551c49d739c4a0ae80e4f863e74be39e1cb.sol:115:5: Mismatch in @return count for function 'oraclize_getPrice'. Expected: 1, Found: 0 [Warning/use-natspec]
/sb/0x2dd78551c49d739c4a0ae80e4f863e74be39e1cb.sol:115:5: Function name must be in mixedCase [Warning/func-name-mixedcase]
/sb/0x2dd78551c49d739c4a0ae80e4f863e74be39e1cb.sol:115:63: Visibility modifier must be first in list of modifiers [Warning/visibility-modifier-order]
/sb/0x2dd78551c49d739c4a0ae80e4f863e74be39e1cb.sol:115:81: Rule is set with explicit type [var/s: uint] [Warning/explicit-types]
/sb/0x2dd78551c49d739c4a0ae80e4f863e74be39e1cb.sol:119:5: Missing @notice tag in function 'oraclize_getPrice' [Warning/use-natspec]
/sb/0x2dd78551c49d739c4a0ae80e4f863e74be39e1cb.sol:119:5: Missing @param tag in function 'oraclize_getPrice' [Warning/use-natspec]
/sb/0x2dd78551c49d739c4a0ae80e4f863e74be39e1cb.sol:119:5: Mismatch in @param names for function 'oraclize_getPrice'. Expected: [datasource, gaslimit], Found: [] [Warning/use-natspec]
/sb/0x2dd78551c49d739c4a0ae80e4f863e74be39e1cb.sol:119:5: Missing @return tag in function 'oraclize_getPrice' [Warning/use-natspec]
/sb/0x2dd78551c49d739c4a0ae80e4f863e74be39e1cb.sol:119:5: Mismatch in @return count for function 'oraclize_getPrice'. Expected: 1, Found: 0 [Warning/use-natspec]
/sb/0x2dd78551c49d739c4a0ae80e4f863e74be39e1cb.sol:119:5: Function name must be in mixedCase [Warning/func-name-mixedcase]
/sb/0x2dd78551c49d739c4a0ae80e4f863e74be39e1cb.sol:119:78: Visibility modifier must be first in list of modifiers [Warning/visibility-modifier-order]
/sb/0x2dd78551c49d739c4a0ae80e4f863e74be39e1cb.sol:119:51: Rule is set with explicit type [var/s: uint] [Warning/explicit-types]
/sb/0x2dd78551c49d739c4a0ae80e4f863e74be39e1cb.sol:119:96: Rule is set with explicit type [var/s: uint] [Warning/explicit-types]
/sb/0x2dd78551c49d739c4a0ae80e4f863e74be39e1cb.sol:123:5: Missing @notice tag in function 'oraclize_query' [Warning/use-natspec]
/sb/0x2dd78551c49d739c4a0ae80e4f863e74be39e1cb.sol:123:5: Missing @param tag in function 'oraclize_query' [Warning/use-natspec]
/sb/0x2dd78551c49d739c4a0ae80e4f863e74be39e1cb.sol:123:5: Mismatch in @param names for function 'oraclize_query'. Expected: [datasource, arg], Found: [] [Warning/use-natspec]
/sb/0x2dd78551c49d739c4a0ae80e4f863e74be39e1cb.sol:123:5: Missing @return tag in function 'oraclize_query' [Warning/use-natspec]
/sb/0x2dd78551c49d739c4a0ae80e4f863e74be39e1cb.sol:123:5: Mismatch in @return names for function 'oraclize_query'. Expected: [id], Found: [] [Warning/use-natspec]
/sb/0x2dd78551c49d739c4a0ae80e4f863e74be39e1cb.sol:123:5: Function name must be in mixedCase [Warning/func-name-mixedcase]
/sb/0x2dd78551c49d739c4a0ae80e4f863e74be39e1cb.sol:123:72: Visibility modifier must be first in list of modifiers [Warning/visibility-modifier-order]
/sb/0x2dd78551c49d739c4a0ae80e4f863e74be39e1cb.sol:124:9: Rule is set with explicit type [var/s: uint] [Warning/explicit-types]
/sb/0x2dd78551c49d739c4a0ae80e4f863e74be39e1cb.sol:128:5: Missing @notice tag in function 'oraclize_query' [Warning/use-natspec]
/sb/0x2dd78551c49d739c4a0ae80e4f863e74be39e1cb.sol:128:5: Missing @param tag in function 'oraclize_query' [Warning/use-natspec]
/sb/0x2dd78551c49d739c4a0ae80e4f863e74be39e1cb.sol:128:5: Mismatch in @param names for function 'oraclize_query'. Expected: [timestamp, datasource, arg], Found: [] [Warning/use-natspec]
/sb/0x2dd78551c49d739c4a0ae80e4f863e74be39e1cb.sol:128:5: Missing @return tag in function 'oraclize_query' [Warning/use-natspec]
/sb/0x2dd78551c49d739c4a0ae80e4f863e74be39e1cb.sol:128:5: Mismatch in @return names for function 'oraclize_query'. Expected: [id], Found: [] [Warning/use-natspec]
/sb/0x2dd78551c49d739c4a0ae80e4f863e74be39e1cb.sol:128:5: Function name must be in mixedCase [Warning/func-name-mixedcase]
/sb/0x2dd78551c49d739c4a0ae80e4f863e74be39e1cb.sol:128:88: Visibility modifier must be first in list of modifiers [Warning/visibility-modifier-order]
/sb/0x2dd78551c49d739c4a0ae80e4f863e74be39e1cb.sol:128:29: Rule is set with explicit type [var/s: uint] [Warning/explicit-types]
/sb/0x2dd78551c49d739c4a0ae80e4f863e74be39e1cb.sol:129:9: Rule is set with explicit type [var/s: uint] [Warning/explicit-types]
/sb/0x2dd78551c49d739c4a0ae80e4f863e74be39e1cb.sol:133:5: Missing @notice tag in function 'oraclize_query' [Warning/use-natspec]
/sb/0x2dd78551c49d739c4a0ae80e4f863e74be39e1cb.sol:133:5: Missing @param tag in function 'oraclize_query' [Warning/use-natspec]
/sb/0x2dd78551c49d739c4a0ae80e4f863e74be39e1cb.sol:133:5: Mismatch in @param names for function 'oraclize_query'. Expected: [timestamp, datasource, arg, gaslimit], Found: [] [Warning/use-natspec]
/sb/0x2dd78551c49d739c4a0ae80e4f863e74be39e1cb.sol:133:5: Missing @return tag in function 'oraclize_query' [Warning/use-natspec]
/sb/0x2dd78551c49d739c4a0ae80e4f863e74be39e1cb.sol:133:5: Mismatch in @return names for function 'oraclize_query'. Expected: [id], Found: [] [Warning/use-natspec]
/sb/0x2dd78551c49d739c4a0ae80e4f863e74be39e1cb.sol:133:5: Function name must be in mixedCase [Warning/func-name-mixedcase]
/sb/0x2dd78551c49d739c4a0ae80e4f863e74be39e1cb.sol:133:103: Visibility modifier must be first in list of modifiers [Warning/visibility-modifier-order]
/sb/0x2dd78551c49d739c4a0ae80e4f863e74be39e1cb.sol:133:29: Rule is set with explicit type [var/s: uint] [Warning/explicit-types]
/sb/0x2dd78551c49d739c4a0ae80e4f863e74be39e1cb.sol:133:76: Rule is set with explicit type [var/s: uint] [Warning/explicit-types]
/sb/0x2dd78551c49d739c4a0ae80e4f863e74be39e1cb.sol:134:9: Rule is set with explicit type [var/s: uint] [Warning/explicit-types]
/sb/0x2dd78551c49d739c4a0ae80e4f863e74be39e1cb.sol:138:5: Missing @notice tag in function 'oraclize_query' [Warning/use-natspec]
/sb/0x2dd78551c49d739c4a0ae80e4f863e74be39e1cb.sol:138:5: Missing @param tag in function 'oraclize_query' [Warning/use-natspec]
/sb/0x2dd78551c49d739c4a0ae80e4f863e74be39e1cb.sol:138:5: Mismatch in @param names for function 'oraclize_query'. Expected: [datasource, arg, gaslimit], Found: [] [Warning/use-natspec]
/sb/0x2dd78551c49d739c4a0ae80e4f863e74be39e1cb.sol:138:5: Missing @return tag in function 'oraclize_query' [Warning/use-natspec]
/sb/0x2dd78551c49d739c4a0ae80e4f863e74be39e1cb.sol:138:5: Mismatch in @return names for function 'oraclize_query'. Expected: [id], Found: [] [Warning/use-natspec]
/sb/0x2dd78551c49d739c4a0ae80e4f863e74be39e1cb.sol:138:5: Function name must be in mixedCase [Warning/func-name-mixedcase]
/sb/0x2dd78551c49d739c4a0ae80e4f863e74be39e1cb.sol:138:87: Visibility modifier must be first in list of modifiers [Warning/visibility-modifier-order]
/sb/0x2dd78551c49d739c4a0ae80e4f863e74be39e1cb.sol:138:60: Rule is set with explicit type [var/s: uint] [Warning/explicit-types]
/sb/0x2dd78551c49d739c4a0ae80e4f863e74be39e1cb.sol:139:9: Rule is set with explicit type [var/s: uint] [Warning/explicit-types]
/sb/0x2dd78551c49d739c4a0ae80e4f863e74be39e1cb.sol:143:5: Missing @notice tag in function 'oraclize_query' [Warning/use-natspec]
/sb/0x2dd78551c49d739c4a0ae80e4f863e74be39e1cb.sol:143:5: Missing @param tag in function 'oraclize_query' [Warning/use-natspec]
/sb/0x2dd78551c49d739c4a0ae80e4f863e74be39e1cb.sol:143:5: Mismatch in @param names for function 'oraclize_query'. Expected: [datasource, arg1, arg2], Found: [] [Warning/use-natspec]
/sb/0x2dd78551c49d739c4a0ae80e4f863e74be39e1cb.sol:143:5: Missing @return tag in function 'oraclize_query' [Warning/use-natspec]
/sb/0x2dd78551c49d739c4a0ae80e4f863e74be39e1cb.sol:143:5: Mismatch in @return names for function 'oraclize_query'. Expected: [id], Found: [] [Warning/use-natspec]
/sb/0x2dd78551c49d739c4a0ae80e4f863e74be39e1cb.sol:143:5: Function name must be in mixedCase [Warning/func-name-mixedcase]
/sb/0x2dd78551c49d739c4a0ae80e4f863e74be39e1cb.sol:143:86: Visibility modifier must be first in list of modifiers [Warning/visibility-modifier-order]
/sb/0x2dd78551c49d739c4a0ae80e4f863e74be39e1cb.sol:144:9: Rule is set with explicit type [var/s: uint] [Warning/explicit-types]
/sb/0x2dd78551c49d739c4a0ae80e4f863e74be39e1cb.sol:148:5: Missing @notice tag in function 'oraclize_query' [Warning/use-natspec]
/sb/0x2dd78551c49d739c4a0ae80e4f863e74be39e1cb.sol:148:5: Missing @param tag in function 'oraclize_query' [Warning/use-natspec]
/sb/0x2dd78551c49d739c4a0ae80e4f863e74be39e1cb.sol:148:5: Mismatch in @param names for function 'oraclize_query'. Expected: [timestamp, datasource, arg1, arg2], Found: [] [Warning/use-natspec]
/sb/0x2dd78551c49d739c4a0ae80e4f863e74be39e1cb.sol:148:5: Missing @return tag in function 'oraclize_query' [Warning/use-natspec]
/sb/0x2dd78551c49d739c4a0ae80e4f863e74be39e1cb.sol:148:5: Mismatch in @return names for function 'oraclize_query'. Expected: [id], Found: [] [Warning/use-natspec]
/sb/0x2dd78551c49d739c4a0ae80e4f863e74be39e1cb.sol:148:5: Function name must be in mixedCase [Warning/func-name-mixedcase]
/sb/0x2dd78551c49d739c4a0ae80e4f863e74be39e1cb.sol:148:102: Visibility modifier must be first in list of modifiers [Warning/visibility-modifier-order]
/sb/0x2dd78551c49d739c4a0ae80e4f863e74be39e1cb.sol:148:29: Rule is set with explicit type [var/s: uint] [Warning/explicit-types]
/sb/0x2dd78551c49d739c4a0ae80e4f863e74be39e1cb.sol:149:9: Rule is set with explicit type [var/s: uint] [Warning/explicit-types]
/sb/0x2dd78551c49d739c4a0ae80e4f863e74be39e1cb.sol:153:5: Missing @notice tag in function 'oraclize_query' [Warning/use-natspec]
/sb/0x2dd78551c49d739c4a0ae80e4f863e74be39e1cb.sol:153:5: Missing @param tag in function 'oraclize_query' [Warning/use-natspec]
/sb/0x2dd78551c49d739c4a0ae80e4f863e74be39e1cb.sol:153:5: Mismatch in @param names for function 'oraclize_query'. Expected: [timestamp, datasource, arg1, arg2, gaslimit], Found: [] [Warning/use-natspec]
/sb/0x2dd78551c49d739c4a0ae80e4f863e74be39e1cb.sol:153:5: Missing @return tag in function 'oraclize_query' [Warning/use-natspec]
/sb/0x2dd78551c49d739c4a0ae80e4f863e74be39e1cb.sol:153:5: Mismatch in @return names for function 'oraclize_query'. Expected: [id], Found: [] [Warning/use-natspec]
/sb/0x2dd78551c49d739c4a0ae80e4f863e74be39e1cb.sol:153:5: Function name must be in mixedCase [Warning/func-name-mixedcase]
/sb/0x2dd78551c49d739c4a0ae80e4f863e74be39e1cb.sol:153:117: Visibility modifier must be first in list of modifiers [Warning/visibility-modifier-order]
/sb/0x2dd78551c49d739c4a0ae80e4f863e74be39e1cb.sol:153:29: Rule is set with explicit type [var/s: uint] [Warning/explicit-types]
/sb/0x2dd78551c49d739c4a0ae80e4f863e74be39e1cb.sol:153:90: Rule is set with explicit type [var/s: uint] [Warning/explicit-types]
/sb/0x2dd78551c49d739c4a0ae80e4f863e74be39e1cb.sol:154:9: Rule is set with explicit type [var/s: uint] [Warning/explicit-types]
/sb/0x2dd78551c49d739c4a0ae80e4f863e74be39e1cb.sol:158:5: Missing @notice tag in function 'oraclize_query' [Warning/use-natspec]
/sb/0x2dd78551c49d739c4a0ae80e4f863e74be39e1cb.sol:158:5: Missing @param tag in function 'oraclize_query' [Warning/use-natspec]
/sb/0x2dd78551c49d739c4a0ae80e4f863e74be39e1cb.sol:158:5: Mismatch in @param names for function 'oraclize_query'. Expected: [datasource, arg1, arg2, gaslimit], Found: [] [Warning/use-natspec]
/sb/0x2dd78551c49d739c4a0ae80e4f863e74be39e1cb.sol:158:5: Missing @return tag in function 'oraclize_query' [Warning/use-natspec]
/sb/0x2dd78551c49d739c4a0ae80e4f863e74be39e1cb.sol:158:5: Mismatch in @return names for function 'oraclize_query'. Expected: [id], Found: [] [Warning/use-natspec]
/sb/0x2dd78551c49d739c4a0ae80e4f863e74be39e1cb.sol:158:5: Function name must be in mixedCase [Warning/func-name-mixedcase]
/sb/0x2dd78551c49d739c4a0ae80e4f863e74be39e1cb.sol:158:101: Visibility modifier must be first in list of modifiers [Warning/visibility-modifier-order]
/sb/0x2dd78551c49d739c4a0ae80e4f863e74be39e1cb.sol:158:74: Rule is set with explicit type [var/s: uint] [Warning/explicit-types]
/sb/0x2dd78551c49d739c4a0ae80e4f863e74be39e1cb.sol:159:9: Rule is set with explicit type [var/s: uint] [Warning/explicit-types]
/sb/0x2dd78551c49d739c4a0ae80e4f863e74be39e1cb.sol:163:5: Missing @notice tag in function 'oraclize_query' [Warning/use-natspec]
/sb/0x2dd78551c49d739c4a0ae80e4f863e74be39e1cb.sol:163:5: Missing @param tag in function 'oraclize_query' [Warning/use-natspec]
/sb/0x2dd78551c49d739c4a0ae80e4f863e74be39e1cb.sol:163:5: Mismatch in @param names for function 'oraclize_query'. Expected: [datasource, argN], Found: [] [Warning/use-natspec]
/sb/0x2dd78551c49d739c4a0ae80e4f863e74be39e1cb.sol:163:5: Missing @return tag in function 'oraclize_query' [Warning/use-natspec]
/sb/0x2dd78551c49d739c4a0ae80e4f863e74be39e1cb.sol:163:5: Mismatch in @return names for function 'oraclize_query'. Expected: [id], Found: [] [Warning/use-natspec]
/sb/0x2dd78551c49d739c4a0ae80e4f863e74be39e1cb.sol:163:5: Function name must be in mixedCase [Warning/func-name-mixedcase]
/sb/0x2dd78551c49d739c4a0ae80e4f863e74be39e1cb.sol:163:75: Visibility modifier must be first in list of modifiers [Warning/visibility-modifier-order]
/sb/0x2dd78551c49d739c4a0ae80e4f863e74be39e1cb.sol:164:9: Rule is set with explicit type [var/s: uint] [Warning/explicit-types]
/sb/0x2dd78551c49d739c4a0ae80e4f863e74be39e1cb.sol:169:5: Missing @notice tag in function 'oraclize_query' [Warning/use-natspec]
/sb/0x2dd78551c49d739c4a0ae80e4f863e74be39e1cb.sol:169:5: Missing @param tag in function 'oraclize_query' [Warning/use-natspec]
/sb/0x2dd78551c49d739c4a0ae80e4f863e74be39e1cb.sol:169:5: Mismatch in @param names for function 'oraclize_query'. Expected: [timestamp, datasource, argN], Found: [] [Warning/use-natspec]
/sb/0x2dd78551c49d739c4a0ae80e4f863e74be39e1cb.sol:169:5: Missing @return tag in function 'oraclize_query' [Warning/use-natspec]
/sb/0x2dd78551c49d739c4a0ae80e4f863e74be39e1cb.sol:169:5: Mismatch in @return names for function 'oraclize_query'. Expected: [id], Found: [] [Warning/use-natspec]
/sb/0x2dd78551c49d739c4a0ae80e4f863e74be39e1cb.sol:169:5: Function name must be in mixedCase [Warning/func-name-mixedcase]
/sb/0x2dd78551c49d739c4a0ae80e4f863e74be39e1cb.sol:169:91: Visibility modifier must be first in list of modifiers [Warning/visibility-modifier-order]
/sb/0x2dd78551c49d739c4a0ae80e4f863e74be39e1cb.sol:169:29: Rule is set with explicit type [var/s: uint] [Warning/explicit-types]
/sb/0x2dd78551c49d739c4a0ae80e4f863e74be39e1cb.sol:170:9: Rule is set with explicit type [var/s: uint] [Warning/explicit-types]
/sb/0x2dd78551c49d739c4a0ae80e4f863e74be39e1cb.sol:175:5: Missing @notice tag in function 'oraclize_query' [Warning/use-natspec]
/sb/0x2dd78551c49d739c4a0ae80e4f863e74be39e1cb.sol:175:5: Missing @param tag in function 'oraclize_query' [Warning/use-natspec]
/sb/0x2dd78551c49d739c4a0ae80e4f863e74be39e1cb.sol:175:5: Mismatch in @param names for function 'oraclize_query'. Expected: [timestamp, datasource, argN, gaslimit], Found: [] [Warning/use-natspec]
/sb/0x2dd78551c49d739c4a0ae80e4f863e74be39e1cb.sol:175:5: Missing @return tag in function 'oraclize_query' [Warning/use-natspec]
/sb/0x2dd78551c49d739c4a0ae80e4f863e74be39e1cb.sol:175:5: Mismatch in @return names for function 'oraclize_query'. Expected: [id], Found: [] [Warning/use-natspec]
/sb/0x2dd78551c49d739c4a0ae80e4f863e74be39e1cb.sol:175:5: Function name must be in mixedCase [Warning/func-name-mixedcase]
/sb/0x2dd78551c49d739c4a0ae80e4f863e74be39e1cb.sol:175:106: Visibility modifier must be first in list of modifiers [Warning/visibility-modifier-order]
/sb/0x2dd78551c49d739c4a0ae80e4f863e74be39e1cb.sol:175:29: Rule is set with explicit type [var/s: uint] [Warning/explicit-types]
/sb/0x2dd78551c49d739c4a0ae80e4f863e74be39e1cb.sol:175:79: Rule is set with explicit type [var/s: uint] [Warning/explicit-types]
/sb/0x2dd78551c49d739c4a0ae80e4f863e74be39e1cb.sol:176:9: Rule is set with explicit type [var/s: uint] [Warning/explicit-types]
/sb/0x2dd78551c49d739c4a0ae80e4f863e74be39e1cb.sol:181:5: Missing @notice tag in function 'oraclize_query' [Warning/use-natspec]
/sb/0x2dd78551c49d739c4a0ae80e4f863e74be39e1cb.sol:181:5: Missing @param tag in function 'oraclize_query' [Warning/use-natspec]
/sb/0x2dd78551c49d739c4a0ae80e4f863e74be39e1cb.sol:181:5: Mismatch in @param names for function 'oraclize_query'. Expected: [datasource, argN, gaslimit], Found: [] [Warning/use-natspec]
/sb/0x2dd78551c49d739c4a0ae80e4f863e74be39e1cb.sol:181:5: Missing @return tag in function 'oraclize_query' [Warning/use-natspec]
/sb/0x2dd78551c49d739c4a0ae80e4f863e74be39e1cb.sol:181:5: Mismatch in @return names for function 'oraclize_query'. Expected: [id], Found: [] [Warning/use-natspec]
/sb/0x2dd78551c49d739c4a0ae80e4f863e74be39e1cb.sol:181:5: Function name must be in mixedCase [Warning/func-name-mixedcase]
/sb/0x2dd78551c49d739c4a0ae80e4f863e74be39e1cb.sol:181:90: Visibility modifier must be first in list of modifiers [Warning/visibility-modifier-order]
/sb/0x2dd78551c49d739c4a0ae80e4f863e74be39e1cb.sol:181:63: Rule is set with explicit type [var/s: uint] [Warning/explicit-types]
/sb/0x2dd78551c49d739c4a0ae80e4f863e74be39e1cb.sol:182:9: Rule is set with explicit type [var/s: uint] [Warning/explicit-types]
/sb/0x2dd78551c49d739c4a0ae80e4f863e74be39e1cb.sol:187:5: Missing @notice tag in function 'oraclize_query' [Warning/use-natspec]
/sb/0x2dd78551c49d739c4a0ae80e4f863e74be39e1cb.sol:187:5: Missing @param tag in function 'oraclize_query' [Warning/use-natspec]
/sb/0x2dd78551c49d739c4a0ae80e4f863e74be39e1cb.sol:187:5: Mismatch in @param names for function 'oraclize_query'. Expected: [datasource, args], Found: [] [Warning/use-natspec]
/sb/0x2dd78551c49d739c4a0ae80e4f863e74be39e1cb.sol:187:5: Missing @return tag in function 'oraclize_query' [Warning/use-natspec]
/sb/0x2dd78551c49d739c4a0ae80e4f863e74be39e1cb.sol:187:5: Mismatch in @return names for function 'oraclize_query'. Expected: [id], Found: [] [Warning/use-natspec]
/sb/0x2dd78551c49d739c4a0ae80e4f863e74be39e1cb.sol:187:5: Function name must be in mixedCase [Warning/func-name-mixedcase]
/sb/0x2dd78551c49d739c4a0ae80e4f863e74be39e1cb.sol:187:76: Visibility modifier must be first in list of modifiers [Warning/visibility-modifier-order]
/sb/0x2dd78551c49d739c4a0ae80e4f863e74be39e1cb.sol:192:5: Missing @notice tag in function 'oraclize_query' [Warning/use-natspec]
/sb/0x2dd78551c49d739c4a0ae80e4f863e74be39e1cb.sol:192:5: Missing @param tag in function 'oraclize_query' [Warning/use-natspec]
/sb/0x2dd78551c49d739c4a0ae80e4f863e74be39e1cb.sol:192:5: Mismatch in @param names for function 'oraclize_query'. Expected: [timestamp, datasource, args], Found: [] [Warning/use-natspec]
/sb/0x2dd78551c49d739c4a0ae80e4f863e74be39e1cb.sol:192:5: Missing @return tag in function 'oraclize_query' [Warning/use-natspec]
/sb/0x2dd78551c49d739c4a0ae80e4f863e74be39e1cb.sol:192:5: Mismatch in @return names for function 'oraclize_query'. Expected: [id], Found: [] [Warning/use-natspec]
/sb/0x2dd78551c49d739c4a0ae80e4f863e74be39e1cb.sol:192:5: Function name must be in mixedCase [Warning/func-name-mixedcase]
/sb/0x2dd78551c49d739c4a0ae80e4f863e74be39e1cb.sol:192:92: Visibility modifier must be first in list of modifiers [Warning/visibility-modifier-order]
/sb/0x2dd78551c49d739c4a0ae80e4f863e74be39e1cb.sol:192:29: Rule is set with explicit type [var/s: uint] [Warning/explicit-types]
/sb/0x2dd78551c49d739c4a0ae80e4f863e74be39e1cb.sol:197:5: Missing @notice tag in function 'oraclize_query' [Warning/use-natspec]
/sb/0x2dd78551c49d739c4a0ae80e4f863e74be39e1cb.sol:197:5: Missing @param tag in function 'oraclize_query' [Warning/use-natspec]
/sb/0x2dd78551c49d739c4a0ae80e4f863e74be39e1cb.sol:197:5: Mismatch in @param names for function 'oraclize_query'. Expected: [timestamp, datasource, args, gaslimit], Found: [] [Warning/use-natspec]
/sb/0x2dd78551c49d739c4a0ae80e4f863e74be39e1cb.sol:197:5: Missing @return tag in function 'oraclize_query' [Warning/use-natspec]
/sb/0x2dd78551c49d739c4a0ae80e4f863e74be39e1cb.sol:197:5: Mismatch in @return names for function 'oraclize_query'. Expected: [id], Found: [] [Warning/use-natspec]
/sb/0x2dd78551c49d739c4a0ae80e4f863e74be39e1cb.sol:197:5: Function name must be in mixedCase [Warning/func-name-mixedcase]
/sb/0x2dd78551c49d739c4a0ae80e4f863e74be39e1cb.sol:197:107: Visibility modifier must be first in list of modifiers [Warning/visibility-modifier-order]
/sb/0x2dd78551c49d739c4a0ae80e4f863e74be39e1cb.sol:197:29: Rule is set with explicit type [var/s: uint] [Warning/explicit-types]
/sb/0x2dd78551c49d739c4a0ae80e4f863e74be39e1cb.sol:197:80: Rule is set with explicit type [var/s: uint] [Warning/explicit-types]
/sb/0x2dd78551c49d739c4a0ae80e4f863e74be39e1cb.sol:202:5: Missing @notice tag in function 'oraclize_query' [Warning/use-natspec]
/sb/0x2dd78551c49d739c4a0ae80e4f863e74be39e1cb.sol:202:5: Missing @param tag in function 'oraclize_query' [Warning/use-natspec]
/sb/0x2dd78551c49d739c4a0ae80e4f863e74be39e1cb.sol:202:5: Mismatch in @param names for function 'oraclize_query'. Expected: [datasource, args, gaslimit], Found: [] [Warning/use-natspec]
/sb/0x2dd78551c49d739c4a0ae80e4f863e74be39e1cb.sol:202:5: Missing @return tag in function 'oraclize_query' [Warning/use-natspec]
/sb/0x2dd78551c49d739c4a0ae80e4f863e74be39e1cb.sol:202:5: Mismatch in @return names for function 'oraclize_query'. Expected: [id], Found: [] [Warning/use-natspec]
/sb/0x2dd78551c49d739c4a0ae80e4f863e74be39e1cb.sol:202:5: Function name must be in mixedCase [Warning/func-name-mixedcase]
/sb/0x2dd78551c49d739c4a0ae80e4f863e74be39e1cb.sol:202:91: Visibility modifier must be first in list of modifiers [Warning/visibility-modifier-order]
/sb/0x2dd78551c49d739c4a0ae80e4f863e74be39e1cb.sol:202:64: Rule is set with explicit type [var/s: uint] [Warning/explicit-types]
/sb/0x2dd78551c49d739c4a0ae80e4f863e74be39e1cb.sol:208:5: Missing @notice tag in function 'oraclize_query' [Warning/use-natspec]
/sb/0x2dd78551c49d739c4a0ae80e4f863e74be39e1cb.sol:208:5: Missing @param tag in function 'oraclize_query' [Warning/use-natspec]
/sb/0x2dd78551c49d739c4a0ae80e4f863e74be39e1cb.sol:208:5: Mismatch in @param names for function 'oraclize_query'. Expected: [datasource, args], Found: [] [Warning/use-natspec]
/sb/0x2dd78551c49d739c4a0ae80e4f863e74be39e1cb.sol:208:5: Missing @return tag in function 'oraclize_query' [Warning/use-natspec]
/sb/0x2dd78551c49d739c4a0ae80e4f863e74be39e1cb.sol:208:5: Mismatch in @return names for function 'oraclize_query'. Expected: [id], Found: [] [Warning/use-natspec]
/sb/0x2dd78551c49d739c4a0ae80e4f863e74be39e1cb.sol:208:5: Function name must be in mixedCase [Warning/func-name-mixedcase]
/sb/0x2dd78551c49d739c4a0ae80e4f863e74be39e1cb.sol:208:76: Visibility modifier must be first in list of modifiers [Warning/visibility-modifier-order]
/sb/0x2dd78551c49d739c4a0ae80e4f863e74be39e1cb.sol:214:5: Missing @notice tag in function 'oraclize_query' [Warning/use-natspec]
/sb/0x2dd78551c49d739c4a0ae80e4f863e74be39e1cb.sol:214:5: Missing @param tag in function 'oraclize_query' [Warning/use-natspec]
/sb/0x2dd78551c49d739c4a0ae80e4f863e74be39e1cb.sol:214:5: Mismatch in @param names for function 'oraclize_query'. Expected: [timestamp, datasource, args], Found: [] [Warning/use-natspec]
/sb/0x2dd78551c49d739c4a0ae80e4f863e74be39e1cb.sol:214:5: Missing @return tag in function 'oraclize_query' [Warning/use-natspec]
/sb/0x2dd78551c49d739c4a0ae80e4f863e74be39e1cb.sol:214:5: Mismatch in @return names for function 'oraclize_query'. Expected: [id], Found: [] [Warning/use-natspec]
/sb/0x2dd78551c49d739c4a0ae80e4f863e74be39e1cb.sol:214:5: Function name must be in mixedCase [Warning/func-name-mixedcase]
/sb/0x2dd78551c49d739c4a0ae80e4f863e74be39e1cb.sol:214:92: Visibility modifier must be first in list of modifiers [Warning/visibility-modifier-order]
/sb/0x2dd78551c49d739c4a0ae80e4f863e74be39e1cb.sol:214:29: Rule is set with explicit type [var/s: uint] [Warning/explicit-types]
/sb/0x2dd78551c49d739c4a0ae80e4f863e74be39e1cb.sol:220:5: Missing @notice tag in function 'oraclize_query' [Warning/use-natspec]
/sb/0x2dd78551c49d739c4a0ae80e4f863e74be39e1cb.sol:220:5: Missing @param tag in function 'oraclize_query' [Warning/use-natspec]
/sb/0x2dd78551c49d739c4a0ae80e4f863e74be39e1cb.sol:220:5: Mismatch in @param names for function 'oraclize_query'. Expected: [timestamp, datasource, args, gaslimit], Found: [] [Warning/use-natspec]
/sb/0x2dd78551c49d739c4a0ae80e4f863e74be39e1cb.sol:220:5: Missing @return tag in function 'oraclize_query' [Warning/use-natspec]
/sb/0x2dd78551c49d739c4a0ae80e4f863e74be39e1cb.sol:220:5: Mismatch in @return names for function 'oraclize_query'. Expected: [id], Found: [] [Warning/use-natspec]
/sb/0x2dd78551c49d739c4a0ae80e4f863e74be39e1cb.sol:220:5: Function name must be in mixedCase [Warning/func-name-mixedcase]
/sb/0x2dd78551c49d739c4a0ae80e4f863e74be39e1cb.sol:220:107: Visibility modifier must be first in list of modifiers [Warning/visibility-modifier-order]
/sb/0x2dd78551c49d739c4a0ae80e4f863e74be39e1cb.sol:220:29: Rule is set with explicit type [var/s: uint] [Warning/explicit-types]
/sb/0x2dd78551c49d739c4a0ae80e4f863e74be39e1cb.sol:220:80: Rule is set with explicit type [var/s: uint] [Warning/explicit-types]
/sb/0x2dd78551c49d739c4a0ae80e4f863e74be39e1cb.sol:226:5: Missing @notice tag in function 'oraclize_query' [Warning/use-natspec]
/sb/0x2dd78551c49d739c4a0ae80e4f863e74be39e1cb.sol:226:5: Missing @param tag in function 'oraclize_query' [Warning/use-natspec]
/sb/0x2dd78551c49d739c4a0ae80e4f863e74be39e1cb.sol:226:5: Mismatch in @param names for function 'oraclize_query'. Expected: [datasource, args, gaslimit], Found: [] [Warning/use-natspec]
/sb/0x2dd78551c49d739c4a0ae80e4f863e74be39e1cb.sol:226:5: Missing @return tag in function 'oraclize_query' [Warning/use-natspec]
/sb/0x2dd78551c49d739c4a0ae80e4f863e74be39e1cb.sol:226:5: Mismatch in @return names for function 'oraclize_query'. Expected: [id], Found: [] [Warning/use-natspec]
/sb/0x2dd78551c49d739c4a0ae80e4f863e74be39e1cb.sol:226:5: Function name must be in mixedCase [Warning/func-name-mixedcase]
/sb/0x2dd78551c49d739c4a0ae80e4f863e74be39e1cb.sol:226:91: Visibility modifier must be first in list of modifiers [Warning/visibility-modifier-order]
/sb/0x2dd78551c49d739c4a0ae80e4f863e74be39e1cb.sol:226:64: Rule is set with explicit type [var/s: uint] [Warning/explicit-types]
/sb/0x2dd78551c49d739c4a0ae80e4f863e74be39e1cb.sol:232:5: Missing @notice tag in function 'oraclize_query' [Warning/use-natspec]
/sb/0x2dd78551c49d739c4a0ae80e4f863e74be39e1cb.sol:232:5: Missing @param tag in function 'oraclize_query' [Warning/use-natspec]
/sb/0x2dd78551c49d739c4a0ae80e4f863e74be39e1cb.sol:232:5: Mismatch in @param names for function 'oraclize_query'. Expected: [datasource, args], Found: [] [Warning/use-natspec]
/sb/0x2dd78551c49d739c4a0ae80e4f863e74be39e1cb.sol:232:5: Missing @return tag in function 'oraclize_query' [Warning/use-natspec]
/sb/0x2dd78551c49d739c4a0ae80e4f863e74be39e1cb.sol:232:5: Mismatch in @return names for function 'oraclize_query'. Expected: [id], Found: [] [Warning/use-natspec]
/sb/0x2dd78551c49d739c4a0ae80e4f863e74be39e1cb.sol:232:5: Function name must be in mixedCase [Warning/func-name-mixedcase]
/sb/0x2dd78551c49d739c4a0ae80e4f863e74be39e1cb.sol:232:76: Visibility modifier must be first in list of modifiers [Warning/visibility-modifier-order]
/sb/0x2dd78551c49d739c4a0ae80e4f863e74be39e1cb.sol:239:5: Missing @notice tag in function 'oraclize_query' [Warning/use-natspec]
/sb/0x2dd78551c49d739c4a0ae80e4f863e74be39e1cb.sol:239:5: Missing @param tag in function 'oraclize_query' [Warning/use-natspec]
/sb/0x2dd78551c49d739c4a0ae80e4f863e74be39e1cb.sol:239:5: Mismatch in @param names for function 'oraclize_query'. Expected: [timestamp, datasource, args], Found: [] [Warning/use-natspec]
/sb/0x2dd78551c49d739c4a0ae80e4f863e74be39e1cb.sol:239:5: Missing @return tag in function 'oraclize_query' [Warning/use-natspec]
/sb/0x2dd78551c49d739c4a0ae80e4f863e74be39e1cb.sol:239:5: Mismatch in @return names for function 'oraclize_query'. Expected: [id], Found: [] [Warning/use-natspec]
/sb/0x2dd78551c49d739c4a0ae80e4f863e74be39e1cb.sol:239:5: Function name must be in mixedCase [Warning/func-name-mixedcase]
/sb/0x2dd78551c49d739c4a0ae80e4f863e74be39e1cb.sol:239:92: Visibility modifier must be first in list of modifiers [Warning/visibility-modifier-order]
/sb/0x2dd78551c49d739c4a0ae80e4f863e74be39e1cb.sol:239:29: Rule is set with explicit type [var/s: uint] [Warning/explicit-types]
/sb/0x2dd78551c49d739c4a0ae80e4f863e74be39e1cb.sol:246:5: Missing @notice tag in function 'oraclize_query' [Warning/use-natspec]
/sb/0x2dd78551c49d739c4a0ae80e4f863e74be39e1cb.sol:246:5: Missing @param tag in function 'oraclize_query' [Warning/use-natspec]
/sb/0x2dd78551c49d739c4a0ae80e4f863e74be39e1cb.sol:246:5: Mismatch in @param names for function 'oraclize_query'. Expected: [timestamp, datasource, args, gaslimit], Found: [] [Warning/use-natspec]
/sb/0x2dd78551c49d739c4a0ae80e4f863e74be39e1cb.sol:246:5: Missing @return tag in function 'oraclize_query' [Warning/use-natspec]
/sb/0x2dd78551c49d739c4a0ae80e4f863e74be39e1cb.sol:246:5: Mismatch in @return names for function 'oraclize_query'. Expected: [id], Found: [] [Warning/use-natspec]
/sb/0x2dd78551c49d739c4a0ae80e4f863e74be39e1cb.sol:246:5: Function name must be in mixedCase [Warning/func-name-mixedcase]
/sb/0x2dd78551c49d739c4a0ae80e4f863e74be39e1cb.sol:246:107: Visibility modifier must be first in list of modifiers [Warning/visibility-modifier-order]
/sb/0x2dd78551c49d739c4a0ae80e4f863e74be39e1cb.sol:246:29: Rule is set with explicit type [var/s: uint] [Warning/explicit-types]
/sb/0x2dd78551c49d739c4a0ae80e4f863e74be39e1cb.sol:246:80: Rule is set with explicit type [var/s: uint] [Warning/explicit-types]
/sb/0x2dd78551c49d739c4a0ae80e4f863e74be39e1cb.sol:253:5: Missing @notice tag in function 'oraclize_query' [Warning/use-natspec]
/sb/0x2dd78551c49d739c4a0ae80e4f863e74be39e1cb.sol:253:5: Missing @param tag in function 'oraclize_query' [Warning/use-natspec]
/sb/0x2dd78551c49d739c4a0ae80e4f863e74be39e1cb.sol:253:5: Mismatch in @param names for function 'oraclize_query'. Expected: [datasource, args, gaslimit], Found: [] [Warning/use-natspec]
/sb/0x2dd78551c49d739c4a0ae80e4f863e74be39e1cb.sol:253:5: Missing @return tag in function 'oraclize_query' [Warning/use-natspec]
/sb/0x2dd78551c49d739c4a0ae80e4f863e74be39e1cb.sol:253:5: Mismatch in @return names for function 'oraclize_query'. Expected: [id], Found: [] [Warning/use-natspec]
/sb/0x2dd78551c49d739c4a0ae80e4f863e74be39e1cb.sol:253:5: Function name must be in mixedCase [Warning/func-name-mixedcase]
/sb/0x2dd78551c49d739c4a0ae80e4f863e74be39e1cb.sol:253:91: Visibility modifier must be first in list of modifiers [Warning/visibility-modifier-order]
/sb/0x2dd78551c49d739c4a0ae80e4f863e74be39e1cb.sol:253:64: Rule is set with explicit type [var/s: uint] [Warning/explicit-types]
/sb/0x2dd78551c49d739c4a0ae80e4f863e74be39e1cb.sol:261:5: Missing @notice tag in function 'oraclize_query' [Warning/use-natspec]
/sb/0x2dd78551c49d739c4a0ae80e4f863e74be39e1cb.sol:261:5: Missing @param tag in function 'oraclize_query' [Warning/use-natspec]
/sb/0x2dd78551c49d739c4a0ae80e4f863e74be39e1cb.sol:261:5: Mismatch in @param names for function 'oraclize_query'. Expected: [datasource, args], Found: [] [Warning/use-natspec]
/sb/0x2dd78551c49d739c4a0ae80e4f863e74be39e1cb.sol:261:5: Missing @return tag in function 'oraclize_query' [Warning/use-natspec]
/sb/0x2dd78551c49d739c4a0ae80e4f863e74be39e1cb.sol:261:5: Mismatch in @return names for function 'oraclize_query'. Expected: [id], Found: [] [Warning/use-natspec]
/sb/0x2dd78551c49d739c4a0ae80e4f863e74be39e1cb.sol:261:5: Function name must be in mixedCase [Warning/func-name-mixedcase]
/sb/0x2dd78551c49d739c4a0ae80e4f863e74be39e1cb.sol:261:76: Visibility modifier must be first in list of modifiers [Warning/visibility-modifier-order]
/sb/0x2dd78551c49d739c4a0ae80e4f863e74be39e1cb.sol:269:5: Missing @notice tag in function 'oraclize_query' [Warning/use-natspec]
/sb/0x2dd78551c49d739c4a0ae80e4f863e74be39e1cb.sol:269:5: Missing @param tag in function 'oraclize_query' [Warning/use-natspec]
/sb/0x2dd78551c49d739c4a0ae80e4f863e74be39e1cb.sol:269:5: Mismatch in @param names for function 'oraclize_query'. Expected: [timestamp, datasource, args], Found: [] [Warning/use-natspec]
/sb/0x2dd78551c49d739c4a0ae80e4f863e74be39e1cb.sol:269:5: Missing @return tag in function 'oraclize_query' [Warning/use-natspec]
/sb/0x2dd78551c49d739c4a0ae80e4f863e74be39e1cb.sol:269:5: Mismatch in @return names for function 'oraclize_query'. Expected: [id], Found: [] [Warning/use-natspec]
/sb/0x2dd78551c49d739c4a0ae80e4f863e74be39e1cb.sol:269:5: Function name must be in mixedCase [Warning/func-name-mixedcase]
/sb/0x2dd78551c49d739c4a0ae80e4f863e74be39e1cb.sol:269:92: Visibility modifier must be first in list of modifiers [Warning/visibility-modifier-order]
/sb/0x2dd78551c49d739c4a0ae80e4f863e74be39e1cb.sol:269:29: Rule is set with explicit type [var/s: uint] [Warning/explicit-types]
/sb/0x2dd78551c49d739c4a0ae80e4f863e74be39e1cb.sol:277:5: Missing @notice tag in function 'oraclize_query' [Warning/use-natspec]
/sb/0x2dd78551c49d739c4a0ae80e4f863e74be39e1cb.sol:277:5: Missing @param tag in function 'oraclize_query' [Warning/use-natspec]
/sb/0x2dd78551c49d739c4a0ae80e4f863e74be39e1cb.sol:277:5: Mismatch in @param names for function 'oraclize_query'. Expected: [timestamp, datasource, args, gaslimit], Found: [] [Warning/use-natspec]
/sb/0x2dd78551c49d739c4a0ae80e4f863e74be39e1cb.sol:277:5: Missing @return tag in function 'oraclize_query' [Warning/use-natspec]
/sb/0x2dd78551c49d739c4a0ae80e4f863e74be39e1cb.sol:277:5: Mismatch in @return names for function 'oraclize_query'. Expected: [id], Found: [] [Warning/use-natspec]
/sb/0x2dd78551c49d739c4a0ae80e4f863e74be39e1cb.sol:277:5: Function name must be in mixedCase [Warning/func-name-mixedcase]
/sb/0x2dd78551c49d739c4a0ae80e4f863e74be39e1cb.sol:277:107: Visibility modifier must be first in list of modifiers [Warning/visibility-modifier-order]
/sb/0x2dd78551c49d739c4a0ae80e4f863e74be39e1cb.sol:277:29: Rule is set with explicit type [var/s: uint] [Warning/explicit-types]
/sb/0x2dd78551c49d739c4a0ae80e4f863e74be39e1cb.sol:277:80: Rule is set with explicit type [var/s: uint] [Warning/explicit-types]
/sb/0x2dd78551c49d739c4a0ae80e4f863e74be39e1cb.sol:285:5: Missing @notice tag in function 'oraclize_query' [Warning/use-natspec]
/sb/0x2dd78551c49d739c4a0ae80e4f863e74be39e1cb.sol:285:5: Missing @param tag in function 'oraclize_query' [Warning/use-natspec]
/sb/0x2dd78551c49d739c4a0ae80e4f863e74be39e1cb.sol:285:5: Mismatch in @param names for function 'oraclize_query'. Expected: [datasource, args, gaslimit], Found: [] [Warning/use-natspec]
/sb/0x2dd78551c49d739c4a0ae80e4f863e74be39e1cb.sol:285:5: Missing @return tag in function 'oraclize_query' [Warning/use-natspec]
/sb/0x2dd78551c49d739c4a0ae80e4f863e74be39e1cb.sol:285:5: Mismatch in @return names for function 'oraclize_query'. Expected: [id], Found: [] [Warning/use-natspec]
/sb/0x2dd78551c49d739c4a0ae80e4f863e74be39e1cb.sol:285:5: Function name must be in mixedCase [Warning/func-name-mixedcase]
/sb/0x2dd78551c49d739c4a0ae80e4f863e74be39e1cb.sol:285:91: Visibility modifier must be first in list of modifiers [Warning/visibility-modifier-order]
/sb/0x2dd78551c49d739c4a0ae80e4f863e74be39e1cb.sol:285:64: Rule is set with explicit type [var/s: uint] [Warning/explicit-types]
/sb/0x2dd78551c49d739c4a0ae80e4f863e74be39e1cb.sol:293:5: Missing @notice tag in function 'oraclize_query' [Warning/use-natspec]
/sb/0x2dd78551c49d739c4a0ae80e4f863e74be39e1cb.sol:293:5: Missing @param tag in function 'oraclize_query' [Warning/use-natspec]
/sb/0x2dd78551c49d739c4a0ae80e4f863e74be39e1cb.sol:293:5: Mismatch in @param names for function 'oraclize_query'. Expected: [datasource, args], Found: [] [Warning/use-natspec]
/sb/0x2dd78551c49d739c4a0ae80e4f863e74be39e1cb.sol:293:5: Missing @return tag in function 'oraclize_query' [Warning/use-natspec]
/sb/0x2dd78551c49d739c4a0ae80e4f863e74be39e1cb.sol:293:5: Mismatch in @return names for function 'oraclize_query'. Expected: [id], Found: [] [Warning/use-natspec]
/sb/0x2dd78551c49d739c4a0ae80e4f863e74be39e1cb.sol:293:5: Function name must be in mixedCase [Warning/func-name-mixedcase]
/sb/0x2dd78551c49d739c4a0ae80e4f863e74be39e1cb.sol:293:76: Visibility modifier must be first in list of modifiers [Warning/visibility-modifier-order]
/sb/0x2dd78551c49d739c4a0ae80e4f863e74be39e1cb.sol:302:5: Missing @notice tag in function 'oraclize_query' [Warning/use-natspec]
/sb/0x2dd78551c49d739c4a0ae80e4f863e74be39e1cb.sol:302:5: Missing @param tag in function 'oraclize_query' [Warning/use-natspec]
/sb/0x2dd78551c49d739c4a0ae80e4f863e74be39e1cb.sol:302:5: Mismatch in @param names for function 'oraclize_query'. Expected: [timestamp, datasource, args], Found: [] [Warning/use-natspec]
/sb/0x2dd78551c49d739c4a0ae80e4f863e74be39e1cb.sol:302:5: Missing @return tag in function 'oraclize_query' [Warning/use-natspec]
/sb/0x2dd78551c49d739c4a0ae80e4f863e74be39e1cb.sol:302:5: Mismatch in @return names for function 'oraclize_query'. Expected: [id], Found: [] [Warning/use-natspec]
/sb/0x2dd78551c49d739c4a0ae80e4f863e74be39e1cb.sol:302:5: Function name must be in mixedCase [Warning/func-name-mixedcase]
/sb/0x2dd78551c49d739c4a0ae80e4f863e74be39e1cb.sol:302:92: Visibility modifier must be first in list of modifiers [Warning/visibility-modifier-order]
/sb/0x2dd78551c49d739c4a0ae80e4f863e74be39e1cb.sol:302:29: Rule is set with explicit type [var/s: uint] [Warning/explicit-types]
/sb/0x2dd78551c49d739c4a0ae80e4f863e74be39e1cb.sol:311:5: Missing @notice tag in function 'oraclize_query' [Warning/use-natspec]
/sb/0x2dd78551c49d739c4a0ae80e4f863e74be39e1cb.sol:311:5: Missing @param tag in function 'oraclize_query' [Warning/use-natspec]
/sb/0x2dd78551c49d739c4a0ae80e4f863e74be39e1cb.sol:311:5: Mismatch in @param names for function 'oraclize_query'. Expected: [timestamp, datasource, args, gaslimit], Found: [] [Warning/use-natspec]
/sb/0x2dd78551c49d739c4a0ae80e4f863e74be39e1cb.sol:311:5: Missing @return tag in function 'oraclize_query' [Warning/use-natspec]
/sb/0x2dd78551c49d739c4a0ae80e4f863e74be39e1cb.sol:311:5: Mismatch in @return names for function 'oraclize_query'. Expected: [id], Found: [] [Warning/use-natspec]
/sb/0x2dd78551c49d739c4a0ae80e4f863e74be39e1cb.sol:311:5: Function name must be in mixedCase [Warning/func-name-mixedcase]
/sb/0x2dd78551c49d739c4a0ae80e4f863e74be39e1cb.sol:311:107: Visibility modifier must be first in list of modifiers [Warning/visibility-modifier-order]
/sb/0x2dd78551c49d739c4a0ae80e4f863e74be39e1cb.sol:311:29: Rule is set with explicit type [var/s: uint] [Warning/explicit-types]
/sb/0x2dd78551c49d739c4a0ae80e4f863e74be39e1cb.sol:311:80: Rule is set with explicit type [var/s: uint] [Warning/explicit-types]
/sb/0x2dd78551c49d739c4a0ae80e4f863e74be39e1cb.sol:320:5: Missing @notice tag in function 'oraclize_query' [Warning/use-natspec]
/sb/0x2dd78551c49d739c4a0ae80e4f863e74be39e1cb.sol:320:5: Missing @param tag in function 'oraclize_query' [Warning/use-natspec]
/sb/0x2dd78551c49d739c4a0ae80e4f863e74be39e1cb.sol:320:5: Mismatch in @param names for function 'oraclize_query'. Expected: [datasource, args, gaslimit], Found: [] [Warning/use-natspec]
/sb/0x2dd78551c49d739c4a0ae80e4f863e74be39e1cb.sol:320:5: Missing @return tag in function 'oraclize_query' [Warning/use-natspec]
/sb/0x2dd78551c49d739c4a0ae80e4f863e74be39e1cb.sol:320:5: Mismatch in @return names for function 'oraclize_query'. Expected: [id], Found: [] [Warning/use-natspec]
/sb/0x2dd78551c49d739c4a0ae80e4f863e74be39e1cb.sol:320:5: Function name must be in mixedCase [Warning/func-name-mixedcase]
/sb/0x2dd78551c49d739c4a0ae80e4f863e74be39e1cb.sol:320:91: Visibility modifier must be first in list of modifiers [Warning/visibility-modifier-order]
/sb/0x2dd78551c49d739c4a0ae80e4f863e74be39e1cb.sol:320:64: Rule is set with explicit type [var/s: uint] [Warning/explicit-types]
/sb/0x2dd78551c49d739c4a0ae80e4f863e74be39e1cb.sol:330:5: Missing @notice tag in function 'oraclize_cbAddress' [Warning/use-natspec]
/sb/0x2dd78551c49d739c4a0ae80e4f863e74be39e1cb.sol:330:5: Missing @return tag in function 'oraclize_cbAddress' [Warning/use-natspec]
/sb/0x2dd78551c49d739c4a0ae80e4f863e74be39e1cb.sol:330:5: Mismatch in @return count for function 'oraclize_cbAddress'. Expected: 1, Found: 0 [Warning/use-natspec]
/sb/0x2dd78551c49d739c4a0ae80e4f863e74be39e1cb.sol:330:5: Function name must be in mixedCase [Warning/func-name-mixedcase]
/sb/0x2dd78551c49d739c4a0ae80e4f863e74be39e1cb.sol:330:47: Visibility modifier must be first in list of modifiers [Warning/visibility-modifier-order]
/sb/0x2dd78551c49d739c4a0ae80e4f863e74be39e1cb.sol:333:5: Missing @notice tag in function 'oraclize_setProof' [Warning/use-natspec]
/sb/0x2dd78551c49d739c4a0ae80e4f863e74be39e1cb.sol:333:5: Missing @param tag in function 'oraclize_setProof' [Warning/use-natspec]
/sb/0x2dd78551c49d739c4a0ae80e4f863e74be39e1cb.sol:333:5: Mismatch in @param names for function 'oraclize_setProof'. Expected: [proofP], Found: [] [Warning/use-natspec]
/sb/0x2dd78551c49d739c4a0ae80e4f863e74be39e1cb.sol:333:5: Function name must be in mixedCase [Warning/func-name-mixedcase]
/sb/0x2dd78551c49d739c4a0ae80e4f863e74be39e1cb.sol:333:57: Visibility modifier must be first in list of modifiers [Warning/visibility-modifier-order]
/sb/0x2dd78551c49d739c4a0ae80e4f863e74be39e1cb.sol:336:5: Missing @notice tag in function 'oraclize_setCustomGasPrice' [Warning/use-natspec]
/sb/0x2dd78551c49d739c4a0ae80e4f863e74be39e1cb.sol:336:5: Missing @param tag in function 'oraclize_setCustomGasPrice' [Warning/use-natspec]
/sb/0x2dd78551c49d739c4a0ae80e4f863e74be39e1cb.sol:336:5: Mismatch in @param names for function 'oraclize_setCustomGasPrice'. Expected: [gasPrice], Found: [] [Warning/use-natspec]
/sb/0x2dd78551c49d739c4a0ae80e4f863e74be39e1cb.sol:336:5: Function name must be in mixedCase [Warning/func-name-mixedcase]
/sb/0x2dd78551c49d739c4a0ae80e4f863e74be39e1cb.sol:336:68: Visibility modifier must be first in list of modifiers [Warning/visibility-modifier-order]
/sb/0x2dd78551c49d739c4a0ae80e4f863e74be39e1cb.sol:336:41: Rule is set with explicit type [var/s: uint] [Warning/explicit-types]
/sb/0x2dd78551c49d739c4a0ae80e4f863e74be39e1cb.sol:339:5: Missing @notice tag in function 'oraclize_setConfig' [Warning/use-natspec]
/sb/0x2dd78551c49d739c4a0ae80e4f863e74be39e1cb.sol:339:5: Missing @param tag in function 'oraclize_setConfig' [Warning/use-natspec]
/sb/0x2dd78551c49d739c4a0ae80e4f863e74be39e1cb.sol:339:5: Mismatch in @param names for function 'oraclize_setConfig'. Expected: [config], Found: [] [Warning/use-natspec]
/sb/0x2dd78551c49d739c4a0ae80e4f863e74be39e1cb.sol:339:5: Function name must be in mixedCase [Warning/func-name-mixedcase]
/sb/0x2dd78551c49d739c4a0ae80e4f863e74be39e1cb.sol:339:61: Visibility modifier must be first in list of modifiers [Warning/visibility-modifier-order]
/sb/0x2dd78551c49d739c4a0ae80e4f863e74be39e1cb.sol:343:5: Missing @notice tag in function 'getCodeSize' [Warning/use-natspec]
/sb/0x2dd78551c49d739c4a0ae80e4f863e74be39e1cb.sol:343:5: Missing @param tag in function 'getCodeSize' [Warning/use-natspec]
/sb/0x2dd78551c49d739c4a0ae80e4f863e74be39e1cb.sol:343:5: Mismatch in @param names for function 'getCodeSize'. Expected: [_addr], Found: [] [Warning/use-natspec]
/sb/0x2dd78551c49d739c4a0ae80e4f863e74be39e1cb.sol:343:5: Missing @return tag in function 'getCodeSize' [Warning/use-natspec]
/sb/0x2dd78551c49d739c4a0ae80e4f863e74be39e1cb.sol:343:5: Mismatch in @return names for function 'getCodeSize'. Expected: [_size], Found: [] [Warning/use-natspec]
/sb/0x2dd78551c49d739c4a0ae80e4f863e74be39e1cb.sol:343:50: Visibility modifier must be first in list of modifiers [Warning/visibility-modifier-order]
/sb/0x2dd78551c49d739c4a0ae80e4f863e74be39e1cb.sol:343:67: Rule is set with explicit type [var/s: uint] [Warning/explicit-types]
/sb/0x2dd78551c49d739c4a0ae80e4f863e74be39e1cb.sol:344:9: Avoid to use inline assembly. It is acceptable only in rare cases [Warning/no-inline-assembly]
/sb/0x2dd78551c49d739c4a0ae80e4f863e74be39e1cb.sol:349:5: Missing @notice tag in function 'parseAddr' [Warning/use-natspec]
/sb/0x2dd78551c49d739c4a0ae80e4f863e74be39e1cb.sol:349:5: Missing @param tag in function 'parseAddr' [Warning/use-natspec]
/sb/0x2dd78551c49d739c4a0ae80e4f863e74be39e1cb.sol:349:5: Mismatch in @param names for function 'parseAddr'. Expected: [_a], Found: [] [Warning/use-natspec]
/sb/0x2dd78551c49d739c4a0ae80e4f863e74be39e1cb.sol:349:5: Missing @return tag in function 'parseAddr' [Warning/use-natspec]
/sb/0x2dd78551c49d739c4a0ae80e4f863e74be39e1cb.sol:349:5: Mismatch in @return count for function 'parseAddr'. Expected: 1, Found: 0 [Warning/use-natspec]
/sb/0x2dd78551c49d739c4a0ae80e4f863e74be39e1cb.sol:354:14: Rule is set with explicit type [var/s: uint] [Warning/explicit-types]
/sb/0x2dd78551c49d739c4a0ae80e4f863e74be39e1cb.sol:358:18: GC: Non strict inequality found. Try converting to a strict one [Warning/gas-strict-inequalities]
/sb/0x2dd78551c49d739c4a0ae80e4f863e74be39e1cb.sol:358:30: GC: Non strict inequality found. Try converting to a strict one [Warning/gas-strict-inequalities]
/sb/0x2dd78551c49d739c4a0ae80e4f863e74be39e1cb.sol:359:23: GC: Non strict inequality found. Try converting to a strict one [Warning/gas-strict-inequalities]
/sb/0x2dd78551c49d739c4a0ae80e4f863e74be39e1cb.sol:359:35: GC: Non strict inequality found. Try converting to a strict one [Warning/gas-strict-inequalities]
/sb/0x2dd78551c49d739c4a0ae80e4f863e74be39e1cb.sol:360:23: GC: Non strict inequality found. Try converting to a strict one [Warning/gas-strict-inequalities]
/sb/0x2dd78551c49d739c4a0ae80e4f863e74be39e1cb.sol:360:35: GC: Non strict inequality found. Try converting to a strict one [Warning/gas-strict-inequalities]
/sb/0x2dd78551c49d739c4a0ae80e4f863e74be39e1cb.sol:361:18: GC: Non strict inequality found. Try converting to a strict one [Warning/gas-strict-inequalities]
/sb/0x2dd78551c49d739c4a0ae80e4f863e74be39e1cb.sol:361:30: GC: Non strict inequality found. Try converting to a strict one [Warning/gas-strict-inequalities]
/sb/0x2dd78551c49d739c4a0ae80e4f863e74be39e1cb.sol:362:23: GC: Non strict inequality found. Try converting to a strict one [Warning/gas-strict-inequalities]
/sb/0x2dd78551c49d739c4a0ae80e4f863e74be39e1cb.sol:362:35: GC: Non strict inequality found. Try converting to a strict one [Warning/gas-strict-inequalities]
/sb/0x2dd78551c49d739c4a0ae80e4f863e74be39e1cb.sol:363:23: GC: Non strict inequality found. Try converting to a strict one [Warning/gas-strict-inequalities]
/sb/0x2dd78551c49d739c4a0ae80e4f863e74be39e1cb.sol:363:35: GC: Non strict inequality found. Try converting to a strict one [Warning/gas-strict-inequalities]
/sb/0x2dd78551c49d739c4a0ae80e4f863e74be39e1cb.sol:369:5: Missing @notice tag in function 'strCompare' [Warning/use-natspec]
/sb/0x2dd78551c49d739c4a0ae80e4f863e74be39e1cb.sol:369:5: Missing @param tag in function 'strCompare' [Warning/use-natspec]
/sb/0x2dd78551c49d739c4a0ae80e4f863e74be39e1cb.sol:369:5: Mismatch in @param names for function 'strCompare'. Expected: [_a, _b], Found: [] [Warning/use-natspec]
/sb/0x2dd78551c49d739c4a0ae80e4f863e74be39e1cb.sol:369:5: Missing @return tag in function 'strCompare' [Warning/use-natspec]
/sb/0x2dd78551c49d739c4a0ae80e4f863e74be39e1cb.sol:369:5: Mismatch in @return count for function 'strCompare'. Expected: 1, Found: 0 [Warning/use-natspec]
/sb/0x2dd78551c49d739c4a0ae80e4f863e74be39e1cb.sol:369:65: Rule is set with explicit type [var/s: int] [Warning/explicit-types]
/sb/0x2dd78551c49d739c4a0ae80e4f863e74be39e1cb.sol:372:9: Rule is set with explicit type [var/s: uint] [Warning/explicit-types]
/sb/0x2dd78551c49d739c4a0ae80e4f863e74be39e1cb.sol:374:14: Rule is set with explicit type [var/s: uint] [Warning/explicit-types]
/sb/0x2dd78551c49d739c4a0ae80e4f863e74be39e1cb.sol:374:41: GC: For [ i ] variable, increment/decrement by 1 using: [ ++variable ] to save gas [Warning/gas-increment-by-one]
/sb/0x2dd78551c49d739c4a0ae80e4f863e74be39e1cb.sol:387:5: Missing @notice tag in function 'indexOf' [Warning/use-natspec]
/sb/0x2dd78551c49d739c4a0ae80e4f863e74be39e1cb.sol:387:5: Missing @param tag in function 'indexOf' [Warning/use-natspec]
/sb/0x2dd78551c49d739c4a0ae80e4f863e74be39e1cb.sol:387:5: Mismatch in @param names for function 'indexOf'. Expected: [_haystack, _needle], Found: [] [Warning/use-natspec]
/sb/0x2dd78551c49d739c4a0ae80e4f863e74be39e1cb.sol:387:5: Missing @return tag in function 'indexOf' [Warning/use-natspec]
/sb/0x2dd78551c49d739c4a0ae80e4f863e74be39e1cb.sol:387:5: Mismatch in @return count for function 'indexOf'. Expected: 1, Found: 0 [Warning/use-natspec]
/sb/0x2dd78551c49d739c4a0ae80e4f863e74be39e1cb.sol:387:74: Rule is set with explicit type [var/s: int] [Warning/explicit-types]
/sb/0x2dd78551c49d739c4a0ae80e4f863e74be39e1cb.sol:396:13: Rule is set with explicit type [var/s: uint] [Warning/explicit-types]
/sb/0x2dd78551c49d739c4a0ae80e4f863e74be39e1cb.sol:397:18: Rule is set with explicit type [var/s: uint] [Warning/explicit-types]
/sb/0x2dd78551c49d739c4a0ae80e4f863e74be39e1cb.sol:397:44: GC: For [ i ] variable, increment/decrement by 1 using: [ ++variable ] to save gas [Warning/gas-increment-by-one]
/sb/0x2dd78551c49d739c4a0ae80e4f863e74be39e1cb.sol:404:25: GC: For [ subindex ] variable, increment/decrement by 1 using: [ ++variable ] to save gas [Warning/gas-increment-by-one]
/sb/0x2dd78551c49d739c4a0ae80e4f863e74be39e1cb.sol:414:5: Missing @notice tag in function 'strConcat' [Warning/use-natspec]
/sb/0x2dd78551c49d739c4a0ae80e4f863e74be39e1cb.sol:414:5: Missing @param tag in function 'strConcat' [Warning/use-natspec]
/sb/0x2dd78551c49d739c4a0ae80e4f863e74be39e1cb.sol:414:5: Mismatch in @param names for function 'strConcat'. Expected: [_a, _b, _c, _d, _e], Found: [] [Warning/use-natspec]
/sb/0x2dd78551c49d739c4a0ae80e4f863e74be39e1cb.sol:414:5: Missing @return tag in function 'strConcat' [Warning/use-natspec]
/sb/0x2dd78551c49d739c4a0ae80e4f863e74be39e1cb.sol:414:5: Mismatch in @return count for function 'strConcat'. Expected: 1, Found: 0 [Warning/use-natspec]
/sb/0x2dd78551c49d739c4a0ae80e4f863e74be39e1cb.sol:422:9: Rule is set with explicit type [var/s: uint] [Warning/explicit-types]
/sb/0x2dd78551c49d739c4a0ae80e4f863e74be39e1cb.sol:423:14: Rule is set with explicit type [var/s: uint] [Warning/explicit-types]
/sb/0x2dd78551c49d739c4a0ae80e4f863e74be39e1cb.sol:423:42: GC: For [ i ] variable, increment/decrement by 1 using: [ ++variable ] to save gas [Warning/gas-increment-by-one]
/sb/0x2dd78551c49d739c4a0ae80e4f863e74be39e1cb.sol:423:54: GC: For [ k ] variable, increment/decrement by 1 using: [ ++variable ] to save gas [Warning/gas-increment-by-one]
/sb/0x2dd78551c49d739c4a0ae80e4f863e74be39e1cb.sol:424:37: GC: For [ i ] variable, increment/decrement by 1 using: [ ++variable ] to save gas [Warning/gas-increment-by-one]
/sb/0x2dd78551c49d739c4a0ae80e4f863e74be39e1cb.sol:424:49: GC: For [ k ] variable, increment/decrement by 1 using: [ ++variable ] to save gas [Warning/gas-increment-by-one]
/sb/0x2dd78551c49d739c4a0ae80e4f863e74be39e1cb.sol:425:37: GC: For [ i ] variable, increment/decrement by 1 using: [ ++variable ] to save gas [Warning/gas-increment-by-one]
/sb/0x2dd78551c49d739c4a0ae80e4f863e74be39e1cb.sol:425:49: GC: For [ k ] variable, increment/decrement by 1 using: [ ++variable ] to save gas [Warning/gas-increment-by-one]
/sb/0x2dd78551c49d739c4a0ae80e4f863e74be39e1cb.sol:426:37: GC: For [ i ] variable, increment/decrement by 1 using: [ ++variable ] to save gas [Warning/gas-increment-by-one]
/sb/0x2dd78551c49d739c4a0ae80e4f863e74be39e1cb.sol:426:49: GC: For [ k ] variable, increment/decrement by 1 using: [ ++variable ] to save gas [Warning/gas-increment-by-one]
/sb/0x2dd78551c49d739c4a0ae80e4f863e74be39e1cb.sol:427:37: GC: For [ i ] variable, increment/decrement by 1 using: [ ++variable ] to save gas [Warning/gas-increment-by-one]
/sb/0x2dd78551c49d739c4a0ae80e4f863e74be39e1cb.sol:427:49: GC: For [ k ] variable, increment/decrement by 1 using: [ ++variable ] to save gas [Warning/gas-increment-by-one]
/sb/0x2dd78551c49d739c4a0ae80e4f863e74be39e1cb.sol:431:5: Missing @notice tag in function 'strConcat' [Warning/use-natspec]
/sb/0x2dd78551c49d739c4a0ae80e4f863e74be39e1cb.sol:431:5: Missing @param tag in function 'strConcat' [Warning/use-natspec]
/sb/0x2dd78551c49d739c4a0ae80e4f863e74be39e1cb.sol:431:5: Mismatch in @param names for function 'strConcat'. Expected: [_a, _b, _c, _d], Found: [] [Warning/use-natspec]
/sb/0x2dd78551c49d739c4a0ae80e4f863e74be39e1cb.sol:431:5: Missing @return tag in function 'strConcat' [Warning/use-natspec]
/sb/0x2dd78551c49d739c4a0ae80e4f863e74be39e1cb.sol:431:5: Mismatch in @return count for function 'strConcat'. Expected: 1, Found: 0 [Warning/use-natspec]
/sb/0x2dd78551c49d739c4a0ae80e4f863e74be39e1cb.sol:435:5: Missing @notice tag in function 'strConcat' [Warning/use-natspec]
/sb/0x2dd78551c49d739c4a0ae80e4f863e74be39e1cb.sol:435:5: Missing @param tag in function 'strConcat' [Warning/use-natspec]
/sb/0x2dd78551c49d739c4a0ae80e4f863e74be39e1cb.sol:435:5: Mismatch in @param names for function 'strConcat'. Expected: [_a, _b, _c], Found: [] [Warning/use-natspec]
/sb/0x2dd78551c49d739c4a0ae80e4f863e74be39e1cb.sol:435:5: Missing @return tag in function 'strConcat' [Warning/use-natspec]
/sb/0x2dd78551c49d739c4a0ae80e4f863e74be39e1cb.sol:435:5: Mismatch in @return count for function 'strConcat'. Expected: 1, Found: 0 [Warning/use-natspec]
/sb/0x2dd78551c49d739c4a0ae80e4f863e74be39e1cb.sol:439:5: Missing @notice tag in function 'strConcat' [Warning/use-natspec]
/sb/0x2dd78551c49d739c4a0ae80e4f863e74be39e1cb.sol:439:5: Missing @param tag in function 'strConcat' [Warning/use-natspec]
/sb/0x2dd78551c49d739c4a0ae80e4f863e74be39e1cb.sol:439:5: Mismatch in @param names for function 'strConcat'. Expected: [_a, _b], Found: [] [Warning/use-natspec]
/sb/0x2dd78551c49d739c4a0ae80e4f863e74be39e1cb.sol:439:5: Missing @return tag in function 'strConcat' [Warning/use-natspec]
/sb/0x2dd78551c49d739c4a0ae80e4f863e74be39e1cb.sol:439:5: Mismatch in @return count for function 'strConcat'. Expected: 1, Found: 0 [Warning/use-natspec]
/sb/0x2dd78551c49d739c4a0ae80e4f863e74be39e1cb.sol:444:5: Missing @notice tag in function 'parseInt' [Warning/use-natspec]
/sb/0x2dd78551c49d739c4a0ae80e4f863e74be39e1cb.sol:444:5: Missing @param tag in function 'parseInt' [Warning/use-natspec]
/sb/0x2dd78551c49d739c4a0ae80e4f863e74be39e1cb.sol:444:5: Mismatch in @param names for function 'parseInt'. Expected: [_a], Found: [] [Warning/use-natspec]
/sb/0x2dd78551c49d739c4a0ae80e4f863e74be39e1cb.sol:444:5: Missing @return tag in function 'parseInt' [Warning/use-natspec]
/sb/0x2dd78551c49d739c4a0ae80e4f863e74be39e1cb.sol:444:5: Mismatch in @return count for function 'parseInt'. Expected: 1, Found: 0 [Warning/use-natspec]
/sb/0x2dd78551c49d739c4a0ae80e4f863e74be39e1cb.sol:444:52: Rule is set with explicit type [var/s: uint] [Warning/explicit-types]
/sb/0x2dd78551c49d739c4a0ae80e4f863e74be39e1cb.sol:449:5: Missing @notice tag in function 'parseInt' [Warning/use-natspec]
/sb/0x2dd78551c49d739c4a0ae80e4f863e74be39e1cb.sol:449:5: Missing @param tag in function 'parseInt' [Warning/use-natspec]
/sb/0x2dd78551c49d739c4a0ae80e4f863e74be39e1cb.sol:449:5: Mismatch in @param names for function 'parseInt'. Expected: [_a, _b], Found: [] [Warning/use-natspec]
/sb/0x2dd78551c49d739c4a0ae80e4f863e74be39e1cb.sol:449:5: Missing @return tag in function 'parseInt' [Warning/use-natspec]
/sb/0x2dd78551c49d739c4a0ae80e4f863e74be39e1cb.sol:449:5: Mismatch in @return count for function 'parseInt'. Expected: 1, Found: 0 [Warning/use-natspec]
/sb/0x2dd78551c49d739c4a0ae80e4f863e74be39e1cb.sol:449:34: Rule is set with explicit type [var/s: uint] [Warning/explicit-types]
/sb/0x2dd78551c49d739c4a0ae80e4f863e74be39e1cb.sol:449:61: Rule is set with explicit type [var/s: uint] [Warning/explicit-types]
/sb/0x2dd78551c49d739c4a0ae80e4f863e74be39e1cb.sol:451:9: Rule is set with explicit type [var/s: uint] [Warning/explicit-types]
/sb/0x2dd78551c49d739c4a0ae80e4f863e74be39e1cb.sol:453:14: Rule is set with explicit type [var/s: uint] [Warning/explicit-types]
/sb/0x2dd78551c49d739c4a0ae80e4f863e74be39e1cb.sol:453:42: GC: For [ i ] variable, increment/decrement by 1 using: [ ++variable ] to save gas [Warning/gas-increment-by-one]
/sb/0x2dd78551c49d739c4a0ae80e4f863e74be39e1cb.sol:454:18: GC: Non strict inequality found. Try converting to a strict one [Warning/gas-strict-inequalities]
/sb/0x2dd78551c49d739c4a0ae80e4f863e74be39e1cb.sol:454:38: GC: Non strict inequality found. Try converting to a strict one [Warning/gas-strict-inequalities]
/sb/0x2dd78551c49d739c4a0ae80e4f863e74be39e1cb.sol:457:26: GC: For [ _b ] variable, increment/decrement by 1 using: [ ++variable ] to save gas [Warning/gas-increment-by-one]
/sb/0x2dd78551c49d739c4a0ae80e4f863e74be39e1cb.sol:460:17: Rule is set with explicit type [var/s: uint] [Warning/explicit-types]
/sb/0x2dd78551c49d739c4a0ae80e4f863e74be39e1cb.sol:467:5: Missing @notice tag in function 'uint2str' [Warning/use-natspec]
/sb/0x2dd78551c49d739c4a0ae80e4f863e74be39e1cb.sol:467:5: Missing @param tag in function 'uint2str' [Warning/use-natspec]
/sb/0x2dd78551c49d739c4a0ae80e4f863e74be39e1cb.sol:467:5: Mismatch in @param names for function 'uint2str'. Expected: [i], Found: [] [Warning/use-natspec]
/sb/0x2dd78551c49d739c4a0ae80e4f863e74be39e1cb.sol:467:5: Missing @return tag in function 'uint2str' [Warning/use-natspec]
/sb/0x2dd78551c49d739c4a0ae80e4f863e74be39e1cb.sol:467:5: Mismatch in @return count for function 'uint2str'. Expected: 1, Found: 0 [Warning/use-natspec]
/sb/0x2dd78551c49d739c4a0ae80e4f863e74be39e1cb.sol:467:23: Rule is set with explicit type [var/s: uint] [Warning/explicit-types]
/sb/0x2dd78551c49d739c4a0ae80e4f863e74be39e1cb.sol:469:9: Rule is set with explicit type [var/s: uint] [Warning/explicit-types]
/sb/0x2dd78551c49d739c4a0ae80e4f863e74be39e1cb.sol:470:9: Rule is set with explicit type [var/s: uint] [Warning/explicit-types]
/sb/0x2dd78551c49d739c4a0ae80e4f863e74be39e1cb.sol:472:13: GC: For [ len ] variable, increment/decrement by 1 using: [ ++variable ] to save gas [Warning/gas-increment-by-one]
/sb/0x2dd78551c49d739c4a0ae80e4f863e74be39e1cb.sol:476:9: Rule is set with explicit type [var/s: uint] [Warning/explicit-types]
/sb/0x2dd78551c49d739c4a0ae80e4f863e74be39e1cb.sol:478:18: GC: For [ k ] variable, increment/decrement by 1 using: [ ++variable ] to save gas [Warning/gas-increment-by-one]
/sb/0x2dd78551c49d739c4a0ae80e4f863e74be39e1cb.sol:484:5: Missing @notice tag in function 'stra2cbor' [Warning/use-natspec]
/sb/0x2dd78551c49d739c4a0ae80e4f863e74be39e1cb.sol:484:5: Missing @param tag in function 'stra2cbor' [Warning/use-natspec]
/sb/0x2dd78551c49d739c4a0ae80e4f863e74be39e1cb.sol:484:5: Mismatch in @param names for function 'stra2cbor'. Expected: [arr], Found: [] [Warning/use-natspec]
/sb/0x2dd78551c49d739c4a0ae80e4f863e74be39e1cb.sol:484:5: Missing @return tag in function 'stra2cbor' [Warning/use-natspec]
/sb/0x2dd78551c49d739c4a0ae80e4f863e74be39e1cb.sol:484:5: Mismatch in @return count for function 'stra2cbor'. Expected: 1, Found: 0 [Warning/use-natspec]
/sb/0x2dd78551c49d739c4a0ae80e4f863e74be39e1cb.sol:485:13: Rule is set with explicit type [var/s: uint] [Warning/explicit-types]
/sb/0x2dd78551c49d739c4a0ae80e4f863e74be39e1cb.sol:488:13: Rule is set with explicit type [var/s: uint] [Warning/explicit-types]
/sb/0x2dd78551c49d739c4a0ae80e4f863e74be39e1cb.sol:490:18: Rule is set with explicit type [var/s: uint] [Warning/explicit-types]
/sb/0x2dd78551c49d739c4a0ae80e4f863e74be39e1cb.sol:490:42: GC: For [ i ] variable, increment/decrement by 1 using: [ ++variable ] to save gas [Warning/gas-increment-by-one]
/sb/0x2dd78551c49d739c4a0ae80e4f863e74be39e1cb.sol:494:13: Rule is set with explicit type [var/s: uint] [Warning/explicit-types]
/sb/0x2dd78551c49d739c4a0ae80e4f863e74be39e1cb.sol:495:13: Rule is set with explicit type [var/s: uint] [Warning/explicit-types]
/sb/0x2dd78551c49d739c4a0ae80e4f863e74be39e1cb.sol:501:17: GC: For [ ctr ] variable, increment/decrement by 1 using: [ ++variable ] to save gas [Warning/gas-increment-by-one]
/sb/0x2dd78551c49d739c4a0ae80e4f863e74be39e1cb.sol:503:37: GC: For [ i ] variable, increment/decrement by 1 using: [ ++variable ] to save gas [Warning/gas-increment-by-one]
/sb/0x2dd78551c49d739c4a0ae80e4f863e74be39e1cb.sol:505:17: GC: For [ ctr ] variable, increment/decrement by 1 using: [ ++variable ] to save gas [Warning/gas-increment-by-one]
/sb/0x2dd78551c49d739c4a0ae80e4f863e74be39e1cb.sol:506:22: Rule is set with explicit type [var/s: uint] [Warning/explicit-types]
/sb/0x2dd78551c49d739c4a0ae80e4f863e74be39e1cb.sol:506:59: GC: For [ x ] variable, increment/decrement by 1 using: [ ++variable ] to save gas [Warning/gas-increment-by-one]
/sb/0x2dd78551c49d739c4a0ae80e4f863e74be39e1cb.sol:509:25: Rule is set with explicit type [var/s: uint] [Warning/explicit-types]
/sb/0x2dd78551c49d739c4a0ae80e4f863e74be39e1cb.sol:509:44: GC: Non strict inequality found. Try converting to a strict one [Warning/gas-strict-inequalities]
/sb/0x2dd78551c49d739c4a0ae80e4f863e74be39e1cb.sol:511:25: Rule is set with explicit type [var/s: uint] [Warning/explicit-types]
/sb/0x2dd78551c49d739c4a0ae80e4f863e74be39e1cb.sol:514:29: GC: For [ ctr ] variable, increment/decrement by 1 using: [ ++variable ] to save gas [Warning/gas-increment-by-one]
/sb/0x2dd78551c49d739c4a0ae80e4f863e74be39e1cb.sol:518:21: GC: For [ ctr ] variable, increment/decrement by 1 using: [ ++variable ] to save gas [Warning/gas-increment-by-one]
/sb/0x2dd78551c49d739c4a0ae80e4f863e74be39e1cb.sol:521:17: GC: For [ ctr ] variable, increment/decrement by 1 using: [ ++variable ] to save gas [Warning/gas-increment-by-one]
/sb/0x2dd78551c49d739c4a0ae80e4f863e74be39e1cb.sol:563:1: Missing @title tag in contract 'strings' [Warning/use-natspec]
/sb/0x2dd78551c49d739c4a0ae80e4f863e74be39e1cb.sol:563:1: Missing @author tag in contract 'strings' [Warning/use-natspec]
/sb/0x2dd78551c49d739c4a0ae80e4f863e74be39e1cb.sol:563:1: Missing @notice tag in contract 'strings' [Warning/use-natspec]
/sb/0x2dd78551c49d739c4a0ae80e4f863e74be39e1cb.sol:563:1: Contract, Structs and Enums should be in CapWords [Warning/contract-name-capwords]
/sb/0x2dd78551c49d739c4a0ae80e4f863e74be39e1cb.sol:564:5: Contract, Structs and Enums should be in CapWords [Warning/contract-name-capwords]
/sb/0x2dd78551c49d739c4a0ae80e4f863e74be39e1cb.sol:565:9: Rule is set with explicit type [var/s: uint] [Warning/explicit-types]
/sb/0x2dd78551c49d739c4a0ae80e4f863e74be39e1cb.sol:566:9: Rule is set with explicit type [var/s: uint] [Warning/explicit-types]
/sb/0x2dd78551c49d739c4a0ae80e4f863e74be39e1cb.sol:569:5: Missing @notice tag in function 'memcpy' [Warning/use-natspec]
/sb/0x2dd78551c49d739c4a0ae80e4f863e74be39e1cb.sol:569:5: Missing @param tag in function 'memcpy' [Warning/use-natspec]
/sb/0x2dd78551c49d739c4a0ae80e4f863e74be39e1cb.sol:569:5: Mismatch in @param names for function 'memcpy'. Expected: [dest, src, len], Found: [] [Warning/use-natspec]
/sb/0x2dd78551c49d739c4a0ae80e4f863e74be39e1cb.sol:569:21: Rule is set with explicit type [var/s: uint] [Warning/explicit-types]
/sb/0x2dd78551c49d739c4a0ae80e4f863e74be39e1cb.sol:569:32: Rule is set with explicit type [var/s: uint] [Warning/explicit-types]
/sb/0x2dd78551c49d739c4a0ae80e4f863e74be39e1cb.sol:569:42: Rule is set with explicit type [var/s: uint] [Warning/explicit-types]
/sb/0x2dd78551c49d739c4a0ae80e4f863e74be39e1cb.sol:571:15: GC: Non strict inequality found. Try converting to a strict one [Warning/gas-strict-inequalities]
/sb/0x2dd78551c49d739c4a0ae80e4f863e74be39e1cb.sol:572:13: Avoid to use inline assembly. It is acceptable only in rare cases [Warning/no-inline-assembly]
/sb/0x2dd78551c49d739c4a0ae80e4f863e74be39e1cb.sol:580:9: Rule is set with explicit type [var/s: uint] [Warning/explicit-types]
/sb/0x2dd78551c49d739c4a0ae80e4f863e74be39e1cb.sol:581:9: Avoid to use inline assembly. It is acceptable only in rare cases [Warning/no-inline-assembly]
/sb/0x2dd78551c49d739c4a0ae80e4f863e74be39e1cb.sol:593:5: Missing @notice tag in function 'toSlice' [Warning/use-natspec]
/sb/0x2dd78551c49d739c4a0ae80e4f863e74be39e1cb.sol:593:5: Missing @param tag in function 'toSlice' [Warning/use-natspec]
/sb/0x2dd78551c49d739c4a0ae80e4f863e74be39e1cb.sol:593:5: Mismatch in @param names for function 'toSlice'. Expected: [self], Found: [] [Warning/use-natspec]
/sb/0x2dd78551c49d739c4a0ae80e4f863e74be39e1cb.sol:593:5: Missing @return tag in function 'toSlice' [Warning/use-natspec]
/sb/0x2dd78551c49d739c4a0ae80e4f863e74be39e1cb.sol:593:5: Mismatch in @return count for function 'toSlice'. Expected: 1, Found: 0 [Warning/use-natspec]
/sb/0x2dd78551c49d739c4a0ae80e4f863e74be39e1cb.sol:594:9: Rule is set with explicit type [var/s: uint] [Warning/explicit-types]
/sb/0x2dd78551c49d739c4a0ae80e4f863e74be39e1cb.sol:595:9: Avoid to use inline assembly. It is acceptable only in rare cases [Warning/no-inline-assembly]
/sb/0x2dd78551c49d739c4a0ae80e4f863e74be39e1cb.sol:606:5: Missing @notice tag in function 'len' [Warning/use-natspec]
/sb/0x2dd78551c49d739c4a0ae80e4f863e74be39e1cb.sol:606:5: Missing @param tag in function 'len' [Warning/use-natspec]
/sb/0x2dd78551c49d739c4a0ae80e4f863e74be39e1cb.sol:606:5: Mismatch in @param names for function 'len'. Expected: [self], Found: [] [Warning/use-natspec]
/sb/0x2dd78551c49d739c4a0ae80e4f863e74be39e1cb.sol:606:5: Missing @return tag in function 'len' [Warning/use-natspec]
/sb/0x2dd78551c49d739c4a0ae80e4f863e74be39e1cb.sol:606:5: Mismatch in @return count for function 'len'. Expected: 1, Found: 0 [Warning/use-natspec]
/sb/0x2dd78551c49d739c4a0ae80e4f863e74be39e1cb.sol:606:50: Rule is set with explicit type [var/s: uint] [Warning/explicit-types]
/sb/0x2dd78551c49d739c4a0ae80e4f863e74be39e1cb.sol:607:9: Rule is set with explicit type [var/s: uint] [Warning/explicit-types]
/sb/0x2dd78551c49d739c4a0ae80e4f863e74be39e1cb.sol:612:13: Rule is set with explicit type [var/s: uint] [Warning/explicit-types]
/sb/0x2dd78551c49d739c4a0ae80e4f863e74be39e1cb.sol:616:13: Rule is set with explicit type [var/s: uint] [Warning/explicit-types]
/sb/0x2dd78551c49d739c4a0ae80e4f863e74be39e1cb.sol:620:13: Rule is set with explicit type [var/s: uint] [Warning/explicit-types]
/sb/0x2dd78551c49d739c4a0ae80e4f863e74be39e1cb.sol:624:13: Rule is set with explicit type [var/s: uint] [Warning/explicit-types]
/sb/0x2dd78551c49d739c4a0ae80e4f863e74be39e1cb.sol:627:13: GC: For [ ret ] variable, increment/decrement by 1 using: [ ++variable ] to save gas [Warning/gas-increment-by-one]
/sb/0x2dd78551c49d739c4a0ae80e4f863e74be39e1cb.sol:639:5: Missing @notice tag in function 'toSliceB32' [Warning/use-natspec]
/sb/0x2dd78551c49d739c4a0ae80e4f863e74be39e1cb.sol:639:5: Missing @param tag in function 'toSliceB32' [Warning/use-natspec]
/sb/0x2dd78551c49d739c4a0ae80e4f863e74be39e1cb.sol:639:5: Mismatch in @param names for function 'toSliceB32'. Expected: [self], Found: [] [Warning/use-natspec]
/sb/0x2dd78551c49d739c4a0ae80e4f863e74be39e1cb.sol:639:5: Missing @return tag in function 'toSliceB32' [Warning/use-natspec]
/sb/0x2dd78551c49d739c4a0ae80e4f863e74be39e1cb.sol:639:5: Mismatch in @return names for function 'toSliceB32'. Expected: [ret], Found: [] [Warning/use-natspec]
/sb/0x2dd78551c49d739c4a0ae80e4f863e74be39e1cb.sol:641:9: Avoid to use inline assembly. It is acceptable only in rare cases [Warning/no-inline-assembly]
/sb/0x2dd78551c49d739c4a0ae80e4f863e74be39e1cb.sol:655:5: Missing @notice tag in function 'copy' [Warning/use-natspec]
/sb/0x2dd78551c49d739c4a0ae80e4f863e74be39e1cb.sol:655:5: Missing @param tag in function 'copy' [Warning/use-natspec]
/sb/0x2dd78551c49d739c4a0ae80e4f863e74be39e1cb.sol:655:5: Mismatch in @param names for function 'copy'. Expected: [self], Found: [] [Warning/use-natspec]
/sb/0x2dd78551c49d739c4a0ae80e4f863e74be39e1cb.sol:655:5: Missing @return tag in function 'copy' [Warning/use-natspec]
/sb/0x2dd78551c49d739c4a0ae80e4f863e74be39e1cb.sol:655:5: Mismatch in @return count for function 'copy'. Expected: 1, Found: 0 [Warning/use-natspec]
/sb/0x2dd78551c49d739c4a0ae80e4f863e74be39e1cb.sol:664:5: Missing @notice tag in function 'toString' [Warning/use-natspec]
/sb/0x2dd78551c49d739c4a0ae80e4f863e74be39e1cb.sol:664:5: Missing @param tag in function 'toString' [Warning/use-natspec]
/sb/0x2dd78551c49d739c4a0ae80e4f863e74be39e1cb.sol:664:5: Mismatch in @param names for function 'toString'. Expected: [self], Found: [] [Warning/use-natspec]
/sb/0x2dd78551c49d739c4a0ae80e4f863e74be39e1cb.sol:664:5: Missing @return tag in function 'toString' [Warning/use-natspec]
/sb/0x2dd78551c49d739c4a0ae80e4f863e74be39e1cb.sol:664:5: Mismatch in @return count for function 'toString'. Expected: 1, Found: 0 [Warning/use-natspec]
/sb/0x2dd78551c49d739c4a0ae80e4f863e74be39e1cb.sol:666:9: Rule is set with explicit type [var/s: uint] [Warning/explicit-types]
/sb/0x2dd78551c49d739c4a0ae80e4f863e74be39e1cb.sol:667:9: Avoid to use inline assembly. It is acceptable only in rare cases [Warning/no-inline-assembly]
/sb/0x2dd78551c49d739c4a0ae80e4f863e74be39e1cb.sol:681:5: Missing @notice tag in function 'len' [Warning/use-natspec]
/sb/0x2dd78551c49d739c4a0ae80e4f863e74be39e1cb.sol:681:5: Missing @param tag in function 'len' [Warning/use-natspec]
/sb/0x2dd78551c49d739c4a0ae80e4f863e74be39e1cb.sol:681:5: Mismatch in @param names for function 'len'. Expected: [self], Found: [] [Warning/use-natspec]
/sb/0x2dd78551c49d739c4a0ae80e4f863e74be39e1cb.sol:681:5: Missing @return tag in function 'len' [Warning/use-natspec]
/sb/0x2dd78551c49d739c4a0ae80e4f863e74be39e1cb.sol:681:5: Mismatch in @return count for function 'len'. Expected: 1, Found: 0 [Warning/use-natspec]
/sb/0x2dd78551c49d739c4a0ae80e4f863e74be39e1cb.sol:681:48: Rule is set with explicit type [var/s: uint] [Warning/explicit-types]
/sb/0x2dd78551c49d739c4a0ae80e4f863e74be39e1cb.sol:685:14: Rule is set with explicit type [var/s: uint] [Warning/explicit-types]
/sb/0x2dd78551c49d739c4a0ae80e4f863e74be39e1cb.sol:685:39: GC: For [ len ] variable, increment/decrement by 1 using: [ ++variable ] to save gas [Warning/gas-increment-by-one]
/sb/0x2dd78551c49d739c4a0ae80e4f863e74be39e1cb.sol:687:13: Avoid to use inline assembly. It is acceptable only in rare cases [Warning/no-inline-assembly]
/sb/0x2dd78551c49d739c4a0ae80e4f863e74be39e1cb.sol:689:17: GC: For [ ptr ] variable, increment/decrement by 1 using: [ ++variable ] to save gas [Warning/gas-increment-by-one]
/sb/0x2dd78551c49d739c4a0ae80e4f863e74be39e1cb.sol:710:5: Missing @notice tag in function 'empty' [Warning/use-natspec]
/sb/0x2dd78551c49d739c4a0ae80e4f863e74be39e1cb.sol:710:5: Missing @param tag in function 'empty' [Warning/use-natspec]
/sb/0x2dd78551c49d739c4a0ae80e4f863e74be39e1cb.sol:710:5: Mismatch in @param names for function 'empty'. Expected: [self], Found: [] [Warning/use-natspec]
/sb/0x2dd78551c49d739c4a0ae80e4f863e74be39e1cb.sol:710:5: Missing @return tag in function 'empty' [Warning/use-natspec]
/sb/0x2dd78551c49d739c4a0ae80e4f863e74be39e1cb.sol:710:5: Mismatch in @return count for function 'empty'. Expected: 1, Found: 0 [Warning/use-natspec]
/sb/0x2dd78551c49d739c4a0ae80e4f863e74be39e1cb.sol:723:5: Missing @notice tag in function 'compare' [Warning/use-natspec]
/sb/0x2dd78551c49d739c4a0ae80e4f863e74be39e1cb.sol:723:5: Missing @param tag in function 'compare' [Warning/use-natspec]
/sb/0x2dd78551c49d739c4a0ae80e4f863e74be39e1cb.sol:723:5: Mismatch in @param names for function 'compare'. Expected: [self, other], Found: [] [Warning/use-natspec]
/sb/0x2dd78551c49d739c4a0ae80e4f863e74be39e1cb.sol:723:5: Missing @return tag in function 'compare' [Warning/use-natspec]
/sb/0x2dd78551c49d739c4a0ae80e4f863e74be39e1cb.sol:723:5: Mismatch in @return count for function 'compare'. Expected: 1, Found: 0 [Warning/use-natspec]
/sb/0x2dd78551c49d739c4a0ae80e4f863e74be39e1cb.sol:723:65: Rule is set with explicit type [var/s: int] [Warning/explicit-types]
/sb/0x2dd78551c49d739c4a0ae80e4f863e74be39e1cb.sol:724:9: Rule is set with explicit type [var/s: uint] [Warning/explicit-types]
/sb/0x2dd78551c49d739c4a0ae80e4f863e74be39e1cb.sol:730:14: Rule is set with explicit type [var/s: uint] [Warning/explicit-types]
/sb/0x2dd78551c49d739c4a0ae80e4f863e74be39e1cb.sol:731:13: Rule is set with explicit type [var/s: uint] [Warning/explicit-types]
/sb/0x2dd78551c49d739c4a0ae80e4f863e74be39e1cb.sol:732:13: Rule is set with explicit type [var/s: uint] [Warning/explicit-types]
/sb/0x2dd78551c49d739c4a0ae80e4f863e74be39e1cb.sol:733:13: Avoid to use inline assembly. It is acceptable only in rare cases [Warning/no-inline-assembly]
/sb/0x2dd78551c49d739c4a0ae80e4f863e74be39e1cb.sol:739:17: Rule is set with explicit type [var/s: uint] [Warning/explicit-types]
/sb/0x2dd78551c49d739c4a0ae80e4f863e74be39e1cb.sol:756:5: Missing @notice tag in function 'equals' [Warning/use-natspec]
/sb/0x2dd78551c49d739c4a0ae80e4f863e74be39e1cb.sol:756:5: Missing @param tag in function 'equals' [Warning/use-natspec]
/sb/0x2dd78551c49d739c4a0ae80e4f863e74be39e1cb.sol:756:5: Mismatch in @param names for function 'equals'. Expected: [self, other], Found: [] [Warning/use-natspec]
/sb/0x2dd78551c49d739c4a0ae80e4f863e74be39e1cb.sol:756:5: Missing @return tag in function 'equals' [Warning/use-natspec]
/sb/0x2dd78551c49d739c4a0ae80e4f863e74be39e1cb.sol:756:5: Mismatch in @return count for function 'equals'. Expected: 1, Found: 0 [Warning/use-natspec]
/sb/0x2dd78551c49d739c4a0ae80e4f863e74be39e1cb.sol:767:5: Missing @notice tag in function 'nextRune' [Warning/use-natspec]
/sb/0x2dd78551c49d739c4a0ae80e4f863e74be39e1cb.sol:767:5: Missing @param tag in function 'nextRune' [Warning/use-natspec]
/sb/0x2dd78551c49d739c4a0ae80e4f863e74be39e1cb.sol:767:5: Mismatch in @param names for function 'nextRune'. Expected: [self, rune], Found: [] [Warning/use-natspec]
/sb/0x2dd78551c49d739c4a0ae80e4f863e74be39e1cb.sol:767:5: Missing @return tag in function 'nextRune' [Warning/use-natspec]
/sb/0x2dd78551c49d739c4a0ae80e4f863e74be39e1cb.sol:767:5: Mismatch in @return count for function 'nextRune'. Expected: 1, Found: 0 [Warning/use-natspec]
/sb/0x2dd78551c49d739c4a0ae80e4f863e74be39e1cb.sol:775:9: Rule is set with explicit type [var/s: uint] [Warning/explicit-types]
/sb/0x2dd78551c49d739c4a0ae80e4f863e74be39e1cb.sol:776:9: Rule is set with explicit type [var/s: uint] [Warning/explicit-types]
/sb/0x2dd78551c49d739c4a0ae80e4f863e74be39e1cb.sol:778:9: Avoid to use inline assembly. It is acceptable only in rare cases [Warning/no-inline-assembly]
/sb/0x2dd78551c49d739c4a0ae80e4f863e74be39e1cb.sol:809:5: Missing @notice tag in function 'nextRune' [Warning/use-natspec]
/sb/0x2dd78551c49d739c4a0ae80e4f863e74be39e1cb.sol:809:5: Missing @param tag in function 'nextRune' [Warning/use-natspec]
/sb/0x2dd78551c49d739c4a0ae80e4f863e74be39e1cb.sol:809:5: Mismatch in @param names for function 'nextRune'. Expected: [self], Found: [] [Warning/use-natspec]
/sb/0x2dd78551c49d739c4a0ae80e4f863e74be39e1cb.sol:809:5: Missing @return tag in function 'nextRune' [Warning/use-natspec]
/sb/0x2dd78551c49d739c4a0ae80e4f863e74be39e1cb.sol:809:5: Mismatch in @return names for function 'nextRune'. Expected: [ret], Found: [] [Warning/use-natspec]
/sb/0x2dd78551c49d739c4a0ae80e4f863e74be39e1cb.sol:818:5: Missing @notice tag in function 'ord' [Warning/use-natspec]
/sb/0x2dd78551c49d739c4a0ae80e4f863e74be39e1cb.sol:818:5: Missing @param tag in function 'ord' [Warning/use-natspec]
/sb/0x2dd78551c49d739c4a0ae80e4f863e74be39e1cb.sol:818:5: Mismatch in @param names for function 'ord'. Expected: [self], Found: [] [Warning/use-natspec]
/sb/0x2dd78551c49d739c4a0ae80e4f863e74be39e1cb.sol:818:5: Missing @return tag in function 'ord' [Warning/use-natspec]
/sb/0x2dd78551c49d739c4a0ae80e4f863e74be39e1cb.sol:818:5: Mismatch in @return names for function 'ord'. Expected: [ret], Found: [] [Warning/use-natspec]
/sb/0x2dd78551c49d739c4a0ae80e4f863e74be39e1cb.sol:818:48: Rule is set with explicit type [var/s: uint] [Warning/explicit-types]
/sb/0x2dd78551c49d739c4a0ae80e4f863e74be39e1cb.sol:823:9: Rule is set with explicit type [var/s: uint] [Warning/explicit-types]
/sb/0x2dd78551c49d739c4a0ae80e4f863e74be39e1cb.sol:824:9: Rule is set with explicit type [var/s: uint] [Warning/explicit-types]
/sb/0x2dd78551c49d739c4a0ae80e4f863e74be39e1cb.sol:825:9: Rule is set with explicit type [var/s: uint] [Warning/explicit-types]
/sb/0x2dd78551c49d739c4a0ae80e4f863e74be39e1cb.sol:828:9: Avoid to use inline assembly. It is acceptable only in rare cases [Warning/no-inline-assembly]
/sb/0x2dd78551c49d739c4a0ae80e4f863e74be39e1cb.sol:849:14: Rule is set with explicit type [var/s: uint] [Warning/explicit-types]
/sb/0x2dd78551c49d739c4a0ae80e4f863e74be39e1cb.sol:849:35: GC: For [ i ] variable, increment/decrement by 1 using: [ ++variable ] to save gas [Warning/gas-increment-by-one]
/sb/0x2dd78551c49d739c4a0ae80e4f863e74be39e1cb.sol:867:5: Missing @notice tag in function 'keccak' [Warning/use-natspec]
/sb/0x2dd78551c49d739c4a0ae80e4f863e74be39e1cb.sol:867:5: Missing @param tag in function 'keccak' [Warning/use-natspec]
/sb/0x2dd78551c49d739c4a0ae80e4f863e74be39e1cb.sol:867:5: Mismatch in @param names for function 'keccak'. Expected: [self], Found: [] [Warning/use-natspec]
/sb/0x2dd78551c49d739c4a0ae80e4f863e74be39e1cb.sol:867:5: Missing @return tag in function 'keccak' [Warning/use-natspec]
/sb/0x2dd78551c49d739c4a0ae80e4f863e74be39e1cb.sol:867:5: Mismatch in @return names for function 'keccak'. Expected: [ret], Found: [] [Warning/use-natspec]
/sb/0x2dd78551c49d739c4a0ae80e4f863e74be39e1cb.sol:868:9: Avoid to use inline assembly. It is acceptable only in rare cases [Warning/no-inline-assembly]
/sb/0x2dd78551c49d739c4a0ae80e4f863e74be39e1cb.sol:879:5: Missing @notice tag in function 'startsWith' [Warning/use-natspec]
/sb/0x2dd78551c49d739c4a0ae80e4f863e74be39e1cb.sol:879:5: Missing @param tag in function 'startsWith' [Warning/use-natspec]
/sb/0x2dd78551c49d739c4a0ae80e4f863e74be39e1cb.sol:879:5: Mismatch in @param names for function 'startsWith'. Expected: [self, needle], Found: [] [Warning/use-natspec]
/sb/0x2dd78551c49d739c4a0ae80e4f863e74be39e1cb.sol:879:5: Missing @return tag in function 'startsWith' [Warning/use-natspec]
/sb/0x2dd78551c49d739c4a0ae80e4f863e74be39e1cb.sol:879:5: Mismatch in @return count for function 'startsWith'. Expected: 1, Found: 0 [Warning/use-natspec]
/sb/0x2dd78551c49d739c4a0ae80e4f863e74be39e1cb.sol:889:9: Avoid to use inline assembly. It is acceptable only in rare cases [Warning/no-inline-assembly]
/sb/0x2dd78551c49d739c4a0ae80e4f863e74be39e1cb.sol:905:5: Missing @notice tag in function 'beyond' [Warning/use-natspec]
/sb/0x2dd78551c49d739c4a0ae80e4f863e74be39e1cb.sol:905:5: Missing @param tag in function 'beyond' [Warning/use-natspec]
/sb/0x2dd78551c49d739c4a0ae80e4f863e74be39e1cb.sol:905:5: Mismatch in @param names for function 'beyond'. Expected: [self, needle], Found: [] [Warning/use-natspec]
/sb/0x2dd78551c49d739c4a0ae80e4f863e74be39e1cb.sol:905:5: Missing @return tag in function 'beyond' [Warning/use-natspec]
/sb/0x2dd78551c49d739c4a0ae80e4f863e74be39e1cb.sol:905:5: Mismatch in @return count for function 'beyond'. Expected: 1, Found: 0 [Warning/use-natspec]
/sb/0x2dd78551c49d739c4a0ae80e4f863e74be39e1cb.sol:912:13: Avoid to use inline assembly. It is acceptable only in rare cases [Warning/no-inline-assembly]
/sb/0x2dd78551c49d739c4a0ae80e4f863e74be39e1cb.sol:934:5: Missing @notice tag in function 'endsWith' [Warning/use-natspec]
/sb/0x2dd78551c49d739c4a0ae80e4f863e74be39e1cb.sol:934:5: Missing @param tag in function 'endsWith' [Warning/use-natspec]
/sb/0x2dd78551c49d739c4a0ae80e4f863e74be39e1cb.sol:934:5: Mismatch in @param names for function 'endsWith'. Expected: [self, needle], Found: [] [Warning/use-natspec]
/sb/0x2dd78551c49d739c4a0ae80e4f863e74be39e1cb.sol:934:5: Missing @return tag in function 'endsWith' [Warning/use-natspec]
/sb/0x2dd78551c49d739c4a0ae80e4f863e74be39e1cb.sol:934:5: Mismatch in @return count for function 'endsWith'. Expected: 1, Found: 0 [Warning/use-natspec]
/sb/0x2dd78551c49d739c4a0ae80e4f863e74be39e1cb.sol:946:9: Avoid to use inline assembly. It is acceptable only in rare cases [Warning/no-inline-assembly]
/sb/0x2dd78551c49d739c4a0ae80e4f863e74be39e1cb.sol:962:5: Missing @notice tag in function 'until' [Warning/use-natspec]
/sb/0x2dd78551c49d739c4a0ae80e4f863e74be39e1cb.sol:962:5: Missing @param tag in function 'until' [Warning/use-natspec]
/sb/0x2dd78551c49d739c4a0ae80e4f863e74be39e1cb.sol:962:5: Mismatch in @param names for function 'until'. Expected: [self, needle], Found: [] [Warning/use-natspec]
/sb/0x2dd78551c49d739c4a0ae80e4f863e74be39e1cb.sol:962:5: Missing @return tag in function 'until' [Warning/use-natspec]
/sb/0x2dd78551c49d739c4a0ae80e4f863e74be39e1cb.sol:962:5: Mismatch in @return count for function 'until'. Expected: 1, Found: 0 [Warning/use-natspec]
/sb/0x2dd78551c49d739c4a0ae80e4f863e74be39e1cb.sol:970:13: Avoid to use inline assembly. It is acceptable only in rare cases [Warning/no-inline-assembly]
/sb/0x2dd78551c49d739c4a0ae80e4f863e74be39e1cb.sol:986:5: Missing @notice tag in function 'findPtr' [Warning/use-natspec]
/sb/0x2dd78551c49d739c4a0ae80e4f863e74be39e1cb.sol:986:5: Missing @param tag in function 'findPtr' [Warning/use-natspec]
/sb/0x2dd78551c49d739c4a0ae80e4f863e74be39e1cb.sol:986:5: Mismatch in @param names for function 'findPtr'. Expected: [selflen, selfptr, needlelen, needleptr], Found: [] [Warning/use-natspec]
/sb/0x2dd78551c49d739c4a0ae80e4f863e74be39e1cb.sol:986:5: Missing @return tag in function 'findPtr' [Warning/use-natspec]
/sb/0x2dd78551c49d739c4a0ae80e4f863e74be39e1cb.sol:986:5: Mismatch in @return count for function 'findPtr'. Expected: 1, Found: 0 [Warning/use-natspec]
/sb/0x2dd78551c49d739c4a0ae80e4f863e74be39e1cb.sol:986:22: Rule is set with explicit type [var/s: uint] [Warning/explicit-types]
/sb/0x2dd78551c49d739c4a0ae80e4f863e74be39e1cb.sol:986:36: Rule is set with explicit type [var/s: uint] [Warning/explicit-types]
/sb/0x2dd78551c49d739c4a0ae80e4f863e74be39e1cb.sol:986:50: Rule is set with explicit type [var/s: uint] [Warning/explicit-types]
/sb/0x2dd78551c49d739c4a0ae80e4f863e74be39e1cb.sol:986:66: Rule is set with explicit type [var/s: uint] [Warning/explicit-types]
/sb/0x2dd78551c49d739c4a0ae80e4f863e74be39e1cb.sol:986:99: Rule is set with explicit type [var/s: uint] [Warning/explicit-types]
/sb/0x2dd78551c49d739c4a0ae80e4f863e74be39e1cb.sol:987:9: Rule is set with explicit type [var/s: uint] [Warning/explicit-types]
/sb/0x2dd78551c49d739c4a0ae80e4f863e74be39e1cb.sol:988:9: Rule is set with explicit type [var/s: uint] [Warning/explicit-types]
/sb/0x2dd78551c49d739c4a0ae80e4f863e74be39e1cb.sol:990:13: GC: Non strict inequality found. Try converting to a strict one [Warning/gas-strict-inequalities]
/sb/0x2dd78551c49d739c4a0ae80e4f863e74be39e1cb.sol:991:17: GC: Non strict inequality found. Try converting to a strict one [Warning/gas-strict-inequalities]
/sb/0x2dd78551c49d739c4a0ae80e4f863e74be39e1cb.sol:993:17: Avoid to use inline assembly. It is acceptable only in rare cases [Warning/no-inline-assembly]
/sb/0x2dd78551c49d739c4a0ae80e4f863e74be39e1cb.sol:1009:17: Avoid to use inline assembly. It is acceptable only in rare cases [Warning/no-inline-assembly]
/sb/0x2dd78551c49d739c4a0ae80e4f863e74be39e1cb.sol:1011:31: GC: Non strict inequality found. Try converting to a strict one [Warning/gas-strict-inequalities]
/sb/0x2dd78551c49d739c4a0ae80e4f863e74be39e1cb.sol:1011:59: GC: For [ idx ] variable, increment/decrement by 1 using: [ ++variable ] to save gas [Warning/gas-increment-by-one]
/sb/0x2dd78551c49d739c4a0ae80e4f863e74be39e1cb.sol:1013:21: Avoid to use inline assembly. It is acceptable only in rare cases [Warning/no-inline-assembly]
/sb/0x2dd78551c49d739c4a0ae80e4f863e74be39e1cb.sol:1016:21: GC: For [ ptr ] variable, increment/decrement by 1 using: [ ++variable ] to save gas [Warning/gas-increment-by-one]
/sb/0x2dd78551c49d739c4a0ae80e4f863e74be39e1cb.sol:1025:5: Missing @notice tag in function 'rfindPtr' [Warning/use-natspec]
/sb/0x2dd78551c49d739c4a0ae80e4f863e74be39e1cb.sol:1025:5: Missing @param tag in function 'rfindPtr' [Warning/use-natspec]
/sb/0x2dd78551c49d739c4a0ae80e4f863e74be39e1cb.sol:1025:5: Mismatch in @param names for function 'rfindPtr'. Expected: [selflen, selfptr, needlelen, needleptr], Found: [] [Warning/use-natspec]
/sb/0x2dd78551c49d739c4a0ae80e4f863e74be39e1cb.sol:1025:5: Missing @return tag in function 'rfindPtr' [Warning/use-natspec]
/sb/0x2dd78551c49d739c4a0ae80e4f863e74be39e1cb.sol:1025:5: Mismatch in @return count for function 'rfindPtr'. Expected: 1, Found: 0 [Warning/use-natspec]
/sb/0x2dd78551c49d739c4a0ae80e4f863e74be39e1cb.sol:1025:23: Rule is set with explicit type [var/s: uint] [Warning/explicit-types]
/sb/0x2dd78551c49d739c4a0ae80e4f863e74be39e1cb.sol:1025:37: Rule is set with explicit type [var/s: uint] [Warning/explicit-types]
/sb/0x2dd78551c49d739c4a0ae80e4f863e74be39e1cb.sol:1025:51: Rule is set with explicit type [var/s: uint] [Warning/explicit-types]
/sb/0x2dd78551c49d739c4a0ae80e4f863e74be39e1cb.sol:1025:67: Rule is set with explicit type [var/s: uint] [Warning/explicit-types]
/sb/0x2dd78551c49d739c4a0ae80e4f863e74be39e1cb.sol:1025:100: Rule is set with explicit type [var/s: uint] [Warning/explicit-types]
/sb/0x2dd78551c49d739c4a0ae80e4f863e74be39e1cb.sol:1026:9: Rule is set with explicit type [var/s: uint] [Warning/explicit-types]
/sb/0x2dd78551c49d739c4a0ae80e4f863e74be39e1cb.sol:1028:13: GC: Non strict inequality found. Try converting to a strict one [Warning/gas-strict-inequalities]
/sb/0x2dd78551c49d739c4a0ae80e4f863e74be39e1cb.sol:1029:17: GC: Non strict inequality found. Try converting to a strict one [Warning/gas-strict-inequalities]
/sb/0x2dd78551c49d739c4a0ae80e4f863e74be39e1cb.sol:1031:17: Avoid to use inline assembly. It is acceptable only in rare cases [Warning/no-inline-assembly]
/sb/0x2dd78551c49d739c4a0ae80e4f863e74be39e1cb.sol:1049:17: Avoid to use inline assembly. It is acceptable only in rare cases [Warning/no-inline-assembly]
/sb/0x2dd78551c49d739c4a0ae80e4f863e74be39e1cb.sol:1051:24: GC: Non strict inequality found. Try converting to a strict one [Warning/gas-strict-inequalities]
/sb/0x2dd78551c49d739c4a0ae80e4f863e74be39e1cb.sol:1053:21: Avoid to use inline assembly. It is acceptable only in rare cases [Warning/no-inline-assembly]
/sb/0x2dd78551c49d739c4a0ae80e4f863e74be39e1cb.sol:1056:21: GC: For [ ptr ] variable, increment/decrement by 1 using: [ ++variable ] to save gas [Warning/gas-increment-by-one]
/sb/0x2dd78551c49d739c4a0ae80e4f863e74be39e1cb.sol:1071:5: Missing @notice tag in function 'find' [Warning/use-natspec]
/sb/0x2dd78551c49d739c4a0ae80e4f863e74be39e1cb.sol:1071:5: Missing @param tag in function 'find' [Warning/use-natspec]
/sb/0x2dd78551c49d739c4a0ae80e4f863e74be39e1cb.sol:1071:5: Mismatch in @param names for function 'find'. Expected: [self, needle], Found: [] [Warning/use-natspec]
/sb/0x2dd78551c49d739c4a0ae80e4f863e74be39e1cb.sol:1071:5: Missing @return tag in function 'find' [Warning/use-natspec]
/sb/0x2dd78551c49d739c4a0ae80e4f863e74be39e1cb.sol:1071:5: Mismatch in @return count for function 'find'. Expected: 1, Found: 0 [Warning/use-natspec]
/sb/0x2dd78551c49d739c4a0ae80e4f863e74be39e1cb.sol:1072:9: Rule is set with explicit type [var/s: uint] [Warning/explicit-types]
/sb/0x2dd78551c49d739c4a0ae80e4f863e74be39e1cb.sol:1086:5: Missing @notice tag in function 'rfind' [Warning/use-natspec]
/sb/0x2dd78551c49d739c4a0ae80e4f863e74be39e1cb.sol:1086:5: Missing @param tag in function 'rfind' [Warning/use-natspec]
/sb/0x2dd78551c49d739c4a0ae80e4f863e74be39e1cb.sol:1086:5: Mismatch in @param names for function 'rfind'. Expected: [self, needle], Found: [] [Warning/use-natspec]
/sb/0x2dd78551c49d739c4a0ae80e4f863e74be39e1cb.sol:1086:5: Missing @return tag in function 'rfind' [Warning/use-natspec]
/sb/0x2dd78551c49d739c4a0ae80e4f863e74be39e1cb.sol:1086:5: Mismatch in @return count for function 'rfind'. Expected: 1, Found: 0 [Warning/use-natspec]
/sb/0x2dd78551c49d739c4a0ae80e4f863e74be39e1cb.sol:1087:9: Rule is set with explicit type [var/s: uint] [Warning/explicit-types]
/sb/0x2dd78551c49d739c4a0ae80e4f863e74be39e1cb.sol:1102:5: Missing @notice tag in function 'split' [Warning/use-natspec]
/sb/0x2dd78551c49d739c4a0ae80e4f863e74be39e1cb.sol:1102:5: Missing @param tag in function 'split' [Warning/use-natspec]
/sb/0x2dd78551c49d739c4a0ae80e4f863e74be39e1cb.sol:1102:5: Mismatch in @param names for function 'split'. Expected: [self, needle, token], Found: [] [Warning/use-natspec]
/sb/0x2dd78551c49d739c4a0ae80e4f863e74be39e1cb.sol:1102:5: Missing @return tag in function 'split' [Warning/use-natspec]
/sb/0x2dd78551c49d739c4a0ae80e4f863e74be39e1cb.sol:1102:5: Mismatch in @return count for function 'split'. Expected: 1, Found: 0 [Warning/use-natspec]
/sb/0x2dd78551c49d739c4a0ae80e4f863e74be39e1cb.sol:1103:9: Rule is set with explicit type [var/s: uint] [Warning/explicit-types]
/sb/0x2dd78551c49d739c4a0ae80e4f863e74be39e1cb.sol:1125:5: Missing @notice tag in function 'split' [Warning/use-natspec]
/sb/0x2dd78551c49d739c4a0ae80e4f863e74be39e1cb.sol:1125:5: Missing @param tag in function 'split' [Warning/use-natspec]
/sb/0x2dd78551c49d739c4a0ae80e4f863e74be39e1cb.sol:1125:5: Mismatch in @param names for function 'split'. Expected: [self, needle], Found: [] [Warning/use-natspec]
/sb/0x2dd78551c49d739c4a0ae80e4f863e74be39e1cb.sol:1125:5: Missing @return tag in function 'split' [Warning/use-natspec]
/sb/0x2dd78551c49d739c4a0ae80e4f863e74be39e1cb.sol:1125:5: Mismatch in @return names for function 'split'. Expected: [token], Found: [] [Warning/use-natspec]
/sb/0x2dd78551c49d739c4a0ae80e4f863e74be39e1cb.sol:1139:5: Missing @notice tag in function 'rsplit' [Warning/use-natspec]
/sb/0x2dd78551c49d739c4a0ae80e4f863e74be39e1cb.sol:1139:5: Missing @param tag in function 'rsplit' [Warning/use-natspec]
/sb/0x2dd78551c49d739c4a0ae80e4f863e74be39e1cb.sol:1139:5: Mismatch in @param names for function 'rsplit'. Expected: [self, needle, token], Found: [] [Warning/use-natspec]
/sb/0x2dd78551c49d739c4a0ae80e4f863e74be39e1cb.sol:1139:5: Missing @return tag in function 'rsplit' [Warning/use-natspec]
/sb/0x2dd78551c49d739c4a0ae80e4f863e74be39e1cb.sol:1139:5: Mismatch in @return count for function 'rsplit'. Expected: 1, Found: 0 [Warning/use-natspec]
/sb/0x2dd78551c49d739c4a0ae80e4f863e74be39e1cb.sol:1140:9: Rule is set with explicit type [var/s: uint] [Warning/explicit-types]
/sb/0x2dd78551c49d739c4a0ae80e4f863e74be39e1cb.sol:1161:5: Missing @notice tag in function 'rsplit' [Warning/use-natspec]
/sb/0x2dd78551c49d739c4a0ae80e4f863e74be39e1cb.sol:1161:5: Missing @param tag in function 'rsplit' [Warning/use-natspec]
/sb/0x2dd78551c49d739c4a0ae80e4f863e74be39e1cb.sol:1161:5: Mismatch in @param names for function 'rsplit'. Expected: [self, needle], Found: [] [Warning/use-natspec]
/sb/0x2dd78551c49d739c4a0ae80e4f863e74be39e1cb.sol:1161:5: Missing @return tag in function 'rsplit' [Warning/use-natspec]
/sb/0x2dd78551c49d739c4a0ae80e4f863e74be39e1cb.sol:1161:5: Mismatch in @return names for function 'rsplit'. Expected: [token], Found: [] [Warning/use-natspec]
/sb/0x2dd78551c49d739c4a0ae80e4f863e74be39e1cb.sol:1171:5: Missing @notice tag in function 'count' [Warning/use-natspec]
/sb/0x2dd78551c49d739c4a0ae80e4f863e74be39e1cb.sol:1171:5: Missing @param tag in function 'count' [Warning/use-natspec]
/sb/0x2dd78551c49d739c4a0ae80e4f863e74be39e1cb.sol:1171:5: Mismatch in @param names for function 'count'. Expected: [self, needle], Found: [] [Warning/use-natspec]
/sb/0x2dd78551c49d739c4a0ae80e4f863e74be39e1cb.sol:1171:5: Missing @return tag in function 'count' [Warning/use-natspec]
/sb/0x2dd78551c49d739c4a0ae80e4f863e74be39e1cb.sol:1171:5: Mismatch in @return names for function 'count'. Expected: [count], Found: [] [Warning/use-natspec]
/sb/0x2dd78551c49d739c4a0ae80e4f863e74be39e1cb.sol:1171:64: Rule is set with explicit type [var/s: uint] [Warning/explicit-types]
/sb/0x2dd78551c49d739c4a0ae80e4f863e74be39e1cb.sol:1172:9: Rule is set with explicit type [var/s: uint] [Warning/explicit-types]
/sb/0x2dd78551c49d739c4a0ae80e4f863e74be39e1cb.sol:1173:16: GC: Non strict inequality found. Try converting to a strict one [Warning/gas-strict-inequalities]
/sb/0x2dd78551c49d739c4a0ae80e4f863e74be39e1cb.sol:1174:13: GC: For [ count ] variable, increment/decrement by 1 using: [ ++variable ] to save gas [Warning/gas-increment-by-one]
/sb/0x2dd78551c49d739c4a0ae80e4f863e74be39e1cb.sol:1185:5: Missing @notice tag in function 'contains' [Warning/use-natspec]
/sb/0x2dd78551c49d739c4a0ae80e4f863e74be39e1cb.sol:1185:5: Missing @param tag in function 'contains' [Warning/use-natspec]
/sb/0x2dd78551c49d739c4a0ae80e4f863e74be39e1cb.sol:1185:5: Mismatch in @param names for function 'contains'. Expected: [self, needle], Found: [] [Warning/use-natspec]
/sb/0x2dd78551c49d739c4a0ae80e4f863e74be39e1cb.sol:1185:5: Missing @return tag in function 'contains' [Warning/use-natspec]
/sb/0x2dd78551c49d739c4a0ae80e4f863e74be39e1cb.sol:1185:5: Mismatch in @return count for function 'contains'. Expected: 1, Found: 0 [Warning/use-natspec]
/sb/0x2dd78551c49d739c4a0ae80e4f863e74be39e1cb.sol:1196:5: Missing @notice tag in function 'concat' [Warning/use-natspec]
/sb/0x2dd78551c49d739c4a0ae80e4f863e74be39e1cb.sol:1196:5: Missing @param tag in function 'concat' [Warning/use-natspec]
/sb/0x2dd78551c49d739c4a0ae80e4f863e74be39e1cb.sol:1196:5: Mismatch in @param names for function 'concat'. Expected: [self, other], Found: [] [Warning/use-natspec]
/sb/0x2dd78551c49d739c4a0ae80e4f863e74be39e1cb.sol:1196:5: Missing @return tag in function 'concat' [Warning/use-natspec]
/sb/0x2dd78551c49d739c4a0ae80e4f863e74be39e1cb.sol:1196:5: Mismatch in @return count for function 'concat'. Expected: 1, Found: 0 [Warning/use-natspec]
/sb/0x2dd78551c49d739c4a0ae80e4f863e74be39e1cb.sol:1198:9: Rule is set with explicit type [var/s: uint] [Warning/explicit-types]
/sb/0x2dd78551c49d739c4a0ae80e4f863e74be39e1cb.sol:1199:9: Avoid to use inline assembly. It is acceptable only in rare cases [Warning/no-inline-assembly]
/sb/0x2dd78551c49d739c4a0ae80e4f863e74be39e1cb.sol:1213:5: Missing @notice tag in function 'join' [Warning/use-natspec]
/sb/0x2dd78551c49d739c4a0ae80e4f863e74be39e1cb.sol:1213:5: Missing @param tag in function 'join' [Warning/use-natspec]
/sb/0x2dd78551c49d739c4a0ae80e4f863e74be39e1cb.sol:1213:5: Mismatch in @param names for function 'join'. Expected: [self, parts], Found: [] [Warning/use-natspec]
/sb/0x2dd78551c49d739c4a0ae80e4f863e74be39e1cb.sol:1213:5: Missing @return tag in function 'join' [Warning/use-natspec]
/sb/0x2dd78551c49d739c4a0ae80e4f863e74be39e1cb.sol:1213:5: Mismatch in @return count for function 'join'. Expected: 1, Found: 0 [Warning/use-natspec]
/sb/0x2dd78551c49d739c4a0ae80e4f863e74be39e1cb.sol:1217:9: Rule is set with explicit type [var/s: uint] [Warning/explicit-types]
/sb/0x2dd78551c49d739c4a0ae80e4f863e74be39e1cb.sol:1218:13: Rule is set with explicit type [var/s: uint] [Warning/explicit-types]
/sb/0x2dd78551c49d739c4a0ae80e4f863e74be39e1cb.sol:1218:43: GC: For [ i ] variable, increment/decrement by 1 using: [ ++variable ] to save gas [Warning/gas-increment-by-one]
/sb/0x2dd78551c49d739c4a0ae80e4f863e74be39e1cb.sol:1222:9: Rule is set with explicit type [var/s: uint] [Warning/explicit-types]
/sb/0x2dd78551c49d739c4a0ae80e4f863e74be39e1cb.sol:1223:9: Avoid to use inline assembly. It is acceptable only in rare cases [Warning/no-inline-assembly]
/sb/0x2dd78551c49d739c4a0ae80e4f863e74be39e1cb.sol:1225:38: GC: For [ i ] variable, increment/decrement by 1 using: [ ++variable ] to save gas [Warning/gas-increment-by-one]
/sb/0x2dd78551c49d739c4a0ae80e4f863e74be39e1cb.sol:1239:1: Missing @title tag in contract 'DSSafeAddSub' [Warning/use-natspec]
/sb/0x2dd78551c49d739c4a0ae80e4f863e74be39e1cb.sol:1239:1: Missing @author tag in contract 'DSSafeAddSub' [Warning/use-natspec]
/sb/0x2dd78551c49d739c4a0ae80e4f863e74be39e1cb.sol:1239:1: Missing @notice tag in contract 'DSSafeAddSub' [Warning/use-natspec]
/sb/0x2dd78551c49d739c4a0ae80e4f863e74be39e1cb.sol:1240:5: Missing @notice tag in function 'safeToAdd' [Warning/use-natspec]
/sb/0x2dd78551c49d739c4a0ae80e4f863e74be39e1cb.sol:1240:5: Missing @param tag in function 'safeToAdd' [Warning/use-natspec]
/sb/0x2dd78551c49d739c4a0ae80e4f863e74be39e1cb.sol:1240:5: Mismatch in @param names for function 'safeToAdd'. Expected: [a, b], Found: [] [Warning/use-natspec]
/sb/0x2dd78551c49d739c4a0ae80e4f863e74be39e1cb.sol:1240:5: Missing @return tag in function 'safeToAdd' [Warning/use-natspec]
/sb/0x2dd78551c49d739c4a0ae80e4f863e74be39e1cb.sol:1240:5: Mismatch in @return count for function 'safeToAdd'. Expected: 1, Found: 0 [Warning/use-natspec]
/sb/0x2dd78551c49d739c4a0ae80e4f863e74be39e1cb.sol:1240:24: Rule is set with explicit type [var/s: uint] [Warning/explicit-types]
/sb/0x2dd78551c49d739c4a0ae80e4f863e74be39e1cb.sol:1240:32: Rule is set with explicit type [var/s: uint] [Warning/explicit-types]
/sb/0x2dd78551c49d739c4a0ae80e4f863e74be39e1cb.sol:1241:17: GC: Non strict inequality found. Try converting to a strict one [Warning/gas-strict-inequalities]
/sb/0x2dd78551c49d739c4a0ae80e4f863e74be39e1cb.sol:1243:5: Missing @notice tag in function 'safeAdd' [Warning/use-natspec]
/sb/0x2dd78551c49d739c4a0ae80e4f863e74be39e1cb.sol:1243:5: Missing @param tag in function 'safeAdd' [Warning/use-natspec]
/sb/0x2dd78551c49d739c4a0ae80e4f863e74be39e1cb.sol:1243:5: Mismatch in @param names for function 'safeAdd'. Expected: [a, b], Found: [] [Warning/use-natspec]
/sb/0x2dd78551c49d739c4a0ae80e4f863e74be39e1cb.sol:1243:5: Missing @return tag in function 'safeAdd' [Warning/use-natspec]
/sb/0x2dd78551c49d739c4a0ae80e4f863e74be39e1cb.sol:1243:5: Mismatch in @return count for function 'safeAdd'. Expected: 1, Found: 0 [Warning/use-natspec]
/sb/0x2dd78551c49d739c4a0ae80e4f863e74be39e1cb.sol:1243:22: Rule is set with explicit type [var/s: uint] [Warning/explicit-types]
/sb/0x2dd78551c49d739c4a0ae80e4f863e74be39e1cb.sol:1243:30: Rule is set with explicit type [var/s: uint] [Warning/explicit-types]
/sb/0x2dd78551c49d739c4a0ae80e4f863e74be39e1cb.sol:1243:56: Rule is set with explicit type [var/s: uint] [Warning/explicit-types]
/sb/0x2dd78551c49d739c4a0ae80e4f863e74be39e1cb.sol:1244:31: "throw" is deprecated, avoid to use it [Warning/avoid-throw]
/sb/0x2dd78551c49d739c4a0ae80e4f863e74be39e1cb.sol:1248:5: Missing @notice tag in function 'safeToSubtract' [Warning/use-natspec]
/sb/0x2dd78551c49d739c4a0ae80e4f863e74be39e1cb.sol:1248:5: Missing @param tag in function 'safeToSubtract' [Warning/use-natspec]
/sb/0x2dd78551c49d739c4a0ae80e4f863e74be39e1cb.sol:1248:5: Mismatch in @param names for function 'safeToSubtract'. Expected: [a, b], Found: [] [Warning/use-natspec]
/sb/0x2dd78551c49d739c4a0ae80e4f863e74be39e1cb.sol:1248:5: Missing @return tag in function 'safeToSubtract' [Warning/use-natspec]
/sb/0x2dd78551c49d739c4a0ae80e4f863e74be39e1cb.sol:1248:5: Mismatch in @return count for function 'safeToSubtract'. Expected: 1, Found: 0 [Warning/use-natspec]
/sb/0x2dd78551c49d739c4a0ae80e4f863e74be39e1cb.sol:1248:29: Rule is set with explicit type [var/s: uint] [Warning/explicit-types]
/sb/0x2dd78551c49d739c4a0ae80e4f863e74be39e1cb.sol:1248:37: Rule is set with explicit type [var/s: uint] [Warning/explicit-types]
/sb/0x2dd78551c49d739c4a0ae80e4f863e74be39e1cb.sol:1249:17: GC: Non strict inequality found. Try converting to a strict one [Warning/gas-strict-inequalities]
/sb/0x2dd78551c49d739c4a0ae80e4f863e74be39e1cb.sol:1252:5: Missing @notice tag in function 'safeSub' [Warning/use-natspec]
/sb/0x2dd78551c49d739c4a0ae80e4f863e74be39e1cb.sol:1252:5: Missing @param tag in function 'safeSub' [Warning/use-natspec]
/sb/0x2dd78551c49d739c4a0ae80e4f863e74be39e1cb.sol:1252:5: Mismatch in @param names for function 'safeSub'. Expected: [a, b], Found: [] [Warning/use-natspec]
/sb/0x2dd78551c49d739c4a0ae80e4f863e74be39e1cb.sol:1252:5: Missing @return tag in function 'safeSub' [Warning/use-natspec]
/sb/0x2dd78551c49d739c4a0ae80e4f863e74be39e1cb.sol:1252:5: Mismatch in @return count for function 'safeSub'. Expected: 1, Found: 0 [Warning/use-natspec]
/sb/0x2dd78551c49d739c4a0ae80e4f863e74be39e1cb.sol:1252:22: Rule is set with explicit type [var/s: uint] [Warning/explicit-types]
/sb/0x2dd78551c49d739c4a0ae80e4f863e74be39e1cb.sol:1252:30: Rule is set with explicit type [var/s: uint] [Warning/explicit-types]
/sb/0x2dd78551c49d739c4a0ae80e4f863e74be39e1cb.sol:1252:56: Rule is set with explicit type [var/s: uint] [Warning/explicit-types]
/sb/0x2dd78551c49d739c4a0ae80e4f863e74be39e1cb.sol:1253:36: "throw" is deprecated, avoid to use it [Warning/avoid-throw]
/sb/0x2dd78551c49d739c4a0ae80e4f863e74be39e1cb.sol:1260:1: Contract has 25 states declarations but allowed no more than 15 [Warning/max-states-count]
/sb/0x2dd78551c49d739c4a0ae80e4f863e74be39e1cb.sol:1260:1: Missing @title tag in contract 'Etheroll' [Warning/use-natspec]
/sb/0x2dd78551c49d739c4a0ae80e4f863e74be39e1cb.sol:1260:1: Missing @author tag in contract 'Etheroll' [Warning/use-natspec]
/sb/0x2dd78551c49d739c4a0ae80e4f863e74be39e1cb.sol:1260:1: Missing @notice tag in contract 'Etheroll' [Warning/use-natspec]
/sb/0x2dd78551c49d739c4a0ae80e4f863e74be39e1cb.sol:1267:25: Rule is set with explicit type [var/s: uint] [Warning/explicit-types]
/sb/0x2dd78551c49d739c4a0ae80e4f863e74be39e1cb.sol:1267:40: Rule is set with explicit type [var/s: uint] [Warning/explicit-types]
/sb/0x2dd78551c49d739c4a0ae80e4f863e74be39e1cb.sol:1268:230: "throw" is deprecated, avoid to use it [Warning/avoid-throw]
/sb/0x2dd78551c49d739c4a0ae80e4f863e74be39e1cb.sol:1276:32: "throw" is deprecated, avoid to use it [Warning/avoid-throw]
/sb/0x2dd78551c49d739c4a0ae80e4f863e74be39e1cb.sol:1284:35: "throw" is deprecated, avoid to use it [Warning/avoid-throw]
/sb/0x2dd78551c49d739c4a0ae80e4f863e74be39e1cb.sol:1292:49: "throw" is deprecated, avoid to use it [Warning/avoid-throw]
/sb/0x2dd78551c49d739c4a0ae80e4f863e74be39e1cb.sol:1300:35: "throw" is deprecated, avoid to use it [Warning/avoid-throw]
/sb/0x2dd78551c49d739c4a0ae80e4f863e74be39e1cb.sol:1308:38: "throw" is deprecated, avoid to use it [Warning/avoid-throw]
/sb/0x2dd78551c49d739c4a0ae80e4f863e74be39e1cb.sol:1315:5: Rule is set with explicit type [var/s: uint] [Warning/explicit-types]
/sb/0x2dd78551c49d739c4a0ae80e4f863e74be39e1cb.sol:1315:5: Missing @notice tag in variable 'maxProfitDivisor' [Warning/use-natspec]
/sb/0x2dd78551c49d739c4a0ae80e4f863e74be39e1cb.sol:1315:5: Constant name must be in capitalized SNAKE_CASE [Warning/const-name-snakecase]
/sb/0x2dd78551c49d739c4a0ae80e4f863e74be39e1cb.sol:1316:5: Rule is set with explicit type [var/s: uint] [Warning/explicit-types]
/sb/0x2dd78551c49d739c4a0ae80e4f863e74be39e1cb.sol:1316:5: Missing @notice tag in variable 'houseEdgeDivisor' [Warning/use-natspec]
/sb/0x2dd78551c49d739c4a0ae80e4f863e74be39e1cb.sol:1316:5: Constant name must be in capitalized SNAKE_CASE [Warning/const-name-snakecase]
/sb/0x2dd78551c49d739c4a0ae80e4f863e74be39e1cb.sol:1317:5: Rule is set with explicit type [var/s: uint] [Warning/explicit-types]
/sb/0x2dd78551c49d739c4a0ae80e4f863e74be39e1cb.sol:1317:5: Missing @notice tag in variable 'maxNumber' [Warning/use-natspec]
/sb/0x2dd78551c49d739c4a0ae80e4f863e74be39e1cb.sol:1317:5: Constant name must be in capitalized SNAKE_CASE [Warning/const-name-snakecase]
/sb/0x2dd78551c49d739c4a0ae80e4f863e74be39e1cb.sol:1318:5: Rule is set with explicit type [var/s: uint] [Warning/explicit-types]
/sb/0x2dd78551c49d739c4a0ae80e4f863e74be39e1cb.sol:1318:5: Missing @notice tag in variable 'minNumber' [Warning/use-natspec]
/sb/0x2dd78551c49d739c4a0ae80e4f863e74be39e1cb.sol:1318:5: Constant name must be in capitalized SNAKE_CASE [Warning/const-name-snakecase]
/sb/0x2dd78551c49d739c4a0ae80e4f863e74be39e1cb.sol:1319:2: Missing @notice tag in variable 'gamePaused' [Warning/use-natspec]
/sb/0x2dd78551c49d739c4a0ae80e4f863e74be39e1cb.sol:1320:5: Missing @notice tag in variable 'gasForOraclize' [Warning/use-natspec]
/sb/0x2dd78551c49d739c4a0ae80e4f863e74be39e1cb.sol:1321:5: Missing @notice tag in variable 'owner' [Warning/use-natspec]
/sb/0x2dd78551c49d739c4a0ae80e4f863e74be39e1cb.sol:1322:5: Missing @notice tag in variable 'payoutsPaused' [Warning/use-natspec]
/sb/0x2dd78551c49d739c4a0ae80e4f863e74be39e1cb.sol:1323:5: Missing @notice tag in variable 'treasury' [Warning/use-natspec]
/sb/0x2dd78551c49d739c4a0ae80e4f863e74be39e1cb.sol:1324:5: Rule is set with explicit type [var/s: uint] [Warning/explicit-types]
/sb/0x2dd78551c49d739c4a0ae80e4f863e74be39e1cb.sol:1324:5: Missing @notice tag in variable 'contractBalance' [Warning/use-natspec]
/sb/0x2dd78551c49d739c4a0ae80e4f863e74be39e1cb.sol:1325:5: Rule is set with explicit type [var/s: uint] [Warning/explicit-types]
/sb/0x2dd78551c49d739c4a0ae80e4f863e74be39e1cb.sol:1325:5: Missing @notice tag in variable 'houseEdge' [Warning/use-natspec]
/sb/0x2dd78551c49d739c4a0ae80e4f863e74be39e1cb.sol:1326:5: Rule is set with explicit type [var/s: uint] [Warning/explicit-types]
/sb/0x2dd78551c49d739c4a0ae80e4f863e74be39e1cb.sol:1326:5: Missing @notice tag in variable 'maxProfit' [Warning/use-natspec]
/sb/0x2dd78551c49d739c4a0ae80e4f863e74be39e1cb.sol:1327:5: Rule is set with explicit type [var/s: uint] [Warning/explicit-types]
/sb/0x2dd78551c49d739c4a0ae80e4f863e74be39e1cb.sol:1327:5: Missing @notice tag in variable 'maxProfitAsPercentOfHouse' [Warning/use-natspec]
/sb/0x2dd78551c49d739c4a0ae80e4f863e74be39e1cb.sol:1328:5: Rule is set with explicit type [var/s: uint] [Warning/explicit-types]
/sb/0x2dd78551c49d739c4a0ae80e4f863e74be39e1cb.sol:1328:5: Missing @notice tag in variable 'minBet' [Warning/use-natspec]
/sb/0x2dd78551c49d739c4a0ae80e4f863e74be39e1cb.sol:1329:5: Rule is set with explicit type [var/s: int] [Warning/explicit-types]
/sb/0x2dd78551c49d739c4a0ae80e4f863e74be39e1cb.sol:1329:5: Missing @notice tag in variable 'totalBets' [Warning/use-natspec]
/sb/0x2dd78551c49d739c4a0ae80e4f863e74be39e1cb.sol:1330:5: Rule is set with explicit type [var/s: uint] [Warning/explicit-types]
/sb/0x2dd78551c49d739c4a0ae80e4f863e74be39e1cb.sol:1330:5: Missing @notice tag in variable 'maxPendingPayouts' [Warning/use-natspec]
/sb/0x2dd78551c49d739c4a0ae80e4f863e74be39e1cb.sol:1331:5: Rule is set with explicit type [var/s: uint] [Warning/explicit-types]
/sb/0x2dd78551c49d739c4a0ae80e4f863e74be39e1cb.sol:1331:5: Missing @notice tag in variable 'costToCallOraclizeInWei' [Warning/use-natspec]
/sb/0x2dd78551c49d739c4a0ae80e4f863e74be39e1cb.sol:1332:5: Rule is set with explicit type [var/s: uint] [Warning/explicit-types]
/sb/0x2dd78551c49d739c4a0ae80e4f863e74be39e1cb.sol:1332:5: Missing @notice tag in variable 'totalWeiWon' [Warning/use-natspec]
/sb/0x2dd78551c49d739c4a0ae80e4f863e74be39e1cb.sol:1337:5: Explicitly mark visibility of state [Warning/state-visibility]
/sb/0x2dd78551c49d739c4a0ae80e4f863e74be39e1cb.sol:1338:5: Explicitly mark visibility of state [Warning/state-visibility]
/sb/0x2dd78551c49d739c4a0ae80e4f863e74be39e1cb.sol:1339:5: Explicitly mark visibility of state [Warning/state-visibility]
/sb/0x2dd78551c49d739c4a0ae80e4f863e74be39e1cb.sol:1340:5: Explicitly mark visibility of state [Warning/state-visibility]
/sb/0x2dd78551c49d739c4a0ae80e4f863e74be39e1cb.sol:1340:5: Rule is set with explicit type [var/s: uint] [Warning/explicit-types]
/sb/0x2dd78551c49d739c4a0ae80e4f863e74be39e1cb.sol:1341:5: Explicitly mark visibility of state [Warning/state-visibility]
/sb/0x2dd78551c49d739c4a0ae80e4f863e74be39e1cb.sol:1341:5: Rule is set with explicit type [var/s: uint] [Warning/explicit-types]
/sb/0x2dd78551c49d739c4a0ae80e4f863e74be39e1cb.sol:1342:5: Explicitly mark visibility of state [Warning/state-visibility]
/sb/0x2dd78551c49d739c4a0ae80e4f863e74be39e1cb.sol:1342:5: Rule is set with explicit type [var/s: uint] [Warning/explicit-types]
/sb/0x2dd78551c49d739c4a0ae80e4f863e74be39e1cb.sol:1343:5: Explicitly mark visibility of state [Warning/state-visibility]
/sb/0x2dd78551c49d739c4a0ae80e4f863e74be39e1cb.sol:1343:5: Rule is set with explicit type [var/s: uint] [Warning/explicit-types]
/sb/0x2dd78551c49d739c4a0ae80e4f863e74be39e1cb.sol:1344:5: Explicitly mark visibility of state [Warning/state-visibility]
/sb/0x2dd78551c49d739c4a0ae80e4f863e74be39e1cb.sol:1344:5: Rule is set with explicit type [var/s: uint] [Warning/explicit-types]
/sb/0x2dd78551c49d739c4a0ae80e4f863e74be39e1cb.sol:1345:5: Explicitly mark visibility of state [Warning/state-visibility]
/sb/0x2dd78551c49d739c4a0ae80e4f863e74be39e1cb.sol:1345:5: Rule is set with explicit type [var/s: uint] [Warning/explicit-types]
/sb/0x2dd78551c49d739c4a0ae80e4f863e74be39e1cb.sol:1346:5: Explicitly mark visibility of state [Warning/state-visibility]
/sb/0x2dd78551c49d739c4a0ae80e4f863e74be39e1cb.sol:1346:5: Rule is set with explicit type [var/s: uint] [Warning/explicit-types]
/sb/0x2dd78551c49d739c4a0ae80e4f863e74be39e1cb.sol:1347:5: Explicitly mark visibility of state [Warning/state-visibility]
/sb/0x2dd78551c49d739c4a0ae80e4f863e74be39e1cb.sol:1347:5: Rule is set with explicit type [var/s: uint] [Warning/explicit-types]
/sb/0x2dd78551c49d739c4a0ae80e4f863e74be39e1cb.sol:1354:5: Missing @notice tag in event 'LogBet' [Warning/use-natspec]
/sb/0x2dd78551c49d739c4a0ae80e4f863e74be39e1cb.sol:1354:5: Missing @param tag in event 'LogBet' [Warning/use-natspec]
/sb/0x2dd78551c49d739c4a0ae80e4f863e74be39e1cb.sol:1354:5: Mismatch in @param names for event 'LogBet'. Expected: [BetID, PlayerAddress, RewardValue, ProfitValue, BetValue, PlayerNumber], Found: [] [Warning/use-natspec]
/sb/0x2dd78551c49d739c4a0ae80e4f863e74be39e1cb.sol:1354:18: Variable name must be in mixedCase BetID [Warning/var-name-mixedcase]
/sb/0x2dd78551c49d739c4a0ae80e4f863e74be39e1cb.sol:1354:41: Variable name must be in mixedCase PlayerAddress [Warning/var-name-mixedcase]
/sb/0x2dd78551c49d739c4a0ae80e4f863e74be39e1cb.sol:1354:72: Rule is set with explicit type [var/s: uint] [Warning/explicit-types]
/sb/0x2dd78551c49d739c4a0ae80e4f863e74be39e1cb.sol:1354:72: Variable name must be in mixedCase RewardValue [Warning/var-name-mixedcase]
/sb/0x2dd78551c49d739c4a0ae80e4f863e74be39e1cb.sol:1354:98: Rule is set with explicit type [var/s: uint] [Warning/explicit-types]
/sb/0x2dd78551c49d739c4a0ae80e4f863e74be39e1cb.sol:1354:98: Variable name must be in mixedCase ProfitValue [Warning/var-name-mixedcase]
/sb/0x2dd78551c49d739c4a0ae80e4f863e74be39e1cb.sol:1354:116: Rule is set with explicit type [var/s: uint] [Warning/explicit-types]
/sb/0x2dd78551c49d739c4a0ae80e4f863e74be39e1cb.sol:1354:116: Variable name must be in mixedCase BetValue [Warning/var-name-mixedcase]
/sb/0x2dd78551c49d739c4a0ae80e4f863e74be39e1cb.sol:1354:131: Rule is set with explicit type [var/s: uint] [Warning/explicit-types]
/sb/0x2dd78551c49d739c4a0ae80e4f863e74be39e1cb.sol:1354:131: Variable name must be in mixedCase PlayerNumber [Warning/var-name-mixedcase]
/sb/0x2dd78551c49d739c4a0ae80e4f863e74be39e1cb.sol:1357:2: Missing @notice tag in event 'LogResult' [Warning/use-natspec]
/sb/0x2dd78551c49d739c4a0ae80e4f863e74be39e1cb.sol:1357:2: Missing @param tag in event 'LogResult' [Warning/use-natspec]
/sb/0x2dd78551c49d739c4a0ae80e4f863e74be39e1cb.sol:1357:2: Mismatch in @param names for event 'LogResult'. Expected: [ResultSerialNumber, BetID, PlayerAddress, PlayerNumber, DiceResult, Value, Status, Proof], Found: [] [Warning/use-natspec]
/sb/0x2dd78551c49d739c4a0ae80e4f863e74be39e1cb.sol:1357:18: Rule is set with explicit type [var/s: uint] [Warning/explicit-types]
/sb/0x2dd78551c49d739c4a0ae80e4f863e74be39e1cb.sol:1357:18: Variable name must be in mixedCase ResultSerialNumber [Warning/var-name-mixedcase]
/sb/0x2dd78551c49d739c4a0ae80e4f863e74be39e1cb.sol:1357:51: Variable name must be in mixedCase BetID [W
