Extract contract Haltable from /sb/0xc56469aee0113139c64f1674571f7c30dfce57ea.sol
Extract contract MintableTokenExt from /sb/0xc56469aee0113139c64f1674571f7c30dfce57ea.sol
Extract contract MintedTokenCappedCrowdsaleExt from /sb/0xc56469aee0113139c64f1674571f7c30dfce57ea.sol
Extract contract Ownable from /sb/0xc56469aee0113139c64f1674571f7c30dfce57ea.sol
Extract contract SafeMath from /sb/0xc56469aee0113139c64f1674571f7c30dfce57ea.sol
Extract contract SafeMathLibExt from /sb/0xc56469aee0113139c64f1674571f7c30dfce57ea.sol
Extract contract StandardToken from /sb/0xc56469aee0113139c64f1674571f7c30dfce57ea.sol
Extracted 7 contract(s) from /sb/0xc56469aee0113139c64f1674571f7c30dfce57ea.sol
[0;32m> Created "fuzzMe"[0m
[0;32m> To fuzz contracts:[0m
  chmod +x fuzzMe
  ./fuzzMe
contracts/Ownable.sol:85:3: Warning: Defining constructors as functions with the same name as the contract is deprecated. Use "constructor(...) { ... }" instead.
  function Ownable() {
  ^ (Relevant source part starts here and spans across multiple lines).
contracts/Ownable.sol:195:17: Warning: "throw" is deprecated in favour of "revert()", "require()" and "assert()".
    if (halted) throw;
                ^---^
contracts/Ownable.sol:200:40: Warning: "throw" is deprecated in favour of "revert()", "require()" and "assert()".
    if (halted && msg.sender != owner) throw;
                                       ^---^
contracts/Ownable.sol:205:18: Warning: "throw" is deprecated in favour of "revert()", "require()" and "assert()".
    if (!halted) throw;
                 ^---^
contracts/Ownable.sol:463:3: Warning: Defining constructors as functions with the same name as the contract is deprecated. Use "constructor(...) { ... }" instead.
  function CrowdsaleExt(string _name, address _token, PricingStrategy _pricingStrategy, address _multisigWallet, uint _start, uint _end, uint _minimumFundingGoal, bool _isUpdatable, bool _isWhiteListed) {
  ^ (Relevant source part starts here and spans across multiple lines).
contracts/Ownable.sol:475:9: Warning: "throw" is deprecated in favour of "revert()", "require()" and "assert()".
        throw;
        ^---^
contracts/Ownable.sol:479:9: Warning: "throw" is deprecated in favour of "revert()", "require()" and "assert()".
        throw;
        ^---^
contracts/Ownable.sol:485:9: Warning: "throw" is deprecated in favour of "revert()", "require()" and "assert()".
        throw;
        ^---^
contracts/Ownable.sol:492:9: Warning: "throw" is deprecated in favour of "revert()", "require()" and "assert()".
        throw;
        ^---^
contracts/Ownable.sol:507:5: Warning: "throw" is deprecated in favour of "revert()", "require()" and "assert()".
    throw;
    ^---^
contracts/Ownable.sol:525:7: Warning: "throw" is deprecated in favour of "revert()", "require()" and "assert()".
      throw;
      ^---^
contracts/Ownable.sol:531:11: Warning: "throw" is deprecated in favour of "revert()", "require()" and "assert()".
          throw;
          ^---^
contracts/Ownable.sol:536:7: Warning: "throw" is deprecated in favour of "revert()", "require()" and "assert()".
      throw;
      ^---^
contracts/Ownable.sol:546:7: Warning: "throw" is deprecated in favour of "revert()", "require()" and "assert()".
      throw;
      ^---^
contracts/Ownable.sol:552:9: Warning: "throw" is deprecated in favour of "revert()", "require()" and "assert()".
        throw;
        ^---^
contracts/Ownable.sol:557:9: Warning: "throw" is deprecated in favour of "revert()", "require()" and "assert()".
        throw;
        ^---^
contracts/Ownable.sol:563:9: Warning: "throw" is deprecated in favour of "revert()", "require()" and "assert()".
        throw;
        ^---^
contracts/Ownable.sol:582:7: Warning: "throw" is deprecated in favour of "revert()", "require()" and "assert()".
      throw;
      ^---^
contracts/Ownable.sol:588:41: Warning: "throw" is deprecated in favour of "revert()", "require()" and "assert()".
    if(!multisigWallet.send(weiAmount)) throw;
                                        ^---^
contracts/Ownable.sol:613:7: Warning: "throw" is deprecated in favour of "revert()", "require()" and "assert()".
      throw;
      ^---^
contracts/Ownable.sol:641:7: Warning: "throw" is deprecated in favour of "revert()", "require()" and "assert()".
      throw;
      ^---^
contracts/Ownable.sol:664:7: Warning: "throw" is deprecated in favour of "revert()", "require()" and "assert()".
      throw;
      ^---^
contracts/Ownable.sol:672:25: Warning: "throw" is deprecated in favour of "revert()", "require()" and "assert()".
    if (!isWhiteListed) throw;
                        ^---^
contracts/Ownable.sol:689:25: Warning: "throw" is deprecated in favour of "revert()", "require()" and "assert()".
    if (!isWhiteListed) throw;
                        ^---^
contracts/Ownable.sol:700:25: Warning: "throw" is deprecated in favour of "revert()", "require()" and "assert()".
    if (!isWhiteListed) throw;
                        ^---^
contracts/Ownable.sol:701:100: Warning: "throw" is deprecated in favour of "revert()", "require()" and "assert()".
    if (tokensBought < earlyParticipantWhitelist[reciever].minCap && tokenAmountOf[reciever] == 0) throw;
                                                                                                   ^---^
contracts/Ownable.sol:712:25: Warning: "throw" is deprecated in favour of "revert()", "require()" and "assert()".
    if (!isWhiteListed) throw;
                        ^---^
contracts/Ownable.sol:716:92: Warning: "throw" is deprecated in favour of "revert()", "require()" and "assert()".
    if (tokensBought < earlyParticipantWhitelist[addr].minCap && tokenAmountOf[addr] == 0) throw;
                                                                                           ^---^
contracts/Ownable.sol:782:37: Warning: "throw" is deprecated in favour of "revert()", "require()" and "assert()".
    if (lastTierCntrct.finalized()) throw;
                                    ^---^
contracts/Ownable.sol:814:37: Warning: "throw" is deprecated in favour of "revert()", "require()" and "assert()".
    if (lastTierCntrct.finalized()) throw;
                                    ^---^
contracts/Ownable.sol:840:7: Warning: "throw" is deprecated in favour of "revert()", "require()" and "assert()".
      throw;
      ^---^
contracts/Ownable.sol:855:7: Warning: "throw" is deprecated in favour of "revert()", "require()" and "assert()".
      throw;
      ^---^
contracts/Ownable.sol:909:29: Warning: "throw" is deprecated in favour of "revert()", "require()" and "assert()".
    if(getState() != state) throw;
                            ^---^
contracts/Ownable.sol:1018:64: Warning: "throw" is deprecated in favour of "revert()", "require()" and "assert()".
    if ((_value != 0) && (allowed[msg.sender][_spender] != 0)) throw;
                                                               ^---^
contracts/Ownable.sol:1074:9: Warning: "throw" is deprecated in favour of "revert()", "require()" and "assert()".
        throw;
        ^---^
contracts/Ownable.sol:1081:25: Warning: "throw" is deprecated in favour of "revert()", "require()" and "assert()".
    if(mintingFinished) throw;
                        ^---^
contracts/Ownable.sol:1179:3: Warning: Defining constructors as functions with the same name as the contract is deprecated. Use "constructor(...) { ... }" instead.
  function MintedTokenCappedCrowdsaleExt(
  ^ (Relevant source part starts here and spans across multiple lines).
contracts/Ownable.sol:105:5: Warning: Invoking events without "emit" prefix is deprecated.
    OwnershipTransferred(owner, newOwner);
    ^-----------------------------------^
contracts/Ownable.sol:591:5: Warning: Invoking events without "emit" prefix is deprecated.
    Invested(receiver, weiAmount, tokenAmount, customerId);
    ^----------------------------------------------------^
contracts/Ownable.sol:680:7: Warning: Invoking events without "emit" prefix is deprecated.
      Whitelisted(addr, status, minCap, maxCap);
      ^---------------------------------------^
contracts/Ownable.sol:682:7: Warning: Invoking events without "emit" prefix is deprecated.
      WhitelistItemChanged(addr, status, minCap, maxCap);
      ^------------------------------------------------^
contracts/Ownable.sol:793:5: Warning: Invoking events without "emit" prefix is deprecated.
    StartsAtChanged(startsAt);
    ^-----------------------^
contracts/Ownable.sol:825:5: Warning: Invoking events without "emit" prefix is deprecated.
    EndsAtChanged(endsAt);
    ^-------------------^
contracts/Ownable.sol:994:5: Warning: Invoking events without "emit" prefix is deprecated.
    Transfer(msg.sender, _to, _value);
    ^-------------------------------^
contracts/Ownable.sol:1004:5: Warning: Invoking events without "emit" prefix is deprecated.
    Transfer(_from, _to, _value);
    ^--------------------------^
contracts/Ownable.sol:1021:5: Warning: Invoking events without "emit" prefix is deprecated.
    Approval(msg.sender, _spender, _value);
    ^------------------------------------^
contracts/Ownable.sol:1139:5: Warning: Invoking events without "emit" prefix is deprecated.
    Transfer(0, receiver, amount);
    ^---------------------------^
contracts/Ownable.sol:1147:5: Warning: Invoking events without "emit" prefix is deprecated.
    MintingAgentChanged(addr, state);
    ^------------------------------^
contracts/Ownable.sol:1222:5: Warning: Invoking events without "emit" prefix is deprecated.
    MaximumSellableTokensChanged(maximumSellableTokens);
    ^-------------------------------------------------^
contracts/Ownable.sol:85:3: Warning: No visibility specified. Defaulting to "public". 
  function Ownable() {
  ^ (Relevant source part starts here and spans across multiple lines).
contracts/Ownable.sol:146:3: Warning: No visibility specified. Defaulting to "public". 
  function times(uint a, uint b) returns (uint) {
  ^ (Relevant source part starts here and spans across multiple lines).
contracts/Ownable.sol:152:3: Warning: No visibility specified. Defaulting to "public". 
  function divides(uint a, uint b) returns (uint) {
  ^ (Relevant source part starts here and spans across multiple lines).
contracts/Ownable.sol:159:3: Warning: No visibility specified. Defaulting to "public". 
  function minus(uint a, uint b) returns (uint) {
  ^ (Relevant source part starts here and spans across multiple lines).
contracts/Ownable.sol:164:3: Warning: No visibility specified. Defaulting to "public". 
  function plus(uint a, uint b) returns (uint) {
  ^ (Relevant source part starts here and spans across multiple lines).
contracts/Ownable.sol:245:19: Warning: Unused function parameter. Remove or comment out the variable name to silence this warning.
  function isSane(address crowdsale) public constant returns (bool) {
                  ^---------------^
contracts/Ownable.sol:254:30: Warning: Unused function parameter. Remove or comment out the variable name to silence this warning.
  function isPresalePurchase(address purchaser) public constant returns (bool) {
                             ^---------------^
contracts/Ownable.sol:305:3: Warning: No visibility specified. Defaulting to "public". 
  function distributeReservedTokens(uint reservedTokensDistributionBatch);
  ^----------------------------------------------------------------------^
contracts/Ownable.sol:308:3: Warning: No visibility specified. Defaulting to "public". 
  function finalizeCrowdsale();
  ^---------------------------^
contracts/Ownable.sol:463:3: Warning: No visibility specified. Defaulting to "public". 
  function CrowdsaleExt(string _name, address _token, PricingStrategy _pricingStrategy, address _multisigWallet, uint _start, uint _end, uint _minimumFundingGoal, bool _isUpdatable, bool _isWhiteListed) {
  ^ (Relevant source part starts here and spans across multiple lines).
contracts/Ownable.sol:506:3: Warning: No visibility specified. Defaulting to "public". 
  function() payable {
  ^ (Relevant source part starts here and spans across multiple lines).
contracts/Ownable.sol:774:3: Warning: No visibility specified. Defaulting to "public". 
  function setStartsAt(uint time) onlyOwner {
  ^ (Relevant source part starts here and spans across multiple lines).
contracts/Ownable.sol:991:3: Warning: No visibility specified. Defaulting to "public". 
  function transfer(address _to, uint _value) returns (bool success) {
  ^ (Relevant source part starts here and spans across multiple lines).
contracts/Ownable.sol:998:3: Warning: No visibility specified. Defaulting to "public". 
  function transferFrom(address _from, address _to, uint _value) returns (bool success) {
  ^ (Relevant source part starts here and spans across multiple lines).
contracts/Ownable.sol:1008:3: Warning: No visibility specified. Defaulting to "public". 
  function balanceOf(address _owner) constant returns (uint balance) {
  ^ (Relevant source part starts here and spans across multiple lines).
contracts/Ownable.sol:1012:3: Warning: No visibility specified. Defaulting to "public". 
  function approve(address _spender, uint _value) returns (bool success) {
  ^ (Relevant source part starts here and spans across multiple lines).
contracts/Ownable.sol:1025:3: Warning: No visibility specified. Defaulting to "public". 
  function allowance(address _owner, address _spender) constant returns (uint remaining) {
  ^ (Relevant source part starts here and spans across multiple lines).
contracts/Ownable.sol:1179:3: Warning: No visibility specified. Defaulting to "public". 
  function MintedTokenCappedCrowdsaleExt(
  ^ (Relevant source part starts here and spans across multiple lines).
contracts/Ownable.sol:1199:26: Warning: Unused function parameter. Remove or comment out the variable name to silence this warning.
  function isBreakingCap(uint weiAmount, uint tokenAmount, uint weiRaisedTotal, uint tokensSoldTotal) public constant returns (bool limitBroken) {
                         ^------------^
contracts/Ownable.sol:1199:42: Warning: Unused function parameter. Remove or comment out the variable name to silence this warning.
  function isBreakingCap(uint weiAmount, uint tokenAmount, uint weiRaisedTotal, uint tokensSoldTotal) public constant returns (bool limitBroken) {
                                         ^--------------^
contracts/Ownable.sol:1199:60: Warning: Unused function parameter. Remove or comment out the variable name to silence this warning.
  function isBreakingCap(uint weiAmount, uint tokenAmount, uint weiRaisedTotal, uint tokensSoldTotal) public constant returns (bool limitBroken) {
                                                           ^-----------------^
contracts/Ownable.sol:11:3: Warning: Function state mutability can be restricted to pure
  function safeMul(uint a, uint b) internal returns (uint) {
  ^ (Relevant source part starts here and spans across multiple lines).
contracts/Ownable.sol:17:3: Warning: Function state mutability can be restricted to pure
  function safeDiv(uint a, uint b) internal returns (uint) {
  ^ (Relevant source part starts here and spans across multiple lines).
contracts/Ownable.sol:24:3: Warning: Function state mutability can be restricted to pure
  function safeSub(uint a, uint b) internal returns (uint) {
  ^ (Relevant source part starts here and spans across multiple lines).
contracts/Ownable.sol:29:3: Warning: Function state mutability can be restricted to pure
  function safeAdd(uint a, uint b) internal returns (uint) {
  ^ (Relevant source part starts here and spans across multiple lines).
contracts/Ownable.sol:35:3: Warning: Function state mutability can be restricted to pure
  function max64(uint64 a, uint64 b) internal constant returns (uint64) {
  ^ (Relevant source part starts here and spans across multiple lines).
contracts/Ownable.sol:39:3: Warning: Function state mutability can be restricted to pure
  function min64(uint64 a, uint64 b) internal constant returns (uint64) {
  ^ (Relevant source part starts here and spans across multiple lines).
contracts/Ownable.sol:43:3: Warning: Function state mutability can be restricted to pure
  function max256(uint256 a, uint256 b) internal constant returns (uint256) {
  ^ (Relevant source part starts here and spans across multiple lines).
contracts/Ownable.sol:47:3: Warning: Function state mutability can be restricted to pure
  function min256(uint256 a, uint256 b) internal constant returns (uint256) {
  ^ (Relevant source part starts here and spans across multiple lines).
contracts/Ownable.sol:146:3: Warning: Function state mutability can be restricted to pure
  function times(uint a, uint b) returns (uint) {
  ^ (Relevant source part starts here and spans across multiple lines).
contracts/Ownable.sol:152:3: Warning: Function state mutability can be restricted to pure
  function divides(uint a, uint b) returns (uint) {
  ^ (Relevant source part starts here and spans across multiple lines).
contracts/Ownable.sol:159:3: Warning: Function state mutability can be restricted to pure
  function minus(uint a, uint b) returns (uint) {
  ^ (Relevant source part starts here and spans across multiple lines).
contracts/Ownable.sol:164:3: Warning: Function state mutability can be restricted to pure
  function plus(uint a, uint b) returns (uint) {
  ^ (Relevant source part starts here and spans across multiple lines).
contracts/Ownable.sol:237:3: Warning: Function state mutability can be restricted to pure
  function isPricingStrategy() public constant returns (bool) {
  ^ (Relevant source part starts here and spans across multiple lines).
contracts/Ownable.sol:245:3: Warning: Function state mutability can be restricted to pure
  function isSane(address crowdsale) public constant returns (bool) {
  ^ (Relevant source part starts here and spans across multiple lines).
contracts/Ownable.sol:254:3: Warning: Function state mutability can be restricted to pure
  function isPresalePurchase(address purchaser) public constant returns (bool) {
  ^ (Relevant source part starts here and spans across multiple lines).
contracts/Ownable.sol:294:3: Warning: Function state mutability can be restricted to pure
  function isFinalizeAgent() public constant returns(bool) {
  ^ (Relevant source part starts here and spans across multiple lines).
contracts/Ownable.sol:899:3: Warning: Function state mutability can be restricted to pure
  function isCrowdsale() public constant returns (bool) {
  ^ (Relevant source part starts here and spans across multiple lines).
contracts/Ownable.sol:987:3: Warning: Function state mutability can be restricted to pure
  function isToken() public constant returns (bool weAre) {
  ^ (Relevant source part starts here and spans across multiple lines).
contracts/Ownable.sol:1206:13: Warning: Function declared as view, but this expression (potentially) modifies the state and thus requires non-payable (the default) or payable.
    return (tokenAmountOf[addr].plus(tokenAmount)) > maxCap;
            ^-----------------------------------^
contracts/SafeMath.sol:85:3: Warning: Defining constructors as functions with the same name as the contract is deprecated. Use "constructor(...) { ... }" instead.
  function Ownable() {
  ^ (Relevant source part starts here and spans across multiple lines).
contracts/SafeMath.sol:195:17: Warning: "throw" is deprecated in favour of "revert()", "require()" and "assert()".
    if (halted) throw;
                ^---^
contracts/SafeMath.sol:200:40: Warning: "throw" is deprecated in favour of "revert()", "require()" and "assert()".
    if (halted && msg.sender != owner) throw;
                                       ^---^
contracts/SafeMath.sol:205:18: Warning: "throw" is deprecated in favour of "revert()", "require()" and "assert()".
    if (!halted) throw;
                 ^---^
contracts/SafeMath.sol:463:3: Warning: Defining constructors as functions with the same name as the contract is deprecated. Use "constructor(...) { ... }" instead.
  function CrowdsaleExt(string _name, address _token, PricingStrategy _pricingStrategy, address _multisigWallet, uint _start, uint _end, uint _minimumFundingGoal, bool _isUpdatable, bool _isWhiteListed) {
  ^ (Relevant source part starts here and spans across multiple lines).
contracts/SafeMath.sol:475:9: Warning: "throw" is deprecated in favour of "revert()", "require()" and "assert()".
        throw;
        ^---^
contracts/SafeMath.sol:479:9: Warning: "throw" is deprecated in favour of "revert()", "require()" and "assert()".
        throw;
        ^---^
contracts/SafeMath.sol:485:9: Warning: "throw" is deprecated in favour of "revert()", "require()" and "assert()".
        throw;
        ^---^
contracts/SafeMath.sol:492:9: Warning: "throw" is deprecated in favour of "revert()", "require()" and "assert()".
        throw;
        ^---^
contracts/SafeMath.sol:507:5: Warning: "throw" is deprecated in favour of "revert()", "require()" and "assert()".
    throw;
    ^---^
contracts/SafeMath.sol:525:7: Warning: "throw" is deprecated in favour of "revert()", "require()" and "assert()".
      throw;
      ^---^
contracts/SafeMath.sol:531:11: Warning: "throw" is deprecated in favour of "revert()", "require()" and "assert()".
          throw;
          ^---^
contracts/SafeMath.sol:536:7: Warning: "throw" is deprecated in favour of "revert()", "require()" and "assert()".
      throw;
      ^---^
contracts/SafeMath.sol:546:7: Warning: "throw" is deprecated in favour of "revert()", "require()" and "assert()".
      throw;
      ^---^
contracts/SafeMath.sol:552:9: Warning: "throw" is deprecated in favour of "revert()", "require()" and "assert()".
        throw;
        ^---^
contracts/SafeMath.sol:557:9: Warning: "throw" is deprecated in favour of "revert()", "require()" and "assert()".
        throw;
        ^---^
contracts/SafeMath.sol:563:9: Warning: "throw" is deprecated in favour of "revert()", "require()" and "assert()".
        throw;
        ^---^
contracts/SafeMath.sol:582:7: Warning: "throw" is deprecated in favour of "revert()", "require()" and "assert()".
      throw;
      ^---^
contracts/SafeMath.sol:588:41: Warning: "throw" is deprecated in favour of "revert()", "require()" and "assert()".
    if(!multisigWallet.send(weiAmount)) throw;
                                        ^---^
contracts/SafeMath.sol:613:7: Warning: "throw" is deprecated in favour of "revert()", "require()" and "assert()".
      throw;
      ^---^
contracts/SafeMath.sol:641:7: Warning: "throw" is deprecated in favour of "revert()", "require()" and "assert()".
      throw;
      ^---^
contracts/SafeMath.sol:664:7: Warning: "throw" is deprecated in favour of "revert()", "require()" and "assert()".
      throw;
      ^---^
contracts/SafeMath.sol:672:25: Warning: "throw" is deprecated in favour of "revert()", "require()" and "assert()".
    if (!isWhiteListed) throw;
                        ^---^
contracts/SafeMath.sol:689:25: Warning: "throw" is deprecated in favour of "revert()", "require()" and "assert()".
    if (!isWhiteListed) throw;
                        ^---^
contracts/SafeMath.sol:700:25: Warning: "throw" is deprecated in favour of "revert()", "require()" and "assert()".
    if (!isWhiteListed) throw;
                        ^---^
contracts/SafeMath.sol:701:100: Warning: "throw" is deprecated in favour of "revert()", "require()" and "assert()".
    if (tokensBought < earlyParticipantWhitelist[reciever].minCap && tokenAmountOf[reciever] == 0) throw;
                                                                                                   ^---^
contracts/SafeMath.sol:712:25: Warning: "throw" is deprecated in favour of "revert()", "require()" and "assert()".
    if (!isWhiteListed) throw;
                        ^---^
contracts/SafeMath.sol:716:92: Warning: "throw" is deprecated in favour of "revert()", "require()" and "assert()".
    if (tokensBought < earlyParticipantWhitelist[addr].minCap && tokenAmountOf[addr] == 0) throw;
                                                                                           ^---^
contracts/SafeMath.sol:782:37: Warning: "throw" is deprecated in favour of "revert()", "require()" and "assert()".
    if (lastTierCntrct.finalized()) throw;
                                    ^---^
contracts/SafeMath.sol:814:37: Warning: "throw" is deprecated in favour of "revert()", "require()" and "assert()".
    if (lastTierCntrct.finalized()) throw;
                                    ^---^
contracts/SafeMath.sol:840:7: Warning: "throw" is deprecated in favour of "revert()", "require()" and "assert()".
      throw;
      ^---^
contracts/SafeMath.sol:855:7: Warning: "throw" is deprecated in favour of "revert()", "require()" and "assert()".
      throw;
      ^---^
contracts/SafeMath.sol:909:29: Warning: "throw" is deprecated in favour of "revert()", "require()" and "assert()".
    if(getState() != state) throw;
                            ^---^
contracts/SafeMath.sol:1018:64: Warning: "throw" is deprecated in favour of "revert()", "require()" and "assert()".
    if ((_value != 0) && (allowed[msg.sender][_spender] != 0)) throw;
                                                               ^---^
contracts/SafeMath.sol:1074:9: Warning: "throw" is deprecated in favour of "revert()", "require()" and "assert()".
        throw;
        ^---^
contracts/SafeMath.sol:1081:25: Warning: "throw" is deprecated in favour of "revert()", "require()" and "assert()".
    if(mintingFinished) throw;
                        ^---^
contracts/SafeMath.sol:1179:3: Warning: Defining constructors as functions with the same name as the contract is deprecated. Use "constructor(...) { ... }" instead.
  function MintedTokenCappedCrowdsaleExt(
  ^ (Relevant source part starts here and spans across multiple lines).
contracts/SafeMath.sol:105:5: Warning: Invoking events without "emit" prefix is deprecated.
    OwnershipTransferred(owner, newOwner);
    ^-----------------------------------^
contracts/SafeMath.sol:591:5: Warning: Invoking events without "emit" prefix is deprecated.
    Invested(receiver, weiAmount, tokenAmount, customerId);
    ^----------------------------------------------------^
contracts/SafeMath.sol:680:7: Warning: Invoking events without "emit" prefix is deprecated.
      Whitelisted(addr, status, minCap, maxCap);
      ^---------------------------------------^
contracts/SafeMath.sol:682:7: Warning: Invoking events without "emit" prefix is deprecated.
      WhitelistItemChanged(addr, status, minCap, maxCap);
      ^------------------------------------------------^
contracts/SafeMath.sol:793:5: Warning: Invoking events without "emit" prefix is deprecated.
    StartsAtChanged(startsAt);
    ^-----------------------^
contracts/SafeMath.sol:825:5: Warning: Invoking events without "emit" prefix is deprecated.
    EndsAtChanged(endsAt);
    ^-------------------^
contracts/SafeMath.sol:994:5: Warning: Invoking events without "emit" prefix is deprecated.
    Transfer(msg.sender, _to, _value);
    ^-------------------------------^
contracts/SafeMath.sol:1004:5: Warning: Invoking events without "emit" prefix is deprecated.
    Transfer(_from, _to, _value);
    ^--------------------------^
contracts/SafeMath.sol:1021:5: Warning: Invoking events without "emit" prefix is deprecated.
    Approval(msg.sender, _spender, _value);
    ^------------------------------------^
contracts/SafeMath.sol:1139:5: Warning: Invoking events without "emit" prefix is deprecated.
    Transfer(0, receiver, amount);
    ^---------------------------^
contracts/SafeMath.sol:1147:5: Warning: Invoking events without "emit" prefix is deprecated.
    MintingAgentChanged(addr, state);
    ^------------------------------^
contracts/SafeMath.sol:1222:5: Warning: Invoking events without "emit" prefix is deprecated.
    MaximumSellableTokensChanged(maximumSellableTokens);
    ^-------------------------------------------------^
contracts/SafeMath.sol:85:3: Warning: No visibility specified. Defaulting to "public". 
  function Ownable() {
  ^ (Relevant source part starts here and spans across multiple lines).
contracts/SafeMath.sol:146:3: Warning: No visibility specified. Defaulting to "public". 
  function times(uint a, uint b) returns (uint) {
  ^ (Relevant source part starts here and spans across multiple lines).
contracts/SafeMath.sol:152:3: Warning: No visibility specified. Defaulting to "public". 
  function divides(uint a, uint b) returns (uint) {
  ^ (Relevant source part starts here and spans across multiple lines).
contracts/SafeMath.sol:159:3: Warning: No visibility specified. Defaulting to "public". 
  function minus(uint a, uint b) returns (uint) {
  ^ (Relevant source part starts here and spans across multiple lines).
contracts/SafeMath.sol:164:3: Warning: No visibility specified. Defaulting to "public". 
  function plus(uint a, uint b) returns (uint) {
  ^ (Relevant source part starts here and spans across multiple lines).
contracts/SafeMath.sol:245:19: Warning: Unused function parameter. Remove or comment out the variable name to silence this warning.
  function isSane(address crowdsale) public constant returns (bool) {
                  ^---------------^
contracts/SafeMath.sol:254:30: Warning: Unused function parameter. Remove or comment out the variable name to silence this warning.
  function isPresalePurchase(address purchaser) public constant returns (bool) {
                             ^---------------^
contracts/SafeMath.sol:305:3: Warning: No visibility specified. Defaulting to "public". 
  function distributeReservedTokens(uint reservedTokensDistributionBatch);
  ^----------------------------------------------------------------------^
contracts/SafeMath.sol:308:3: Warning: No visibility specified. Defaulting to "public". 
  function finalizeCrowdsale();
  ^---------------------------^
contracts/SafeMath.sol:463:3: Warning: No visibility specified. Defaulting to "public". 
  function CrowdsaleExt(string _name, address _token, PricingStrategy _pricingStrategy, address _multisigWallet, uint _start, uint _end, uint _minimumFundingGoal, bool _isUpdatable, bool _isWhiteListed) {
  ^ (Relevant source part starts here and spans across multiple lines).
contracts/SafeMath.sol:506:3: Warning: No visibility specified. Defaulting to "public". 
  function() payable {
  ^ (Relevant source part starts here and spans across multiple lines).
contracts/SafeMath.sol:774:3: Warning: No visibility specified. Defaulting to "public". 
  function setStartsAt(uint time) onlyOwner {
  ^ (Relevant source part starts here and spans across multiple lines).
contracts/SafeMath.sol:991:3: Warning: No visibility specified. Defaulting to "public". 
  function transfer(address _to, uint _value) returns (bool success) {
  ^ (Relevant source part starts here and spans across multiple lines).
contracts/SafeMath.sol:998:3: Warning: No visibility specified. Defaulting to "public". 
  function transferFrom(address _from, address _to, uint _value) returns (bool success) {
  ^ (Relevant source part starts here and spans across multiple lines).
contracts/SafeMath.sol:1008:3: Warning: No visibility specified. Defaulting to "public". 
  function balanceOf(address _owner) constant returns (uint balance) {
  ^ (Relevant source part starts here and spans across multiple lines).
contracts/SafeMath.sol:1012:3: Warning: No visibility specified. Defaulting to "public". 
  function approve(address _spender, uint _value) returns (bool success) {
  ^ (Relevant source part starts here and spans across multiple lines).
contracts/SafeMath.sol:1025:3: Warning: No visibility specified. Defaulting to "public". 
  function allowance(address _owner, address _spender) constant returns (uint remaining) {
  ^ (Relevant source part starts here and spans across multiple lines).
contracts/SafeMath.sol:1179:3: Warning: No visibility specified. Defaulting to "public". 
  function MintedTokenCappedCrowdsaleExt(
  ^ (Relevant source part starts here and spans across multiple lines).
contracts/SafeMath.sol:1199:26: Warning: Unused function parameter. Remove or comment out the variable name to silence this warning.
  function isBreakingCap(uint weiAmount, uint tokenAmount, uint weiRaisedTotal, uint tokensSoldTotal) public constant returns (bool limitBroken) {
                         ^------------^
contracts/SafeMath.sol:1199:42: Warning: Unused function parameter. Remove or comment out the variable name to silence this warning.
  function isBreakingCap(uint weiAmount, uint tokenAmount, uint weiRaisedTotal, uint tokensSoldTotal) public constant returns (bool limitBroken) {
                                         ^--------------^
contracts/SafeMath.sol:1199:60: Warning: Unused function parameter. Remove or comment out the variable name to silence this warning.
  function isBreakingCap(uint weiAmount, uint tokenAmount, uint weiRaisedTotal, uint tokensSoldTotal) public constant returns (bool limitBroken) {
                                                           ^-----------------^
contracts/SafeMath.sol:11:3: Warning: Function state mutability can be restricted to pure
  function safeMul(uint a, uint b) internal returns (uint) {
  ^ (Relevant source part starts here and spans across multiple lines).
contracts/SafeMath.sol:17:3: Warning: Function state mutability can be restricted to pure
  function safeDiv(uint a, uint b) internal returns (uint) {
  ^ (Relevant source part starts here and spans across multiple lines).
contracts/SafeMath.sol:24:3: Warning: Function state mutability can be restricted to pure
  function safeSub(uint a, uint b) internal returns (uint) {
  ^ (Relevant source part starts here and spans across multiple lines).
contracts/SafeMath.sol:29:3: Warning: Function state mutability can be restricted to pure
  function safeAdd(uint a, uint b) internal returns (uint) {
  ^ (Relevant source part starts here and spans across multiple lines).
contracts/SafeMath.sol:35:3: Warning: Function state mutability can be restricted to pure
  function max64(uint64 a, uint64 b) internal constant returns (uint64) {
  ^ (Relevant source part starts here and spans across multiple lines).
contracts/SafeMath.sol:39:3: Warning: Function state mutability can be restricted to pure
  function min64(uint64 a, uint64 b) internal constant returns (uint64) {
  ^ (Relevant source part starts here and spans across multiple lines).
contracts/SafeMath.sol:43:3: Warning: Function state mutability can be restricted to pure
  function max256(uint256 a, uint256 b) internal constant returns (uint256) {
  ^ (Relevant source part starts here and spans across multiple lines).
contracts/SafeMath.sol:47:3: Warning: Function state mutability can be restricted to pure
  function min256(uint256 a, uint256 b) internal constant returns (uint256) {
  ^ (Relevant source part starts here and spans across multiple lines).
contracts/SafeMath.sol:146:3: Warning: Function state mutability can be restricted to pure
  function times(uint a, uint b) returns (uint) {
  ^ (Relevant source part starts here and spans across multiple lines).
contracts/SafeMath.sol:152:3: Warning: Function state mutability can be restricted to pure
  function divides(uint a, uint b) returns (uint) {
  ^ (Relevant source part starts here and spans across multiple lines).
contracts/SafeMath.sol:159:3: Warning: Function state mutability can be restricted to pure
  function minus(uint a, uint b) returns (uint) {
  ^ (Relevant source part starts here and spans across multiple lines).
contracts/SafeMath.sol:164:3: Warning: Function state mutability can be restricted to pure
  function plus(uint a, uint b) returns (uint) {
  ^ (Relevant source part starts here and spans across multiple lines).
contracts/SafeMath.sol:237:3: Warning: Function state mutability can be restricted to pure
  function isPricingStrategy() public constant returns (bool) {
  ^ (Relevant source part starts here and spans across multiple lines).
contracts/SafeMath.sol:245:3: Warning: Function state mutability can be restricted to pure
  function isSane(address crowdsale) public constant returns (bool) {
  ^ (Relevant source part starts here and spans across multiple lines).
contracts/SafeMath.sol:254:3: Warning: Function state mutability can be restricted to pure
  function isPresalePurchase(address purchaser) public constant returns (bool) {
  ^ (Relevant source part starts here and spans across multiple lines).
contracts/SafeMath.sol:294:3: Warning: Function state mutability can be restricted to pure
  function isFinalizeAgent() public constant returns(bool) {
  ^ (Relevant source part starts here and spans across multiple lines).
contracts/SafeMath.sol:899:3: Warning: Function state mutability can be restricted to pure
  function isCrowdsale() public constant returns (bool) {
  ^ (Relevant source part starts here and spans across multiple lines).
contracts/SafeMath.sol:987:3: Warning: Function state mutability can be restricted to pure
  function isToken() public constant returns (bool weAre) {
  ^ (Relevant source part starts here and spans across multiple lines).
contracts/SafeMath.sol:1206:13: Warning: Function declared as view, but this expression (potentially) modifies the state and thus requires non-payable (the default) or payable.
    return (tokenAmountOf[addr].plus(tokenAmount)) > maxCap;
            ^-----------------------------------^
contracts/Haltable.sol:85:3: Warning: Defining constructors as functions with the same name as the contract is deprecated. Use "constructor(...) { ... }" instead.
  function Ownable() {
  ^ (Relevant source part starts here and spans across multiple lines).
contracts/Haltable.sol:195:17: Warning: "throw" is deprecated in favour of "revert()", "require()" and "assert()".
    if (halted) throw;
                ^---^
contracts/Haltable.sol:200:40: Warning: "throw" is deprecated in favour of "revert()", "require()" and "assert()".
    if (halted && msg.sender != owner) throw;
                                       ^---^
contracts/Haltable.sol:205:18: Warning: "throw" is deprecated in favour of "revert()", "require()" and "assert()".
    if (!halted) throw;
                 ^---^
contracts/Haltable.sol:463:3: Warning: Defining constructors as functions with the same name as the contract is deprecated. Use "constructor(...) { ... }" instead.
  function CrowdsaleExt(string _name, address _token, PricingStrategy _pricingStrategy, address _multisigWallet, uint _start, uint _end, uint _minimumFundingGoal, bool _isUpdatable, bool _isWhiteListed) {
  ^ (Relevant source part starts here and spans across multiple lines).
contracts/Haltable.sol:475:9: Warning: "throw" is deprecated in favour of "revert()", "require()" and "assert()".
        throw;
        ^---^
contracts/Haltable.sol:479:9: Warning: "throw" is deprecated in favour of "revert()", "require()" and "assert()".
        throw;
        ^---^
contracts/Haltable.sol:485:9: Warning: "throw" is deprecated in favour of "revert()", "require()" and "assert()".
        throw;
        ^---^
contracts/Haltable.sol:492:9: Warning: "throw" is deprecated in favour of "revert()", "require()" and "assert()".
        throw;
        ^---^
contracts/Haltable.sol:507:5: Warning: "throw" is deprecated in favour of "revert()", "require()" and "assert()".
    throw;
    ^---^
contracts/Haltable.sol:525:7: Warning: "throw" is deprecated in favour of "revert()", "require()" and "assert()".
      throw;
      ^---^
contracts/Haltable.sol:531:11: Warning: "throw" is deprecated in favour of "revert()", "require()" and "assert()".
          throw;
          ^---^
contracts/Haltable.sol:536:7: Warning: "throw" is deprecated in favour of "revert()", "require()" and "assert()".
      throw;
      ^---^
contracts/Haltable.sol:546:7: Warning: "throw" is deprecated in favour of "revert()", "require()" and "assert()".
      throw;
      ^---^
contracts/Haltable.sol:552:9: Warning: "throw" is deprecated in favour of "revert()", "require()" and "assert()".
        throw;
        ^---^
contracts/Haltable.sol:557:9: Warning: "throw" is deprecated in favour of "revert()", "require()" and "assert()".
        throw;
        ^---^
contracts/Haltable.sol:563:9: Warning: "throw" is deprecated in favour of "revert()", "require()" and "assert()".
        throw;
        ^---^
contracts/Haltable.sol:582:7: Warning: "throw" is deprecated in favour of "revert()", "require()" and "assert()".
      throw;
      ^---^
contracts/Haltable.sol:588:41: Warning: "throw" is deprecated in favour of "revert()", "require()" and "assert()".
    if(!multisigWallet.send(weiAmount)) throw;
                                        ^---^
contracts/Haltable.sol:613:7: Warning: "throw" is deprecated in favour of "revert()", "require()" and "assert()".
      throw;
      ^---^
contracts/Haltable.sol:641:7: Warning: "throw" is deprecated in favour of "revert()", "require()" and "assert()".
      throw;
      ^---^
contracts/Haltable.sol:664:7: Warning: "throw" is deprecated in favour of "revert()", "require()" and "assert()".
      throw;
      ^---^
contracts/Haltable.sol:672:25: Warning: "throw" is deprecated in favour of "revert()", "require()" and "assert()".
    if (!isWhiteListed) throw;
                        ^---^
contracts/Haltable.sol:689:25: Warning: "throw" is deprecated in favour of "revert()", "require()" and "assert()".
    if (!isWhiteListed) throw;
                        ^---^
contracts/Haltable.sol:700:25: Warning: "throw" is deprecated in favour of "revert()", "require()" and "assert()".
    if (!isWhiteListed) throw;
                        ^---^
contracts/Haltable.sol:701:100: Warning: "throw" is deprecated in favour of "revert()", "require()" and "assert()".
    if (tokensBought < earlyParticipantWhitelist[reciever].minCap && tokenAmountOf[reciever] == 0) throw;
                                                                                                   ^---^
contracts/Haltable.sol:712:25: Warning: "throw" is deprecated in favour of "revert()", "require()" and "assert()".
    if (!isWhiteListed) throw;
                        ^---^
contracts/Haltable.sol:716:92: Warning: "throw" is deprecated in favour of "revert()", "require()" and "assert()".
    if (tokensBought < earlyParticipantWhitelist[addr].minCap && tokenAmountOf[addr] == 0) throw;
                                                                                           ^---^
contracts/Haltable.sol:782:37: Warning: "throw" is deprecated in favour of "revert()", "require()" and "assert()".
    if (lastTierCntrct.finalized()) throw;
                                    ^---^
contracts/Haltable.sol:814:37: Warning: "throw" is deprecated in favour of "revert()", "require()" and "assert()".
    if (lastTierCntrct.finalized()) throw;
                                    ^---^
contracts/Haltable.sol:840:7: Warning: "throw" is deprecated in favour of "revert()", "require()" and "assert()".
      throw;
      ^---^
contracts/Haltable.sol:855:7: Warning: "throw" is deprecated in favour of "revert()", "require()" and "assert()".
      throw;
      ^---^
contracts/Haltable.sol:909:29: Warning: "throw" is deprecated in favour of "revert()", "require()" and "assert()".
    if(getState() != state) throw;
                            ^---^
contracts/Haltable.sol:1018:64: Warning: "throw" is deprecated in favour of "revert()", "require()" and "assert()".
    if ((_value != 0) && (allowed[msg.sender][_spender] != 0)) throw;
                                                               ^---^
contracts/Haltable.sol:1074:9: Warning: "throw" is deprecated in favour of "revert()", "require()" and "assert()".
        throw;
        ^---^
contracts/Haltable.sol:1081:25: Warning: "throw" is deprecated in favour of "revert()", "require()" and "assert()".
    if(mintingFinished) throw;
                        ^---^
contracts/Haltable.sol:1179:3: Warning: Defining constructors as functions with the same name as the contract is deprecated. Use "constructor(...) { ... }" instead.
  function MintedTokenCappedCrowdsaleExt(
  ^ (Relevant source part starts here and spans across multiple lines).
contracts/Haltable.sol:105:5: Warning: Invoking events without "emit" prefix is deprecated.
    OwnershipTransferred(owner, newOwner);
    ^-----------------------------------^
contracts/Haltable.sol:591:5: Warning: Invoking events without "emit" prefix is deprecated.
    Invested(receiver, weiAmount, tokenAmount, customerId);
    ^----------------------------------------------------^
contracts/Haltable.sol:680:7: Warning: Invoking events without "emit" prefix is deprecated.
      Whitelisted(addr, status, minCap, maxCap);
      ^---------------------------------------^
contracts/Haltable.sol:682:7: Warning: Invoking events without "emit" prefix is deprecated.
      WhitelistItemChanged(addr, status, minCap, maxCap);
      ^------------------------------------------------^
contracts/Haltable.sol:793:5: Warning: Invoking events without "emit" prefix is deprecated.
    StartsAtChanged(startsAt);
    ^-----------------------^
contracts/Haltable.sol:825:5: Warning: Invoking events without "emit" prefix is deprecated.
    EndsAtChanged(endsAt);
    ^-------------------^
contracts/Haltable.sol:994:5: Warning: Invoking events without "emit" prefix is deprecated.
    Transfer(msg.sender, _to, _value);
    ^-------------------------------^
contracts/Haltable.sol:1004:5: Warning: Invoking events without "emit" prefix is deprecated.
    Transfer(_from, _to, _value);
    ^--------------------------^
contracts/Haltable.sol:1021:5: Warning: Invoking events without "emit" prefix is deprecated.
    Approval(msg.sender, _spender, _value);
    ^------------------------------------^
contracts/Haltable.sol:1139:5: Warning: Invoking events without "emit" prefix is deprecated.
    Transfer(0, receiver, amount);
    ^---------------------------^
contracts/Haltable.sol:1147:5: Warning: Invoking events without "emit" prefix is deprecated.
    MintingAgentChanged(addr, state);
    ^------------------------------^
contracts/Haltable.sol:1222:5: Warning: Invoking events without "emit" prefix is deprecated.
    MaximumSellableTokensChanged(maximumSellableTokens);
    ^-------------------------------------------------^
contracts/Haltable.sol:85:3: Warning: No visibility specified. Defaulting to "public". 
  function Ownable() {
  ^ (Relevant source part starts here and spans across multiple lines).
contracts/Haltable.sol:146:3: Warning: No visibility specified. Defaulting to "public". 
  function times(uint a, uint b) returns (uint) {
  ^ (Relevant source part starts here and spans across multiple lines).
contracts/Haltable.sol:152:3: Warning: No visibility specified. Defaulting to "public". 
  function divides(uint a, uint b) returns (uint) {
  ^ (Relevant source part starts here and spans across multiple lines).
contracts/Haltable.sol:159:3: Warning: No visibility specified. Defaulting to "public". 
  function minus(uint a, uint b) returns (uint) {
  ^ (Relevant source part starts here and spans across multiple lines).
contracts/Haltable.sol:164:3: Warning: No visibility specified. Defaulting to "public". 
  function plus(uint a, uint b) returns (uint) {
  ^ (Relevant source part starts here and spans across multiple lines).
contracts/Haltable.sol:245:19: Warning: Unused function parameter. Remove or comment out the variable name to silence this warning.
  function isSane(address crowdsale) public constant returns (bool) {
                  ^---------------^
contracts/Haltable.sol:254:30: Warning: Unused function parameter. Remove or comment out the variable name to silence this warning.
  function isPresalePurchase(address purchaser) public constant returns (bool) {
                             ^---------------^
contracts/Haltable.sol:305:3: Warning: No visibility specified. Defaulting to "public". 
  function distributeReservedTokens(uint reservedTokensDistributionBatch);
  ^----------------------------------------------------------------------^
contracts/Haltable.sol:308:3: Warning: No visibility specified. Defaulting to "public". 
  function finalizeCrowdsale();
  ^---------------------------^
contracts/Haltable.sol:463:3: Warning: No visibility specified. Defaulting to "public". 
  function CrowdsaleExt(string _name, address _token, PricingStrategy _pricingStrategy, address _multisigWallet, uint _start, uint _end, uint _minimumFundingGoal, bool _isUpdatable, bool _isWhiteListed) {
  ^ (Relevant source part starts here and spans across multiple lines).
contracts/Haltable.sol:506:3: Warning: No visibility specified. Defaulting to "public". 
  function() payable {
  ^ (Relevant source part starts here and spans across multiple lines).
contracts/Haltable.sol:774:3: Warning: No visibility specified. Defaulting to "public". 
  function setStartsAt(uint time) onlyOwner {
  ^ (Relevant source part starts here and spans across multiple lines).
contracts/Haltable.sol:991:3: Warning: No visibility specified. Defaulting to "public". 
  function transfer(address _to, uint _value) returns (bool success) {
  ^ (Relevant source part starts here and spans across multiple lines).
contracts/Haltable.sol:998:3: Warning: No visibility specified. Defaulting to "public". 
  function transferFrom(address _from, address _to, uint _value) returns (bool success) {
  ^ (Relevant source part starts here and spans across multiple lines).
contracts/Haltable.sol:1008:3: Warning: No visibility specified. Defaulting to "public". 
  function balanceOf(address _owner) constant returns (uint balance) {
  ^ (Relevant source part starts here and spans across multiple lines).
contracts/Haltable.sol:1012:3: Warning: No visibility specified. Defaulting to "public". 
  function approve(address _spender, uint _value) returns (bool success) {
  ^ (Relevant source part starts here and spans across multiple lines).
contracts/Haltable.sol:1025:3: Warning: No visibility specified. Defaulting to "public". 
  function allowance(address _owner, address _spender) constant returns (uint remaining) {
  ^ (Relevant source part starts here and spans across multiple lines).
contracts/Haltable.sol:1179:3: Warning: No visibility specified. Defaulting to "public". 
  function MintedTokenCappedCrowdsaleExt(
  ^ (Relevant source part starts here and spans across multiple lines).
contracts/Haltable.sol:1199:26: Warning: Unused function parameter. Remove or comment out the variable name to silence this warning.
  function isBreakingCap(uint weiAmount, uint tokenAmount, uint weiRaisedTotal, uint tokensSoldTotal) public constant returns (bool limitBroken) {
                         ^------------^
contracts/Haltable.sol:1199:42: Warning: Unused function parameter. Remove or comment out the variable name to silence this warning.
  function isBreakingCap(uint weiAmount, uint tokenAmount, uint weiRaisedTotal, uint tokensSoldTotal) public constant returns (bool limitBroken) {
                                         ^--------------^
contracts/Haltable.sol:1199:60: Warning: Unused function parameter. Remove or comment out the variable name to silence this warning.
  function isBreakingCap(uint weiAmount, uint tokenAmount, uint weiRaisedTotal, uint tokensSoldTotal) public constant returns (bool limitBroken) {
                                                           ^-----------------^
contracts/Haltable.sol:11:3: Warning: Function state mutability can be restricted to pure
  function safeMul(uint a, uint b) internal returns (uint) {
  ^ (Relevant source part starts here and spans across multiple lines).
contracts/Haltable.sol:17:3: Warning: Function state mutability can be restricted to pure
  function safeDiv(uint a, uint b) internal returns (uint) {
  ^ (Relevant source part starts here and spans across multiple lines).
contracts/Haltable.sol:24:3: Warning: Function state mutability can be restricted to pure
  function safeSub(uint a, uint b) internal returns (uint) {
  ^ (Relevant source part starts here and spans across multiple lines).
contracts/Haltable.sol:29:3: Warning: Function state mutability can be restricted to pure
  function safeAdd(uint a, uint b) internal returns (uint) {
  ^ (Relevant source part starts here and spans across multiple lines).
contracts/Haltable.sol:35:3: Warning: Function state mutability can be restricted to pure
  function max64(uint64 a, uint64 b) internal constant returns (uint64) {
  ^ (Relevant source part starts here and spans across multiple lines).
contracts/Haltable.sol:39:3: Warning: Function state mutability can be restricted to pure
  function min64(uint64 a, uint64 b) internal constant returns (uint64) {
  ^ (Relevant source part starts here and spans across multiple lines).
contracts/Haltable.sol:43:3: Warning: Function state mutability can be restricted to pure
  function max256(uint256 a, uint256 b) internal constant returns (uint256) {
  ^ (Relevant source part starts here and spans across multiple lines).
contracts/Haltable.sol:47:3: Warning: Function state mutability can be restricted to pure
  function min256(uint256 a, uint256 b) internal constant returns (uint256) {
  ^ (Relevant source part starts here and spans across multiple lines).
contracts/Haltable.sol:146:3: Warning: Function state mutability can be restricted to pure
  function times(uint a, uint b) returns (uint) {
  ^ (Relevant source part starts here and spans across multiple lines).
contracts/Haltable.sol:152:3: Warning: Function state mutability can be restricted to pure
  function divides(uint a, uint b) returns (uint) {
  ^ (Relevant source part starts here and spans across multiple lines).
contracts/Haltable.sol:159:3: Warning: Function state mutability can be restricted to pure
  function minus(uint a, uint b) returns (uint) {
  ^ (Relevant source part starts here and spans across multiple lines).
contracts/Haltable.sol:164:3: Warning: Function state mutability can be restricted to pure
  function plus(uint a, uint b) returns (uint) {
  ^ (Relevant source part starts here and spans across multiple lines).
contracts/Haltable.sol:237:3: Warning: Function state mutability can be restricted to pure
  function isPricingStrategy() public constant returns (bool) {
  ^ (Relevant source part starts here and spans across multiple lines).
contracts/Haltable.sol:245:3: Warning: Function state mutability can be restricted to pure
  function isSane(address crowdsale) public constant returns (bool) {
  ^ (Relevant source part starts here and spans across multiple lines).
contracts/Haltable.sol:254:3: Warning: Function state mutability can be restricted to pure
  function isPresalePurchase(address purchaser) public constant returns (bool) {
  ^ (Relevant source part starts here and spans across multiple lines).
contracts/Haltable.sol:294:3: Warning: Function state mutability can be restricted to pure
  function isFinalizeAgent() public constant returns(bool) {
  ^ (Relevant source part starts here and spans across multiple lines).
contracts/Haltable.sol:899:3: Warning: Function state mutability can be restricted to pure
  function isCrowdsale() public constant returns (bool) {
  ^ (Relevant source part starts here and spans across multiple lines).
contracts/Haltable.sol:987:3: Warning: Function state mutability can be restricted to pure
  function isToken() public constant returns (bool weAre) {
  ^ (Relevant source part starts here and spans across multiple lines).
contracts/Haltable.sol:1206:13: Warning: Function declared as view, but this expression (potentially) modifies the state and thus requires non-payable (the default) or payable.
    return (tokenAmountOf[addr].plus(tokenAmount)) > maxCap;
            ^-----------------------------------^
contracts/MintedTokenCappedCrowdsaleExt.sol:85:3: Warning: Defining constructors as functions with the same name as the contract is deprecated. Use "constructor(...) { ... }" instead.
  function Ownable() {
  ^ (Relevant source part starts here and spans across multiple lines).
contracts/MintedTokenCappedCrowdsaleExt.sol:195:17: Warning: "throw" is deprecated in favour of "revert()", "require()" and "assert()".
    if (halted) throw;
                ^---^
contracts/MintedTokenCappedCrowdsaleExt.sol:200:40: Warning: "throw" is deprecated in favour of "revert()", "require()" and "assert()".
    if (halted && msg.sender != owner) throw;
                                       ^---^
contracts/MintedTokenCappedCrowdsaleExt.sol:205:18: Warning: "throw" is deprecated in favour of "revert()", "require()" and "assert()".
    if (!halted) throw;
                 ^---^
contracts/MintedTokenCappedCrowdsaleExt.sol:463:3: Warning: Defining constructors as functions with the same name as the contract is deprecated. Use "constructor(...) { ... }" instead.
  function CrowdsaleExt(string _name, address _token, PricingStrategy _pricingStrategy, address _multisigWallet, uint _start, uint _end, uint _minimumFundingGoal, bool _isUpdatable, bool _isWhiteListed) {
  ^ (Relevant source part starts here and spans across multiple lines).
contracts/MintedTokenCappedCrowdsaleExt.sol:475:9: Warning: "throw" is deprecated in favour of "revert()", "require()" and "assert()".
        throw;
        ^---^
contracts/MintedTokenCappedCrowdsaleExt.sol:479:9: Warning: "throw" is deprecated in favour of "revert()", "require()" and "assert()".
        throw;
        ^---^
contracts/MintedTokenCappedCrowdsaleExt.sol:485:9: Warning: "throw" is deprecated in favour of "revert()", "require()" and "assert()".
        throw;
        ^---^
contracts/MintedTokenCappedCrowdsaleExt.sol:492:9: Warning: "throw" is deprecated in favour of "revert()", "require()" and "assert()".
        throw;
        ^---^
contracts/MintedTokenCappedCrowdsaleExt.sol:507:5: Warning: "throw" is deprecated in favour of "revert()", "require()" and "assert()".
    throw;
    ^---^
contracts/MintedTokenCappedCrowdsaleExt.sol:525:7: Warning: "throw" is deprecated in favour of "revert()", "require()" and "assert()".
      throw;
      ^---^
contracts/MintedTokenCappedCrowdsaleExt.sol:531:11: Warning: "throw" is deprecated in favour of "revert()", "require()" and "assert()".
          throw;
          ^---^
contracts/MintedTokenCappedCrowdsaleExt.sol:536:7: Warning: "throw" is deprecated in favour of "revert()", "require()" and "assert()".
      throw;
      ^---^
contracts/MintedTokenCappedCrowdsaleExt.sol:546:7: Warning: "throw" is deprecated in favour of "revert()", "require()" and "assert()".
      throw;
      ^---^
contracts/MintedTokenCappedCrowdsaleExt.sol:552:9: Warning: "throw" is deprecated in favour of "revert()", "require()" and "assert()".
        throw;
        ^---^
contracts/MintedTokenCappedCrowdsaleExt.sol:557:9: Warning: "throw" is deprecated in favour of "revert()", "require()" and "assert()".
        throw;
        ^---^
contracts/MintedTokenCappedCrowdsaleExt.sol:563:9: Warning: "throw" is deprecated in favour of "revert()", "require()" and "assert()".
        throw;
        ^---^
contracts/MintedTokenCappedCrowdsaleExt.sol:582:7: Warning: "throw" is deprecated in favour of "revert()", "require()" and "assert()".
      throw;
      ^---^
contracts/MintedTokenCappedCrowdsaleExt.sol:588:41: Warning: "throw" is deprecated in favour of "revert()", "require()" and "assert()".
    if(!multisigWallet.send(weiAmount)) throw;
                                        ^---^
contracts/MintedTokenCappedCrowdsaleExt.sol:613:7: Warning: "throw" is deprecated in favour of "revert()", "require()" and "assert()".
      throw;
      ^---^
contracts/MintedTokenCappedCrowdsaleExt.sol:641:7: Warning: "throw" is deprecated in favour of "revert()", "require()" and "assert()".
      throw;
      ^---^
contracts/MintedTokenCappedCrowdsaleExt.sol:664:7: Warning: "throw" is deprecated in favour of "revert()", "require()" and "assert()".
      throw;
      ^---^
contracts/MintedTokenCappedCrowdsaleExt.sol:672:25: Warning: "throw" is deprecated in favour of "revert()", "require()" and "assert()".
    if (!isWhiteListed) throw;
                        ^---^
contracts/MintedTokenCappedCrowdsaleExt.sol:689:25: Warning: "throw" is deprecated in favour of "revert()", "require()" and "assert()".
    if (!isWhiteListed) throw;
                        ^---^
contracts/MintedTokenCappedCrowdsaleExt.sol:700:25: Warning: "throw" is deprecated in favour of "revert()", "require()" and "assert()".
    if (!isWhiteListed) throw;
                        ^---^
contracts/MintedTokenCappedCrowdsaleExt.sol:701:100: Warning: "throw" is deprecated in favour of "revert()", "require()" and "assert()".
    if (tokensBought < earlyParticipantWhitelist[reciever].minCap && tokenAmountOf[reciever] == 0) throw;
                                                                                                   ^---^
contracts/MintedTokenCappedCrowdsaleExt.sol:712:25: Warning: "throw" is deprecated in favour of "revert()", "require()" and "assert()".
    if (!isWhiteListed) throw;
                        ^---^
contracts/MintedTokenCappedCrowdsaleExt.sol:716:92: Warning: "throw" is deprecated in favour of "revert()", "require()" and "assert()".
    if (tokensBought < earlyParticipantWhitelist[addr].minCap && tokenAmountOf[addr] == 0) throw;
                                                                                           ^---^
contracts/MintedTokenCappedCrowdsaleExt.sol:782:37: Warning: "throw" is deprecated in favour of "revert()", "require()" and "assert()".
    if (lastTierCntrct.finalized()) throw;
                                    ^---^
contracts/MintedTokenCappedCrowdsaleExt.sol:814:37: Warning: "throw" is deprecated in favour of "revert()", "require()" and "assert()".
    if (lastTierCntrct.finalized()) throw;
                                    ^---^
contracts/MintedTokenCappedCrowdsaleExt.sol:840:7: Warning: "throw" is deprecated in favour of "revert()", "require()" and "assert()".
      throw;
      ^---^
contracts/MintedTokenCappedCrowdsaleExt.sol:855:7: Warning: "throw" is deprecated in favour of "revert()", "require()" and "assert()".
      throw;
      ^---^
contracts/MintedTokenCappedCrowdsaleExt.sol:909:29: Warning: "throw" is deprecated in favour of "revert()", "require()" and "assert()".
    if(getState() != state) throw;
                            ^---^
contracts/MintedTokenCappedCrowdsaleExt.sol:1018:64: Warning: "throw" is deprecated in favour of "revert()", "require()" and "assert()".
    if ((_value != 0) && (allowed[msg.sender][_spender] != 0)) throw;
                                                               ^---^
contracts/MintedTokenCappedCrowdsaleExt.sol:1074:9: Warning: "throw" is deprecated in favour of "revert()", "require()" and "assert()".
        throw;
        ^---^
contracts/MintedTokenCappedCrowdsaleExt.sol:1081:25: Warning: "throw" is deprecated in favour of "revert()", "require()" and "assert()".
    if(mintingFinished) throw;
                        ^---^
contracts/MintedTokenCappedCrowdsaleExt.sol:1179:3: Warning: Defining constructors as functions with the same name as the contract is deprecated. Use "constructor(...) { ... }" instead.
  function MintedTokenCappedCrowdsaleExt(
  ^ (Relevant source part starts here and spans across multiple lines).
contracts/MintedTokenCappedCrowdsaleExt.sol:105:5: Warning: Invoking events without "emit" prefix is deprecated.
    OwnershipTransferred(owner, newOwner);
    ^-----------------------------------^
contracts/MintedTokenCappedCrowdsaleExt.sol:591:5: Warning: Invoking events without "emit" prefix is deprecated.
    Invested(receiver, weiAmount, tokenAmount, customerId);
    ^----------------------------------------------------^
contracts/MintedTokenCappedCrowdsaleExt.sol:680:7: Warning: Invoking events without "emit" prefix is deprecated.
      Whitelisted(addr, status, minCap, maxCap);
      ^---------------------------------------^
contracts/MintedTokenCappedCrowdsaleExt.sol:682:7: Warning: Invoking events without "emit" prefix is deprecated.
      WhitelistItemChanged(addr, status, minCap, maxCap);
      ^------------------------------------------------^
contracts/MintedTokenCappedCrowdsaleExt.sol:793:5: Warning: Invoking events without "emit" prefix is deprecated.
    StartsAtChanged(startsAt);
    ^-----------------------^
contracts/MintedTokenCappedCrowdsaleExt.sol:825:5: Warning: Invoking events without "emit" prefix is deprecated.
    EndsAtChanged(endsAt);
    ^-------------------^
contracts/MintedTokenCappedCrowdsaleExt.sol:994:5: Warning: Invoking events without "emit" prefix is deprecated.
    Transfer(msg.sender, _to, _value);
    ^-------------------------------^
contracts/MintedTokenCappedCrowdsaleExt.sol:1004:5: Warning: Invoking events without "emit" prefix is deprecated.
    Transfer(_from, _to, _value);
    ^--------------------------^
contracts/MintedTokenCappedCrowdsaleExt.sol:1021:5: Warning: Invoking events without "emit" prefix is deprecated.
    Approval(msg.sender, _spender, _value);
    ^------------------------------------^
contracts/MintedTokenCappedCrowdsaleExt.sol:1139:5: Warning: Invoking events without "emit" prefix is deprecated.
    Transfer(0, receiver, amount);
    ^---------------------------^
contracts/MintedTokenCappedCrowdsaleExt.sol:1147:5: Warning: Invoking events without "emit" prefix is deprecated.
    MintingAgentChanged(addr, state);
    ^------------------------------^
contracts/MintedTokenCappedCrowdsaleExt.sol:1222:5: Warning: Invoking events without "emit" prefix is deprecated.
    MaximumSellableTokensChanged(maximumSellableTokens);
    ^-------------------------------------------------^
contracts/MintedTokenCappedCrowdsaleExt.sol:85:3: Warning: No visibility specified. Defaulting to "public". 
  function Ownable() {
  ^ (Relevant source part starts here and spans across multiple lines).
contracts/MintedTokenCappedCrowdsaleExt.sol:146:3: Warning: No visibility specified. Defaulting to "public". 
  function times(uint a, uint b) returns (uint) {
  ^ (Relevant source part starts here and spans across multiple lines).
contracts/MintedTokenCappedCrowdsaleExt.sol:152:3: Warning: No visibility specified. Defaulting to "public". 
  function divides(uint a, uint b) returns (uint) {
  ^ (Relevant source part starts here and spans across multiple lines).
contracts/MintedTokenCappedCrowdsaleExt.sol:159:3: Warning: No visibility specified. Defaulting to "public". 
  function minus(uint a, uint b) returns (uint) {
  ^ (Relevant source part starts here and spans across multiple lines).
contracts/MintedTokenCappedCrowdsaleExt.sol:164:3: Warning: No visibility specified. Defaulting to "public". 
  function plus(uint a, uint b) returns (uint) {
  ^ (Relevant source part starts here and spans across multiple lines).
contracts/MintedTokenCappedCrowdsaleExt.sol:245:19: Warning: Unused function parameter. Remove or comment out the variable name to silence this warning.
  function isSane(address crowdsale) public constant returns (bool) {
                  ^---------------^
contracts/MintedTokenCappedCrowdsaleExt.sol:254:30: Warning: Unused function parameter. Remove or comment out the variable name to silence this warning.
  function isPresalePurchase(address purchaser) public constant returns (bool) {
                             ^---------------^
contracts/MintedTokenCappedCrowdsaleExt.sol:305:3: Warning: No visibility specified. Defaulting to "public". 
  function distributeReservedTokens(uint reservedTokensDistributionBatch);
  ^----------------------------------------------------------------------^
contracts/MintedTokenCappedCrowdsaleExt.sol:308:3: Warning: No visibility specified. Defaulting to "public". 
  function finalizeCrowdsale();
  ^---------------------------^
contracts/MintedTokenCappedCrowdsaleExt.sol:463:3: Warning: No visibility specified. Defaulting to "public". 
  function CrowdsaleExt(string _name, address _token, PricingStrategy _pricingStrategy, address _multisigWallet, uint _start, uint _end, uint _minimumFundingGoal, bool _isUpdatable, bool _isWhiteListed) {
  ^ (Relevant source part starts here and spans across multiple lines).
contracts/MintedTokenCappedCrowdsaleExt.sol:506:3: Warning: No visibility specified. Defaulting to "public". 
  function() payable {
  ^ (Relevant source part starts here and spans across multiple lines).
contracts/MintedTokenCappedCrowdsaleExt.sol:774:3: Warning: No visibility specified. Defaulting to "public". 
  function setStartsAt(uint time) onlyOwner {
  ^ (Relevant source part starts here and spans across multiple lines).
contracts/MintedTokenCappedCrowdsaleExt.sol:991:3: Warning: No visibility specified. Defaulting to "public". 
  function transfer(address _to, uint _value) returns (bool success) {
  ^ (Relevant source part starts here and spans across multiple lines).
contracts/MintedTokenCappedCrowdsaleExt.sol:998:3: Warning: No visibility specified. Defaulting to "public". 
  function transferFrom(address _from, address _to, uint _value) returns (bool success) {
  ^ (Relevant source part starts here and spans across multiple lines).
contracts/MintedTokenCappedCrowdsaleExt.sol:1008:3: Warning: No visibility specified. Defaulting to "public". 
  function balanceOf(address _owner) constant returns (uint balance) {
  ^ (Relevant source part starts here and spans across multiple lines).
contracts/MintedTokenCappedCrowdsaleExt.sol:1012:3: Warning: No visibility specified. Defaulting to "public". 
  function approve(address _spender, uint _value) returns (bool success) {
  ^ (Relevant source part starts here and spans across multiple lines).
contracts/MintedTokenCappedCrowdsaleExt.sol:1025:3: Warning: No visibility specified. Defaulting to "public". 
  function allowance(address _owner, address _spender) constant returns (uint remaining) {
  ^ (Relevant source part starts here and spans across multiple lines).
contracts/MintedTokenCappedCrowdsaleExt.sol:1179:3: Warning: No visibility specified. Defaulting to "public". 
  function MintedTokenCappedCrowdsaleExt(
  ^ (Relevant source part starts here and spans across multiple lines).
contracts/MintedTokenCappedCrowdsaleExt.sol:1199:26: Warning: Unused function parameter. Remove or comment out the variable name to silence this warning.
  function isBreakingCap(uint weiAmount, uint tokenAmount, uint weiRaisedTotal, uint tokensSoldTotal) public constant returns (bool limitBroken) {
                         ^------------^
contracts/MintedTokenCappedCrowdsaleExt.sol:1199:42: Warning: Unused function parameter. Remove or comment out the variable name to silence this warning.
  function isBreakingCap(uint weiAmount, uint tokenAmount, uint weiRaisedTotal, uint tokensSoldTotal) public constant returns (bool limitBroken) {
                                         ^--------------^
contracts/MintedTokenCappedCrowdsaleExt.sol:1199:60: Warning: Unused function parameter. Remove or comment out the variable name to silence this warning.
  function isBreakingCap(uint weiAmount, uint tokenAmount, uint weiRaisedTotal, uint tokensSoldTotal) public constant returns (bool limitBroken) {
                                                           ^-----------------^
contracts/MintedTokenCappedCrowdsaleExt.sol:11:3: Warning: Function state mutability can be restricted to pure
  function safeMul(uint a, uint b) internal returns (uint) {
  ^ (Relevant source part starts here and spans across multiple lines).
contracts/MintedTokenCappedCrowdsaleExt.sol:17:3: Warning: Function state mutability can be restricted to pure
  function safeDiv(uint a, uint b) internal returns (uint) {
  ^ (Relevant source part starts here and spans across multiple lines).
contracts/MintedTokenCappedCrowdsaleExt.sol:24:3: Warning: Function state mutability can be restricted to pure
  function safeSub(uint a, uint b) internal returns (uint) {
  ^ (Relevant source part starts here and spans across multiple lines).
contracts/MintedTokenCappedCrowdsaleExt.sol:29:3: Warning: Function state mutability can be restricted to pure
  function safeAdd(uint a, uint b) internal returns (uint) {
  ^ (Relevant source part starts here and spans across multiple lines).
contracts/MintedTokenCappedCrowdsaleExt.sol:35:3: Warning: Function state mutability can be restricted to pure
  function max64(uint64 a, uint64 b) internal constant returns (uint64) {
  ^ (Relevant source part starts here and spans across multiple lines).
contracts/MintedTokenCappedCrowdsaleExt.sol:39:3: Warning: Function state mutability can be restricted to pure
  function min64(uint64 a, uint64 b) internal constant returns (uint64) {
  ^ (Relevant source part starts here and spans across multiple lines).
contracts/MintedTokenCappedCrowdsaleExt.sol:43:3: Warning: Function state mutability can be restricted to pure
  function max256(uint256 a, uint256 b) internal constant returns (uint256) {
  ^ (Relevant source part starts here and spans across multiple lines).
contracts/MintedTokenCappedCrowdsaleExt.sol:47:3: Warning: Function state mutability can be restricted to pure
  function min256(uint256 a, uint256 b) internal constant returns (uint256) {
  ^ (Relevant source part starts here and spans across multiple lines).
contracts/MintedTokenCappedCrowdsaleExt.sol:146:3: Warning: Function state mutability can be restricted to pure
  function times(uint a, uint b) returns (uint) {
  ^ (Relevant source part starts here and spans across multiple lines).
contracts/MintedTokenCappedCrowdsaleExt.sol:152:3: Warning: Function state mutability can be restricted to pure
  function divides(uint a, uint b) returns (uint) {
  ^ (Relevant source part starts here and spans across multiple lines).
contracts/MintedTokenCappedCrowdsaleExt.sol:159:3: Warning: Function state mutability can be restricted to pure
  function minus(uint a, uint b) returns (uint) {
  ^ (Relevant source part starts here and spans across multiple lines).
contracts/MintedTokenCappedCrowdsaleExt.sol:164:3: Warning: Function state mutability can be restricted to pure
  function plus(uint a, uint b) returns (uint) {
  ^ (Relevant source part starts here and spans across multiple lines).
contracts/MintedTokenCappedCrowdsaleExt.sol:237:3: Warning: Function state mutability can be restricted to pure
  function isPricingStrategy() public constant returns (bool) {
  ^ (Relevant source part starts here and spans across multiple lines).
contracts/MintedTokenCappedCrowdsaleExt.sol:245:3: Warning: Function state mutability can be restricted to pure
  function isSane(address crowdsale) public constant returns (bool) {
  ^ (Relevant source part starts here and spans across multiple lines).
contracts/MintedTokenCappedCrowdsaleExt.sol:254:3: Warning: Function state mutability can be restricted to pure
  function isPresalePurchase(address purchaser) public constant returns (bool) {
  ^ (Relevant source part starts here and spans across multiple lines).
contracts/MintedTokenCappedCrowdsaleExt.sol:294:3: Warning: Function state mutability can be restricted to pure
  function isFinalizeAgent() public constant returns(bool) {
  ^ (Relevant source part starts here and spans across multiple lines).
contracts/MintedTokenCappedCrowdsaleExt.sol:899:3: Warning: Function state mutability can be restricted to pure
  function isCrowdsale() public constant returns (bool) {
  ^ (Relevant source part starts here and spans across multiple lines).
contracts/MintedTokenCappedCrowdsaleExt.sol:987:3: Warning: Function state mutability can be restricted to pure
  function isToken() public constant returns (bool weAre) {
  ^ (Relevant source part starts here and spans across multiple lines).
contracts/MintedTokenCappedCrowdsaleExt.sol:1206:13: Warning: Function declared as view, but this expression (potentially) modifies the state and thus requires non-payable (the default) or payable.
    return (tokenAmountOf[addr].plus(tokenAmount)) > maxCap;
            ^-----------------------------------^
contracts/StandardToken.sol:85:3: Warning: Defining constructors as functions with the same name as the contract is deprecated. Use "constructor(...) { ... }" instead.
  function Ownable() {
  ^ (Relevant source part starts here and spans across multiple lines).
contracts/StandardToken.sol:195:17: Warning: "throw" is deprecated in favour of "revert()", "require()" and "assert()".
    if (halted) throw;
                ^---^
contracts/StandardToken.sol:200:40: Warning: "throw" is deprecated in favour of "revert()", "require()" and "assert()".
    if (halted && msg.sender != owner) throw;
                                       ^---^
contracts/StandardToken.sol:205:18: Warning: "throw" is deprecated in favour of "revert()", "require()" and "assert()".
    if (!halted) throw;
                 ^---^
contracts/StandardToken.sol:463:3: Warning: Defining constructors as functions with the same name as the contract is deprecated. Use "constructor(...) { ... }" instead.
  function CrowdsaleExt(string _name, address _token, PricingStrategy _pricingStrategy, address _multisigWallet, uint _start, uint _end, uint _minimumFundingGoal, bool _isUpdatable, bool _isWhiteListed) {
  ^ (Relevant source part starts here and spans across multiple lines).
contracts/StandardToken.sol:475:9: Warning: "throw" is deprecated in favour of "revert()", "require()" and "assert()".
        throw;
        ^---^
contracts/StandardToken.sol:479:9: Warning: "throw" is deprecated in favour of "revert()", "require()" and "assert()".
        throw;
        ^---^
contracts/StandardToken.sol:485:9: Warning: "throw" is deprecated in favour of "revert()", "require()" and "assert()".
        throw;
        ^---^
contracts/StandardToken.sol:492:9: Warning: "throw" is deprecated in favour of "revert()", "require()" and "assert()".
        throw;
        ^---^
contracts/StandardToken.sol:507:5: Warning: "throw" is deprecated in favour of "revert()", "require()" and "assert()".
    throw;
    ^---^
contracts/StandardToken.sol:525:7: Warning: "throw" is deprecated in favour of "revert()", "require()" and "assert()".
      throw;
      ^---^
contracts/StandardToken.sol:531:11: Warning: "throw" is deprecated in favour of "revert()", "require()" and "assert()".
          throw;
          ^---^
contracts/StandardToken.sol:536:7: Warning: "throw" is deprecated in favour of "revert()", "require()" and "assert()".
      throw;
      ^---^
contracts/StandardToken.sol:546:7: Warning: "throw" is deprecated in favour of "revert()", "require()" and "assert()".
      throw;
      ^---^
contracts/StandardToken.sol:552:9: Warning: "throw" is deprecated in favour of "revert()", "require()" and "assert()".
        throw;
        ^---^
contracts/StandardToken.sol:557:9: Warning: "throw" is deprecated in favour of "revert()", "require()" and "assert()".
        throw;
        ^---^
contracts/StandardToken.sol:563:9: Warning: "throw" is deprecated in favour of "revert()", "require()" and "assert()".
        throw;
        ^---^
contracts/StandardToken.sol:582:7: Warning: "throw" is deprecated in favour of "revert()", "require()" and "assert()".
      throw;
      ^---^
contracts/StandardToken.sol:588:41: Warning: "throw" is deprecated in favour of "revert()", "require()" and "assert()".
    if(!multisigWallet.send(weiAmount)) throw;
                                        ^---^
contracts/StandardToken.sol:613:7: Warning: "throw" is deprecated in favour of "revert()", "require()" and "assert()".
      throw;
      ^---^
contracts/StandardToken.sol:641:7: Warning: "throw" is deprecated in favour of "revert()", "require()" and "assert()".
      throw;
      ^---^
contracts/StandardToken.sol:664:7: Warning: "throw" is deprecated in favour of "revert()", "require()" and "assert()".
      throw;
      ^---^
contracts/StandardToken.sol:672:25: Warning: "throw" is deprecated in favour of "revert()", "require()" and "assert()".
    if (!isWhiteListed) throw;
                        ^---^
contracts/StandardToken.sol:689:25: Warning: "throw" is deprecated in favour of "revert()", "require()" and "assert()".
    if (!isWhiteListed) throw;
                        ^---^
contracts/StandardToken.sol:700:25: Warning: "throw" is deprecated in favour of "revert()", "require()" and "assert()".
    if (!isWhiteListed) throw;
                        ^---^
contracts/StandardToken.sol:701:100: Warning: "throw" is deprecated in favour of "revert()", "require()" and "assert()".
    if (tokensBought < earlyParticipantWhitelist[reciever].minCap && tokenAmountOf[reciever] == 0) throw;
                                                                                                   ^---^
contracts/StandardToken.sol:712:25: Warning: "throw" is deprecated in favour of "revert()", "require()" and "assert()".
    if (!isWhiteListed) throw;
                        ^---^
contracts/StandardToken.sol:716:92: Warning: "throw" is deprecated in favour of "revert()", "require()" and "assert()".
    if (tokensBought < earlyParticipantWhitelist[addr].minCap && tokenAmountOf[addr] == 0) throw;
                                                                                           ^---^
contracts/StandardToken.sol:782:37: Warning: "throw" is deprecated in favour of "revert()", "require()" and "assert()".
    if (lastTierCntrct.finalized()) throw;
                                    ^---^
contracts/StandardToken.sol:814:37: Warning: "throw" is deprecated in favour of "revert()", "require()" and "assert()".
    if (lastTierCntrct.finalized()) throw;
                                    ^---^
contracts/StandardToken.sol:840:7: Warning: "throw" is deprecated in favour of "revert()", "require()" and "assert()".
      throw;
      ^---^
contracts/StandardToken.sol:855:7: Warning: "throw" is deprecated in favour of "revert()", "require()" and "assert()".
      throw;
      ^---^
contracts/StandardToken.sol:909:29: Warning: "throw" is deprecated in favour of "revert()", "require()" and "assert()".
    if(getState() != state) throw;
                            ^---^
contracts/StandardToken.sol:1018:64: Warning: "throw" is deprecated in favour of "revert()", "require()" and "assert()".
    if ((_value != 0) && (allowed[msg.sender][_spender] != 0)) throw;
                                                               ^---^
contracts/StandardToken.sol:1074:9: Warning: "throw" is deprecated in favour of "revert()", "require()" and "assert()".
        throw;
        ^---^
contracts/StandardToken.sol:1081:25: Warning: "throw" is deprecated in favour of "revert()", "require()" and "assert()".
    if(mintingFinished) throw;
                        ^---^
contracts/StandardToken.sol:1179:3: Warning: Defining constructors as functions with the same name as the contract is deprecated. Use "constructor(...) { ... }" instead.
  function MintedTokenCappedCrowdsaleExt(
  ^ (Relevant source part starts here and spans across multiple lines).
contracts/StandardToken.sol:105:5: Warning: Invoking events without "emit" prefix is deprecated.
    OwnershipTransferred(owner, newOwner);
    ^-----------------------------------^
contracts/StandardToken.sol:591:5: Warning: Invoking events without "emit" prefix is deprecated.
    Invested(receiver, weiAmount, tokenAmount, customerId);
    ^----------------------------------------------------^
contracts/StandardToken.sol:680:7: Warning: Invoking events without "emit" prefix is deprecated.
      Whitelisted(addr, status, minCap, maxCap);
      ^---------------------------------------^
contracts/StandardToken.sol:682:7: Warning: Invoking events without "emit" prefix is deprecated.
      WhitelistItemChanged(addr, status, minCap, maxCap);
      ^------------------------------------------------^
contracts/StandardToken.sol:793:5: Warning: Invoking events without "emit" prefix is deprecated.
    StartsAtChanged(startsAt);
    ^-----------------------^
contracts/StandardToken.sol:825:5: Warning: Invoking events without "emit" prefix is deprecated.
    EndsAtChanged(endsAt);
    ^-------------------^
contracts/StandardToken.sol:994:5: Warning: Invoking events without "emit" prefix is deprecated.
    Transfer(msg.sender, _to, _value);
    ^-------------------------------^
contracts/StandardToken.sol:1004:5: Warning: Invoking events without "emit" prefix is deprecated.
    Transfer(_from, _to, _value);
    ^--------------------------^
contracts/StandardToken.sol:1021:5: Warning: Invoking events without "emit" prefix is deprecated.
    Approval(msg.sender, _spender, _value);
    ^------------------------------------^
contracts/StandardToken.sol:1139:5: Warning: Invoking events without "emit" prefix is deprecated.
    Transfer(0, receiver, amount);
    ^---------------------------^
contracts/StandardToken.sol:1147:5: Warning: Invoking events without "emit" prefix is deprecated.
    MintingAgentChanged(addr, state);
    ^------------------------------^
contracts/StandardToken.sol:1222:5: Warning: Invoking events without "emit" prefix is deprecated.
    MaximumSellableTokensChanged(maximumSellableTokens);
    ^-------------------------------------------------^
contracts/StandardToken.sol:85:3: Warning: No visibility specified. Defaulting to "public". 
  function Ownable() {
  ^ (Relevant source part starts here and spans across multiple lines).
contracts/StandardToken.sol:146:3: Warning: No visibility specified. Defaulting to "public". 
  function times(uint a, uint b) returns (uint) {
  ^ (Relevant source part starts here and spans across multiple lines).
contracts/StandardToken.sol:152:3: Warning: No visibility specified. Defaulting to "public". 
  function divides(uint a, uint b) returns (uint) {
  ^ (Relevant source part starts here and spans across multiple lines).
contracts/StandardToken.sol:159:3: Warning: No visibility specified. Defaulting to "public". 
  function minus(uint a, uint b) returns (uint) {
  ^ (Relevant source part starts here and spans across multiple lines).
contracts/StandardToken.sol:164:3: Warning: No visibility specified. Defaulting to "public". 
  function plus(uint a, uint b) returns (uint) {
  ^ (Relevant source part starts here and spans across multiple lines).
contracts/StandardToken.sol:245:19: Warning: Unused function parameter. Remove or comment out the variable name to silence this warning.
  function isSane(address crowdsale) public constant returns (bool) {
                  ^---------------^
contracts/StandardToken.sol:254:30: Warning: Unused function parameter. Remove or comment out the variable name to silence this warning.
  function isPresalePurchase(address purchaser) public constant returns (bool) {
                             ^---------------^
contracts/StandardToken.sol:305:3: Warning: No visibility specified. Defaulting to "public". 
  function distributeReservedTokens(uint reservedTokensDistributionBatch);
  ^----------------------------------------------------------------------^
contracts/StandardToken.sol:308:3: Warning: No visibility specified. Defaulting to "public". 
  function finalizeCrowdsale();
  ^---------------------------^
contracts/StandardToken.sol:463:3: Warning: No visibility specified. Defaulting to "public". 
  function CrowdsaleExt(string _name, address _token, PricingStrategy _pricingStrategy, address _multisigWallet, uint _start, uint _end, uint _minimumFundingGoal, bool _isUpdatable, bool _isWhiteListed) {
  ^ (Relevant source part starts here and spans across multiple lines).
contracts/StandardToken.sol:506:3: Warning: No visibility specified. Defaulting to "public". 
  function() payable {
  ^ (Relevant source part starts here and spans across multiple lines).
contracts/StandardToken.sol:774:3: Warning: No visibility specified. Defaulting to "public". 
  function setStartsAt(uint time) onlyOwner {
  ^ (Relevant source part starts here and spans across multiple lines).
contracts/StandardToken.sol:991:3: Warning: No visibility specified. Defaulting to "public". 
  function transfer(address _to, uint _value) returns (bool success) {
  ^ (Relevant source part starts here and spans across multiple lines).
contracts/StandardToken.sol:998:3: Warning: No visibility specified. Defaulting to "public". 
  function transferFrom(address _from, address _to, uint _value) returns (bool success) {
  ^ (Relevant source part starts here and spans across multiple lines).
contracts/StandardToken.sol:1008:3: Warning: No visibility specified. Defaulting to "public". 
  function balanceOf(address _owner) constant returns (uint balance) {
  ^ (Relevant source part starts here and spans across multiple lines).
contracts/StandardToken.sol:1012:3: Warning: No visibility specified. Defaulting to "public". 
  function approve(address _spender, uint _value) returns (bool success) {
  ^ (Relevant source part starts here and spans across multiple lines).
contracts/StandardToken.sol:1025:3: Warning: No visibility specified. Defaulting to "public". 
  function allowance(address _owner, address _spender) constant returns (uint remaining) {
  ^ (Relevant source part starts here and spans across multiple lines).
contracts/StandardToken.sol:1179:3: Warning: No visibility specified. Defaulting to "public". 
  function MintedTokenCappedCrowdsaleExt(
  ^ (Relevant source part starts here and spans across multiple lines).
contracts/StandardToken.sol:1199:26: Warning: Unused function parameter. Remove or comment out the variable name to silence this warning.
  function isBreakingCap(uint weiAmount, uint tokenAmount, uint weiRaisedTotal, uint tokensSoldTotal) public constant returns (bool limitBroken) {
                         ^------------^
contracts/StandardToken.sol:1199:42: Warning: Unused function parameter. Remove or comment out the variable name to silence this warning.
  function isBreakingCap(uint weiAmount, uint tokenAmount, uint weiRaisedTotal, uint tokensSoldTotal) public constant returns (bool limitBroken) {
                                         ^--------------^
contracts/StandardToken.sol:1199:60: Warning: Unused function parameter. Remove or comment out the variable name to silence this warning.
  function isBreakingCap(uint weiAmount, uint tokenAmount, uint weiRaisedTotal, uint tokensSoldTotal) public constant returns (bool limitBroken) {
                                                           ^-----------------^
contracts/StandardToken.sol:11:3: Warning: Function state mutability can be restricted to pure
  function safeMul(uint a, uint b) internal returns (uint) {
  ^ (Relevant source part starts here and spans across multiple lines).
contracts/StandardToken.sol:17:3: Warning: Function state mutability can be restricted to pure
  function safeDiv(uint a, uint b) internal returns (uint) {
  ^ (Relevant source part starts here and spans across multiple lines).
contracts/StandardToken.sol:24:3: Warning: Function state mutability can be restricted to pure
  function safeSub(uint a, uint b) internal returns (uint) {
  ^ (Relevant source part starts here and spans across multiple lines).
contracts/StandardToken.sol:29:3: Warning: Function state mutability can be restricted to pure
  function safeAdd(uint a, uint b) internal returns (uint) {
  ^ (Relevant source part starts here and spans across multiple lines).
contracts/StandardToken.sol:35:3: Warning: Function state mutability can be restricted to pure
  function max64(uint64 a, uint64 b) internal constant returns (uint64) {
  ^ (Relevant source part starts here and spans across multiple lines).
contracts/StandardToken.sol:39:3: Warning: Function state mutability can be restricted to pure
  function min64(uint64 a, uint64 b) internal constant returns (uint64) {
  ^ (Relevant source part starts here and spans across multiple lines).
contracts/StandardToken.sol:43:3: Warning: Function state mutability can be restricted to pure
  function max256(uint256 a, uint256 b) internal constant returns (uint256) {
  ^ (Relevant source part starts here and spans across multiple lines).
contracts/StandardToken.sol:47:3: Warning: Function state mutability can be restricted to pure
  function min256(uint256 a, uint256 b) internal constant returns (uint256) {
  ^ (Relevant source part starts here and spans across multiple lines).
contracts/StandardToken.sol:146:3: Warning: Function state mutability can be restricted to pure
  function times(uint a, uint b) returns (uint) {
  ^ (Relevant source part starts here and spans across multiple lines).
contracts/StandardToken.sol:152:3: Warning: Function state mutability can be restricted to pure
  function divides(uint a, uint b) returns (uint) {
  ^ (Relevant source part starts here and spans across multiple lines).
contracts/StandardToken.sol:159:3: Warning: Function state mutability can be restricted to pure
  function minus(uint a, uint b) returns (uint) {
  ^ (Relevant source part starts here and spans across multiple lines).
contracts/StandardToken.sol:164:3: Warning: Function state mutability can be restricted to pure
  function plus(uint a, uint b) returns (uint) {
  ^ (Relevant source part starts here and spans across multiple lines).
contracts/StandardToken.sol:237:3: Warning: Function state mutability can be restricted to pure
  function isPricingStrategy() public constant returns (bool) {
  ^ (Relevant source part starts here and spans across multiple lines).
contracts/StandardToken.sol:245:3: Warning: Function state mutability can be restricted to pure
  function isSane(address crowdsale) public constant returns (bool) {
  ^ (Relevant source part starts here and spans across multiple lines).
contracts/StandardToken.sol:254:3: Warning: Function state mutability can be restricted to pure
  function isPresalePurchase(address purchaser) public constant returns (bool) {
  ^ (Relevant source part starts here and spans across multiple lines).
contracts/StandardToken.sol:294:3: Warning: Function state mutability can be restricted to pure
  function isFinalizeAgent() public constant returns(bool) {
  ^ (Relevant source part starts here and spans across multiple lines).
contracts/StandardToken.sol:899:3: Warning: Function state mutability can be restricted to pure
  function isCrowdsale() public constant returns (bool) {
  ^ (Relevant source part starts here and spans across multiple lines).
contracts/StandardToken.sol:987:3: Warning: Function state mutability can be restricted to pure
  function isToken() public constant returns (bool weAre) {
  ^ (Relevant source part starts here and spans across multiple lines).
contracts/StandardToken.sol:1206:13: Warning: Function declared as view, but this expression (potentially) modifies the state and thus requires non-payable (the default) or payable.
    return (tokenAmountOf[addr].plus(tokenAmount)) > maxCap;
            ^-----------------------------------^
contracts/MintableTokenExt.sol:85:3: Warning: Defining constructors as functions with the same name as the contract is deprecated. Use "constructor(...) { ... }" instead.
  function Ownable() {
  ^ (Relevant source part starts here and spans across multiple lines).
contracts/MintableTokenExt.sol:195:17: Warning: "throw" is deprecated in favour of "revert()", "require()" and "assert()".
    if (halted) throw;
                ^---^
contracts/MintableTokenExt.sol:200:40: Warning: "throw" is deprecated in favour of "revert()", "require()" and "assert()".
    if (halted && msg.sender != owner) throw;
                                       ^---^
contracts/MintableTokenExt.sol:205:18: Warning: "throw" is deprecated in favour of "revert()", "require()" and "assert()".
    if (!halted) throw;
                 ^---^
contracts/MintableTokenExt.sol:463:3: Warning: Defining constructors as functions with the same name as the contract is deprecated. Use "constructor(...) { ... }" instead.
  function CrowdsaleExt(string _name, address _token, PricingStrategy _pricingStrategy, address _multisigWallet, uint _start, uint _end, uint _minimumFundingGoal, bool _isUpdatable, bool _isWhiteListed) {
  ^ (Relevant source part starts here and spans across multiple lines).
contracts/MintableTokenExt.sol:475:9: Warning: "throw" is deprecated in favour of "revert()", "require()" and "assert()".
        throw;
        ^---^
contracts/MintableTokenExt.sol:479:9: Warning: "throw" is deprecated in favour of "revert()", "require()" and "assert()".
        throw;
        ^---^
contracts/MintableTokenExt.sol:485:9: Warning: "throw" is deprecated in favour of "revert()", "require()" and "assert()".
        throw;
        ^---^
contracts/MintableTokenExt.sol:492:9: Warning: "throw" is deprecated in favour of "revert()", "require()" and "assert()".
        throw;
        ^---^
contracts/MintableTokenExt.sol:507:5: Warning: "throw" is deprecated in favour of "revert()", "require()" and "assert()".
    throw;
    ^---^
contracts/MintableTokenExt.sol:525:7: Warning: "throw" is deprecated in favour of "revert()", "require()" and "assert()".
      throw;
      ^---^
contracts/MintableTokenExt.sol:531:11: Warning: "throw" is deprecated in favour of "revert()", "require()" and "assert()".
          throw;
          ^---^
contracts/MintableTokenExt.sol:536:7: Warning: "throw" is deprecated in favour of "revert()", "require()" and "assert()".
      throw;
      ^---^
contracts/MintableTokenExt.sol:546:7: Warning: "throw" is deprecated in favour of "revert()", "require()" and "assert()".
      throw;
      ^---^
contracts/MintableTokenExt.sol:552:9: Warning: "throw" is deprecated in favour of "revert()", "require()" and "assert()".
        throw;
        ^---^
contracts/MintableTokenExt.sol:557:9: Warning: "throw" is deprecated in favour of "revert()", "require()" and "assert()".
        throw;
        ^---^
contracts/MintableTokenExt.sol:563:9: Warning: "throw" is deprecated in favour of "revert()", "require()" and "assert()".
        throw;
        ^---^
contracts/MintableTokenExt.sol:582:7: Warning: "throw" is deprecated in favour of "revert()", "require()" and "assert()".
      throw;
      ^---^
contracts/MintableTokenExt.sol:588:41: Warning: "throw" is deprecated in favour of "revert()", "require()" and "assert()".
    if(!multisigWallet.send(weiAmount)) throw;
                                        ^---^
contracts/MintableTokenExt.sol:613:7: Warning: "throw" is deprecated in favour of "revert()", "require()" and "assert()".
      throw;
      ^---^
contracts/MintableTokenExt.sol:641:7: Warning: "throw" is deprecated in favour of "revert()", "require()" and "assert()".
      throw;
      ^---^
contracts/MintableTokenExt.sol:664:7: Warning: "throw" is deprecated in favour of "revert()", "require()" and "assert()".
      throw;
      ^---^
contracts/MintableTokenExt.sol:672:25: Warning: "throw" is deprecated in favour of "revert()", "require()" and "assert()".
    if (!isWhiteListed) throw;
                        ^---^
contracts/MintableTokenExt.sol:689:25: Warning: "throw" is deprecated in favour of "revert()", "require()" and "assert()".
    if (!isWhiteListed) throw;
                        ^---^
contracts/MintableTokenExt.sol:700:25: Warning: "throw" is deprecated in favour of "revert()", "require()" and "assert()".
    if (!isWhiteListed) throw;
                        ^---^
contracts/MintableTokenExt.sol:701:100: Warning: "throw" is deprecated in favour of "revert()", "require()" and "assert()".
    if (tokensBought < earlyParticipantWhitelist[reciever].minCap && tokenAmountOf[reciever] == 0) throw;
                                                                                                   ^---^
contracts/MintableTokenExt.sol:712:25: Warning: "throw" is deprecated in favour of "revert()", "require()" and "assert()".
    if (!isWhiteListed) throw;
                        ^---^
contracts/MintableTokenExt.sol:716:92: Warning: "throw" is deprecated in favour of "revert()", "require()" and "assert()".
    if (tokensBought < earlyParticipantWhitelist[addr].minCap && tokenAmountOf[addr] == 0) throw;
                                                                                           ^---^
contracts/MintableTokenExt.sol:782:37: Warning: "throw" is deprecated in favour of "revert()", "require()" and "assert()".
    if (lastTierCntrct.finalized()) throw;
                                    ^---^
contracts/MintableTokenExt.sol:814:37: Warning: "throw" is deprecated in favour of "revert()", "require()" and "assert()".
    if (lastTierCntrct.finalized()) throw;
                                    ^---^
contracts/MintableTokenExt.sol:840:7: Warning: "throw" is deprecated in favour of "revert()", "require()" and "assert()".
      throw;
      ^---^
contracts/MintableTokenExt.sol:855:7: Warning: "throw" is deprecated in favour of "revert()", "require()" and "assert()".
      throw;
      ^---^
contracts/MintableTokenExt.sol:909:29: Warning: "throw" is deprecated in favour of "revert()", "require()" and "assert()".
    if(getState() != state) throw;
                            ^---^
contracts/MintableTokenExt.sol:1018:64: Warning: "throw" is deprecated in favour of "revert()", "require()" and "assert()".
    if ((_value != 0) && (allowed[msg.sender][_spender] != 0)) throw;
                                                               ^---^
contracts/MintableTokenExt.sol:1074:9: Warning: "throw" is deprecated in favour of "revert()", "require()" and "assert()".
        throw;
        ^---^
contracts/MintableTokenExt.sol:1081:25: Warning: "throw" is deprecated in favour of "revert()", "require()" and "assert()".
    if(mintingFinished) throw;
                        ^---^
contracts/MintableTokenExt.sol:1179:3: Warning: Defining constructors as functions with the same name as the contract is deprecated. Use "constructor(...) { ... }" instead.
  function MintedTokenCappedCrowdsaleExt(
  ^ (Relevant source part starts here and spans across multiple lines).
contracts/MintableTokenExt.sol:105:5: Warning: Invoking events without "emit" prefix is deprecated.
    OwnershipTransferred(owner, newOwner);
    ^-----------------------------------^
contracts/MintableTokenExt.sol:591:5: Warning: Invoking events without "emit" prefix is deprecated.
    Invested(receiver, weiAmount, tokenAmount, customerId);
    ^----------------------------------------------------^
contracts/MintableTokenExt.sol:680:7: Warning: Invoking events without "emit" prefix is deprecated.
      Whitelisted(addr, status, minCap, maxCap);
      ^---------------------------------------^
contracts/MintableTokenExt.sol:682:7: Warning: Invoking events without "emit" prefix is deprecated.
      WhitelistItemChanged(addr, status, minCap, maxCap);
      ^------------------------------------------------^
contracts/MintableTokenExt.sol:793:5: Warning: Invoking events without "emit" prefix is deprecated.
    StartsAtChanged(startsAt);
    ^-----------------------^
contracts/MintableTokenExt.sol:825:5: Warning: Invoking events without "emit" prefix is deprecated.
    EndsAtChanged(endsAt);
    ^-------------------^
contracts/MintableTokenExt.sol:994:5: Warning: Invoking events without "emit" prefix is deprecated.
    Transfer(msg.sender, _to, _value);
    ^-------------------------------^
contracts/MintableTokenExt.sol:1004:5: Warning: Invoking events without "emit" prefix is deprecated.
    Transfer(_from, _to, _value);
    ^--------------------------^
contracts/MintableTokenExt.sol:1021:5: Warning: Invoking events without "emit" prefix is deprecated.
    Approval(msg.sender, _spender, _value);
    ^------------------------------------^
contracts/MintableTokenExt.sol:1139:5: Warning: Invoking events without "emit" prefix is deprecated.
    Transfer(0, receiver, amount);
    ^---------------------------^
contracts/MintableTokenExt.sol:1147:5: Warning: Invoking events without "emit" prefix is deprecated.
    MintingAgentChanged(addr, state);
    ^------------------------------^
contracts/MintableTokenExt.sol:1222:5: Warning: Invoking events without "emit" prefix is deprecated.
    MaximumSellableTokensChanged(maximumSellableTokens);
    ^-------------------------------------------------^
contracts/MintableTokenExt.sol:85:3: Warning: No visibility specified. Defaulting to "public". 
  function Ownable() {
  ^ (Relevant source part starts here and spans across multiple lines).
contracts/MintableTokenExt.sol:146:3: Warning: No visibility specified. Defaulting to "public". 
  function times(uint a, uint b) returns (uint) {
  ^ (Relevant source part starts here and spans across multiple lines).
contracts/MintableTokenExt.sol:152:3: Warning: No visibility specified. Defaulting to "public". 
  function divides(uint a, uint b) returns (uint) {
  ^ (Relevant source part starts here and spans across multiple lines).
contracts/MintableTokenExt.sol:159:3: Warning: No visibility specified. Defaulting to "public". 
  function minus(uint a, uint b) returns (uint) {
  ^ (Relevant source part starts here and spans across multiple lines).
contracts/MintableTokenExt.sol:164:3: Warning: No visibility specified. Defaulting to "public". 
  function plus(uint a, uint b) returns (uint) {
  ^ (Relevant source part starts here and spans across multiple lines).
contracts/MintableTokenExt.sol:245:19: Warning: Unused function parameter. Remove or comment out the variable name to silence this warning.
  function isSane(address crowdsale) public constant returns (bool) {
                  ^---------------^
contracts/MintableTokenExt.sol:254:30: Warning: Unused function parameter. Remove or comment out the variable name to silence this warning.
  function isPresalePurchase(address purchaser) public constant returns (bool) {
                             ^---------------^
contracts/MintableTokenExt.sol:305:3: Warning: No visibility specified. Defaulting to "public". 
  function distributeReservedTokens(uint reservedTokensDistributionBatch);
  ^----------------------------------------------------------------------^
contracts/MintableTokenExt.sol:308:3: Warning: No visibility specified. Defaulting to "public". 
  function finalizeCrowdsale();
  ^---------------------------^
contracts/MintableTokenExt.sol:463:3: Warning: No visibility specified. Defaulting to "public". 
  function CrowdsaleExt(string _name, address _token, PricingStrategy _pricingStrategy, address _multisigWallet, uint _start, uint _end, uint _minimumFundingGoal, bool _isUpdatable, bool _isWhiteListed) {
  ^ (Relevant source part starts here and spans across multiple lines).
contracts/MintableTokenExt.sol:506:3: Warning: No visibility specified. Defaulting to "public". 
  function() payable {
  ^ (Relevant source part starts here and spans across multiple lines).
contracts/MintableTokenExt.sol:774:3: Warning: No visibility specified. Defaulting to "public". 
  function setStartsAt(uint time) onlyOwner {
  ^ (Relevant source part starts here and spans across multiple lines).
contracts/MintableTokenExt.sol:991:3: Warning: No visibility specified. Defaulting to "public". 
  function transfer(address _to, uint _value) returns (bool success) {
  ^ (Relevant source part starts here and spans across multiple lines).
contracts/MintableTokenExt.sol:998:3: Warning: No visibility specified. Defaulting to "public". 
  function transferFrom(address _from, address _to, uint _value) returns (bool success) {
  ^ (Relevant source part starts here and spans across multiple lines).
contracts/MintableTokenExt.sol:1008:3: Warning: No visibility specified. Defaulting to "public". 
  function balanceOf(address _owner) constant returns (uint balance) {
  ^ (Relevant source part starts here and spans across multiple lines).
contracts/MintableTokenExt.sol:1012:3: Warning: No visibility specified. Defaulting to "public". 
  function approve(address _spender, uint _value) returns (bool success) {
  ^ (Relevant source part starts here and spans across multiple lines).
contracts/MintableTokenExt.sol:1025:3: Warning: No visibility specified. Defaulting to "public". 
  function allowance(address _owner, address _spender) constant returns (uint remaining) {
  ^ (Relevant source part starts here and spans across multiple lines).
contracts/MintableTokenExt.sol:1179:3: Warning: No visibility specified. Defaulting to "public". 
  function MintedTokenCappedCrowdsaleExt(
  ^ (Relevant source part starts here and spans across multiple lines).
contracts/MintableTokenExt.sol:1199:26: Warning: Unused function parameter. Remove or comment out the variable name to silence this warning.
  function isBreakingCap(uint weiAmount, uint tokenAmount, uint weiRaisedTotal, uint tokensSoldTotal) public constant returns (bool limitBroken) {
                         ^------------^
contracts/MintableTokenExt.sol:1199:42: Warning: Unused function parameter. Remove or comment out the variable name to silence this warning.
  function isBreakingCap(uint weiAmount, uint tokenAmount, uint weiRaisedTotal, uint tokensSoldTotal) public constant returns (bool limitBroken) {
                                         ^--------------^
contracts/MintableTokenExt.sol:1199:60: Warning: Unused function parameter. Remove or comment out the variable name to silence this warning.
  function isBreakingCap(uint weiAmount, uint tokenAmount, uint weiRaisedTotal, uint tokensSoldTotal) public constant returns (bool limitBroken) {
                                                           ^-----------------^
contracts/MintableTokenExt.sol:11:3: Warning: Function state mutability can be restricted to pure
  function safeMul(uint a, uint b) internal returns (uint) {
  ^ (Relevant source part starts here and spans across multiple lines).
contracts/MintableTokenExt.sol:17:3: Warning: Function state mutability can be restricted to pure
  function safeDiv(uint a, uint b) internal returns (uint) {
  ^ (Relevant source part starts here and spans across multiple lines).
contracts/MintableTokenExt.sol:24:3: Warning: Function state mutability can be restricted to pure
  function safeSub(uint a, uint b) internal returns (uint) {
  ^ (Relevant source part starts here and spans across multiple lines).
contracts/MintableTokenExt.sol:29:3: Warning: Function state mutability can be restricted to pure
  function safeAdd(uint a, uint b) internal returns (uint) {
  ^ (Relevant source part starts here and spans across multiple lines).
contracts/MintableTokenExt.sol:35:3: Warning: Function state mutability can be restricted to pure
  function max64(uint64 a, uint64 b) internal constant returns (uint64) {
  ^ (Relevant source part starts here and spans across multiple lines).
contracts/MintableTokenExt.sol:39:3: Warning: Function state mutability can be restricted to pure
  function min64(uint64 a, uint64 b) internal constant returns (uint64) {
  ^ (Relevant source part starts here and spans across multiple lines).
contracts/MintableTokenExt.sol:43:3: Warning: Function state mutability can be restricted to pure
  function max256(uint256 a, uint256 b) internal constant returns (uint256) {
  ^ (Relevant source part starts here and spans across multiple lines).
contracts/MintableTokenExt.sol:47:3: Warning: Function state mutability can be restricted to pure
  function min256(uint256 a, uint256 b) internal constant returns (uint256) {
  ^ (Relevant source part starts here and spans across multiple lines).
contracts/MintableTokenExt.sol:146:3: Warning: Function state mutability can be restricted to pure
  function times(uint a, uint b) returns (uint) {
  ^ (Relevant source part starts here and spans across multiple lines).
contracts/MintableTokenExt.sol:152:3: Warning: Function state mutability can be restricted to pure
  function divides(uint a, uint b) returns (uint) {
  ^ (Relevant source part starts here and spans across multiple lines).
contracts/MintableTokenExt.sol:159:3: Warning: Function state mutability can be restricted to pure
  function minus(uint a, uint b) returns (uint) {
  ^ (Relevant source part starts here and spans across multiple lines).
contracts/MintableTokenExt.sol:164:3: Warning: Function state mutability can be restricted to pure
  function plus(uint a, uint b) returns (uint) {
  ^ (Relevant source part starts here and spans across multiple lines).
contracts/MintableTokenExt.sol:237:3: Warning: Function state mutability can be restricted to pure
  function isPricingStrategy() public constant returns (bool) {
  ^ (Relevant source part starts here and spans across multiple lines).
contracts/MintableTokenExt.sol:245:3: Warning: Function state mutability can be restricted to pure
  function isSane(address crowdsale) public constant returns (bool) {
  ^ (Relevant source part starts here and spans across multiple lines).
contracts/MintableTokenExt.sol:254:3: Warning: Function state mutability can be restricted to pure
  function isPresalePurchase(address purchaser) public constant returns (bool) {
  ^ (Relevant source part starts here and spans across multiple lines).
contracts/MintableTokenExt.sol:294:3: Warning: Function state mutability can be restricted to pure
  function isFinalizeAgent() public constant returns(bool) {
  ^ (Relevant source part starts here and spans across multiple lines).
contracts/MintableTokenExt.sol:899:3: Warning: Function state mutability can be restricted to pure
  function isCrowdsale() public constant returns (bool) {
  ^ (Relevant source part starts here and spans across multiple lines).
contracts/MintableTokenExt.sol:987:3: Warning: Function state mutability can be restricted to pure
  function isToken() public constant returns (bool weAre) {
  ^ (Relevant source part starts here and spans across multiple lines).
contracts/MintableTokenExt.sol:1206:13: Warning: Function declared as view, but this expression (potentially) modifies the state and thus requires non-payable (the default) or payable.
    return (tokenAmountOf[addr].plus(tokenAmount)) > maxCap;
            ^-----------------------------------^
contracts/SafeMathLibExt.sol:85:3: Warning: Defining constructors as functions with the same name as the contract is deprecated. Use "constructor(...) { ... }" instead.
  function Ownable() {
  ^ (Relevant source part starts here and spans across multiple lines).
contracts/SafeMathLibExt.sol:195:17: Warning: "throw" is deprecated in favour of "revert()", "require()" and "assert()".
    if (halted) throw;
                ^---^
contracts/SafeMathLibExt.sol:200:40: Warning: "throw" is deprecated in favour of "revert()", "require()" and "assert()".
    if (halted && msg.sender != owner) throw;
                                       ^---^
contracts/SafeMathLibExt.sol:205:18: Warning: "throw" is deprecated in favour of "revert()", "require()" and "assert()".
    if (!halted) throw;
                 ^---^
contracts/SafeMathLibExt.sol:463:3: Warning: Defining constructors as functions with the same name as the contract is deprecated. Use "constructor(...) { ... }" instead.
  function CrowdsaleExt(string _name, address _token, PricingStrategy _pricingStrategy, address _multisigWallet, uint _start, uint _end, uint _minimumFundingGoal, bool _isUpdatable, bool _isWhiteListed) {
  ^ (Relevant source part starts here and spans across multiple lines).
contracts/SafeMathLibExt.sol:475:9: Warning: "throw" is deprecated in favour of "revert()", "require()" and "assert()".
        throw;
        ^---^
contracts/SafeMathLibExt.sol:479:9: Warning: "throw" is deprecated in favour of "revert()", "require()" and "assert()".
        throw;
        ^---^
contracts/SafeMathLibExt.sol:485:9: Warning: "throw" is deprecated in favour of "revert()", "require()" and "assert()".
        throw;
        ^---^
contracts/SafeMathLibExt.sol:492:9: Warning: "throw" is deprecated in favour of "revert()", "require()" and "assert()".
        throw;
        ^---^
contracts/SafeMathLibExt.sol:507:5: Warning: "throw" is deprecated in favour of "revert()", "require()" and "assert()".
    throw;
    ^---^
contracts/SafeMathLibExt.sol:525:7: Warning: "throw" is deprecated in favour of "revert()", "require()" and "assert()".
      throw;
      ^---^
contracts/SafeMathLibExt.sol:531:11: Warning: "throw" is deprecated in favour of "revert()", "require()" and "assert()".
          throw;
          ^---^
contracts/SafeMathLibExt.sol:536:7: Warning: "throw" is deprecated in favour of "revert()", "require()" and "assert()".
      throw;
      ^---^
contracts/SafeMathLibExt.sol:546:7: Warning: "throw" is deprecated in favour of "revert()", "require()" and "assert()".
      throw;
      ^---^
contracts/SafeMathLibExt.sol:552:9: Warning: "throw" is deprecated in favour of "revert()", "require()" and "assert()".
        throw;
        ^---^
contracts/SafeMathLibExt.sol:557:9: Warning: "throw" is deprecated in favour of "revert()", "require()" and "assert()".
        throw;
        ^---^
contracts/SafeMathLibExt.sol:563:9: Warning: "throw" is deprecated in favour of "revert()", "require()" and "assert()".
        throw;
        ^---^
contracts/SafeMathLibExt.sol:582:7: Warning: "throw" is deprecated in favour of "revert()", "require()" and "assert()".
      throw;
      ^---^
contracts/SafeMathLibExt.sol:588:41: Warning: "throw" is deprecated in favour of "revert()", "require()" and "assert()".
    if(!multisigWallet.send(weiAmount)) throw;
                                        ^---^
contracts/SafeMathLibExt.sol:613:7: Warning: "throw" is deprecated in favour of "revert()", "require()" and "assert()".
      throw;
      ^---^
contracts/SafeMathLibExt.sol:641:7: Warning: "throw" is deprecated in favour of "revert()", "require()" and "assert()".
      throw;
      ^---^
contracts/SafeMathLibExt.sol:664:7: Warning: "throw" is deprecated in favour of "revert()", "require()" and "assert()".
      throw;
      ^---^
contracts/SafeMathLibExt.sol:672:25: Warning: "throw" is deprecated in favour of "revert()", "require()" and "assert()".
    if (!isWhiteListed) throw;
                        ^---^
contracts/SafeMathLibExt.sol:689:25: Warning: "throw" is deprecated in favour of "revert()", "require()" and "assert()".
    if (!isWhiteListed) throw;
                        ^---^
contracts/SafeMathLibExt.sol:700:25: Warning: "throw" is deprecated in favour of "revert()", "require()" and "assert()".
    if (!isWhiteListed) throw;
                        ^---^
contracts/SafeMathLibExt.sol:701:100: Warning: "throw" is deprecated in favour of "revert()", "require()" and "assert()".
    if (tokensBought < earlyParticipantWhitelist[reciever].minCap && tokenAmountOf[reciever] == 0) throw;
                                                                                                   ^---^
contracts/SafeMathLibExt.sol:712:25: Warning: "throw" is deprecated in favour of "revert()", "require()" and "assert()".
    if (!isWhiteListed) throw;
                        ^---^
contracts/SafeMathLibExt.sol:716:92: Warning: "throw" is deprecated in favour of "revert()", "require()" and "assert()".
    if (tokensBought < earlyParticipantWhitelist[addr].minCap && tokenAmountOf[addr] == 0) throw;
                                                                                           ^---^
contracts/SafeMathLibExt.sol:782:37: Warning: "throw" is deprecated in favour of "revert()", "require()" and "assert()".
    if (lastTierCntrct.finalized()) throw;
                                    ^---^
contracts/SafeMathLibExt.sol:814:37: Warning: "throw" is deprecated in favour of "revert()", "require()" and "assert()".
    if (lastTierCntrct.finalized()) throw;
                                    ^---^
contracts/SafeMathLibExt.sol:840:7: Warning: "throw" is deprecated in favour of "revert()", "require()" and "assert()".
      throw;
      ^---^
contracts/SafeMathLibExt.sol:855:7: Warning: "throw" is deprecated in favour of "revert()", "require()" and "assert()".
      throw;
      ^---^
contracts/SafeMathLibExt.sol:909:29: Warning: "throw" is deprecated in favour of "revert()", "require()" and "assert()".
    if(getState() != state) throw;
                            ^---^
contracts/SafeMathLibExt.sol:1018:64: Warning: "throw" is deprecated in favour of "revert()", "require()" and "assert()".
    if ((_value != 0) && (allowed[msg.sender][_spender] != 0)) throw;
                                                               ^---^
contracts/SafeMathLibExt.sol:1074:9: Warning: "throw" is deprecated in favour of "revert()", "require()" and "assert()".
        throw;
        ^---^
contracts/SafeMathLibExt.sol:1081:25: Warning: "throw" is deprecated in favour of "revert()", "require()" and "assert()".
    if(mintingFinished) throw;
                        ^---^
contracts/SafeMathLibExt.sol:1179:3: Warning: Defining constructors as functions with the same name as the contract is deprecated. Use "constructor(...) { ... }" instead.
  function MintedTokenCappedCrowdsaleExt(
  ^ (Relevant source part starts here and spans across multiple lines).
contracts/SafeMathLibExt.sol:105:5: Warning: Invoking events without "emit" prefix is deprecated.
    OwnershipTransferred(owner, newOwner);
    ^-----------------------------------^
contracts/SafeMathLibExt.sol:591:5: Warning: Invoking events without "emit" prefix is deprecated.
    Invested(receiver, weiAmount, tokenAmount, customerId);
    ^----------------------------------------------------^
contracts/SafeMathLibExt.sol:680:7: Warning: Invoking events without "emit" prefix is deprecated.
      Whitelisted(addr, status, minCap, maxCap);
      ^---------------------------------------^
contracts/SafeMathLibExt.sol:682:7: Warning: Invoking events without "emit" prefix is deprecated.
      WhitelistItemChanged(addr, status, minCap, maxCap);
      ^------------------------------------------------^
contracts/SafeMathLibExt.sol:793:5: Warning: Invoking events without "emit" prefix is deprecated.
    StartsAtChanged(startsAt);
    ^-----------------------^
contracts/SafeMathLibExt.sol:825:5: Warning: Invoking events without "emit" prefix is deprecated.
    EndsAtChanged(endsAt);
    ^-------------------^
contracts/SafeMathLibExt.sol:994:5: Warning: Invoking events without "emit" prefix is deprecated.
    Transfer(msg.sender, _to, _value);
    ^-------------------------------^
contracts/SafeMathLibExt.sol:1004:5: Warning: Invoking events without "emit" prefix is deprecated.
    Transfer(_from, _to, _value);
    ^--------------------------^
contracts/SafeMathLibExt.sol:1021:5: Warning: Invoking events without "emit" prefix is deprecated.
    Approval(msg.sender, _spender, _value);
    ^------------------------------------^
contracts/SafeMathLibExt.sol:1139:5: Warning: Invoking events without "emit" prefix is deprecated.
    Transfer(0, receiver, amount);
    ^---------------------------^
contracts/SafeMathLibExt.sol:1147:5: Warning: Invoking events without "emit" prefix is deprecated.
    MintingAgentChanged(addr, state);
    ^------------------------------^
contracts/SafeMathLibExt.sol:1222:5: Warning: Invoking events without "emit" prefix is deprecated.
    MaximumSellableTokensChanged(maximumSellableTokens);
    ^-------------------------------------------------^
contracts/SafeMathLibExt.sol:85:3: Warning: No visibility specified. Defaulting to "public". 
  function Ownable() {
  ^ (Relevant source part starts here and spans across multiple lines).
contracts/SafeMathLibExt.sol:146:3: Warning: No visibility specified. Defaulting to "public". 
  function times(uint a, uint b) returns (uint) {
  ^ (Relevant source part starts here and spans across multiple lines).
contracts/SafeMathLibExt.sol:152:3: Warning: No visibility specified. Defaulting to "public". 
  function divides(uint a, uint b) returns (uint) {
  ^ (Relevant source part starts here and spans across multiple lines).
contracts/SafeMathLibExt.sol:159:3: Warning: No visibility specified. Defaulting to "public". 
  function minus(uint a, uint b) returns (uint) {
  ^ (Relevant source part starts here and spans across multiple lines).
contracts/SafeMathLibExt.sol:164:3: Warning: No visibility specified. Defaulting to "public". 
  function plus(uint a, uint b) returns (uint) {
  ^ (Relevant source part starts here and spans across multiple lines).
contracts/SafeMathLibExt.sol:245:19: Warning: Unused function parameter. Remove or comment out the variable name to silence this warning.
  function isSane(address crowdsale) public constant returns (bool) {
                  ^---------------^
contracts/SafeMathLibExt.sol:254:30: Warning: Unused function parameter. Remove or comment out the variable name to silence this warning.
  function isPresalePurchase(address purchaser) public constant returns (bool) {
                             ^---------------^
contracts/SafeMathLibExt.sol:305:3: Warning: No visibility specified. Defaulting to "public". 
  function distributeReservedTokens(uint reservedTokensDistributionBatch);
  ^----------------------------------------------------------------------^
contracts/SafeMathLibExt.sol:308:3: Warning: No visibility specified. Defaulting to "public". 
  function finalizeCrowdsale();
  ^---------------------------^
contracts/SafeMathLibExt.sol:463:3: Warning: No visibility specified. Defaulting to "public". 
  function CrowdsaleExt(string _name, address _token, PricingStrategy _pricingStrategy, address _multisigWallet, uint _start, uint _end, uint _minimumFundingGoal, bool _isUpdatable, bool _isWhiteListed) {
  ^ (Relevant source part starts here and spans across multiple lines).
contracts/SafeMathLibExt.sol:506:3: Warning: No visibility specified. Defaulting to "public". 
  function() payable {
  ^ (Relevant source part starts here and spans across multiple lines).
contracts/SafeMathLibExt.sol:774:3: Warning: No visibility specified. Defaulting to "public". 
  function setStartsAt(uint time) onlyOwner {
  ^ (Relevant source part starts here and spans across multiple lines).
contracts/SafeMathLibExt.sol:991:3: Warning: No visibility specified. Defaulting to "public". 
  function transfer(address _to, uint _value) returns (bool success) {
  ^ (Relevant source part starts here and spans across multiple lines).
contracts/SafeMathLibExt.sol:998:3: Warning: No visibility specified. Defaulting to "public". 
  function transferFrom(address _from, address _to, uint _value) returns (bool success) {
  ^ (Relevant source part starts here and spans across multiple lines).
contracts/SafeMathLibExt.sol:1008:3: Warning: No visibility specified. Defaulting to "public". 
  function balanceOf(address _owner) constant returns (uint balance) {
  ^ (Relevant source part starts here and spans across multiple lines).
contracts/SafeMathLibExt.sol:1012:3: Warning: No visibility specified. Defaulting to "public". 
  function approve(address _spender, uint _value) returns (bool success) {
  ^ (Relevant source part starts here and spans across multiple lines).
contracts/SafeMathLibExt.sol:1025:3: Warning: No visibility specified. Defaulting to "public". 
  function allowance(address _owner, address _spender) constant returns (uint remaining) {
  ^ (Relevant source part starts here and spans across multiple lines).
contracts/SafeMathLibExt.sol:1179:3: Warning: No visibility specified. Defaulting to "public". 
  function MintedTokenCappedCrowdsaleExt(
  ^ (Relevant source part starts here and spans across multiple lines).
contracts/SafeMathLibExt.sol:1199:26: Warning: Unused function parameter. Remove or comment out the variable name to silence this warning.
  function isBreakingCap(uint weiAmount, uint tokenAmount, uint weiRaisedTotal, uint tokensSoldTotal) public constant returns (bool limitBroken) {
                         ^------------^
contracts/SafeMathLibExt.sol:1199:42: Warning: Unused function parameter. Remove or comment out the variable name to silence this warning.
  function isBreakingCap(uint weiAmount, uint tokenAmount, uint weiRaisedTotal, uint tokensSoldTotal) public constant returns (bool limitBroken) {
                                         ^--------------^
contracts/SafeMathLibExt.sol:1199:60: Warning: Unused function parameter. Remove or comment out the variable name to silence this warning.
  function isBreakingCap(uint weiAmount, uint tokenAmount, uint weiRaisedTotal, uint tokensSoldTotal) public constant returns (bool limitBroken) {
                                                           ^-----------------^
contracts/SafeMathLibExt.sol:11:3: Warning: Function state mutability can be restricted to pure
  function safeMul(uint a, uint b) internal returns (uint) {
  ^ (Relevant source part starts here and spans across multiple lines).
contracts/SafeMathLibExt.sol:17:3: Warning: Function state mutability can be restricted to pure
  function safeDiv(uint a, uint b) internal returns (uint) {
  ^ (Relevant source part starts here and spans across multiple lines).
contracts/SafeMathLibExt.sol:24:3: Warning: Function state mutability can be restricted to pure
  function safeSub(uint a, uint b) internal returns (uint) {
  ^ (Relevant source part starts here and spans across multiple lines).
contracts/SafeMathLibExt.sol:29:3: Warning: Function state mutability can be restricted to pure
  function safeAdd(uint a, uint b) internal returns (uint) {
  ^ (Relevant source part starts here and spans across multiple lines).
contracts/SafeMathLibExt.sol:35:3: Warning: Function state mutability can be restricted to pure
  function max64(uint64 a, uint64 b) internal constant returns (uint64) {
  ^ (Relevant source part starts here and spans across multiple lines).
contracts/SafeMathLibExt.sol:39:3: Warning: Function state mutability can be restricted to pure
  function min64(uint64 a, uint64 b) internal constant returns (uint64) {
  ^ (Relevant source part starts here and spans across multiple lines).
contracts/SafeMathLibExt.sol:43:3: Warning: Function state mutability can be restricted to pure
  function max256(uint256 a, uint256 b) internal constant returns (uint256) {
  ^ (Relevant source part starts here and spans across multiple lines).
contracts/SafeMathLibExt.sol:47:3: Warning: Function state mutability can be restricted to pure
  function min256(uint256 a, uint256 b) internal constant returns (uint256) {
  ^ (Relevant source part starts here and spans across multiple lines).
contracts/SafeMathLibExt.sol:146:3: Warning: Function state mutability can be restricted to pure
  function times(uint a, uint b) returns (uint) {
  ^ (Relevant source part starts here and spans across multiple lines).
contracts/SafeMathLibExt.sol:152:3: Warning: Function state mutability can be restricted to pure
  function divides(uint a, uint b) returns (uint) {
  ^ (Relevant source part starts here and spans across multiple lines).
contracts/SafeMathLibExt.sol:159:3: Warning: Function state mutability can be restricted to pure
  function minus(uint a, uint b) returns (uint) {
  ^ (Relevant source part starts here and spans across multiple lines).
contracts/SafeMathLibExt.sol:164:3: Warning: Function state mutability can be restricted to pure
  function plus(uint a, uint b) returns (uint) {
  ^ (Relevant source part starts here and spans across multiple lines).
contracts/SafeMathLibExt.sol:237:3: Warning: Function state mutability can be restricted to pure
  function isPricingStrategy() public constant returns (bool) {
  ^ (Relevant source part starts here and spans across multiple lines).
contracts/SafeMathLibExt.sol:245:3: Warning: Function state mutability can be restricted to pure
  function isSane(address crowdsale) public constant returns (bool) {
  ^ (Relevant source part starts here and spans across multiple lines).
contracts/SafeMathLibExt.sol:254:3: Warning: Function state mutability can be restricted to pure
  function isPresalePurchase(address purchaser) public constant returns (bool) {
  ^ (Relevant source part starts here and spans across multiple lines).
contracts/SafeMathLibExt.sol:294:3: Warning: Function state mutability can be restricted to pure
  function isFinalizeAgent() public constant returns(bool) {
  ^ (Relevant source part starts here and spans across multiple lines).
contracts/SafeMathLibExt.sol:899:3: Warning: Function state mutability can be restricted to pure
  function isCrowdsale() public constant returns (bool) {
  ^ (Relevant source part starts here and spans across multiple lines).
contracts/SafeMathLibExt.sol:987:3: Warning: Function state mutability can be restricted to pure
  function isToken() public constant returns (bool weAre) {
  ^ (Relevant source part starts here and spans across multiple lines).
contracts/SafeMathLibExt.sol:1206:13: Warning: Function declared as view, but this expression (potentially) modifies the state and thus requires non-payable (the default) or payable.
    return (tokenAmountOf[addr].plus(tokenAmount)) > maxCap;
            ^-----------------------------------^
assets/NormalAttacker.sol:5:3: Warning: No visibility specified. Defaulting to "public". 
  function() payable {
  ^ (Relevant source part starts here and spans across multiple lines).
assets/ReentrancyAttacker.sol:8:7: Warning: Return value of low-level calls not used.
      msg.sender.call(bytes4(255));
      ^--------------------------^
assets/ReentrancyAttacker.sol:5:3: Warning: No visibility specified. Defaulting to "public". 
  function() payable {
  ^ (Relevant source part starts here and spans across multiple lines).
>> Fuzz Ownable
** Write stats: 0.003154
** Write stats: 5.00014
** Write stats: 10.0002
** Write stats: 15.0002
** Write stats: 20.0006
** Write stats: 25.0003
** Write stats: 30.0002
** Write stats: 35.0002
** Write stats: 40.0001
** Write stats: 45.0001
** Write stats: 50.0002
** Write stats: 55.0079
** Write stats: 60.0069
** Write stats: 65.0016
** Write stats: 70.0001
** Write stats: 75.0002
** Write stats: 80.0002
** Write stats: 85.0005
** Write stats: 90.0003
** Write stats: 100
** Write stats: 105
** Write stats: 110
** Write stats: 115
** Write stats: 120.006
** Write stats: 125
** Write stats: 126.006
>> Fuzz SafeMath
** Write stats: 0.001957
** Write stats: 5.00007
** Write stats: 10.0001
** Write stats: 15.0001
** Write stats: 20.0001
** Write stats: 25.0001
** Write stats: 30.0001
** Write stats: 35.0001
** Write stats: 40.1012
** Write stats: 45.0001
** Write stats: 50.0002
** Write stats: 55.0001
** Write stats: 60.0001
** Write stats: 65.0001
** Write stats: 70.0001
** Write stats: 75.0001
** Write stats: 80.0001
** Write stats: 95.0001
** Write stats: 100
** Write stats: 105
** Write stats: 110
** Write stats: 115
** Write stats: 120
** Write stats: 125
** Write stats: 126
>> Fuzz Haltable
** Write stats: 0.003342
** Write stats: 5.00023
** Write stats: 10.0002
** Write stats: 15.0002
** Write stats: 20.0001
** Write stats: 25.0002
** Write stats: 30.0002
** Write stats: 35.0002
** Write stats: 40.0067
** Write stats: 45.0001
** Write stats: 50.0004
** Write stats: 55.0004
** Write stats: 60.0004
** Write stats: 65.0002
** Write stats: 70.0002
** Write stats: 75.0003
** Write stats: 80.0003
** Write stats: 85.0001
** Write stats: 90.0002
** Write stats: 95.0157
** Write stats: 100
** Write stats: 105.001
** Write stats: 110
** Write stats: 115
** Write stats: 120
** Write stats: 125
** Write stats: 126.02
>> Fuzz MintedTokenCappedCrowdsaleExt
./fuzzMe: line 14:    35 Segmentation fault      (core dumped) ./fuzzer --file contracts/MintedTokenCappedCrowdsaleExt.sol.json --name MintedTokenCappedCrowdsaleExt --assets assets/ --duration 126 --mode 1 --reporter 1 --log 0 --attacker ReentrancyAttacker
>> Fuzz StandardToken
** Write stats: 0.005926
** Write stats: 5.00021
** Write stats: 10.0033
** Write stats: 15.0009
** Write stats: 20.0018
** Write stats: 25.0055
** Write stats: 30.0058
** Write stats: 35.0048
** Write stats: 40.0033
** Write stats: 45.0062
** Write stats: 50.0021
** Write stats: 55.0061
** Write stats: 60.0026
** Write stats: 65.0036
** Write stats: 70.0356
** Write stats: 75.0069
** Write stats: 80.0065
** Write stats: 85.0116
** Write stats: 90.0044
** Write stats: 95.0105
** Write stats: 100.015
** Write stats: 105.012
** Write stats: 110.008
** Write stats: 115.003
** Write stats: 120.018
** Write stats: 125.018
** Write stats: 126.053
>> Fuzz MintableTokenExt
./fuzzMe: line 16:    37 Segmentation fault      (core dumped) ./fuzzer --file contracts/MintableTokenExt.sol.json --name MintableTokenExt --assets assets/ --duration 126 --mode 1 --reporter 1 --log 0 --attacker ReentrancyAttacker
>> Fuzz SafeMathLibExt
** Write stats: 0.007965
** Write stats: 5.00022
** Write stats: 10.0001
** Write stats: 15.0002
** Write stats: 20.0002
** Write stats: 25.0001
** Write stats: 30.0002
** Write stats: 35.0002
** Write stats: 40.0001
** Write stats: 45.0007
** Write stats: 50.0001
** Write stats: 55.0076
** Write stats: 60.0002
** Write stats: 65.0001
** Write stats: 70.0002
** Write stats: 75.0003
** Write stats: 80.0007
** Write stats: 85.0133
** Write stats: 90.0002
** Write stats: 95.0003
** Write stats: 100
** Write stats: 105
** Write stats: 110
** Write stats: 115
** Write stats: 120.014
** Write stats: 125.028
** Write stats: 126.022
